code,open,high,low,close,volume,거래대금,등락률,시가총액,foreign_net,inst_net,date
060310,2700,2795,2700,2745,270654,745119585,-0.36,133233082290,86421590.0,,20230707
054620,9000,9160,8700,8800,57155,507257600,-2.65,179469144800,-9915620.0,,20230707
265520,20000,20300,19790,19900,60881,1212224460,-2.21,304100277900,-88642390.0,33950310.0,20230707
211270,12450,12860,12370,12500,84191,1057772620,-0.79,188528800000,101083410.0,-362370.0,20230707
126600,5680,5770,5660,5700,76632,435946130,-0.87,232953379800,53131880.0,8515710.0,20230707
013720,2515,2580,2435,2510,298159,743134475,0.0,75311648910,-208391265.0,-249530.0,20230707
035760,62100,63700,61800,62900,84690,5322012400,0.8,1379343786600,-130702100.0,353299300.0,20230707
311690,21000,22850,20350,20350,41584,882287850,-1.45,119630975200,-72954250.0,649800.0,20230707
051500,28750,28950,28050,28200,13491,382856250,-1.91,334778725200,-69284950.0,273600.0,20230707
058820,2005,2035,2005,2005,299170,602049390,-0.5,278478949220,-108757130.0,13239485.0,20230707
023460,2080,2105,2075,2100,5217,10896365,0.0,78120000000,-315430.0,,20230707
056730,1396,1439,1389,1434,114810,162490678,1.56,60972899904,6736501.0,846461.0,20230707
065770,1562,1562,1523,1542,28230,43537825,-1.28,29931962460,-3809830.0,0.0,20230707
083660,1587,1729,1562,1711,453329,737614221,7.81,67500991223,201567214.0,87695.0,20230707
404950,0,0,0,2120,0,0,0.0,12380800000,,,20230707
367340,2050,2055,2050,2050,160863,329797185,0.0,12402500000,-237800.0,,20230707
367360,0,0,0,2125,0,0,0.0,10285000000,,,20230707
060900,7160,7160,6550,6850,872387,5922688210,-4.86,155711788800,-555913280.0,-3778310.0,20230707
025440,2855,2950,2710,2835,40452,115552945,-0.87,80797500000,-3043565.0,,20230707
068790,6050,6080,5900,5950,85685,509527680,-2.3,146209712950,-136293240.0,54800.0,20230707
241520,3525,3570,3485,3500,42125,147932140,-0.99,97339910500,-1880095.0,,20230707
065150,332,348,331,337,417801,141811148,0.0,42220170485,-14752704.0,-4082310.0,20230707
180400,7410,7590,7280,7460,182868,1360258400,0.81,225436962720,-63757190.0,-686320.0,20230707
245620,1675,1699,1645,1667,502532,837453624,-0.71,140503905162,148732889.0,-191707.0,20230707
037370,17000,17450,16450,16590,146231,2446280280,-3.27,143088285480,187886000.0,-1689260.0,20230707
050120,4060,4145,4050,4130,15067,61745095,0.73,56019675180,20112690.0,,20230707
214270,3200,3725,3130,3585,11826354,41463984795,18.91,119202909855,214100365.0,,20230707
130500,3240,3325,3240,3250,48259,156920830,-2.26,47271419000,-24545330.0,10.0,20230707
900290,4745,4995,4600,4970,101438,490798630,4.74,334853750000,248016515.0,7587500.0,20230707
083450,28500,28800,27700,28200,124345,3494981800,-2.25,262760409000,22810500.0,647471400.0,20230707
297890,19090,19710,18620,19200,499353,9599093320,1.0,321025785600,517862990.0,-916301840.0,20230707
078150,2550,2575,2510,2530,779856,1977636420,-1.17,217208522630,290346375.0,-5060.0,20230707
195940,29550,29550,27900,28250,412355,11744100200,-5.04,800319420750,-2925734350.0,-1722573450.0,20230707
028300,30850,31400,30200,30750,717152,22115482250,-0.32,3776097601500,1443515800.0,-1001506700.0,20230707
278650,3685,3750,3610,3630,657872,2405668885,-2.81,278065049460,111374170.0,-5454780.0,20230707
067630,9650,9760,9400,9560,525810,5043041480,-0.93,973174836360,-73223760.0,-142623890.0,20230707
024850,4055,4130,3885,3905,1069126,4218353805,-5.68,259710737055,37344040.0,181210.0,20230707
047920,12140,12360,11910,12130,166052,2015811810,-0.57,359097757260,153674820.0,-25535420.0,20230707
115450,4985,4985,4540,4605,1480448,6927048110,-9.17,336452117145,-1119463230.0,-472822360.0,20230707
403870,27250,27500,26600,27350,990045,26762228250,0.37,2219698650000,-353885550.0,-748452950.0,20230707
036640,5510,5510,5370,5390,72845,393783100,-1.64,88152372000,-55272400.0,5440.0,20230707
405350,0,0,0,2420,0,0,0.0,6582400000,,,20230707
426550,0,0,0,2325,0,0,0.0,11811000000,,,20230707
439730,2380,2400,2380,2400,1057,2524495,0.84,10344000000,-81190.0,0.0,20230707
442770,2290,2290,2260,2285,3467,7845895,0.22,9619850000,0.0,-4127305.0,20230707
448760,2290,2290,2275,2285,29245,66781385,0.0,10122550000,-141910.0,-38978805.0,20230707
095340,58600,59200,56500,57300,415866,23891503300,-2.55,996989688300,2833114100.0,-5318869600.0,20230707
099520,0,0,0,1284,0,0,0.0,49626429228,,,20230707
950170,3925,3955,3795,3925,60678,233126850,-0.76,197382845275,18332025.0,-114362350.0,20230707
067290,2680,2720,2635,2660,154103,410417125,-0.75,128816290820,-92974965.0,0.0,20230707
035900,132000,133300,129100,130800,306242,40019030100,-1.28,4643071953600,-1886975400.0,-764264100.0,20230707
318000,11180,11430,11110,11390,140220,1575308790,0.98,99551139970,77660270.0,67181460.0,20230707
024840,1801,1833,1648,1738,551189,970861974,-4.14,59009502354,113287057.0,,20230707
024120,5920,5930,5730,5780,278686,1613331860,-3.34,66470000000,166842210.0,-5062010.0,20230707
455250,2135,2145,2100,2100,119643,252982735,-1.64,9040500000,3559950.0,8649420.0,20230707
021320,5560,5580,5500,5510,19094,105703070,-1.43,117914000000,-22789430.0,-2056970.0,20230707
036670,8220,8260,8120,8260,9745,79742350,0.49,93090200000,-11796360.0,13645300.0,20230707
044180,768,776,758,772,226953,174236390,0.0,20626140828,-9880608.0,835614.0,20230707
151860,13050,13050,12850,12900,251245,3245857180,-1.53,464400000000,-384800880.0,39100.0,20230707
046440,6800,6900,6680,6730,838145,5667172830,-3.03,261296072640,429114170.0,-6580.0,20230707
035600,11800,11820,11500,11510,198124,2295452080,-2.37,321180035340,-576342920.0,-14656590.0,20230707
226360,0,0,0,319,0,0,0.0,39434949389,,,20230707
111870,0,0,0,198,0,0,0.0,31672044756,,,20230707
060720,20750,21150,20250,21100,342141,7093785950,0.96,499594026200,824736950.0,51582300.0,20230707
058400,952,966,946,946,269436,256912520,-1.66,125278515120,,,20230707
060370,8010,8080,7870,7920,210964,1673428800,-2.22,205430797440,-55035160.0,43683690.0,20230707
122450,4620,4760,4555,4700,37613,174914415,1.73,213079030800,-8649900.0,855400.0,20230707
052900,1393,1393,1370,1372,114367,157254501,-1.51,75607513324,-74452151.0,,20230707
376190,8200,8280,7920,8100,80839,654119320,-2.64,199260000000,18121770.0,5663000.0,20230707
061970,8050,8150,7790,7880,405686,3216426350,-3.31,345022584960,-186199800.0,-359012270.0,20230707
309960,4355,5500,4300,4715,1936935,9661685635,8.27,109469281885,192640915.0,-779746805.0,20230707
086960,2230,2285,2200,2230,1120236,2501977780,-1.55,185602821950,76114810.0,-11125.0,20230707
038340,0,0,0,1362,0,0,0.0,30964113876,,,20230707
160550,7020,7060,6660,6850,148538,1019622150,-2.42,191156826100,16085360.0,-129805520.0,20230707
053290,5800,5950,5750,5780,484473,2834698340,-2.36,95522054460,-201239560.0,9889650.0,20230707
060250,9610,9640,9500,9590,192291,1840080090,-0.21,385140259490,317375740.0,-34951390.0,20230707
104200,5020,5080,4980,5030,39708,198962080,-0.98,74582576500,1360315.0,30.0,20230707
030190,10050,10050,9650,9750,97345,950967260,-1.42,591969495000,-288613880.0,39944930.0,20230707
024940,5670,5750,5640,5700,25665,145499310,-1.21,57000000000,15614750.0,,20230707
218410,20350,20650,20100,20300,201407,4088347900,-1.22,543764610200,483451000.0,-365725100.0,20230707
327260,14390,15210,13590,13640,2389908,34326009460,-5.21,114347270840,21052470.0,-793153650.0,20230707
091340,3650,3695,3610,3610,34625,125841050,-1.23,42250432810,-12692955.0,-399810.0,20230707
419530,23500,23950,22600,23000,111447,2566845650,-2.95,197591390000,20564950.0,-747245450.0,20230707
019550,997,1034,985,1004,518343,520417983,-0.5,162714841300,-57970588.0,,20230707
950110,4955,4995,4950,4995,1775,8831840,-0.1,120142437300,-24950.0,0.0,20230707
046140,6400,6530,6290,6380,88000,560651880,-1.69,136937480900,-9551200.0,701990.0,20230707
151910,582,600,570,572,432684,250773056,-2.89,101320715496,-23078852.0,1151.0,20230707
036120,4110,4130,3800,3845,1154071,4568285930,-3.75,136497500000,-483211990.0,-1259680.0,20230707
099220,1790,1821,1750,1763,284199,505028250,-3.13,99030902793,58420800.0,,20230707
036540,5090,5150,4950,5000,1538440,7710826305,-2.53,822301515000,-110444535.0,-1178718260.0,20230707
255220,1630,1655,1552,1615,598380,964225336,-1.22,73229597460,213407464.0,-140006425.0,20230707
040610,1855,1855,1815,1832,91436,167091060,-1.24,62447743072,34573452.0,,20230707
049470,714,722,710,716,191160,136402247,-1.1,42145370284,7613046.0,-33565.0,20230707
184230,886,886,867,875,192716,168163318,-1.24,47413821000,-7351013.0,-544.0,20230707
016250,23050,23050,22400,22800,5206,117728400,-1.3,76302776400,-30903500.0,1081800.0,20230707
048550,2320,2375,2315,2350,352480,825789315,-0.63,227164207000,261547255.0,-1313650.0,20230707
063440,1819,1905,1819,1902,304435,564052191,4.11,87547450908,8582449.0,,20230707
289080,2015,2045,2000,2015,166956,334799770,-1.47,107266510000,-36121350.0,-86645.0,20230707
089230,271,279,271,274,543141,148310786,0.37,50870874524,10183311.0,3375838.0,20230707
161570,2455,2640,2455,2595,256109,656699410,3.39,40437443850,116842315.0,-7565.0,20230707
032540,6630,6710,6590,6700,15891,105433820,0.45,93341780300,-22339710.0,100.0,20230707
022220,1401,1407,1381,1394,89826,124749853,-0.85,72201643126,-4943281.0,,20230707
048770,3360,3375,3305,3305,44412,147427120,-1.64,51881860255,1709935.0,,20230707
246690,1518,1524,1484,1499,95463,142947964,-1.32,62175315138,-27965758.0,796657.0,20230707
317240,1655,1774,1653,1720,2140785,3700419080,3.93,162449915000,711622531.0,1513453.0,20230707
057030,3885,3970,3865,3935,54528,212848400,-0.38,64190462695,22127205.0,,20230707
040300,6880,7180,6880,7150,212788,1502133870,3.62,300300000000,-12314180.0,,20230707
051390,3980,4005,3880,4005,38046,149304185,0.0,45478248840,-5117990.0,-426660.0,20230707
052220,3250,3390,3200,3275,128394,419679405,0.31,75325000000,-59003935.0,0.0,20230707
079940,12280,12280,11980,12090,28320,341792460,-1.55,163646419560,1846360.0,-3593150.0,20230707
078890,6100,6100,5930,5940,52525,313679540,-1.33,100811595060,-80182790.0,1980180.0,20230707
399720,37700,38050,36300,37500,714830,26521216550,-0.27,430812000000,-900366650.0,542751500.0,20230707
036620,4265,4690,4130,4620,8104123,36500437510,13.24,417618321120,628970945.0,1639911825.0,20230707
217730,3200,3220,3145,3170,81147,256694105,-0.94,120263222250,-69457580.0,-575.0,20230707
114190,25350,27850,25350,27550,1972922,53520155050,8.68,719689696900,2262271550.0,158423500.0,20230707
094480,5500,5810,5400,5520,469652,2614900770,0.18,216548705760,-8400740.0,77280.0,20230707
039240,3240,3260,3200,3220,130445,419710965,-0.62,86874324880,34920530.0,,20230707
053950,1554,1566,1515,1525,145210,222863200,-2.31,54042028900,5600064.0,,20230707
011040,6870,6950,6780,6780,38218,260584100,-1.88,208612233480,-44599540.0,-6820.0,20230707
024910,3770,3830,3510,3560,860232,3115365465,-7.89,127515657800,-554091090.0,-1683710.0,20230707
198440,2320,2345,2295,2340,142075,328171870,0.43,74833106400,-41452490.0,,20230707
049720,11500,11820,10880,10980,1022419,11609242810,-2.83,157014000000,-848650950.0,48034050.0,20230707
014570,6450,6460,6360,6400,10393,66601350,-1.39,70400000000,-12141110.0,-1931880.0,20230707
348150,10580,10730,10370,10410,73736,774149410,-2.71,196459685280,-56318510.0,78505270.0,20230707
098460,14900,14920,14300,14320,1042033,15159943820,-4.66,983136091600,-1034545800.0,-1093182130.0,20230707
035290,1304,1555,1304,1455,7468909,10891201613,11.49,67585570620,781511213.0,1392176.0,20230707
900280,201,212,200,205,4003616,819435683,1.99,42107879040,17240761.0,-2808391.0,20230707
215000,110500,110500,107700,108000,36429,3938035100,-1.28,677744820000,548714100.0,-1446091100.0,20230707
121440,4710,4800,4665,4730,69993,330007105,-0.63,202618149140,-60303025.0,-27532960.0,20230707
366030,8020,8180,8000,8030,93502,753873120,-0.12,181625350500,19194720.0,161000.0,20230707
014200,0,0,0,1006,0,0,0.0,91250936176,,,20230707
029480,2995,2995,2900,2940,302807,888623430,-1.67,140222614980,-62110710.0,,20230707
026910,4680,4690,4620,4675,14624,68184155,-1.27,29945268375,-10687705.0,,20230707
397880,2240,2245,2225,2240,16645,37166665,0.0,9945600000,0.0,7006660.0,20230707
421800,2165,2195,2150,2165,30968,66832065,0.0,12946700000,181660.0,-536055.0,20230707
440790,2210,2270,2160,2185,274170,598529085,-0.91,8849250000,6584620.0,24373450.0,20230707
456490,7700,8190,5490,5590,20982331,147972539310,-17.91,23478000000,5680.0,-12939360.0,20230707
053270,3700,3700,3510,3570,693940,2479326055,-4.03,95527230960,128985455.0,-1406000.0,20230707
066620,16200,16290,16110,16150,5840,94348600,-0.43,121125000000,-25520000.0,50.0,20230707
043650,5790,5800,5650,5730,42132,239605270,-1.04,102328081920,19105860.0,-30600.0,20230707
006050,1450,1462,1440,1460,92277,133775749,-0.27,50947054780,-31576999.0,,20230707
060480,2805,3085,2745,2830,306978,892372505,0.71,31384700000,-103611035.0,,20230707
078130,0,0,0,800,0,0,0.0,102093978400,,,20230707
307750,5940,5990,5850,5860,136424,802148950,-1.84,287545916340,-123388960.0,1827830.0,20230707
035080,16550,16760,16440,16650,35678,590564570,-0.48,258534273600,-3980760.0,-235360.0,20230707
204020,3245,3300,3180,3265,144621,465428050,-0.31,65781358950,199141260.0,457680.0,20230707
114450,3220,3275,3220,3245,75183,244333990,-1.82,48675000000,69675745.0,3245.0,20230707
186230,10250,10520,10120,10520,52260,534510260,2.43,113828377760,-29039510.0,3731510.0,20230707
900070,773,780,762,770,141783,109210051,-1.28,41382855360,-3104410.0,,20230707
204620,3775,3930,3740,3745,765583,2937395730,1.77,205516312400,-167016170.0,143569310.0,20230707
019660,1750,1760,1697,1731,67750,115992880,-0.8,60222781326,2163659.0,,20230707
053260,6580,6700,6510,6550,84748,557766360,-1.06,122616000000,-160588000.0,20.0,20230707
282720,15570,17890,15570,16430,2950404,50266257350,6.34,199123385000,47907710.0,-5706920.0,20230707
036190,30500,31000,30400,31000,2176,66658450,0.65,186000000000,-3926300.0,7817300.0,20230707
049080,1742,1778,1661,1674,7202555,12431454481,-2.9,142094722878,-17077871.0,-65650276.0,20230707
420770,90600,93600,87700,92200,191587,17505682100,1.77,1168704887600,202975900.0,885875500.0,20230707
035460,3440,3500,3340,3360,407712,1377898710,-4.27,48979862400,-96228340.0,2513700.0,20230707
308100,7080,7120,6750,6770,73429,504233530,-6.75,44849442410,-143879770.0,30.0,20230707
407400,12340,12600,11590,11630,468725,5598054220,-6.21,110154079980,171849810.0,-626235060.0,20230707
187790,1382,1550,1382,1511,4344421,6482208023,7.93,46113971773,114269062.0,935173.0,20230707
286750,1966,1997,1930,1997,199215,389249539,0.35,40867704353,57130227.0,,20230707
121600,129400,131200,127000,131000,322717,41218897850,0.61,1523523057000,-1207275400.0,-4432944200.0,20230707
247660,14020,14230,13480,13520,50303,687554990,-5.12,58729798400,-53700400.0,80.0,20230707
039860,4195,4295,4180,4180,76592,323247300,-1.18,112055880860,-1638365.0,-359360.0,20230707
091970,867,907,861,872,45098,39643687,-1.36,32628053896,-3685243.0,,20230707
417010,27200,27200,25850,26400,141716,3707475900,-2.04,505674259200,-392065000.0,-215467050.0,20230707
405920,15880,15880,15340,15700,61564,961996780,-1.26,101092896600,73321140.0,2284300.0,20230707
051490,7800,7830,7640,7670,67845,523499040,-1.67,108914000000,-179450030.0,38810.0,20230707
137080,8530,8560,8250,8320,78669,656659420,-3.26,92014391040,29219610.0,4188580.0,20230707
190510,14740,14830,14330,14410,182600,2639188330,-2.83,234196853440,-162464510.0,-145992750.0,20230707
242040,2285,2340,2240,2250,648723,1474282560,-2.81,77864094000,157624205.0,8661295.0,20230707
089600,20500,22700,20500,21550,1038466,22703353600,4.11,249293912650,-1465233250.0,-1005083950.0,20230707
293580,1040,1102,1040,1083,351951,376990260,3.04,103718910000,-59449726.0,837804.0,20230707
138610,12680,12900,12510,12780,39582,502592090,-0.16,127256581620,115440020.0,-451710.0,20230707
130580,6590,6640,6540,6540,7599,49995760,-1.06,100716000000,-1860.0,-7829560.0,20230707
036800,23550,23700,22900,22900,23755,555097900,-2.76,229000000000,-42157750.0,29458400.0,20230707
267320,3500,3535,3400,3430,372349,1291215260,-1.01,138346803350,-228372705.0,-151745.0,20230707
111710,7520,7600,7310,7460,12787,94479380,-0.8,153586480000,-30992060.0,-8839770.0,20230707
091590,8110,8230,7970,8050,63732,515249330,-1.71,94507000000,-23714800.0,,20230707
168330,2450,2450,2390,2400,28813,69337695,-2.24,76211760000,-14029115.0,-5120.0,20230707
094860,491,492,482,492,189594,92283027,-1.01,51394209300,403378.0,844137.0,20230707
253590,3970,4080,3850,3920,3791566,15041623960,2.62,150742133920,-90480465.0,6996985.0,20230707
212560,8950,8960,8390,8510,165024,1417240220,-4.92,67015935130,-73084820.0,-204000.0,20230707
095660,40900,41650,40000,40750,115581,4723906350,-1.45,897874049250,-651144900.0,-206777650.0,20230707
042420,22400,22600,21500,21950,24108,529011000,-3.3,194408208700,11573400.0,-45214750.0,20230707
950220,2145,2220,2130,2210,263597,571254400,1.61,218497097650,35925265.0,,20230707
311390,8910,9140,8650,8730,179668,1586729380,-4.59,70159474350,-100691330.0,8850.0,20230707
085910,4180,4185,4120,4145,18703,77579840,-1.19,57320036110,-22564965.0,20.0,20230707
092730,23900,24350,22850,24100,37217,890138500,0.84,197797400100,-297943350.0,305806050.0,20230707
290660,1431,1442,1382,1432,153730,216908263,0.07,32949718560,-660320.0,28201.0,20230707
306620,3295,3315,3250,3280,195973,642374630,-1.2,136820630960,-26100510.0,,20230707
153460,8120,8130,7940,8130,8174,65581540,0.0,53089013820,-19445300.0,-470.0,20230707
007390,8510,8520,8040,8140,1309070,10731383570,-4.91,518169249840,687816060.0,-49284370.0,20230707
033640,20000,20350,19310,19400,301874,5941117150,-2.41,447348518800,-1164383070.0,-219755800.0,20230707
330860,26000,26450,25500,25850,74837,1931756400,-1.34,314957563250,85175900.0,-461658650.0,20230707
089140,6780,6940,6720,6800,91779,623706700,-1.45,62996968000,182048880.0,2025000.0,20230707
137940,501,530,499,500,162587,83025373,-0.2,39160496000,-7147110.0,,20230707
396270,15330,15520,14920,15260,457804,6969877070,-2.18,270648918400,-1976697630.0,48204850.0,20230707
348210,71800,72600,70600,71500,77135,5509373100,-0.42,729076777000,151128100.0,-601601000.0,20230707
225570,22100,22250,21350,21850,449866,9832978100,0.0,1436992999500,-2172152950.0,998337650.0,20230707
217270,7450,7610,7440,7600,17489,131497650,1.74,353452652800,-10602430.0,-15953000.0,20230707
104620,6990,7050,6900,6930,34253,238384880,-1.56,109785933180,1720440.0,978160.0,20230707
194700,7810,7960,7800,7850,31660,248930980,0.13,147225556800,-16177880.0,,20230707
285490,36500,37350,35100,35500,119113,4272164400,-2.61,375442000500,969312800.0,-402418950.0,20230707
106520,0,0,0,411,0,0,0.0,15082036272,,,20230707
376930,4370,4545,4030,4090,267126,1143672940,-6.19,46844937700,26348860.0,,20230707
142280,4345,4420,4310,4315,45939,199624790,-0.92,91121076145,-12140740.0,,20230707
234690,6950,7040,6850,6870,20382,140968980,-2.0,121958136120,-41257800.0,,20230707
065560,0,0,0,5770,0,0,0.0,150366921250,,,20230707
054050,8760,8760,8580,8600,56647,489343200,-1.94,137862824600,-70553870.0,13540.0,20230707
069140,4685,5300,4565,4730,373806,1848175330,-0.63,33595974390,-83744605.0,-3529205.0,20230707
040160,5780,5850,5620,5670,84205,477533680,-2.41,68354883450,174513910.0,-3393370.0,20230707
332290,2365,2420,2280,2310,543050,1264237920,-4.35,76417856130,65459290.0,,20230707
348340,32300,33300,32300,32350,172256,5617550050,-0.61,337936834500,-41513050.0,10128400.0,20230707
060260,967,1037,957,980,305312,301257861,1.34,40728844100,12583849.0,841132.0,20230707
012340,1801,1849,1789,1821,186402,336736617,0.05,54825142002,-30013049.0,36420.0,20230707
214870,0,0,0,1383,0,0,0.0,45813404598,,,20230707
270870,8010,8070,7850,8060,42342,335126390,-2.3,74153805440,-9204440.0,,20230707
144960,6630,6790,6480,6600,420556,2781000490,-2.8,288371318400,-360029100.0,,20230707
085670,5720,5720,5380,5720,454372,2509600100,1.96,139858352920,188386510.0,-161849590.0,20230707
064260,3890,3910,3735,3760,710679,2688658990,-3.59,259248390400,-160594890.0,-24184305.0,20230707
340360,832,869,828,852,95002,80551856,1.07,36435916320,-1381089.0,,20230707
039560,5180,6890,5170,6890,20465938,129637652410,30.0,272196209090,-67011700.0,350744740.0,20230707
154040,3040,3750,2955,3405,15113693,52013350495,10.91,57925284555,-525715050.0,-533372535.0,20230707
032190,12930,13180,12830,12910,205963,2671940650,-0.77,494453000000,106198700.0,-19296280.0,20230707
068240,13050,13340,12990,12990,152143,1991251940,-0.38,445082046630,143613830.0,-136193920.0,20230707
020400,9660,9660,9380,9530,3872,36845530,-2.36,30392751980,-3837030.0,,20230707
008830,6080,6080,5910,5940,27462,164203220,-2.3,53385868800,-32654370.0,30.0,20230707
048470,4040,4100,4010,4100,53066,215220790,-0.73,41000000000,-29060945.0,4100.0,20230707
004780,4360,4410,4315,4360,19432,84832840,-1.36,69337947640,-4283295.0,,20230707
017650,8550,8750,8550,8720,9374,81076970,-0.57,78480000000,7622310.0,-2062960.0,20230707
007720,694,730,690,697,133887,93715700,0.14,70257913650,-6536411.0,-12502.0,20230707
389260,25200,25450,24300,24700,86630,2142505100,-2.56,421135000000,23116300.0,74415400.0,20230707
317850,13500,14180,13050,13910,548322,7531227960,1.24,115792682200,-92189220.0,-7147350.0,20230707
290670,54600,55500,53900,54300,54478,2968962600,-2.16,426670938000,239254100.0,5001600.0,20230707
078140,8370,8460,8200,8460,62741,522263370,1.44,93792458340,32271520.0,,20230707
036480,10330,10360,10180,10270,26544,272232560,-0.87,39026000000,15210590.0,,20230707
027830,1800,1838,1731,1753,529414,937746765,-2.61,94662000000,-60193427.0,-327898971.0,20230707
104040,1540,1568,1538,1540,166910,258126789,-1.35,48203972740,-44318357.0,,20230707
129920,9510,9690,9430,9470,82661,786104440,-0.63,129881551910,-10487770.0,-25670850.0,20230707
438220,0,0,0,2440,0,0,0.0,13761600000,,,20230707
442310,0,0,0,2475,0,0,0.0,16607250000,,,20230707
020180,1170,1212,1170,1173,537660,638954860,0.0,45077117295,-15333851.0,838564.0,20230707
045390,3415,3570,3375,3375,2971466,10331071675,-0.59,237847647375,-1062139645.0,-203935.0,20230707
108380,12830,13090,12610,12780,16205,206966950,-0.39,122270515740,-31791770.0,-8473130.0,20230707
006580,0,0,0,3260,0,0,0.0,87531000000,,,20230707
007680,7110,7110,6650,6840,14786,100445030,0.44,91973882160,-7341990.0,2609680.0,20230707
048910,15100,15300,14940,15070,68767,1036013220,-1.63,189564716220,83770330.0,92131860.0,20230707
005710,6420,6500,6300,6380,8631,55079920,-0.62,127839888000,-2727690.0,-732960.0,20230707
290380,0,0,0,2300,0,0,0.0,56841307600,,,20230707
290120,5410,5420,5150,5190,140170,732325230,-4.42,64404412320,-59527240.0,-4730000.0,20230707
120240,17950,18050,17380,17420,64917,1145897950,-3.6,125256611220,-340455970.0,-140920.0,20230707
003310,2085,2125,2080,2085,286207,599043825,-1.18,73793049750,15496030.0,,20230707
078600,101300,101300,98100,99000,206451,20518015900,-2.94,1532578707000,-5246439200.0,711165800.0,20230707
096350,720,758,685,743,5398972,3910741122,0.41,121674429687,-177033914.0,72274080.0,20230707
140520,2870,2895,2860,2890,24717,71076775,-0.17,61005712270,-3195440.0,,20230707
131220,6540,6590,6480,6510,26493,172802380,-0.15,48528729900,-36303020.0,6550.0,20230707
010170,2165,2400,2135,2240,5970725,13682609470,3.94,166905011840,-1055580860.0,-7942405.0,20230707
054670,8780,8860,8700,8730,36362,319171760,-1.02,125318451600,-64675990.0,30.0,20230707
023910,27000,27150,26850,27050,5374,144781150,-0.37,162300000000,-33881550.0,0.0,20230707
021040,5340,5340,5290,5300,5986,31782740,-1.12,39961226200,396730.0,-1060.0,20230707
021045,8860,8870,8850,8850,283,2504850,-1.56,3754577100,0.0,,20230707
067080,8260,8280,8080,8080,101382,826068730,-2.42,150422532000,-59753300.0,176560.0,20230707
298540,22100,22650,21600,22050,103606,2273811250,-0.68,323545735800,546535100.0,-701562850.0,20230707
393890,69100,70900,68600,70500,160709,11242958000,0.86,2375604519000,255707200.0,-452920200.0,20230707
299170,2055,2075,2030,2040,58704,120334735,-1.21,61257044520,-22373685.0,-14940.0,20230707
224060,5520,5520,5390,5520,15595,84998210,-1.6,18936873360,-12132210.0,,20230707
213420,44950,44950,43050,43550,231287,10105056950,-3.54,1081397845450,1024110150.0,-1743950100.0,20230707
317330,18150,18320,17800,17820,85691,1539741350,-2.3,327485766960,-268775800.0,3890.0,20230707
077360,8710,9890,8480,9240,5123836,47832102700,6.45,419837898480,-953987800.0,2999064780.0,20230707
090410,2565,2660,2515,2605,5176095,13464430190,0.19,120049067475,-2158465740.0,129586910.0,20230707
263600,9650,9870,9300,9450,297337,2812982860,-3.28,150541429500,645107420.0,-557286610.0,20230707
194480,40150,40600,39500,40100,57985,2312419850,-0.87,476374366000,426303800.0,-366813000.0,20230707
263800,6250,6350,5950,6000,412544,2527901420,-2.12,97250280000,-125010610.0,-796080.0,20230707
206560,9800,9910,9800,9820,75302,740254710,-1.41,249543247520,-52239280.0,-5480210.0,20230707
261200,11350,11510,10930,11290,176346,1971059050,1.16,166991575450,-147262040.0,10718380.0,20230707
067990,5580,5580,5400,5430,78012,424186990,-1.63,174745816500,-210330670.0,3755140.0,20230707
006620,5600,5680,5580,5660,32259,180956370,-0.35,161111854720,-14480120.0,620.0,20230707
100130,4005,4030,3950,3975,183121,728956975,-1.73,227143425000,-68139065.0,-81527135.0,20230707
005160,6250,6640,6230,6330,308929,1971561960,0.64,343367571060,65990650.0,33840.0,20230707
075970,5900,6350,5040,5200,15988790,93899694190,-3.17,95680000000,544061990.0,14858340.0,20230707
086450,13290,13510,13200,13240,105857,1407718690,-0.3,588650400000,-380320540.0,-121284340.0,20230707
099410,3070,3225,3060,3190,142286,450214720,3.74,43195796380,35057280.0,1111075.0,20230707
033500,13110,13590,12970,13330,1353413,18019689640,2.7,398758245510,2062036630.0,23639440.0,20230707
025950,11550,12020,11550,11970,11442,135738570,0.84,100548000000,-9116900.0,3311760.0,20230707
088130,7580,7740,7560,7580,21427,163279140,-0.92,80825070040,29200620.0,2689110.0,20230707
041930,9650,9790,9510,9580,128146,1235761630,-0.62,151364000000,-13816770.0,3246240.0,20230707
060380,2790,2790,2705,2715,300821,823691710,-3.55,53485500000,-97756285.0,-581305.0,20230707
079960,19400,19590,19250,19430,49902,966223850,-0.1,152719800000,-20750280.0,13015770.0,20230707
228340,3225,3250,3170,3200,19842,63702955,-1.23,64000000000,-8156565.0,30.0,20230707
088910,2915,2965,2835,2910,239477,694857920,-1.52,75170433240,-11422500.0,,20230707
094170,25200,27300,24550,26050,1973409,50861973600,-0.76,473133698100,-1838614500.0,-32608500.0,20230707
013120,3350,3375,3285,3360,152955,506423550,0.15,305115216000,-3967000.0,-67055630.0,20230707
109860,11270,11780,11160,11570,464031,5307588240,0.52,105287000000,-448663370.0,-100737720.0,20230707
032960,13560,13820,13430,13640,100618,1371188860,0.0,51920509960,-50951970.0,,20230707
023790,2175,2270,2155,2260,18155,40293760,2.03,36124847960,-944270.0,0.0,20230707
005290,39200,40400,38800,39950,1025242,40618611250,1.4,2054009035300,-7241398100.0,1971838500.0,20230707
025900,39450,39900,38700,39150,24476,956833850,-0.89,791432714250,-207400750.0,-28094650.0,20230707
131970,40550,40900,39450,39700,201573,8034849400,-2.34,585955206900,246625200.0,-384358200.0,20230707
073190,2250,2270,2235,2240,15782,35557810,-2.61,26808409600,-2707915.0,-2260.0,20230707
030350,576,622,570,581,567850,335285202,0.87,40314993313,33373170.0,8131.0,20230707
203650,3335,3375,3290,3345,369731,1229671735,-0.74,169276247130,73781025.0,24585.0,20230707
223250,12820,12950,12490,12490,21979,276578520,-3.78,74032226800,-144453130.0,-11587690.0,20230707
060570,2990,3000,2955,2980,30644,91151110,-0.67,169442344060,-24278670.0,1294440.0,20230707
217620,910,1138,909,1033,14251781,14443438663,2.89,53368608298,577400313.0,5416199.0,20230707
016670,443,448,422,433,495531,216673999,-2.26,44104524392,24880189.0,831059.0,20230707
187870,17020,17280,16620,16700,26907,453218680,-2.57,117511370300,-138642850.0,420.0,20230707
066670,7210,7500,7210,7260,218745,1607342400,-0.68,135703324680,-50254870.0,-20.0,20230707
110990,8710,8930,8330,8540,110293,937707870,-2.4,161406000000,303729520.0,,20230707
078590,0,0,0,2380,0,0,0.0,316556560040,,,20230707
263690,11500,11500,11150,11230,19063,215029640,-2.85,127186600300,-25497790.0,-367920.0,20230707
214680,3255,3365,3210,3255,1538046,5033701925,-1.06,228318296850,-16343060.0,-465335905.0,20230707
263720,18440,18560,17680,17920,74474,1342455040,-2.66,219969989120,-47499630.0,-41736430.0,20230707
376300,40750,40750,38650,39750,280085,11071196600,-2.33,943601638500,-4571327550.0,1785422050.0,20230707
141020,0,0,0,3735,0,0,0.0,43701490755,,,20230707
109740,4935,5000,4935,5000,18842,93442115,0.0,135124550000,-10340380.0,-3420.0,20230707
196490,4860,5190,4720,5080,1878667,9432147595,3.99,149520015920,-61073480.0,3850780.0,20230707
066900,3420,3455,3375,3455,71885,245434845,-0.43,78582257865,26953515.0,,20230707
127120,3335,3345,3120,3210,172911,558567045,-4.61,54870751320,34712040.0,,20230707
092070,19300,19500,18800,19180,167944,3227614770,-1.13,221948236440,-9324730.0,-5418520.0,20230707
039840,33300,33600,32050,32800,120569,3935306100,-2.81,520921564000,-83266950.0,-414130700.0,20230707
219550,1362,1511,1350,1460,6053935,8784505194,7.2,76338209700,120421050.0,1773573.0,20230707
310870,2035,2130,2035,2090,202490,422880655,0.97,43236396390,32564305.0,831650.0,20230707
104460,18500,18970,18490,18500,45306,843717250,-1.7,198202062500,-157703680.0,132490.0,20230707
079810,18100,19300,17980,18810,302488,5698621450,3.75,301147987140,4480480.0,88910.0,20230707
113810,1321,1338,1315,1325,413379,547460127,-0.53,43232167575,117426810.0,837122.0,20230707
043360,3030,3070,3020,3050,15851,48255085,-1.93,27450000000,-12516980.0,-14603685.0,20230707
197140,4300,4530,4210,4470,37682,166413450,2.05,42826417380,-6734020.0,,20230707
068930,6310,6460,6290,6390,71065,453723800,0.0,179883234990,116320310.0,92478190.0,20230707
033130,2140,2145,2120,2145,105009,223581085,0.0,79612247715,-54561175.0,3175.0,20230707
105740,11940,12050,11510,11770,141267,1655560900,-1.92,108906315210,-4479390.0,-58850.0,20230707
263020,3500,3575,3440,3575,142972,499509595,0.28,55506894300,63849715.0,108541650.0,20230707
290550,11230,11330,10950,11020,55689,613736670,-1.87,184863122760,-20004670.0,2100920.0,20230707
187220,5110,5210,4905,5210,171095,870894075,1.76,60946689410,146675085.0,,20230707
383930,4935,4935,4855,4875,55116,269060370,-1.22,61885746000,-44559055.0,,20230707
131180,1340,1352,1321,1336,106728,142246416,-1.69,39211600000,-19133979.0,0.0,20230707
315640,11870,12350,11200,12060,118226,1417156760,1.17,112364636040,14340250.0,380.0,20230707
317120,5330,5330,5220,5230,18706,98196070,-1.69,50521800000,-25075820.0,,20230707
042510,2560,2575,2500,2505,441416,1114185950,-3.47,96860198730,-97384165.0,26305000.0,20230707
232680,9880,9950,9750,9760,45223,443773840,-1.51,122041323840,-92649960.0,24858360.0,20230707
418420,8740,8840,8480,8500,752751,6471611270,-5.35,250720743000,162270630.0,-73297460.0,20230707
300120,6700,7080,6630,6900,303756,2077336020,1.62,143547682800,-169038560.0,6700.0,20230707
171120,11360,11940,11360,11850,97962,1153344340,2.16,212717928000,308888050.0,127160.0,20230707
388790,2955,3325,2780,2840,4178978,13008731285,-5.65,80979561200,-823419555.0,,20230707
069540,3295,3515,3115,3440,556360,1909892250,4.4,91265442880,2913650.0,-2219110.0,20230707
347700,4555,4640,4500,4520,19409,88128390,-2.59,46230334000,-5588935.0,,20230707
214260,19990,20200,19000,19710,33350,650516040,0.56,170627814360,82128140.0,2428570.0,20230707
200350,17860,18200,17260,17440,159910,2862313510,-3.11,112559573760,153375300.0,-76458230.0,20230707
171010,6440,6650,6350,6410,157668,1021991890,-1.23,88689125370,49336330.0,-1019530.0,20230707
084650,7440,8450,7380,8200,10761005,86083156820,12.02,304383959000,1032159330.0,87883720.0,20230707
217500,4030,4030,3930,3950,208071,824490580,-1.74,125657400000,-124036910.0,,20230707
141080,34500,35150,33650,33900,400342,13654726000,-1.88,898009779600,5155716300.0,-4875550400.0,20230707
038390,16170,16170,15950,15950,8027,128828170,-1.48,137002206000,-24684120.0,5525530.0,20230707
294140,6200,6260,5960,6050,386980,2357203140,-3.97,223850000000,218968410.0,-45560.0,20230707
228670,35600,35850,34650,34850,101638,3576368050,-1.97,530470111400,-1728398750.0,146857500.0,20230707
228850,10920,11000,10600,10720,19117,204333620,-2.19,177855670080,-60591740.0,-11707490.0,20230707
412350,12000,12370,11010,11160,1053611,12075228960,-7.0,94288150440,473117990.0,-546942590.0,20230707
281740,19310,21300,19300,20800,4218024,86981626930,5.85,1367195398400,2452421560.0,1249114820.0,20230707
277810,92300,93400,91100,91100,126827,11643949500,-1.19,1753761180600,245149300.0,-1212363100.0,20230707
215100,4665,4790,4650,4755,129377,613194340,0.42,96756898770,179866625.0,28465.0,20230707
090360,28050,28450,27850,28100,64194,1801064350,0.18,273975000000,262713900.0,-1179150.0,20230707
108490,27000,27400,26650,27000,99139,2676292700,0.0,331383501000,353870200.0,-2586600.0,20230707
900260,910,919,901,908,61727,56158681,-1.2,32716409504,2357702.0,,20230707
067730,3895,3915,3800,3840,39172,150962820,-2.91,37147860480,-3999625.0,,20230707
071280,6810,6820,6700,6730,56327,380030800,-1.17,102946138190,-61019290.0,-13462010.0,20230707
328130,171000,184400,168000,183100,706675,125404653200,4.51,2259573747400,-519569700.0,-225384000.0,20230707
038060,1485,1495,1412,1412,161063,233121728,-5.3,67921533428,-82683310.0,9916.0,20230707
085370,36400,36450,36400,36400,200136,7286051550,0.0,963369279600,-4077586550.0,1650822150.0,20230707
08537M,52000,52100,52000,52100,300,15613600,0.19,8423528000,0.0,0.0,20230707
060240,2085,2150,2065,2065,194216,407808200,-2.82,52511471460,63629160.0,,20230707
058470,148100,150900,146500,148100,69851,10349570500,-1.2,2257394997000,-848222600.0,1885612500.0,20230707
039980,870,873,848,873,179490,154083566,0.34,40328129367,-30714935.0,834899.0,20230707
019570,661,672,639,657,296590,193314831,-0.76,34472816280,-226486.0,111004.0,20230707
016100,2640,2640,2530,2630,30335,78035045,-0.38,50235351220,500475.0,,20230707
012700,5990,6000,5830,5960,104647,618541560,-0.5,157618964600,117632210.0,-38630.0,20230707
302550,15730,17530,15730,17060,312843,5342794360,7.3,104537128960,337037130.0,2339810.0,20230707
073570,21450,22850,20850,22550,770417,17172267750,4.16,650953668750,610697000.0,51498100.0,20230707
377450,8050,8230,8050,8100,28874,234596230,0.0,140373000000,76271160.0,5141330.0,20230707
277070,5570,5680,5410,5410,24352,134578620,-4.92,74073720000,-25399710.0,-16230.0,20230707
042500,4310,4330,4225,4295,22481,95976295,-0.35,65957791010,-3395140.0,4305.0,20230707
219420,6280,6320,6180,6260,36516,227430470,-0.16,71799113820,-27583980.0,,20230707
439090,34900,38300,34900,35500,515797,19032121400,1.72,581428230000,-71852450.0,10101500.0,20230707
195500,4230,4365,4230,4260,212318,910004085,-0.58,67853280000,65313030.0,-596970.0,20230707
377480,22100,22550,21700,22200,132989,2934132450,-0.89,136125582600,184365050.0,71800.0,20230707
305090,7460,7590,7300,7430,64190,473049920,0.41,116180413520,-27874390.0,,20230707
098120,8060,8100,7740,7750,69529,544596310,-3.85,64423936500,141202640.0,,20230707
424980,22900,23600,22200,23100,540421,12361826700,1.09,136726359000,-707797950.0,35312750.0,20230707
038290,22950,23450,22700,23150,114818,2655256850,0.22,250978410000,-148862300.0,-12748750.0,20230707
267980,42350,42350,38650,40100,37304,1508927850,-4.18,314529883800,126414950.0,-618609250.0,20230707
005990,8180,8480,8180,8270,7841,65455410,-0.24,113450374080,3280210.0,9141930.0,20230707
093520,13760,14150,13570,13570,94542,1301042470,-3.42,219333158440,166413990.0,-172535940.0,20230707
377030,9500,9590,9060,9150,321039,2955889690,-4.98,179073570300,112425800.0,4455650.0,20230707
100590,5720,5790,5650,5730,57234,326020990,0.0,86665654080,-20760160.0,869620.0,20230707
067280,32800,32800,32050,32400,5112,164830150,-1.22,192027639600,-17442850.0,-46900950.0,20230707
072870,10800,10800,10500,10730,36552,386370230,-0.65,127911890070,99901780.0,,20230707
215200,51200,51600,50500,50900,43341,2203034700,-2.3,603769692000,-451630300.0,-249530100.0,20230707
133750,2140,2150,2095,2100,194985,410574900,-2.55,49154861700,108457465.0,,20230707
235980,14350,14360,13740,13850,291688,4062530210,-3.48,291967625750,-182659940.0,-22297540.0,20230707
041920,5810,5810,5560,5630,130784,739820700,-3.92,90080000000,5708390.0,-503450.0,20230707
014100,3000,3015,2950,2960,28981,86256315,-2.31,34928000000,-19028500.0,,20230707
054180,1383,1430,1373,1402,218107,305786264,1.45,41663543842,39908130.0,,20230707
086900,253500,254000,233000,235000,316124,76077679000,-8.38,1715139980000,-21589541500.0,-5204156500.0,20230707
078160,13980,13980,13740,13960,44479,615466990,-0.14,227048148240,-52052040.0,-13960.0,20230707
065650,2240,2565,1866,1908,23168480,52705928266,-9.79,89759110572,-198917766.0,336636.0,20230707
408920,3200,3200,3055,3110,59605,184599460,0.48,132649135050,-6203435.0,-129150.0,20230707
021880,368,375,366,370,745677,275850408,0.54,56308230960,52695925.0,,20230707
140410,43050,47350,43050,46850,798290,36327113550,8.83,1252863543300,227586750.0,969956500.0,20230707
241770,12500,12800,12480,12690,14600,184467830,-0.86,129344601600,-9065800.0,,20230707
059210,4635,4765,4565,4635,398552,1848196110,-1.8,110601996885,-275409695.0,14316195.0,20230707
058110,3535,3535,3430,3450,79954,276876930,-1.57,55374328500,-24681995.0,30.0,20230707
096640,200,225,170,200,15768080,3305636027,0.0,9303532600,-7188134.0,,20230707
257370,0,0,0,9210,0,0,0.0,92999789370,,,20230707
434480,8580,8610,8160,8190,256456,2131241810,-4.55,98963865000,144368710.0,-82666510.0,20230707
080420,3105,3110,3005,3020,62513,190180530,-2.89,240759298440,-33573945.0,,20230707
417970,18250,18250,17740,17750,24680,441999190,-2.74,113541425000,-25950680.0,18100.0,20230707
080160,15840,15960,15480,15850,104105,1630530740,0.0,299565000000,46032290.0,-29581310.0,20230707
087260,2915,2915,2850,2855,170628,489131240,-2.23,92938418155,-17606955.0,,20230707
101330,3850,3850,3700,3700,153665,576750300,-4.52,85644007300,-83253795.0,3696585.0,20230707
012860,2760,2785,2655,2785,2538398,6861391585,1.27,203955177745,-331113025.0,-7764520.0,20230707
363260,1216,1296,1160,1212,94650636,116775432578,19.17,193942842564,-179973706.0,-2005422300.0,20230707
348030,8810,9050,8810,8930,16108,143630170,-0.11,85761934000,-14865480.0,-12825090.0,20230707
250060,2250,2300,2235,2270,167919,378344820,-0.87,73028882780,66495700.0,,20230707
288980,2735,2745,2650,2680,405827,1091318330,-2.01,89673528960,412906050.0,,20230707
033200,4910,4910,4865,4890,7647,37299615,-0.71,70079494650,-2694635.0,15.0,20230707
333050,1554,1586,1554,1571,76879,120660681,-0.38,36999459914,-3415887.0,837663.0,20230707
118990,18880,18880,18150,18240,426531,7845676810,-3.49,446797920000,-385668730.0,25712530.0,20230707
006920,4565,4660,4450,4585,201458,923199075,-0.54,50068200000,195761880.0,,20230707
001810,2220,2235,2175,2185,23251,51219995,-1.58,48370437500,-4422870.0,,20230707
279600,11700,11700,11500,11510,4550,52408090,-1.62,53921829310,-2111850.0,,20230707
095500,23650,24650,23550,24350,783226,18950171600,2.74,755093475650,177516900.0,142467250.0,20230707
254490,24600,25250,24000,24400,179450,4401504550,-1.01,352287200000,479106250.0,12554300.0,20230707
218150,6780,6920,6330,6380,850270,5595567860,-7.0,128647653420,-540206090.0,51080.0,20230707
442900,9490,9520,9490,9500,11646,110601120,0.11,72960000000,-18895240.0,-41950500.0,20230707
100790,5070,5140,5050,5090,61724,313784170,-0.2,275711811500,47500580.0,-4229750.0,20230707
412930,2180,2190,2175,2180,1881,4100770,0.0,13463680000,0.0,501855.0,20230707
446190,2195,2215,2185,2195,19509,42795595,0.0,10865250000,0.0,14230000.0,20230707
448830,2150,2165,2140,2145,10582,22772225,-0.23,10553400000,-77435.0,6448090.0,20230707
049950,36550,36850,35500,35700,156601,5627149150,-3.25,314798458800,1403850.0,8400.0,20230707
207760,2210,2280,2210,2230,285326,637105820,-1.33,166746849560,91714730.0,-135485.0,20230707
059090,11320,11320,10350,10540,1041908,11061273240,-4.7,352212840120,62904260.0,-426458140.0,20230707
214610,3960,4050,3910,3965,70550,279151020,-0.88,72591620465,-6409435.0,990000.0,20230707
201490,3105,3155,3100,3125,85246,266130625,-0.16,97680531250,-21235475.0,-603125.0,20230707
950190,10400,10400,10150,10250,15880,162499470,-1.44,139193893000,-6747210.0,,20230707
206640,12910,13360,12850,13180,118325,1559911620,-0.45,309552860800,-23302610.0,137741990.0,20230707
018700,2410,2410,2340,2360,59895,141409255,-1.05,82882626520,-29047320.0,-85120.0,20230707
035620,831,835,820,829,87290,71981772,-0.24,61710490575,-12622778.0,,20230707
053030,9880,9910,9700,9760,127046,1240654410,-1.21,309987828480,-115312020.0,-122047640.0,20230707
301300,8330,8350,8000,8150,56447,457471010,-2.16,99990817800,103492660.0,-1304000.0,20230707
064550,45450,46250,45250,45800,285567,13045402550,-0.33,1182111327800,1652834800.0,-774154850.0,20230707
314930,40550,40550,39600,40450,11116,446226550,0.62,249928212750,-11019750.0,-575000.0,20230707
208710,1221,1253,1140,1157,3733291,4496511405,-6.39,48888406749,77211053.0,5017580.0,20230707
086820,11240,11240,10780,10880,35900,392605070,-2.6,88600474880,23403930.0,3600.0,20230707
038460,3205,3255,3160,3190,41944,134028895,-2.0,64577119090,-16594330.0,-12780000.0,20230707
251120,15350,15630,15350,15520,9716,150012850,-0.19,134957264000,-2889560.0,120.0,20230707
199730,19910,20500,17190,17300,427693,7802462050,-14.36,82985799100,-1852493750.0,16638110.0,20230707
086040,6880,7040,6880,7010,62044,432042530,0.14,111867311470,-120635150.0,130.0,20230707
099430,6950,7030,6740,6810,509141,3496239070,-2.01,394509183840,71660950.0,25215720.0,20230707
032980,1800,1807,1668,1689,800462,1381678891,-6.94,62845278108,-60049199.0,-47213.0,20230707
222160,7260,8260,7100,8040,1169398,9296562050,9.09,66292742640,791946580.0,141758600.0,20230707
308080,6640,6720,6460,6600,40294,263113260,-0.3,125952156000,-3233550.0,,20230707
043150,39250,40850,36700,37450,196100,7576654350,-4.95,556291887200,785995800.0,347993450.0,20230707
323990,33550,34150,33350,33600,110997,3738142200,0.15,511492800000,280723400.0,-43730050.0,20230707
267790,7910,7920,7600,7660,26860,207660040,-4.25,60425910000,-19619670.0,10542910.0,20230707
046310,3415,3435,3370,3415,64515,219236635,-1.01,56069659015,-76888710.0,19320.0,20230707
331520,1167,1191,1164,1176,194918,228187961,0.6,58546066320,7962607.0,831639.0,20230707
066410,0,0,0,1153,0,0,0.0,96978744678,,,20230707
382900,27450,27450,26650,26900,66087,1773394250,-2.18,235670900000,-471833750.0,-431462300.0,20230707
206400,4325,4325,3950,3950,554954,2272685710,-5.73,118269983600,-752440785.0,,20230707
019010,2255,2310,2230,2300,201293,457995200,2.0,110860000000,-29363665.0,-24285.0,20230707
177350,5220,5410,5090,5220,358753,1880751730,0.0,68697256680,-10756480.0,,20230707
299910,0,0,0,3165,0,0,0.0,25974889140,,,20230707
424760,2290,2355,2280,2335,53331,123730885,-0.85,40745754670,13566920.0,,20230707
225530,6180,6300,6120,6160,37765,233322780,-0.32,223846558320,-79243820.0,5012600.0,20230707
250000,15900,16660,15720,16060,330683,5358676990,1.32,108416771980,432029980.0,3166750.0,20230707
310210,46300,47500,44950,45500,59426,2723595500,-3.91,575478039500,-202602050.0,-8093100.0,20230707
006910,3555,3640,3535,3610,331975,1189218210,1.55,177358664640,62788780.0,292425.0,20230707
226340,1687,1729,1687,1729,67403,115069758,2.07,53079601484,7001729.0,,20230707
014470,2360,2385,2320,2360,140716,330554695,-0.84,141723333600,-36723575.0,15521385.0,20230707
008470,5000,5000,4925,4950,9184,45596945,-1.59,41603760000,-6923690.0,2386225.0,20230707
338220,31150,31750,30150,31700,473703,14602811450,0.0,362079175200,-423385150.0,121277100.0,20230707
100120,34500,34650,33850,34050,13663,466604500,-2.01,340563503250,-124368100.0,-45274350.0,20230707
337930,5190,5300,5080,5290,168564,876142950,1.93,154820255810,116929330.0,104899830.0,20230707
099390,8120,8490,8090,8110,32313,264709090,-2.05,66569175130,-3755850.0,,20230707
064480,7710,7940,7670,7780,90251,702243280,-0.13,92990450000,99796120.0,40.0,20230707
288330,4835,4835,4500,4600,132336,609757540,-4.17,92006555000,-44507365.0,-40917750.0,20230707
365900,5430,5450,5360,5390,13417,72484950,-0.74,39402517000,-8743580.0,5470.0,20230707
251630,12830,13220,12580,12600,131071,1685046570,-1.33,191048508000,-255836760.0,90.0,20230707
018290,9160,9480,9080,9260,1187021,10939957530,-1.28,322235776800,1910889340.0,-4942456590.0,20230707
044480,1299,1299,1256,1294,83982,107467101,-1.82,42127262136,-6358351.0,845033.0,20230707
033560,3635,3995,3630,3830,428070,1642800580,4.36,65493000000,215712280.0,-2721575.0,20230707
369370,1653,1653,1615,1621,16310,26511904,-1.94,68881058982,-2589101.0,,20230707
126340,66100,68600,65900,66500,45127,3010938800,-0.3,385925900500,282443100.0,-449282000.0,20230707
121800,0,0,0,3320,0,0,0.0,193532554160,,,20230707
148140,0,0,0,640,0,0,0.0,27653546880,,,20230707
082800,680,694,657,657,709846,474925447,-2.52,158375485089,40302137.0,,20230707
318410,9920,10050,9860,9990,4502,44705450,0.4,55496877570,-3178370.0,0.0,20230707
419540,2670,2750,2585,2640,1273784,3390775030,-3.12,60700229040,77873985.0,-634800.0,20230707
146320,20500,20900,20200,20700,89829,1850420850,0.0,264138272100,211360150.0,20670750.0,20230707
200780,6510,6520,6440,6450,5296,34325960,-1.07,57355876800,-4575790.0,,20230707
141000,9260,9260,8900,8980,60972,548140330,-3.02,108790095800,-106895410.0,23224680.0,20230707
083650,8000,8290,7820,8080,262820,2114693030,1.0,210080000000,-165899750.0,557520.0,20230707
445360,2065,2090,2050,2090,42252,87084355,0.72,9007900000,89390.0,-20721390.0,20230707
142760,3320,3470,3175,3200,172257,564613755,-0.47,100635510400,-78351830.0,,20230707
065170,671,694,632,648,1618957,1068188362,-7.16,57652922232,-13834467.0,-362622.0,20230707
086670,16290,16450,16040,16250,64348,1040647920,-0.25,148284077500,-23305640.0,47333970.0,20230707
335890,7320,7650,7200,7300,1696826,12577109780,-0.27,425832009600,-1075888630.0,-37691800.0,20230707
138580,10600,10990,10370,10500,58746,622265730,-2.6,236839711500,91112650.0,49400.0,20230707
082920,21900,22900,21850,22700,450182,10096175650,3.18,501572503500,172144850.0,-1054714000.0,20230707
054220,605,614,600,609,204945,124206931,-1.3,29938804791,14226056.0,,20230707
042370,8450,8540,8300,8410,149065,1252709960,-0.47,220342210250,-9399860.0,528600.0,20230707
050090,1412,1421,1392,1399,67351,94373147,-1.55,27678844265,8137518.0,,20230707
307870,2190,2790,2180,2615,4926657,12731361525,18.86,81538838000,183556810.0,661395.0,20230707
357880,7580,9050,7560,8450,3797672,32418076880,11.48,88251428200,-510219110.0,43030.0,20230707
032850,6510,6600,6310,6370,191256,1225701650,-3.63,105890376410,-87493500.0,-337520.0,20230707
148780,1074,1089,1055,1071,100364,107873038,-0.74,33678371475,22429286.0,,20230707
238200,6480,6670,6470,6580,18041,118183730,-0.3,53824400000,14936980.0,,20230707
093190,6070,6120,5980,6070,23867,143732620,-1.78,116780153350,-22659150.0,2005200.0,20230707
065450,4595,4670,4565,4645,203594,938191020,1.09,133092256000,36187735.0,4560.0,20230707
072950,4845,4845,4720,4795,54833,261579010,-1.03,38612264950,-9578075.0,3353390.0,20230707
143240,18780,19170,18780,18860,62925,1187806460,-1.62,220176600180,-23603100.0,-93289140.0,20230707
419120,10690,10860,10560,10640,21385,227334470,-1.85,82479428640,-3818590.0,10630.0,20230707
122350,2970,2985,2880,2925,205830,600104775,-2.01,112142826900,-55850500.0,,20230707
419050,16400,16400,15810,15900,120459,1925131460,-3.28,227355054000,34136190.0,310.0,20230707
014970,4335,4460,4335,4450,11437,50035175,-0.22,67306250000,-4963155.0,0.0,20230707
018310,14850,14980,14580,14950,16351,240671700,-0.27,219765000000,-54274030.0,-865580.0,20230707
053700,7230,7410,7070,7250,1074725,7735570280,-0.41,158434300750,343383850.0,-4945230.0,20230707
009620,1065,1069,1047,1060,217326,229175873,-0.93,47970894660,21999444.0,836854.0,20230707
023600,9030,9100,8950,9020,22477,202021140,-0.11,145853400000,-20589880.0,-7251530.0,20230707
380320,2940,3295,2825,2875,356878,1089937380,0.17,13828750000,-91842940.0,,20230707
377630,3870,4720,3805,3925,2003323,8689498075,3.29,15778500000,-127073145.0,-48975.0,20230707
425290,2955,3250,2945,2990,649137,2014232955,0.5,16504800000,-183417490.0,,20230707
439250,9940,10200,9920,9940,28008,279376890,0.1,34809880000,3755370.0,29571760.0,20230707
448740,9760,9830,9740,9770,17117,167409680,0.1,45567280000,15900350.0,-6197360.0,20230707
009300,17250,17350,16970,17010,11322,193462830,-2.41,108353700000,21828160.0,80.0,20230707
225190,9820,9820,9720,9740,8840,86200230,-0.81,98857961120,-19396090.0,9790.0,20230707
361670,6720,6830,6680,6810,15132,102134810,-1.16,38596750980,-11881190.0,,20230707
054540,4350,4430,4255,4360,142920,617677875,-0.68,56680000000,56762360.0,-415305.0,20230707
065570,5620,5920,5620,5790,191390,1109143500,3.02,65566921140,15715140.0,-18419100.0,20230707
032280,2080,2095,2040,2070,89533,185728395,-1.19,33562131300,-19545435.0,,20230707
002290,3440,3455,3400,3435,39609,135336485,-1.01,42594000000,-1291505.0,,20230707
037460,8440,8530,8350,8430,21010,176151470,-0.47,137565140460,-14234950.0,1837940.0,20230707
032750,6150,6230,6100,6130,62091,381910460,-2.23,49431498580,-66353670.0,-63290.0,20230707
054090,2525,2680,2525,2575,191246,493188410,0.0,64270022400,-39444255.0,,20230707
000250,50500,51600,50000,50700,302922,15352898900,-0.59,1169486455800,3085123400.0,-2433925500.0,20230707
024950,5960,6080,5790,5850,63763,375053330,-1.85,77650425450,-65233600.0,5870.0,20230707
038500,3250,3250,3185,3200,182679,585939135,-1.39,345332179200,-133594990.0,-14486790.0,20230707
017480,5380,5410,5330,5390,14546,77855940,-1.1,84638577100,-15911700.0,20.0,20230707
046390,2225,2265,2170,2220,250073,550628360,-0.89,95843911260,66284695.0,-70574215.0,20230707
027580,2070,2100,2010,2040,3921569,8018003865,-2.63,120729809160,-19849240.0,8165725.0,20230707
038540,4025,4155,3865,4100,255120,1022205740,-0.12,226846083300,-137781485.0,95058180.0,20230707
101000,1819,1819,1713,1755,49187,85924146,-2.5,32957931240,-6816530.0,,20230707
415580,2235,2235,2220,2230,1586,3525175,-0.22,11841300000,-6780.0,222260.0,20230707
091580,19700,20100,19460,19520,149404,2950294390,-1.06,266022834880,-86124530.0,-4271220.0,20230707
263810,5700,5700,5310,5470,277829,1537332930,-3.01,77918607460,392171450.0,,20230707
089980,26950,27050,26250,26450,68364,1813517950,-1.31,422910028650,-201889150.0,-35095900.0,20230707
042940,496,505,486,490,640369,315947740,-2.58,51672675110,-37550274.0,,20230707
042600,40000,40700,39600,40250,60311,2416783200,-0.37,500048853500,661012900.0,40350.0,20230707
107600,83000,83000,81100,81400,24693,2017111600,-2.05,395729763000,-40458900.0,350600.0,20230707
411080,10010,10220,9970,10090,62727,630855980,-1.18,152310951420,-26378170.0,0.0,20230707
252990,6380,6520,6240,6290,705943,4507427850,-1.26,315467691340,-472589650.0,92277380.0,20230707
378800,4175,4260,4075,4130,235730,972305345,-2.02,95283358030,205753105.0,4125000.0,20230707
294630,3160,3175,3100,3150,153475,479784520,-1.1,70273009800,131387270.0,-103344310.0,20230707
038070,11350,11420,11250,11300,22078,249621540,-0.88,98317638800,-69586270.0,140.0,20230707
006730,8120,8310,7770,7900,442914,3505247290,-3.07,486349603900,-599380640.0,-136361880.0,20230707
079650,1891,1904,1891,1900,12723,24148061,-1.25,38000000000,-788873.0,0.0,20230707
100660,5570,5660,5560,5640,55888,313209060,0.71,71064000000,-46653780.0,-20.0,20230707
019770,4540,4590,4440,4470,123793,557686875,-2.61,52075500000,-33850195.0,4600.0,20230707
043710,914,914,865,880,340180,300274995,-4.76,44175014400,-21802634.0,-243972.0,20230707
092190,4975,5020,4835,4880,72833,358260665,-2.01,186531426640,-60052930.0,-946670.0,20230707
046890,12400,12560,12330,12440,349561,4335384590,-0.16,725319176000,378550380.0,-65201130.0,20230707
063170,13000,13260,12830,13000,70656,915389110,-0.76,231065471000,-84493630.0,-24531510.0,20230707
027040,541,555,541,555,49802,27168425,0.0,38621810085,648972.0,1681110.0,20230707
018680,4325,4325,4200,4245,10428,44295935,-1.96,49493809155,-169005.0,,20230707
093920,6000,6040,5900,5990,48711,290094120,0.17,111414000000,-52509890.0,-6376640.0,20230707
189860,5470,5500,5340,5430,45411,243920910,-0.73,52664375400,68239990.0,5370.0,20230707
178320,19180,19400,18700,18800,363315,6893835920,-2.39,706516069600,1221314040.0,280725870.0,20230707
122690,4180,4205,4020,4080,247222,1007971835,-1.69,86610774480,115733050.0,42626105.0,20230707
140070,4050,4300,3955,4050,282867,1156315685,-0.98,149801400000,86080620.0,-287325.0,20230707
011370,1004,1021,1002,1016,245109,248098457,-0.39,102509182840,-9371528.0,21316.0,20230707
065710,18200,18210,18020,18140,2767,50206180,-0.33,93421000000,-535670.0,0.0,20230707
035890,1491,1508,1479,1481,1253100,1872418972,-0.6,340346324817,189019121.0,460410835.0,20230707
357550,52500,55100,52400,55000,68301,3682330800,2.42,300025000000,191338600.0,-800.0,20230707
003100,20300,20650,20300,20400,36480,745284600,-1.21,134640000000,110138850.0,-5786000.0,20230707
067370,10000,10350,9910,10200,20365,205783900,0.49,125598261000,10822610.0,15185680.0,20230707
171090,27600,28000,26900,27100,132223,3598545850,-2.69,254110358600,748667350.0,-353447150.0,20230707
086710,9930,10100,9770,9860,65603,650546890,-0.8,120324340800,-46873350.0,140130.0,20230707
014620,15610,16110,15430,16000,731518,11601709010,3.03,457600000000,-1180066000.0,1056801270.0,20230707
037350,4400,4490,4365,4465,102450,454807555,1.36,69073550000,28756325.0,,20230707
081580,2620,2650,2605,2650,35993,94478105,0.57,41096578950,-20846580.0,0.0,20230707
045300,4550,4625,4495,4540,65177,295285915,-0.77,45216511360,-20075275.0,15.0,20230707
015750,13270,14120,12980,13720,28443097,387491602330,1.48,1097600000000,2103337700.0,2305298550.0,20230707
365340,133800,133800,131500,131600,88672,11700053000,-1.94,1579617435200,-1930144900.0,-44903900.0,20230707
080470,6440,6560,6420,6510,23700,153824050,-0.91,47523000000,-14537230.0,-9330.0,20230707
043260,1687,1705,1665,1669,443441,743814782,-1.07,89133585896,49540564.0,0.0,20230707
148150,19140,19140,17930,18730,129353,2379707630,-0.64,220719583130,365013970.0,-344553460.0,20230707
053060,2610,2675,2505,2545,930084,2392492040,-4.32,44685652085,-49030900.0,-537520.0,20230707
340440,2320,2360,2315,2330,113557,264593995,-1.06,66121588120,36120935.0,,20230707
017510,3325,3385,3290,3325,46286,153770015,-0.89,50692950000,-2760525.0,14145.0,20230707
011560,9600,9780,9490,9750,45973,442177280,0.0,102667500000,30532720.0,-2880.0,20230707
396300,5430,5590,5310,5430,205961,1115774450,-0.18,143837985000,79994970.0,-32541450.0,20230707
100700,2690,2705,2665,2685,64578,172777580,-0.74,117603000000,-22199405.0,1390.0,20230707
024830,8330,8750,8260,8430,29622,250732910,1.2,70390500000,48843990.0,0.0,20230707
258830,1805,1852,1805,1809,396189,722173888,-1.15,100156627278,-39328762.0,-405129.0,20230707
036630,600,636,600,609,1675904,1029410364,2.7,164430000000,70383635.0,-12600000.0,20230707
039310,2435,2575,2360,2390,73184,178040900,-2.85,43310784130,-13824655.0,,20230707
067770,3225,3325,3050,3270,35431,113502640,-0.46,27456859110,-19129140.0,,20230707
053450,8740,8860,8400,8600,206158,1777697210,-2.38,127218105800,-256607570.0,32903690.0,20230707
222810,3075,3295,2955,3015,2950957,9277351290,-0.5,217372530375,-94269475.0,4170955.0,20230707
252500,1056,1067,1051,1065,75938,80386611,0.0,44183005350,-9861381.0,835874.0,20230707
347000,3490,3630,3240,3315,1491295,5116646350,-3.35,109411495440,751740145.0,-9517330.0,20230707
331920,4520,4750,4520,4655,26966,124351805,1.64,38004108940,-9589185.0,,20230707
049180,3980,4110,3980,4035,507555,2048985710,-0.62,172717065375,-102344850.0,-3955.0,20230707
299660,6310,6570,6180,6180,25420,159823130,-2.37,60138766560,-22872980.0,0.0,20230707
268600,0,0,0,6680,0,0,0.0,244941204600,,,20230707
108860,17080,17090,16340,16400,472074,7840702400,-3.98,369168264000,62077590.0,-3836990.0,20230707
208370,6600,6600,6060,6220,1131498,7084749760,-7.44,134853108080,-385204290.0,-1115796100.0,20230707
318160,5510,5760,5480,5540,92987,513458070,-1.07,49482665060,157213230.0,,20230707
068760,71400,71600,69500,69900,198323,13927421200,-2.78,2768680843200,4194856800.0,-4061917900.0,20230707
091990,63200,63700,61400,61500,724156,44915983500,-2.69,10114284465000,952406000.0,-6102729500.0,20230707
068940,0,0,0,778,0,0,0.0,29766744466,,,20230707
060230,4780,4965,4745,4830,654012,3143395250,-0.72,163837541280,-163512460.0,,20230707
290690,30500,31500,24700,25400,1496015,40337770450,-15.61,209723812200,-186832400.0,3800.0,20230707
950200,6440,6560,6410,6450,33230,214792680,0.16,124008041850,-31608470.0,-28750.0,20230707
032680,867,940,866,893,7526197,6864844265,0.79,86660075001,160887487.0,1049646.0,20230707
032685,10950,11140,10950,11110,385,4259760,1.0,3967847620,-11110.0,,20230707
258790,1593,1692,1556,1587,409523,657513406,-0.94,39661167708,-1175520.0,,20230707
066910,1883,1900,1847,1861,45821,85143624,-0.91,50584203895,-17004887.0,,20230707
043100,496,496,473,474,594328,288002009,-4.63,31463744592,-16928297.0,,20230707
035610,4610,4670,4450,4450,196220,882440165,-3.47,121689686650,267991755.0,36290.0,20230707
357780,244500,245000,237000,240000,32083,7688633000,-2.24,1866855840000,1590708500.0,-1909017500.0,20230707
036830,26250,26250,25500,26000,53745,1385708100,-1.14,545065456000,190235550.0,-134522750.0,20230707
304100,20900,21350,20350,20950,126182,2619345050,-0.95,234862468050,857189850.0,-1648450.0,20230707
328380,1710,1923,1705,1750,18215993,33470016846,2.28,59959861500,-237889718.0,10248154.0,20230707
086980,3660,3750,3650,3725,250948,928124145,1.22,233326550000,-11391060.0,79230165.0,20230707
050960,10150,10160,10020,10150,7775,78448400,0.0,68522650000,-28276010.0,,20230707
084180,931,993,910,942,1121279,1069837682,1.29,76220760978,-66757829.0,158003.0,20230707
253840,6810,6870,6490,6510,76463,505881660,-4.41,106262658390,-34660170.0,-344180.0,20230707
298830,10200,10210,9600,9740,1059555,10363827090,-4.32,503167435740,-1240065560.0,-598114760.0,20230707
236200,22250,22450,21850,21850,42656,938702300,-2.46,157173015050,-226363650.0,82474500.0,20230707
094840,7550,7800,7320,7760,102693,771071180,2.78,81261478400,-34000070.0,-469640.0,20230707
192440,34950,35150,34600,35000,9215,321075250,0.0,217572705000,101762750.0,-6030650.0,20230707
136510,0,0,0,11600,0,0,0.0,550917141200,,,20230707
099440,2185,2230,2180,2225,227468,501791970,0.45,87147910000,-72192650.0,,20230707
033790,1614,1619,1573,1584,186273,296225243,-3.36,27113486400,-14308704.0,-349401.0,20230707
276040,10990,11100,10400,11040,226610,2429902450,0.36,137567496960,-27239360.0,96906160.0,20230707
159910,136,160,135,138,11950006,1734071178,0.73,48872803362,-39373638.0,,20230707
115570,4190,4225,4185,4205,18527,77873685,0.0,33574856140,-18271250.0,-17753500.0,20230707
330730,3905,3985,3870,3880,20946,81728670,-1.65,70367020400,-9775240.0,-7550.0,20230707
253450,49850,49850,48650,49200,166700,8189727250,-1.2,1478878101600,-448792150.0,434945900.0,20230707
408900,31150,32000,29750,31450,19051,596791600,-1.41,168589297500,48127800.0,3144000.0,20230707
204630,406,419,406,418,874406,360769811,1.46,41163463748,34824167.0,,20230707
013810,4490,4745,4490,4635,294769,1368461435,3.34,67928103450,174229475.0,-10.0,20230707
049830,11040,11090,10980,11060,5092,56055550,-0.54,67821158720,-7365070.0,0.0,20230707
020710,4805,4820,4695,4790,48624,230546680,-0.31,96029776300,86362020.0,90.0,20230707
033170,1549,1559,1506,1512,1208634,1843600429,-2.51,129621218328,-98887328.0,,20230707
048870,2300,2300,2215,2215,94861,212827985,-3.7,183198981960,-19745645.0,,20230707
025320,3220,3595,3195,3595,9540564,32860397485,13.23,277266165310,2077514725.0,65196505.0,20230707
269620,0,0,0,889,0,0,0.0,96529897618,,,20230707
131090,1021,1029,1009,1027,84406,85768869,-0.48,45188000000,-7414874.0,,20230707
232830,5820,6560,5660,5710,12149290,75502116080,7.53,65753345120,-296691080.0,-5780.0,20230707
139050,5550,5720,5550,5660,22403,126282940,-0.53,44501591520,14744120.0,839070.0,20230707
290520,5540,5660,5510,5510,61892,344086200,-1.78,87770784620,13449930.0,-13254710.0,20230707
001000,1944,1962,1920,1921,92838,179031301,-1.23,46637154340,-5699365.0,,20230707
025870,8400,8530,8280,8450,14809,124056590,-0.35,33800000000,6590510.0,,20230707
215600,4700,4735,4620,4680,670262,3133728645,-1.99,481418145000,336228875.0,-31376285.0,20230707
065350,10530,10670,10450,10570,66654,701687740,-0.75,290505330360,-129392230.0,100471980.0,20230707
162300,5240,5270,4950,5170,4480251,22815526945,-5.14,214407044940,-279681680.0,46596350.0,20230707
002800,4650,4650,4530,4535,20012,91543320,-3.1,68798217500,-3674075.0,2181350.0,20230707
419270,2280,2290,2280,2280,3374,7711825,-0.22,9815400000,68690.0,372455.0,20230707
430220,2185,2215,2180,2195,9334,20479730,0.0,14838200000,,766720.0,20230707
445970,2110,2125,2110,2125,10335,21889575,0.0,11390000000,-53000.0,-9398710.0,20230707
017000,4675,4880,4670,4840,85184,406650905,2.43,56473250680,46164470.0,45.0,20230707
012790,7700,7700,7470,7530,37300,280702220,-1.44,90257704950,-54509830.0,-2204590.0,20230707
138070,2975,3005,2885,2925,374054,1103632235,-2.66,51196871700,-49888440.0,2895.0,20230707
226330,10740,10880,9850,9940,614920,6282909230,-8.89,134722346640,1329621050.0,-2032362000.0,20230707
418210,2265,2280,2265,2265,3347,7626330,-0.66,8289900000,-86460.0,-6655320.0,20230707
366330,5140,5370,4940,5340,163339,847174280,5.33,24297000000,25156220.0,210700.0,20230707
393360,0,0,0,2325,0,0,0.0,17088750000,,,20230707
405640,2280,2295,2280,2295,9582,21898115,-0.22,10407825000,-162330.0,-8540940.0,20230707
056700,2720,2720,2580,2595,114423,298698855,-2.99,75605561145,-26909840.0,,20230707
187270,4950,5140,4950,5060,76694,386494600,-0.78,51327855700,-376650.0,-7024540.0,20230707
243840,47100,47450,46650,47000,17531,822595950,-0.21,364871763000,-32880750.0,-7138850.0,20230707
257720,7800,7870,7450,7490,1055055,8007062520,-3.6,451879819160,-1959606970.0,-1003636000.0,20230707
222800,33250,33500,32400,32700,516500,16916303200,-2.53,1041630476100,1799452000.0,-292717200.0,20230707
036710,2925,2960,2850,2960,99641,287319965,0.34,143116429200,-32192060.0,,20230707
160980,13700,13700,13290,13320,29214,391276110,-2.77,145510916760,-14269790.0,13380.0,20230707
356890,9140,9370,9130,9250,6491,59769660,-1.28,43997902500,-2842730.0,,20230707
217330,16440,17660,16400,17660,58853,1002461200,7.42,316719896940,431000740.0,-1017380.0,20230707
010280,866,878,865,868,323613,281397942,-0.23,56527446248,20977353.0,4806472.0,20230707
208640,475,479,465,465,302625,142061684,-2.52,64746718110,24164599.0,,20230707
222420,2045,2080,2015,2020,285368,580907410,-1.22,91829666620,756275.0,0.0,20230707
037760,1635,1645,1620,1645,48536,79111389,0.61,55655155045,-7542953.0,,20230707
099320,29450,29800,28950,29150,21137,616143000,-1.02,264845444050,111256950.0,14242200.0,20230707
049960,12400,12500,12240,12400,4406,54364560,-0.32,116560000000,-9954780.0,-3202490.0,20230707
050890,5300,5370,5210,5300,237153,1253525960,-0.19,324474692000,-159652490.0,6755620.0,20230707
066790,548,548,533,543,130233,70177948,-1.81,30421605408,-708559.0,-3212294.0,20230707
222080,13810,14160,13760,13850,1076393,15002779750,-0.5,929075783400,-799394430.0,-183312100.0,20230707
352480,49000,49600,47250,48700,71583,3452034200,-0.61,487678926700,1431637150.0,-1281743050.0,20230707
264660,12970,13000,12680,12940,10754,138112550,-0.46,110721653480,-25745850.0,,20230707
352700,3950,3950,3800,3830,69155,266186240,-2.79,104470523170,-39543320.0,3915.0,20230707
297090,13920,13920,13300,13360,427663,5769687230,-2.98,360720000000,-1675586050.0,520762620.0,20230707
359090,1232,1252,1219,1222,105183,129201012,-2.32,66606269678,-10805396.0,828934.0,20230707
115530,476,481,466,474,249647,117969442,-1.25,32214462000,-17887372.0,832389.0,20230707
115480,1239,1249,1222,1233,256853,316967060,-1.28,59460880014,29773629.0,835701.0,20230707
340810,12110,12400,11910,11960,113278,1368316450,-1.56,123760417560,167182060.0,165790.0,20230707
376290,4235,4295,4155,4235,49808,209295450,-1.28,74779512500,18738685.0,,20230707
189330,17300,17300,16020,16320,171449,2818412950,7.23,99254714880,-49657850.0,-3196750.0,20230707
096530,19890,19990,19330,19430,291151,5679196010,-2.36,1014751063420,138822790.0,-203252990.0,20230707
900120,153,155,151,152,1101354,167810912,-1.3,25209335736,3246672.0,,20230707
101240,6430,6560,6380,6440,126438,815641330,0.31,65289904960,96533490.0,586700.0,20230707
060590,9760,9990,9470,9720,68957,666286810,-0.41,235039514400,-112106210.0,-59639800.0,20230707
260930,6730,6960,6680,6920,72142,495216430,1.76,133843809720,-5256680.0,118979760.0,20230707
013990,3315,3325,3230,3275,173430,566195465,-1.21,107706680400,-22768290.0,,20230707
123860,20000,20750,20000,20400,72190,1457528850,1.75,239125434000,612862450.0,3870300.0,20230707
025980,7230,7310,7070,7160,558831,4024825890,-2.05,626639827640,484710530.0,-322040120.0,20230707
058220,0,0,0,275,0,0,0.0,10717917100,,,20230707
125210,17850,18230,16710,16730,951343,16733942060,-5.8,275991296700,-2664945980.0,242355730.0,20230707
357580,16090,16300,15730,15760,83462,1327341890,-1.5,176513197760,-22790760.0,,20230707
052710,11900,11980,10300,10800,537908,5845183270,-9.7,157843177200,238794390.0,-165042530.0,20230707
074430,1529,1529,1497,1502,201885,303770135,-1.83,131915919688,19066072.0,-6008.0,20230707
092040,18450,18560,18000,18000,102912,1866579310,-2.54,355584744000,200371930.0,-161109870.0,20230707
083930,21650,22100,21250,21500,230879,4995999050,-1.38,331375157000,-74767100.0,-55513250.0,20230707
149950,15210,15210,14950,15070,8718,130778230,-0.26,235205025000,-7121320.0,,20230707
036010,16630,16660,15930,16140,405905,6573985640,-1.82,214547954760,-1140043370.0,-527399020.0,20230707
050860,2810,2860,2750,2750,181256,508841950,-2.83,61875000000,-135310480.0,,20230707
136410,9850,9970,9550,9750,29032,284012500,-2.21,107436283500,3241680.0,-63761800.0,20230707
246720,9170,9430,9050,9410,89147,821247710,2.39,121426875250,145057310.0,-45730.0,20230707
067390,2635,2670,2545,2565,143204,370331085,-2.66,108463831110,58749225.0,,20230707
159010,14350,14590,14190,14580,73500,1054983840,1.18,194420494620,-64952440.0,-336201360.0,20230707
127710,1467,1482,1453,1453,13642,19998986,-1.29,50715631146,17436.0,,20230707
154030,3600,3780,3600,3775,196965,735718490,3.42,41981167225,16036470.0,836225.0,20230707
227610,4090,4165,3700,3840,1223015,4756476280,-7.47,90918213120,-575873840.0,-5114280.0,20230707
143160,19990,19990,19400,19400,31203,608921770,-3.0,207897966000,-149999220.0,10235840.0,20230707
054800,12410,12580,12360,12510,1882,23421800,0.81,129450427560,99160.0,70.0,20230707
332370,3855,3925,3850,3880,31117,121013925,0.13,51502056880,-5169685.0,0.0,20230707
339950,2025,2045,2000,2040,113283,229524480,0.74,91691176200,23727145.0,,20230707
099190,23550,23600,22800,23450,150704,3487217500,-0.21,645303501850,697546750.0,-629905050.0,20230707
289010,4355,4460,4350,4350,46514,204266070,-1.47,55958560950,-93942525.0,,20230707
214430,31350,31950,30800,31850,84721,2662093000,2.74,226350306000,77754150.0,-402243350.0,20230707
040910,10560,10710,10550,10570,28898,306698070,-0.75,195173379940,-22233740.0,7650.0,20230707
368600,6150,6150,5900,6100,150635,898560890,-0.81,103665016500,-100314220.0,-114685950.0,20230707
052860,2745,2790,2705,2745,73632,201965500,-1.79,49033534230,-6071380.0,238335.0,20230707
069920,3475,3550,3405,3520,132817,459848640,-0.98,90908794240,36436430.0,21120.0,20230707
038880,586,598,580,592,1061702,621493471,1.02,174503336800,-56190859.0,-236709.0,20230707
307180,3795,3890,3775,3830,39979,153034755,0.0,97524592200,-20204125.0,,20230707
101390,6620,6700,6050,6070,469785,2947799510,-10.34,54956304990,-324624120.0,,20230707
078860,244,265,242,243,1228110,305620334,-0.41,23358732696,11113801.0,,20230707
090150,1572,1600,1567,1593,283226,446830083,-0.81,66707341749,25692891.0,15870000.0,20230707
123010,2170,2180,2090,2090,98402,208989005,-4.13,68256352780,-28763920.0,57500.0,20230707
031310,3010,3065,2950,2950,310339,933746230,-1.17,51571681700,28467035.0,,20230707
185490,3905,3935,3810,3850,55801,213918445,-1.41,82691609000,4823025.0,,20230707
059100,6700,6830,6670,6710,10860,72980440,-0.3,47445470600,776290.0,,20230707
262840,6930,7060,6880,6960,14353,99597120,-0.14,68625600000,-17197210.0,677190.0,20230707
175250,2750,3015,2595,2665,1105043,3077523930,0.38,100093050720,-186404370.0,-26826710.0,20230707
052460,4120,4265,4120,4185,214422,896365740,-1.06,61134212160,37265030.0,,20230707
119830,9810,9900,9290,9290,183381,1747024450,-5.3,199124619130,31425690.0,36601790.0,20230707
052770,1387,1387,1213,1260,1200085,1530319845,-9.81,47410610940,166849229.0,-194240640.0,20230707
124500,3775,3875,3750,3860,199082,756108605,1.31,78384761380,-18691030.0,26495.0,20230707
372800,9110,9250,9070,9180,14285,130303680,-0.76,55235968200,15756510.0,-2100.0,20230707
084850,21600,21600,20450,20700,36900,763025300,-2.13,469433233800,3514550.0,-14225800.0,20230707
114840,26600,27600,25550,26800,110032,2885405400,0.19,230506049600,125733550.0,-384112200.0,20230707
027360,2180,2185,2150,2160,156484,339027095,-0.92,260977584960,-57656875.0,-10641215.0,20230707
032080,1750,1759,1730,1740,50465,87876738,-1.42,37394390460,-6502935.0,,20230707
013310,7420,7480,6970,7170,4617625,33041765090,-5.03,278243192940,-2132710640.0,-537937910.0,20230707
059120,9210,9420,9130,9150,59408,548313430,-1.51,89199653400,695680.0,10.0,20230707
158430,20350,20600,20000,20050,29120,586069050,-0.99,87489718850,-51945300.0,,20230707
067160,73800,74400,68100,71000,264220,18663771400,-3.79,816128457000,-1957150000.0,-2658837700.0,20230707
001540,8080,8120,7940,8110,17342,139544100,-0.37,105774026200,-39138900.0,84460.0,20230707
053800,61500,62100,60700,61600,62542,3838259000,0.0,616853468000,-831733600.0,93981700.0,20230707
065660,15040,15860,14800,15260,53017,801456000,1.53,148500751980,121364520.0,64113560.0,20230707
297570,1632,1633,1586,1595,134402,214635219,-2.33,55220842710,14260966.0,842389.0,20230707
260660,5740,5800,5670,5740,23436,134046530,0.53,87977100540,-15892080.0,-8890.0,20230707
354320,133200,140500,130300,137400,554425,75336040800,2.0,819780749400,175738700.0,1027691300.0,20230707
361570,5300,5520,5300,5380,109883,592876640,-0.55,52176278340,-4338460.0,-150.0,20230707
215790,1850,2375,1813,2215,49318022,107425935226,19.28,89227175035,795046128.0,25480693.0,20230707
131370,3665,3680,3605,3625,42680,154782185,-1.49,193093175875,-29390380.0,-21570.0,20230707
140670,12340,12480,12110,12300,55263,676906050,-0.65,114428622000,130835470.0,12430.0,20230707
096610,18080,18300,16900,17390,192191,3330208660,-3.12,275042865890,351516820.0,310.0,20230707
061040,4405,4410,4280,4385,123338,533425225,-0.45,140711400715,10322695.0,2788235.0,20230707
148250,7860,7920,7720,7880,14167,110702910,0.0,58242545680,-12599480.0,1041630.0,20230707
347860,8570,8740,8410,8420,96292,821432600,-2.21,181454132240,112241680.0,-25908280.0,20230707
196170,38900,39550,38300,38600,423498,16399726450,-0.9,1995739891600,3645945700.0,-3988039450.0,20230707
123750,3735,3755,3530,3555,198113,718044785,-4.95,45313085835,-54211820.0,-39216040.0,20230707
085810,1757,1777,1720,1728,131425,227857536,-1.76,51297008832,26442266.0,,20230707
117670,0,0,0,945,0,0,0.0,34481616435,,,20230707
314140,10520,10600,10450,10540,19588,205809670,-0.57,91343444940,-42917830.0,10570.0,20230707
291650,3900,3975,3750,3800,143706,552391830,-4.4,64524957600,117008170.0,,20230707
293780,8680,8830,8370,8430,162703,1385540470,-3.88,187979440380,-90251650.0,6386660.0,20230707
196300,14700,15280,14700,14910,7473,112034600,0.07,83534109960,-17255550.0,-1504000.0,20230707
310200,3950,4095,3925,4055,284113,1146131925,0.5,183231890080,-133468800.0,264190050.0,20230707
179530,3895,3895,3730,3750,40886,153978955,-4.7,34276665000,-13992665.0,,20230707
900100,2390,2595,2315,2570,708430,1780901410,5.54,93960467010,14844030.0,,20230707
205500,2425,2475,2390,2395,153115,371237600,-2.24,111477808910,-16365765.0,-196390.0,20230707
052790,6330,6350,6180,6350,15073,94127980,-0.31,71949551300,-16605770.0,,20230707
290740,7210,7310,7120,7120,31532,225994090,-2.47,71662878320,-13556220.0,,20230707
238090,2275,2450,2265,2315,203520,479111635,0.22,54498116445,-6272125.0,-83100.0,20230707
092600,1760,1819,1740,1803,52219,92902141,1.18,45225581151,-42297506.0,,20230707
129890,3730,3750,3670,3700,48383,178585890,-2.25,37476123400,2655950.0,3740.0,20230707
174900,15450,15610,15130,15400,72618,1114039720,-0.32,236421862600,-45742820.0,-8410540.0,20230707
255440,11030,11220,10800,10800,36063,393784840,-2.44,141026400000,17078510.0,11020.0,20230707
030960,16950,17360,16120,16120,197633,3299225070,-3.47,257597600000,-186031190.0,-65450.0,20230707
102120,10450,10530,10280,10290,175501,1818140590,-1.53,182963948370,-100002000.0,18643690.0,20230707
263540,0,0,0,5950,0,0,0.0,62439841450,,,20230707
238120,8440,8690,8250,8350,24926,208287920,-1.3,60031890800,-5566250.0,157340.0,20230707
019990,7820,7950,7710,7900,23428,183441490,1.02,77073095200,538460.0,0.0,20230707
270660,14250,14840,14250,14820,65439,951716350,2.21,180675688440,88997340.0,-1614310.0,20230707
038680,5140,5240,5000,5160,211747,1088627320,0.39,94295403480,-194695890.0,-120.0,20230707
217480,0,0,0,349,0,0,0.0,14870423038,,,20230707
121890,0,0,0,739,0,0,0.0,9375042680,,,20230707
097780,1146,1172,1146,1160,111842,128892702,0.26,72767192080,-17926852.0,,20230707
304360,9910,10170,9650,9900,212181,2106773770,-1.49,111326252400,-248838600.0,8461470.0,20230707
389500,36800,37600,36500,37000,46597,1725449750,0.27,228471448000,474646750.0,-17691500.0,20230707
042110,1583,1604,1556,1576,155296,244392922,-0.76,76167392864,-48602542.0,,20230707
298060,6510,6600,6350,6350,35110,225983650,-3.79,77825854000,-70934270.0,,20230707
065420,422,436,405,405,620281,257186077,-7.53,28988806095,-6270970.0,-187380.0,20230707
103230,6570,7230,6000,6100,3666999,24734036600,-3.94,43920000000,-429556170.0,,20230707
260970,14610,14840,14460,14560,3830,55859430,-1.62,59105155200,-798700.0,-161580.0,20230707
101490,51700,52700,51300,52000,421677,21924003000,-0.19,1115475244000,-3291539100.0,1366525400.0,20230707
095910,2405,2485,2390,2405,123698,299191750,-3.61,46908329715,37194995.0,-33670.0,20230707
275630,4675,4725,4635,4700,29925,140089455,-1.47,28284548300,-21515955.0,4274455.0,20230707
031330,3000,3015,2965,2985,199088,594272445,-0.67,298485274995,-1382380.0,4810265.0,20230707
060540,2335,2465,2335,2400,295214,709746345,1.69,62719934400,267392245.0,0.0,20230707
351320,3560,3675,3515,3570,49342,176166300,-0.7,78596713020,8924570.0,,20230707
056190,36000,36100,35150,35300,224984,7978071050,-2.22,1267579228000,347051850.0,-1384528150.0,20230707
080000,3555,3585,3450,3495,217232,762136555,-1.83,119958430650,126385070.0,,20230707
214310,0,0,0,306,0,0,0.0,22516276518,,,20230707
041510,106600,107400,104200,105500,183745,19400394700,-1.12,2514160055500,1357633100.0,-978786500.0,20230707
007820,6390,6420,6170,6220,141347,881931790,-2.66,124611144120,83322890.0,380420.0,20230707
109610,5160,5610,5120,5550,20972641,114081559270,5.51,271436070000,-447326900.0,118080450.0,20230707
031860,902,930,871,915,533687,480349121,1.44,80450427975,23895727.0,-16965.0,20230707
306040,12160,12290,11920,12110,34483,416816020,-1.46,119475177080,-8721360.0,-22466600.0,20230707
435870,2330,2365,2330,2350,10620,24849515,0.21,8742000000,-588145.0,-2051185.0,20230707
096630,1727,1757,1715,1752,831404,1447420761,1.04,119329800984,32825984.0,122018832.0,20230707
069510,7870,7870,7700,7700,5607,43530400,-2.16,84007000000,107850.0,-1590290.0,20230707
041910,7040,7080,6960,7050,36793,257812220,0.0,83882754150,-30423980.0,2503140.0,20230707
234300,5330,5430,5190,5260,1404620,7439258180,-2.59,143737958080,-236448600.0,-309491610.0,20230707
039440,18660,19110,18350,18390,748460,14048552360,-1.08,291113700000,-3347178290.0,-378505010.0,20230707
098660,2490,2495,2465,2480,30787,76362175,-1.78,31002420480,-35378380.0,-2485.0,20230707
052020,15000,15000,14240,14600,331778,4802590150,-1.28,675666114600,226563770.0,-190532940.0,20230707
237690,73700,74400,71700,72700,76840,5585851100,-1.49,1367397942500,271568900.0,-775325800.0,20230707
050760,2325,2330,2260,2265,40017,91191110,-3.82,36998045670,-26638970.0,,20230707
288620,18400,18500,17810,17930,88138,1591827800,-3.24,125139135880,-101989190.0,-11413180.0,20230707
317830,15050,15620,14800,15140,234235,3548874940,-2.01,144331663900,-21519680.0,357911810.0,20230707
058610,28500,29300,28350,28600,246722,7096114050,-0.35,634272496000,58352700.0,-877300.0,20230707
043340,837,841,830,836,32973,27497794,-0.12,60192000000,-2697246.0,,20230707
187660,2730,2770,2685,2740,564415,1528399965,-1.08,59831325000,16355545.0,0.0,20230707
054630,395,403,387,390,806949,317578301,-3.23,31086689790,-13860921.0,,20230707
200710,22250,22600,21450,21650,404417,8870317700,-3.56,290696043850,294180100.0,339275550.0,20230707
096690,404,412,404,409,266310,108427816,0.99,65842434732,-13795061.0,0.0,20230707
298380,19050,19090,18100,18150,731699,13406527650,-4.82,868523582850,21612670.0,-3210911340.0,20230707
203400,7470,7470,7040,7430,54396,396815050,-0.8,140020110910,-12743290.0,24949940.0,20230707
195990,436,445,432,439,601938,262844202,-0.45,121730187519,61273700.0,,20230707
003800,26900,27150,26500,27000,5520,147815900,-0.55,299430000000,-13295800.0,50.0,20230707
088800,2910,2950,2850,2870,169716,489528185,-2.05,128937829510,-57353640.0,5499940.0,20230707
241840,16960,17040,16060,16160,74049,1208691660,-4.72,154166303040,151973810.0,-425370540.0,20230707
312610,4240,4360,4110,4135,106718,443473890,-2.59,83762231880,6470210.0,-67005.0,20230707
072990,7350,7350,7160,7170,19089,138049790,-3.11,51412922370,-5910120.0,0.0,20230707
227100,3805,3810,3595,3685,90675,334217975,-3.15,46749980970,-70309895.0,-231735.0,20230707
239610,18400,19300,17750,17750,127560,2346553850,-3.06,95710041250,-14768010.0,300.0,20230707
353060,0,0,0,2090,0,0,0.0,10690350000,,,20230707
148930,9600,9670,9300,9390,50422,477259950,-2.19,94841000070,-98408390.0,-38885050.0,20230707
044780,1892,1910,1881,1890,65339,123634587,-1.05,34975937430,-27959942.0,,20230707
357230,9620,9680,9380,9400,51026,485440040,-1.88,194689848400,3796210.0,-104462550.0,20230707
071670,11640,12090,11500,11500,120199,1413065470,-1.12,115000000000,-28664250.0,-92640.0,20230707
045660,9860,10180,9790,10100,50662,505852260,2.33,83426000000,148986160.0,-8080.0,20230707
224110,14710,15380,14710,15140,38745,584273280,1.34,80847600000,141516000.0,-30060.0,20230707
230980,1147,1147,1095,1105,476058,531079489,-3.66,92210126190,-283369085.0,-3229915.0,20230707
021080,2405,2410,2330,2335,99505,233296105,-3.11,112080000000,-28527910.0,-81725.0,20230707
089530,0,0,0,600,0,0,0.0,43367041800,,,20230707
200470,3860,4075,3860,3995,331868,1325088395,1.14,169236561535,44258105.0,,20230707
262260,19350,19450,18670,18720,294676,5607227430,-3.75,270720290880,-327003680.0,-216642330.0,20230707
109960,1386,1386,1321,1356,70386,94993184,-2.16,70350763464,8343178.0,,20230707
397030,21100,21100,19330,19680,93805,1862554570,-6.95,210346236000,-287188020.0,-82861520.0,20230707
089970,16160,16700,15950,16250,165076,2687126460,-1.1,389684668750,-407155570.0,1131206440.0,20230707
230240,19050,19490,18790,19150,130365,2478761840,-0.83,258314847900,-158481380.0,-161994330.0,20230707
230360,10140,10370,9990,10070,111496,1130046580,0.0,325946052030,-73318110.0,1279000.0,20230707
038870,6100,6270,5890,5910,175092,1055826810,-3.9,76159516410,-80922990.0,-40.0,20230707
101360,40300,41350,39700,40200,176627,7142717650,0.63,458894376600,-76633300.0,50669250.0,20230707
128540,4355,4435,4225,4240,230574,992018760,-1.4,113167550400,-55706120.0,,20230707
086520,940000,980000,937000,980000,870911,836665207000,4.14,26095114640000,39752485000.0,743739000.0,20230707
247540,272500,280000,271500,280000,1036721,285740495000,1.82,27384376320000,-15171063500.0,-3425682500.0,20230707
383310,62700,63800,61400,62300,183557,11430235500,-1.74,953497263600,172719800.0,-1066817000.0,20230707
038110,7250,7480,6940,7430,5567248,40402560190,1.09,253878419100,-985367840.0,2294700290.0,20230707
073540,2710,2730,2525,2645,56014,147977705,-3.99,30153000000,-492465.0,,20230707
064850,8250,8250,7920,7960,16942,136062480,-2.33,96156800000,-26574550.0,-27402370.0,20230707
036810,18560,19450,18550,18700,280383,5320704620,-0.37,406851954300,-556192280.0,-7284050.0,20230707
173940,7720,8020,7580,8000,38343,299108510,1.01,123046072000,5680360.0,51880930.0,20230707
083500,8860,8900,8620,8730,52593,458548750,-1.91,74124003060,-69742230.0,-42113980.0,20230707
054940,1137,1164,1133,1133,241121,275266984,-1.39,37585629884,25516317.0,838439.0,20230707
043090,951,955,910,952,302021,280750468,0.42,55594908376,11089395.0,,20230707
950130,7700,7800,7510,7580,136837,1040766430,-1.69,275271694660,29514870.0,,20230707
205100,4000,4030,3920,3975,186341,737340805,-0.63,144619535175,-134604935.0,,20230707
356680,4980,5080,4875,5020,331784,1656950140,0.8,136225154700,313359725.0,,20230707
070300,3005,3020,2970,3020,16948,50750135,0.0,22245543480,-3907665.0,12978150.0,20230707
317770,15920,18500,15680,17120,422312,7376380980,8.29,52284822400,86419760.0,1827070.0,20230707
092870,13370,13380,13000,13230,174300,2294143370,-1.05,143529584310,103061990.0,20.0,20230707
317870,14430,14430,13760,14180,35241,493315070,-0.56,116452484280,-114434010.0,,20230707
067570,3615,3660,3510,3600,141303,506119405,-0.41,118168963200,-5078165.0,-74196415.0,20230707
236810,6780,7000,6650,6900,620840,4272890460,2.22,117130439400,-316717280.0,440030620.0,20230707
333620,14210,14470,14010,14380,54524,776256210,-0.14,151800226720,-84355610.0,-1059880.0,20230707
101400,710,723,697,704,152532,107343952,-0.28,41106592384,-18192382.0,,20230707
391060,9960,9970,9960,9960,1376,13705730,0.0,50796000000,0.0,0.0,20230707
422040,2175,2195,2175,2190,4390,9608595,0.0,15680400000,-10925.0,-4390350.0,20230707
437780,0,0,0,2180,0,0,0.0,10965400000,,,20230707
438580,2405,2420,2375,2415,11005,26367360,-0.62,7293300000,-805985.0,-15890350.0,20230707
439410,2145,2165,2145,2165,14148,30462780,0.0,19052000000,0.0,17351305.0,20230707
440820,2165,2185,2165,2180,4693,10195255,-0.23,17004000000,10850.0,1200895.0,20230707
450410,0,0,0,2230,0,0,0.0,8741600000,,,20230707
451700,2030,2040,2030,2040,51956,105591890,0.49,29274000000,-17025480.0,19676050.0,20230707
265740,8830,8940,8780,8790,11081,97846480,-1.12,78510522000,-9466630.0,,20230707
354200,6500,6540,6300,6310,28371,180286730,-3.07,79615869720,10005140.0,6381600.0,20230707
419080,21000,21600,20400,21250,151329,3153747750,0.0,223503611250,504483800.0,-251651500.0,20230707
208860,0,0,0,2205,0,0,0.0,25233717915,,,20230707
183490,1800,1828,1760,1773,238371,426865403,-2.26,150821241426,-136304183.0,-3546.0,20230707
182400,15600,16410,15100,16170,1052034,16705391290,2.93,651235479510,-1755772230.0,610427040.0,20230707
348370,68500,69700,67600,68300,143244,9813385600,-0.29,1105066748300,-893008100.0,-989453600.0,20230707
058450,892,898,866,878,204432,179118215,-1.57,43309885664,-17324362.0,,20230707
069410,5340,6190,5230,5350,1679039,9668258740,0.38,54809808400,-118936910.0,1026460.0,20230707
227950,1079,1094,1058,1068,489384,522514741,-1.02,110539202568,-28811950.0,,20230707
291230,4205,4240,4045,4060,525776,2155252955,-5.03,177525737060,91992095.0,,20230707
198080,2115,2145,2105,2120,35899,76202425,-0.7,45654592200,-489125.0,-754655.0,20230707
048830,1996,2000,1939,1956,117184,229830316,-2.2,36623993388,1348843.0,,20230707
096870,3615,3620,3540,3620,29864,106829880,-0.82,24175808000,-25344520.0,,20230707
138690,0,0,0,2750,0,0,0.0,100318515000,,,20230707
290650,35700,37350,35100,36950,382060,13913311550,3.94,838206722450,456035250.0,3178088450.0,20230707
066970,237000,242000,235500,238000,429406,102168585000,-0.21,8625066688000,4163914000.0,-19493593000.0,20230707
156100,5980,6090,5800,5830,67989,402464360,-3.95,78154991970,-1815190.0,1461380.0,20230707
073110,7040,7060,6950,6970,9473,66252270,-1.13,62003412350,-9313480.0,,20230707
083310,16270,16490,16060,16250,131693,2145145110,-0.12,289413036250,-138878820.0,-64090390.0,20230707
037950,1392,1399,1365,1390,761317,1051381542,-1.21,117382051410,81455546.0,,20230707
170920,10340,10530,10340,10390,36389,378425510,-0.76,90266719940,-21778340.0,51650.0,20230707
058630,6960,7140,6900,7120,71085,500890940,1.28,139152404240,47671410.0,15533960.0,20230707
058970,47500,48200,45850,46250,134626,6295774450,-3.65,518560550000,852402600.0,-1477817100.0,20230707
019590,930,945,870,940,349696,322328282,1.4,99464610100,28264061.0,,20230707
169330,3040,3055,2950,3000,48175,143908685,-1.32,54740754000,-12236790.0,-12981700.0,20230707
179290,10540,10870,10540,10830,153919,1642172030,1.59,347812792740,193118510.0,201114150.0,20230707
009780,7140,7360,7050,7230,782027,5652436620,1.26,127248000000,-370276050.0,-951480.0,20230707
123040,5700,5720,5430,5500,325839,1803554990,-3.34,251036758500,-421624500.0,-159099910.0,20230707
323230,863,863,792,811,302946,245615856,-7.31,24550316260,-25187210.0,,20230707
032790,2930,3030,2910,2935,34110,99823400,-0.51,93205512405,-9757550.0,-5845335.0,20230707
033160,14350,14580,13940,13960,238670,3381266630,-2.51,308045980760,-7159980.0,330300.0,20230707
347890,8610,8680,8270,8480,171719,1447610600,-1.62,142448769920,13463400.0,-282571070.0,20230707
033310,4065,4185,4050,4175,44373,182400285,1.71,168428814425,-6234275.0,,20230707
259630,12200,12600,12170,12500,153966,1917318330,1.79,153530025000,8310180.0,179043550.0,20230707
115960,14200,14340,14070,14170,9495,134222030,-1.19,175679660000,21464670.0,-7851030.0,20230707
060850,8380,8420,8250,8410,7074,58929560,0.36,68381710000,-15350360.0,-1640.0,20230707
143540,1176,1194,1160,1172,217539,255248881,-1.84,52271076940,19499132.0,,20230707
036560,13160,13160,12560,12680,167805,2142983490,-3.57,199710000000,-493659440.0,13543410.0,20230707
265560,10590,10600,10160,10200,46731,480609100,-3.77,109039836000,-52666290.0,-667540.0,20230707
036000,2250,2250,2170,2215,15286,33765115,-2.42,51020923555,-3387575.0,,20230707
250930,982,993,982,990,69277,68333424,-0.7,32670435600,2662559.0,,20230707
053280,4965,4995,4930,4940,43431,215262350,-0.7,123500000000,-26510255.0,1332030.0,20230707
122640,12540,13030,12440,12570,92565,1177873420,0.24,227357888940,46969550.0,,20230707
900300,172,176,169,171,1132521,193518879,-0.58,41940055251,-12220321.0,,20230707
045060,3220,3225,3195,3195,27439,87867015,-0.93,54129606930,966940.0,0.0,20230707
080520,4985,5010,4910,4940,31846,157353035,-1.59,58028248460,-40495400.0,15.0,20230707
039830,7400,7410,7270,7340,16997,124657040,-1.08,78999612600,-13698220.0,,20230707
322310,23900,24350,23000,23400,424081,10068751050,-0.64,219177082800,736977500.0,-245767250.0,20230707
046120,4295,4550,4260,4370,555390,2449973660,1.63,118290760880,99692105.0,-235055.0,20230707
014940,3955,4145,3925,4040,297279,1199058980,1.89,184117590440,-93268260.0,-5079955.0,20230707
065500,1505,1559,1500,1512,107291,162756215,-0.85,47995282944,-12541108.0,,20230707
010470,12580,13050,12560,12940,49014,628395750,1.65,154957147000,146429900.0,0.0,20230707
417860,38000,38000,37000,37000,20162,750998300,-2.37,143551675000,-56773950.0,750.0,20230707
352910,10620,10740,10250,10410,67575,704895600,-2.71,126649028130,-4891070.0,-1931020.0,20230707
053980,6260,6310,5960,6120,507915,3107816570,-2.7,108617037840,359165210.0,-1297210.0,20230707
052420,1419,1421,1390,1404,353622,495681723,-1.4,102797805240,106850243.0,,20230707
241790,16850,17150,16730,16870,72280,1223499330,0.0,168744435580,-9983500.0,64522310.0,20230707
039200,20900,20950,20000,20750,163808,3346335550,-0.95,784792410750,714998000.0,-921767000.0,20230707
226400,6200,6450,6130,6230,405910,2543338830,-1.11,127220344230,-192731230.0,-117399360.0,20230707
031510,1586,1594,1551,1594,39614,61897862,-0.62,44632000000,-10948532.0,841287.0,20230707
048260,0,0,0,188000,0,0,0.0,2928379744000,,,20230707
368970,6020,6200,6020,6090,31049,189569050,0.16,56918114400,-66345350.0,47029330.0,20230707
138080,14900,15200,14770,14830,46073,683771430,-0.54,157555328850,-55923240.0,-42676190.0,20230707
080580,15270,15300,14870,15150,28922,434958700,-0.79,267841364700,-63418470.0,110226460.0,20230707
067170,5250,5280,5070,5120,34230,175524960,-2.48,78805017600,-45103060.0,,20230707
353590,11110,11250,11020,11100,28578,316626370,-0.09,142918827000,17073300.0,-480.0,20230707
173130,12510,12840,12400,12740,80801,1021463940,1.76,151101878200,176712790.0,,20230707
440320,14850,17480,14570,14890,3407242,55200505850,-2.62,144251639800,-438482150.0,424360.0,20230707
049480,2720,2725,2620,2640,427994,1138492100,-2.94,82955091120,-182327665.0,,20230707
394280,18870,19290,18350,19290,476436,9013854450,1.63,412281504900,-186133260.0,302766720.0,20230707
309930,4540,4565,4275,4410,234461,1029666955,-3.08,93799773900,130057525.0,-217680.0,20230707
244460,2190,2200,2045,2145,1155501,2448731405,3.13,64527071895,-333160510.0,-1024750.0,20230707
226950,15070,15400,14840,15100,45818,694108780,0.2,207385816000,11626750.0,131864280.0,20230707
057540,1290,1293,1241,1265,336888,425984005,-2.47,58758434075,-13253624.0,0.0,20230707
131030,5310,5360,5260,5320,58407,309859480,0.0,85934821840,949440.0,-63920.0,20230707
082210,2645,2680,2500,2625,154165,397347450,-2.05,64270355625,75681245.0,,20230707
109080,13250,13250,12730,12740,36784,473510860,-3.34,71802640000,-68504300.0,,20230707
380540,1960,1987,1880,1939,535620,1026773345,-2.66,54557829144,2898486.0,-21905863.0,20230707
153710,7650,7800,7550,7740,18275,140462610,0.13,113545474920,-8355540.0,,20230707
321820,4945,4945,4630,4840,78583,371088755,-3.1,33436084880,-14202960.0,,20230707
122990,6980,7210,6950,7150,37385,265230750,1.13,201536628150,-2314610.0,4646110.0,20230707
112290,12630,12910,12410,12870,104491,1319719690,1.9,130122714150,-92108480.0,-8192820.0,20230707
232140,4270,4320,4165,4205,324780,1365783800,-2.66,345000696750,-20119670.0,-43073660.0,20230707
065530,2500,2585,2455,2545,1058049,2677946935,2.41,134528700000,-109603575.0,9996760.0,20230707
067900,8790,8790,8490,8640,97627,838225550,-1.71,157245053760,-230268500.0,-212134830.0,20230707
007530,3500,3595,3500,3520,47463,167901535,-2.09,67494071040,-17664880.0,,20230707
155650,6250,6260,6160,6170,76234,471545280,-1.75,120156788860,-166872000.0,-3598940.0,20230707
273640,22450,22500,21850,22100,104403,2302710550,-1.56,242348600000,-298629000.0,-24301900.0,20230707
251370,12560,12560,11940,12110,10589,128469980,-3.58,197568159040,-53175930.0,,20230707
066430,1106,1155,1106,1141,270265,306299214,2.33,44352164710,-43298106.0,,20230707
193250,1073,1094,1073,1083,105127,113496994,-0.28,62194281408,-7667375.0,,20230707
273060,1527,1674,1497,1674,10871701,17701952236,29.97,84469340268,10534242.0,-1054039968.0,20230707
019210,6390,6430,6300,6320,87822,557152350,-1.56,193226536080,-201076580.0,-34328180.0,20230707
122870,78000,79400,77300,78300,279985,21917747100,-0.38,1462291571700,1619163800.0,-1996355700.0,20230707
332570,4010,4120,3975,4050,1228774,4969996385,-0.25,155480941800,-574139855.0,-44500330.0,20230707
079000,5480,5500,5450,5470,6283,34312220,-1.44,39384000000,-1978130.0,,20230707
032820,1409,1424,1391,1413,667279,935785280,0.28,214158603780,-65888942.0,490821.0,20230707
041190,3765,3875,3745,3775,883993,3366315890,-1.44,317100000000,-993023940.0,-21927855.0,20230707
115440,8380,8780,8350,8560,220299,1906658960,2.27,92056285840,-30248730.0,1562900.0,20230707
046970,1385,1408,1381,1395,139447,193886132,0.58,44709239430,-1834123.0,0.0,20230707
082850,2315,2340,2250,2255,160403,364868255,-4.04,109224483390,11673195.0,-4557165.0,20230707
298870,2500,2540,2485,2490,176280,440618190,-0.99,249000000000,-99259780.0,227932365.0,20230707
215360,24200,24600,23000,23550,135135,3202404800,-2.69,215062438650,665479350.0,135000600.0,20230707
072470,4920,5100,4810,4910,151417,749569730,-0.2,92736844310,20021405.0,,20230707
073560,1870,1895,1855,1895,272785,509577687,-0.11,131205333485,1650526.0,66205.0,20230707
037400,1571,1576,1544,1544,64879,100703579,-2.59,40488846224,-8164491.0,,20230707
153490,1225,1272,1221,1221,589257,734221403,-0.65,62857080000,72467314.0,,20230707
101170,6800,6890,6760,6850,85779,584799910,0.0,92475000000,56406360.0,10.0,20230707
066590,3445,3445,3225,3250,314667,1044297600,-4.69,126987588000,-360462210.0,-353740.0,20230707
103840,5020,5500,4810,4885,5252438,27173431165,-2.1,69650330000,997212010.0,-39404625.0,20230707
046940,3310,3460,3310,3385,76928,259070320,-0.15,61181674750,-3769065.0,,20230707
215380,2715,2750,2640,2655,38189,101780770,-4.15,34402191705,1346285.0,3475890.0,20230707
065680,15450,15490,14800,14960,44008,662696400,-3.17,142568800000,78846150.0,-74966850.0,20230707
018620,1387,1406,1387,1405,143274,199634017,0.36,40589456665,44744652.0,,20230707
307280,2250,2280,2195,2275,334267,751585495,0.0,83049352750,61273425.0,604820.0,20230707
032940,3735,3795,3700,3755,52492,195969495,-1.05,68315578650,-13828510.0,-22939835.0,20230707
240810,31200,31550,30200,30500,314014,9624060550,-3.02,1497058980500,-441764200.0,-920501150.0,20230707
074600,29300,29550,28250,28750,369501,10608708900,-1.37,755780000000,1272497250.0,-2633000800.0,20230707
104830,30400,30700,29350,29500,103826,3092877100,-2.96,371936000000,510869200.0,-434266200.0,20230707
014190,1861,1908,1861,1904,76681,144801972,0.21,67401421024,1940537.0,,20230707
217820,8610,8740,8470,8500,228668,1956607410,-2.3,360863751500,-22396450.0,-25883930.0,20230707
030530,3710,3740,3505,3525,693533,2490467735,-5.75,272263883025,-874354295.0,-14509145.0,20230707
012620,10060,10110,9970,10070,9876,98835780,-0.89,44308000000,-3984130.0,,20230707
382840,21600,21850,21300,21350,76902,1649160600,-1.16,326048254350,24485800.0,-69057100.0,20230707
336570,10910,11040,10400,10510,1616608,17206311480,-2.87,926707846650,-2398139470.0,768359960.0,20230707
376980,11960,12070,11790,11950,16033,191109160,-0.99,113007517200,-10912440.0,-441950.0,20230707
008370,4435,4465,4420,4455,9737,43264685,-0.45,53460000000,3664445.0,,20230707
008290,1325,1331,1251,1309,189906,244531045,-1.73,53268025811,-37648754.0,826534.0,20230707
101160,25950,26000,25050,25450,105695,2696872350,-1.55,420204771850,-3746400.0,267225100.0,20230707
064090,1790,1881,1767,1793,8603,15516723,0.17,54771916727,-3442590.0,,20230707
336060,1823,2030,1800,1827,11280496,21699830162,-3.18,87979550400,82200701.0,1888839.0,20230707
095270,6230,6390,6190,6390,29804,187325850,1.43,95666325840,-40350950.0,-5697750.0,20230707
065950,2800,2850,2785,2805,125426,351836315,0.18,79188802110,-28228865.0,1810.0,20230707
076080,4575,4900,4575,4690,652964,3102219535,1.52,105966591640,-54497080.0,-1003450.0,20230707
043590,1546,1730,1346,1397,4843640,7461041705,-6.74,50437218150,-49791687.0,,20230707
196700,2335,2715,2335,2385,985030,2470585040,2.14,34258483440,-179945230.0,,20230707
069080,13500,13570,13160,13250,70299,934153000,-1.85,463099213000,150797450.0,-305496640.0,20230707
053580,11910,12700,11910,11970,40617,497433480,0.08,163225888560,-4404270.0,,20230707
071460,1992,1993,1944,1959,140298,275535222,-1.61,70459930905,-23037169.0,-2617783.0,20230707
377460,5570,5600,5490,5570,49329,272499240,-0.54,85741265850,-28257450.0,,20230707
044340,10850,10850,10500,10800,28177,300398020,-0.83,193032990000,76821410.0,100.0,20230707
330350,6890,7010,6880,6910,25329,175939070,-0.43,91162095980,-5394130.0,10.0,20230707
348350,15600,15740,14700,14860,134549,2023056950,-5.11,151328296000,171864090.0,-142785530.0,20230707
112040,39150,39650,38500,38900,214528,8347967700,-0.89,1314701821800,1507226800.0,-68667850.0,20230707
101730,9900,10160,9810,9920,95523,947436350,-0.6,330289296640,134962210.0,5416460.0,20230707
123420,9500,9500,9210,9280,31648,294120790,-2.32,106440133760,217400.0,3540.0,20230707
065370,12880,12880,12500,12690,54469,687204080,-2.08,93702376260,124517520.0,-37947280.0,20230707
038620,877,900,876,899,153039,135757951,1.58,59825272035,3657185.0,,20230707
299900,3050,3190,2955,3100,1488132,4581605350,2.14,530251540400,-361946840.0,772868705.0,20230707
036090,820,833,811,814,574974,471019753,-1.57,83822628428,-27513548.0,,20230707
136540,12050,12180,12040,12070,10042,121188100,-0.25,167340435340,-16016570.0,1810440.0,20230707
320000,2995,3060,2970,3000,432069,1297638150,-2.44,55497444000,197949110.0,-1142145.0,20230707
097800,1692,1733,1683,1718,402292,687581431,0.0,102366164128,81402835.0,,20230707
192390,4375,4490,4320,4360,110932,484188945,-1.36,46464066560,-10942875.0,831505.0,20230707
313760,11080,11600,10800,11270,37476,415498830,0.54,64100007090,13668790.0,,20230707
335870,2000,2030,1954,2015,53086,105440662,-1.23,33613065330,1328273.0,-1683458.0,20230707
900340,956,964,936,937,165421,156454298,-2.8,44951102036,-11723682.0,,20230707
036200,8310,8400,8200,8210,172778,1427308620,-1.32,251753270830,-108565070.0,-32628230.0,20230707
018000,2025,2065,2000,2050,739386,1503881775,1.23,250608447150,68123735.0,-4068150.0,20230707
203450,3330,3395,3260,3350,65941,220230995,-1.03,49174673450,-39628730.0,-4730585.0,20230707
011320,5830,5890,5730,5750,92402,535858620,-2.04,111093996250,-170638010.0,60.0,20230707
086390,14290,14400,14000,14170,129642,1835195560,-0.7,299470565420,-210505670.0,98303630.0,20230707
241690,4430,4480,4305,4350,144047,630622310,-3.23,108800307750,-37667835.0,273690.0,20230707
142210,4390,4425,4270,4310,125708,543242345,-2.6,81263821650,-95134795.0,,20230707
048430,11490,11640,11190,11370,459957,5234231230,-1.47,130982400000,355519230.0,-17011190.0,20230707
206650,6950,7000,6830,6880,160490,1106369920,-1.57,250740272160,-235162670.0,3706540.0,20230707
089850,12520,12520,12080,12470,30127,368485300,-1.81,92985472980,-118588300.0,-20.0,20230707
084440,1690,1763,1678,1705,466343,801737533,0.41,33610324000,46345060.0,808626.0,20230707
032620,5570,5640,5400,5420,153673,842196260,-3.9,282908493380,-9846030.0,-478440.0,20230707
264450,14280,14490,14030,14270,19936,284406040,-0.07,146206224620,36842970.0,50536330.0,20230707
078070,13660,13930,13520,13850,4821,66938720,0.51,258948297800,414150.0,,20230707
024800,2325,2350,2295,2340,16187,37373225,0.65,86701240080,-5465120.0,1766135.0,20230707
054930,31550,32700,31150,32200,59451,1897888900,-0.92,96600000000,114077150.0,-550.0,20230707
069330,1383,1433,1380,1433,136483,189814162,1.99,20335833403,29532676.0,0.0,20230707
049520,3945,4000,3875,3950,55529,217880290,-0.38,86050497200,-115774975.0,,20230707
435380,2185,2200,2185,2200,3761,8240950,0.46,12606000000,-102980.0,-2897370.0,20230707
446150,2120,2135,2120,2125,204,432670,0.24,10136250000,,,20230707
449020,2055,2055,2045,2055,2782,5698340,-0.24,19995150000,-4000.0,61650.0,20230707
367480,3620,3685,3540,3630,213656,768429600,0.83,23558700000,-69676805.0,-16794735.0,20230707
430700,2195,2220,2195,2215,599,1324005,-0.23,11606600000,-26550.0,53145.0,20230707
263770,3900,3900,3765,3860,62752,238627255,-1.66,91482663920,-29129900.0,,20230707
388720,21750,22500,21750,21850,43138,948948400,-0.23,187491485100,126207600.0,-143184900.0,20230707
340930,17360,17630,16970,17120,54877,939018450,-2.34,196334728000,-20674820.0,-359510.0,20230707
023410,3395,3400,3310,3385,68701,230682100,-0.15,261697271255,-5680990.0,-595550.0,20230707
056080,5440,5570,5410,5510,136910,752070420,-0.18,206691957520,-50401270.0,-1565620.0,20230707
373340,0,0,0,2520,0,0,0.0,7610400000,,,20230707
388800,2355,2360,2350,2355,30009,70772315,0.21,11798550000,68290.0,58974885.0,20230707
413630,2220,2260,2205,2240,30521,67939910,0.9,13260800000,-84940.0,29431675.0,20230707
442130,2205,2225,2205,2225,98,218010,0.23,7698500000,,22250.0,20230707
084370,31250,31500,30150,30450,320890,9830053200,-2.25,697793478900,500151500.0,-2295601400.0,20230707
179900,18310,18420,17440,17520,50872,897427830,-4.37,285346400400,54358080.0,7307650.0,20230707
263050,3610,3900,3550,3750,277700,1040700955,3.59,137860706250,166528300.0,-62322780.0,20230707
191410,3895,3955,3895,3930,27544,107970190,-0.13,40493800380,4941515.0,-2092200.0,20230707
372170,174200,182600,174200,181000,56049,10077711900,1.06,1444207688000,886762200.0,33476600.0,20230707
072770,3075,3250,3035,3240,1515802,4830687870,5.54,196097630400,411901955.0,-318404355.0,20230707
039020,3090,3090,3030,3030,29796,90996695,-1.94,68431668270,-1793350.0,,20230707
067920,6870,6920,6730,6800,71853,488096030,-2.3,74773609200,-77254200.0,522100.0,20230707
044960,5200,5250,5110,5150,71305,367954830,-0.96,65105697450,-60393230.0,-10.0,20230707
303530,12170,12350,11950,12200,19691,239705440,-0.81,89539447800,-15335260.0,24430.0,20230707
296640,8620,8840,8610,8770,49868,435573560,-2.23,45093235200,-27354770.0,4396230.0,20230707
302430,14750,15110,14750,15030,18701,279960440,0.54,147793116240,-34643000.0,3916510.0,20230707
274400,34400,35700,31050,32400,3291976,107065194700,-7.43,253362362400,217079100.0,650021750.0,20230707
056090,0,0,0,1180,0,0,0.0,93078496760,,,20230707
073490,26050,26350,25300,25500,52410,1343220200,-2.86,193898073000,-186955400.0,-81553100.0,20230707
344860,3120,3140,3035,3120,26206,80820220,-0.95,37533600000,-13583475.0,,20230707
246960,8320,8650,8020,8460,76443,645886300,0.36,53596663380,94449940.0,88060100.0,20230707
088390,32950,33400,32200,32450,34582,1124168750,-2.26,304570637800,-108417950.0,-138036950.0,20230707
272290,37700,37900,36650,37000,187159,6911583000,-1.6,747461346000,-622073200.0,115802000.0,20230707
053350,3545,3545,3405,3485,9303,32252550,-1.69,68971342260,-7141720.0,0.0,20230707
041520,7000,7120,6870,7090,23668,166198540,1.29,86418095700,-14479560.0,43525850.0,20230707
264850,2685,2740,2585,2645,403817,1068624950,-3.47,78142060240,373397235.0,,20230707
054210,11900,12100,11670,11710,149112,1759017290,-2.34,296160069100,-119130160.0,-340938950.0,20230707
164060,10100,10150,9630,9650,627844,6177593540,-5.11,195209435050,-260560790.0,-565043700.0,20230707
065440,2260,2315,2210,2225,446165,1002148870,-2.41,60686919500,7060395.0,,20230707
115610,2570,2720,2535,2700,652935,1713056375,3.65,41962390200,130980365.0,,20230707
078020,4240,4275,4180,4200,31035,131042725,-1.75,233020998000,-7642060.0,302315.0,20230707
131400,6500,6930,6480,6750,3804042,25695277320,1.2,399560708250,-254101290.0,1732950.0,20230707
351330,9980,10140,9590,9930,35641,351399860,-0.4,82305003600,33486130.0,-12811010.0,20230707
080010,5570,5570,5450,5500,37273,205322520,-2.14,55000000000,26778960.0,708710.0,20230707
086890,6230,6400,6200,6200,115213,722807080,-0.48,205732541600,-110668010.0,-6200.0,20230707
047560,13270,13500,12940,12970,116175,1524405750,-1.44,147650895040,70714660.0,-181580.0,20230707
900110,152,152,150,151,1236815,186563143,0.0,44081739550,2627933.0,,20230707
067010,3580,3640,3510,3620,52054,187050420,0.14,44504280000,-7638565.0,,20230707
102710,25000,25300,24000,24850,109645,2692315050,-1.78,355052724600,484424700.0,255850150.0,20230707
066980,3230,3340,3230,3245,98075,319944575,0.46,162364967105,-3247485.0,9084890.0,20230707
063760,3485,3490,3380,3430,70683,241059970,-3.52,31985195900,-6699485.0,,20230707
123570,3470,4415,3420,4030,9478796,38623448605,15.47,89772594340,-253172835.0,-5553445.0,20230707
083470,3165,3250,3080,3150,158968,500631930,-1.87,67222036350,-181111460.0,-92565.0,20230707
095190,2700,2720,2675,2705,66606,179259610,-0.18,115181705085,-53172205.0,1849950.0,20230707
091120,31750,32100,31300,31800,177620,5620682950,-0.93,544827364800,269253050.0,-935897900.0,20230707
039030,110000,110100,107000,108100,131160,14191859100,-1.73,1331743355000,-141287600.0,-358631000.0,20230707
294090,28150,28200,28000,28150,234078,6570531550,0.0,856229739050,2065930950.0,644717900.0,20230707
088290,4400,4445,4245,4255,127534,550748105,-3.3,103331564445,-41233245.0,,20230707
181340,0,0,0,2705,0,0,0.0,54259503030,,,20230707
353810,3705,3740,3700,3705,60022,222545130,-0.8,126680322600,-23036915.0,,20230707
099750,21700,22250,21700,22000,13738,299579250,1.38,150365072000,-60835500.0,-4752350.0,20230707
377330,10560,10610,10360,10440,27679,290162980,-1.14,84558299760,-102806230.0,400660.0,20230707
035810,2990,3045,2980,3040,151827,457410100,0.66,198043368800,-89398820.0,21160.0,20230707
160600,0,0,0,3100,0,0,0.0,106895911200,,,20230707
092130,15920,15920,15500,15520,6142,95755330,-0.7,186916672000,-9204850.0,430.0,20230707
096040,0,0,0,271,0,0,0.0,191361580945,,,20230707
134060,6260,6330,6200,6300,13753,86173980,-1.1,30046275000,3364870.0,-882240.0,20230707
001840,3940,3985,3855,3910,89759,350825240,0.13,77440521600,23469830.0,3955.0,20230707
024810,0,0,0,899,0,0,0.0,181597539712,,,20230707
041830,29200,29200,27700,28250,79279,2234390750,-3.25,386566841500,-74570950.0,-183929300.0,20230707
352940,4930,5190,4750,5130,43913,222357380,3.22,55751454900,51042330.0,911545.0,20230707
079950,1541,1580,1540,1568,71671,111331644,-0.19,36377600000,14748579.0,-2102.0,20230707
389470,9000,9180,8890,8890,37540,337439750,-2.31,74725392840,-21341650.0,,20230707
277410,2420,2620,2420,2505,7919341,19918049685,3.3,88297214445,-181926875.0,10683700.0,20230707
060150,8340,8360,8190,8330,220669,1824085530,0.97,387874887960,-336831720.0,-26381620.0,20230707
033230,3530,3610,3465,3500,1030870,3643551580,-1.27,137253830000,-161067820.0,-35307835.0,20230707
037330,2165,2185,2100,2145,81294,173432520,-2.05,94133805480,-29992260.0,18969255.0,20230707
100030,19730,19730,18940,19050,23149,444556750,-4.18,62554751700,-221417240.0,-34353550.0,20230707
211050,15210,15230,14720,15180,42057,631570700,0.13,155989072800,-38028620.0,-160309100.0,20230707
083640,651,653,638,639,498894,320922968,-2.14,37084564368,-24080704.0,,20230707
216050,14010,14010,13230,13320,313757,4154832460,-5.53,171071717040,-2668047960.0,1904424990.0,20230707
049070,30700,31600,30300,30600,239530,7388429700,-0.81,526320000000,1199192600.0,-175361100.0,20230707
119610,34900,35000,33950,34000,56508,1938940750,-2.58,449360252000,-59402100.0,-190980250.0,20230707
017250,1518,1523,1481,1494,34117,51119643,-2.54,31441927698,-738166.0,896696.0,20230707
051370,11710,11780,11160,11250,223720,2557013860,-4.5,262434060000,628386160.0,-1222130560.0,20230707
064290,31850,33650,31750,32200,429236,13961737150,1.1,411514776400,-2636345050.0,871164750.0,20230707
189300,70100,72500,68900,69700,77296,5430145800,-0.57,640101729300,-1165535800.0,211451500.0,20230707
150840,0,0,0,5850,0,0,0.0,223669017000,,,20230707
048530,6000,6120,5920,5990,141768,850114910,-1.48,204563064380,142511420.0,1890870.0,20230707
175140,10730,11230,10610,10780,40215,434865240,-2.09,158834137000,-84406460.0,-6531900.0,20230707
115310,22200,22200,21800,22050,8024,176094500,-0.68,70403070150,-70597750.0,200.0,20230707
039290,11380,11560,11300,11300,33856,385522840,-2.33,98241951400,17482210.0,-216180.0,20230707
071200,5650,5720,5520,5620,170153,953451340,-2.6,137108093960,127529920.0,,20230707
101930,12250,12790,12140,12380,67885,849869040,1.06,115526507900,-161135500.0,-1195170.0,20230707
333430,4150,4295,4015,4030,511453,2095933890,-4.05,123828790410,-278390505.0,-2899525.0,20230707
068330,1750,1759,1713,1720,67851,117269080,-1.71,76051760800,10668249.0,,20230707
178780,0,0,0,8650,0,0,0.0,120790286750,,,20230707
019540,5000,5050,4600,4630,351051,1674018865,-4.34,62567505000,-324930630.0,-24430030.0,20230707
094820,12890,13330,12880,13260,88110,1153940130,2.95,199943681340,145165880.0,529430.0,20230707
950140,9670,10080,9620,9990,309696,3070615770,3.31,198479981340,-406732570.0,850509470.0,20230707
049550,4740,4760,4670,4700,14357,67546850,-1.26,92149501900,-17586710.0,-11695825.0,20230707
389020,34750,34750,33050,33300,36206,1211304650,-2.92,206384409000,-208548900.0,1200.0,20230707
254120,2995,3150,2970,3090,498069,1519824850,2.49,90462747300,35375985.0,,20230707
043910,1279,1400,1251,1358,20016709,27036470218,4.62,110513437048,312053649.0,8068868.0,20230707
234920,15730,16690,15650,16350,131747,2135326000,0.74,221230378500,-50735140.0,-62489350.0,20230707
289220,13860,14150,13800,13880,114322,1591808000,-1.84,307049820600,230700440.0,-451130.0,20230707
174880,0,0,0,530,0,0,0.0,11610352250,,,20230707
049630,630,644,630,641,112837,71559185,-0.47,53318415896,-5550379.0,,20230707
417840,17890,18100,17410,17510,150130,2639090850,-2.99,124705344500,72602280.0,9080540.0,20230707
110020,4700,4720,4635,4720,25604,119602070,-0.63,34877165600,-17712185.0,-30568435.0,20230707
208140,2560,2590,2480,2550,321807,814481995,-1.92,83344827300,-326693170.0,96615735.0,20230707
040420,7180,7220,7160,7180,5784,41518900,-0.28,112564823360,-3090440.0,,20230707
045510,1327,1360,1300,1300,28683,38288483,-3.7,41872079600,-4040914.0,,20230707
217190,13590,14090,13200,13770,164664,2264983830,3.77,120751525980,-136034540.0,484601680.0,20230707
095700,9550,9640,9340,9350,265850,2503830630,-3.21,388124053900,-145980620.0,-26698880.0,20230707
072520,630,756,628,654,1797044,1230481015,2.03,37384728876,-139035828.0,,20230707
122310,7200,7220,7110,7200,10822,77497010,0.42,104787676800,-7544040.0,-2856010.0,20230707
361390,19000,19160,18580,18790,50622,951111260,-2.19,140939825310,108146880.0,-4583100.0,20230707
187420,4385,4385,4100,4230,31193,131108455,-0.12,95280792300,-19714710.0,0.0,20230707
225220,3950,4010,3900,3915,87154,343911225,-2.85,75128932215,16115330.0,-4534025.0,20230707
123330,4465,4500,4375,4460,11997,53361160,-1.11,31220000000,-5871565.0,,20230707
159580,6090,6230,6030,6030,67776,412536310,-2.74,120796795080,-91251900.0,-6348420.0,20230707
147830,4630,4760,4600,4665,133461,623095955,0.76,93300000000,-44445725.0,3396265.0,20230707
033100,19720,20600,19600,20350,230078,4652291620,2.78,326870023150,-1262300310.0,884944290.0,20230707
079370,35450,37200,34500,36000,346229,12436511200,0.84,372204000000,-659109400.0,517331450.0,20230707
054950,27450,27850,26950,27050,43339,1180565300,-1.46,327031578600,249756600.0,-40788050.0,20230707
023440,2550,2600,2520,2590,373158,950482000,1.57,125999467370,99496035.0,-78590.0,20230707
090470,9440,9580,9090,9220,252076,2329126270,-1.71,149539355180,314132000.0,-1036753500.0,20230707
287410,9870,9900,9660,9760,755064,7365972310,-1.01,745512700480,967582700.0,-1498913200.0,20230707
137950,8270,8310,8010,8160,233304,1894868490,-1.09,181705362240,146410450.0,-473260.0,20230707
033320,5200,5200,5000,5020,230641,1170481360,-2.14,95954448640,-31086330.0,-1810870.0,20230707
417500,5450,5700,5420,5480,1021450,5680492210,0.55,179660397120,-237834330.0,,20230707
204270,7720,8110,7720,7980,162663,1296616040,2.18,461630758680,71117040.0,-8599030.0,20230707
026040,2635,2635,2575,2595,41638,107987630,-2.81,42827335050,3091890.0,839315.0,20230707
126880,6810,6820,6580,6590,429289,2857495130,-2.8,152920310770,-666428090.0,-428540.0,20230707
322510,16000,17300,16000,17150,379297,6369015330,3.0,277190510800,367846600.0,97797140.0,20230707
033050,1237,1264,1232,1263,72192,89852146,1.28,41147708946,-67112.0,16820190.0,20230707
094970,3375,3440,3350,3395,53488,181215890,-0.44,56860274800,-8598060.0,,20230707
418550,31800,32500,31300,32050,290565,9236010950,-0.77,1004327549650,1031244350.0,58607650.0,20230707
089790,10770,11420,10760,11040,590265,6537380490,3.56,113883263520,-713161890.0,321205380.0,20230707
052670,1715,1795,1712,1762,134527,235124360,1.67,51325410768,-8227219.0,,20230707
199820,13770,14180,13560,13890,402229,5578976590,0.73,154317900000,-172831770.0,0.0,20230707
038010,10320,11000,10280,10500,229661,2434689810,0.86,94500000000,-263363060.0,-31656780.0,20230707
276730,1398,1414,1360,1382,136966,189674194,-1.14,79624055762,-29138287.0,,20230707
080220,4610,4720,4600,4630,668731,3104455360,-2.94,159470316790,101032085.0,-4630.0,20230707
216080,22500,22850,22200,22450,123407,2762097850,-0.66,400221964550,-190165900.0,-1907000.0,20230707
229000,3070,3140,3020,3115,41649,127884915,-0.95,41292897905,-21865410.0,19985.0,20230707
082270,13260,13690,12930,13110,142910,1868905950,-1.06,523023030480,-44122130.0,-46687060.0,20230707
064800,1200,1219,1150,1166,329931,385285817,-3.64,97649138422,-6281428.0,1166.0,20230707
044060,0,0,0,732,0,0,0.0,70075958688,,,20230707
034940,2080,2100,2050,2060,50676,104567595,-1.9,63818443620,-20443960.0,,20230707
067000,3470,3595,3470,3480,175249,615841990,-1.0,238768134840,-122948295.0,2905840.0,20230707
033340,0,0,0,2110,0,0,0.0,204565677380,,,20230707
036930,18140,18390,17700,17750,870526,15650566350,-2.2,856423513000,977090180.0,-26189240.0,20230707
239340,3295,3295,3230,3250,86456,280990835,-1.37,87683810500,-37218985.0,,20230707
051980,4005,4120,3800,4050,876538,3458614265,0.0,286234746300,114806270.0,,20230707
072020,10650,10740,10630,10680,25803,274974870,-0.56,106372800000,40993950.0,-12868820.0,20230707
000440,18130,18370,18100,18210,12521,227939020,-0.16,113396037300,27802090.0,18350.0,20230707
078650,0,0,0,2120,0,0,0.0,8647007240,,,20230707
228760,14630,15020,14200,14320,402540,5872092170,-3.89,320796339280,366161370.0,-569862580.0,20230707
314130,16500,16500,15520,15520,85897,1361017790,-5.13,218871125920,58398560.0,-7109670.0,20230707
389030,3810,4110,3300,3335,6276703,23364162150,-9.0,109892402075,-579665345.0,-22046465.0,20230707
043610,3735,3760,3695,3730,138818,516500225,0.81,216770583740,-35211160.0,109466175.0,20230707
263860,12290,12290,11400,11810,132015,1555278910,-3.2,111540726000,-87736400.0,112980490.0,20230707
303030,1585,1620,1524,1530,242828,378086844,-3.83,54690872040,-20390956.0,,20230707
036180,750,750,710,735,837864,607027240,-2.0,40942180545,-57344546.0,,20230707
208350,3925,3930,3840,3880,14998,57967670,-1.52,34293570120,-15487445.0,,20230707
144510,36500,37100,36300,36400,50426,1843271450,-1.62,575132521600,-3296100.0,-32822050.0,20230707
358570,16910,17170,16160,16640,257631,4245452520,-2.86,366888704000,893082710.0,-1783703240.0,20230707
382480,4765,4815,4610,4615,717008,3369495095,-2.64,181633201100,-421373920.0,,20230707
382800,19980,21150,19980,20950,88424,1835785370,4.23,157166962850,313164370.0,51342600.0,20230707
051160,6900,7040,6830,6930,53679,371575970,0.0,107237799900,-280080.0,-61210.0,20230707
053050,3475,3475,3330,3350,326716,1110265130,-4.29,100458449950,43190875.0,35.0,20230707
119850,4575,4980,4505,4540,744110,3467273190,-2.58,74678046860,309722530.0,27240.0,20230707
065060,415,450,410,417,868868,368680625,0.48,40869354348,-8831009.0,842055.0,20230707
204840,767,773,761,765,58722,44990935,-0.26,47509606665,-12621814.0,,20230707
270520,10940,11370,10760,11250,664773,7408487170,1.9,469828192500,580028410.0,-6513750.0,20230707
311320,13900,13900,13200,13220,188660,2531297730,-3.85,166764483200,-305576000.0,-67841890.0,20230707
388050,11610,12140,11520,12140,824866,9829897250,3.76,221161069140,674686190.0,1116590.0,20230707
219750,0,0,0,2850,0,0,0.0,27234072750,,,20230707
018120,15600,15600,15110,15190,3562,54540590,-2.63,100574812800,-5756210.0,15500.0,20230707
109820,3560,3610,3490,3510,47487,167172990,-1.4,71581676400,-11976740.0,,20230707
086060,4185,4225,4155,4215,30215,126598795,-0.71,36293624205,-23942490.0,,20230707
036890,12320,12560,12200,12550,261781,3257164870,1.37,282152463400,294070570.0,53581680.0,20230707
363250,28850,29400,27500,28650,128201,3660505350,-1.72,199443823500,-671274750.0,862048050.0,20230707
007370,6090,6140,5980,6050,28306,170985270,-1.63,72600000000,12247790.0,-2836280.0,20230707
285800,6150,6170,5800,5800,506944,2985976570,-5.07,99212306000,-697042520.0,-807810.0,20230707
085660,13200,13220,12970,13000,172949,2259904460,-1.22,731488134000,165748560.0,-53156620.0,20230707
261780,4705,4815,4630,4645,65126,304672775,-1.59,123706392490,-5224725.0,,20230707
094850,8450,8740,8370,8500,66938,572920820,-1.16,119000000000,78635440.0,-118577740.0,20230707
004650,10360,10370,10200,10220,17235,176685140,-1.35,93930844700,-46071530.0,15880.0,20230707
278280,184300,189700,181500,186400,50306,9374677100,1.14,1864000000000,1391352500.0,337232900.0,20230707
362320,6940,7310,6940,7270,130806,935727370,2.83,149407878300,123426710.0,47482570.0,20230707
066360,1586,1700,1586,1683,954369,1594601573,4.02,78887772315,44750386.0,,20230707
047820,0,0,0,5400,0,0,0.0,117248590800,,,20230707
131100,2255,2330,2250,2330,35162,80718650,0.22,65352427160,-17892275.0,,20230707
052300,346,351,339,346,356920,123354789,-1.14,41053394780,-7848384.0,0.0,20230707
094360,37300,38400,35950,36400,638498,23683783300,-3.19,350907466000,1928102200.0,-2674018100.0,20230707
016790,23050,23400,22450,22700,745389,17021129300,-1.94,1063845556100,-1288319200.0,-55625900.0,20230707
016920,1562,1581,1540,1558,112906,175759912,-0.95,41276932204,-28865193.0,,20230707
284620,4040,4040,3800,3930,27399,106756020,-0.76,109735016280,6531765.0,,20230707
293490,30300,30500,29200,29400,910568,26972489500,-3.76,2424363160800,-3919478450.0,-2231172950.0,20230707
042000,14870,16710,14860,15260,2412549,38341219720,1.67,343307241480,-974055820.0,14657520.0,20230707
317530,6470,6560,6250,6380,46083,293773830,-1.39,44412430480,-24840.0,,20230707
071850,2285,2285,2215,2220,43542,97653030,-3.69,36783597360,-1225700.0,0.0,20230707
050110,1560,1565,1520,1523,676754,1035427780,-2.62,112434131714,41377886.0,,20230707
119860,12310,12320,11830,11940,105536,1259458650,-3.01,558161365020,-38986210.0,-9770050.0,20230707
223310,2085,2085,1956,2020,190713,384018084,-3.12,31775349420,9342266.0,,20230707
900310,1160,1192,1150,1180,589603,689649165,-0.51,75569176500,174288367.0,,20230707
078340,56400,56900,54600,54800,180717,9977655900,-2.84,705079816000,3329285700.0,-2757487000.0,20230707
063080,35900,36150,34350,35050,57122,2002882300,-2.77,231161479600,193875700.0,-23390100.0,20230707
307930,7000,7250,6880,7130,333482,2373390620,1.28,111299300000,69028430.0,-42820.0,20230707
079190,1173,1173,1112,1135,226942,257482446,-3.24,43533508390,24189548.0,,20230707
263700,6020,6020,5800,5850,29792,174716510,-2.5,113573070000,-51976130.0,-350940.0,20230707
214370,242000,243500,235000,239000,36596,8702930500,-1.44,2567577000000,-44342000.0,345430000.0,20230707
221980,13700,13990,13700,13760,3783,52287240,0.07,55518848000,-4173200.0,69450.0,20230707
038530,0,0,0,352,0,0,0.0,32389783712,,,20230707
424140,2070,2090,2070,2080,15339,31892315,-0.48,16036800000,-212640.0,5117390.0,20230707
436530,0,0,0,2170,0,0,0.0,11327400000,,,20230707
440200,0,0,0,2045,0,0,0.0,12525625000,,,20230707
192250,1453,1488,1451,1487,202083,297487231,1.43,105088159159,-3953967.0,838846.0,20230707
115500,7160,7450,7110,7220,69519,501253440,-0.41,86640000000,38939910.0,190.0,20230707
089150,3330,3330,3235,3280,40277,131735400,-1.65,56252000000,-23304895.0,3290.0,20230707
025880,2655,2700,2630,2660,109533,291693120,0.38,44464182280,-25714170.0,,20230707
093320,63200,64200,62300,63400,32477,2049764700,-0.78,309392000000,395977600.0,-518121200.0,20230707
093640,8390,8460,7940,8280,655822,5354140500,-1.55,241886802960,274801160.0,,20230707
073010,2600,2755,2510,2570,496779,1311768715,-1.91,93014100490,-7871865.0,0.0,20230707
105330,11500,11810,11330,11600,46775,537459670,0.43,140770431200,-44648850.0,,20230707
053080,11760,12150,11720,11880,250344,2989096270,-0.34,154437707160,23220450.0,-40244000.0,20230707
272110,23300,23700,22600,22850,139700,3217737650,-3.18,181552275750,-506048250.0,1711400.0,20230707
039420,2665,2685,2620,2630,96949,255700815,-1.31,63526939900,-58193410.0,,20230707
083550,5350,5360,5240,5330,16271,85993430,-0.56,62748432370,-33648190.0,250360.0,20230707
032500,13560,13720,13370,13500,131246,1774278570,-1.32,537581920500,384948760.0,-25205800.0,20230707
225430,1195,1196,1173,1194,46089,54811622,-0.5,33297137700,-18508369.0,838550.0,20230707
102370,4550,4570,4315,4450,162019,714229585,-2.2,120924900750,22292015.0,-116622030.0,20230707
036030,6150,6200,6090,6160,78145,479770250,0.16,301958783280,-1103820.0,49930.0,20230707
064820,4640,4750,4555,4630,95297,441597485,-1.07,143075000640,-19866425.0,-46060675.0,20230707
256940,10020,10490,10020,10180,84978,871416120,-0.97,190861338440,-182664480.0,-46778210.0,20230707
024880,5370,5450,5250,5290,134203,714458020,-2.04,105728172380,-85443260.0,525000.0,20230707
042040,457,457,440,446,355818,158276152,-0.45,76784975412,-29004361.0,4417.0,20230707
054410,6510,6530,6270,6470,49534,318138890,-2.27,32738200000,34875500.0,-1289990.0,20230707
258610,3820,3820,3600,3685,114168,418784450,-3.53,98710585105,-835985.0,,20230707
274090,14510,14690,14130,14290,99564,1424817640,-2.46,182689147450,-194680090.0,-266270400.0,20230707
089010,24000,24650,23700,23850,225245,5392783350,-2.45,354367044450,1001905650.0,-414988700.0,20230707
220260,8610,8780,8610,8630,135868,1179355140,-0.92,229198189410,95144420.0,229990.0,20230707
052400,16450,16980,16240,16530,26939,440523990,-0.54,247949983470,-128282070.0,-9137330.0,20230707
402030,66200,66200,64100,65000,34443,2232134600,-2.26,369228860000,555238900.0,-133300200.0,20230707
391710,3460,3670,3430,3520,232783,827072315,1.15,146091341440,-9318040.0,,20230707
046070,1105,1174,1096,1130,104996,117583035,2.82,48144335910,-24338113.0,-11003614.0,20230707
047770,2350,2500,2215,2250,3637807,8658920675,-3.85,85145854500,-395118890.0,-456275.0,20230707
078940,4305,4495,3915,3965,2211213,9392221660,-6.6,180842381200,-16990725.0,0.0,20230707
080530,1440,1447,1300,1370,149953,205877195,-6.1,43351923800,-7227740.0,-26948.0,20230707
104540,12050,12310,11990,12130,29134,352222870,-1.3,154329613970,22743870.0,-521590.0,20230707
027050,2805,2850,2800,2805,61978,174653360,0.0,112200000000,5956280.0,-4541285.0,20230707
190650,6810,6850,6530,6780,17991,120409490,-1.31,43310640000,3851240.0,,20230707
123410,4050,4075,3830,3890,1694289,6668705705,-2.51,108301738960,-1372071865.0,-74676130.0,20230707
036690,3350,3375,3285,3285,83707,277600465,-2.23,52247721330,-28735290.0,-3230.0,20230707
049430,9120,9370,9120,9250,21714,199262560,-0.86,83694000000,7183730.0,34490.0,20230707
183300,59700,59700,56400,56800,153381,8776293900,-5.02,594166851200,1712111900.0,-2314685200.0,20230707
041960,6500,6650,6410,6560,95554,625007050,0.92,421059346560,-47566710.0,-20525580.0,20230707
089890,13390,13480,12720,12800,770667,9996814630,-4.76,212287513600,223846440.0,-14983910.0,20230707
009730,4830,4830,4550,4785,164420,775039890,-0.93,144306331455,-55727845.0,,20230707
082660,811,864,789,858,1842723,1546787357,5.67,72008038674,114277614.0,461513.0,20230707
222040,6060,6230,6040,6180,41029,251411290,0.82,127481040000,41365520.0,-523180.0,20230707
241710,26300,27550,25600,26500,359999,9643455300,2.12,283020000000,644380650.0,669441650.0,20230707
069110,0,0,0,2630,0,0,0.0,62963935800,,,20230707
355150,3230,3380,3190,3245,1190945,3904173815,-0.15,118987033715,13466090.0,,20230707
166480,7730,7740,7530,7690,39479,301624580,0.26,252773191440,-30882080.0,,20230707
045970,10030,10200,9800,10040,467000,4678563380,0.4,264201355040,-370039770.0,837490.0,20230707
196450,1623,1686,1610,1686,199838,328958930,3.95,69518207436,133895150.0,,20230707
029960,7080,7150,7080,7130,120304,856037220,0.0,356500000000,-217305960.0,-16645940.0,20230707
102940,29500,29600,28850,29150,7185,208937100,-0.51,332670177400,-47121000.0,,20230707
950160,9490,9490,9260,9430,74806,701368800,0.0,685612817850,-30138950.0,,20230707
033290,4235,4235,4035,4145,431835,1770965920,-2.13,366833469930,-364278580.0,85154655.0,20230707
056360,6880,6880,6670,6670,66334,445626370,-4.58,65344656000,13818260.0,120.0,20230707
282880,36000,36200,34750,35250,142773,5047894500,-2.62,353688559500,354067550.0,-328636350.0,20230707
121850,2105,2150,2075,2145,337962,716060755,1.66,65667405375,11919540.0,,20230707
015710,4900,5040,4880,4890,66501,327335415,-2.2,85724145000,18849190.0,9090.0,20230707
052330,8410,8730,8320,8480,45052,379730040,0.83,132072200960,-65902350.0,19793960.0,20230707
322780,2320,2320,2225,2280,313251,710062805,-0.87,86486357640,33889365.0,-49917025.0,20230707
200130,18110,18430,17990,18050,94385,1711055030,-0.88,533261221900,144433030.0,-178594770.0,20230707
294570,22500,22950,22200,22300,54909,1232677650,-2.41,228679475500,42366250.0,-168964050.0,20230707
317690,4480,4480,4320,4330,33683,146581505,-1.59,71606989630,19685230.0,660000.0,20230707
365270,10060,10060,9630,9710,78882,770222620,-3.48,134463769280,-63897860.0,,20230707
348080,3015,3105,3000,3010,418514,1272549530,-4.44,116159451800,55346290.0,2241210.0,20230707
060280,18450,19560,18340,18800,2247336,42530819840,-2.74,769972612000,2525636280.0,-1086026910.0,20230707
040350,484,501,483,498,303107,148612267,1.43,62734789056,17305882.0,,20230707
051780,391,428,389,401,994175,405076855,1.78,49893402450,-32573137.0,836426.0,20230707
115180,8100,8400,7840,8390,38937,314255540,3.84,102343367840,35447600.0,-145520.0,20230707
182360,23050,23550,22800,23400,103464,2406865900,1.08,323029675800,-539454300.0,129274450.0,20230707
405100,12710,12760,12450,12510,72771,912487530,-1.57,149819234580,-109764890.0,-247034310.0,20230707
066310,10910,11110,10640,10670,117330,1264643340,-3.18,98928196070,267209590.0,-1112740.0,20230707
016600,419,426,414,419,609365,254848071,0.0,74685539928,-10975463.0,-47766.0,20230707
096240,17620,17910,17610,17810,12494,221685570,-0.11,205594436840,-35124070.0,157580.0,20230707
114120,0,0,0,10850,0,0,0.0,24913021350,,,20230707
110790,17820,18100,17500,17850,23623,417735370,0.11,209121318000,-92170090.0,-20.0,20230707
900250,3860,3900,3630,3745,4974690,18634968510,-2.73,359111941055,-361545990.0,0.0,20230707
083790,4045,4130,4005,4055,138136,558506160,0.25,311805908010,23117105.0,5422665.0,20230707
045520,7550,7790,7440,7710,33231,250159160,1.45,50115000000,55523960.0,,20230707
036170,1215,1240,1215,1230,308980,378882857,0.0,75479719980,117189411.0,,20230707
214150,31200,32000,30300,31900,381198,12031404300,0.31,2066376793800,303350000.0,1110162350.0,20230707
352770,5340,5480,5320,5460,48325,261211810,1.11,74365969860,-48806410.0,,20230707
237880,21600,22800,20200,20750,460049,9641652320,5.12,374980574750,307564400.0,-2144622050.0,20230707
139670,6680,6780,6580,6620,48186,320539990,-2.5,92556940820,26122300.0,,20230707
413600,2215,2215,2190,2215,5495,12130655,0.0,7597450000,0.0,8840000.0,20230707
433530,2130,2150,2130,2150,6025,12890170,0.47,8825750000,-70510.0,4549690.0,20230707
446840,2115,2125,2110,2115,9538,20222150,-0.47,12436200000,19035.0,2313200.0,20230707
054780,6690,6750,6570,6580,74227,493760910,-1.64,128624477940,41020950.0,48460050.0,20230707
219130,28400,28850,27650,28300,32452,912896900,-1.91,178694407000,-235772050.0,111377900.0,20230707
360070,63900,66000,63600,64400,45880,2968659900,0.16,514191689200,25488700.0,-104749100.0,20230707
065130,5970,6160,5970,6100,24746,151041890,0.66,97455167700,59382400.0,2195010.0,20230707
134580,4790,4865,4630,4700,23088,109016005,-1.78,94281266800,-18999255.0,,20230707
023160,19540,19930,19370,19700,229779,4504338820,0.82,522050000000,295211430.0,-500117170.0,20230707
323280,2315,2415,2310,2340,459861,1081533565,-0.64,59055118200,35127695.0,,20230707
053620,8080,8150,8080,8090,4947,40078630,-0.98,69574000000,-1832580.0,1288690.0,20230707
044490,17000,17500,16700,16980,67310,1142995490,-0.41,339725329380,-180761480.0,-12859800.0,20230707
124560,3910,3960,3885,3920,93832,367715475,-0.51,150593009280,-12766905.0,-2939945.0,20230707
191420,10500,10780,10280,10780,31081,322763390,3.55,87413230520,-35795210.0,-27627240.0,20230707
073640,5960,6460,5960,6230,3807840,23494737900,2.13,570753974000,-1378603570.0,-174760.0,20230707
066700,4195,4205,4005,4075,259838,1055831215,-2.86,132333322625,-58372440.0,-738955.0,20230707
095610,21300,21400,19790,19900,420877,8503296740,-7.23,393387697400,-3362973210.0,-531180690.0,20230707
064520,5290,5350,4990,5000,225875,1144115500,-6.02,64016505000,174730835.0,,20230707
089030,8110,8290,8020,8140,499503,4048181820,-0.25,304058670300,-177415740.0,-231060500.0,20230707
054450,20300,21500,19990,20200,1217854,25006283270,1.0,296941737200,-674790600.0,-1917441750.0,20230707
091440,2215,2245,2180,2205,99000,218290715,-2.65,22574765745,46761940.0,,20230707
200230,1101,1105,1071,1075,170866,184925954,-3.07,120272561975,-11947090.0,,20230707
393210,4850,4910,4750,4750,73561,354115460,-3.06,24672554500,-81401185.0,-81660.0,20230707
215480,4300,4400,4300,4370,14869,64569595,0.34,42017362090,-3601890.0,,20230707
051360,14560,14990,14100,14500,199215,2915278700,-0.41,235872341000,-622660270.0,1026273420.0,20230707
045340,4755,4890,4755,4835,68406,331143125,-0.1,41378123400,18973445.0,,20230707
108230,8190,8340,7930,7960,106181,855847660,-2.81,302665030200,-76674330.0,16189970.0,20230707
079970,811,847,810,826,713247,584151437,-2.48,64238523034,-99342909.0,,20230707
199800,36300,36300,34550,35550,14773,518660350,0.57,281530190700,-75013750.0,-31064100.0,20230707
417790,12250,12450,11930,12000,150173,1813522120,-2.91,131995800000,-45515230.0,-113044290.0,20230707
105550,2160,2180,2085,2160,216115,457903815,-0.92,95791347360,-13139445.0,40105.0,20230707
290090,14700,14780,14590,14700,19067,279707200,-1.14,108215373000,-931520.0,156028260.0,20230707
026150,7900,8650,7710,7990,359924,2931418420,1.65,140195184690,-232166840.0,23930.0,20230707
322180,14820,14830,14390,14510,30055,437766070,-2.16,79678037500,-12433960.0,,20230707
117730,20500,22350,20300,21600,1212148,26314021050,4.85,356310489600,-345275250.0,18064400.0,20230707
033830,993,1001,991,992,120444,119717094,-0.9,99200000000,,,20230707
057680,3455,3505,3415,3415,166959,577227690,-2.43,221697476610,-131344755.0,,20230707
204610,1620,1642,1612,1617,510659,828274684,-0.68,108309441240,-44542787.0,2517669.0,20230707
064760,105600,106400,101700,101700,58759,6051889800,-4.78,1187347500000,-209480300.0,-182785700.0,20230707
246710,11960,11960,11490,11680,77785,901686100,-1.18,247609202240,191802100.0,-29769570.0,20230707
340570,50500,51500,49850,50600,43058,2171709300,-0.78,411276800000,12933900.0,-35334900.0,20230707
043220,662,675,657,659,280020,186020412,-3.09,71698975281,12271133.0,,20230707
277880,13480,14120,13330,13670,221321,3021462780,1.41,275458606310,186556510.0,-40066300.0,20230707
131290,51500,52400,49500,49800,185488,9324919250,-3.68,550859164200,3396346300.0,-872827350.0,20230707
425420,20050,22950,18250,22200,1567140,32603707730,11.73,252658200000,512286700.0,3749050.0,20230707
356860,27500,28000,26700,27250,385107,10555943550,-0.18,267939167500,-1420598750.0,-169027650.0,20230707
062860,0,0,0,5800,0,0,0.0,57261776000,,,20230707
321550,8600,8610,8250,8340,41867,350338510,-3.02,203427428520,-9099460.0,-28119850.0,20230707
425040,50100,50600,48850,49050,119524,5898801400,-2.1,521210891700,-57333150.0,-285698000.0,20230707
104480,2200,2210,2120,2125,606363,1311461400,-4.06,193152797250,-242965570.0,-12141190.0,20230707
081150,3915,4070,3895,3910,947325,3780740290,0.9,94889451820,121935775.0,,20230707
130740,2810,2825,2695,2800,86034,236832745,-0.88,31574701200,25347795.0,,20230707
084730,11600,11640,11160,11190,38133,431133280,-3.62,124314454560,16350000.0,360.0,20230707
046210,5570,5680,5500,5520,567632,3159959630,-1.78,177394363200,-281557710.0,-667920.0,20230707
058530,0,0,0,1620,0,0,0.0,32527053360,,,20230707
034230,14200,14410,14180,14350,623980,8919514560,1.92,1315504522150,-1911657580.0,751537390.0,20230707
033540,804,804,776,781,430754,338096020,-2.98,57149970999,-61002840.0,,20230707
043200,820,824,811,813,130857,106846863,-1.22,33986908095,-9585412.0,,20230707
214450,128000,130000,126000,127700,118720,15104566200,-1.16,1312332036000,7958126700.0,-6374845100.0,20230707
208340,3135,3560,3135,3310,1462277,4929713765,5.58,84996781660,125625310.0,1069950.0,20230707
177830,4320,4365,4210,4325,92872,396554380,-0.23,61798856725,-64668420.0,,20230707
037070,13260,13260,12700,12720,122192,1570558630,-4.0,254400000000,-17870720.0,-153752330.0,20230707
150900,8250,8510,8050,8300,54052,441049370,-0.12,96636252600,-72980.0,,20230707
037030,3565,3840,3535,3570,1004869,3715678875,0.0,69693725640,-420311430.0,,20230707
047310,6170,6200,5950,6020,208482,1255998680,-2.43,207214311640,-33097260.0,-566760.0,20230707
368770,4440,4500,4330,4405,953930,4213777120,-2.76,144722861125,270770420.0,-87732180.0,20230707
170790,16270,16550,15940,16400,41419,673575580,0.8,112443812000,-10245150.0,-7044160.0,20230707
049120,1388,1444,1388,1444,50518,71554136,2.34,43495724692,451517.0,,20230707
038950,5050,5110,5030,5070,19777,100105465,-1.36,51768578550,-40734190.0,20.0,20230707
441270,9170,9260,8700,8780,332357,2930119560,-4.57,316555832100,-145237700.0,-982067100.0,20230707
106240,2445,2460,2320,2365,557388,1322829275,-4.25,37658029805,18101920.0,9301700.0,20230707
131760,1087,1087,1060,1064,182488,194854215,-2.3,45397660336,-24313696.0,,20230707
065690,1801,1801,1727,1764,36633,64526753,-3.08,24783019884,-1482147.0,,20230707
140860,184800,187400,179200,181700,33271,6061834400,-2.57,1265231428300,1100242700.0,-1262068400.0,20230707
091700,8700,8710,8480,8700,407705,3496616630,-0.68,512588461800,240607350.0,-239709090.0,20230707
032800,386,386,370,373,2356066,883578881,-3.87,43933914662,40362264.0,,20230707
318010,9390,9430,9250,9390,5448,50900560,-0.53,74456483820,-5296200.0,,20230707
027710,2115,2150,2060,2075,1933908,4028289775,-3.26,231189445000,-398710130.0,95425.0,20230707
225590,1485,1507,1485,1502,89165,133460176,0.07,40008342926,39932923.0,836831.0,20230707
054300,722,728,708,708,283327,202816355,-1.94,47005595472,-28803532.0,832444.0,20230707
068050,4750,4890,4630,4770,329007,1557297900,0.42,132100742520,-115419985.0,-304196485.0,20230707
222110,5090,5140,5090,5140,595,3033360,0.98,54883018200,-112230.0,0.0,20230707
271830,5380,5610,5320,5540,955556,5246241700,2.59,159124566840,-8678440.0,23757200.0,20230707
263750,49600,51300,49300,50100,241296,12120747350,0.2,3218817535500,-1615815350.0,1194054600.0,20230707
251970,23000,23550,21350,22600,319910,7114420950,0.44,280240000000,-374782100.0,94572950.0,20230707
168360,16970,17060,16190,16200,456716,7548155870,-4.2,172435100400,133097950.0,-1379701550.0,20230707
087010,14500,14880,13500,14190,633134,8920225220,0.14,292695044070,75535980.0,-229242700.0,20230707
119500,3530,3545,3480,3545,73211,256235715,0.28,41998437440,-12349845.0,3535.0,20230707
389140,10860,11010,10750,10860,53915,584877570,-1.45,119451692100,37707970.0,66889550.0,20230707
022100,16400,17100,16380,16960,5527209,93174182570,2.17,2578509003840,574344560.0,3183541810.0,20230707
009520,23750,25500,23450,25500,1439724,35330513350,7.14,1061888926500,941875950.0,740843050.0,20230707
189690,3495,3495,3190,3195,1185437,3871901940,-8.71,29097896985,-434066910.0,-1717800.0,20230707
318020,0,0,0,18100,0,0,0.0,229187123200,,,20230707
256630,1965,1982,1950,1959,61956,121514930,-1.06,113616264048,-32441432.0,,20230707
331380,2825,2850,2645,2710,3363291,9193664680,-4.91,51621657220,-906823145.0,28129485.0,20230707
234100,2355,2400,2320,2320,474950,1120020025,-1.69,126078655360,-150759700.0,-11850000.0,20230707
041020,2800,2945,2800,2820,804355,2289447915,-1.23,140225904360,-165298430.0,-124290.0,20230707
114630,779,790,779,787,392972,307123300,-0.51,50147578614,-19352902.0,836843.0,20230707
290720,9720,9800,9420,9420,92291,878921010,-3.09,126256806360,-47794140.0,-622630.0,20230707
005670,5440,5540,5400,5410,15527,84708840,-1.64,54100000000,2804100.0,,20230707
094940,7950,9680,7850,8370,3137697,28377418130,6.08,69984800820,-111352930.0,-41805770.0,20230707
007330,9030,9170,8890,8900,21480,192504020,-3.58,134236920000,-14207450.0,54180.0,20230707
093380,4185,4225,4145,4225,27738,115973045,-1.05,41740097425,-40077025.0,,20230707
023900,16320,17150,15200,15470,2425706,39652663670,-5.44,194922000000,289051700.0,2510720.0,20230707
371950,9910,9990,9850,9860,60985,603387390,-1.4,207459211680,-11023240.0,-50111330.0,20230707
370090,27000,27200,26200,26700,71635,1902111300,-1.66,218454861000,-380634500.0,138089900.0,20230707
220100,8100,8340,7990,8110,111086,906352280,0.12,179248477050,-59428750.0,181036090.0,20230707
035200,3580,3595,3500,3540,59039,209704340,-1.94,34446288600,-11708875.0,10680000.0,20230707
334970,4440,4555,4215,4265,279860,1205690925,-3.94,260625487785,-103748170.0,-6401945.0,20230707
203690,8120,8480,8050,8200,114797,949461080,-0.12,75284355800,-202871140.0,-1179280.0,20230707
321260,3105,3375,3085,3330,3800254,12394258810,6.05,93879639720,288376905.0,-5999145.0,20230707
303360,3775,3805,3680,3730,69203,257891475,-1.32,48022686950,235090.0,-3742915.0,20230707
053610,54700,57200,52700,56000,703492,38945856900,3.51,616000000000,-4600049700.0,555944000.0,20230707
377220,7380,7520,7330,7400,43143,318601760,-1.33,104747000000,-6049710.0,66640.0,20230707
335810,6070,6130,5950,6030,14838,89389730,-0.66,70035591780,-12429580.0,900000.0,20230707
053160,9520,9800,9520,9560,27571,266828910,0.0,57360000000,-10350260.0,192590.0,20230707
405000,5990,6140,5940,6140,125700,757942130,2.68,112832815200,7421060.0,,20230707
041590,1040,1045,1007,1021,339437,346021168,-2.58,133792026843,-21289070.0,,20230707
367000,10160,10400,10060,10340,13087,133586960,-0.19,86315290380,-28079660.0,,20230707
075130,2520,2545,2480,2525,61845,154964740,-0.2,41971358000,4139925.0,838500.0,20230707
237820,5130,6650,5080,6650,6644655,41033573740,29.88,85300481000,-428724070.0,524220.0,20230707
023770,5470,5550,5470,5490,19787,108765310,-0.36,48129841800,4382510.0,,20230707
300080,27400,27900,26950,27100,17497,476872600,-0.18,141785736600,9273300.0,-63212100.0,20230707
032580,1662,1932,1657,1672,9689016,17268251015,0.54,55396811008,-803969974.0,150512.0,20230707
051380,7960,8290,7900,8220,94914,763830050,1.99,63047695920,84612620.0,-150.0,20230707
241820,6580,6630,6450,6550,23095,150018130,-1.36,78444345800,21880270.0,,20230707
237750,6620,6790,6550,6620,174683,1162345500,0.0,43007492000,-98231570.0,-70.0,20230707
319660,21000,21100,20550,20800,374711,7790154250,-0.95,602507651200,673348050.0,-345507900.0,20230707
031980,20900,20950,19370,19840,328430,6587466670,-1.29,427797916800,-211202810.0,-1121781300.0,20230707
002230,4135,4170,3925,4150,32858,132911825,0.24,80388292950,37308000.0,,20230707
057880,0,0,0,1740,0,0,0.0,206724832500,,,20230707
043370,11400,11420,10780,10780,215592,2363079270,-5.02,226380000000,-295976450.0,-13535390.0,20230707
239890,22400,22900,22050,22750,66776,1497630150,0.66,209450878000,-209914450.0,285685950.0,20230707
347740,2950,2950,2880,2900,87601,254306295,-1.86,87030670400,-29261505.0,,20230707
137400,55600,57500,55200,56500,263814,14909012600,1.07,1284877687000,313167600.0,61592000.0,20230707
147760,5290,5380,5090,5290,41371,214973520,0.19,57237091140,46917880.0,,20230707
128660,4940,5020,4700,4795,467418,2267017660,-3.23,118932154355,-93831540.0,-4995.0,20230707
006140,6470,6610,6300,6370,60603,387059230,-2.9,95550000000,92450.0,2177500.0,20230707
376180,8960,9340,8720,8980,941513,8529750410,2.16,165383384840,38977490.0,1369120.0,20230707
304840,10790,10900,9390,9440,535382,5334593560,-10.18,113311189760,-74833560.0,-381684470.0,20230707
062970,2680,2825,2640,2770,47895,130096665,0.91,25783672450,-16690200.0,,20230707
087600,7420,7500,7340,7360,14379,106134010,-1.47,60105866880,-14004380.0,,20230707
291810,6400,6960,6400,6510,204521,1373057730,-0.46,73611252120,2746070.0,,20230707
161580,14560,15100,13770,14610,3205911,46604052840,3.11,321611054970,-3074622290.0,-464191580.0,20230707
347770,14200,14500,13920,14040,27040,381400870,-3.17,109771936560,-117567680.0,-13689420.0,20230707
163730,10500,10650,10320,10380,24029,250769470,-1.7,96962392980,-12460100.0,41610.0,20230707
417180,4275,4355,4210,4350,114861,495036295,0.69,58039344300,63982255.0,,20230707
446750,2125,2140,2125,2135,15213,32436720,0.0,12874050000,0.0,6491100.0,20230707
448370,0,0,0,2150,0,0,0.0,12083000000,,,20230707
454640,2150,2150,2125,2140,41586,88580335,0.0,11558140000,-7330995.0,21342795.0,20230707
400560,3005,3065,2975,3055,145529,439975050,1.33,9317750000,32196965.0,3747885.0,20230707
406760,2240,2250,2225,2245,7148,15942185,-0.22,16635450000,-127875.0,-1429085.0,20230707
418170,0,0,0,2200,0,0,0.0,13222000000,,,20230707
427950,0,0,0,2360,0,0,0.0,11398800000,,,20230707
430230,2190,2205,2190,2205,8941,19668590,0.0,17648820000,-6600.0,6082330.0,20230707
435620,0,0,0,9760,0,0,0.0,41987520000,,,20230707
299030,97000,99000,95200,97900,336675,32774448400,-0.71,744196444200,-4722683400.0,281814400.0,20230707
067310,20500,20800,20150,20350,1197357,24473716450,-0.73,975209728900,2338610450.0,-523812550.0,20230707
372290,0,0,0,2405,0,0,0.0,10351120000,,,20230707
166090,49400,49400,47250,48100,179226,8566025050,-1.84,950103619400,1950127050.0,-2411298550.0,20230707
136480,3035,3075,3020,3050,302093,921165620,0.33,323939591100,-77615150.0,9277675.0,20230707
003380,7450,7520,7400,7450,423677,3156511660,-0.4,834441876450,348173550.0,191565090.0,20230707
101670,30650,32150,30650,31850,444393,14032488600,1.43,711317229350,334315250.0,-1250.0,20230707
365590,2020,2095,1999,2060,3271446,6673834953,5.1,287613786580,-194107930.0,3431815.0,20230707
149980,8630,8740,8030,8210,358899,2969128380,-5.41,125923198430,-7974920.0,105494130.0,20230707
013030,28000,28550,27500,28250,107915,3027827650,0.36,363183412500,-811496750.0,862226250.0,20230707
126700,19660,20200,19570,19770,150398,2975577200,0.51,295405554240,-87010910.0,-212418290.0,20230707
106080,9370,9390,9120,9250,57153,524933510,-2.12,136701458000,-63072710.0,,20230707
377400,0,0,0,2270,0,0,0.0,12275025000,,,20230707
400840,2175,2205,2175,2185,354,775875,-0.68,11187200000,,646445.0,20230707
450050,2115,2125,2110,2120,16359,34630670,0.24,10629680000,0.0,-28377690.0,20230707
221840,3175,3175,3035,3050,26250,80621360,-3.94,57036711050,-10052120.0,-5276030.0,20230707
106190,13320,13320,13000,13070,14299,186811870,-2.83,92650380740,9217070.0,1325000.0,20230707
373200,5470,5720,5470,5600,193734,1083959080,1.45,105991200000,-220600560.0,,20230707
066130,5390,5440,5360,5380,14748,79387620,-1.1,68864000000,-8954180.0,10.0,20230707
004590,4560,4655,4540,4600,59431,272444170,0.22,69000000000,-11073105.0,10.0,20230707
039340,6000,6010,5860,5980,30435,180474190,-0.33,137540000000,-25934170.0,9100.0,20230707
034950,74800,74800,73400,73600,3091,227352600,-0.54,334181830400,122821600.0,8900.0,20230707
222980,5380,5410,5230,5260,79319,418225290,-2.41,58025600580,132422500.0,40.0,20230707
256840,3435,3435,3275,3335,278747,927939160,-2.06,226487997405,-230160725.0,2159730.0,20230707
025550,4055,4055,3925,3940,174519,690141940,-2.11,94202240120,-187630880.0,,20230707
017890,11100,11400,10910,11010,155585,1731001050,0.0,237879417600,-284159630.0,-27418500.0,20230707
080720,5120,5250,4810,5250,40092,200663880,1.16,41494572000,-6354480.0,-1780620.0,20230707
063570,6410,6610,6180,6570,627160,4000585630,1.08,224350572960,597827610.0,-181492470.0,20230707
041460,4620,4850,4530,4575,299504,1395515245,-0.97,86925000000,-237839975.0,22925.0,20230707
101680,3905,4080,3865,4005,42075,165820715,0.0,33658020000,35881350.0,,20230707
039740,3340,3365,3280,3345,28473,94936310,-0.59,26821537965,-19758880.0,,20230707
053300,4735,5900,4720,5390,6913298,38377224205,13.83,225174424090,-385656155.0,-503485.0,20230707
025770,9090,9150,8880,8880,93445,837390810,-2.95,332505126480,37965050.0,-5526580.0,20230707
409570,3310,3530,3310,3430,752860,2592374040,4.1,18556300000,132074255.0,180031070.0,20230707
436610,0,0,0,2790,0,0,0.0,16795800000,,,20230707
023760,649,650,644,646,153659,99252506,-0.46,203883786096,-7215463.0,0.0,20230707
054040,4145,4175,4105,4120,21395,88460900,-1.55,66213714800,-31195180.0,,20230707
021650,3095,3115,3060,3070,17661,54374270,-1.92,50196228410,-4245510.0,615.0,20230707
053590,0,0,0,334,0,0,0.0,52484809098,,,20230707
032300,17660,18200,17560,17730,16914,302590480,0.4,193375808730,-17791990.0,90.0,20230707
037230,2440,2470,2415,2470,13667,33279560,0.2,73606807690,-376660.0,,20230707
030520,12090,12270,11930,11990,100082,1202779360,-1.32,307054715660,-130984800.0,-20508450.0,20230707
052600,5240,5240,5150,5190,38239,198020630,-0.95,60015603000,-28398040.0,5200.0,20230707
256150,8660,8770,8360,8550,38735,330191390,-1.38,71777250000,20877610.0,,20230707
092460,7050,7290,7040,7290,103017,737169880,2.97,128431334430,190344430.0,-8690.0,20230707
047080,2640,2640,2535,2540,103694,266197680,-3.79,63048799480,2428105.0,,20230707
114810,9590,9590,8980,9160,207024,1888521980,-2.86,268865913840,335108410.0,-495112760.0,20230707
070590,1767,1767,1705,1739,208268,359285249,-2.58,24136487019,-5980235.0,95727.0,20230707
226440,0,0,0,1530,0,0,0.0,90418067280,,,20230707
042520,23800,24750,23500,24200,269043,6472670950,0.83,293208748800,-734348450.0,60835700.0,20230707
078350,15240,15580,15000,15350,124349,1897193210,0.72,234001263700,-230867820.0,128455040.0,20230707
045100,16000,16190,15690,15750,70909,1124069270,-2.17,283500000000,956160.0,2812220.0,20230707
024740,2700,2720,2645,2645,292415,779389710,-2.76,83403584170,-233078800.0,,20230707
005860,5960,6010,5690,5720,1158594,6702117840,-4.83,225389078200,-587575450.0,,20230707
123840,425,426,417,421,212847,89569538,-1.86,42687978704,-3379576.0,-6638.0,20230707
007770,24950,30900,24550,27500,4459312,127310874800,10.0,96525000000,1255821550.0,1450.0,20230707
198940,6040,6040,5590,5690,583361,3347712020,-3.56,110589787350,-513390690.0,-17055170.0,20230707
079170,13280,14000,12820,13000,251556,3360837220,-3.49,67600000000,-29479430.0,140.0,20230707
054920,3750,3820,3580,3605,468649,1711251885,-5.26,101722577005,-184497875.0,52950.0,20230707
002680,1623,1624,1550,1578,406103,639961801,-2.77,47331821226,90552362.0,,20230707
386580,2215,2215,2200,2205,5873,12963470,-0.45,9172800000,-203150.0,0.0,20230707
430460,2130,2135,2130,2135,7556,16128475,0.0,12639200000,,1407900.0,20230707
034810,9040,9100,8930,8930,28243,253798050,-1.11,290732733010,-44274060.0,8980000.0,20230707
03481K,10080,10210,10000,10090,2060,20715420,-0.59,14014222980,-1417220.0,,20230707
076610,429,433,420,430,296351,126499345,-0.46,54724377420,-20827997.0,,20230707
059270,6930,6950,6780,6890,66718,454859060,-0.86,69043642720,103621080.0,,20230707
220180,3820,4030,3750,3765,502781,1943193350,-1.31,73071120000,-50585325.0,1214790.0,20230707
900270,300,303,297,299,580966,173838387,-2.29,25618918000,-17274068.0,,20230707
214180,12980,13120,12960,13060,27078,353157390,0.08,173138836100,-8801950.0,115879980.0,20230707
234340,17110,17200,16750,16750,11790,198911410,-2.5,158337750000,-30190900.0,16920.0,20230707
084990,5970,6130,5890,5950,179168,1069583470,-2.14,247499347550,62396130.0,-20859850.0,20230707
170030,9050,9170,8620,8830,771429,6795556500,-3.92,135452200000,9570880.0,154480.0,20230707
319400,4315,4380,4300,4375,1024110,4437886015,0.69,513376539375,-638404370.0,-777555.0,20230707
048410,23750,23900,22950,23300,495933,11593759950,-1.89,927445036400,206372000.0,168947550.0,20230707
052260,11570,12200,11500,11650,22757,264758410,-0.68,174750000000,-46943750.0,-4283750.0,20230707
041440,7900,8110,7820,8030,336443,2684511010,1.01,143865030320,-429461910.0,-63103780.0,20230707
039010,7330,7550,7000,7080,124698,898794360,0.0,61065000000,-135627650.0,7243060.0,20230707
090850,7500,7590,7210,7390,108304,797127840,-1.73,175485607790,104109390.0,-111683330.0,20230707
092300,5450,5580,5350,5380,215203,1165640400,-2.89,100459750080,-53857840.0,,20230707
138360,1322,1324,1231,1231,937624,1187577065,-8.13,42607352304,-272488034.0,-1003781.0,20230707
011080,1132,1140,1122,1126,108608,122575778,-1.49,28716786738,-21080574.0,,20230707
060560,1355,1355,1320,1324,407249,542166937,-1.12,169034451100,-99814862.0,9199220.0,20230707
064240,4460,4765,4450,4725,326323,1511972790,4.19,165554606700,-269936470.0,-4892800.0,20230707
039610,6160,6300,6150,6280,85028,528569510,1.13,65377312000,-97039640.0,40.0,20230707
126640,1994,2005,1944,1948,291686,573114671,-2.36,70856331876,-16459056.0,-95001.0,20230707
127980,12010,12210,11990,12100,27639,332863700,-1.22,137531407200,101157780.0,100.0,20230707
061250,1990,2015,1980,2005,293678,584157255,-0.25,133398316130,-62594737.0,,20230707
097870,8250,8250,8100,8110,66707,543598110,-1.7,68853900000,-104088620.0,30.0,20230707
290270,4355,4440,4315,4330,39564,172615345,-0.8,41601219760,5678200.0,-446240.0,20230707
353190,1262,1310,1240,1299,141686,179768265,1.96,50374726380,21643965.0,829276.0,20230707
192410,582,599,580,597,151859,89900885,0.17,64951426920,-6694906.0,,20230707
090710,1800,1800,1774,1776,1006861,1791835682,-1.33,290865639648,-35294714.0,1776.0,20230707
205470,2310,2330,2215,2230,3471341,7862551850,-4.29,288506270070,-643035640.0,-74778645.0,20230707
115160,3740,3780,3680,3680,267388,991170540,-1.6,161810056320,-60598330.0,50790.0,20230707
028080,7530,7600,6780,7060,265579,1915388540,-6.12,88797192360,151444130.0,,20230707
032860,0,0,0,3640,0,0,0.0,65288375880,,,20230707
200670,35600,36300,33800,35500,129889,4580834850,-0.28,383204821000,-761515700.0,1426213100.0,20230707
065510,22350,23200,21900,22500,172411,3856320250,0.22,271020847500,-340294600.0,-44981650.0,20230707
215090,0,0,0,1505,0,0,0.0,120843123170,,,20230707
263920,1167,1210,1167,1182,176556,208773399,-1.42,57971348388,24760927.0,840340.0,20230707
243070,30100,30400,29600,29750,18928,564483600,-1.0,355082582750,-263291650.0,263450.0,20230707
084110,19880,19880,19500,19660,18168,355738520,-1.11,248138532720,-146312720.0,200.0,20230707
145020,105200,107200,102600,104700,52695,5516825100,-0.48,1296757138500,-1749419700.0,1799779600.0,20230707
024060,5330,5360,5260,5280,45439,240407280,-1.49,79200000000,-14644330.0,50.0,20230707
010240,6520,6540,6410,6520,15821,102573130,-0.46,80343977920,8567610.0,90.0,20230707
189980,2720,2780,2720,2755,69340,190590630,0.18,110579713385,-14149010.0,27602045.0,20230707
037440,7730,7950,7720,7880,119232,935384830,1.03,109709103000,54752650.0,,20230707
238490,7170,7330,7160,7230,26453,190998110,-0.28,81787466280,11022040.0,-5350.0,20230707
