code,open,high,low,close,volume,거래대금,등락률,시가총액,foreign_net,inst_net,date
060310,2625,2630,2555,2620,238127,616164095,-0.19,127166002040,164987080.0,0.0,20230817
054620,8550,8970,8400,8680,69974,611798320,0.35,177021838280,-5805230.0,114319640.0,20230817
265520,18260,18260,17720,18020,100147,1793415410,-1.31,275371206420,148860810.0,-7661810.0,20230817
211270,11250,11480,11030,11330,59759,674084570,0.71,170882504320,80481330.0,-4339610.0,20230817
126600,5110,5190,5040,5100,143059,728993840,-3.41,208431971400,-152724870.0,30749990.0,20230817
013720,1322,1449,1320,1418,91972,127112222,-0.21,43130112044,4810566.0,,20230817
083790,2800,3400,2800,3355,1887009,5874782845,-4.69,257979980610,556427060.0,-6901235.0,20230817
035760,61400,61500,59500,59900,85906,5155631900,-2.44,1313556324600,-1218088400.0,-282030900.0,20230817
311690,20800,20900,19880,20100,26469,531759510,-3.37,118161307200,110883740.0,660430.0,20230817
051500,25700,27200,25150,26500,22378,583921150,0.57,314597029000,-79393100.0,-15844800.0,20230817
058820,2440,2610,2430,2465,2023650,5057343275,1.02,342369381460,-998828165.0,3600040.0,20230817
023460,1987,2000,1970,2000,6925,13745993,0.0,74400000000,-27725.0,,20230817
056730,1329,1329,1302,1313,199137,261880784,-1.87,58759318228,-17404796.0,,20230817
065770,1407,1495,1406,1490,93732,135208605,5.9,28922583700,-7485382.0,-5452785.0,20230817
083660,1214,1319,1214,1288,67579,86248958,1.82,78886369128,-4503837.0,,20230817
404950,0,0,0,2120,0,0,0.0,12380800000,,,20230817
456440,2030,2055,2030,2035,58946,120016235,-0.25,10816025000,-19899695.0,37859730.0,20230817
367360,0,0,0,2125,0,0,0.0,10285000000,,,20230817
060900,3370,3430,3050,3135,548282,1763926585,-9.0,75434548695,393618970.0,-2746265.0,20230817
025440,2630,2640,2490,2560,47835,122197700,-2.29,72960000000,18963085.0,,20230817
068790,5250,5570,5120,5550,84348,448754400,4.52,136380488550,-85175080.0,-12888280.0,20230817
241520,3035,3100,3035,3080,297977,911021555,-1.91,85659121240,87285880.0,3055000.0,20230817
065150,270,274,256,270,436007,115319759,0.0,33826249350,-8085660.0,-6575555.0,20230817
180400,7170,7270,6970,7020,204019,1434718570,-3.17,212140412640,98168860.0,-1447890.0,20230817
245620,1643,1645,1571,1621,642574,1029139652,-2.0,140483618106,22897408.0,-1334868.0,20230817
037370,14710,16010,14450,14960,322599,4844936590,4.91,129029581120,145740750.0,617270.0,20230817
050120,3355,3450,3335,3430,40344,136944305,-1.44,46524814980,9814595.0,,20230817
214270,2655,2730,2615,2670,183280,486444550,-1.48,88778736210,48584085.0,,20230817
130500,3095,3155,3020,3145,39144,120452555,0.0,45744188540,-21778340.0,-75.0,20230817
900290,2480,2530,2325,2450,402518,966605835,-1.8,165068750000,210606130.0,,20230817
083450,23950,24800,23450,24500,72631,1750371100,0.0,228284752500,357323300.0,31275550.0,20230817
297890,4880,5360,4880,5270,6064604,31712783095,6.68,344294138120,1167847130.0,-87160685.0,20230817
078150,2620,2785,2585,2745,5916322,16098841860,3.39,235666954395,183825860.0,-1559980.0,20230817
195940,36000,36600,35550,36400,189626,6883431800,-0.14,1031208032400,-431655500.0,1317206650.0,20230817
028300,30500,30800,30150,30250,707075,21469183000,-1.47,3714697640500,-5885899850.0,3724023850.0,20230817
278650,3060,3120,3035,3100,441530,1357981760,-0.64,243661054000,-177509445.0,22790395.0,20230817
067630,9200,9220,9000,9050,286331,2606445610,-1.63,921294796500,-408959430.0,1030238510.0,20230817
024850,3420,3470,3335,3380,285278,969839775,-1.17,224794440780,54491285.0,-1760.0,20230817
047920,13360,13360,12870,12930,234157,3047105140,-3.29,382781038860,-1236634490.0,27159370.0,20230817
115450,4025,4250,3945,3945,255061,1029052015,-2.71,289196888220,-220613880.0,2978680.0,20230817
403870,30650,32000,29600,31550,1096108,34078732350,0.64,2560566450000,-911975750.0,2144487100.0,20230817
036640,5290,6340,5100,5660,4686874,27762737730,7.81,92568168000,-374487360.0,2605490.0,20230817
405350,3305,3335,3220,3230,15076,48826560,-2.12,8785600000,-1169535.0,-4518895.0,20230817
426550,0,0,0,2325,0,0,0.0,11811000000,,,20230817
439730,2295,2295,2280,2290,2230,5090695,-0.22,9869900000,-16030.0,,20230817
442770,2200,2200,2170,2180,6035,13185695,-0.91,9177800000,0.0,-10925.0,20230817
448760,2230,2240,2230,2235,4852,10851720,-1.11,9901050000,-294960.0,0.0,20230817
095340,93300,103700,92600,100200,832981,83039226300,5.36,1743426994200,-75930600.0,6601381800.0,20230817
099520,0,0,0,1284,0,0,0.0,49626429228,,,20230817
950170,4505,4535,4275,4435,112106,493527415,-2.95,223030043005,-59168025.0,,20230817
067290,3100,3125,3005,3060,323075,982159635,-3.01,148187161620,-364412105.0,-3060.0,20230817
035900,114200,121100,114200,119300,895633,105332764400,4.37,4234850795600,17042506000.0,1966694800.0,20230817
318000,8760,11370,8750,11370,3564743,37068355190,29.94,99376335510,-2609856780.0,19109950.0,20230817
024840,1717,1717,1600,1617,451948,733325444,-6.53,54901245861,-202259209.0,,20230817
024120,4165,4420,4110,4270,152228,643494230,1.55,49105000000,92671660.0,-35.0,20230817
455250,2075,2080,2070,2075,5475,11362525,0.0,8932875000,,,20230817
458320,2005,2020,1998,2015,442865,887779357,0.5,11092575000,-10644.0,309003515.0,20230817
021320,4950,5140,4925,5030,14199,70702645,0.2,107642000000,-12559485.0,,20230817
036670,7550,7680,7430,7680,7597,57060020,1.72,86553600000,-10263000.0,,20230817
044180,737,740,717,724,276043,201279486,-2.03,19343686476,18575621.0,,20230817
151860,10510,10650,10270,10400,306680,3196475520,-3.17,374400000000,509253250.0,838840.0,20230817
046440,5520,5620,5410,5590,219857,1208585450,-0.36,217034925120,-127534410.0,-190320.0,20230817
035600,11000,11070,10770,10950,68884,749462960,-1.35,305553552300,-167448780.0,200047810.0,20230817
226360,0,0,0,319,0,0,0.0,39434949389,,,20230817
111870,0,0,0,2970,0,0,0.0,31672044360,,,20230817
060720,14800,15080,14630,15000,332820,4958762960,0.0,355161630000,-454030490.0,438749450.0,20230817
058400,913,920,900,907,197971,179428895,-1.41,120113756040,,,20230817
060370,12980,12990,11580,11730,876261,10438722400,-9.49,304255461360,-90474120.0,-490519960.0,20230817
122450,4530,4600,4400,4470,27902,124291765,-2.08,202651759080,-6232510.0,120690.0,20230817
052900,1177,1188,1154,1188,190209,222182698,0.68,65467730196,20449058.0,,20230817
376190,6970,7150,6750,7020,36711,254680150,0.72,172692000000,60143110.0,,20230817
061970,6920,7150,6870,7090,263314,1841784110,0.71,310432757280,7988230.0,273829650.0,20230817
309960,4050,4090,3955,3965,51709,206495315,-1.12,92056352635,-31819930.0,3581915.0,20230817
086960,1859,1984,1828,1939,2154231,4121672018,3.3,161563717763,883332101.0,1934.0,20230817
038340,0,0,0,1283,0,0,0.0,33979354334,,,20230817
160550,6220,6400,6170,6300,250204,1571647660,1.61,175808467800,-103971690.0,10061950.0,20230817
053290,4405,4510,4280,4400,112448,491736850,-1.46,72715750800,37366535.0,5.0,20230817
060250,9250,9330,9060,9220,162868,1501976360,-1.28,370280833420,168904830.0,-38433440.0,20230817
104200,4470,4525,4275,4510,45604,201045825,-0.77,66872250500,9740.0,-25.0,20230817
024940,6740,7070,6470,6470,154468,1021360020,-5.82,64700000000,-201325090.0,,20230817
218410,17710,18420,17600,18100,157547,2837684230,0.78,484834455400,-295717410.0,244049880.0,20230817
327260,10670,10790,10360,10780,58585,620489800,0.09,90910230180,-47655940.0,172480.0,20230817
091340,2815,2890,2770,2800,108843,305108425,-1.75,32770418800,3143140.0,,20230817
419530,21500,21650,19360,19800,438478,8735476180,-8.76,170100414000,-516175760.0,-539811900.0,20230817
019550,862,867,811,860,211780,179106892,-0.23,139377254500,-32746484.0,,20230817
950110,4400,4415,4220,4280,9727,41440330,-3.06,102944871200,-3718780.0,,20230817
046140,5760,5760,5500,5680,107379,600538000,-1.39,121912992400,49832910.0,-10240.0,20230817
151910,554,583,511,528,294695,158543448,-6.05,93526814304,-40122293.0,-35499.0,20230817
036120,4105,4255,3955,3960,947700,3863129585,-4.0,140580000000,-433096895.0,,20230817
099220,1450,1505,1415,1421,221160,317441708,-3.6,79820143431,22807370.0,-22736.0,20230817
036540,4865,5020,4830,4955,1160796,5705926810,-0.1,814900801365,-78609315.0,376443360.0,20230817
255220,1351,1373,1277,1339,96790,127510523,-0.67,63058675862,5304410.0,,20230817
040610,1657,1744,1650,1696,134269,224529619,-0.76,57811884416,6704439.0,,20230817
049470,641,658,638,648,88465,57145758,-1.37,38142737352,-2846358.0,,20230817
184230,771,771,750,762,124977,94955089,-1.17,41290664688,-13321019.0,-17524.0,20230817
016250,21600,21800,20950,21150,5473,115641900,-2.98,70780864950,-3319550.0,21200.0,20230817
048550,2175,2215,2155,2170,288098,625766480,-2.03,209825155400,5725660.0,-3776775.0,20230817
063440,1960,2015,1910,2000,621906,1218187817,-0.25,92058308000,-68881065.0,,20230817
289080,1905,1945,1891,1932,215527,410947559,-0.77,102848088000,-10832956.0,,20230817
089230,265,272,250,268,1266453,330246338,-0.74,49756913768,9228181.0,405082.0,20230817
161570,1115,1135,1038,1070,1433872,1550377832,-8.0,20055674470,183821194.0,1551625.0,20230817
032540,6100,6300,6100,6260,22158,137189900,-1.42,87211872340,44296090.0,4220990.0,20230817
022220,1240,1240,1200,1220,178303,216244718,-1.93,63189386380,-12832898.0,0.0,20230817
048770,4750,4850,4385,4565,2525554,11494900090,-8.88,71661328915,236196725.0,353890.0,20230817
246690,1402,1402,1340,1365,174781,239419506,-2.64,56617281630,-25200059.0,-4095.0,20230817
317240,1510,1539,1450,1504,382653,573566417,-1.38,142049228000,39731287.0,,20230817
057030,3545,3605,3425,3540,60998,214345590,-1.39,57746947380,-50668050.0,,20230817
040300,7160,7310,6990,7160,155560,1112090590,0.28,300720000000,-69340930.0,,20230817
051390,3750,3875,3660,3825,68983,257281190,2.0,43434282600,-477420.0,,20230817
052220,3155,3210,3105,3175,114085,358991205,-1.09,73025000000,-40718705.0,0.0,20230817
079940,12060,12080,11490,11940,135949,1604522700,-1.89,161616066960,156899070.0,71220.0,20230817
078890,5500,5530,5330,5480,107737,583490290,-1.79,93004636520,-18267710.0,-98670.0,20230817
399720,36900,40150,36450,40100,381460,14675325200,5.8,460681632000,193539950.0,734309600.0,20230817
036620,4210,4275,3950,4080,2352340,9574041325,-5.45,368805790080,-1594304165.0,-527537135.0,20230817
217730,2005,2060,1960,2030,657775,1313600449,0.0,77013987750,57337100.0,-10211263.0,20230817
114190,22450,24000,21200,23300,313074,7167051800,1.75,608666785400,309997850.0,68200.0,20230817
094480,4770,4910,4710,4865,158338,758405720,-0.1,190853161870,12206050.0,-131355.0,20230817
039240,3050,3100,3005,3040,93750,284188190,-1.3,82017996160,-56539875.0,,20230817
053950,1532,1532,1485,1515,97961,147375901,-1.62,53687654940,-43305536.0,,20230817
011040,6850,6850,6700,6780,22387,150880760,-1.02,208612233480,-61535020.0,6810.0,20230817
024910,2720,2875,2665,2760,132397,359181565,1.1,98860453800,71782920.0,-32653735.0,20230817
198440,2025,2065,1895,2010,228295,458849817,-2.9,64279719600,38871930.0,,20230817
049720,11170,11300,10840,10920,284276,3133135590,-2.24,156156000000,-348187280.0,8707010.0,20230817
014570,6420,6480,6290,6360,36990,235778520,-1.4,69960000000,20313980.0,,20230817
348150,9700,9700,9390,9540,55717,530295230,-1.75,180040864320,-16033270.0,,20230817
098460,13070,13080,12800,12950,692166,8925005790,-1.67,889079077250,-1106338270.0,-49538860.0,20230817
035290,1554,1592,1420,1446,2062331,3045085794,-5.24,67167515544,192196356.0,158343.0,20230817
900280,195,205,188,194,3022752,589887490,-0.51,39848431872,28332638.0,,20230817
215000,91600,91700,90000,90500,23216,2108693600,-1.31,567925057500,-229377200.0,328396300.0,20230817
121440,4260,4275,4180,4250,73772,310787905,-1.28,182056476500,-54123440.0,-1551625.0,20230817
366030,6900,6990,6630,6760,148470,1001967210,-3.57,152900046000,-12549630.0,,20230817
014200,0,0,0,1006,0,0,0.0,91250936176,,,20230817
029480,3880,3940,3675,3820,2248496,8540676640,-3.17,182931743620,45146135.0,-29070000.0,20230817
026910,4225,4225,3910,4020,19212,77779825,-5.63,25749728100,-4251530.0,,20230817
397880,2260,2260,2235,2255,17505,39242835,0.22,10012200000,15670.0,5595000.0,20230817
421800,2070,2080,2070,2075,6759,14029610,0.0,12408500000,-184675.0,6301740.0,20230817
440790,2090,2095,2070,2090,16276,34003445,0.48,8464500000,14465.0,30877690.0,20230817
456490,2065,2090,2065,2065,65587,135647555,-0.72,8673000000,-11669590.0,34797535.0,20230817
053270,2740,2850,2710,2810,239872,662453080,-0.18,75190901680,91160485.0,-32109600.0,20230817
066620,14830,14970,14780,14880,3854,57369560,0.34,111600000000,-13122960.0,-160.0,20230817
043650,5600,5660,5510,5580,38380,213211610,-2.28,99649336320,5123540.0,-2995210.0,20230817
006050,1302,1310,1276,1293,239580,308651520,-1.22,45119549199,-51718091.0,,20230817
060480,4980,4985,3920,3920,6558273,27905705950,-29.87,43472800000,-69255390.0,-880020.0,20230817
078130,0,0,0,800,0,0,0.0,102093978400,,,20230817
307750,7060,7240,6920,7050,759318,5378603950,-1.12,345938346450,-914901170.0,1828590.0,20230817
035080,14240,14460,13910,14130,37268,525924040,-2.28,219404761920,51513610.0,-22746250.0,20230817
204020,3160,3280,2995,3230,346765,1086015030,1.25,65076198900,181411415.0,,20230817
114450,3000,3030,2950,3020,46540,138084590,-0.33,45300000000,1802925.0,2960.0,20230817
186230,9140,9220,8890,8980,82018,738722940,-2.71,97165288240,56847630.0,-4372020.0,20230817
900070,684,753,667,700,200283,141315794,2.34,37620777600,-18676772.0,,20230817
204620,5430,5700,5090,5700,5094187,27501755620,4.01,312801864000,413983170.0,-912059420.0,20230817
019660,1892,1998,1830,1871,126174,238206278,-1.11,65093485766,-15642104.0,,20230817
053260,5720,5780,5480,5690,83159,462893430,-2.74,106516800000,29246320.0,110.0,20230817
282720,13120,13410,12580,12610,119635,1542937870,-3.89,152826895000,-38523390.0,,20230817
036190,28750,28950,28500,28850,2531,72609550,0.35,173100000000,2315800.0,-10418050.0,20230817
049080,1374,1586,1370,1428,4176510,6213059443,2.22,121213419516,28831653.0,551638.0,20230817
420770,82800,85900,81200,84400,56337,4733517200,0.72,1069833975200,-262689800.0,1052958400.0,20230817
035460,2625,2690,2590,2690,315132,827472015,-0.74,39213044600,104083450.0,872320.0,20230817
308100,5990,6000,5810,5900,43664,256227540,-1.67,39085924700,-41782590.0,5930.0,20230817
407400,8690,8800,8300,8440,177786,1502211650,-4.09,102761988040,64643850.0,6752110.0,20230817
187790,1401,1408,1310,1337,678833,912569489,-4.5,40803693091,-91035402.0,-604836.0,20230817
286750,3120,3140,2810,2910,1639604,4827705615,-6.88,59551837590,282215265.0,-984966880.0,20230817
121600,139600,147800,139500,146600,223448,32228842800,3.6,1724566336400,1841984900.0,2384393000.0,20230817
247660,21050,22300,19550,19960,498841,10304948360,-11.68,86704643200,-130544440.0,-1412760.0,20230817
039860,4355,4380,4235,4265,103076,440628180,-3.07,114334529155,-33495240.0,-13654120.0,20230817
091970,692,698,652,680,206526,139147039,-3.82,25443895240,691810.0,,20230817
417010,19800,20150,19100,19950,104164,2039628790,-1.24,382128843600,79696310.0,70330590.0,20230817
405920,6870,7080,6720,6930,33596,231488640,-1.7,44622533340,2293000.0,,20230817
051490,6500,6560,6250,6470,119647,761929950,-0.61,91874000000,70155610.0,-20.0,20230817
137080,7230,7400,7020,7330,43742,314262390,0.14,81065563260,105596370.0,7140.0,20230817
190510,12940,13340,12630,12890,147519,1888230340,-1.15,209493229760,156212090.0,-111187160.0,20230817
242040,2355,2450,2355,2410,452684,1081714900,0.42,83401096240,-53856480.0,-122910.0,20230817
089600,19100,19300,18750,18960,30138,570216550,-1.76,219332370480,-19485740.0,-69146440.0,20230817
293580,1181,1190,1143,1173,462864,538226026,-1.35,112338210000,-44261826.0,,20230817
138610,18760,18760,17570,18000,164864,2977420510,-4.36,179234622000,-91984510.0,4984950.0,20230817
130580,5930,6500,5880,6140,15362,92910930,2.5,94556000000,-606350.0,-11302790.0,20230817
036800,23450,23450,22900,23100,18603,429224150,-1.49,231000000000,80609600.0,3775950.0,20230817
267320,3255,4085,3230,3705,12905348,48782336035,11.76,149438748225,-749796130.0,-19816840.0,20230817
111710,6970,6980,6720,6980,13733,93824130,-0.71,143704240000,301020.0,,20230817
091590,8010,8010,7690,7810,36557,284369190,-2.38,91689400000,-63409780.0,,20230817
168330,2455,2500,2350,2480,57034,138977315,2.27,78752152000,-1719050.0,-3175205.0,20230817
094860,376,396,376,383,518603,198224402,-4.25,40008093825,7371714.0,,20230817
253590,3910,4040,3855,4000,659182,2602878805,0.0,166001212000,246092765.0,5002690.0,20230817
212560,6830,6980,6660,6950,91448,622589120,1.76,54730992850,77584870.0,,20230817
095660,37300,37700,35900,37250,120616,4435221250,-0.13,820756032750,-221622200.0,199315050.0,20230817
042420,24350,24950,24000,24700,21481,524437500,0.82,218764590200,14019200.0,247651650.0,20230817
950220,2100,2120,2030,2075,343558,706760220,-2.12,205149989875,6797745.0,,20230817
311390,8510,8520,8210,8300,93457,775464960,-3.04,66703738500,5249840.0,-1227000.0,20230817
085910,3755,3800,3695,3755,31680,118088880,-0.79,51926836090,670495.0,65.0,20230817
092730,24550,24950,23650,24550,87969,2134671850,-0.41,201490712550,573401700.0,-306456500.0,20230817
290660,1218,1340,1177,1192,412762,512506087,-2.13,27427419360,-63026810.0,-3882879.0,20230817
306620,2900,2900,2755,2880,125885,354215740,0.88,120135188160,44185860.0,,20230817
153460,7680,7750,7500,7690,7601,57736260,-0.77,50215807660,3609310.0,-12414200.0,20230817
007390,7830,8050,7600,7760,542418,4225511020,-1.52,497859530560,-338675950.0,458621850.0,20230817
033640,18500,18980,18170,18540,316149,5862777020,-1.23,427517605080,-268427330.0,-237599500.0,20230817
330860,23500,24250,23250,24050,37545,891954000,0.63,293026282250,20756500.0,2134600.0,20230817
089140,7900,8100,7150,7400,237607,1794861330,-4.88,68555524000,-231928370.0,,20230817
137940,397,405,380,394,261331,102864867,-0.76,30858470848,-13658745.0,,20230817
396270,12180,13680,12180,13530,640622,8481292030,10.45,239965915200,1832108640.0,550995270.0,20230817
348210,77800,82300,77500,80300,116834,9331060300,1.52,818809303400,-844288000.0,1588007200.0,20230817
225570,16820,17220,16660,17060,514292,8710811450,-0.99,1121972566200,1535753520.0,-1455254270.0,20230817
217270,7700,7850,7480,7810,60160,459022630,1.03,363219107680,-22130420.0,11772730.0,20230817
104620,8750,8750,8010,8060,521705,4280609330,-9.44,127687535560,-339411910.0,-439752850.0,20230817
194700,10290,10340,9800,10100,512007,5143924810,-2.23,189423964800,-251752890.0,489372050.0,20230817
285490,30550,31100,29500,30600,122515,3710490850,-2.08,323620428600,544566950.0,-143129850.0,20230817
106520,0,0,0,411,0,0,0.0,15082036272,,,20230817
376930,5670,5680,5300,5550,81364,447571370,-2.12,63567091500,37447130.0,-404570.0,20230817
142280,4300,4390,4265,4300,44050,189286920,-2.6,90804316900,4854600.0,-1159325.0,20230817
234690,7130,7130,6890,7060,21218,147489720,-1.12,125331068560,-28941870.0,,20230817
065560,0,0,0,5770,0,0,0.0,150366921250,,,20230817
054050,8290,8290,8030,8170,44592,361471280,-1.45,130969683370,-132581560.0,16240.0,20230817
069140,4600,4600,4140,4315,52002,223922405,-3.03,30648336045,13454105.0,1686445.0,20230817
040160,4800,4930,4750,4870,59011,284613565,-1.22,58710455450,83330995.0,-11591025.0,20230817
332290,2015,2085,1875,2045,375788,757513352,-0.97,67915376385,148860619.0,,20230817
348340,32850,34550,32300,33450,528983,17778466400,-0.3,349427731500,67840300.0,197446500.0,20230817
060260,863,863,835,845,313122,264902347,-2.54,35118238025,-16355198.0,,20230817
012340,1718,1718,1623,1625,264384,439567151,-5.41,48924138250,-62854793.0,-9750.0,20230817
214870,0,0,0,1383,0,0,0.0,45813404598,,,20230817
270870,7100,7230,6890,7220,13335,93909490,0.0,66425617280,-22710970.0,,20230817
144960,5160,5360,5080,5330,89457,465330230,2.11,232881685920,-192993870.0,-8972420.0,20230817
085670,4530,4740,4395,4740,242951,1111805025,4.64,115896607140,283602170.0,-18960.0,20230817
064260,3740,3810,3670,3740,290298,1086411940,-0.93,257869409600,-99569540.0,250038560.0,20230817
340360,1439,1471,1202,1445,1927112,2677955808,0.35,61795656200,335831900.0,-287902.0,20230817
039560,5470,6340,5130,5400,22693667,132198182910,10.66,213332297400,-3118259540.0,-287676810.0,20230817
154040,2235,2580,2085,2160,8712396,20416439295,5.88,38772203040,-510652575.0,0.0,20230817
032190,13840,13910,13580,13650,179969,2469121500,-1.66,522795000000,45571580.0,209079890.0,20230817
068240,14600,14600,13500,13930,583797,8141961240,-5.88,477289677410,-2359953190.0,537598880.0,20230817
020400,9640,9780,8920,9660,35218,337353630,0.63,30807343560,-41807420.0,-172350.0,20230817
008830,5500,5790,5370,5660,60922,341985100,3.28,50869363200,42956290.0,-299920.0,20230817
048470,3800,3835,3760,3815,21804,82742555,-1.42,38150000000,-12775815.0,10.0,20230817
004780,4185,4270,4085,4175,36510,152168585,-0.24,66395855825,-8375420.0,,20230817
017650,8600,8600,8450,8570,12319,105026670,-0.35,77130000000,-2342450.0,-1894120.0,20230817
007720,675,676,650,667,144120,94882697,-1.77,67233900150,2206287.0,,20230817
389260,26800,26900,24850,24950,187425,4738820000,-6.38,425397500000,-1057840550.0,-765337750.0,20230817
317850,10180,10530,10150,10420,83136,860450280,-0.67,86740456400,294660700.0,-6859190.0,20230817
290670,41050,42550,40450,42050,105692,4389347200,0.24,330414603000,393731800.0,-16274050.0,20230817
078140,12100,12230,11030,11030,474496,5389782560,-8.24,122284966370,30362320.0,-21008290.0,20230817
036480,9910,10010,9770,9970,18661,184209850,0.0,37886000000,-20900460.0,,20230817
027830,1536,1557,1510,1544,188641,287270415,-1.22,83376000000,-26945449.0,-3088.0,20230817
104040,1331,1380,1316,1350,116473,155140075,-0.37,42256729350,1834171.0,,20230817
129920,8010,8080,7790,8080,78399,620835460,0.0,110817628240,38041660.0,15463390.0,20230817
438220,2195,2195,2185,2195,4913,10744490,-0.23,12379800000,-21875.0,0.0,20230817
442310,0,0,0,2475,0,0,0.0,16607250000,,,20230817
020180,1084,1101,1073,1091,215235,233883249,-1.0,41925946265,-2291960.0,,20230817
045390,2990,3070,2950,3060,514427,1538862310,1.49,215648533620,-157614325.0,-2658945.0,20230817
108380,12900,12900,12510,12700,20109,254972960,-1.55,121505129100,36020120.0,-9507850.0,20230817
006580,0,0,0,3260,0,0,0.0,87531000000,,,20230817
007680,6030,6160,6010,6060,4317,26196770,-1.46,81485632440,-1249520.0,,20230817
048910,12210,12430,11500,12100,190253,2268538510,-2.65,152205246600,552744920.0,4702190.0,20230817
005710,5640,5680,5520,5620,21510,120179460,-0.88,112611312000,5315520.0,-5906330.0,20230817
290380,0,0,0,2300,0,0,0.0,56841307600,,,20230817
290120,4255,4485,4195,4345,70057,301929530,-0.46,55541548425,15885040.0,1222355.0,20230817
120240,20550,21000,18570,19310,679041,13283434860,-12.43,138846450210,3767720.0,460814890.0,20230817
003310,1889,1890,1820,1866,287148,531657151,-1.22,66042125100,54127846.0,,20230817
078600,87000,91700,85400,90200,320143,28499935700,3.44,1396349488600,1593531400.0,670908700.0,20230817
096350,645,647,608,623,2132866,1323401881,-3.41,102023108607,-170889687.0,-131555980.0,20230817
140520,2720,2745,2690,2710,46475,125827520,-1.28,57206048530,-725035.0,,20230817
131220,6860,6860,6520,6780,52620,349794270,1.65,50541442200,-96404540.0,12098940.0,20230817
010170,1710,1798,1705,1763,1454681,2537716982,3.46,131363185658,13518021.0,5380564.0,20230817
054670,8890,9050,8670,8870,41826,367472600,-0.34,127328140400,-20745950.0,-40.0,20230817
023910,28250,28350,27700,28350,23712,666128350,0.35,170100000000,282054050.0,578250.0,20230817
021040,4775,4775,4710,4775,10891,51657660,-0.21,51820147925,-3972745.0,-11808405.0,20230817
021045,7500,7700,7500,7700,747,5749900,-3.75,3266694200,0.0,,20230817
067080,7800,7860,7750,7780,37762,294081850,-1.39,144837537000,-18474570.0,-16022700.0,20230817
298540,21550,21550,20600,21250,80260,1690033550,-1.85,312599740000,-112493500.0,176908100.0,20230817
393890,67700,71700,67600,70500,191472,13422887200,2.47,2375604519000,103071000.0,1517713500.0,20230817
299170,1899,1934,1878,1914,86241,164635774,0.1,57473521182,12954710.0,-31049.0,20230817
224060,5960,6400,5800,6390,31152,188996360,5.62,21921489270,6234130.0,-35350.0,20230817
213420,43200,45450,43000,45150,248027,11035358750,3.79,1121127731850,-410657300.0,5759671400.0,20230817
317330,14410,14960,14150,14900,54532,793444240,1.78,273823677200,159675660.0,14040.0,20230817
077360,6940,7420,6930,7320,598187,4307022660,2.95,332598854640,-316951150.0,-272364310.0,20230817
090410,2050,2095,2000,2065,1185409,2414027395,-0.48,95163656175,202189175.0,-263086500.0,20230817
263600,9080,9370,9000,9300,83246,762698700,0.22,148151883000,5497320.0,92266560.0,20230817
194480,34250,35450,33300,34950,59744,2046647750,1.16,416085342000,-353019950.0,202769750.0,20230817
263800,5040,5220,4965,5140,83739,424963795,0.39,83326493200,-30163790.0,,20230817
206560,8200,8400,7830,8100,95288,777480280,-2.64,205835061600,42007670.0,-1388000.0,20230817
261200,11950,12080,11150,11560,486107,5579603680,-4.86,171369139200,-266872690.0,69824030.0,20230817
067990,4920,4980,4810,4950,81442,398061400,0.41,159298672500,-76657750.0,-14473195.0,20230817
006620,5380,5380,5200,5260,45562,239926240,-2.41,149725857920,-39265480.0,-671470.0,20230817
100130,3180,3210,3120,3175,220155,693967060,-2.16,181429025000,79251320.0,-91298255.0,20230817
005160,5380,5750,5280,5710,346152,1906086810,4.77,309735992220,188514100.0,75720.0,20230817
075970,3720,3800,3605,3725,282166,1038005215,-1.97,68540000000,271421800.0,-10307995.0,20230817
086450,14130,14290,13850,14190,136523,1927622870,0.35,630887400000,-188584040.0,464200210.0,20230817
099410,2555,2555,2455,2555,122902,307514930,-1.16,34597260110,61424110.0,,20230817
033500,13640,13640,13140,13550,283087,3775317460,-0.66,406357643700,636341890.0,-572568090.0,20230817
025950,9650,10060,9150,9500,16392,154983680,-1.04,79800000000,-7487440.0,-370.0,20230817
088130,6640,6710,6480,6680,11451,75481010,-0.15,71228425840,-24426820.0,-2440.0,20230817
041930,8070,8260,7890,8160,69744,560014480,0.99,128928000000,18673560.0,-2795920.0,20230817
060380,2325,2325,2205,2290,122121,274370340,-1.72,45113000000,51677050.0,332745.0,20230817
079960,20100,21350,19700,21250,124678,2586039880,4.42,167025000000,623647390.0,307683600.0,20230817
228340,2900,3000,2815,2975,101494,291683915,-0.83,59500000000,-10204360.0,27692125.0,20230817
088910,3050,3075,2955,3020,336926,1016099820,-1.95,78011927280,-140087885.0,-629625.0,20230817
094170,25600,28600,24150,27300,1414911,37644989700,5.2,499708891500,107925150.0,15493350.0,20230817
013120,3530,3550,3410,3450,54166,187280330,-2.27,313287945000,31229160.0,-4252760.0,20230817
109860,10920,10990,10630,10800,43031,463790290,-2.17,98280000000,-61767650.0,40.0,20230817
032960,12100,12400,11860,12400,91235,1109617600,1.47,47200463600,1391300.0,-14346390.0,20230817
023790,1717,1732,1665,1702,80704,136543431,-1.9,27205527092,4394421.0,970463.0,20230817
005290,34950,36350,34750,36300,557003,19856057050,2.4,1866346132200,-1770065050.0,2360146000.0,20230817
025900,34550,35700,34300,35600,31458,1098569550,0.99,719668062000,30648200.0,177447650.0,20230817
131970,46600,48650,46250,48000,420743,20032235050,1.37,708459696000,-1753356950.0,3895887050.0,20230817
073190,2265,2395,2235,2375,48253,111366175,3.71,28424095000,-4027650.0,-14345210.0,20230817
030350,505,522,500,522,488123,248129962,0.77,36221043906,4203179.0,,20230817
203650,3165,3165,3020,3080,479454,1475492605,-3.75,155865722320,-24441250.0,1027915.0,20230817
223250,13690,14190,13010,13910,32243,439832740,0.07,82449021200,50172840.0,781800.0,20230817
060570,3200,3275,3120,3220,96275,305653665,-0.62,183088707340,59841985.0,38640.0,20230817
217620,1162,1162,1066,1118,1637733,1802258079,-3.79,59461953590,-72226943.0,455271.0,20230817
016670,369,380,358,373,305545,112257920,1.08,37993042952,-2194739.0,,20230817
187870,13880,14220,13630,14170,10352,143920420,1.94,99708749530,-3829940.0,-340.0,20230817
066670,5900,6370,5820,6150,175316,1060972220,2.16,114955295700,90212350.0,5970.0,20230817
110990,10450,11150,9960,11060,208433,2199836660,5.84,209034000000,-16937670.0,152357300.0,20230817
078590,0,0,0,2380,0,0,0.0,316556560040,,,20230817
263690,10620,10930,10340,10800,27165,285957130,0.47,122316588000,9597890.0,29180.0,20230817
214680,2995,3145,2975,3125,4693609,14398131370,1.3,226017771875,581185645.0,-5570675.0,20230817
263720,17610,18650,17500,18090,56518,1030306080,1.06,222056757990,195075330.0,-3880150.0,20230817
376300,36650,37250,35650,37200,102370,3746323500,1.36,883068703200,-35404200.0,466139500.0,20230817
141020,0,0,0,3735,0,0,0.0,43701490755,,,20230817
109740,5320,5340,5240,5260,32281,169964570,-1.13,142151026600,-16161140.0,-16884400.0,20230817
196490,5100,5150,4515,4600,3001585,14154227025,-9.27,149954185600,-625511360.0,16082745.0,20230817
066900,3495,3505,3255,3470,72626,245230505,-0.86,78923425410,-40422965.0,,20230817
127120,3275,3425,3225,3310,37345,122912810,0.15,56580120520,-6561770.0,,20230817
092070,22050,22850,20300,21000,853688,18412942750,0.24,243009018000,-1307289900.0,652441150.0,20230817
039840,28200,28300,27250,27850,117031,3240519700,-2.62,442306876750,-728963900.0,251018400.0,20230817
219550,1200,1296,1199,1221,751074,920268056,1.75,63841749345,-36350271.0,,20230817
310870,1927,1957,1850,1941,205413,393289448,-1.42,40153993011,-20493907.0,37777434.0,20230817
104460,21350,21600,20700,21250,53488,1127785900,-0.47,227664531250,92065350.0,-121164250.0,20230817
079810,27950,29450,26250,29000,461648,12912219150,1.05,464289826000,-1148697900.0,-2711750.0,20230817
113810,1065,1105,1024,1091,567897,600149603,2.44,35597203641,101466993.0,,20230817
043360,2705,2830,2705,2765,21996,60683875,-3.32,24885000000,877390.0,-3529390.0,20230817
197140,5430,5550,5220,5480,92108,492436340,-0.18,52503079920,-42620050.0,-12193210.0,20230817
068930,6010,6010,5800,6000,19757,115959710,-0.17,168904446000,11225810.0,-4280.0,20230817
033130,2010,2030,1964,2030,189865,379311957,2.32,75343992010,46722783.0,-2185.0,20230817
105740,11010,11080,10780,10940,126800,1381865520,-1.44,107574168700,-280694850.0,-143823840.0,20230817
263020,3025,3090,2915,3065,137382,409380980,-1.13,47588428260,-10612040.0,3168120.0,20230817
290550,9100,9460,8910,9340,68483,627619170,0.11,174362585140,50888520.0,-60909610.0,20230817
187220,4125,4195,4020,4185,83839,343658990,-1.3,48956217885,-32391510.0,606435.0,20230817
383930,4930,5110,4850,5060,166323,827410710,0.8,64234230720,23535835.0,,20230817
131180,1209,1212,1193,1208,54818,65822434,-1.39,35454800000,-2467002.0,-11261997.0,20230817
315640,19790,21700,19000,20850,1196602,24470163950,5.36,194262243900,391943670.0,852078660.0,20230817
317120,4520,4540,4385,4480,25815,114399710,-1.32,43276800000,-3688475.0,,20230817
042510,2460,2470,2335,2385,450591,1072338860,-3.44,92220189210,-17741605.0,19200000.0,20230817
232680,9110,9220,9060,9150,32068,293208050,-0.44,114413741100,9212880.0,-29630.0,20230817
418420,7750,7990,7390,7580,497113,3813001270,-3.19,223583909640,491378070.0,-56892740.0,20230817
300120,6230,6630,6230,6510,169834,1097474230,2.52,135642438120,-71216470.0,-120.0,20230817
171120,4130,4295,4015,4075,102753,421173255,-3.21,146299672000,-38526860.0,,20230817
388790,2080,2350,2060,2280,554755,1212947800,6.54,68203760400,30517110.0,,20230817
069540,3365,3445,3050,3135,857598,2740422120,-9.26,85289211150,-145541695.0,10235.0,20230817
347700,4565,4710,4450,4675,31883,145714235,2.41,47815666250,13378935.0,,20230817
214260,25650,25800,23600,24450,204789,4984573650,-4.49,211661596200,188687450.0,-571706900.0,20230817
200350,14050,14650,13790,14620,52121,734534570,1.67,94636780480,-16641990.0,-53824840.0,20230817
171010,5610,5770,5410,5730,61418,341602140,2.14,80841338280,-92364790.0,5410.0,20230817
084650,5710,5790,5230,5280,2198207,11874120480,-7.04,195993573600,-1717088450.0,208461380.0,20230817
217500,3640,3700,3500,3660,201350,725104190,-0.81,116431920000,5769995.0,-2158495.0,20230817
141080,35950,36350,35400,35700,173777,6221345300,-1.52,945691714800,-1260469150.0,1369047200.0,20230817
038390,15950,15970,15500,15660,9294,145458400,-1.94,134511256800,-3574240.0,-4754210.0,20230817
294140,3150,3290,3110,3255,428128,1378867960,1.24,120435000000,168692800.0,135080.0,20230817
228670,25200,26800,24700,25800,724042,18752327950,3.2,392876569200,3174208150.0,-1037265950.0,20230817
228850,10000,10000,9750,9990,18443,181523520,-0.1,165744229860,-42724230.0,-4871670.0,20230817
412350,10360,12680,10360,11240,3407434,40223337160,5.34,96346076600,-242326860.0,-89141570.0,20230817
281740,16710,17480,16710,17370,1193973,20535519300,2.6,1141739618760,2592368620.0,312440960.0,20230817
277810,119600,122000,118600,119600,852596,102680481500,-1.24,2302413141600,529861300.0,484501400.0,20230817
215100,5210,5510,5180,5470,519067,2776689280,2.63,111306043380,166652970.0,2589470.0,20230817
090360,30550,31300,29500,30700,182759,5554789950,-1.13,299325000000,144324000.0,60150.0,20230817
108490,27900,29200,27400,28800,211110,6000552250,1.23,363667334400,292594250.0,272398450.0,20230817
900260,746,746,701,714,164138,117431841,-4.67,25726339632,-5784839.0,,20230817
067730,3600,3600,3395,3465,36808,127569470,-4.02,33520139730,9642960.0,,20230817
071280,6390,6390,6100,6270,43598,270041790,-1.72,95909700810,-29570540.0,-10735170.0,20230817
328130,142700,155000,141800,153000,498827,75373528300,5.08,1894293612000,8611316700.0,-1711226300.0,20230817
038060,1444,1450,1380,1445,225809,320608588,-0.41,69508934705,-24777004.0,24777266.0,20230817
085370,36750,36800,36700,36800,93468,3432751800,0.27,975487812800,497237000.0,-1102704550.0,20230817
08537M,57200,58100,55800,57500,1429,81616100,-1.71,8828320000,57400.0,,20230817
060240,2020,2100,2020,2035,213118,435232430,-0.25,51748592940,-18484840.0,,20230817
058470,158400,160400,156400,159300,77540,12268980600,-0.5,2428109541000,-3561401600.0,3854308700.0,20230817
039980,824,830,794,805,563093,451922552,-3.25,37186877595,-30436626.0,,20230817
019570,975,990,855,885,1015097,908969310,-9.23,46435985400,19785624.0,836807.0,20230817
016100,3655,3760,3220,3400,497617,1722329615,-13.04,64943039600,36084855.0,-643460.0,20230817
012700,5840,5910,5730,5900,37763,219144940,1.2,156032196500,-37704280.0,-1982420.0,20230817
302550,18600,18600,17350,17500,31830,563812350,-6.37,107233280000,-124147430.0,,20230817
073570,15020,15860,15020,15590,331091,5143998650,2.57,450038478750,426577840.0,506306750.0,20230817
377450,7540,7610,7330,7400,64176,475550050,-2.25,128242000000,-71052620.0,,20230817
277070,5250,5250,4910,5060,25207,126077940,-2.69,69281520000,4484590.0,1090390.0,20230817
042500,4020,4100,3975,4100,26073,105255920,0.61,62963199800,-4102545.0,10.0,20230817
219420,5450,5500,5250,5500,71410,384921200,-0.54,63082288500,6533450.0,,20230817
439090,35400,36000,31350,31900,897061,29650974600,-14.36,522466494000,522795350.0,-80897650.0,20230817
195500,3470,3605,3390,3585,135043,474018990,0.56,57101880000,-1740380.0,,20230817
377480,21950,22750,21500,22550,142007,3145270250,0.67,138311169150,113397950.0,-750.0,20230817
305090,7060,7060,6870,6910,47313,328045530,-2.68,108049348240,-45128510.0,2968280.0,20230817
098120,7120,7310,6560,7200,39439,278321790,1.41,59851915200,64613420.0,-12597970.0,20230817
424980,17120,17200,16010,16960,102067,1692734410,-1.68,100384374400,205544990.0,-13414810.0,20230817
038290,20300,20300,19320,19480,88369,1737723080,-4.04,211190472000,-581658680.0,-162848190.0,20230817
267980,46300,47050,44200,46850,35041,1616084600,2.29,367474440300,-556204850.0,673157650.0,20230817
005990,8730,8790,8350,8410,10576,90418630,-3.67,115370936640,-22109790.0,2242800.0,20230817
093520,10410,10970,10410,10790,176491,1891405000,1.12,174399762680,541372120.0,-41548100.0,20230817
377030,7750,7790,7440,7740,73329,558477300,-0.13,151478626680,-17304070.0,7675530.0,20230817
100590,5010,5090,4940,5040,50347,251181450,-0.4,76229475840,58422575.0,-13879880.0,20230817
067280,30500,31300,30000,31150,15981,487493050,0.16,184619165850,-67775350.0,81645700.0,20230817
072870,10240,10320,10110,10220,6642,67634240,-0.2,121832200980,-19556610.0,,20230817
215200,50300,50300,48400,49250,60144,2970414750,-0.61,584197590000,-126687300.0,1460692700.0,20230817
133750,2000,2090,1974,2015,78801,159058539,-0.74,47165260155,-9493310.0,,20230817
235980,15140,15300,14720,14930,86280,1286998120,-1.39,314734776350,-341040200.0,265506100.0,20230817
041920,5450,5480,5210,5390,157295,838163200,-0.92,86240000000,-193529400.0,-114453930.0,20230817
014100,3000,3130,2860,2995,55137,164156985,4.72,35341000000,-18514925.0,,20230817
054180,1400,1447,1354,1402,1307156,1825943135,-7.03,41663543842,57613504.0,1011671.0,20230817
086900,219500,222000,216000,219000,83144,18232873500,-0.23,1598364492000,-4886302000.0,6757541000.0,20230817
078160,9010,9250,8950,9100,56190,510093490,-0.55,191117526600,77115260.0,-9209100.0,20230817
065650,1300,1345,1270,1312,991103,1293616766,-0.38,67139134752,9162437.0,5760958.0,20230817
408920,2690,2765,2610,2760,14925,40552130,1.47,117720775800,-7672475.0,,20230817
021880,315,316,308,313,383547,119144671,-0.63,47633719704,13173222.0,,20230817
140410,41500,42950,40700,42750,318952,13367549400,2.27,1261575371250,1151458450.0,1071417850.0,20230817
241770,11770,12030,11590,11990,14111,167239920,0.84,122209753600,-19036130.0,16061500.0,20230817
059210,3760,3835,3590,3725,866300,3191951180,-3.5,88887257475,842174600.0,-863972735.0,20230817
058110,3125,3135,3050,3090,66215,203517385,-1.28,49596137700,-28255995.0,3045.0,20230817
257370,0,0,0,9210,0,0,0.0,92999789370,,,20230817
434480,6650,7480,6510,7100,1329031,9516292920,5.19,85792850000,-226995530.0,-450752470.0,20230817
080420,2825,2865,2780,2850,22482,63492955,-1.04,227206622700,-10516785.0,,20230817
417970,16800,17300,16720,17240,13587,229547190,0.64,110279108000,43645490.0,20.0,20230817
080160,17180,17200,16680,17000,147286,2492573680,-1.73,321300000000,399235470.0,375592420.0,20230817
087260,2410,2465,2380,2445,169377,410703105,-0.61,79591745145,152512150.0,,20230817
101330,3320,3335,3205,3305,105732,347310870,-1.49,76500930845,21050530.0,289430.0,20230817
012860,2295,2310,2140,2225,1773958,3918297340,-3.89,162944441825,197265155.0,-8311310.0,20230817
363260,808,816,799,806,830269,668874807,-0.25,129619990682,27577701.0,,20230817
348030,8570,8860,8570,8780,18309,158572570,0.11,84321364000,33403890.0,166920.0,20230817
250060,4600,4800,3225,3615,43082870,166032137310,-21.5,116299300110,-4706134395.0,9892545.0,20230817
288980,2305,2450,2260,2345,523436,1222481465,-0.64,78464337840,66461695.0,,20230817
033200,4600,4600,4500,4545,1739,7862960,-1.2,65135235825,-1640540.0,115.0,20230817
333050,1480,1494,1432,1470,84421,123446195,0.0,34620754980,-18167937.0,0.0,20230817
118990,16400,16780,15980,16450,278542,4556790770,-0.36,402950975000,312332750.0,-142694060.0,20230817
006920,4465,4760,3770,4260,334241,1407519550,-1.62,46519200000,-82484665.0,,20230817
001810,1947,1947,1905,1929,20849,40035267,-0.92,42703237500,-5713455.0,,20230817
279600,10900,10900,10660,10700,16050,172043220,-1.83,50127156700,4525200.0,,20230817
095500,19800,20800,19400,20500,737996,14795768990,2.5,635704979500,1232595790.0,499572260.0,20230817
254490,20450,21350,20300,21250,115124,2398921800,1.19,306807500000,441445650.0,12342000.0,20230817
218150,4785,4920,4700,4895,249510,1205327395,0.82,99935350790,290583880.0,-39165.0,20230817
442900,9420,9440,9420,9430,2668,25149820,-0.11,72422400000,2044800.0,1953150.0,20230817
100790,5090,5090,4890,4975,96370,479868545,-3.21,269482566250,-139009610.0,10092730.0,20230817
412930,2055,2070,2050,2065,13261,27291150,0.24,12753440000,-179235.0,3641945.0,20230817
446190,2085,2085,2075,2085,2517,5230580,-0.24,10320750000,-20770.0,,20230817
448830,2070,2070,2055,2060,8817,18199070,-0.96,10135200000,-2060.0,16862660.0,20230817
049950,38800,40300,38050,40000,165028,6486381850,2.43,352715360000,70356700.0,10192600.0,20230817
207760,1990,2035,1975,2010,419828,839521359,-0.99,150296487720,1396388.0,43994338.0,20230817
059090,10270,10930,10150,10870,281144,2967689270,3.13,363240376860,176113450.0,-314954600.0,20230817
214610,4205,4205,4060,4090,73728,301932750,-2.73,74880133090,16241015.0,-1024010.0,20230817
201490,3035,3075,2945,3000,106424,317666075,-3.07,93773310000,-468855.0,-209670.0,20230817
950190,10810,11160,10810,11050,19840,216648720,-0.09,150057806600,21668580.0,,20230817
206640,18840,19200,18000,18580,439757,8169138940,-0.69,436380284800,-468899530.0,-107654190.0,20230817
018700,1956,1974,1901,1939,49138,95132458,-0.41,68097208823,-478449.0,,20230817
035620,730,730,691,707,79867,56019743,-0.42,52628850225,-694745.0,-1404000.0,20230817
053030,9500,9500,9250,9250,303390,2822216730,-3.04,293789694000,-351501410.0,-260511610.0,20230817
301300,7990,8290,7850,8290,75925,604034980,1.1,102006659360,159807360.0,1109720.0,20230817
064550,43400,43650,42650,43000,229187,9877870650,-1.26,1109842513000,138342750.0,1285927100.0,20230817
314930,59000,60700,57400,58800,27907,1638309600,-1.01,363307266000,57169000.0,-70801200.0,20230817
208710,1046,1046,1006,1037,437602,445832591,-0.77,49092539225,63502868.0,,20230817
086820,10150,10150,9640,9900,22715,222271620,-1.1,80619917400,-32333200.0,,20230817
038460,3600,3600,3400,3490,178416,621589650,-3.06,70650202390,-2851285.0,-13826540.0,20230817
251120,13900,14140,13190,13350,83606,1123225420,-4.85,116087595000,-68403230.0,-242605420.0,20230817
199730,14310,14600,13990,14350,27748,394414900,0.28,68835041450,-47909720.0,7064010.0,20230817
086040,7000,7140,6930,7080,105577,748070150,0.28,112984388760,-63713860.0,-30.0,20230817
099430,8520,8640,7810,8300,4458056,36590724490,-6.74,480826171200,-1380389680.0,306329210.0,20230817
032980,1674,1708,1610,1695,434085,719091661,1.19,63828618390,36923201.0,-299348.0,20230817
222160,5940,6150,5500,6020,71789,423705910,2.91,49637103320,55218240.0,,20230817
308080,5880,5880,5570,5600,141046,795454750,-5.88,106868496000,-96970480.0,15243370.0,20230817
043150,35050,35450,34050,34800,60691,2105436500,-1.83,516928108800,-121307050.0,-124516550.0,20230817
323990,30550,31150,30100,31000,103681,3178725600,0.32,471913000000,-44247350.0,418562700.0,20230817
267790,7180,7270,6950,7260,20273,144638310,0.0,57270510000,-45473700.0,9504620.0,20230817
046310,3690,3750,3545,3725,263642,959046065,0.54,61159437725,-76828895.0,19493475.0,20230817
331520,1123,1140,1081,1125,379037,422675951,-0.97,56007078750,36684872.0,,20230817
438700,14070,14290,13220,13300,820635,11244557390,-7.12,144565680000,4451040.0,4077110.0,20230817
066410,0,0,0,1153,0,0,0.0,96978744678,,,20230817
382900,22400,22750,22050,22600,27645,617052000,-1.09,197998600000,25042700.0,-49000.0,20230817
206400,4485,4555,4350,4465,172217,768875405,-0.78,133689994120,33973255.0,,20230817
019010,2205,2215,2160,2210,30033,65558555,-0.9,106522000000,-10279430.0,,20230817
177350,4400,4780,4310,4705,256559,1170752275,5.49,62910173895,63220895.0,,20230817
299910,0,0,0,3165,0,0,0.0,25974889140,,,20230817
424760,2200,2235,2150,2195,28903,63032065,-1.35,38302754390,5555145.0,-11980315.0,20230817
225530,6170,6200,5940,5970,63329,379506470,-1.97,216942200190,-58363510.0,4130140.0,20230817
250000,13050,13960,12810,13670,231364,3115541400,3.33,92282520110,-214131120.0,-200.0,20230817
310210,82100,89000,80100,86100,262212,22448172600,3.73,1088981520900,876988300.0,1340366800.0,20230817
006910,3225,3240,3105,3175,405594,1278859815,-2.16,155987191200,-84787215.0,104730.0,20230817
226340,2680,2835,2530,2660,2529833,6831601165,-2.21,87151817060,175149945.0,,20230817
014470,2680,2705,2485,2540,637170,1623800315,-6.1,152532740400,132388800.0,245175.0,20230817
008470,4770,4880,4690,4865,12587,60171055,1.99,40889352000,-1743750.0,,20230817
338220,33850,35400,32050,32700,659366,22010912350,-2.97,374322001200,-170605700.0,-1828422900.0,20230817
100120,29600,30200,29550,29950,12244,364436600,-0.83,299555856750,48134550.0,-3853200.0,20230817
406820,28700,29000,25850,26500,227142,6118973800,-12.69,93652060000,579018200.0,9144400.0,20230817
337930,4770,4920,4705,4870,92545,444116515,0.31,142528288430,-65184150.0,13910280.0,20230817
099390,7070,7430,6940,7430,23598,167999960,2.77,60987542690,-43624820.0,10591770.0,20230817
064480,6680,7000,6540,6840,95792,644632920,0.29,81755100000,95496100.0,-190.0,20230817
288330,5330,5600,5050,5530,226037,1207512460,-2.12,110941145700,261673640.0,13782620.0,20230817
365900,4730,4875,4625,4705,7994,37627740,-3.49,34394961500,-9603170.0,50.0,20230817
251630,11610,12080,11460,11990,106383,1258990240,1.35,181799334200,98126920.0,3367540.0,20230817
018290,10500,10580,10010,10460,1237640,12732948270,-3.59,371572598780,434800610.0,-138272770.0,20230817
044480,1291,1318,1223,1281,79368,101866445,-2.81,43671777702,2945958.0,,20230817
033560,3820,3830,3675,3750,44438,166854205,-2.98,64125000000,-36291675.0,-3196350.0,20230817
369370,1670,1704,1607,1668,13869,22954795,1.03,70878227256,-310112.0,,20230817
126340,52100,54400,51100,53800,37133,1955854400,2.48,312222758600,108671000.0,90722300.0,20230817
121800,0,0,0,3320,0,0,0.0,256309348520,,,20230817
148140,0,0,0,640,0,0,0.0,27653546880,,,20230817
082800,673,686,640,646,955143,624256094,-6.24,155723840742,-142275865.0,-534306.0,20230817
318410,9280,9510,9070,9230,26077,240879000,-1.49,51274892890,3361780.0,182200.0,20230817
419540,2265,2280,2210,2230,257172,578046355,-1.33,51273299530,-71233020.0,0.0,20230817
146320,16010,16290,15650,16270,77891,1250805480,0.31,207610129810,543467320.0,-478862610.0,20230817
200780,6860,6870,6690,6750,17385,117485550,-1.6,60023592000,-447340.0,,20230817
141000,8930,9160,8830,9090,58494,522766820,0.22,110122713900,9450470.0,-8752010.0,20230817
083650,6920,7040,6750,6970,144525,995853150,0.72,215682293750,-125248930.0,639710.0,20230817
445360,2045,2050,2020,2045,17682,36011015,-0.24,8813950000,-16400.0,20382010.0,20230817
142760,2885,2960,2840,2865,122465,353533500,-0.52,90100230405,19721545.0,,20230817
065170,623,629,603,627,185973,114203372,0.64,55784540493,22315957.0,,20230817
086670,14830,14830,14210,14470,41234,594911100,-2.56,132041267780,-196473650.0,-65670410.0,20230817
335890,7630,7750,7450,7580,1290019,9776896560,-2.32,442165292160,-6742610.0,205406080.0,20230817
138580,11050,11050,10670,11000,12200,131707870,-0.45,248117793000,-13048970.0,22000.0,20230817
082920,22100,22600,21250,21800,284786,6231747100,-2.68,483386398400,855370150.0,-779197000.0,20230817
054220,542,551,536,546,359050,194907949,0.0,26841687054,53791286.0,,20230817
042370,10450,10920,8530,9030,5753080,54106422050,-24.44,236586225750,1730863400.0,-7713720.0,20230817
050090,1264,1295,1236,1291,18867,23776052,-0.31,25542092885,-1055277.0,,20230817
307870,3700,3830,3550,3655,697098,2547508345,-1.22,122658554360,-804778840.0,-1331030.0,20230817
357880,6540,6650,6350,6600,122225,788440840,-0.9,68930109600,-61550270.0,,20230817
032850,5540,5620,5460,5570,99529,549551850,-0.54,92591742010,106315350.0,-144860.0,20230817
148780,973,1007,973,992,139738,138020335,2.48,31194159200,7153182.0,-33817.0,20230817
238200,7060,7060,6450,6830,24934,166004030,-0.29,55869400000,-29878690.0,-10830680.0,20230817
093190,5580,5610,5480,5610,20414,112864050,1.08,107930257050,-12110070.0,-15365620.0,20230817
065450,4075,4195,4005,4170,244285,997732535,2.33,119482176000,83054360.0,12135.0,20230817
210120,26900,45700,26050,26350,9408968,341652033000,14.57,82860473500,-721871600.0,-10163844350.0,20230817
072950,4565,4770,4440,4765,58134,268629690,4.38,38370686650,-25339205.0,-10362115.0,20230817
143240,19000,19190,18510,19020,25753,483893400,-0.21,222044482260,116991170.0,-21085810.0,20230817
419120,9530,9570,8920,9200,47375,430134380,-3.46,71316799200,-40738320.0,-30051630.0,20230817
122350,2430,3120,2385,2755,13747803,39650239555,12.45,105625124140,-323925950.0,-912050.0,20230817
419050,14930,19180,14210,18700,11740535,208375516600,26.69,267392422000,-1005242130.0,-5483933060.0,20230817
014970,3730,3775,3670,3730,17308,64106665,-1.97,56416250000,-4586825.0,-812315.0,20230817
018310,18370,18500,16910,17420,210985,3671843130,-4.6,256074000000,-613869840.0,7113930.0,20230817
053700,5420,5570,5340,5510,296182,1613100630,-0.72,125309499960,-924410.0,10395750.0,20230817
009620,973,978,936,960,214018,205350472,-2.54,43445338560,-38010391.0,,20230817
023600,9060,9270,9060,9270,15216,139274620,0.98,149895900000,62984310.0,-9417320.0,20230817
380320,2495,2555,2430,2495,13517,33175535,0.0,12000950000,-247535.0,,20230817
377630,3505,3505,3365,3400,9827,33339465,-0.58,13668000000,-5010125.0,,20230817
425290,2640,2640,2560,2600,44750,115702645,-1.52,14352000000,564845.0,-940250.0,20230817
439250,9780,9780,9720,9740,6037,58745670,-0.1,34109480000,-10829590.0,9730000.0,20230817
448740,9690,9710,9690,9710,17491,169673550,0.1,45287440000,,76690870.0,20230817
009300,17900,18110,17490,17990,29486,521990070,-1.42,114596300000,-44243160.0,200.0,20230817
225190,9850,9850,9750,9850,4904,48022060,0.31,99974426800,-2486850.0,,20230817
361670,5920,6300,5920,6270,12937,79425230,3.13,35536215660,-2639330.0,,20230817
054540,4100,4100,3880,4060,87082,345233970,-0.49,52780000000,-80463080.0,3955.0,20230817
065570,5200,5380,4960,5230,56359,292331845,0.97,64449269080,-49931075.0,-33516860.0,20230817
032280,1865,1865,1810,1825,128216,234228805,-3.13,29589801750,-22872415.0,,20230817
002290,3600,3600,3475,3530,92920,327210450,2.17,43772000000,-21946975.0,,20230817
037460,7660,7660,7420,7620,43177,323402320,-0.65,124347137640,-39707230.0,-15420.0,20230817
032750,5600,5640,5440,5640,77995,430924550,-0.18,45480204240,-2360230.0,1340430.0,20230817
054090,2190,2205,2140,2185,88506,191385430,-0.68,54535921920,8993280.0,-9485710.0,20230817
000250,62000,62600,60900,61500,286511,17642348700,-1.13,1418607831000,2734861900.0,153600000.0,20230817
024950,6080,6200,5930,6040,45722,276566010,-0.98,80172405080,-2670700.0,50.0,20230817
038500,3410,3430,3330,3410,225025,768081080,-0.15,367994603460,-90996095.0,149972605.0,20230817
017480,4910,4915,4800,4890,20212,97551935,-0.71,76787132100,-7265740.0,15.0,20230817
046390,2120,2125,1981,2010,688305,1385588464,-6.51,86777595330,-463035095.0,69003.0,20230817
027580,1871,1881,1640,1656,6341287,10853898054,-16.36,98004198024,-2741874190.0,-19632914.0,20230817
038540,4440,4440,4265,4400,138483,605642570,-0.34,243444577200,-234364125.0,191808930.0,20230817
101000,2205,2250,2120,2175,71044,153484995,-1.81,40845299400,-21041530.0,,20230817
415580,2250,2300,2250,2280,6176,13959875,-0.65,12106800000,-102655.0,-10699185.0,20230817
091580,17260,17320,16610,17320,149726,2544498890,0.17,236040753080,497067120.0,-225416500.0,20230817
263810,4250,4370,4205,4370,103616,444096630,1.98,62249417660,67519675.0,,20230817
089980,23500,24100,23300,23950,70051,1663805200,0.42,382937436150,78672400.0,134840650.0,20230817
042940,617,678,544,579,15511807,9479474203,-6.16,61058120181,-26047949.0,28117723.0,20230817
042600,34750,37500,33500,36400,63874,2249836300,4.45,452218093600,41288800.0,34750.0,20230817
107600,83100,85900,82200,85000,42745,3590723000,0.35,413231325000,429178500.0,139463200.0,20230817
411080,8750,8750,8350,8480,32006,270559310,-2.19,128007618240,-28608040.0,,20230817
252990,5050,5240,4960,5140,215887,1102907115,0.78,257790768440,151855620.0,51424170.0,20230817
378800,4420,4455,4235,4235,485155,2081242195,-2.98,97705816285,-73638615.0,0.0,20230817
294630,9120,9900,7330,7330,34378618,282523827340,-29.99,163524178360,-964156260.0,-893199890.0,20230817
038070,9780,9950,9710,9780,28158,276104000,-2.1,85092611280,-13495250.0,70.0,20230817
006730,9290,9330,8960,9240,484122,4431816100,-0.22,568844346840,-674248480.0,711059790.0,20230817
079650,1768,1783,1717,1780,6477,11264993,-0.22,35600000000,-215625.0,-570751.0,20230817
100660,4930,4965,4850,4935,53535,262469415,-1.3,62181000000,-31277710.0,0.0,20230817
019770,3990,3990,3810,3945,69735,271255670,-1.13,45959250000,-2563250.0,3845.0,20230817
043710,899,920,865,879,294773,261159836,-2.33,44124815520,15613877.0,30806600.0,20230817
092190,4475,4635,4370,4480,51089,228472550,0.11,171241965440,-22755270.0,6005700.0,20230817
046890,11170,11930,11110,11760,947049,11046178600,5.28,685671504000,2021102460.0,569278240.0,20230817
063170,12410,13090,12330,12940,306654,3953784290,4.95,229999014980,604808950.0,184096220.0,20230817
027040,495,510,495,510,34361,17167283,0.0,35490311970,-1831703.0,,20230817
018680,3835,3915,3715,3830,27690,105726695,-0.26,44655191770,1398870.0,,20230817
093920,5800,5870,5670,5810,44970,259853470,-0.34,108066000000,-10429460.0,-702810.0,20230817
189860,4725,4725,4510,4640,38590,176314640,-1.8,45002339200,-17524835.0,40.0,20230817
178320,15000,16040,14530,15580,992140,15387052170,2.77,585506402360,-3533466120.0,2582299510.0,20230817
122690,3500,4490,3480,3835,3283409,13231898480,10.04,81409882385,-598559660.0,-27262010.0,20230817
140070,3655,3710,3550,3665,193139,699122365,-0.95,135561020000,52217240.0,80473885.0,20230817
011370,1001,1001,971,986,155351,153375425,-1.5,99482336890,-4328849.0,20696.0,20230817
065710,19180,19180,18650,18970,5055,95410440,0.9,97695500000,-10687270.0,56640.0,20230817
035890,1348,1349,1315,1341,458455,610947290,-0.52,308173140837,-62485561.0,73521179.0,20230817
357550,45450,47850,45000,47500,84800,3947671800,3.15,259112500000,-118170000.0,45350.0,20230817
003100,20150,20500,19950,20000,32539,654282660,-1.96,132000000000,2311170.0,60827740.0,20230817
067370,10550,10750,10010,10360,68907,717801360,0.58,127568429800,-69144560.0,,20230817
171090,21750,22850,21700,22800,77293,1721362900,2.24,213790264800,483197950.0,-6727600.0,20230817
086710,9470,9550,9010,9220,285728,2633759240,-5.05,112514241600,359025660.0,61196010.0,20230817
014620,15200,15320,14670,15100,349879,5248800560,-2.52,431860000000,-748447340.0,921156050.0,20230817
037350,4110,4110,4015,4080,64779,262186750,-0.85,63117600000,-48441440.0,,20230817
081580,2305,2340,2265,2340,126382,290197265,1.08,36289054620,15834175.0,450585.0,20230817
045300,4195,4265,4105,4265,98981,415212530,1.43,42477625760,39070995.0,-5.0,20230817
015750,10100,10210,9860,9940,2406240,24025009620,-3.5,795200000000,-3669861740.0,1298983680.0,20230817
365340,124000,125700,119400,125300,120465,14801973300,0.97,1503997451600,358385800.0,1796070900.0,20230817
080470,5490,5590,5440,5590,24782,136553060,0.9,40807000000,-9127510.0,90.0,20230817
043260,1600,1679,1570,1645,1225978,2011009449,2.81,87851856680,478582561.0,,20230817
148150,14750,15210,14260,14700,92205,1354041390,-3.98,173228930700,-58978100.0,-106454830.0,20230817
053060,2225,2225,2045,2155,557873,1178630935,-3.15,38051737945,10363105.0,,20230817
340440,2015,2025,1981,2020,129024,257673622,-0.74,57324295280,8447832.0,,20230817
017510,2895,2990,2870,2935,36809,107278530,0.51,44747010000,5741810.0,,20230817
011560,8240,8370,7980,8330,37453,303626630,0.97,87714900000,82392060.0,-6840940.0,20230817
396300,4395,4610,4275,4535,234740,1042965000,2.95,120129882500,222804400.0,4356645.0,20230817
100700,2700,2700,2570,2650,44788,118433450,-1.85,116070000000,-23160560.0,935.0,20230817
024830,7380,7450,7090,7320,7618,54973570,-1.74,61122000000,-1776200.0,,20230817
258830,1265,1265,1218,1238,305842,379117229,-2.13,68542788596,37881465.0,-134959.0,20230817
036630,575,595,573,588,655480,381302397,0.34,158760000000,57401825.0,20556932.0,20230817
039310,2250,2255,2205,2250,38820,86643170,-0.88,40773750750,1148445.0,,20230817
067770,2705,2810,2670,2750,43277,117184065,-3.34,23090630750,-18302360.0,,20230817
053450,7100,7270,6800,7260,145631,1011153780,2.25,107395749780,198411000.0,14801850.0,20230817
222810,2635,2810,2520,2705,715978,1878087755,2.27,201125552070,-8146480.0,,20230817
252500,1127,1127,1043,1057,1045106,1114238557,-6.46,43851114230,2693827.0,,20230817
321370,4060,4060,3820,3915,535287,2105673885,-4.51,101546917650,-477355220.0,-142461620.0,20230817
347000,3380,3565,3355,3400,772808,2675668095,0.74,112216918400,-228702985.0,-62025.0,20230817
331920,4395,4435,4325,4385,18942,82993390,-1.24,35799788980,-6593430.0,,20230817
049180,3640,3665,3480,3510,316249,1118564235,-3.31,150244584750,-31711435.0,-3490.0,20230817
299660,6440,6620,6350,6350,37381,240863600,-4.22,61793069200,-68749060.0,-6350.0,20230817
268600,0,0,0,6680,0,0,0.0,244941204600,,,20230817
108860,22850,23250,21000,21450,1832001,39688968250,-6.94,568645077000,-465590100.0,416088500.0,20230817
208370,9200,9310,8580,8760,1550904,13634401960,-5.6,224961740640,661420690.0,-1319080.0,20230817
318160,4945,5010,4670,4850,121908,589685320,-1.92,43319661650,55363180.0,,20230817
068760,77100,79500,77100,77600,454099,35476374600,-0.89,3073671436800,-810364700.0,906141900.0,20230817
091990,64900,65700,64000,64300,903062,58534868700,-1.08,10575081753200,-11849561200.0,5728524500.0,20230817
068940,0,0,0,778,0,0,0.0,29766744466,,,20230817
060230,3525,3710,3395,3605,546268,1927063535,-0.96,122591089250,221612100.0,,20230817
290690,19740,20800,18950,19050,226013,4434817580,-5.93,186043252500,-1175840780.0,1400.0,20230817
950200,5930,5930,5760,5830,24059,140027450,-1.69,112087888990,-1983830.0,-3200.0,20230817
032680,682,697,673,690,1013811,694836954,-0.72,72857627160,26573486.0,,20230817
032685,8760,9140,8760,9140,295,2635540,-1.08,3264277880,0.0,,20230817
258790,1570,1630,1530,1584,66522,104387301,0.89,39586193856,-27463888.0,-9030724.0,20230817
066910,2460,2600,2445,2520,289237,732739990,0.8,70363266120,82922420.0,7455000.0,20230817
043100,460,464,451,454,194804,88728458,-1.3,30136160432,-4860642.0,-7960079.0,20230817
035610,4000,4125,3975,4085,40569,163485995,0.49,111708397745,-40234970.0,-374510.0,20230817
357780,240000,242500,235000,241000,26289,6277319000,0.42,1874634406000,-990681000.0,946033500.0,20230817
036830,34700,34800,28300,29000,1075132,33124296100,-10.77,607957624000,-2101238800.0,633544950.0,20230817
304100,36800,37400,33600,34000,1424936,49359909500,-8.97,381161046000,897157700.0,-2154917550.0,20230817
328380,1539,1566,1455,1484,699338,1037844600,-3.64,50845962552,-17432898.0,,20230817
086980,3200,3295,3190,3255,116039,375469975,-0.15,203886690000,-15176800.0,506680.0,20230817
050960,9100,9180,8850,9150,23346,210688430,0.22,61771650000,16949960.0,-5157290.0,20230817
084180,882,883,835,868,633008,538055512,-1.48,70233142812,97515102.0,0.0,20230817
253840,6900,7250,6870,7010,98171,696330170,0.0,114758992550,16424760.0,61063380.0,20230817
298830,7890,8070,7750,8050,193118,1527798670,0.0,415862203050,-115466730.0,,20230817
236200,21300,21300,20800,21200,31494,662375550,-0.47,152497387600,-74635100.0,-127714850.0,20230817
094840,6890,6950,6600,6860,52120,353330800,-0.44,71836822400,-16357670.0,33805180.0,20230817
192440,33850,34250,33350,33550,6087,204216850,-1.03,208558978650,-29973450.0,8539550.0,20230817
136510,0,0,0,11600,0,0,0.0,550917141200,,,20230817
099440,2895,2910,2715,2730,3234056,8994679760,-6.83,106927548000,-987112830.0,71838870.0,20230817
033790,1500,1505,1475,1505,140403,208195780,-0.59,25761235500,721371.0,,20230817
276040,8510,8550,8260,8490,46649,390214490,0.59,106587484260,24024740.0,-41481690.0,20230817
159910,140,145,128,131,19526661,2601677397,-5.76,46393748119,81455121.0,,20230817
115570,3650,3715,3525,3710,60274,219461150,-0.8,29622524680,-5114445.0,-6948665.0,20230817
330730,3885,3925,3835,3920,24574,94830200,-0.13,71092453600,-42597325.0,-3925.0,20230817
253450,50800,51400,49900,50700,108559,5507941300,-0.98,1523965848600,770658200.0,407847400.0,20230817
408900,26250,27500,25550,27150,19327,511304350,0.93,145538932500,-14726600.0,-41415500.0,20230817
204630,652,681,646,654,1270654,836171470,-2.53,64404079644,-63262708.0,,20230817
013810,3875,3965,3800,3965,74382,289089910,1.28,58108938550,22853660.0,3895.0,20230817
203690,7270,7320,6950,7280,33599,238035000,0.14,68237005200,-87758510.0,,20230817
049830,10240,10800,9920,10080,13682,139531810,-2.14,61811688960,-15604810.0,-8807350.0,20230817
020710,4635,4790,4460,4705,118751,553025825,3.52,94325698850,-94323635.0,0.0,20230817
033170,1220,1269,1199,1265,628905,776214583,3.27,108446323535,61757685.0,,20230817
048870,1978,1998,1925,1936,92343,178724686,-1.43,160123353984,-13287450.0,,20230817
025320,3050,3075,2985,3005,674878,2034346075,-2.44,232078436805,-254440350.0,547025.0,20230817
269620,0,0,0,889,0,0,0.0,114309897618,,,20230817
429270,22550,22900,19880,20050,817486,17120901120,-7.39,90350312500,-1149351330.0,-146365710.0,20230817
131090,1008,1048,992,1048,118251,119974740,4.07,46112000000,8574508.0,21025213.0,20230817
232830,3280,3335,3115,3240,197055,633382670,-2.11,37310129280,35472520.0,12217295.0,20230817
139050,5270,5400,5150,5340,25778,135708790,-1.11,41985600480,4229970.0,,20230817
290520,4540,4735,4450,4635,116591,534164510,-0.32,73832592870,97852600.0,-22383415.0,20230817
001000,1943,2100,1936,1948,2141661,4346082561,0.05,47292647920,-79542162.0,,20230817
025870,8030,8450,7970,8380,27860,227067130,4.62,33520000000,-1296660.0,,20230817
215600,4760,4815,4675,4730,433091,2056520380,-1.15,486561501250,-223177125.0,475324585.0,20230817
065350,60000,64900,45000,59900,26926945,1493242681000,15.19,1646288485200,-12920235450.0,-385106900.0,20230817
162300,3175,3440,3165,3270,228379,739817835,1.55,135611419140,33838495.0,,20230817
002800,4845,4895,4710,4840,38413,184007215,-1.12,73425220000,-39089170.0,32505.0,20230817
419270,2175,2195,2175,2190,10190,22239890,-0.23,9427950000,15295.0,2056065.0,20230817
430220,2085,2115,2080,2110,3728,7792715,-0.24,14263600000,-119355.0,2738050.0,20230817
445970,2070,2070,2055,2060,23425,48250115,-0.24,11041600000,6180.0,5590840.0,20230817
017000,4460,4530,4270,4395,216627,945433985,-3.93,51280978665,-10466065.0,10.0,20230817
012790,6700,6710,6490,6640,90810,597288770,-1.78,79589795600,-84893790.0,-103331070.0,20230817
138070,2760,2900,2735,2840,296956,834932840,0.18,49709099360,34026590.0,56882230.0,20230817
226330,16600,18470,15900,16000,5408607,93675488420,-6.05,237234656000,-1044501070.0,492679310.0,20230817
418210,2110,2140,2110,2140,7251,15438875,0.0,7832400000,-294670.0,9752750.0,20230817
366330,5400,5490,5200,5200,104381,551786310,-2.8,23660000000,-43979040.0,-53189890.0,20230817
393360,0,0,0,2325,0,0,0.0,17088750000,,,20230817
405640,2230,2235,2200,2225,3684,8177385,-0.22,10090375000,-108755.0,-967685.0,20230817
056700,2290,2290,2230,2280,83631,188267890,-0.44,66428007480,11033470.0,-5909010.0,20230817
187270,4630,4825,4560,4670,326628,1535896130,3.09,47371756150,44936580.0,9105.0,20230817
243840,47600,48450,46550,48300,32625,1548438550,1.47,374963960700,99277000.0,132363550.0,20230817
257720,7700,7930,7440,7750,2108063,16125300860,-0.64,467565901000,3597015870.0,-2497061410.0,20230817
222800,33350,34500,33050,34400,313811,10667443450,2.08,1095782519200,1256133400.0,690791750.0,20230817
036710,2780,2825,2730,2825,145736,404374365,0.36,136589159625,-61408200.0,,20230817
160980,14660,14660,13500,14300,143630,2008863740,-3.83,156216674900,-619680730.0,166109150.0,20230817
356890,9390,9390,9000,9290,18066,165652390,-1.06,44188163700,9312600.0,,20230817
217330,15700,16190,15600,15730,24913,392065830,0.06,289484286520,27488250.0,4766720.0,20230817
010280,832,832,802,810,666454,540864974,-2.88,52750266660,-31407077.0,-12777.0,20230817
208640,431,433,413,433,145421,61856505,0.46,60291029982,6336391.0,,20230817
222420,1810,1828,1750,1828,229731,410504624,0.83,83101302268,57567574.0,-20889.0,20230817
037760,1547,1571,1505,1561,109764,166759292,0.52,52813189681,-17442635.0,,20230817
099320,27550,28400,27150,28200,27556,762466000,0.0,256214117400,127037600.0,-40386400.0,20230817
049960,11310,11600,11080,11220,11618,129758280,-2.52,105468000000,-34693340.0,12212010.0,20230817
050890,5300,5540,5290,5340,2742208,14880106280,2.69,326923557600,-38539520.0,196162860.0,20230817
066790,502,502,490,496,228137,113298400,-1.2,27788427776,-4693611.0,-1803770.0,20230817
222080,10610,11150,10570,11020,628800,6822821620,2.13,740808006140,-120107590.0,725920060.0,20230817
352480,69600,71700,66200,70900,144161,10030766000,0.28,709988416900,-1223534800.0,2753001200.0,20230817
264660,13300,13430,12990,13290,9560,125758590,-0.08,113716443180,-25970670.0,,20230817
352700,3580,3610,3300,3545,111141,388118475,-0.98,96696606955,79125385.0,12040915.0,20230817
297090,13840,13880,12660,13130,850788,11157469340,-5.13,358055100000,-2040709290.0,1952036340.0,20230817
359090,1319,1336,1289,1330,151223,197867084,0.83,72887009790,-26793147.0,,20230817
115530,410,420,397,410,293907,118872240,0.0,27864830000,223221.0,,20230817
115480,1043,1058,1007,1029,366417,377719823,-2.74,49623070182,-1923352.0,726585.0,20230817
340810,10240,10270,9870,10200,65080,651215580,-0.39,105548182200,-72336140.0,-109770.0,20230817
376290,3770,3835,3600,3795,38669,143194820,-0.39,67010212500,9633425.0,,20230817
189330,12590,13020,12020,12890,68991,854318510,-0.15,78394195760,92363480.0,-41070.0,20230817
096530,20950,21850,20950,21150,475311,10149209950,-0.24,1104579773100,-167943000.0,821492300.0,20230817
900120,141,141,136,140,974976,134771616,-1.41,27680379860,323918.0,,20230817
101240,5530,5730,5390,5650,109394,605169020,1.07,57280739600,62079760.0,-15331510.0,20230817
060590,11600,11750,10600,11010,980179,10776858450,0.09,266233030200,-1778781280.0,-21279410.0,20230817
260930,7090,7090,6540,6540,97499,650764550,-7.23,126494005140,-129415460.0,-11227550.0,20230817
013990,3125,3130,2925,3040,299686,900264015,-3.8,99978109440,-132886735.0,-332485.0,20230817
123860,23600,23800,23350,23650,18998,447262800,-0.63,277540034200,91336750.0,,20230817
025980,8210,8270,7920,8190,3721626,30135566530,-2.03,717685785180,2767585830.0,-318381350.0,20230817
058220,0,0,0,275,0,0,0.0,10717917100,,,20230817
125210,13850,14280,13490,14200,213217,2969974470,0.78,234254418000,399845560.0,-10563480.0,20230817
357580,13950,14960,13180,14480,228571,3239662550,3.8,162177100480,-44153700.0,,20230817
052710,11540,12400,10030,10560,1554619,16925964200,-19.7,154335551040,337838230.0,-183734450.0,20230817
074430,1417,1480,1408,1472,134340,193408729,1.38,129281114368,3980726.0,-2687216.0,20230817
092040,17370,17800,17340,17350,139503,2434405960,-3.07,342744183800,-392056100.0,203155830.0,20230817
083930,17230,18200,17160,18080,273751,4860543280,5.12,278663387840,1121895060.0,-787973220.0,20230817
149950,14600,15300,14380,14860,16934,248814770,0.81,231927450000,220680.0,-21868190.0,20230817
036010,13220,14290,13220,14210,262720,3648937740,4.87,188892592140,74970450.0,161512450.0,20230817
050860,2460,2480,2435,2480,100164,245526430,-0.2,55800000000,-54569850.0,-4237625.0,20230817
136410,7710,7710,7350,7490,44096,328299100,-2.85,82533103940,6583290.0,-39991140.0,20230817
246720,9580,9580,9090,9180,96232,889527760,-4.08,119216299500,-101912840.0,-3059920.0,20230817
067390,888,972,850,959,1141879,1049482136,8.0,40555992043,73669200.0,,20230817
159010,12240,12280,11810,12070,39631,477094650,-1.47,160950299730,-16465430.0,21263080.0,20230817
127710,1352,1374,1342,1353,65882,89488883,0.07,47225222946,-130936.0,,20230817
154030,3245,3255,3085,3250,68902,218294690,0.0,36142726750,-7674335.0,,20230817
227610,2055,2135,2030,2100,444386,921770500,2.19,53452240800,144105810.0,,20230817
143160,20350,21000,20100,21000,32388,663345650,3.19,225044190000,98721500.0,-9590650.0,20230817
054800,12150,12300,12150,12270,332,4059420,0.16,126966966120,0.0,,20230817
332370,3460,3545,3400,3520,47398,163448355,-0.28,46723515520,-10534555.0,376370.0,20230817
339950,1839,1865,1790,1838,126977,233073074,-1.02,82611951890,15701176.0,,20230817
099190,30000,30950,28300,29700,438761,13074227550,-3.1,817292708100,-1341628950.0,-129790450.0,20230817
289010,4035,4085,3980,4085,28909,115950705,0.0,52549591145,-10008795.0,,20230817
214430,33300,33950,32500,33800,47861,1594556750,-0.73,240208488000,88828550.0,164146600.0,20230817
040910,8660,8820,8490,8770,78585,679337480,0.11,161936664340,267078290.0,-117755260.0,20230817
368600,4875,4940,4760,4815,65438,316743995,-2.63,81827385975,-35218745.0,18071475.0,20230817
052860,2315,2345,2215,2280,293194,661861405,-2.77,40727307120,149260045.0,-8647460.0,20230817
069920,3630,3680,3475,3495,75603,269463645,-3.72,90263135190,-7074950.0,-136305.0,20230817
038880,520,540,511,521,980535,510573874,-0.95,153574727150,-13670367.0,89077.0,20230817
307180,3625,3635,3495,3565,182962,648968990,-3.52,92056110915,107861130.0,,20230817
101390,6440,6560,6310,6550,64981,416053100,1.08,59302108350,-63820240.0,,20230817
078860,243,243,233,238,646427,152653474,-2.46,22878100336,-27347239.0,,20230817
090150,1629,1663,1598,1636,241039,393731352,-0.3,68507979348,60574.0,,20230817
123010,1750,1799,1732,1760,95931,167494439,-1.12,57479033920,-24202957.0,2080582.0,20230817
031310,2905,2940,2840,2870,204306,587257215,-2.38,50173127620,-17560260.0,-151975.0,20230817
185490,3695,3745,3550,3675,46106,167784050,-0.68,78932899500,-8880305.0,,20230817
059100,6130,6130,5560,5980,38023,219449390,-2.45,42283742800,3044880.0,-742760.0,20230817
262840,6250,6370,5800,6210,29078,177685150,-0.64,61230600000,-1188050.0,410090.0,20230817
175250,2570,2665,2565,2615,84386,219222830,-1.32,98215132320,-4518525.0,22835.0,20230817
052460,3360,3950,3250,3565,1876640,6813636865,6.9,52077291840,-82356575.0,306250.0,20230817
119830,10500,10550,10150,10330,182239,1868819900,-2.27,221416288010,-154311180.0,2555200.0,20230817
052770,1520,1595,1430,1528,136116,206025993,-1.74,58673514616,-45148217.0,-12022.0,20230817
124500,3605,3640,3510,3570,62196,221509685,-1.92,73226865390,-40864940.0,24910.0,20230817
372800,7600,7630,7320,7530,15409,114256600,-1.31,45383234700,-440770.0,,20230817
084850,23900,24200,23300,23950,39602,946956100,0.0,543208369300,-204308400.0,153252600.0,20230817
114840,25800,26950,24750,26550,207143,5459459500,3.91,228355806600,-868951250.0,1819282550.0,20230817
027360,2290,2305,2240,2290,283133,641352375,-0.43,276684569240,-70708460.0,116107165.0,20230817
032080,1591,1640,1533,1624,142308,225018718,2.53,34901431096,69776485.0,,20230817
013310,4145,4795,4115,4420,12705835,56819224295,4.25,171525092440,1167156645.0,-141259835.0,20230817
059120,8220,8470,8210,8350,55091,457974520,-1.3,81400776600,69793140.0,10.0,20230817
158430,21450,21450,20650,21000,27776,581746850,-2.1,91635117000,-21183450.0,-14492600.0,20230817
067160,81700,84100,81200,83900,197232,16402731900,1.08,964410951300,1882467000.0,-662473000.0,20230817
001540,7860,7940,7710,7920,24652,192302910,0.25,103295966400,-42690560.0,-12329390.0,20230817
053800,62100,63700,61800,63200,62250,3910276200,1.12,632875636000,1037377600.0,770746200.0,20230817
065660,14750,15300,14350,14520,30265,440289640,-1.63,141299535960,-7178770.0,-5324110.0,20230817
297570,1497,1550,1456,1510,114768,172472475,1.82,52278039180,25302625.0,229732.0,20230817
260660,6350,6350,6000,6230,38886,238329310,-0.32,95487340830,-37329790.0,860400.0,20230817
354320,87500,88700,82000,82400,101399,8396367800,-5.4,491629794400,-84245200.0,-1681809100.0,20230817
361570,4325,4400,4195,4335,165537,710069135,-1.25,124133986485,197663525.0,75.0,20230817
131370,3185,3245,3125,3210,44580,141832040,0.0,170987336430,713565.0,6331545.0,20230817
140670,12880,13190,12310,13070,92212,1182550560,0.85,121592039800,112443700.0,-560.0,20230817
096610,9800,10640,9800,10350,275275,2814954200,4.12,163697162850,310791880.0,112390.0,20230817
061040,3960,3960,3825,3915,69676,269953195,-1.63,125629448985,10416885.0,-184180.0,20230817
148250,5870,6080,5600,6080,48135,277133060,3.05,44938410880,-3013580.0,-3178240.0,20230817
347860,13480,13490,12140,12790,608839,7738619510,-5.26,275629257880,929360760.0,-835633100.0,20230817
196170,45350,46250,44800,45100,398173,18104676500,-1.74,2331810080600,-189040300.0,1200908150.0,20230817
123750,3390,3850,3165,3315,1054072,3703678080,-2.36,42253974555,-224002880.0,,20230817
085810,1517,1550,1482,1550,61170,92283516,-0.64,46012941950,6626508.0,-8249115.0,20230817
117670,0,0,0,945,0,0,0.0,35484801030,,,20230817
314140,10150,10250,9840,10120,47618,475929820,-1.56,87703573320,83201070.0,-73059700.0,20230817
291650,4100,4350,3820,3860,485711,1965097640,-4.1,65543772720,-329358910.0,,20230817
293780,12210,13330,10870,10890,6450167,79971864850,-2.59,242834650740,-3709480970.0,-5999360.0,20230817
196300,14430,14450,13860,14450,48225,680471710,0.14,80956934200,110122430.0,-77190.0,20230817
310200,3450,3485,3370,3405,229263,779641145,-1.87,153860563680,42861190.0,-100576125.0,20230817
179530,3375,3535,3305,3530,11786,39961760,3.07,32265767320,-1137445.0,,20230817
900100,2030,2395,2030,2200,415630,934730230,7.84,80433084600,3514845.0,,20230817
205500,1884,1967,1870,1966,77537,147734985,0.15,91509550028,-8714532.0,212328.0,20230817
052790,6670,6710,6480,6570,26377,172912980,-2.52,74442291660,5930.0,,20230817
290740,7230,8300,7040,7500,729534,5624617040,3.73,75487582500,19093720.0,849460.0,20230817
238090,2730,2760,2640,2715,118809,319361715,-2.86,63914637645,15823750.0,-127275.0,20230817
092600,1510,1510,1433,1447,131622,191531472,-4.17,36295849099,-4291120.0,,20230817
129890,4955,5200,4820,5050,252392,1252926280,1.71,51149844100,-26527725.0,-121284425.0,20230817
174900,17540,17540,16800,16860,83712,1427956790,-3.93,258835883340,-184446200.0,120341830.0,20230817
255440,9130,9330,8940,9250,21952,199532690,-0.11,120786500000,14154660.0,-10988700.0,20230817
030960,20200,22750,19610,19990,4185062,90151254680,0.45,319440200000,-31677670.0,11352570.0,20230817
102120,8850,8980,8580,8900,119907,1054276370,-0.89,158248701700,164660220.0,-7896960.0,20230817
263540,0,0,0,5950,0,0,0.0,62439841450,,,20230817
238120,8180,8380,7870,8230,35707,291356230,0.37,59169157040,55821430.0,3712340.0,20230817
019990,6570,6590,6280,6480,45034,286546100,-1.37,63219450240,-27017020.0,70.0,20230817
270660,13010,13570,12880,13390,70324,928919600,0.68,163242069380,150937410.0,69762150.0,20230817
038680,4620,4700,4520,4665,47084,216258955,-0.74,85989357210,30097080.0,15.0,20230817
217480,0,0,0,349,0,0,0.0,14870423038,,,20230817
121890,0,0,0,739,0,0,0.0,9375042680,,,20230817
097780,1390,1390,1318,1372,160324,217470067,-1.15,86066023736,-19834502.0,-75257.0,20230817
304360,10010,10440,9760,10220,364058,3725015830,3.02,115435676720,545168850.0,-45288590.0,20230817
389500,42200,42850,39200,41600,175664,7222902050,-3.03,256876006400,160269850.0,-201201950.0,20230817
042110,1484,1508,1452,1500,177990,262813676,0.27,72494346000,-45764195.0,,20230817
298060,4900,4930,4760,4830,41752,200795405,-2.03,59196673200,-35881350.0,-896055.0,20230817
065420,356,358,340,352,290655,100661167,-1.12,25195209248,-2790931.0,,20230817
103230,5220,5230,4900,5080,123583,619771495,-3.79,36576000000,42853745.0,,20230817
260970,14120,14120,13790,13870,6117,84785340,-1.77,56304155400,-7105200.0,222020.0,20230817
101490,47900,49950,47550,49700,239163,11692482250,1.95,1066136915900,234065350.0,2207744750.0,20230817
095910,2165,2165,2065,2135,28142,59527625,-2.29,41642113905,-49885.0,-874925.0,20230817
275630,4970,5030,4800,4865,97910,476561780,-4.42,29277516485,89380.0,135525880.0,20230817
031330,2600,2620,2380,2600,1094728,2767238830,-0.95,259987174200,658062780.0,49409050.0,20230817
060540,2255,2260,2165,2245,145112,319954850,-0.44,58669271970,-55487085.0,,20230817
351320,2950,3090,2950,3085,62870,188877750,0.16,67919008310,56071175.0,,20230817
056190,35750,35750,33400,33400,341796,11602569100,-6.57,1199352584000,-5646596550.0,244406500.0,20230817
080000,3005,3080,2925,3055,258703,775126425,0.83,104856367850,327254855.0,-16001585.0,20230817
214310,0,0,0,306,0,0,0.0,22516276518,,,20230817
041510,131400,133800,130400,131700,162260,21404747500,0.3,3138529661700,2910984200.0,512551700.0,20230817
007820,6010,6100,5820,6050,60940,363899190,0.83,121205373300,-21473750.0,328250.0,20230817
109610,3925,4195,3925,4020,2090849,8469533070,2.55,196607748000,-180600175.0,,20230817
031860,1020,1035,992,1000,1594816,1605832873,-4.49,87923965000,-221240163.0,,20230817
306040,10470,10620,10210,10320,42681,440876070,-3.01,101815344960,9694540.0,-33266360.0,20230817
457940,2100,2115,2050,2055,663490,1369156105,-1.67,6802050000,-30209000.0,181402330.0,20230817
435870,0,0,0,2240,0,0,0.0,8332800000,,,20230817
455910,2040,2055,2030,2035,169999,346470205,-0.73,10215700000,4171790.0,153902385.0,20230817
096630,1436,1438,1391,1415,1216757,1721247694,-1.6,101894599970,145536368.0,-66200.0,20230817
069510,8470,8530,8050,8360,6715,55947750,-1.3,91207600000,7826530.0,-13039270.0,20230817
041910,6500,6550,6350,6530,55153,355263720,0.77,77695657390,-40703880.0,48790.0,20230817
234300,4425,4480,4260,4370,497485,2164614520,-1.58,120315897540,297184980.0,-87850.0,20230817
039440,25550,29150,25050,28450,1355725,37163906950,9.42,450363500000,-5463778600.0,5720391000.0,20230817
098660,2520,2560,2440,2535,118102,296780020,0.6,31689974160,-931440.0,438965.0,20230817
052020,13840,14120,13390,13580,328572,4531703790,-1.95,628462043580,-331113440.0,611066950.0,20230817
237690,78300,82300,78000,81000,130692,10541222800,1.0,1523510775000,-1647139100.0,4703984800.0,20230817
050760,2015,2020,1910,2000,23032,45589251,-2.2,32669356000,-5898052.0,,20230817
288620,16700,16950,16020,16800,27878,460602170,-0.24,117252508800,-7961170.0,3072970.0,20230817
317830,13300,13730,13100,13480,149326,2010526670,2.12,128506659800,242481630.0,-320.0,20230817
058610,29500,30250,28600,29650,485401,14286807850,-1.5,657558724000,459238050.0,-384092550.0,20230817
043340,753,753,720,738,59154,43305575,-1.86,53136000000,1800779.0,,20230817
187660,2185,2200,2110,2170,105246,226067510,-1.81,47384662500,8083170.0,,20230817
054630,341,350,331,350,339893,114890984,2.64,27898311350,17182911.0,,20230817
200710,21900,23100,21800,22700,164000,3688575100,2.02,304794466300,434429500.0,4001950.0,20230817
096690,397,460,388,438,3425745,1480754423,9.5,70510969224,66777640.0,804462.0,20230817
298380,18850,19040,18610,18700,293890,5515772290,-1.58,894842479300,-1264919090.0,376036460.0,20230817
203400,8100,8340,7900,8020,88679,716225360,-3.37,155380931620,83540630.0,-117484900.0,20230817
195990,404,404,390,394,521059,205222770,-2.23,109252150074,-3120185.0,,20230817
003800,26200,26900,26050,26300,1686,44147550,-0.38,291667000000,-11043150.0,4873650.0,20230817
088800,2290,2340,2210,2305,130790,296286170,0.22,103554598265,44010830.0,-158060.0,20230817
241840,14380,14380,13860,14020,50626,711656380,-2.64,133750715880,79951040.0,28685020.0,20230817
312610,3650,3795,3605,3775,43021,158733205,2.58,76469752200,32804235.0,,20230817
172670,21500,22200,21100,21700,141881,3066397550,-1.36,194437620300,133935200.0,137579750.0,20230817
072990,8270,8400,7980,8400,31119,256397620,1.08,60232712400,31052840.0,,20230817
227100,3445,3450,3310,3380,67970,228544640,-2.59,42880579560,34749850.0,,20230817
239610,14610,14710,14300,14350,3820,55266100,-2.45,77376850250,-11166850.0,350.0,20230817
353060,2040,2045,2035,2040,150885,307614965,0.0,10434600000,0.0,-112251580.0,20230817
148930,8300,8460,7910,8360,84335,683556360,0.0,84437780680,-32757560.0,,20230817
044780,1907,1936,1880,1936,208495,396574759,1.57,35827203632,23028955.0,74243.0,20230817
357230,9020,9020,8690,8790,55910,492028460,-2.55,182055719940,-71852400.0,50383490.0,20230817
071670,10310,10360,9950,10310,57157,577531200,0.0,103100000000,12169670.0,230.0,20230817
045660,9200,9200,8950,9080,53748,485967560,-1.2,75000800000,-183301980.0,-3292190.0,20230817
224110,13000,13090,12300,12840,104319,1315487650,-2.13,68565600000,77031030.0,-14806190.0,20230817
230980,1012,1012,968,989,369016,361887259,-1.0,82530149142,-37148287.0,1455160.0,20230817
021080,2795,2840,2755,2800,111088,309181535,-0.88,134400000000,76835430.0,,20230817
089530,0,0,0,600,0,0,0.0,43367041800,,,20230817
200470,3020,3245,3005,3135,154641,481260780,0.64,132805161555,-60282415.0,,20230817
262260,15450,15940,15100,15840,169563,2623335880,2.33,229071015360,123432400.0,-32891210.0,20230817
109960,2065,2450,1910,1994,12261010,27403109953,5.73,103450901436,-116388665.0,0.0,20230817
397030,27000,28350,24350,24600,404166,10216212650,-8.55,262932795000,-212494900.0,-677162550.0,20230817
089970,14250,14720,13800,13920,214087,3007102080,-3.93,333809882400,1360478330.0,-1356732240.0,20230817
230240,21600,27400,21550,26450,2720629,69288262450,22.17,356784737700,1866623700.0,3008944950.0,20230817
230360,10440,10480,10050,10210,280397,2854175410,-3.04,330477576090,-266755820.0,-372697170.0,20230817
038870,4885,4970,4805,4910,61408,298761260,-1.01,63272965410,-24866865.0,4855.0,20230817
101360,30050,31250,29450,30600,156152,4747640200,0.82,349307659800,599306150.0,-298138100.0,20230817
128540,3690,3810,3620,3705,146282,541150815,-1.2,98888154300,76201710.0,,20230817
086520,1033000,1117000,1015000,1114000,1156308,1244108533000,8.9,29663222152000,139068266000.0,26845150000.0,20230817
247540,303000,320000,298500,318000,1546048,480301766000,4.78,31100827392000,-45721405500.0,9202001000.0,20230817
383310,100300,101600,93300,98300,1367311,133722106200,-0.71,1504474815600,-6915901100.0,2597903700.0,20230817
038110,5320,5370,5090,5260,1169122,6077622060,-1.68,179730886200,1224429850.0,-1361763700.0,20230817
073540,2440,2440,2255,2335,87609,203530895,-4.5,26619000000,-3510135.0,,20230817
064850,7650,7700,7410,7500,5935,44961830,-2.22,90600000000,-504740.0,1998490.0,20230817
036810,22000,22850,21900,22550,252163,5639827600,0.67,490615591950,-263528750.0,1202619950.0,20230817
173940,6560,6560,6160,6440,13996,88452370,-0.92,99052087960,-6878550.0,-33039860.0,20230817
083500,9500,9750,9120,9520,108192,1027884730,0.53,80831673440,-179468530.0,-15917760.0,20230817
054940,1037,1061,1024,1059,382391,397867977,-1.3,35130787332,-33711059.0,,20230817
043090,604,615,570,605,119218,70785936,0.17,35330797865,-5527246.0,,20230817
950130,7900,8090,7730,7730,320603,2523679820,-2.77,280719023710,-575855090.0,,20230817
205100,5340,5380,5040,5170,2820259,14573462100,-4.79,188096351410,440172370.0,1041900.0,20230817
356680,4255,4270,3720,3765,2392468,9725112220,-9.71,102168866025,-15009790.0,,20230817
070300,2805,2805,2635,2805,42224,115262680,0.0,20661837570,-2303565.0,11740660.0,20230817
317770,8500,8780,8170,8350,330277,2761696910,-4.9,178507469000,378243900.0,-117880.0,20230817
092870,13660,14380,13310,14340,113252,1590806500,3.69,155571748980,270174590.0,410703400.0,20230817
317870,15000,15640,14770,15600,24006,368978030,3.11,130170970800,82122400.0,,20230817
067570,3050,3070,2950,3005,639915,1909664525,-2.12,126720850000,162096685.0,-1243642140.0,20230817
236810,6670,6730,6420,6610,201814,1331126980,-2.22,112207565860,285285440.0,72876740.0,20230817
333620,12370,12470,11950,12300,45213,548082500,-1.52,129843031200,164171640.0,170.0,20230817
101400,600,622,585,622,169373,101957575,2.13,36813831328,-1589458.0,1190000.0,20230817
391060,9970,9990,9970,9970,3257,32495520,-0.1,50847000000,,-697390.0,20230817
422040,2085,2120,2085,2115,5431,11368655,-0.24,15143400000,-31470.0,-1822165.0,20230817
437780,0,0,0,2180,0,0,0.0,10965400000,,,20230817
438580,0,0,0,2460,0,0,0.0,7429200000,,,20230817
439410,2045,2045,2015,2035,9375,18970325,0.0,17908000000,-280870.0,-9982975.0,20230817
440820,2065,2065,2055,2065,1555,3199105,0.49,16107000000,,3155845.0,20230817
450410,0,0,0,2230,0,0,0.0,8741600000,,,20230817
451700,2005,2005,1996,2000,139141,278188666,0.0,28700000000,28028103.0,111315162.0,20230817
265740,8700,8710,8150,8460,72580,606745260,-3.31,75563028000,45441050.0,,20230817
354200,6530,6610,6400,6550,22067,143185420,0.15,82644048600,-36365390.0,,20230817
419080,16580,17370,15990,16950,137762,2287804850,3.99,178276998150,613986490.0,-293703400.0,20230817
208860,0,0,0,2205,0,0,0.0,25233717915,,,20230817
183490,1636,1678,1608,1648,286347,471632246,-0.24,140188046176,-41299965.0,-3312813.0,20230817
182400,15000,15080,14180,14310,691643,9965040070,-6.04,578335616280,-1649052320.0,975327180.0,20230817
348370,62900,63400,61300,63100,251314,15757876900,-0.32,1024666323900,2755640900.0,-1488805900.0,20230817
058450,715,726,700,700,127503,90757040,-3.58,36506922200,9819940.0,,20230817
069410,4705,4765,4590,4755,41341,192319620,0.11,48714138120,37535065.0,-10320025.0,20230817
227950,812,825,791,822,574907,464501749,1.23,85139085660,116265383.0,,20230817
291230,3200,3270,3155,3235,316822,1015316105,-0.46,141452157485,21188480.0,,20230817
198080,1860,1898,1851,1896,48427,90340181,-0.11,40830710760,1589894.0,856902.0,20230817
048830,1850,1859,1830,1830,51109,93853895,-2.03,34264779090,-10978308.0,,20230817
096870,3170,3195,3160,3175,14638,46517285,-1.4,21203920000,-2923545.0,-11942200.0,20230817
138690,0,0,0,2750,0,0,0.0,182818515000,,,20230817
290650,37550,38250,36350,36800,256581,9536225750,-3.92,834803988800,41417250.0,1407806700.0,20230817
066970,210000,230500,208500,227000,699630,153910771500,6.82,8226429152000,-6175433000.0,23447951000.0,20230817
156100,9220,9370,8500,8910,745528,6770134410,-2.52,177573261690,-1374371510.0,1017992090.0,20230817
073110,6290,6600,6060,6600,27646,173185450,4.43,58711983000,-3216310.0,-9025190.0,20230817
083310,23800,24850,23250,24650,453604,10973787050,1.23,439017313450,-212267300.0,357053700.0,20230817
037950,1518,1550,1380,1428,6865107,9991733520,-10.92,120591057132,-368641133.0,-6769518.0,20230817
170920,9110,9890,9040,9600,207317,1982457170,3.45,84710918400,-21456500.0,48728400.0,20230817
058630,6940,7050,6810,6990,171221,1181633170,-0.14,136611700230,-165375350.0,3944630.0,20230817
058970,71300,73700,70500,71800,161481,11559662700,-1.51,805030216000,1418021600.0,-1742171900.0,20230817
019590,980,980,944,969,260851,249459707,-1.12,106104450573,-11971268.0,,20230817
169330,2945,2965,2900,2925,9707,28386770,-0.68,53386860150,-832660.0,,20230817
373170,35350,36850,33050,34300,232957,7987528250,-3.38,165713590000,275907600.0,853350.0,20230817
179290,9390,9940,9300,9870,160003,1532886110,3.35,316981741860,-281251710.0,-16066500.0,20230817
009780,5830,5910,5650,5750,73708,421749360,-1.71,101200000000,27564220.0,-103630.0,20230817
123040,5210,5280,4970,5180,424246,2176741435,-0.58,236430983460,-267880030.0,46017980.0,20230817
323230,990,1077,984,1075,1403448,1456680309,8.59,33852450900,203306759.0,488815.0,20230817
032790,2405,2475,2395,2440,33084,80264535,-0.81,77486013720,-5636225.0,,20230817
033160,13510,16200,13360,14230,3002028,45406017360,3.19,314003890130,119441460.0,-247829810.0,20230817
347890,7980,8320,7880,8310,110356,893799700,2.85,139593075240,142084740.0,130588520.0,20230817
033310,3925,3980,3850,3915,43981,171273260,-1.76,157939834365,-14396420.0,,20230817
259630,16220,16300,15200,15590,464104,7283817990,-1.27,191482647180,-722272200.0,26842460.0,20230817
115960,15100,15350,14720,14900,63074,941202580,-4.49,184730200000,90003290.0,-15969440.0,20230817
060850,8140,8190,7940,8190,10508,84688320,0.12,66592890000,928830.0,82480.0,20230817
143540,1011,1050,999,1032,98279,99694729,0.0,46027091640,-5680546.0,,20230817
036560,12830,13050,12650,13050,137821,1769311150,1.08,205537500000,-49505460.0,-203337730.0,20230817
265560,10540,10570,10320,10540,23159,241475260,-0.47,112674497200,19151340.0,4991760.0,20230817
036000,1930,1936,1911,1929,17215,33118584,-1.33,44433120333,-4450947.0,12583660.0,20230817
250930,899,903,881,892,33381,29771528,-0.78,29436392480,-3499263.0,,20230817
053280,4615,4690,4560,4645,45712,210550800,-1.06,116125000000,1022135.0,1454615.0,20230817
122640,17900,17960,17110,17690,124028,2169046310,-1.99,325671856290,232329440.0,-30944020.0,20230817
900300,191,191,170,174,8122870,1433183729,-8.9,42675845694,58398969.0,,20230817
045060,3080,3085,3000,3080,33155,100905405,0.82,52181279920,515910.0,5247360.0,20230817
080520,4820,4830,4600,4700,328766,1544262120,-5.05,55209062300,-18346620.0,50.0,20230817
039830,7050,7210,6810,7190,24987,174111660,1.84,77385179100,-3215920.0,,20230817
322310,20800,22800,20250,22250,150806,3311738600,4.95,208405559500,302836800.0,152174400.0,20230817
046120,3865,3925,3730,3920,260559,1001335395,0.26,106109790080,-45935725.0,101860.0,20230817
014940,3370,3410,3290,3350,123852,414734565,-3.18,152671764350,-3248080.0,-402560.0,20230817
065500,1178,1180,1133,1175,139450,161578797,-0.42,37297921600,-4569008.0,,20230817
010470,14650,14820,13760,14000,238133,3374181270,-5.34,167650700000,-1020965320.0,-1374030.0,20230817
417860,46100,46350,42250,45000,116388,5156190300,-4.26,174589875000,-263904500.0,,20230817
352910,8770,9000,8500,9000,28115,246101380,1.47,109494837000,-52043090.0,15970800.0,20230817
053980,5490,5580,5400,5500,97687,535706930,0.0,97613351000,15850370.0,,20230817
052420,1430,1465,1397,1438,181934,259635096,0.56,105387980068,57743240.0,,20230817
241790,14030,14440,13870,14390,44961,636708980,1.62,143937903260,146736720.0,4265390.0,20230817
039200,32400,32400,28250,30050,1012210,30011691250,-7.82,1136530696050,-3766825700.0,2398083000.0,20230817
226400,6390,6440,6010,6130,846526,5219431650,-5.98,126655614130,-479682410.0,-437924030.0,20230817
031510,1735,1764,1650,1745,361266,623275356,2.05,48860000000,-11988820.0,,20230817
368970,5630,5860,5620,5750,81692,469620630,0.88,53740420000,-22686840.0,,20230817
138080,12600,13180,12400,13080,22059,280930770,0.85,138963162600,38963890.0,3129250.0,20230817
080580,5960,6140,5750,5950,167872,993414240,-0.17,105191823100,-19692970.0,13530540.0,20230817
067170,5700,5740,5110,5370,613377,3300766680,-12.68,82652918850,105589580.0,16020.0,20230817
353590,9030,9380,9020,9340,40957,376489850,-0.53,120257823800,48258280.0,170.0,20230817
173130,14600,14650,13620,13730,552598,7701475240,-6.54,162843703900,-1383107000.0,69686420.0,20230817
440320,8570,8600,7830,8030,392975,3164574780,-6.63,78734150000,121322580.0,34567790.0,20230817
049480,2430,2500,2375,2475,208379,506062625,0.81,77770397925,22338455.0,,20230817
394280,18540,18770,18020,18200,375109,6842839130,-4.26,389718602000,68822060.0,-391266500.0,20230817
309930,5930,6160,5910,6050,588155,3548482030,0.17,128682229500,111163920.0,,20230817
244460,1925,1967,1802,1820,301406,557605312,-5.45,54750242820,-50814331.0,-1425.0,20230817
226950,15400,15560,15010,15470,35187,535676440,0.06,212467455200,-89634170.0,5025870.0,20230817
057540,1049,1051,1008,1043,692607,710949962,-1.32,64091677265,227675863.0,-81002711.0,20230817
131030,5090,5130,4935,5050,57535,289148190,-0.79,81573468100,-1752610.0,,20230817
082210,2840,3140,2800,2880,1700905,5051880725,-2.04,70513761600,401144905.0,,20230817
109080,12050,12310,11210,11230,114111,1322546880,-8.92,63292280000,-113840210.0,-10449740.0,20230817
380540,1292,1315,1243,1299,239952,305752970,0.62,36550087704,52405049.0,-30215770.0,20230817
153710,7260,7370,6810,6920,108526,765990580,1.17,101516109360,-142769060.0,,20230817
321820,4350,4350,4000,4295,20448,85051645,-2.16,29671071190,-6066775.0,,20230817
432430,14030,14450,12830,13460,2034476,27243280660,-8.12,213090024840,-313395210.0,-140433970.0,20230817
122990,6070,6120,5990,6050,39438,238202610,-0.66,170530993050,-21640970.0,-163330.0,20230817
112290,11700,12290,11690,11980,57466,690007270,0.76,121124329100,103871660.0,-11196700.0,20230817
232140,3710,3825,3630,3790,113970,423320590,1.07,310951876500,17383045.0,-44245.0,20230817
065530,2080,2085,1978,2065,190541,385459541,0.73,109155900000,-7353963.0,,20230817
067900,8280,8330,7980,8250,253988,2062696840,-0.48,150147186750,-47388790.0,-78716120.0,20230817
007530,3370,3500,3325,3490,45186,154181110,1.9,66918837480,32881635.0,,20230817
155650,6450,6450,6170,6310,355856,2228799360,-2.47,122883198980,-341466130.0,-88120.0,20230817
273640,17170,17650,17080,17600,60509,1047881350,0.0,193001600000,127659130.0,-147506410.0,20230817
251370,12630,12630,12000,12320,19692,242218450,-2.45,200994196480,33474080.0,-96280540.0,20230817
066430,1075,1124,1054,1109,346155,372267558,2.31,43383236051,-2430485.0,,20230817
193250,945,953,901,948,52568,49531384,0.32,54441531648,-5042225.0,,20230817
273060,1450,1459,1400,1432,534391,759915718,-1.72,72258121424,91191432.0,1161761.0,20230817
019210,5610,5690,5520,5610,151973,849279520,-1.92,171519124590,-190356940.0,-155898320.0,20230817
122870,79000,80800,75900,76200,618535,48294174700,-1.04,1423168273800,-1961741500.0,1138848400.0,20230817
332570,3725,3795,3635,3750,376615,1402483500,0.67,143963835000,83536985.0,-930970.0,20230817
079000,5280,5280,5040,5070,7447,37856800,-4.34,36504000000,-147220.0,-11580930.0,20230817
032820,1275,1279,1225,1265,778972,969368010,-0.86,192188947830,102340322.0,-579617.0,20230817
041190,3545,3640,3480,3585,401016,1433516350,-0.97,301140000000,-134772945.0,218015630.0,20230817
115440,8150,8300,8060,8120,117914,964793300,-0.61,87324420680,-890590.0,-40730.0,20230817
046970,1677,1687,1517,1617,6933210,11172994445,-9.41,51824258178,1707836527.0,-931679.0,20230817
082850,2010,2025,1920,2000,171180,338968614,0.65,96873156000,-27078984.0,15680.0,20230817
298870,0,0,0,2555,0,0,0.0,255500000000,,,20230817
215360,19700,19700,19100,19600,24643,476534380,-0.81,178990394800,-18241730.0,12735740.0,20230817
072470,3700,3720,3550,3580,45223,163283225,-3.37,67616680780,35877780.0,-563155.0,20230817
073560,1755,1764,1698,1729,186381,319793983,-2.48,119711884747,-31359028.0,-60515.0,20230817
037400,1344,1409,1331,1409,123803,168547721,4.84,36948694514,2620860.0,,20230817
153490,994,1035,966,1029,162295,161961907,2.08,52972920000,-266456.0,,20230817
101170,6000,6000,5800,5890,125957,740184430,-2.64,79515000000,-142950480.0,548480.0,20230817
066590,2915,3035,2915,2975,275440,821705050,2.06,116242484400,-56670545.0,,20230817
103840,5830,5830,5410,5430,486275,2681460460,-6.86,77420940000,-471452740.0,-377244630.0,20230817
046940,3105,3195,3095,3155,84949,266589985,0.16,57024574250,-39019535.0,,20230817
215380,2610,2670,2580,2585,61709,160731115,-3.18,33495165935,16047565.0,-2314360.0,20230817
065680,14650,14780,14340,14550,51671,747322530,-1.56,138661500000,-3166970.0,-17376810.0,20230817
018620,1282,1300,1276,1299,92826,119173035,-0.92,37527191607,-2201204.0,,20230817
307280,2050,2085,2025,2075,170194,349449120,-0.48,75748310750,5923725.0,-15248470.0,20230817
032940,3550,3550,3375,3515,50374,174280840,-1.13,63949203450,-32518265.0,,20230817
240810,31400,32000,31350,31500,354420,11214844700,-0.63,1546142881500,47399100.0,1185455700.0,20230817
074600,25700,26150,25300,25950,313326,8065484350,-1.14,682173600000,271571050.0,-172895950.0,20230817
104830,26950,27300,26000,26850,137952,3676116350,-1.29,338524800000,-139937750.0,-18483850.0,20230817
014190,1672,1679,1620,1645,79239,130084865,-1.56,58232845370,-6518866.0,,20230817
217820,12000,12000,10110,10110,2378559,25047331750,-29.99,429215591490,-141742560.0,-378314860.0,20230817
030530,3280,3295,3205,3260,151123,490910390,-0.61,251795818060,-88203285.0,141580630.0,20230817
012620,9270,9270,9150,9200,14268,131239520,-0.76,40480000000,-12323870.0,,20230817
382840,21400,22800,21150,22550,229203,5038732600,3.68,344374151550,216623200.0,16559000.0,20230817
336570,13440,13480,12800,13160,1169896,15352632550,-2.23,1160368721400,606044540.0,114446500.0,20230817
376980,10110,10110,9260,9900,111978,1102384800,-2.75,93621290400,-124158930.0,180371470.0,20230817
008370,4190,4190,4080,4105,15141,62387380,-0.24,49260000000,-1754570.0,,20230817
008290,975,975,949,954,75181,71882295,-2.65,38821769766,-17957185.0,26708483.0,20230817
101160,25350,27900,25150,27400,393960,10583271800,6.2,452401208200,829925700.0,1019345650.0,20230817
064090,1682,1728,1682,1688,12407,21063623,-1.46,51564414632,-3099756.0,,20230817
336060,1601,1890,1566,1770,4117846,7262560778,8.99,85234704000,444686167.0,,20230817
095270,6200,6290,6050,6200,42730,263696860,0.0,92821787200,-2920950.0,39466280.0,20230817
065950,2985,2995,2825,2860,717830,2062852280,-4.19,80741523720,575492035.0,-310170015.0,20230817
076080,4290,4320,4170,4285,191461,814350275,-0.7,96815958460,63705865.0,,20230817
043590,1125,1132,1081,1128,200776,222767584,1.62,40725255600,29017886.0,,20230817
196700,2085,2115,2000,2085,73747,151779255,0.0,29949240240,-3698060.0,-7925560.0,20230817
069080,15200,15200,14910,15010,66308,997255630,-1.57,524612768840,95605000.0,24257840.0,20230817
053580,12120,12130,11900,12020,15254,182723430,-0.91,163907700960,-42495530.0,572030.0,20230817
071460,1150,1195,1014,1141,936170,1031082628,-4.44,41038683595,92636559.0,1207692.0,20230817
377460,3990,4030,3805,3805,268629,1045112505,-4.88,58571906025,24908945.0,-7631665.0,20230817
044340,9490,9560,9160,9480,27796,259000010,-0.42,169440069000,-42872000.0,27660.0,20230817
330350,7090,7190,6900,7000,14652,103116160,-2.1,92349446000,-13180360.0,-40.0,20230817
348350,13130,13680,13050,13680,19725,263256630,2.47,139311648000,43185260.0,9609790.0,20230817
112040,38400,39100,37950,38100,212694,8138311350,-1.8,1287664252200,-901847200.0,587717500.0,20230817
101730,9010,9200,8890,9070,78758,712875310,-1.52,301988298440,96228080.0,1760190.0,20230817
123420,8340,8340,8000,8140,30431,248228130,-3.33,93364513880,-11516240.0,4417400.0,20230817
065370,10800,11160,10480,10850,49805,531841650,-1.72,80115900900,22446980.0,-11218630.0,20230817
038620,870,880,838,847,203420,172415485,-2.64,56364855855,-20871524.0,,20230817
299900,2815,2890,2805,2830,637717,1812587735,-1.91,484068341720,-41501325.0,307199935.0,20230817
036090,716,719,697,704,447789,314437847,-1.68,72495246208,-27955482.0,,20230817
136540,12730,12730,12320,12630,24932,311573960,-0.79,175104366060,-56520380.0,-4219220.0,20230817
320000,2400,2890,2370,2650,3135304,8473378675,8.83,49022742200,54739715.0,-1498770.0,20230817
097800,1506,1557,1471,1543,313127,475459175,1.92,91938877328,-1041686.0,,20230817
192390,3410,3470,3300,3470,153757,521498570,-1.28,37258514280,28200415.0,-11267190.0,20230817
313760,13250,13710,12900,13530,46656,627266540,-0.59,76954134510,-7445550.0,,20230817
335870,1938,1962,1861,1962,16144,30796331,1.24,32728949964,-2059732.0,-1351459.0,20230817
900340,890,899,869,882,220062,193466334,-2.65,42312563496,-11785495.0,,20230817
036200,8070,8230,7980,8230,343335,2785863130,0.86,252366555290,114065160.0,-737233730.0,20230817
018000,1598,1600,1517,1581,595616,924316051,0.06,199643040573,-2212240.0,1114022.0,20230817
203450,3000,3095,2940,3075,139693,417751665,1.32,45137946525,30477100.0,-20387940.0,20230817
011320,5350,5410,5230,5320,51369,272440230,-2.92,102786097400,27852200.0,-8233830.0,20230817
086390,14030,14240,13900,14060,230904,3245433910,-1.88,297145811560,-225781080.0,492161140.0,20230817
241690,3795,3875,3770,3875,55545,212248090,0.39,96919814375,15889890.0,-6315.0,20230817
142210,4005,4095,3940,4055,139918,561275365,0.87,76455869325,-18206650.0,,20230817
048430,8500,10120,8150,8870,1204373,11214597900,4.97,102182400000,346317060.0,-353870.0,20230817
206650,7450,7750,7410,7690,223227,1688231000,0.92,280260565830,9472210.0,231122550.0,20230817
089850,14100,15400,13800,15170,205627,3019072450,8.28,113118654780,84901550.0,-17764520.0,20230817
084440,2015,2070,1945,1979,563574,1118637839,-2.99,39011631200,-1651933.0,,20230817
032620,4600,4650,4505,4565,200833,913144460,-1.08,238279939535,111013190.0,14495380.0,20230817
264450,13580,14110,13310,13960,30171,415893240,2.8,143030055760,52624030.0,-69960.0,20230817
078070,12160,12450,12160,12360,5414,66510300,0.9,231090322080,707690.0,,20230817
024800,2095,2095,2030,2045,28061,57295850,-2.62,75770955540,-5355040.0,,20230817
054930,34600,35750,34450,34950,128069,4477310150,1.16,104850000000,-192745250.0,-25234450.0,20230817
069330,1574,1636,1552,1590,421723,672089722,1.02,22563834690,-63053423.0,-235917.0,20230817
049520,5170,5250,4825,5250,309948,1565659645,0.0,114370914000,104197285.0,67796200.0,20230817
435380,2075,2080,2075,2075,1041,2160230,0.24,11889750000,-27040.0,-6225.0,20230817
446150,2045,2060,2045,2055,7913,16246475,0.24,9802350000,-63705.0,5866570.0,20230817
449020,2010,2015,2010,2015,11024,22179080,0.25,19605950000,-4010.0,6659935.0,20230817
450940,2030,2035,2020,2035,111251,225230335,0.0,9238900000,-8997870.0,70260465.0,20230817
367480,3850,4030,3695,3940,642456,2509318045,2.74,25570600000,82303190.0,1350790.0,20230817
430700,2065,2090,2065,2090,3946,8197475,0.0,10951600000,45540.0,4702115.0,20230817
263770,3580,3580,3355,3465,144750,496467020,-3.21,82121095980,47821140.0,15641470.0,20230817
388720,21550,22000,20900,21950,62017,1330351900,0.23,196185719700,295499550.0,80310150.0,20230817
340930,15710,16150,15150,16000,45699,717868340,1.85,183490400000,2312110.0,8563550.0,20230817
023410,3570,3575,3475,3560,181181,640058920,-0.42,275226672280,42295210.0,13260.0,20230817
056080,8650,8910,8500,8740,2570691,22405370010,-1.24,327856208480,-50097310.0,214517880.0,20230817
373340,0,0,0,2520,0,0,0.0,7610400000,,,20230817
388800,2305,2310,2295,2305,15533,35785695,0.0,11548050000,-202290.0,1844000.0,20230817
413630,2120,2120,2090,2105,5831,12234330,-0.71,12461600000,-10585.0,1113780.0,20230817
442130,2210,2210,2160,2205,1161,2514975,-0.23,7629300000,-320000.0,,20230817
084370,32000,33400,31850,33100,283090,9297584550,1.69,758520990200,1405749200.0,865002900.0,20230817
179900,18010,18500,17720,18500,13813,249801880,2.78,301307557500,-5580260.0,,20230817
263050,3605,3670,3415,3525,185686,652020380,-4.08,129589063875,-40096045.0,-3525.0,20230817
191410,3735,3790,3480,3775,83219,303504995,-0.4,39032556250,-21587885.0,2358505.0,20230817
372170,181500,188700,178300,188000,71042,13097526900,2.01,1500061024000,86522100.0,920711300.0,20230817
072770,2710,2770,2630,2750,205952,559107965,0.73,166440890000,15060750.0,,20230817
039020,2860,2870,2800,2865,44433,125458710,-0.35,64705191285,2112725.0,,20230817
067920,5770,5880,5650,5820,93213,536246380,-1.52,63997412580,63716550.0,-11163550.0,20230817
044960,4975,5080,4930,5030,100088,498084010,-0.59,63588671490,-238090025.0,0.0,20230817
303530,10500,10900,10270,10610,31763,334084400,-0.47,77869962390,-3577150.0,546460.0,20230817
296640,7730,7930,7680,7860,22065,171537140,-0.51,40414233600,-27085240.0,37557840.0,20230817
302430,15770,16530,15470,16430,46788,750644000,3.33,161559607440,90211890.0,83339700.0,20230817
274400,13670,13750,12740,12780,542207,7112259860,-6.1,99937376280,-16375150.0,-125938710.0,20230817
056090,0,0,0,1180,0,0,0.0,93078496760,,,20230817
073490,21050,22500,20800,22000,33685,724561200,3.04,167284612000,90302500.0,-22692300.0,20230817
215790,1411,1452,1376,1420,404337,568316477,0.14,57202071580,8207144.0,563988.0,20230817
344860,3140,4010,3140,4010,3554976,13910206300,29.98,48240300000,-4728140.0,-20823250.0,20230817
246960,8780,9100,8700,9100,23102,205688400,2.71,57651257300,34259970.0,-51596610.0,20230817
088390,28550,36000,28300,30950,744967,24455446850,7.65,290491871800,213904800.0,-950261400.0,20230817
272290,37700,38950,36900,38850,241433,9163812250,1.97,784834413300,-514628350.0,-710019000.0,20230817
053350,3215,3330,3200,3330,9740,31694505,0.6,65903750280,2542290.0,-9438885.0,20230817
041520,7800,7890,7460,7690,155293,1193141400,-1.28,93731333700,-119003100.0,-58506710.0,20230817
264850,2350,2365,2280,2355,43771,101186495,0.21,70062220260,2106280.0,,20230817
054210,12010,12150,11600,12100,280244,3318976100,0.75,306023641000,294267160.0,198679390.0,20230817
164060,8640,9300,8270,9130,795057,6973670430,3.4,186704638010,804794220.0,-542948100.0,20230817
065440,2030,2075,1980,2010,358175,722220662,-0.99,54822790200,-45698446.0,-11001636.0,20230817
115610,2660,2715,2615,2630,276713,736404430,-3.31,40874476380,-30197700.0,,20230817
078020,4020,4025,3930,3970,27575,108815300,-1.24,220260324300,-38005275.0,512110.0,20230817
131400,4355,4990,4275,4570,6173201,28638147770,3.39,270517398030,-618088295.0,9537950.0,20230817
351330,8890,8890,8410,8740,50295,430478480,-1.69,72441664800,-102702930.0,-11384990.0,20230817
080010,5050,5190,5000,5150,34933,177308450,0.98,51500000000,-1362680.0,,20230817
086890,7510,7510,6980,6980,604261,4336653330,-6.31,231615022640,-62728870.0,-93848820.0,20230817
047560,15830,16100,15240,15530,332051,5151209920,-2.82,176794016960,845682150.0,-497709580.0,20230817
900110,138,139,133,138,5554319,749695078,-1.43,40286622900,102371402.0,,20230817
067010,3025,3030,2975,3025,41421,124194335,-0.82,37189350000,-3012640.0,,20230817
102710,20650,21450,20650,21250,54726,1150786250,0.71,303616515000,106065750.0,-145409450.0,20230817
066980,3040,3040,2890,2920,375214,1104652505,-4.42,146103452680,29296115.0,-13763455.0,20230817
063760,3665,3720,3535,3655,84371,305518960,-0.27,34083350150,-39641580.0,,20230817
123570,3380,3425,3185,3330,333830,1091617350,-3.62,74179339740,273936455.0,,20230817
083470,2680,2935,2665,2925,350104,974424525,6.75,62420462325,259795175.0,,20230817
095190,2895,2980,2615,2730,1864582,5093909765,-14.55,116246231010,279387040.0,117520.0,20230817
091120,48550,49600,46550,49050,383448,18447568150,0.72,840370510800,-310240300.0,519267650.0,20230817
039030,155900,166100,151400,163100,365751,59206427600,3.56,2009318605000,-3301374100.0,4663646500.0,20230817
294090,26250,26800,26200,26300,284747,7547493200,-0.38,799958868100,599143950.0,288661200.0,20230817
088290,3420,3680,3400,3430,154591,534084045,-2.14,83296654770,-5684555.0,,20230817
181340,0,0,0,2705,0,0,0.0,54259503030,,,20230817
353810,3510,3565,3460,3545,61682,216368960,-1.39,121209647400,-32057950.0,,20230817
099750,19370,19370,18280,18840,18976,350995210,0.27,128767179840,-45694080.0,-3873560.0,20230817
377330,9440,9440,9110,9270,19371,178728450,-1.9,75081938580,6525960.0,12680200.0,20230817
035810,2835,2840,2760,2825,159247,445377180,-1.57,184037012125,-49704950.0,28160.0,20230817
160600,0,0,0,3100,0,0,0.0,106895911200,,,20230817
092130,13990,14200,13830,14030,4537,63245740,0.29,168971708000,-13664580.0,13930.0,20230817
096040,0,0,0,271,0,0,0.0,245561580945,,,20230817
134060,5450,5520,5350,5480,29941,162463050,-0.36,26135490000,24354360.0,22460080.0,20230817
001840,3845,3845,3655,3805,166109,619228530,-1.04,75360916800,-69439380.0,11205.0,20230817
024810,0,0,0,899,0,0,0.0,181597539712,,,20230817
041830,23650,23900,22900,23800,53060,1242951800,0.63,325674011600,-234644300.0,-12224950.0,20230817
352940,4540,4540,4280,4400,48679,212817780,-2.22,47818012000,-7635915.0,10255460.0,20230817
079950,1350,1378,1313,1335,96226,128704748,-3.96,30972000000,4850287.0,-8901955.0,20230817
389470,23300,24600,21050,23900,1592873,36747373050,0.63,200892788400,-2129558500.0,524500000.0,20230817
277410,2315,2545,2265,2420,8688444,21219644805,4.54,87549765380,-547323165.0,5181945.0,20230817
060150,8040,8230,8040,8180,321211,2614633640,0.99,380890346160,115884690.0,386390090.0,20230817
033230,2920,2960,2845,2940,532120,1543664470,-1.51,115293217200,291592585.0,,20230817
037330,3600,3840,2800,3400,60812635,204306564480,1.64,149209761600,-150633500.0,0.0,20230817
100030,18440,18480,18010,18240,6862,124309580,-2.67,59894943360,-61469210.0,-810.0,20230817
211050,13700,13700,13010,13350,73760,975674730,-2.55,137184066000,2218850.0,-86859760.0,20230817
083640,566,571,545,568,313741,175106281,0.35,32964057216,21973736.0,,20230817
216050,12410,12700,11690,12690,68412,847875590,1.44,162980487180,31659120.0,114659300.0,20230817
049070,26100,27000,25750,26650,226927,5968123800,0.19,458380000000,996880650.0,456828850.0,20230817
119610,33900,34550,32700,34500,44462,1494379350,1.77,455968491000,-88693100.0,638676900.0,20230817
017250,1455,1717,1455,1656,1754401,2881769959,13.89,34851293352,-19370664.0,678418.0,20230817
051370,10160,10390,9930,10360,77368,781995540,1.97,241672609920,52953100.0,-64231060.0,20230817
064290,34100,36550,33500,36100,363869,12906131300,3.59,461392728200,-976600850.0,1409413650.0,20230817
189300,79800,85200,78400,82700,394198,32616557400,4.42,887343626300,2749140900.0,317167900.0,20230817
150840,0,0,0,5850,0,0,0.0,223669017000,,,20230817
048530,8660,10030,8530,8610,18455015,172466630750,9.13,294038060820,-2173869260.0,42536570.0,20230817
175140,13490,13490,11370,12480,238313,2918888740,-7.49,192491220480,-375756200.0,,20230817
115310,20200,20400,19900,20350,10407,208904750,0.25,64975169050,-46977250.0,-19900.0,20230817
039290,10310,10420,10100,10350,47049,481218090,-1.43,89982672300,52653570.0,-8764760.0,20230817
071200,5010,5190,4920,5080,150441,753035595,-0.2,123934006640,84137025.0,-11062650.0,20230817
101930,9550,9940,9100,9880,48479,459939080,-0.9,92197245400,-58465540.0,-490.0,20230817
333430,3790,3790,3600,3690,436521,1600935410,-3.91,113381696430,178120980.0,-98789500.0,20230817
068330,1649,1700,1608,1663,106536,176540080,0.79,73531440820,-14782608.0,,20230817
178780,0,0,0,8650,0,0,0.0,120790286750,,,20230817
019540,5280,5490,4790,4900,669712,3370311510,-7.72,66216150000,-313949200.0,,20230817
094820,12200,12380,11810,12010,158753,1903538810,-3.69,181095295090,118278960.0,-131710.0,20230817
950140,9310,9970,9200,9910,390816,3763382000,3.88,196890552060,-265206870.0,1179232150.0,20230817
049550,4100,4240,4100,4195,7780,32428605,-1.87,82248332015,-4079475.0,,20230817
389020,29600,30250,28300,30000,12418,365612550,1.35,185931900000,18742350.0,536750.0,20230817
254120,3755,3995,3605,3935,1178235,4526984230,4.93,119985665850,-5143035.0,,20230817
043910,1189,1189,1156,1174,1614391,1888504407,-1.26,95553559952,144976007.0,2348.0,20230817
234920,15300,18160,15000,15640,1163483,19404970380,7.12,211623432400,-89534460.0,-8438400.0,20230817
289220,12190,12580,11710,12190,93786,1126025210,-1.14,269664071550,61711240.0,4735250.0,20230817
174880,0,0,0,530,0,0,0.0,11610352250,,,20230817
049630,598,620,585,613,294168,176089040,1.32,51081972269,1957822.0,8859711.0,20230817
417840,13200,14280,13020,14200,111859,1547633460,5.58,101602902800,175273380.0,141776470.0,20230817
110020,5350,5480,5250,5410,42518,228019530,1.12,40335888820,-47392510.0,-2020090.0,20230817
208140,2460,2485,2330,2460,209939,507582525,-0.81,80403245160,83077655.0,-29720170.0,20230817
040420,7080,7090,7050,7090,20348,143691480,0.14,111153843680,-3187300.0,2824940.0,20230817
045510,1209,1240,1175,1239,53517,65110222,3.25,39907312788,-1621754.0,,20230817
217190,13540,13980,12560,13560,61695,814181410,0.07,118909999440,59231070.0,84711250.0,20230817
095700,10390,10400,10070,10140,148515,1519003970,-2.12,420917423160,-359366500.0,385070700.0,20230817
072520,518,543,511,531,349512,182726025,2.51,30353656014,13550135.0,,20230817
122310,6600,6600,6440,6520,12336,80047040,-1.21,94891062880,-11245710.0,-4887620.0,20230817
361390,15550,16040,15170,15900,31076,483283940,1.47,119262545100,-26041570.0,7185000.0,20230817
187420,3780,3780,3620,3665,24332,89565660,-3.04,82554161650,8699005.0,,20230817
225220,4355,4475,4280,4330,61742,267663435,-1.59,83092790930,-36372055.0,42862995.0,20230817
123330,4150,4365,3870,4200,66063,272184990,1.45,29400000000,-53806750.0,-9086160.0,20230817
159580,6190,6190,5760,5780,142901,837638850,-6.92,115788636080,124312830.0,-17136090.0,20230817
147830,3835,3900,3740,3810,164956,625977565,-2.43,76200000000,17087655.0,936875.0,20230817
033100,22950,24450,22550,22900,319783,7385545850,-1.51,367829166100,-19051150.0,-953735650.0,20230817
079370,39800,41500,38750,40450,449792,18148068700,0.62,418212550000,-686694450.0,1536532800.0,20230817
054950,30050,30300,29450,29600,158712,4728899050,-2.15,357860803200,-9232800.0,-98214650.0,20230817
023440,2890,2995,2740,2925,1705639,4883058615,-0.17,142721391150,-215917430.0,609185.0,20230817
090470,8210,8210,7800,8010,107935,860706400,-1.6,139987517940,-74325710.0,-199465390.0,20230817
287410,12880,13000,12070,12820,1553847,19633202850,0.0,979249264360,-5941515880.0,4209922960.0,20230817
137950,7570,7590,7300,7380,210872,1560197290,-2.51,164336467320,208198940.0,134235690.0,20230817
033320,4435,4540,4320,4450,178989,793687435,-3.68,85059222400,-40487610.0,-11690.0,20230817
417500,4500,4895,4350,4705,513905,2373290570,3.18,154252220520,300323525.0,256125.0,20230817
204270,8330,8980,8190,8900,145866,1264430330,6.84,514851347400,-20336760.0,398298870.0,20230817
026040,2510,2585,2365,2465,84153,204221675,-4.64,40681842350,6906560.0,,20230817
126880,5830,5850,5650,5770,147866,848187000,-1.03,133892290310,15548420.0,-30426790.0,20230817
322510,33800,35600,32400,33500,840719,28336879200,-2.47,541450852000,-474815050.0,-746611450.0,20230817
033050,1108,1125,1089,1116,202966,223582344,-0.8,36358545672,-19005079.0,,20230817
094970,3190,3255,3120,3250,60632,193001140,2.2,54431780000,-41583915.0,,20230817
418550,26900,30550,26700,30300,1266241,37298081000,12.22,949489071900,4310951200.0,2973147650.0,20230817
089790,7650,8070,7650,8070,63504,500358890,2.8,83246189910,6264540.0,45856950.0,20230817
052670,0,0,0,2080,0,0,0.0,60588453120,,,20230817
199820,12060,12060,11530,11890,49098,572896170,-1.57,132097900000,-91818630.0,,20230817
038010,8610,8610,8230,8460,149851,1258906180,-1.74,76140000000,28553180.0,-15007770.0,20230817
276730,1218,1222,1177,1197,210724,250497854,-1.64,69339924927,34601281.0,,20230817
080220,4090,4195,3985,4170,226087,921733280,0.48,143626613610,127310215.0,-4170.0,20230817
216080,22050,22300,21200,21400,118863,2559427550,-4.25,381503342600,-2938250.0,-706200.0,20230817
229000,3800,3800,3430,3570,748781,2676587995,-7.51,47324444790,-83954555.0,-66508535.0,20230817
082270,13020,13190,12700,13020,138906,1805840940,0.0,520724145480,-333192640.0,574886160.0,20230817
064800,1120,1120,1050,1100,192895,209252328,-2.65,92121828700,-2039787.0,,20230817
044060,0,0,0,732,0,0,0.0,70075958688,,,20230817
034940,1760,1796,1727,1772,88964,155685185,0.06,54896253444,17270278.0,,20230817
067000,3030,3070,2960,3030,133953,403328200,-1.46,207892944990,34903930.0,682080.0,20230817
033340,0,0,0,2110,0,0,0.0,204565677380,,,20230817
036930,23700,25550,23650,25250,1695138,42394274800,4.99,1218292603000,-2957918900.0,8152828350.0,20230817
239340,2760,2860,2710,2830,114939,319358425,0.0,76352364220,23843805.0,,20230817
051980,2700,2870,2580,2790,1199447,3295564640,3.33,198548715060,-334426245.0,0.0,20230817
072020,11000,11000,10740,10830,48088,519943670,-1.19,107866800000,-22062280.0,19755530.0,20230817
000440,17900,18050,17350,17810,21399,376735720,-1.33,110905185300,-45717780.0,17600.0,20230817
228760,28650,28750,25600,26050,3016660,81344868450,-11.09,603724588400,-1017472250.0,-78788850.0,20230817
314130,13500,13930,13490,13790,18563,254892430,0.0,194473764590,-10098780.0,14856020.0,20230817
389030,4910,4940,4445,4620,2110767,9684960870,-7.78,152343783900,728711570.0,-350153005.0,20230817
043610,3660,3735,3440,3525,650978,2312739050,-2.35,204856918950,150335955.0,-724539250.0,20230817
263860,11110,11220,10700,11090,46215,509344100,-0.18,104740614000,125147280.0,33484280.0,20230817
303030,1540,1545,1412,1500,261018,382371545,-2.6,53618502000,-59714584.0,-9745811.0,20230817
036180,960,980,891,950,814055,765668119,-1.04,52918464650,-199209307.0,-97591.0,20230817
208350,3875,3895,3775,3775,24183,92174765,-4.07,33365522475,7054685.0,-5940430.0,20230817
144510,38150,38800,37450,38200,52657,2007072100,0.13,603573140800,-424975000.0,366813550.0,20230817
358570,28050,28600,25900,27050,1126333,30516971300,-6.72,596414630000,-2185283350.0,899702650.0,20230817
382480,3610,3790,3610,3790,419703,1552777585,1.88,149163560600,18109800.0,,20230817
382800,25100,25300,23900,24700,222778,5506703400,0.2,185299474100,-627102350.0,583429350.0,20230817
051160,8150,8150,7880,8000,186967,1488899770,-1.84,123795440000,-186727750.0,-6641260.0,20230817
053050,3070,3115,2980,3075,209323,636014090,-1.76,92211860775,104131890.0,-30.0,20230817
119850,4045,4065,3900,4055,89160,354609655,0.62,66700325995,14292825.0,-8110.0,20230817
065060,390,397,386,396,328670,128449555,-0.25,38811185424,1573303.0,-1405814.0,20230817
204840,739,739,722,739,159382,116561095,0.54,46079651079,-54368225.0,,20230817
270520,8600,9180,8460,9000,637063,5570395620,2.51,375862554000,126569810.0,-106480.0,20230817
311320,11000,11590,10740,11560,81653,907465320,2.66,145824313600,109153450.0,-50415560.0,20230817
388050,9480,9500,8950,9220,295799,2701197380,-3.15,167965820220,441565400.0,-258130.0,20230817
219750,0,0,0,2850,0,0,0.0,27234072750,,,20230817
018120,14300,14300,14100,14150,1095,15512400,-0.98,93688848000,-5753850.0,10.0,20230817
109820,3400,3485,3375,3425,59925,204868880,-1.3,69848217000,10408845.0,-1054200.0,20230817
086060,4115,4220,4030,4190,174335,721554110,1.82,36078359530,112709945.0,-13863565.0,20230817
036890,12060,12230,11820,12130,484472,5820045380,-0.49,272709910840,765482410.0,-1283206440.0,20230817
363250,25950,25950,24100,24850,154362,3827792550,-4.97,172990541500,-469826700.0,590414100.0,20230817
007370,5870,5890,5710,5840,29795,172057720,-1.02,70080000000,-32931580.0,-1922530.0,20230817
285800,6100,6230,5720,5930,1055629,6245872180,-5.12,101436030100,534322030.0,4151050.0,20230817
085660,14250,16850,14150,15490,5454079,85472467850,9.16,871596245820,-9114945430.0,739543040.0,20230817
261780,5030,5480,4995,5130,886461,4659000945,2.91,136848711060,-378992900.0,,20230817
094850,9600,9900,9490,9710,90474,877040270,-2.51,135940000000,-39492650.0,-13847700.0,20230817
004650,9900,9900,9590,9860,22921,222415600,0.1,90622126100,-9525530.0,16884070.0,20230817
278280,138100,148500,138100,147900,176405,25551530700,6.86,1479000000000,9826315900.0,-2819181200.0,20230817
362320,7900,7990,7410,7750,471278,3598665670,-4.32,159272497500,59491960.0,-46091000.0,20230817
066360,1580,1580,1440,1542,351254,527250651,-3.75,73835689314,3177708.0,,20230817
047820,0,0,0,5400,0,0,0.0,117248590800,,,20230817
131100,2190,2420,2160,2325,291701,680271875,6.16,65212185900,23189630.0,,20230817
052300,366,370,350,364,664825,240741756,0.0,43189120520,-7025901.0,,20230817
094360,34150,35450,33550,35100,173894,6017215350,0.86,338375056500,680091750.0,89360050.0,20230817
016790,4635,5170,4625,4870,2408853,11830294530,1.46,280501943450,289639765.0,195872855.0,20230817
016920,1387,1420,1367,1415,111959,156073899,2.02,37488356270,-14078691.0,,20230817
284620,4035,4035,3700,3950,45107,174222370,-2.11,110293464200,12146855.0,,20230817
293490,28550,28700,28000,28350,444558,12574194500,-1.73,2338759672200,-23680700.0,317718500.0,20230817
042000,13250,13250,12600,13220,207547,2674580780,-1.05,297412957560,-148799320.0,132090.0,20230817
317530,5900,6020,5530,5600,36196,204455690,-5.08,38982697600,-44820230.0,,20230817
071850,2005,2190,2005,2100,30272,62273125,2.44,34795294800,6445425.0,-1955320.0,20230817
050110,1445,1477,1430,1467,293716,426140541,0.48,108299981106,-1729155.0,-8251124.0,20230817
119860,11210,11580,11200,11200,80205,908482330,-3.45,523568449600,-102275940.0,211975570.0,20230817
223310,1890,2035,1841,2000,176218,343384613,5.82,31460742000,70268104.0,0.0,20230817
900310,1245,1247,1171,1185,1258500,1505647019,-3.5,75889384875,-31258107.0,-23536614.0,20230817
078340,49000,49650,48000,49000,96728,4714554200,-1.41,630454580000,209911450.0,527769800.0,20230817
063080,30550,30850,29650,30100,31790,958159350,-2.9,198515279200,274174600.0,7632950.0,20230817
307930,5580,5640,5420,5610,150400,836626600,-0.36,87572100000,279999950.0,-5650.0,20230817
079190,901,915,892,914,100848,91021463,-1.51,35056939796,24820382.0,,20230817
263700,5010,5150,4970,5100,40153,202297040,-0.58,99012420000,41046820.0,-137680.0,20230817
214370,0,0,0,203000,0,0,0.0,2180829000000,,,20230817
221980,13250,13350,13040,13330,5203,68636060,0.53,53783884000,-9711680.0,,20230817
038530,357,361,340,359,482683,169479495,-0.55,41541450573,-14337666.0,3424820.0,20230817
424140,2030,2040,2020,2040,2902,5881655,0.0,15728400000,-18235.0,-751785.0,20230817
436530,0,0,0,2170,0,0,0.0,11327400000,,,20230817
440200,1911,1928,1882,1891,82647,156596443,-1.3,11582375000,-4981261.0,7259966.0,20230817
192250,1480,1494,1430,1490,372559,547056610,-0.4,105300172930,-3948934.0,44555275.0,20230817
115500,7200,7280,6680,6800,239265,1636285210,-7.23,81600000000,-44984490.0,-130.0,20230817
089150,2805,2885,2750,2875,46936,131619940,1.41,49306250000,-34733835.0,2700.0,20230817
025880,2615,2690,2585,2650,172308,454417340,1.53,44297023700,-16407595.0,,20230817
093320,62100,66400,61700,65700,37090,2391013300,3.79,320616000000,-642236000.0,-13056900.0,20230817
093640,7940,8140,7890,8140,173231,1383682460,1.75,237796929480,233162870.0,,20230817
073010,2940,3040,2810,2950,430234,1242960895,-1.34,106767158150,198311765.0,430245.0,20230817
105330,11460,12100,10880,11400,1197528,13730517120,-7.32,138343354800,548005740.0,59146630.0,20230817
053080,25450,25850,22100,25700,944193,23073610250,-0.96,334095039900,457815200.0,-6171944700.0,20230817
272110,20400,21700,19950,20950,144662,2983073080,0.0,166456025250,617159070.0,-160165050.0,20230817
039420,2510,2510,2425,2495,62020,152955235,0.4,60266051350,-53131765.0,-12346870.0,20230817
083550,5020,5020,4930,4995,7959,39567045,-0.5,58804581555,-3834890.0,540.0,20230817
032500,11180,11380,10910,11260,107279,1200787700,0.72,448383142580,-220474420.0,314800770.0,20230817
225430,1159,1174,1142,1174,61093,70947652,1.29,32739396700,-1968811.0,,20230817
102370,4420,4500,4295,4430,66834,292387835,0.11,120381418050,46896345.0,-3083280.0,20230817
036030,5650,5660,5460,5530,106163,586588370,-2.3,271076634990,-5606430.0,-1550920.0,20230817
064820,4175,4175,3960,3990,110259,444506370,-3.74,123297894720,89672075.0,0.0,20230817
256940,9320,9320,8900,9070,46042,415369940,-2.26,170050328060,-43296740.0,3767950.0,20230817
024880,5290,5320,5130,5310,209383,1090137090,-0.75,109825657380,25982830.0,5078350.0,20230817
042040,398,403,388,403,455512,180927044,1.26,69872074311,30718122.0,120491.0,20230817
054410,5440,5440,5320,5430,23764,127721400,-0.73,27475800000,-128500.0,-6602450.0,20230817
258610,3185,3210,3000,3065,67805,210303365,-3.62,82102562645,-558465.0,,20230817
274090,12900,13310,12710,13150,59699,774761400,0.54,168114925750,58877700.0,-30362330.0,20230817
089010,20700,21350,20500,21100,114663,2399055200,0.72,320038048000,39423750.0,21379900.0,20230817
220260,6800,7270,6600,7210,246479,1707381620,3.44,191485393470,184226190.0,8690930.0,20230817
052400,15740,16090,15610,16090,27478,436682450,1.32,241349983910,64500930.0,-1472780.0,20230817
402030,78000,79900,75100,77000,143754,11062304700,-3.75,437394188000,506775900.0,-581059200.0,20230817
391710,2870,3810,2850,3555,5482455,19834814080,20.92,147543954210,-15688610.0,-53712800.0,20230817
046070,593,608,508,581,1299288,720839337,-2.02,24753857667,130719792.0,,20230817
047770,1972,1978,1899,1949,285044,547650255,-0.97,73755231298,-77720573.0,,20230817
078940,3370,3390,2995,3200,291447,918938635,-1.54,145950976000,-2143530.0,-33320685.0,20230817
080530,1301,1310,1238,1290,125035,157718415,-2.64,40820424600,-25817333.0,-6925704.0,20230817
104540,12320,12460,11400,12310,78585,944108010,-1.68,157043224700,-225694890.0,-13842190.0,20230817
027050,3975,3975,3735,3830,3647555,14239118885,-7.6,153200000000,1358665345.0,-25655400.0,20230817
190650,6060,6080,5920,6070,8766,52877950,-0.16,38775160000,-7308490.0,,20230817
123410,2900,2995,2820,2955,556530,1617951125,0.85,82270344120,217231405.0,-107995340.0,20230817
036690,3265,3280,3155,3245,242929,779719440,-1.52,51611523810,129674945.0,-2611700.0,20230817
049430,8610,8610,8370,8590,9630,81728000,0.12,77722320000,-31103800.0,-212090.0,20230817
183300,52900,56500,52600,55400,70104,3851167500,3.17,579521893600,-1083838200.0,1480538100.0,20230817
041960,5800,5880,5650,5700,240343,1379998460,-2.06,365859493200,-410210290.0,200027140.0,20230817
089890,10470,10860,10370,10820,155388,1650304330,1.5,179449288840,156941070.0,7470380.0,20230817
009730,4970,4975,4855,4945,94494,465273455,-1.69,150873725255,-21524495.0,,20230817
082660,1470,1480,1101,1325,4315956,5736326449,-8.62,114772651425,373270671.0,,20230817
222040,5270,5440,5120,5230,74949,395308880,-0.76,107884440000,55804050.0,-13964850.0,20230817
241710,25800,26450,24250,25500,349244,8819576650,-3.95,272340000000,546930850.0,109673300.0,20230817
069110,0,0,0,2630,0,0,0.0,62963935800,,,20230817
355150,2930,3015,2845,2970,394872,1161153595,-0.34,108903386790,-18189265.0,,20230817
166480,6280,6960,6230,6710,154058,1017395420,3.23,220560222960,23805030.0,,20230817
045970,8190,8750,8190,8520,254346,2134257000,0.24,224202743520,122179810.0,-118400.0,20230817
196450,1552,1615,1549,1551,79867,126023625,-2.45,70290671682,-17427286.0,,20230817
029960,6990,7100,6960,7060,132689,933324320,0.14,353000000000,-90104840.0,304161010.0,20230817
102940,29200,29200,28300,28800,7152,205181400,-0.69,328675852800,-64314650.0,,20230817
950160,9580,9850,9450,9700,76171,738487840,1.04,705243301500,-37932420.0,,20230817
033290,4925,4955,4800,4920,347853,1698345400,-1.01,435421151280,-205423440.0,141006680.0,20230817
056360,6060,6080,5840,5930,43975,260934260,-3.42,58095024000,-60289420.0,40.0,20230817
282880,33000,33750,32250,33350,196295,6470447100,0.0,346889724850,776215250.0,-2015945750.0,20230817
121850,2005,2075,1991,2055,341037,686726885,0.74,62912129625,-3260221.0,,20230817
448710,21400,23950,20300,20950,1618066,35899235250,3.2,106463542400,-59884400.0,-45343550.0,20230817
015710,4200,4275,4130,4210,90649,380142080,-2.21,73803405000,75101515.0,-7942535.0,20230817
052330,8000,8260,7920,8200,90868,734543200,2.76,127711326400,-36817000.0,,20230817
322780,2385,2470,2325,2415,412604,992990820,2.33,91607260395,197528050.0,113280.0,20230817
200130,18540,18550,17850,17900,119411,2154260580,-3.82,528829688200,-107435060.0,-52955010.0,20230817
294570,23250,23550,22650,23100,29483,683336150,-1.7,236883223500,-56267500.0,179201550.0,20230817
317690,4735,5200,4460,5120,328526,1624556915,8.7,84671544320,202943470.0,360760.0,20230817
365270,13180,13540,12790,13250,153746,2022972910,-0.38,183583281500,-24919770.0,13130.0,20230817
348080,3535,3685,3370,3445,2870068,10045246065,-4.17,132946615100,-145615635.0,-55900.0,20230817
060280,20000,21400,18500,18520,8893722,178079672900,-0.43,758504934800,435433470.0,-1558136080.0,20230817
040350,443,458,434,447,241024,107544235,0.9,56310141984,-26113586.0,,20230817
051780,384,388,368,368,200251,74754986,-3.41,45787461600,-12185845.0,,20230817
115180,7280,7310,6940,7290,47693,340606700,-0.95,90440148240,45198030.0,,20230817
445680,22500,22700,18340,18600,1814830,35885144600,-13.69,149004004800,-114830410.0,343085100.0,20230817
182360,19850,20650,19600,20400,175746,3543189170,1.49,281615614800,-50269370.0,131095330.0,20230817
405100,11220,11300,10990,11080,36842,409026870,-2.12,132828236640,52734350.0,-55318240.0,20230817
066310,9800,10040,9370,9860,88601,857348480,0.61,91418183060,158040970.0,130.0,20230817
016600,380,380,370,376,565132,210745448,-1.05,67020914112,-14043243.0,-3384.0,20230817
096240,16230,16560,16120,16470,43392,710952180,0.18,190125793080,-42161530.0,19883560.0,20230817
114120,0,0,0,10850,0,0,0.0,24913021350,,,20230817
110790,19230,19360,18750,19200,20464,390822010,-0.16,224937216000,10525910.0,138404000.0,20230817
900250,2515,2515,2360,2485,3892080,9448789950,-1.97,238289231915,1340292445.0,,20230817
045520,6750,6900,6710,6840,7595,51606570,-1.16,44460000000,1110230.0,,20230817
036170,976,988,955,967,342443,331425168,-1.83,59340560342,15414741.0,,20230817
214150,35800,36050,34800,35800,480827,17121238450,0.42,2319005931600,841255750.0,672212750.0,20230817
352770,3255,3310,3150,3225,190204,611637970,-2.12,43924954725,-89418355.0,-1425610.0,20230817
237880,20750,20950,20050,20350,170819,3473465450,-2.86,367752033550,565056650.0,-740001100.0,20230817
139670,5090,5100,4930,5050,22184,111030135,-0.98,70606125550,6384055.0,,20230817
413600,2140,2140,2095,2130,5786,12180905,-0.47,7305900000,37825.0,-2361500.0,20230817
433530,2065,2095,2065,2095,1819,3777340,0.0,8599975000,2080.0,941045.0,20230817
446840,2065,2080,2065,2070,14369,29750400,0.0,12171600000,,23523320.0,20230817
054780,7200,7340,7130,7230,92778,669515530,-0.55,141330543390,-78408680.0,-890900.0,20230817
219130,26450,26900,25050,26850,35935,931136150,2.68,169538686500,-150576900.0,130065050.0,20230817
360070,67000,69000,65800,68000,80878,5459649900,-0.15,542935324000,-86814500.0,-60844200.0,20230817
065130,10560,11000,8120,9280,7922376,75287842240,-19.86,148259664960,-241103210.0,-24258760.0,20230817
134580,4160,4410,4160,4300,67530,287608390,0.82,94710798100,64040700.0,,20230817
023160,19570,19810,18920,19320,214093,4122236060,-2.47,511980000000,23972970.0,-51102470.0,20230817
323280,2880,3740,2770,3740,34445102,122833318990,29.86,94387240200,-2543848790.0,3924970.0,20230817
053620,7670,7690,7560,7620,12967,99157520,-1.17,65532000000,-1866260.0,,20230817
044490,21450,21500,19620,20050,221954,4492946250,-4.98,401147989050,-26563280.0,46470200.0,20230817
124560,3575,3700,3525,3665,160114,574994970,-0.95,140796780360,96759825.0,-301195.0,20230817
191420,9460,9600,9340,9570,2923,27779180,0.42,77601541380,-8318850.0,82610.0,20230817
073640,2600,2600,1897,2230,47155473,103385939095,-16.64,204298774000,5563131968.0,5475148.0,20230817
066700,4435,4480,4315,4355,207946,909792120,-1.8,141426164425,-111635445.0,-2882400.0,20230817
095610,19970,20350,19620,20150,111812,2234989220,0.0,398329753900,-358664760.0,547910630.0,20230817
064520,4030,4070,3925,4030,23835,95570960,-0.98,51636518960,-48042280.0,,20230817
089030,7230,7670,7170,7470,203501,1503000210,2.05,279031728150,3522260.0,210633910.0,20230817
054450,19100,19290,18400,19040,571615,10751077900,-2.31,284354022400,1314286790.0,-2081224060.0,20230817
091440,2400,2440,2200,2305,821326,1884953955,-9.96,23598564645,16819100.0,-523620.0,20230817
200230,907,925,892,894,163820,147734746,-1.43,100022018982,-14599781.0,-27019123.0,20230817
393210,4330,5410,4300,5410,16054593,82909017680,29.89,83078903040,-1969992125.0,-519461140.0,20230817
215480,4120,4150,4000,4030,36812,149401685,-5.51,38748276710,-4822500.0,,20230817
051360,15890,17170,15320,16920,408364,6705482360,6.48,275238621360,-288581520.0,85076270.0,20230817
045340,4070,4075,3970,4025,18290,73405400,-1.23,34446111000,7072930.0,-6667410.0,20230817
108230,8240,8240,7890,7940,199724,1596384910,-2.58,301904565300,43021280.0,54838360.0,20230817
079970,1019,1080,995,1070,2515336,2616149558,4.59,83214551630,360028754.0,1906.0,20230817
199800,37700,37700,35950,36450,21099,771818600,-3.32,288657537300,15719450.0,-74893550.0,20230817
417790,10430,10700,10090,10350,270190,2805700570,-1.99,113846377500,218996640.0,-375260670.0,20230817
105550,2640,2640,2400,2420,668871,1637866660,-6.2,107321787320,141064905.0,397660.0,20230817
290090,12630,12900,12540,12770,8292,104794770,-0.39,94159467300,6294290.0,-10.0,20230817
026150,7150,7240,7060,7180,62660,446921970,-1.24,125982656580,-20109900.0,28560.0,20230817
322180,7280,8920,6860,7760,1272293,10213571070,12.95,42361646000,-120626410.0,0.0,20230817
117730,31100,35600,30800,33050,5047594,170497860400,5.09,545188040800,3136077200.0,463108700.0,20230817
033830,909,914,899,914,98027,88833142,0.0,91400000000,,,20230817
057680,3400,3550,3265,3465,361355,1212060070,0.14,233007788475,-205660980.0,-198600115.0,20230817
204610,1361,1390,1325,1356,340001,458609855,-1.81,90827212320,-1809464.0,676644.0,20230817
064760,97300,98700,96100,97900,40137,3914579300,0.62,1142982500000,-230668400.0,936960500.0,20230817
246710,11720,12010,11610,11910,33799,398681510,-0.83,252485068380,-20067680.0,78986370.0,20230817
340570,51900,53300,51200,51500,109148,5667072400,-1.9,418592000000,922799500.0,-53162100.0,20230817
043220,723,723,681,694,275808,190532251,-2.25,75506963346,-32032615.0,1066955.0,20230817
277880,11200,11780,11170,11780,150849,1731314770,2.52,237373985540,82933640.0,5095020.0,20230817
131290,42850,44000,42250,43250,75796,3273523650,-0.35,478406804250,-511753800.0,46941200.0,20230817
425420,22450,24750,22450,24050,291629,7000300400,7.61,273713050000,389528100.0,246727850.0,20230817
356860,22900,24500,22800,24350,288943,6935790100,4.73,239424540500,178846400.0,429497850.0,20230817
062860,0,0,0,5800,0,0,0.0,57261776000,,,20230817
321550,7500,7660,7100,7310,54333,397401250,-4.94,178967111550,8962330.0,-48489980.0,20230817
425040,38000,40050,37400,39750,69999,2731429150,3.25,422388031500,-260908500.0,767661900.0,20230817
104480,2140,2170,2100,2125,353185,754639460,-1.85,193152797250,5577460.0,121209745.0,20230817
081150,3760,3785,3540,3555,1006074,3628514155,-8.02,86274169110,-657946885.0,-1406345.0,20230817
130740,2595,2600,2505,2590,63102,160944730,-1.89,29206598610,-551335.0,,20230817
084730,13320,14180,13150,14000,207309,2832364640,5.58,155531936000,527984480.0,-16245450.0,20230817
046210,4480,4585,4310,4525,111155,489887230,1.0,145418386500,11967420.0,-16137245.0,20230817
058530,0,0,0,1620,0,0,0.0,32527053360,,,20230817
440110,39500,42250,35600,40400,7781540,303509102350,2.67,1941340270800,-7700266650.0,-1822215050.0,20230817
034230,17410,17420,16700,17180,2115318,36034945770,-3.48,1574938515020,1585721200.0,2163455320.0,20230817
033540,783,790,765,767,36884,28394251,-2.04,56125515693,-9473208.0,,20230817
388870,15000,16800,14920,16100,1746561,27906549720,5.3,207995288200,-406084770.0,5788750.0,20230817
043200,735,763,726,760,85707,63887562,3.26,31771279400,8406161.0,,20230817
214450,139600,144000,136500,138800,181696,25265496900,-2.8,1429162944400,4526625200.0,-192926600.0,20230817
208340,2165,2230,2075,2110,172715,365896705,-3.21,54182238460,31725980.0,,20230817
177830,4020,4030,3895,4015,113161,444870645,0.12,57369343295,-9632980.0,,20230817
037070,10000,10210,9660,9980,146524,1443695110,-2.44,199600000000,70435660.0,26760.0,20230817
150900,6990,7270,6890,7150,32046,228515350,1.42,83332692300,53004490.0,-9817950.0,20230817
037030,3290,3470,3125,3280,178463,581101215,-2.38,64032330560,11095440.0,,20230817
047310,0,0,0,21700,0,0,0.0,746935309400,,,20230817
368770,3790,3935,3760,3795,232334,892927435,-1.56,124681783875,36484525.0,-14253635.0,20230817
170790,13510,13510,12650,13260,47932,628965420,-1.92,90914935800,79888000.0,-73168170.0,20230817
049120,1247,1261,1236,1257,17310,21673582,-0.24,43957512489,-1342045.0,,20230817
038950,4810,4810,4610,4780,25964,122744585,2.25,48807456700,-3816025.0,50.0,20230817
441270,7710,8280,7650,8060,207003,1645749220,2.15,293552510420,319150850.0,-7930960.0,20230817
106240,2200,2210,2110,2150,222388,478206105,-3.59,34234572550,-85044055.0,2193100.0,20230817
131760,1067,1087,1058,1073,110920,118459826,-2.28,45781663102,-6936518.0,,20230817
065690,1621,1621,1544,1556,14163,22208284,-4.01,21860759036,5274759.0,,20230817
140860,170000,182700,170000,180700,60666,10765522000,5.55,1258387391300,-1142009900.0,3551989600.0,20230817
091700,7990,8130,7910,8080,511875,4109053240,1.64,476059169120,-203807960.0,414191580.0,20230817
032800,317,317,300,310,643905,199053704,-2.21,36513441140,-119414.0,,20230817
318010,9180,9190,8870,9100,7084,63736310,-0.87,72156975800,-5790610.0,,20230817
027710,1784,1789,1720,1765,764043,1337601588,-1.07,196650299000,209624457.0,-45890.0,20230817
225590,1429,1429,1361,1407,301586,421489937,-2.16,37477855191,25877551.0,,20230817
054300,730,736,711,734,342536,247256086,0.55,48764054828,-28252931.0,,20230817
068050,4340,4340,4035,4170,267234,1102941800,-2.11,115484296920,166346815.0,-142524515.0,20230817
222110,5560,5730,5560,5730,24336,137874100,1.42,61182819900,-7702650.0,-2127760.0,20230817
271830,3910,4485,3910,4400,389068,1637692910,9.59,126380522400,444906390.0,212575.0,20230817
263750,55700,56600,55000,56100,241992,13512780400,0.72,3604304665500,-2804911200.0,2173682300.0,20230817
251970,24600,26000,23450,25600,219410,5395447950,0.79,317440000000,60190800.0,-1144522750.0,20230817
168360,12790,13210,12200,13170,138342,1789609920,1.31,140183350140,192331470.0,-335644870.0,20230817
087010,35050,38300,32550,37900,1611369,57437012650,8.6,781757728700,3057268650.0,2851782000.0,20230817
119500,3385,3385,3245,3285,59215,195244655,-2.52,38918157120,-62139265.0,25.0,20230817
389140,10410,10410,10040,10290,66759,682131960,-1.44,113182128150,-117015650.0,5889300.0,20230817
022100,29000,31400,28550,31200,8588502,260130287650,7.96,4743483544800,7765271000.0,7535761800.0,20230817
009520,26700,27200,25750,27150,1329806,35528771600,2.45,1130599386450,-3812586350.0,868644950.0,20230817
189690,2315,2350,2285,2345,124374,288070805,-0.64,64070017305,-32065070.0,119165.0,20230817
318020,0,0,0,18100,0,0,0.0,229187123200,,,20230817
256630,1930,1930,1871,1883,32722,61921647,-2.44,109208486576,-8645843.0,-4175579.0,20230817
331380,2580,2580,2430,2470,495649,1233346530,-4.82,47049997540,-192261515.0,973050.0,20230817
234100,1930,1938,1858,1924,213187,402344723,-0.77,104558333152,25609993.0,,20230817
041020,5550,5580,4935,4950,4954098,25294220320,-10.65,246141215100,-1743302900.0,-884632000.0,20230817
114630,700,705,682,684,427871,294874341,-3.53,43584426648,-40535708.0,,20230817
290720,8290,8340,7790,8210,28597,234208010,-0.97,110039106180,-50295750.0,60515970.0,20230817
005670,5020,5030,4805,5000,34135,168074035,0.1,50000000000,-19375035.0,,20230817
094940,7200,7410,7090,7210,45975,330194650,-1.37,60285593060,9718190.0,-10.0,20230817
007330,8430,8750,8430,8750,13758,117243180,-0.11,131974500000,-7368440.0,0.0,20230817
093380,3930,4045,3905,3995,52856,209522435,-1.36,39467855435,-33183330.0,,20230817
023900,13000,13100,12500,12650,21932,276851450,-1.48,159390000000,-41744430.0,10760.0,20230817
371950,8520,8770,8380,8530,32084,274153560,-2.74,179475362640,-3328860.0,8720.0,20230817
370090,25150,26950,24550,26400,209601,5373695600,3.33,216000312000,-208085500.0,774842550.0,20230817
220100,13980,14050,12990,13380,528154,7049282110,-5.44,295726833900,286871380.0,-677521110.0,20230817
035200,3440,3530,3410,3505,92046,319531085,2.19,34105717950,19600285.0,-40842790.0,20230817
334970,4715,4825,4390,4745,239916,1119816610,0.53,289957312905,-163798485.0,21748095.0,20230817
321260,3865,3900,3625,3790,1700962,6329246345,-3.93,106847998360,-267206285.0,-4834715.0,20230817
303360,3275,3295,3145,3230,27211,87717515,-1.22,41585329450,-10680945.0,-4832160.0,20230817
053610,41000,43850,40500,43050,253448,10785493550,3.24,473550000000,-238496550.0,-121596550.0,20230817
377220,7210,7570,7200,7460,141258,1041889510,1.5,105596300000,162847930.0,14347630.0,20230817
335810,6820,6970,6600,6720,25604,173200610,-1.47,78049614720,-46719170.0,-1148640.0,20230817
053160,10440,10700,10200,10510,66915,697120380,-0.28,63060000000,46718750.0,160.0,20230817
405000,5470,5540,5330,5510,110938,602384120,0.18,106199982440,-93259210.0,1342080.0,20230817
041590,1143,1150,1101,1139,407227,458303909,-0.52,149254768437,-14781035.0,,20230817
367000,10130,10350,9400,10050,29002,288472070,-2.05,83894455350,-43394410.0,50390970.0,20230817
075130,2370,2510,2345,2460,227413,550341280,3.8,40890907200,4027535.0,-11824595.0,20230817
237820,5440,5440,5190,5220,65641,345297570,-4.04,66957670800,31802140.0,-23410.0,20230817
023770,5430,5600,5320,5570,23248,127026020,2.39,48831187400,14356570.0,,20230817
300080,28450,29650,28000,29350,81669,2371192000,2.26,153557615100,-290168300.0,-66448450.0,20230817
032580,1290,1331,1262,1331,465126,604417914,0.99,44098777184,135605973.0,-10767676.0,20230817
051380,6700,6940,6650,6930,29648,201095310,1.61,53153349480,2005070.0,6670.0,20230817
241820,6990,7500,6990,7100,22073,158944970,1.57,85031275600,49671560.0,,20230817
237750,5740,5740,5490,5600,93555,522210930,-3.28,36380960000,-63411950.0,426350.0,20230817
319660,19400,19800,19200,19650,177055,3461759110,0.05,569195930100,-45135930.0,-47656360.0,20230817
031980,27500,30950,26900,29900,720681,21455692100,6.41,644715610500,-64587800.0,1388551050.0,20230817
002230,4305,4500,4160,4400,17891,77800820,2.21,85230961200,-7630670.0,,20230817
057880,0,0,0,1740,0,0,0.0,206724832500,,,20230817
043370,9470,9470,9090,9380,53018,488318970,-0.21,196980000000,53378510.0,-39149690.0,20230817
239890,17830,19150,17830,18990,86933,1627813960,4.8,174833941680,-106464490.0,172868170.0,20230817
347740,3085,3110,2980,3050,212092,641477115,-1.45,91532256800,-79414580.0,,20230817
137400,66500,68400,65700,68000,266981,17931446100,1.34,1546401464000,-233336400.0,1853984200.0,20230817
147760,5000,5160,4895,5140,33970,169306220,2.8,55614111240,13955395.0,,20230817
128660,4100,4100,3865,3920,288928,1142460945,-7.87,97229206480,-277723775.0,-300030.0,20230817
006140,5820,6000,5720,5840,34305,200234760,0.34,87600000000,-24192340.0,-44170.0,20230817
376180,6000,6170,5860,6120,211827,1265929530,-0.65,112711170960,193884390.0,-23654970.0,20230817
304840,9280,9280,8850,8940,110798,993941220,-3.66,111775809780,-42538240.0,-27929780.0,20230817
062970,2575,2575,2225,2400,120497,287397925,-7.69,22339644000,2481065.0,,20230817
087600,6110,6210,6010,6120,15197,92059500,-0.81,49979334960,9737160.0,-11971080.0,20230817
291810,5930,6020,5700,5810,100633,583290400,-2.02,65908128720,85207990.0,,20230817
378340,52200,53800,51600,53300,159539,8412632100,0.57,565216705300,510551900.0,-1493683000.0,20230817
161580,8550,8950,8530,8870,321444,2809353990,1.49,206508173410,217179920.0,2814640.0,20230817
347770,16500,17880,16500,17790,171788,3002806610,7.04,135542259060,557192670.0,156687640.0,20230817
163730,9830,10070,9760,9880,60206,591564330,-1.89,92291757480,182830730.0,49360.0,20230817
417180,3840,3850,3725,3850,67321,254097555,-1.03,51368155300,-32385710.0,,20230817
446750,2050,2080,2045,2075,4345,8907035,0.48,12512250000,-105255.0,227530.0,20230817
448370,0,0,0,2150,0,0,0.0,12083000000,,,20230817
454750,2005,2015,2000,2005,338139,677312905,0.25,14440010000,225120.0,187316120.0,20230817
454640,2090,2095,2050,2085,69935,145955520,-0.48,11261085000,-2206035.0,106402900.0,20230817
400560,2650,2870,2500,2735,265066,728350030,3.21,8341750000,28683485.0,20389260.0,20230817
406760,2080,2105,2075,2105,5818,12126365,0.24,15598050000,0.0,-2833515.0,20230817
418170,2070,2070,2060,2070,9567,19774985,-0.48,12440700000,-4140.0,14768955.0,20230817
427950,0,0,0,2360,0,0,0.0,11398800000,,,20230817
430230,2060,2085,2055,2075,4307,8864870,0.73,16608300000,228570.0,-3579715.0,20230817
435620,0,0,0,9760,0,0,0.0,41987520000,,,20230817
299030,102800,105900,99900,104800,184738,19036063500,0.67,827735656800,3568566900.0,-5192683000.0,20230817
067310,17620,18390,17590,18200,784606,14140270730,1.22,872177742800,-994083610.0,1925190820.0,20230817
372290,0,0,0,2405,0,0,0.0,10351120000,,,20230817
166090,42250,43300,41900,43050,95466,4078877700,1.06,850352615700,-205914600.0,841334450.0,20230817
136480,2850,2850,2795,2830,301580,848734885,-1.74,300573456660,-101876210.0,-67920.0,20230817
003380,7120,7160,6970,7150,521131,3677080700,-0.28,800840190150,-322613450.0,307706830.0,20230817
101670,21500,22000,20800,21600,595877,12808482650,0.47,482400381600,-383079400.0,-123400550.0,20230817
365590,1760,1890,1691,1770,4991138,8821448377,8.46,247390121100,-630363943.0,,20230817
149980,9960,11630,9700,11120,2710056,29878768310,11.76,170556146960,-357433800.0,-27361550.0,20230817
013030,27000,27350,26650,27300,74796,2026765150,-0.73,350970165000,358211000.0,-44575150.0,20230817
126700,20050,21200,19700,21000,334814,6880024870,5.0,313784352000,1588539660.0,905507970.0,20230817
106080,7890,8300,7800,8220,53204,427526510,1.36,121479565920,159359620.0,-57045290.0,20230817
377400,0,0,0,2270,0,0,0.0,12275025000,,,20230817
400840,2055,2070,2045,2060,11775,24145490,-0.24,10547200000,-26760.0,-16013030.0,20230817
450050,2080,2080,2070,2080,1540,3195760,-0.72,10429120000,,415000.0,20230817
221840,3270,3270,3090,3225,76616,244323150,2.71,60309309225,-15755060.0,,20230817
106190,13370,13370,13030,13190,6868,89985050,-1.42,93501034580,-5545400.0,,20230817
373200,4155,4260,4060,4200,96897,404253260,-1.41,79493400000,-9486180.0,,20230817
066130,4900,4990,4860,4950,29879,147254315,-0.7,63360000000,13820325.0,933935.0,20230817
004590,4130,4225,4130,4200,30430,127211295,-0.83,63000000000,-14208820.0,12530.0,20230817
039340,5980,6010,5840,6010,26095,154705350,0.0,138230000000,6601970.0,-300.0,20230817
034950,75400,75400,74700,75100,2428,182166400,-0.4,340992601400,58617800.0,-52404900.0,20230817
222980,4750,4830,4640,4830,45544,214855415,0.94,53282062890,-64758055.0,-50.0,20230817
256840,3690,3690,3535,3565,380726,1362996740,-3.39,242107859295,152254690.0,2468930.0,20230817
025550,4050,4210,3935,4140,1117152,4595533200,-0.12,98984079720,-92863755.0,51741500.0,20230817
017890,12680,13180,12540,13150,156934,2012139200,3.46,284115744000,26707570.0,61439000.0,20230817
080720,5350,5370,5140,5140,15917,82990930,-4.64,40625161920,2499070.0,1907420.0,20230817
063570,6170,6190,6010,6130,165882,1009721120,-1.29,209325572640,15451950.0,292010.0,20230817
041460,4120,4165,4040,4120,75664,309382320,-1.67,78280000000,-48749195.0,-10.0,20230817
101680,3215,3215,3000,3100,36874,112440260,-3.58,26052400000,-7719905.0,,20230817
039740,2920,3000,2920,2970,42405,125124815,-0.34,23814639090,-19139265.0,,20230817
053300,4600,4600,4470,4600,71592,322975970,0.11,192171122600,-133119385.0,133920.0,20230817
025770,8650,8660,8370,8370,99998,846751680,-3.9,313408548270,22263680.0,136731550.0,20230817
409570,0,0,0,3305,0,0,0.0,17880050000,,,20230817
436610,0,0,0,2790,0,0,0.0,16795800000,,,20230817
023760,548,556,533,556,892784,484314130,-0.71,175478924256,80556235.0,-12867.0,20230817
054040,4405,4760,4330,4590,409555,1879159090,4.44,73767221100,-4968640.0,637195.0,20230817
021650,2800,2960,2680,2870,97040,272487740,2.5,46926115810,-8334505.0,,20230817
053590,0,0,0,334,0,0,0.0,52484809098,,,20230817
032300,16180,16400,16060,16320,12564,203496030,-1.03,177997360320,-36702320.0,-50.0,20230817
037230,2210,2330,2180,2325,79818,180726235,4.97,69285760275,1898660.0,,20230817
030520,14000,14170,13580,13920,251849,3495633420,-1.56,336582036480,-34395420.0,396108310.0,20230817
052600,4665,4680,4480,4650,71495,328085215,-1.06,53771205000,-20892145.0,4670.0,20230817
256150,7950,8200,7810,8080,18670,148294160,1.13,67831600000,-8797130.0,200250.0,20230817
092460,5800,5970,5610,5940,96883,554292290,1.71,101631499200,258941460.0,,20230817
047080,2115,2125,2065,2095,39684,83168920,-2.33,52002848390,-14625470.0,,20230817
114810,8350,8350,8000,8180,53763,435822080,0.0,240100783320,51565930.0,-3753520.0,20230817
070590,1717,1888,1670,1800,91113,161807829,3.39,24983137800,12247284.0,,20230817
226440,0,0,0,1530,0,0,0.0,90418067280,,,20230817
042520,21850,22800,21350,22450,269846,5931476300,0.22,272005636800,-274209000.0,277794850.0,20230817
078350,11750,12290,11720,12050,51900,620530990,-0.66,183694803100,-12860640.0,-551760.0,20230817
045100,21400,22650,17300,18600,6719274,129667056820,-23.77,334800000000,-1690523800.0,-229527780.0,20230817
024740,2330,2365,2280,2365,210199,487481525,1.07,74574471290,-1834850.0,,20230817
005860,5300,5300,5050,5190,763323,3936763750,-2.44,204505125150,552254840.0,5190.0,20230817
123840,352,354,346,348,219013,76675809,-2.79,35286025152,760512.0,1097513.0,20230817
007770,18710,19100,18270,18800,50907,947777110,-1.67,65988000000,172562360.0,-370.0,20230817
198940,3810,3985,3730,3985,126029,484596065,2.31,77451722775,129113750.0,,20230817
079170,10070,10370,9900,10240,72503,726306360,-0.39,53248000000,174154430.0,,20230817
054920,3220,3220,3070,3190,163104,514968505,-1.24,90012488390,77268715.0,-7766575.0,20230817
002680,1473,1482,1414,1470,232787,335690355,-0.2,44092380990,77039521.0,-77180.0,20230817
386580,2190,2200,2165,2200,1292,2812440,0.0,9152000000,0.0,,20230817
430460,2065,2070,2055,2065,2376,4884055,-0.24,12224800000,0.0,-434180.0,20230817
034810,8210,8300,8140,8230,16566,135712010,-0.72,267942933110,-22271610.0,8230.0,20230817
03481K,8900,8960,8710,8800,5494,48408160,-1.79,12222513600,-4469950.0,,20230817
076610,404,411,399,409,223090,90159256,1.24,52051791546,5221859.0,,20230817
059270,6460,6600,6210,6580,54364,347493640,1.54,65937179840,15124260.0,,20230817
220180,3070,3125,3005,3115,75524,230941895,0.32,60455920000,5602875.0,-16300.0,20230817
900270,285,292,272,272,7083129,1970191040,-8.11,23305504000,222048613.0,,20230817
214180,13210,13280,12940,13250,19355,253164110,0.23,175657701250,-24406850.0,585650.0,20230817
234340,16860,16970,16460,16600,7873,130840450,-2.35,156919800000,-45139410.0,16460.0,20230817
084990,6110,6280,5990,6030,320985,1957428710,-2.58,250827069870,-362087380.0,244859130.0,20230817
170030,6900,8850,6750,7440,3943959,32059633400,6.9,114129600000,-554381450.0,101314740.0,20230817
319400,3480,3525,3390,3475,921596,3181193400,-1.97,408093825200,623966450.0,27710.0,20230817
048410,28200,28600,26200,27750,1236961,34011465850,-2.97,1104575097000,-3645123900.0,969574950.0,20230817
052260,11020,11180,10750,10750,33319,364335940,-4.02,161250000000,-109062520.0,-25191880.0,20230817
041440,6560,6790,6490,6740,109893,726412910,0.6,120753462560,-54132080.0,-4113210.0,20230817
039010,5880,6070,5750,6070,74226,437190000,2.02,52353750000,72872360.0,3572300.0,20230817
090850,6510,6530,6300,6490,53305,341643970,-1.52,154113882890,-103675540.0,35868200.0,20230817
092300,4515,4760,4355,4555,196274,878419205,-0.87,85054676880,82358110.0,,20230817
138360,1001,1001,907,944,312456,298701961,-6.07,32673712896,-16023402.0,,20230817
011080,1094,1095,1038,1048,741535,784761702,-6.6,26727524424,22978567.0,-90437.0,20230817
060560,1279,1285,1241,1249,481964,605626540,-2.35,159459236725,-191467929.0,,20230817
064240,4580,4635,4395,4580,222523,1004721840,-1.93,160474094960,7814995.0,2206270.0,20230817
039610,5450,5490,5210,5440,70233,374293770,-0.18,56632576000,-53519710.0,-20.0,20230817
126640,1622,1646,1570,1616,84426,135149820,0.69,58780201392,-13895399.0,,20230817
127980,9700,10080,9590,9820,37205,365373530,-0.41,111616398240,126423200.0,-49309990.0,20230817
061250,1930,1990,1900,1963,427551,831368523,0.15,130603937438,-10585357.0,,20230817
097870,7710,7780,7650,7750,43266,333498840,-0.39,65797500000,-4496910.0,20.0,20230817
290270,3910,4010,3825,3995,37730,147334750,1.14,38382649640,-12892845.0,12400.0,20230817
353190,1160,1189,1100,1189,234650,269446886,2.5,46346292580,-38983592.0,,20230817
192410,563,573,552,560,343325,192775635,-2.95,60925961600,-24679063.0,,20230817
090710,1700,1765,1610,1756,2162169,3686737536,2.09,287590125688,227001734.0,,20230817
205470,2675,2965,2650,2765,22895215,65030850500,3.36,357721899885,407461755.0,621702705.0,20230817
115160,3390,3445,3270,3365,327977,1094078595,-0.74,147959467260,-12609155.0,423200.0,20230817
028080,5560,5720,5200,5500,85186,472886460,-1.96,69176283000,93208090.0,,20230817
032860,0,0,0,3640,0,0,0.0,65288375880,,,20230817
200670,42400,42550,38500,40900,197642,7928513100,-3.99,447253524600,-897669050.0,916422950.0,20230817
065510,21550,21800,20800,21650,228482,4857580150,-0.46,260782282150,329323150.0,461778850.0,20230817
215090,0,0,0,1505,0,0,0.0,120843123170,,,20230817
263920,1250,1284,1217,1255,364691,452129900,-0.87,61551643170,148687609.0,,20230817
243070,44300,44850,42500,44000,152499,6666619100,-2.65,525164156000,-241440550.0,730215150.0,20230817
084110,25850,25850,24000,24750,84038,2064065150,-4.07,312381927000,111560550.0,67079600.0,20230817
145020,113200,114300,110900,113300,58986,6642760300,-0.96,1403272051500,-406927900.0,-40266000.0,20230817
024060,5100,5160,4990,5040,61633,310563470,-2.51,75600000000,5245595.0,10.0,20230817
010240,6440,6610,6150,6550,68882,437451420,1.71,80713658800,-28131040.0,-94300.0,20230817
189980,2460,2460,2360,2415,202764,486922230,-1.43,96932852205,4349765.0,28874115.0,20230817
037440,6470,6660,6400,6580,130093,850083160,-0.45,91609885500,192780440.0,,20230817
238490,6890,6890,6620,6670,42715,287091430,-2.91,75452614120,-15375530.0,5705540.0,20230817
