code,open,high,low,close,volume,거래대금,등락률,시가총액,foreign_net,inst_net,date
060310,2730,2865,2725,2825,614563,1731691715,2.54,137116013650,20534585.0,0.0,20230703
054620,9600,9800,9600,9800,24025,234133740,2.08,199863365800,86939830.0,,20230703
265520,21150,21700,21150,21350,57337,1230407300,0.71,326258338350,25357050.0,-25807250.0,20230703
211270,13130,13440,13130,13380,75139,1001850390,2.29,201801227520,431783120.0,-13460.0,20230703
126600,6020,6070,5940,5960,160870,962394600,0.17,243579323440,-392460350.0,11604560.0,20230703
013720,2280,2775,2250,2430,950935,2381381885,7.52,72911277630,126748055.0,412750.0,20230703
035760,62800,64200,62000,63500,76033,4833630300,1.28,1392501279000,-430530100.0,701656700.0,20230703
311690,23200,24200,23150,24000,11150,265079200,4.58,141088128000,8325100.0,-525750.0,20230703
051500,28850,29300,28550,29050,20516,593594350,0.69,344869573300,179820950.0,-3184900.0,20230703
058820,2165,2190,2150,2150,264511,573525915,-0.69,298618324600,-50532585.0,144860.0,20230703
023460,2190,2195,2100,2100,7477,16006390,0.0,78120000000,-447720.0,,20230703
056730,1565,1690,1481,1534,1484669,2347769830,0.0,65224845504,27669460.0,,20230703
065770,1598,1610,1564,1587,75895,120028130,0.25,30805463310,5629909.0,441988.0,20230703
083660,1564,1640,1555,1599,180204,289278832,2.24,63082457607,47980355.0,,20230703
404950,0,0,0,2120,0,0,0.0,12380800000,,,20230703
367340,2055,2060,2050,2060,116684,239801435,0.24,12463000000,-304140.0,0.0,20230703
367360,0,0,0,2125,0,0,0.0,10285000000,,,20230703
060900,5820,6040,5700,5980,524569,3086596120,2.75,135935255040,35918160.0,177240.0,20230703
025440,2955,2955,2905,2915,33776,98723735,-0.51,83077500000,4423395.0,-41070.0,20230703
068790,6280,6400,6260,6320,66644,422018820,1.44,155301745520,172179480.0,-66005770.0,20230703
241520,3615,3675,3615,3665,33575,122490360,1.81,101928791995,22231955.0,,20230703
065150,369,370,350,350,1004160,360325420,-4.63,43848841750,14275474.0,3497394.0,20230703
180400,8110,8120,7960,7970,199296,1592073370,-1.73,240848873040,3848180.0,-87670.0,20230703
245620,1763,1850,1750,1820,2948870,5332531571,5.63,153399584520,691717141.0,537073.0,20230703
037370,16420,17070,16410,17010,178188,2997817490,3.91,146710773720,253887300.0,,20230703
050120,4370,4460,4295,4295,23534,102210580,-1.72,58257749370,-12542215.0,,20230703
214270,3215,3295,3205,3240,102109,332044830,0.78,107731500120,59886695.0,-13944960.0,20230703
130500,3395,3710,3395,3485,582803,2092052220,2.65,50689506220,-24943815.0,-10.0,20230703
900290,5410,5410,5120,5140,66802,348250610,-4.1,346307500000,-14289260.0,,20230703
083450,28450,29000,28300,28750,162000,4637087100,1.41,267885168750,806447500.0,-3649700.0,20230703
297890,19280,19550,19080,19390,784177,15184130180,2.0,324202603270,637460880.0,-559136150.0,20230703
078150,2720,2755,2695,2700,1400392,3814643495,-1.1,231803561700,-417270185.0,-29700.0,20230703
195940,30100,30650,30000,30400,294435,8889082950,1.16,861228686400,1891148200.0,382083400.0,20230703
028300,32550,33300,32200,32450,757995,24824100200,-0.15,3984857468900,-2239136350.0,3137430600.0,20230703
278650,3845,3945,3835,3875,427384,1666444790,0.78,296832525250,263299295.0,-1770960.0,20230703
067630,10140,10340,10100,10200,413982,4240806170,0.49,1038324616200,-81016230.0,831545950.0,20230703
024850,4495,4545,4295,4310,929028,4084992275,-4.22,286646165610,-228818205.0,75500.0,20230703
047920,13170,13350,12990,13030,143629,1887925380,-0.99,385741449060,24456950.0,-3382490.0,20230703
115450,5260,5400,5170,5180,237112,1241853670,-1.52,376349118600,-99979420.0,-5257540.0,20230703
403870,28800,29250,28300,28900,812013,23495544150,1.4,2345495100000,885385500.0,1807052150.0,20230703
036640,5660,5800,5660,5760,85077,489723290,2.13,94203648000,17294570.0,0.0,20230703
405350,0,0,0,2420,0,0,0.0,6582400000,,,20230703
426550,0,0,0,2325,0,0,0.0,11811000000,,,20230703
439730,2375,2400,2350,2385,7293,17430135,0.21,10279350000,-119030.0,-11177615.0,20230703
442770,2245,2260,2235,2260,8731,19676690,0.22,9514600000,-45100.0,3179035.0,20230703
448760,2250,2285,2250,2285,15382,35012165,1.11,10122550000,282595.0,12016275.0,20230703
095340,56700,62700,56700,59800,1102142,66754278400,8.33,1040488365800,5911020100.0,-1989719600.0,20230703
099520,0,0,0,1284,0,0,0.0,49626429228,,,20230703
950170,4025,4025,3980,3985,14445,57732590,-0.62,200400162655,2697700.0,,20230703
067290,2875,2910,2850,2865,95541,274477255,0.53,138743862105,-7325275.0,-22920.0,20230703
035900,130800,131000,126400,130300,397182,51235354400,-0.38,4625323207600,-5460922200.0,5862138300.0,20230703
318000,11350,11560,11250,11490,172447,1970610180,2.32,100425162270,178980950.0,-84040.0,20230703
024840,1815,1873,1815,1866,231397,429544048,2.41,63355426578,149413966.0,-3716382.0,20230703
024120,5600,5730,5600,5710,125282,710905000,2.51,65665000000,86686380.0,-20.0,20230703
455250,2125,2130,2115,2130,24874,52841030,0.0,9169650000,,-41489275.0,20230703
021320,5680,5830,5680,5770,9004,51731150,1.58,123478000000,2230680.0,-17330.0,20230703
036670,8590,8590,8460,8550,82728,704651930,0.47,96358500000,-48119150.0,-75464600.0,20230703
044180,784,818,776,795,422512,335450910,3.52,21240650205,52852030.0,,20230703
151860,12930,13240,12800,13120,340824,4442200200,2.1,472320000000,1370914730.0,-91910.0,20230703
046440,7550,7820,7470,7580,2094018,16000538870,0.4,294297805440,1202959320.0,-5220140.0,20230703
035600,12120,12450,12120,12280,218812,2701441390,1.49,342666449520,657071480.0,161317370.0,20230703
226360,0,0,0,319,0,0,0.0,39434949389,,,20230703
111870,0,0,0,198,0,0,0.0,31672044756,,,20230703
060720,21550,21850,21400,21550,208883,4514932850,0.23,510248875100,-214835650.0,291459250.0,20230703
058400,982,990,978,990,336822,330903113,1.33,131105422800,,,20230703
060370,7930,7980,7850,7910,139538,1103996540,-0.25,205171415120,-134049840.0,26683860.0,20230703
122450,4900,4935,4830,4890,11926,58003035,0.62,221692863960,-3690475.0,-944590.0,20230703
052900,1375,1438,1375,1416,193419,272887933,2.61,78032244072,45815162.0,,20230703
376190,8770,8790,8610,8670,85412,743101920,0.35,213282000000,150527910.0,,20230703
061970,8430,8620,8360,8490,431048,3681306320,1.68,371731186080,-84196500.0,25602610.0,20230703
309960,4730,4770,4675,4715,30120,142361405,0.11,109469281885,32392900.0,0.0,20230703
086960,2315,2395,2315,2360,1771859,4168441030,1.94,196422717400,432385350.0,-51920.0,20230703
038340,0,0,0,1362,0,0,0.0,30964113876,,,20230703
160550,7200,7260,7110,7210,107695,773525370,0.56,201203024260,-180735490.0,11759800.0,20230703
053290,6280,6460,6220,6340,948679,6028945360,1.77,104776786380,299977570.0,49956460.0,20230703
060250,10060,10250,10030,10030,130278,1319288450,0.0,402810928330,-457582800.0,177114610.0,20230703
104200,5340,5450,5340,5400,28585,154429790,0.56,80068770000,11641790.0,10.0,20230703
030190,10130,10410,10130,10210,91309,939917250,-0.1,619898312200,-227902930.0,362231680.0,20230703
024940,6200,6250,6070,6090,41207,253019200,-0.81,60900000000,-67002490.0,,20230703
218410,21900,22500,21800,22000,170161,3751041550,0.46,589301548000,157251100.0,-113043700.0,20230703
327260,12690,12900,12440,12500,45336,571124090,-1.5,104165387500,-19008020.0,137130.0,20230703
091340,3675,3860,3675,3800,20615,77756355,2.43,44474139800,30513905.0,37000.0,20230703
419530,23050,23550,22800,22950,90131,2084072750,0.0,197161843500,190629450.0,-222094900.0,20230703
019550,1058,1076,1051,1054,452014,480394386,-0.38,170818170050,126177288.0,,20230703
950110,4845,5060,4840,5050,10854,54235760,3.27,121465327000,867145.0,2819860.0,20230703
046140,6580,6680,6440,6500,182031,1184320750,-1.81,139513107500,26589790.0,782130.0,20230703
151910,577,610,577,599,539370,317904268,3.81,106103336682,4158404.0,1194.0,20230703
036120,3720,3750,3700,3725,172407,640788455,-0.4,132237500000,-69521890.0,,20230703
099220,1874,1938,1874,1924,263242,505363154,1.8,108074564364,194094498.0,,20230703
036540,5410,5630,5380,5440,2947186,16201733050,0.37,894664048320,3713898300.0,-130176560.0,20230703
255220,1776,1810,1754,1777,896545,1597327077,0.4,79532636353,246231272.0,-431190045.0,20230703
040610,1928,1963,1928,1949,154590,301577366,1.09,66435945004,100544807.0,,20230703
049470,742,816,742,767,2657057,2080984215,3.23,45147344983,5042625.0,934085.0,20230703
184230,891,938,886,906,439272,399978605,2.26,49093624944,30657860.0,-2542240.0,20230703
016250,23750,24500,23700,24250,1921,46492950,2.32,81155365250,6028900.0,350000.0,20230703
048550,2500,2555,2500,2510,283209,714072335,1.21,242630706200,20268775.0,-2863015.0,20230703
063440,1921,1955,1921,1951,161629,314430553,1.56,89802879454,46350115.0,,20230703
289080,2100,2135,2095,2130,120990,256125795,1.43,113388420000,22456155.0,31950.0,20230703
089230,280,288,280,285,841258,239928538,1.42,52913135910,16496265.0,-47984.0,20230703
161570,2460,2605,2460,2530,335323,843880990,2.85,39424559900,7182535.0,-2152970.0,20230703
032540,7020,7230,6940,7010,22800,161163990,-0.14,97660579090,-973560.0,,20230703
022220,1451,1470,1451,1461,60716,88714688,0.76,75671879919,13930018.0,0.0,20230703
048770,3490,3555,3470,3490,52332,183632720,0.0,54785988590,27650040.0,,20230703
246690,1583,1583,1565,1570,51119,80281219,0.19,65120243340,-1116540.0,14130.0,20230703
317240,1721,2190,1720,2025,13585498,26850656216,17.73,191256440625,903083244.0,-66767689.0,20230703
057030,4130,4205,4095,4150,55642,231332270,1.47,67697692550,-17295720.0,,20230703
040300,6910,7010,6820,6900,118968,823183420,0.0,289800000000,32410000.0,,20230703
051390,4060,4185,4060,4145,89593,369686405,2.09,47068000360,23206515.0,54839695.0,20230703
052220,3360,3490,3360,3490,115204,397557790,0.87,80270000000,-22585040.0,0.0,20230703
079940,12420,12490,12310,12460,27622,342167550,0.32,168654622640,-25496350.0,,20230703
078890,6210,6460,6210,6390,76043,485145860,2.57,108448837110,223463790.0,-5252540.0,20230703
399720,31950,33350,31600,32900,688403,22427568700,4.78,377965728000,1746005350.0,15132700.0,20230703
036620,4210,4210,3855,3960,2349199,9306343380,-5.04,357958560960,-622635685.0,230867300.0,20230703
217730,3310,3340,3260,3305,146576,483565275,-0.15,125384842125,-56848915.0,-9195.0,20230703
114190,23300,24700,23050,24550,489541,11813823100,6.74,641320582900,-1123606600.0,-7324500.0,20230703
094480,5730,5990,5730,5820,580833,3390849100,1.57,228317657160,59313190.0,-296820.0,20230703
039240,3465,3480,3415,3430,140763,483488455,0.0,92540041720,25290360.0,,20230703
053950,1577,1630,1577,1620,137391,221107684,3.25,57408581520,47292149.0,,20230703
011040,7060,7060,7030,7060,24371,171663610,0.28,217227487960,-1102150.0,-91760.0,20230703
024910,3710,3780,3680,3715,324865,1209881190,0.54,133067603575,373282115.0,,20230703
198440,2365,2665,2365,2470,1488077,3734996155,3.56,78990501200,40624345.0,421580.0,20230703
049720,10320,10320,10180,10260,56672,580813770,0.1,146718000000,-95231750.0,20500.0,20230703
014570,6650,6710,6630,6690,28669,191659640,1.06,73590000000,19527840.0,-1050.0,20230703
348150,11110,11310,11110,11150,57208,639659860,1.0,210425119200,29037170.0,0.0,20230703
098460,15580,16590,15570,16300,2467119,39675966890,5.84,1119072506500,-3264856570.0,3029618880.0,20230703
035290,1420,1520,1410,1420,1209078,1744420850,0.85,65959800880,70303148.0,-569755.0,20230703
900280,211,214,210,212,1632811,346349943,1.44,43545709056,65839239.0,,20230703
215000,119500,121400,117000,118200,63630,7579703900,2.16,741754053000,-807485800.0,-460872200.0,20230703
121440,4830,4860,4775,4815,99466,478998440,0.52,206259278670,106462815.0,-139307720.0,20230703
366030,8290,8550,8290,8410,175972,1485122490,1.08,190220323500,189091470.0,,20230703
014200,0,0,0,1006,0,0,0.0,91250936176,,,20230703
029480,2985,3210,2985,3170,995409,3104303775,6.55,151192411390,-23637460.0,1540410.0,20230703
026910,4600,4725,4600,4675,19624,90858115,1.63,29945268375,23793305.0,,20230703
397880,2240,2245,2225,2240,24611,54951080,0.22,9945600000,-165390.0,6720000.0,20230703
421800,2150,2170,2150,2160,8827,19054185,0.0,12916800000,-36795.0,-1685530.0,20230703
440790,2175,2215,2175,2200,18319,40338990,0.46,8910000000,-224440.0,10477255.0,20230703
053270,3630,3650,3595,3625,622207,2256665440,1.4,96998939000,261414140.0,102354435.0,20230703
066620,16090,16320,16080,16280,4957,80519350,0.8,122100000000,-22352480.0,7461200.0,20230703
043650,6130,6160,6080,6120,18279,111652130,-0.16,109292820480,4754190.0,1247870.0,20230703
006050,1538,1547,1515,1515,168105,257304106,-1.5,52866293145,-30862378.0,,20230703
060480,2895,2970,2880,2925,47228,138085005,1.04,32438250000,1029355.0,,20230703
078130,0,0,0,800,0,0,0.0,102093978400,,,20230703
307750,5880,6060,5870,5940,142555,853760620,1.71,291471457860,146191990.0,-1726650.0,20230703
035080,17540,17850,17540,17630,49444,872898340,-0.06,273751305920,-4846170.0,989930.0,20230703
204020,3500,3620,3470,3525,118760,418234165,1.0,71019690750,-2000215.0,-15058160.0,20230703
114450,3520,3640,3505,3540,32060,113766825,0.57,53100000000,36941275.0,25.0,20230703
186230,10990,11020,10810,10830,65138,710255760,-0.46,117182636040,136526870.0,-8146640.0,20230703
900070,820,831,807,824,107958,88302198,0.49,44285029632,-1847146.0,-17927820.0,20230703
204620,3910,3950,3820,3900,457113,1772015040,-0.51,214022328000,-263079025.0,320159805.0,20230703
019660,1801,1825,1773,1788,107231,192665381,-1.6,62205853848,-4415691.0,,20230703
053260,7110,7190,7110,7150,136532,975680880,1.13,133848000000,198175740.0,,20230703
282720,14510,14890,14400,14850,67307,989682160,2.41,179974575000,367853440.0,,20230703
036190,30700,31050,30200,31000,4237,129757900,0.98,186000000000,-15274050.0,13733700.0,20230703
049080,1772,1798,1761,1784,3474651,6181294917,0.68,151431891048,353462674.0,-6078045.0,20230703
420770,94800,103600,94500,100300,771067,77095877900,6.7,1271378527400,5677447400.0,-571238800.0,20230703
035460,3605,3640,3550,3615,1499382,5476702115,1.26,52697084100,20158870.0,-1310255.0,20230703
308100,7120,7260,7070,7100,22514,161113700,-0.14,47035604300,34241230.0,,20230703
407400,16750,17960,16750,17000,788364,13734712930,0.59,135516282000,-106574560.0,-23816570.0,20230703
187790,1369,1478,1369,1432,1175278,1689255629,5.68,43702983176,257136442.0,488466.0,20230703
286750,2140,2230,2095,2160,689230,1489970295,0.93,44203425840,20474390.0,8832340.0,20230703
121600,125400,128200,124000,126800,176364,22354527400,2.51,1474677279600,-2866885700.0,1038090800.0,20230703
247660,14740,15240,14730,15160,19838,298995560,2.92,65853827200,73790820.0,,20230703
039860,4505,4615,4490,4525,58472,265662625,1.0,121304512175,26441690.0,-21889175.0,20230703
091970,865,932,857,905,194723,175981834,5.85,33862831165,15285962.0,83128.0,20230703
417010,26450,27000,25900,26000,151422,4000243500,-0.57,498012528000,249013200.0,-363842250.0,20230703
405920,16950,17230,16670,16730,117968,1989021140,0.0,107725105740,113029560.0,,20230703
051490,7940,8110,7920,8070,57966,465676890,1.77,114594000000,196884570.0,-8060.0,20230703
137080,8510,8880,8510,8780,52017,456853620,2.45,97101725160,126754180.0,-1126110.0,20230703
190510,14900,15290,14900,15230,106142,1612546500,2.21,247523808320,255266880.0,115808370.0,20230703
242040,2385,2460,2380,2445,508590,1235066975,3.38,84612315480,131334090.0,-3921780.0,20230703
089600,20600,21250,20600,21000,23205,487432150,1.94,242931423000,148020000.0,30579350.0,20230703
293580,1203,1215,1184,1197,301136,358942400,-0.5,114636690000,-4528433.0,-44325883.0,20230703
138610,14760,14900,14710,14770,14782,218299700,0.07,147071964830,23853470.0,-77550.0,20230703
130580,6660,6770,6660,6740,3510,23633640,0.45,103796000000,-1088970.0,-476160.0,20230703
036800,24900,25150,24850,24900,21407,534257700,-0.99,249000000000,33032800.0,129115550.0,20230703
267320,3260,3585,3255,3405,1849823,6389052320,4.45,137338444725,-75304390.0,199335.0,20230703
111710,7840,7840,7690,7720,5417,41933910,0.52,158939360000,-9327590.0,,20230703
091590,8560,8670,8530,8630,51222,441436310,1.53,101316200000,264255580.0,-8610.0,20230703
168330,2465,2510,2460,2470,9371,23154020,0.2,78434603000,453855.0,-1195945.0,20230703
094860,499,506,498,504,231006,115862641,1.2,52647726600,19117527.0,,20230703
253590,3435,3690,3420,3560,1804666,6491512185,4.55,136898468560,1529071980.0,-239210.0,20230703
212560,8920,9130,8790,8850,124622,1111452700,-0.67,69693422550,212448370.0,47616750.0,20230703
095660,39300,40150,38700,39600,201532,7950321800,0.76,872535272400,-843130800.0,-154474850.0,20230703
042420,23400,23800,23400,23650,9854,232519700,1.07,209464880900,-21637700.0,2974900.0,20230703
950220,2335,2400,2275,2310,441967,1027380320,-0.86,228383844150,-258227215.0,,20230703
311390,9980,10150,9460,9510,791644,7805290620,0.63,76428018450,180503540.0,-3059150.0,20230703
085910,4165,4190,4160,4175,15023,62749790,0.72,57734897650,-4480960.0,0.0,20230703
092730,26000,26500,25050,25400,98245,2500550700,-2.12,208466969400,-223034500.0,385446700.0,20230703
290660,1568,1586,1516,1549,328247,507621081,-0.39,35641839420,-22130565.0,36488137.0,20230703
306620,3390,3480,3385,3435,422463,1452817005,1.78,143286240045,305422900.0,,20230703
153460,8010,8610,8010,8400,41037,343247440,4.87,54852117600,94282400.0,2682050.0,20230703
007390,8350,8520,8140,8180,639034,5298050280,-0.61,520715536080,-329648990.0,357710110.0,20230703
033640,19860,21150,19750,20500,518698,10739966730,4.17,472713641000,1093656960.0,1245761570.0,20230703
330860,28100,28250,26600,26950,117606,3214527550,-3.75,328360012750,-106426250.0,-253064150.0,20230703
089140,7320,7600,7320,7420,126022,939935420,2.06,68740809200,172454180.0,-3745000.0,20230703
137940,534,535,522,535,75103,39776919,1.13,41901730720,-3507516.0,,20230703
396270,14950,16440,14860,16070,1256896,19922803750,8.58,285014948800,2156736880.0,371848440.0,20230703
348210,76500,78900,75800,76700,103806,8045754100,0.66,782100542600,1297922600.0,-769386700.0,20230703
225570,22750,22950,22100,22750,649849,14686044950,0.44,1496117213500,-1937950150.0,187061500.0,20230703
217270,7940,8150,7940,8140,25644,205611050,2.52,378566393920,39715780.0,2244800.0,20230703
104620,7360,7460,7350,7430,29720,220137900,0.95,117706996180,6955960.0,-1376570.0,20230703
194700,7870,8030,7860,7890,46721,371336150,0.38,147975750720,64236170.0,-144848530.0,20230703
285490,38750,39750,37800,38100,180642,6959582000,0.79,402939161100,276956350.0,-1232252950.0,20230703
106520,0,0,0,411,0,0,0.0,15082036272,,,20230703
376930,6570,6690,6480,6570,30642,200831400,0.0,75249692100,4640030.0,,20230703
142280,4500,4580,4480,4505,60803,275038995,0.11,95133359915,40652170.0,,20230703
234690,7200,7400,7200,7380,20288,148406520,2.79,131011796880,32787920.0,,20230703
065560,0,0,0,5770,0,0,0.0,150366921250,,,20230703
054050,8850,9450,8700,9070,720311,6539476960,5.96,145397188270,325168850.0,40.0,20230703
069140,4930,4995,4890,4895,14107,69595835,0.1,34767926985,-7284380.0,1001560.0,20230703
040160,6090,6230,6080,6150,45966,283031900,1.32,74141540250,43935260.0,1973870.0,20230703
332290,2450,2555,2410,2550,713955,1779552980,5.81,84357373650,347599840.0,,20230703
348340,35400,35450,34250,34550,490224,17014638900,-1.29,360918628500,-2785902750.0,-1361689300.0,20230703
060260,1032,1032,968,1024,895561,893411992,-1.16,42557486080,49684439.0,,20230703
012340,1950,1980,1914,1969,401110,776622157,1.18,59281001978,51045382.0,21659.0,20230703
214870,0,0,0,1383,0,0,0.0,45813404598,,,20230703
270870,8350,8440,8350,8420,9409,79070410,-0.12,77465886080,-2258310.0,15914210.0,20230703
144960,6260,6880,6240,6870,634602,4218845590,9.74,300168326880,1332619530.0,-37910540.0,20230703
085670,6350,6480,6350,6380,179174,1146661190,0.63,155995855180,168951370.0,141189360.0,20230703
064260,4035,4135,4030,4090,385813,1580628170,1.74,282001573600,454150770.0,191258605.0,20230703
340360,900,923,891,901,68285,61539141,0.67,38531409160,1353935.0,,20230703
039560,5320,5500,5290,5460,820082,4422908090,2.06,215702656260,182023980.0,39734330.0,20230703
154040,3315,3420,3205,3335,1613744,5372585495,0.15,54947853530,901301350.0,4950080.0,20230703
032190,13490,13870,13410,13640,270166,3709762690,1.04,522412000000,-137362360.0,157548370.0,20230703
068240,13830,14090,13710,13850,177547,2469002920,0.22,474548602450,-96900290.0,279063010.0,20230703
020400,9940,10000,9840,9920,20543,204226450,1.43,31636526720,2913210.0,61665000.0,20230703
008830,6480,6510,6430,6480,11003,71245770,0.0,58239129600,-6597950.0,,20230703
048470,4330,4360,4300,4320,60481,261354425,-0.23,43200000000,38999960.0,15.0,20230703
004780,4410,4525,4390,4480,35802,160432235,2.99,71246331520,20311410.0,-1339500.0,20230703
017650,9150,9170,9070,9110,7701,70342940,0.11,81990000000,12570730.0,-2169300.0,20230703
007720,726,728,716,717,170158,122660117,-0.55,72273922650,15792220.0,-4512.0,20230703
389260,27100,27100,26200,26350,139503,3695785700,-2.23,449267500000,-463572550.0,-9973350.0,20230703
317850,13980,14410,13980,14230,229042,3260387270,1.79,118456496600,1039892280.0,28580.0,20230703
290670,56100,57200,54500,56500,83104,4670548400,1.99,443957790000,-163403100.0,-74476200.0,20230703
078140,8980,9060,8910,8950,115540,1037451130,1.47,99224882050,-5455340.0,2215420.0,20230703
036480,10970,11300,10680,11090,20624,226773840,2.02,42142000000,23478610.0,62400.0,20230703
027830,1894,2030,1894,1930,57854,112851729,1.21,77200000000,11504304.0,13510.0,20230703
104040,1583,1674,1583,1672,463166,763258928,5.62,52335741832,146100320.0,460286.0,20230703
129920,9650,9890,9580,9740,171027,1670160040,1.88,133584616220,211889580.0,,20230703
438220,0,0,0,2440,0,0,0.0,13761600000,,,20230703
442310,0,0,0,2475,0,0,0.0,16607250000,,,20230703
020180,1157,1179,1154,1168,350973,409777963,1.48,44884972720,119618614.0,,20230703
045390,3575,3650,3575,3635,785428,2843979340,1.68,256170725395,786894610.0,-275670.0,20230703
108380,13210,13210,13010,13050,23531,307899630,0.38,124853695650,-20505100.0,,20230703
006580,0,0,0,3260,0,0,0.0,87531000000,,,20230703
007680,6900,6960,6800,6800,10298,71066440,-1.31,91436023200,-4487110.0,3625200.0,20230703
048910,15290,15750,15280,15730,89437,1395088210,3.62,197866820580,59241890.0,96572970.0,20230703
005710,6240,6290,6120,6250,12507,77802540,0.97,125235000000,620050.0,1475310.0,20230703
290380,0,0,0,2300,0,0,0.0,56841307600,,,20230703
290120,5430,5570,5370,5570,151807,832439860,2.2,67696983490,196352100.0,-16664190.0,20230703
120240,18180,18300,17990,17990,41968,760818070,0.62,129355134090,159398510.0,-417670.0,20230703
003310,2180,2220,2180,2200,238962,525846750,1.38,77863170000,127163980.0,,20230703
078600,98100,99500,96800,97800,155218,15216469300,1.35,1514001995400,-306403500.0,-198556700.0,20230703
096350,681,718,664,706,5168918,3595120636,4.13,115615272354,46226589.0,337461031.0,20230703
140520,2970,3025,2960,3015,105109,315632295,1.86,63644367645,70545975.0,0.0,20230703
131220,6890,6980,6850,6900,16010,110901920,0.73,51435981000,24248060.0,,20230703
010170,2330,2395,2320,2360,1324336,3132558670,2.61,175846351760,469446375.0,73579215.0,20230703
054670,9210,9330,9140,9150,47961,441294710,-0.97,131347518000,14504690.0,-18300.0,20230703
023910,27600,27900,27600,27700,7223,200315700,0.0,166200000000,-13138600.0,-40922300.0,20230703
021040,5380,5410,5310,5400,11946,64028160,0.37,40715211600,2279290.0,2102620.0,20230703
021045,9140,9140,8910,9140,73,659260,-0.11,3877608440,-18270.0,,20230703
067080,8920,9070,8600,8600,590233,5205582970,-4.76,160103190000,777017100.0,-26449710.0,20230703
298540,24000,24500,23850,24000,62563,1508928600,0.0,352158624000,-122364450.0,-120911300.0,20230703
393890,74100,76000,71500,73500,323067,23765908700,0.68,2476694073000,-3934395900.0,2962207000.0,20230703
299170,2110,2115,2070,2115,24443,51238155,2.92,63509141745,11424700.0,-579630.0,20230703
224060,5620,5790,5620,5700,13050,74818250,1.79,19554380100,669770.0,,20230703
213420,45800,46650,45450,45500,132963,6137126500,-0.87,1129818644500,848997050.0,616310250.0,20230703
317330,17640,18510,17640,18330,129162,2362921960,3.97,336858255240,567235480.0,-18340.0,20230703
077360,7090,7480,7050,7350,1009618,7409824490,4.4,333961964700,1077000820.0,-173653710.0,20230703
090410,2850,2890,2750,2865,8255853,23329518640,-1.04,132030932175,-656089445.0,249484530.0,20230703
263600,10870,11150,10660,10910,276778,3018711870,3.51,173799682100,448095670.0,-6849930.0,20230703
194480,43250,44300,43150,43700,74580,3252202100,0.34,519141142000,552320400.0,-1161141800.0,20230703
263800,5740,5930,5740,5910,65656,386268380,2.96,95791525800,88823450.0,,20230703
206560,10120,10320,10120,10220,68714,702830270,0.99,259707941920,83971540.0,13072320.0,20230703
261200,10810,11090,10750,11000,110975,1208591380,3.09,162702155000,-125988950.0,363580650.0,20230703
067990,5550,5580,5490,5550,70959,391937640,0.0,178607602500,32665350.0,-77590.0,20230703
006620,5700,5790,5690,5760,26527,152061370,0.7,163958353920,-12426860.0,-601820.0,20230703
100130,4210,4255,4210,4235,83120,351668355,0.12,242000605000,-17811675.0,-6325480.0,20230703
005160,6150,6370,6150,6370,370595,2341600920,3.92,345537350340,85670600.0,-39826050.0,20230703
075970,4110,4215,4110,4180,128870,538165345,1.7,76912000000,311871830.0,,20230703
086450,14250,14470,14160,14270,107821,1543785280,-0.14,634444200000,-676536520.0,373588910.0,20230703
099410,3065,3120,2945,3100,72764,223944145,1.14,41977106200,-26959935.0,,20230703
033500,12410,12410,12120,12220,334337,4073992720,-1.05,365553320340,-249934240.0,-455186600.0,20230703
025950,12110,12530,12110,12480,15314,189983450,2.21,104832000000,61147990.0,927960.0,20230703
088130,8270,8420,8260,8360,5617,46931520,1.33,89142161680,9573520.0,130.0,20230703
041930,9420,9580,9420,9540,60794,579760800,1.49,150732000000,174617740.0,-198780.0,20230703
060380,2705,2860,2660,2670,1107031,3034480540,-0.74,52599000000,-22958620.0,73510.0,20230703
079960,20400,20700,20050,20600,140704,2875588850,1.23,161916000000,-235476500.0,-470050.0,20230703
228340,3375,3410,3350,3385,30337,102449690,0.3,67700000000,-9918685.0,-7390.0,20230703
088910,3050,3100,3035,3050,172834,529900705,0.33,78786880200,62271060.0,,20230703
094170,22650,23450,21550,23450,995766,22602275700,5.63,425911140900,-281399750.0,-483820700.0,20230703
013120,3545,3545,3485,3505,104240,365856500,-0.14,318282390500,-9139030.0,-36147015.0,20230703
109860,15200,15200,15200,15200,24215,368068000,-29.95,138320000000,-1520000.0,30400.0,20230703
032960,13980,14110,13900,14060,87076,1219645970,1.22,53519235340,337566090.0,2907030.0,20230703
023790,2255,2275,2150,2160,54642,120759635,-3.14,34526403360,15663705.0,1393480.0,20230703
005290,42500,42600,41100,41550,1724858,72238763600,-1.31,2136272225700,-14660565450.0,-8815150.0,20230703
025900,40050,42050,40050,41600,52025,2156872800,4.0,840960432000,474115400.0,386820050.0,20230703
131970,41850,42800,41550,42100,204143,8610302050,1.45,621378191700,-903975900.0,305763500.0,20230703
073190,2310,2460,2290,2330,132760,310596905,0.87,27885533200,2897855.0,3277345.0,20230703
030350,611,625,610,613,226528,139677953,1.49,42535440449,29316679.0,,20230703
203650,3505,3575,3485,3530,917355,3227534230,0.71,178638311620,-494141335.0,49345.0,20230703
223250,13470,13760,13330,13440,38132,514853860,-0.22,79663180800,-64986790.0,-1099220.0,20230703
060570,3140,3235,3130,3190,29543,94157960,1.43,181382911930,14105150.0,108615.0,20230703
217620,1443,1565,1330,1530,3780110,5440904639,6.03,79045470180,-246200072.0,11738944.0,20230703
016670,477,520,464,486,7125130,3525204643,3.62,49502999664,-4439629.0,148812.0,20230703
187870,18310,18650,18310,18540,17577,325524300,1.26,130458730860,53654840.0,,20230703
066670,7830,8070,7820,7820,756663,6009936010,0.0,146170798760,102648520.0,10.0,20230703
110990,9700,9950,9340,9420,178460,1714385510,-3.58,178038000000,-289823820.0,-31082000.0,20230703
078590,0,0,0,2380,0,0,0.0,316556560040,,,20230703
263690,11470,11550,11150,11430,17574,199050580,-0.17,129451722300,-41948880.0,-23190.0,20230703
214680,3630,3750,3605,3695,2898003,10687109870,3.07,238510287955,2060299170.0,-12341245.0,20230703
263720,17010,18500,17010,18000,251425,4503692720,10.09,220951998000,448680910.0,-88624230.0,20230703
376300,39050,39600,38600,39000,111389,4333279850,-0.13,925069704000,-657977550.0,137264700.0,20230703
141020,0,0,0,3735,0,0,0.0,43701490755,,,20230703
109740,5040,5170,4960,5140,12308,62314530,2.59,138908037400,17097560.0,150.0,20230703
196490,4810,5020,4720,4875,962645,4706081405,1.67,143280583875,172193535.0,-9091700.0,20230703
066900,3270,3375,3270,3325,64131,213554475,1.68,75625472475,20157120.0,,20230703
127120,3505,3555,3400,3400,72192,250758225,-2.72,58118552800,-2362740.0,,20230703
092070,18450,19630,18210,19200,510263,9782316840,4.8,222179673600,1872177440.0,-37860320.0,20230703
039840,34450,34500,33400,33750,141719,4787066050,-0.59,536009231250,-752978900.0,221208050.0,20230703
219550,1380,1473,1365,1413,3466029,4953290898,5.06,73880746785,-141031261.0,1001877.0,20230703
310870,2070,2105,2035,2095,186295,384927275,1.21,43339832745,-69244520.0,,20230703
104460,21100,21600,19740,19860,288541,5848713730,-5.88,212772592500,-1957656980.0,-606258260.0,20230703
079810,17320,17780,17090,17680,244365,4285131760,5.24,283056693920,37336710.0,-23861630.0,20230703
113810,1330,1396,1324,1355,888154,1210548273,3.04,44211009105,282113178.0,104300.0,20230703
043360,3205,3220,3115,3115,34602,109580975,-2.5,28035000000,-11259235.0,549060.0,20230703
197140,4600,4645,4490,4560,36059,164544400,-0.87,43688694240,307155.0,34590075.0,20230703
068930,6450,6460,6350,6430,66381,424365890,-0.77,181009264630,-63130780.0,92426080.0,20230703
033130,2185,2230,2185,2210,215073,475882430,1.38,82024740070,33162705.0,3665470.0,20230703
105740,11690,11690,11400,11620,166077,1919606160,0.35,107518384260,107479660.0,3589750.0,20230703
263020,3610,3850,3600,3820,471611,1765233345,6.7,59310863280,133205820.0,-37704350.0,20230703
290550,11300,11480,11160,11250,133296,1501028230,0.0,188721427500,512874810.0,-612338800.0,20230703
187220,5400,5550,5370,5410,325413,1773685150,0.93,63286293610,384596330.0,,20230703
383930,5030,5170,5020,5160,59574,304745790,2.18,65503681920,22740780.0,-10200000.0,20230703
131180,1341,1361,1341,1345,62686,84782626,0.3,39475750000,-3474074.0,1707665.0,20230703
315640,11450,11750,11250,11570,252835,2910726110,1.05,107799240380,40736560.0,,20230703
317120,5450,5580,5420,5440,22445,123542760,-0.18,52550400000,-7494610.0,,20230703
042510,2590,2895,2590,2615,8492694,23378743975,3.77,101113540790,-822942030.0,-559505.0,20230703
232680,10450,10750,10420,10600,68362,719686400,1.83,132544880400,80897860.0,111340.0,20230703
418420,9190,9770,9190,9640,739423,7093215680,5.01,284346819120,1589726840.0,284594380.0,20230703
300120,7320,7560,7210,7320,1276424,9438099960,2.81,152285367840,181444740.0,548205180.0,20230703
171120,13100,14400,11850,11890,1540211,20202013550,-0.5,213435963200,-54634080.0,-558610.0,20230703
388790,3295,3370,3240,3300,538928,1781616705,-0.45,94095969000,505037365.0,,20230703
069540,3255,3365,3155,3155,292637,948360905,-5.4,83704207060,17885805.0,-1299545.0,20230703
347700,4810,4900,4750,4770,24147,115868035,-1.04,48787321500,-15341305.0,5732660.0,20230703
214260,21950,21950,20900,21050,26822,568896750,-3.66,182228081800,-82375800.0,-8219400.0,20230703
200350,20500,20800,19680,19720,108512,2170473450,-1.89,127274930880,-424642130.0,71171310.0,20230703
171010,6270,6480,6270,6410,67030,428660700,1.75,88689125370,173015740.0,,20230703
084650,7130,7240,6820,7100,1032671,7230681660,-0.7,263551964500,-262016340.0,-104855900.0,20230703
217500,4015,4110,4015,4050,225549,917555975,1.63,128838600000,157223865.0,,20230703
141080,36500,36950,35850,36100,175697,6378202150,-0.96,956287700400,-903007950.0,811725100.0,20230703
038390,16190,16300,16100,16280,4510,73047370,0.56,139836734400,-12931260.0,5872890.0,20230703
294140,6140,6420,6140,6400,502650,3183641150,5.09,236800000000,25156530.0,-187060.0,20230703
228670,37000,37100,34700,35250,307391,10888263600,-2.49,536558721000,-495343950.0,-1037957700.0,20230703
228850,11200,11340,11070,11190,14726,165015800,0.45,185653446660,-34111010.0,-24148100.0,20230703
412350,12880,13870,12880,13490,1715619,23203715900,4.74,113973758910,2973010430.0,-81950600.0,20230703
281740,19290,21200,19290,20600,4106189,84190893260,6.46,1354049288800,332942760.0,1246487140.0,20230703
277810,92200,95400,92200,94600,191716,18044516900,3.16,1821139491600,2733430000.0,662754600.0,20230703
215100,5040,5180,5030,5120,97079,496068630,1.79,104184084480,140844370.0,5190.0,20230703
090360,29900,30250,29600,29950,66134,1984266200,1.53,292012500000,182313550.0,30150.0,20230703
108490,28600,29350,28450,28900,152799,4428974250,1.94,354703080700,749764350.0,-19905250.0,20230703
900260,929,951,917,931,158574,147443298,0.54,33545129128,-9619850.0,,20230703
067730,4140,4195,4110,4165,28435,118030155,1.59,40291885130,19995605.0,,20230703
071280,6990,7130,6950,7040,87409,616465710,2.47,107688085120,174168730.0,2178100.0,20230703
328130,143900,153400,143600,148800,1016415,150841233300,1.71,1836289315200,-5649146900.0,-3836446300.0,20230703
038060,1524,1562,1511,1524,147183,225975354,0.0,73309077156,-21859356.0,890957.0,20230703
085370,36350,36450,36350,36400,340554,12388283800,0.0,963369279600,-5159149550.0,7571867600.0,20230703
08537M,51900,52200,51900,52000,1884,97912300,0.0,8407360000,-156000.0,0.0,20230703
060240,2225,2380,2225,2290,468407,1085846040,2.92,58233060360,234267435.0,,20230703
058470,149800,157600,149000,153400,210760,32521104500,4.35,2338179558000,-753580500.0,8410596800.0,20230703
039980,917,939,917,937,174074,161968499,2.29,43284601623,35768631.0,,20230703
019570,700,744,700,730,638433,457234143,4.29,38303129200,120511583.0,268596.0,20230703
016100,2860,2870,2815,2835,9119,25896210,-0.87,54151034490,1593565.0,,20230703
012700,6500,6500,6370,6400,84192,540401390,-0.62,169255264000,-8471250.0,-91530.0,20230703
302550,13780,14170,13760,14050,30273,423666160,0.93,86093004800,18961490.0,,20230703
073570,21050,21550,20550,21550,386738,8219607700,2.86,622086543750,268483450.0,843633950.0,20230703
377450,8380,8380,8150,8170,37409,308081810,-2.04,141586100000,-31177020.0,5817000.0,20230703
277070,6300,6920,6000,6040,189693,1203521060,-1.95,82699680000,-214918630.0,846880.0,20230703
042500,4490,4590,4490,4590,37693,171215415,2.46,70488070020,35782005.0,10.0,20230703
219420,6620,6880,6600,6660,84481,567547850,0.91,76386916620,49796340.0,,20230703
439090,40050,40200,38700,38800,432936,17028077000,-0.64,635476488000,-33884300.0,45655800.0,20230703
195500,4270,4320,4215,4250,240110,1023386700,-0.47,67694000000,149104775.0,-678865.0,20230703
377480,23500,24800,23300,23900,276002,6615508150,2.8,146549613700,-16695750.0,23900.0,20230703
305090,7710,8150,7410,7950,260327,2027754350,5.3,124311478800,108631600.0,41872260.0,20230703
098120,8210,9010,8210,8720,353469,3090147440,6.21,72487319520,497022280.0,1804880.0,20230703
424980,18460,19370,18400,19360,178380,3392955190,5.85,114589710400,880227400.0,96874240.0,20230703
038290,24800,25150,24300,24850,144638,3579641650,0.2,269408790000,213612250.0,-49403450.0,20230703
267980,44300,45250,44100,44350,7210,321837600,0.0,347865345300,-30480900.0,94443500.0,20230703
005990,8650,8730,8550,8650,6002,51934730,0.0,118663329600,-6173490.0,-439480.0,20230703
093520,14250,16390,14130,14810,1300889,20032877710,4.96,239375392520,-520931230.0,-144658450.0,20230703
377030,10430,10660,10390,10450,92500,970608580,0.19,204515716900,6784960.0,6215510.0,20230703
100590,5900,6090,5900,6040,133078,800958870,2.55,91354371840,250154380.0,-2283120.0,20230703
067280,33750,34050,33050,33500,14198,475050950,-0.89,198547096500,-87078200.0,-116130250.0,20230703
072870,10710,11070,10710,11070,15426,169104110,3.36,131965016130,28042940.0,,20230703
215200,52100,55900,52000,54500,78565,4291849600,5.21,646472460000,597217100.0,-92477600.0,20230703
133750,2195,2275,2195,2250,161924,362354005,1.58,52665923250,87705505.0,,20230703
235980,19200,19690,19010,19130,104857,2023959860,-0.36,403273695350,-198267230.0,240438330.0,20230703
041920,5750,5830,5530,5690,154193,876517560,-0.35,91040000000,47322200.0,50787280.0,20230703
014100,3095,3105,3085,3085,27937,86415040,-0.32,36403000000,-1798805.0,,20230703
054180,1479,1494,1431,1465,282961,414184437,3.53,43535728765,-44233479.0,,20230703
086900,239500,240000,230000,235500,87193,20422105500,0.0,1718789214000,2728805500.0,-1770820000.0,20230703
078160,14350,14400,14240,14310,34389,491461120,-0.28,232740616140,9423500.0,-57240.0,20230703
065650,1718,1795,1702,1793,910256,1601438565,6.09,84349101287,381750384.0,-1951103.0,20230703
408920,3205,3275,3150,3260,123409,397764355,4.32,139047003300,123113265.0,,20230703
021880,405,417,394,402,3289828,1336317570,-0.25,61178132016,222849227.0,-661425.0,20230703
140410,36800,40300,36750,39950,712441,27880023600,8.56,1068343619100,4774448900.0,651221500.0,20230703
241770,12060,12280,12060,12210,13563,165515410,0.08,124452134400,38234990.0,,20230703
059210,4970,5210,4875,5060,2541200,12935049890,6.08,120743496060,92012525.0,571533150.0,20230703
058110,3685,3795,3680,3750,64235,241656825,1.76,60189487500,64505360.0,-5.0,20230703
096640,0,0,0,1495,0,0,0.0,69543906185,,,20230703
257370,0,0,0,9210,0,0,0.0,92999789370,,,20230703
434480,9190,9520,9190,9280,180089,1680942080,1.64,109400528000,434090660.0,-234829980.0,20230703
080420,3155,3225,3155,3215,59835,190618260,1.42,256305014730,-3320620.0,,20230703
417970,19150,19940,19150,19880,23751,468151320,3.54,127166396000,99451540.0,-22350830.0,20230703
080160,16910,17110,16770,16790,108769,1832983060,-0.94,317331000000,-243006230.0,-560931360.0,20230703
087260,3060,3095,3060,3075,117649,362192375,0.65,100100047575,42809705.0,,20230703
101330,3845,3905,3845,3870,144485,558886860,0.78,89579002230,-32756240.0,-61785.0,20230703
012860,2520,2530,2470,2520,1184037,2966884400,1.61,184548311640,314684315.0,1641220.0,20230703
363260,981,1007,968,1000,1214915,1197523400,1.94,160018847000,105204022.0,-23064085.0,20230703
348030,9730,9970,9670,9710,18737,184498730,-0.31,93252898000,14380630.0,-194200.0,20230703
250060,2335,2385,2325,2355,154382,363624200,0.21,75763444470,71951395.0,,20230703
288980,2835,2905,2835,2885,315125,908118765,1.58,96532884720,137037035.0,,20230703
033200,4960,5130,4960,5030,4836,24202345,1.51,72085860550,2380570.0,5030.0,20230703
333050,1647,1647,1614,1625,93887,152292449,2.2,38271242750,35942542.0,-26070924.0,20230703
118990,19020,19700,19020,19270,450692,8718517210,2.17,472028285000,488748810.0,-4934220.0,20230703
006920,5110,5180,4960,5080,627588,3185243145,-2.87,55473600000,60474350.0,,20230703
001810,2285,2305,2275,2300,22895,52482480,0.66,50916250000,11777230.0,,20230703
279600,11950,12000,11720,11960,6550,77474640,0.25,56029980760,-20469620.0,,20230703
095500,22550,24350,22550,24300,1408949,33281096800,9.71,753542975700,4381788550.0,799659350.0,20230703
254490,25500,26700,25500,26500,258478,6787067300,4.95,382607000000,1321001350.0,-927400.0,20230703
218150,6450,6670,6430,6670,550317,3620597150,2.3,134495274030,603029440.0,-133430.0,20230703
442900,9550,9600,9520,9570,14085,134553150,0.21,73497600000,11257040.0,-61076170.0,20230703
100790,5330,5440,5330,5390,93080,501774850,1.13,291962016500,58055110.0,-26220.0,20230703
412930,2190,2190,2155,2185,14166,30772220,0.69,13494560000,72825.0,17441510.0,20230703
446190,2175,2200,2175,2185,16906,36994355,-0.46,10815750000,-87750.0,17899315.0,20230703
448830,2150,2175,2150,2175,27751,59977115,0.46,10701000000,-298425.0,29778865.0,20230703
049950,37450,40300,37400,38550,803045,31423913200,4.19,339929428200,1464170500.0,13202900.0,20230703
207760,2365,2420,2350,2410,757961,1814958515,2.99,180206236520,39481640.0,196060.0,20230703
059090,10500,11100,10400,10890,1396295,15062148240,5.73,363908712420,752586360.0,988221740.0,20230703
214610,4050,4375,4045,4150,76503,318544065,1.84,75978619150,9226570.0,,20230703
201490,3280,3365,3260,3360,100557,334051215,2.44,105026107200,13604915.0,1192800.0,20230703
950190,10410,10560,10390,10490,12675,132856080,0.77,142453067080,-8560490.0,5904250.0,20230703
206640,12910,13160,12600,12740,186258,2388037960,-1.16,299218774400,213504300.0,224997860.0,20230703
018700,2465,2540,2465,2470,110979,276148045,0.41,86745799790,-10239005.0,-39740.0,20230703
035620,864,950,854,877,489795,439332556,2.69,65283594975,-48742560.0,0.0,20230703
053030,10440,10480,10270,10300,93987,973760800,-0.58,327138794400,-167059420.0,-3611330.0,20230703
301300,8880,9170,8880,9030,35211,317784340,1.69,110787372360,34923260.0,1291290.0,20230703
064550,49000,50600,49000,50000,373091,18635724750,2.77,1290514550000,3401535350.0,819222350.0,20230703
314930,39050,39350,38350,39000,12337,478036600,-0.64,240969105000,-139302150.0,-127100.0,20230703
208710,1750,1750,1456,1465,20703799,33335663266,-4.56,61902779505,-110038146.0,-1296066.0,20230703
086820,11740,11850,11590,11750,5635,66156420,0.17,95685255500,3437070.0,-23500.0,20230703
038460,3385,3385,3300,3340,31815,105928400,1.83,67613660740,-9508635.0,1739105.0,20230703
251120,16680,16680,15250,15500,184228,2884488150,-7.07,134783350000,-524946660.0,-345666220.0,20230703
199730,18450,19120,18450,18760,29326,554136270,1.08,89989224920,91239980.0,4746920.0,20230703
086040,7070,7230,7010,7090,83924,597818850,0.71,113143971230,136150130.0,-31700840.0,20230703
099430,7210,7250,7010,7080,537833,3823742290,-1.39,410150517120,-193216210.0,-30318210.0,20230703
032980,1785,1891,1729,1741,1202785,2177846448,-2.3,64780123852,178205631.0,192909.0,20230703
222160,6890,7250,6770,7100,270171,1904798470,4.87,58542098600,475548980.0,-71412370.0,20230703
308080,6850,7000,6800,6830,41008,283004840,-0.87,130341397800,-36720.0,,20230703
043150,32950,33650,32900,33250,35922,1194315250,1.06,493904012000,-64483750.0,-329184300.0,20230703
323990,35400,36100,34950,35250,105336,3743280250,0.0,536610750000,-414061200.0,290431900.0,20230703
267790,8600,8650,8120,8160,66213,547927520,-5.12,64370160000,-164196890.0,25590820.0,20230703
046310,3375,3450,3375,3425,137724,472350805,1.93,56233845425,110877215.0,7020205.0,20230703
331520,1246,1249,1230,1240,217747,269422203,-0.88,61732246800,-44496762.0,,20230703
066410,0,0,0,1153,0,0,0.0,96978744678,,,20230703
382900,28500,28850,27800,28100,44708,1267925300,-1.23,246184100000,-18820300.0,-5897000.0,20230703
206400,3810,3895,3690,3720,194078,727384215,-3.13,111383376960,-52237790.0,,20230703
019010,2180,2180,2145,2155,21499,46366480,0.0,103871000000,-6506085.0,0.0,20230703
177350,5250,5910,5240,5900,3394826,19423080580,13.46,77646324600,2994451910.0,-297149350.0,20230703
299910,0,0,0,3165,0,0,0.0,25974889140,,,20230703
424760,2345,2370,2310,2325,30433,70695715,0.22,40571254650,-7463275.0,-770295.0,20230703
225530,6420,6550,6420,6510,42474,276155290,0.93,236565112770,104230760.0,-32916430.0,20230703
250000,16860,18720,16840,18200,884941,16012772740,6.25,122863340600,2747642940.0,4884880.0,20230703
310210,49700,49750,46000,47150,136004,6414351750,-5.13,596347023350,-811121850.0,-1106185700.0,20230703
006910,3755,3800,3745,3755,203904,769588770,0.4,184482489120,98594210.0,-14980.0,20230703
226340,1782,1795,1766,1781,80884,143765315,-0.06,54675980476,-23756055.0,,20230703
014470,2450,2520,2450,2515,89303,222443665,2.86,151031433900,-1119150.0,-54050.0,20230703
008470,5100,5100,5050,5060,11364,57589690,-0.78,42528288000,-441800.0,0.0,20230703
338220,28550,29150,27450,28400,763506,21653950200,0.0,324386390400,-682337000.0,-1022059650.0,20230703
100120,36600,36650,35600,35950,18866,676728500,-1.24,359567046750,-178520650.0,-82915750.0,20230703
337930,5440,5570,5230,5320,434771,2311596680,-1.12,155698253480,229952990.0,-738635130.0,20230703
099390,8580,8860,8500,8630,44061,379057000,-1.03,70837482290,27062310.0,12937680.0,20230703
064480,8210,8390,8210,8320,97013,806226450,1.46,99444800000,44449950.0,,20230703
288330,5500,5500,4930,4940,269338,1361444460,-6.79,98807039500,-254215260.0,-76263905.0,20230703
365900,5700,5830,5650,5750,21235,121571070,1.59,42034225000,17434620.0,,20230703
251630,13680,13810,12870,13240,279876,3678695680,-2.5,200752559200,-103400830.0,50562380.0,20230703
018290,9900,10210,9590,9800,1208394,11885140890,-0.31,341027064000,-2208098920.0,440189160.0,20230703
044480,1269,1360,1269,1331,311787,414539097,4.89,43331828364,71150468.0,171189.0,20230703
033560,3675,3770,3675,3715,25521,94653820,0.68,63526500000,11813300.0,50910.0,20230703
369370,1769,1769,1685,1695,22605,38691452,-1.85,72025536690,-1342176.0,,20230703
126340,69500,70500,68300,69600,49965,3461984600,1.02,403916431200,-156886600.0,135770000.0,20230703
121800,0,0,0,3320,0,0,0.0,193532554160,,,20230703
148140,0,0,0,640,0,0,0.0,27653546880,,,20230703
082800,712,866,712,720,3164698,2454192564,1.12,173562175440,-301885727.0,0.0,20230703
318410,10450,10540,10400,10540,9483,99095260,0.86,58552261220,16075030.0,-9119310.0,20230703
419540,2870,2945,2855,2890,1497040,4339300915,0.0,66448356790,338948190.0,-4704000.0,20230703
146320,22200,22700,21850,22350,157038,3511890500,0.68,285192772050,-122980550.0,263690250.0,20230703
200780,6720,6790,6650,6720,6337,42597180,0.0,59756820480,-2924560.0,,20230703
141000,9320,9460,9220,9440,55270,516944510,1.51,114362862400,104050160.0,38672470.0,20230703
083650,8000,8150,7910,7950,137190,1100773960,0.38,206700000000,-129258870.0,4039340.0,20230703
445360,2080,2095,2065,2090,47214,97994285,-0.24,9007900000,-1199045.0,-67270785.0,20230703
142760,3430,3490,3415,3440,69626,240653065,0.58,108183173680,36307700.0,10389220.0,20230703
065170,697,705,675,676,645002,443841336,-3.29,60144097884,-6852632.0,-119934.0,20230703
086670,15830,16040,15670,16000,69606,1105207830,1.07,146002784000,-40852570.0,3909460.0,20230703
335890,7070,7140,6790,6800,1539721,10630276330,-3.27,396665433600,-349616180.0,-1212133730.0,20230703
138580,11110,12870,11110,11170,279923,3346800180,0.09,251952340710,-463197560.0,22450.0,20230703
082920,23550,24200,23050,23950,1083023,25724384000,5.97,519342697250,391624350.0,2873625650.0,20230703
054220,667,672,661,662,281281,186727226,0.3,32544316538,40330099.0,0.0,20230703
042370,8590,8860,8590,8860,317504,2788575850,2.9,232132221500,392803730.0,-2074660.0,20230703
050090,1445,1515,1445,1510,124532,185750220,5.08,29874949850,29212332.0,38673.0,20230703
307870,2320,2325,2255,2285,39018,89163900,-1.51,71249042000,-16580635.0,,20230703
357880,7960,8170,7960,8060,41681,337458630,1.38,84178285360,113896960.0,,20230703
032850,6730,6830,6710,6720,70747,477024200,0.3,111708528960,-85377210.0,-33590.0,20230703
148780,1125,1143,1120,1132,141453,159487670,1.71,35596560700,21951377.0,,20230703
238200,7000,7400,7000,7240,26959,195977950,3.43,59223200000,30996240.0,2142940.0,20230703
093190,6100,6400,6090,6390,75075,475276390,3.73,122936602950,-7987120.0,251429010.0,20230703
065450,4935,4940,4895,4910,248922,1223624580,-0.3,140685248000,104195245.0,-14705.0,20230703
072950,5080,5170,5080,5140,27350,140338970,1.18,41390415400,-1900670.0,3144040.0,20230703
143240,19390,20600,19390,19950,26238,523207880,2.89,232901546850,-57555620.0,27954610.0,20230703
419120,11560,11730,11560,11600,19392,225642660,0.43,89921181600,6652910.0,-5842620.0,20230703
122350,3055,3090,3055,3065,150348,460939425,0.16,117510346820,17837410.0,-355540.0,20230703
419050,16750,17340,16750,17330,79153,1356126960,3.71,247802709800,368358300.0,0.0,20230703
014970,4545,4610,4545,4610,6885,31539705,0.44,69726250000,-646435.0,962135.0,20230703
018310,15580,15630,15220,15250,21401,329163460,-1.55,224175000000,-31826320.0,-787800.0,20230703
053700,7300,7630,7290,7530,5410402,40279151470,2.17,164553142710,1552820940.0,1462090.0,20230703
009620,1122,1180,1122,1155,305316,351370724,3.03,52270172955,60480286.0,,20230703
023600,9500,9520,8900,9380,57524,539099500,-1.37,151674600000,16243190.0,-7590710.0,20230703
380320,2895,2995,2895,2920,13518,39448840,-0.51,14045200000,7056095.0,,20230703
377630,3990,4020,3945,3945,42263,168174285,-1.38,15858900000,-10582905.0,-103610.0,20230703
425290,2980,3040,2980,2990,43272,129670325,-0.83,16504800000,6666165.0,-3503430.0,20230703
439250,9990,9990,9960,9980,11998,119666860,0.2,34949960000,-478620.0,9979240.0,20230703
448740,9750,9810,9740,9790,8509,83143210,0.2,45660560000,3493720.0,-44707360.0,20230703
009300,18240,18250,18000,18010,10178,184622480,0.33,114723700000,-64957620.0,63774570.0,20230703
225190,10160,10160,10100,10110,7465,75594330,-0.39,102613345680,-12231060.0,10190.0,20230703
361670,6880,7170,6880,7050,13087,91724330,2.47,39956988900,-383740.0,,20230703
054540,4140,4175,4110,4110,67300,277514315,-0.24,53430000000,10440750.0,0.0,20230703
065570,5950,6040,5720,5920,160902,948829330,-0.5,67039062720,-254822150.0,-114103220.0,20230703
032280,2185,2225,2170,2195,119568,262725840,0.46,35588830050,-16414800.0,,20230703
002290,3540,3570,3510,3515,38435,135607545,-0.14,43586000000,-911990.0,,20230703
037460,8620,8780,8550,8700,16554,143854930,0.93,141971141400,18220890.0,-1312730.0,20230703
032750,6540,7380,6480,6700,3396230,23818757740,4.36,54027902200,-523520480.0,1903050.0,20230703
054090,2620,2680,2585,2640,165984,440247650,2.13,65892372480,122540520.0,2078550.0,20230703
000250,53200,54100,51100,52900,946825,50450968100,-3.64,1220233402600,6202008500.0,1304051000.0,20230703
024950,6340,6370,6290,6310,17697,111961910,-0.47,83756270870,-4636680.0,50.0,20230703
038500,3450,3500,3400,3440,175419,607659650,0.58,371232092640,-71343015.0,109952315.0,20230703
017480,5690,5740,5630,5710,25218,143386440,0.88,89663501900,-9855730.0,30.0,20230703
046390,2385,2455,2375,2410,211594,511033455,0.84,104046768530,-29098790.0,421750.0,20230703
027580,2175,2270,2175,2220,8180916,18210258060,2.07,131382439380,3571063565.0,50075005.0,20230703
038540,4800,4950,4790,4850,95354,465412460,0.73,268342318050,-92034700.0,191822170.0,20230703
101000,1990,1990,1890,1909,40739,77770988,0.95,35849966232,-15706108.0,-1962.0,20230703
415580,2205,2210,2185,2195,19569,42977075,-0.23,11655450000,-191370.0,3636940.0,20230703
091580,19000,19650,18980,19600,225722,4383748150,4.26,267113092400,282333110.0,190855370.0,20230703
263810,5630,5800,5620,5760,181880,1045541120,2.31,82049575680,270672650.0,,20230703
089980,28450,28850,28350,28500,71386,2039247400,0.35,455687554500,328627700.0,-39234350.0,20230703
042940,534,540,512,528,600205,316032703,1.73,55679943792,33740827.0,-79808288.0,20230703
042600,40650,42800,40300,41800,79142,3299443950,3.98,519305393200,-150586300.0,101239350.0,20230703
107600,85200,86700,84500,86700,31842,2727244000,3.34,421495951500,559810500.0,81942600.0,20230703
411080,10630,11330,10630,11300,87496,972336510,5.61,170576189400,550055570.0,,20230703
252990,6350,6960,6350,6800,2789590,18708393630,8.28,341046152800,665891660.0,192136720.0,20230703
378800,4540,4640,4505,4535,142026,648323190,0.0,104627125585,117590395.0,,20230703
294630,3290,3380,3290,3325,120597,402831875,1.06,73412538675,1608995.0,-21030.0,20230703
038070,11360,11590,11360,11470,22863,262981380,0.26,99796753720,70190930.0,11610.0,20230703
006730,7430,7520,7410,7430,179221,1334454940,-0.27,457414880630,49210590.0,267447820.0,20230703
079650,1929,1993,1929,1947,35880,69911593,0.93,38940000000,392323.0,2545315.0,20230703
100660,5960,5960,5870,5900,58171,344200790,0.0,74340000000,63307650.0,20.0,20230703
019770,4675,4730,4640,4655,105263,493467080,-0.21,54230750000,91726640.0,-15.0,20230703
043710,891,1048,881,990,3404751,3398500275,11.11,49696891200,117413503.0,1480576.0,20230703
092190,5500,5720,5410,5550,94679,532391100,0.91,212141274150,88034230.0,90300.0,20230703
046890,12800,13090,12800,12880,542482,7031323030,0.63,750973552000,544593790.0,250273670.0,20230703
063170,14610,14650,14200,14300,156849,2249504440,-0.9,254172018100,-108585830.0,62826760.0,20230703
027040,561,570,557,567,50420,28401170,0.53,39456876249,-2307176.0,3536913.0,20230703
018680,4560,4565,4480,4490,42459,192522655,-0.77,52350342310,653355.0,-73645620.0,20230703
093920,6270,6300,6200,6260,45011,282035650,1.13,116436000000,7254380.0,5090.0,20230703
189860,5900,6020,5890,5900,32410,192083010,0.51,57222802000,12071020.0,,20230703
178320,19700,19700,19110,19270,392982,7620785510,-1.53,724178971340,-1477391500.0,927414790.0,20230703
122690,3850,4020,3850,3940,253490,995519345,3.41,83638836140,93952260.0,-5981565.0,20230703
140070,4335,4455,4305,4400,255079,1120807470,2.33,162747200000,334850475.0,-14205.0,20230703
011370,1091,1115,1086,1090,298481,327711631,0.46,109975402850,107488124.0,-33790.0,20230703
065710,18450,18590,18370,18430,1783,32838820,-0.11,94914500000,4164600.0,0.0,20230703
035890,1470,1525,1470,1515,1818248,2727822316,3.48,348159812355,802093937.0,250780966.0,20230703
357550,55500,58400,55500,56700,244199,13948908500,2.35,309298500000,-3287731500.0,100.0,20230703
003100,21800,22450,21500,21900,74049,1635034650,1.39,144540000000,-37906250.0,46101950.0,20230703
067370,10600,10890,10350,10350,39851,418584770,-3.27,127445294250,-11064400.0,90.0,20230703
171090,29750,30450,29700,29800,98191,2954050550,2.05,279427626800,213741450.0,-15453700.0,20230703
086710,10680,10680,9890,10110,150595,1528039110,-2.79,123375160800,-196742980.0,-7270550.0,20230703
014620,15000,15080,14580,14730,442680,6512527270,-1.73,421278000000,-1330668850.0,-1194779750.0,20230703
037350,4380,4820,4380,4640,2047309,9563770440,5.57,71780800000,346875150.0,1958040.0,20230703
081580,2765,2810,2755,2780,47301,131395780,0.91,43112637540,33183590.0,1067885.0,20230703
045300,4790,4790,4660,4700,104051,491654015,0.97,46810044800,30161915.0,,20230703
015750,9930,10200,9910,10070,3458519,34682377590,1.41,805600000000,2996466080.0,1172458690.0,20230703
365340,135700,138000,135700,136500,81940,11239362000,1.11,1638432978000,723710800.0,114198500.0,20230703
080470,6480,6570,6440,6490,23027,149488050,1.09,47377000000,2188090.0,2560.0,20230703
043260,1667,1704,1664,1704,472817,801304966,2.4,91002774336,229692177.0,,20230703
148150,19430,19600,18620,18750,92579,1767537550,-3.6,220955268750,-272097550.0,-62155530.0,20230703
053060,2175,2245,2165,2235,477002,1053086365,3.23,39242606055,-17644965.0,88759255.0,20230703
340440,2390,2460,2375,2455,106162,258852950,3.59,69668883620,72961605.0,,20230703
017510,3445,3570,3445,3525,143646,507377735,3.07,53742150000,52737185.0,-9360.0,20230703
011560,9160,9880,9160,9760,199701,1917409390,6.55,102772800000,251880460.0,98370.0,20230703
396300,5650,5790,5620,5720,178561,1023531440,1.42,151519940000,6152710.0,531300.0,20230703
100700,2780,2825,2775,2790,34507,96746430,0.36,122202000000,-30885655.0,0.0,20230703
024830,8460,8630,8220,8390,27919,231132650,-0.83,70056500000,-65783320.0,,20230703
258830,1854,1990,1854,1930,1098558,2137689697,4.27,106855882060,529665218.0,-71421.0,20230703
036630,600,602,592,594,243764,145441175,-0.5,160380000000,13368931.0,,20230703
039310,2540,2550,2435,2525,78107,193928965,0.0,45757209175,-3655675.0,,20230703
067770,3520,3565,3485,3525,20866,73213765,0.14,29597990325,-5285790.0,,20230703
053450,8940,9020,8710,8950,288494,2561854450,0.45,132395586850,-340269180.0,-42470.0,20230703
222810,3000,3055,2855,2900,1426327,4206254555,-4.92,192403495700,-3778015.0,,20230703
252500,1101,1103,1090,1103,117955,129343218,1.19,45759488170,9380568.0,,20230703
347000,3505,3835,3490,3780,2803642,10426290650,8.15,124758809280,909747230.0,316227240.0,20230703
331920,4935,4985,4850,4850,63535,310353195,-1.62,39596117800,-8788765.0,,20230703
049180,4555,5300,4550,4625,23171235,113821455595,5.59,197971853125,348388770.0,-1891232450.0,20230703
299660,6760,6890,6670,6710,22759,153750580,-0.74,65296298320,15250100.0,-6710.0,20230703
268600,0,0,0,6680,0,0,0.0,244941204600,,,20230703
108860,17220,17840,17220,17400,485979,8544641320,1.1,391678524000,172164180.0,6657780.0,20230703
208370,6980,7170,6980,7090,684335,4847070930,2.01,153715198760,884243800.0,-42540.0,20230703
318160,5980,6090,5940,5980,74516,445943210,0.5,53412696220,147276800.0,-14775970.0,20230703
068760,76900,76900,73900,75100,230742,17269370500,-1.57,2974648516800,1152439800.0,-4513334700.0,20230703
091990,65700,66000,63500,64500,1171571,75302008800,-1.53,10607664195000,6125469400.0,-18590591200.0,20230703
068940,0,0,0,778,0,0,0.0,29766744466,,,20230703
060230,4840,5060,4840,5020,760278,3793624160,3.72,170282496320,707209315.0,,20230703
290690,0,0,0,27500,0,0,0.0,227063182500,,,20230703
950200,6980,7000,6720,6730,112898,767515040,-1.75,129391336690,-48475470.0,-6930.0,20230703
032680,945,1039,940,948,14359252,14107588207,1.28,91997481636,-1208505691.0,,20230703
032685,11870,12160,11730,11750,8821,104686040,-2.49,4196418500,-106740.0,,20230703
258790,1628,1675,1628,1657,177772,294138651,0.85,41410557588,64391931.0,-95973575.0,20230703
066910,1912,1955,1900,1938,97245,189177568,1.57,52677155910,4430347.0,,20230703
043100,496,583,493,519,4426011,2355929031,5.49,34450808952,-6065814.0,1929793.0,20230703
035610,4945,5010,4880,4950,147512,726752995,0.1,135362685150,54462055.0,10410.0,20230703
357780,254000,261500,251000,258500,41535,10662300500,2.99,2010759311000,589798500.0,821713000.0,20230703
036830,28150,28500,27750,28200,56024,1579171550,1.26,591186379200,20563400.0,138249700.0,20230703
304100,22250,22950,22150,22550,93325,2103638850,1.35,252799458450,-92195550.0,-1193550.0,20230703
328380,1577,1636,1576,1619,1738570,2804945244,1.63,55471437582,287540168.0,,20230703
086980,3875,3895,3800,3850,668958,2564007200,-1.41,241156300000,-237703175.0,87423030.0,20230703
050960,10300,10650,10300,10570,6623,69549080,2.62,71358070000,5366030.0,885610.0,20230703
084180,1058,1070,1018,1022,698672,720313816,-1.73,81312586796,-161074215.0,-2222198.0,20230703
253840,7230,7530,7230,7410,39429,292970460,2.49,120953348490,52613720.0,-59160.0,20230703
298830,9440,9590,9240,9350,443791,4179357180,-1.06,483020074350,-187521870.0,,20230703
236200,23100,23200,22900,23200,34543,798251150,0.65,166883933600,140735650.0,-38051250.0,20230703
094840,7600,7800,7590,7790,67090,517943410,1.56,81575633600,81204660.0,-592630.0,20230703
192440,34700,35000,34350,34900,6966,241630800,0.72,216951068700,-55955900.0,112507150.0,20230703
136510,0,0,0,11600,0,0,0.0,550917141200,,,20230703
099440,2345,2400,2300,2360,711409,1674616195,1.29,92435536000,-113712080.0,,20230703
033790,1600,1788,1600,1678,922922,1561775410,4.88,28722493800,55404117.0,672954.0,20230703
276040,12350,12500,12270,12340,49680,612976870,-0.08,153766568160,24274050.0,1061240.0,20230703
159910,142,145,140,141,1561804,221766297,0.0,49935255609,7937417.0,-141.0,20230703
115570,4235,4300,4230,4275,22626,96716920,1.3,34133771700,8101425.0,-14880.0,20230703
330730,4260,4300,4230,4230,16837,71494125,-0.7,76714560900,-10667255.0,12710.0,20230703
253450,53800,54200,53100,53400,172478,9243671100,-0.37,1605123793200,-311890300.0,-1973532700.0,20230703
408900,35400,35700,33500,34250,44360,1537870100,-3.25,183598837500,-377187650.0,-93473650.0,20230703
204630,450,476,447,457,1286684,594825398,2.47,45004074002,66920551.0,0.0,20230703
013810,4660,4760,4650,4740,184683,870448715,1.61,69466927800,286009080.0,30.0,20230703
049830,11220,11390,11170,11300,6409,72043440,0.0,69292865600,-2068270.0,1770180.0,20230703
020710,4990,5310,4985,4990,88640,449334610,0.3,100039370300,25898735.0,55.0,20230703
033170,1605,1662,1594,1660,1947457,3200320139,4.34,142309009540,475481124.0,,20230703
048870,2315,2375,2300,2300,125760,294070365,-1.5,190229191200,36567490.0,,20230703
025320,3290,3355,3255,3310,1545343,5117431780,0.76,255285398380,412102415.0,-80353955.0,20230703
269620,0,0,0,889,0,0,0.0,96529897618,,,20230703
131090,1046,1050,1038,1038,88853,92732139,-0.76,45672000000,-986830.0,1867577.0,20230703
232830,8150,8450,7080,7280,8214442,64800611500,-5.7,83832636160,-32277260.0,-78900400.0,20230703
139050,6230,6350,5960,6010,105411,647584280,-1.15,47253456720,-8669270.0,,20230703
290520,5850,6160,5850,6080,98363,598837740,3.23,96850520960,319110810.0,-38977080.0,20230703
001000,2040,2055,2020,2045,68403,139416245,1.24,49647569300,44586865.0,,20230703
025870,9140,9290,9050,9280,17024,156940220,3.0,37120000000,16217520.0,,20230703
215600,5090,5170,5050,5150,467911,2394538880,0.78,529765693750,-436599730.0,375370720.0,20230703
065350,10910,11170,10910,10980,104595,1152989850,0.83,301773749040,295881680.0,-15646720.0,20230703
162300,4640,4900,4580,4870,7702385,36921708520,7.51,201965630340,-74956965.0,-25546040.0,20230703
002800,4830,4830,4725,4760,8113,38586245,0.63,72211580000,-2126260.0,4810.0,20230703
419270,2275,2290,2270,2275,6097,13864855,0.0,9793875000,-72925.0,6022075.0,20230703
430220,2165,2190,2165,2185,13847,30203685,0.23,14770600000,-181215.0,7873175.0,20230703
445970,2125,2140,2115,2130,63282,134312845,-0.23,11416800000,-665305.0,-56280665.0,20230703
017000,5060,5190,5030,5140,140944,723118010,3.63,59973658780,99727860.0,-313180.0,20230703
012790,7830,7980,7790,7870,27520,217791930,0.51,94333086050,-45833890.0,57548030.0,20230703
138070,3200,3305,3160,3230,961764,3105721970,2.22,56535348920,393053500.0,-420015.0,20230703
226330,12490,12670,11690,11910,558977,6738525030,-5.18,161043637560,-253745480.0,-81530910.0,20230703
418210,2245,2270,2240,2260,17251,38983170,0.44,8271600000,-85870.0,26230915.0,20230703
366330,4885,5110,4815,5000,222994,1101472515,2.88,22750000000,68725130.0,6660.0,20230703
393360,0,0,0,2325,0,0,0.0,17088750000,,,20230703
405640,2260,2280,2250,2255,15669,35514670,-0.22,10226425000,-353960.0,13070540.0,20230703
056700,2780,2865,2780,2825,65930,186909525,1.25,82306632075,39224955.0,979125.0,20230703
187270,5500,5790,5380,5380,563588,3147667720,-1.28,54573886100,-265246380.0,5480.0,20230703
243840,48950,49900,48950,49750,61001,3027215900,2.26,386220642750,362517600.0,118355600.0,20230703
257720,7270,7940,7250,7830,6941585,53234184280,10.44,472392387720,5647028580.0,2599837750.0,20230703
222800,34500,35750,34300,35000,1144518,40300242700,2.64,1114895005000,-1312714850.0,4301272900.0,20230703
036710,2995,3060,2995,3020,157626,477926290,1.34,146017437900,97271300.0,,20230703
160980,14380,14700,14310,14630,59356,863530480,2.38,159821675090,28345070.0,190999660.0,20230703
356890,9590,10200,9590,10040,12967,128553200,5.24,47755561200,3098650.0,9490.0,20230703
217330,17260,17500,17110,17190,14193,244574080,-1.77,308290771710,-57368690.0,-183700.0,20230703
010280,905,914,900,906,518836,470474384,0.11,59002150116,30302834.0,-194647.0,20230703
208640,496,506,470,487,655565,321569120,-1.81,67810003698,22560651.0,-3736606.0,20230703
222420,2025,2080,2015,2055,195074,400756890,1.48,93420774705,81609370.0,0.0,20230703
037760,1683,1712,1683,1700,107551,182507507,1.01,57515965700,20852117.0,,20230703
099320,31000,31450,29750,30950,29099,897202850,0.16,281199536650,236849300.0,-258602300.0,20230703
049960,12800,12850,12590,12680,2376,30232490,-0.63,119192000000,-9238110.0,322010.0,20230703
050890,5610,5720,5600,5650,401968,2277501670,1.99,345902266000,380715010.0,-97061230.0,20230703
066790,560,567,555,566,162561,91200218,1.07,31710181696,5475726.0,1354069.0,20230703
222080,13930,14950,13910,14670,6963253,101444587690,6.69,984082436280,10418385270.0,1442704560.0,20230703
352480,52200,52200,49300,50100,124604,6217994700,-4.02,501698444100,-905137950.0,251840550.0,20230703
264660,13090,13110,12930,12980,15738,205116440,-0.08,111063915160,3427220.0,-31146510.0,20230703
352700,4050,4100,4035,4095,62963,256345285,0.12,111698901405,1920985.0,-16475105.0,20230703
297090,13970,14130,13640,13740,455842,6286082990,-1.51,370980000000,884642220.0,-819218690.0,20230703
359090,1254,1281,1249,1277,85371,107561519,1.35,69604096873,28158804.0,,20230703
115530,491,491,478,489,355074,171657084,-0.61,33233907000,-5401060.0,,20230703
115480,1247,1262,1237,1257,402337,504541654,2.36,60618269406,96518794.0,,20230703
340810,11710,11890,11600,11770,102074,1196753800,0.68,121794323970,68232600.0,13175940.0,20230703
376290,4405,4465,4380,4420,13168,57910380,0.8,78046150000,2510255.0,,20230703
189330,15320,16100,15320,15800,37128,585198470,2.6,96092187200,6776920.0,-9740.0,20230703
096530,20550,21550,20550,21000,261172,5536458150,2.19,1096745874000,360482600.0,373581000.0,20230703
900120,161,162,159,160,641348,102863427,0.0,26536142880,12987925.0,,20230703
101240,6640,6810,6630,6740,132904,892642820,1.51,68331360160,343710450.0,2348520.0,20230703
060590,9940,10220,9790,9900,78049,769665070,-0.8,239392098000,50200400.0,-268080.0,20230703
260930,6380,6540,6280,6470,70910,455153940,0.94,125140093770,-41926690.0,87563920.0,20230703
013990,3400,3440,3400,3440,137674,471348510,1.78,113133123840,147842090.0,,20230703
123860,20700,21600,20700,21200,39965,852198300,2.66,248502902000,19765900.0,-3385800.0,20230703
025980,7120,7490,7090,7450,1104214,8108383180,6.13,652020491050,-276224130.0,439066120.0,20230703
058220,0,0,0,275,0,0,0.0,10717917100,,,20230703
125210,16390,16760,16390,16710,160909,2671386610,2.96,275661360900,315718470.0,-33672750.0,20230703
357580,16460,16640,16070,16090,150318,2456865750,-1.23,180209222840,83376530.0,-48401700.0,20230703
052710,12470,12780,12310,12630,99818,1248470140,2.1,184588826670,149775250.0,261421310.0,20230703
074430,1599,1620,1599,1607,112246,180554303,0.69,141137738308,20374099.0,-1013810.0,20230703
092040,19050,19580,18820,19200,123598,2383045670,1.59,379290393600,-19512960.0,119522840.0,20230703
083930,22750,23750,22600,23150,1009201,23527476500,4.51,356806273700,517670150.0,-577788350.0,20230703
149950,15440,15690,15410,15410,10980,169859880,-0.19,240511575000,-3294330.0,31180.0,20230703
036010,16450,18240,16450,18240,1698394,30213095350,11.02,242463116160,4446709860.0,1277460080.0,20230703
050860,2860,3000,2840,2950,508554,1495646865,4.42,66375000000,381846510.0,,20230703
136410,10430,10430,10200,10310,10444,107686350,-0.58,113606982860,-21597920.0,5147810.0,20230703
246720,9850,9850,9260,9260,114219,1081901000,-4.83,119491271500,-565054120.0,4346180.0,20230703
067390,2945,2980,2850,2895,182981,528883625,-2.85,122418242130,-72898790.0,168870.0,20230703
159010,15050,15700,14940,15370,122864,1897334500,3.5,204954938430,480086870.0,251813980.0,20230703
127710,1488,1530,1488,1525,24357,36694271,1.87,53228725050,1324711.0,,20230703
154030,3685,3755,3650,3725,186377,690363555,2.34,41425125275,60805490.0,,20230703
227610,3850,4110,3810,3925,827240,3237164715,-0.38,92930725650,70526905.0,-866635.0,20230703
143160,19550,20050,19530,20050,19776,390593870,2.56,214863619500,103206800.0,-2330.0,20230703
054800,12860,13000,12750,12980,829,10647770,0.93,134313872880,-232820.0,80.0,20230703
332370,3945,4030,3925,3995,42382,169081550,2.04,53028535370,-15423215.0,0.0,20230703
339950,2100,2210,2095,2195,733723,1598687740,5.02,98657907725,266020130.0,-37353700.0,20230703
099190,25000,25000,23750,24200,339557,8214400850,-2.02,665942206600,-1803497900.0,708213000.0,20230703
289010,4740,4850,4730,4785,61694,294996990,0.95,61554417045,-38174035.0,,20230703
214430,29300,30950,29000,30900,117202,3537712900,5.1,219598884000,60010050.0,-37313300.0,20230703
040910,10940,11190,10850,11040,43867,481542550,0.09,203851855680,-36411040.0,-34480.0,20230703
368600,6100,6310,6010,6270,73489,452452130,3.13,106554041550,76213220.0,3565440.0,20230703
052860,2875,2985,2875,2960,95883,283486745,2.96,52874047840,53627300.0,-8106360.0,20230703
069920,3750,3800,3530,3670,207617,757220310,-2.13,94782748540,-4325670.0,-190840.0,20230703
038880,581,595,581,590,683863,403423820,1.55,173913798500,81782801.0,242806.0,20230703
307180,3840,4040,3810,3905,333883,1317809325,2.49,99434342700,59203215.0,,20230703
101390,8250,8340,7500,8150,246771,2003209990,-1.21,73788119550,140133980.0,770.0,20230703
078860,271,282,269,276,467535,128534913,2.99,26530906272,-363472.0,0.0,20230703
090150,1616,1667,1616,1640,234114,386178579,1.49,68675480520,86916853.0,16445000.0,20230703
123010,2255,2255,2185,2255,112835,250679370,0.0,73348303820,26846860.0,1864180.0,20230703
031310,2860,2980,2860,2975,98713,289368600,4.2,52008729850,36972190.0,,20230703
185490,4065,4100,4000,4060,22593,91907130,0.5,87202060400,-23181765.0,,20230703
059100,7050,7300,7050,7060,6529,46367150,0.14,49920271600,-5634160.0,,20230703
262840,7100,7120,7030,7070,30722,217929930,0.0,69710200000,4791580.0,-3370.0,20230703
175250,2770,2855,2770,2825,127250,358618995,2.17,106102389600,30531165.0,8460905.0,20230703
052460,4690,4795,4380,4530,1222427,5608334670,2.03,66173950080,5843565.0,-7730940.0,20230703
119830,10310,10410,10130,10260,140893,1443017610,-0.29,219915887220,-84673090.0,-67031770.0,20230703
052770,1723,1727,1645,1689,247711,413165072,1.62,58394107776,-21161257.0,-28438.0,20230703
124500,4000,4040,3905,3950,431964,1716633630,-1.13,80212385350,159366720.0,,20230703
372800,9320,9800,9320,9520,18413,176837410,1.6,57281744800,9953360.0,-9650.0,20230703
084850,22150,23300,22150,22700,36899,843777650,2.48,514789101800,39853200.0,103576400.0,20230703
114840,24700,26850,24700,26400,216878,5664931650,7.54,227065660800,244057450.0,1135032200.0,20230703
027360,2330,2380,2320,2335,164999,389145590,-0.21,282121602260,-38190595.0,91230610.0,20230703
032080,1834,1843,1822,1823,75217,137970023,0.89,39178145867,12329491.0,,20230703
013310,6600,6910,6500,6660,7107093,47367258130,1.22,258451836120,-1990828560.0,-53166500.0,20230703
059120,9620,9950,9540,9900,89636,881015640,3.88,96511100400,409993330.0,0.0,20230703
158430,18510,22500,18510,19540,769005,16082862880,5.56,85264294580,-262042210.0,-670189120.0,20230703
067160,73200,75400,73200,74800,106263,7917098500,2.19,859808571600,1913180000.0,169694100.0,20230703
001540,8350,8400,8320,8360,19819,165513930,0.36,109034631200,-1934730.0,86310940.0,20230703
053800,63800,65100,63800,64300,65178,4212697600,0.63,643890876500,878343300.0,183843300.0,20230703
065660,16170,16550,16070,16080,15995,258849170,-1.65,156480477840,-37872980.0,-32160.0,20230703
297570,1585,1665,1584,1653,340645,556636949,4.82,57228873354,74947616.0,,20230703
260660,6030,6050,5970,6040,22791,136937960,0.67,92575206840,-6358640.0,-14900.0,20230703
354320,114800,117200,101000,105600,1383533,152196556200,6.13,630049833600,-5608800.0,1641413300.0,20230703
361570,17560,18780,17130,17200,596689,10497593830,-1.99,166808919600,-1233271430.0,836222030.0,20230703
215790,1718,1900,1703,1900,6369340,11669218221,11.76,76537983100,1008509065.0,1404503.0,20230703
131370,3760,4110,3755,3890,588774,2327522655,3.46,207208952870,136211140.0,-6130810.0,20230703
140670,12980,13370,12960,13220,72402,960351420,2.16,122987510800,305662780.0,13260.0,20230703
096610,19480,20250,19220,19250,183847,3608788810,0.16,304460906750,-389649980.0,-10.0,20230703
061040,4555,4620,4535,4605,169030,773523595,1.1,147771037695,-79557000.0,-6220360.0,20230703
148250,7880,8120,7880,8080,46851,377815390,2.02,59720782880,59846440.0,-2731040.0,20230703
347860,9190,9490,9190,9330,73395,688141230,1.52,201064970760,-12857110.0,2724360.0,20230703
196170,43000,43700,42500,43050,363474,15626564850,0.23,2225818713300,-4106749350.0,2300910950.0,20230703
123750,3800,3900,3740,3825,94201,359291030,1.59,48754586025,161995075.0,-11498825.0,20230703
085810,1783,1808,1770,1808,183783,329395900,1.4,53671870352,100789360.0,1667076.0,20230703
117670,0,0,0,945,0,0,0.0,34481616435,,,20230703
314140,10950,11250,10840,10900,43921,483788510,-0.46,94463334900,7090160.0,,20230703
291650,4140,4550,4080,4105,986202,4255643800,-0.12,69703934460,-204883420.0,,20230703
293780,8980,11030,8980,9530,2470290,25584639650,6.36,212508192980,-300448180.0,-43763300.0,20230703
196300,16020,16200,14960,14960,36038,552971380,-6.5,83814237760,-215798870.0,1407910.0,20230703
310200,3980,4260,3955,4190,1446530,6023502790,5.54,189332088640,1270155470.0,-682106390.0,20230703
179530,3930,4050,3890,3930,22107,86838575,0.0,35921944920,-13700445.0,,20230703
900100,2340,2370,2250,2295,77567,180525315,-1.92,83906331435,-25067345.0,,20230703
205500,2420,2430,2250,2285,313561,717586875,-3.99,106357742530,-67306565.0,-345035.0,20230703
052790,6750,6850,6650,6810,17819,120193110,0.89,77161644780,-18294820.0,,20230703
290740,7550,7700,7470,7550,40911,309631290,0.67,75990833050,135412540.0,-94968490.0,20230703
238090,2435,2465,2380,2385,128247,307450805,-2.25,56146007655,-30367220.0,,20230703
092600,1811,1878,1790,1835,96416,177070996,1.66,46028253695,68521399.0,,20230703
129890,3960,4035,3910,3995,47400,188091775,2.3,40464084590,37748365.0,-7740280.0,20230703
174900,17210,17530,16690,16720,163811,2777627940,-2.85,256686593680,192939770.0,-83368210.0,20230703
255440,11400,11740,11400,11550,54916,638111880,1.32,150819900000,218458940.0,,20230703
030960,17520,17920,17350,17710,152210,2683717480,0.51,283005800000,471781470.0,40.0,20230703
102120,10800,11090,10800,11030,265831,2922843140,2.8,196121705590,868791100.0,-80675890.0,20230703
263540,0,0,0,5950,0,0,0.0,62439841450,,,20230703
238120,8900,9000,8800,8900,19079,169826890,0.0,63986087200,-14633360.0,238120.0,20230703
019990,8180,8490,8180,8250,14116,117271150,0.86,80487726000,29901030.0,40.0,20230703
270660,15390,15650,15260,15510,50852,783535000,0.98,189087714420,127899610.0,-10838760.0,20230703
038680,5260,5480,5260,5350,162326,869787850,1.71,97767521050,-48729340.0,10.0,20230703
217480,0,0,0,349,0,0,0.0,14870423038,,,20230703
121890,0,0,0,739,0,0,0.0,9375042680,,,20230703
097780,1183,1210,1168,1168,129947,153382519,-0.68,73269034784,3827121.0,,20230703
304360,10380,10390,9900,9980,424063,4291330330,-3.01,112225858480,6721830.0,58922900.0,20230703
389500,38100,39950,38100,39500,76632,3014465950,3.95,243908708000,103534050.0,-106969650.0,20230703
042110,1719,1735,1710,1716,137221,236816338,0.12,82933531824,67149746.0,,20230703
298060,6500,6630,6440,6560,51153,335514640,2.5,80399622400,44287200.0,-92090.0,20230703
065420,423,423,409,413,314865,130182943,0.73,29561424487,15601176.0,,20230703
103230,4810,5200,4810,5200,161453,815175985,8.11,37440000000,168656020.0,35628180.0,20230703
260970,14730,15030,14730,14890,12248,182253860,1.64,60444763800,35003040.0,-27368730.0,20230703
101490,55700,56100,53300,55400,610691,33743296400,0.0,1188410163800,4036900300.0,-4996896400.0,20230703
095910,2695,2760,2695,2715,53101,144874860,0.37,52954725645,22889305.0,-65160.0,20230703
275630,4575,4710,4575,4635,60887,282501905,1.31,27893379015,101182530.0,2093985.0,20230703
031330,3115,3140,3085,3125,166697,519357045,1.13,312484584375,74876600.0,-155530.0,20230703
060540,2450,2485,2410,2430,76018,186290360,0.83,63503933580,47374760.0,,20230703
351320,3845,3930,3800,3820,61363,237196700,-0.52,84100684520,23685225.0,,20230703
056190,36150,36750,35800,36550,360244,13070617250,1.53,1312465178000,-119783600.0,1072586550.0,20230703
080000,3770,3935,3765,3910,332798,1285752080,4.69,134202421700,607996810.0,1674940.0,20230703
214310,0,0,0,306,0,0,0.0,22516276518,,,20230703
041510,107300,107400,103500,106800,220891,23355577600,0.0,2545140226800,-1043690100.0,1453851600.0,20230703
007820,6730,6870,6730,6820,57038,387976630,1.64,136631511720,71070630.0,-413140.0,20230703
109610,4935,5170,4920,5140,4570513,23123610100,3.52,251384036000,1420751850.0,,20230703
306040,12550,13040,12550,12840,36300,465898650,2.72,126677231520,166900110.0,-168940500.0,20230703
435870,2345,2360,2335,2355,10710,25175930,0.86,8760600000,293685.0,1010500.0,20230703
096630,1618,1759,1605,1693,3241325,5443512558,5.02,115311274581,171032222.0,134860994.0,20230703
069510,8050,8200,7920,7940,7496,59754840,-1.37,86625400000,207180.0,-12851440.0,20230703
041910,7390,7400,7300,7340,26562,195171570,-0.54,87333250420,-6078200.0,-25770.0,20230703
234300,6190,6480,6160,6320,3097985,19628718180,2.6,165166450240,1459548630.0,-43990650.0,20230703
039440,19220,20850,19210,20300,1995338,40279447760,8.56,321349000000,-1766366940.0,6935938650.0,20230703
098660,2590,2635,2570,2635,104839,272134820,1.54,32940071760,-26812600.0,1395305.0,20230703
052020,15840,16250,15590,15980,237207,3797959500,0.44,739530445980,-104956760.0,652109950.0,20230703
237690,78100,79000,76900,78000,73936,5775393100,1.43,1467084450000,103069000.0,930789900.0,20230703
050760,2385,2425,2355,2390,55830,133297790,-0.21,39039880420,-14644350.0,,20230703
288620,18610,19090,18610,18870,19971,377889850,1.4,131699692920,14638540.0,-4697090.0,20230703
317830,16110,16270,15800,16200,523945,8390075600,0.93,154436787000,-12795220.0,17383330.0,20230703
058610,29950,30450,29900,30100,267338,8054682700,1.01,667538536000,95246250.0,15107550.0,20230703
043340,841,874,840,864,52198,45164226,2.98,62208000000,4084761.0,,20230703
187660,3105,3225,3075,3075,1802216,5631063495,-2.23,67146468750,97678085.0,,20230703
054630,415,429,410,422,864176,363319432,2.18,33637392542,82236617.0,,20230703
200710,20450,23850,20400,23050,2067618,46555696350,13.83,309493940450,226826650.0,2173679200.0,20230703
096690,438,443,428,434,338880,147651220,0.0,69867033432,-47556055.0,0.0,20230703
298380,19430,19870,19430,19630,238220,4693206870,0.98,939345340570,-526470330.0,338816080.0,20230703
203400,8290,8290,7810,7900,99067,789803080,-1.99,148877372300,-28460580.0,76881910.0,20230703
195990,461,476,461,468,693295,325544563,0.65,129771589428,78814809.0,-27612.0,20230703
003800,28450,28900,28150,28450,4851,137910950,0.0,315510500000,-14265200.0,200.0,20230703
088800,2765,2835,2520,2685,2745050,7338139670,-21.38,120626506005,115614025.0,-193642245.0,20230703
241840,17500,17990,17340,17990,44664,782962260,3.39,171624492060,-39267940.0,-119855610.0,20230703
312610,4305,4525,4305,4440,117952,521240615,3.26,89940582720,131769700.0,-30720.0,20230703
072990,7210,7650,7180,7460,38417,284593540,3.9,53492385060,3706900.0,0.0,20230703
227100,3970,3970,3740,3845,162865,618930230,-4.23,48779830890,-60528810.0,-30460.0,20230703
239610,15540,15640,15420,15630,1887,29392720,1.56,84278757450,670000.0,15560.0,20230703
353060,0,0,0,2090,0,0,0.0,10690350000,,,20230703
148930,9400,9940,9260,9840,110355,1074685880,4.9,99386095920,142663650.0,-50539090.0,20230703
044780,1895,1930,1895,1923,69188,132704703,1.48,35586628401,16377257.0,,20230703
357230,9930,10020,9820,9940,122923,1223590230,0.51,205874158840,-254695010.0,271086500.0,20230703
071670,12150,12250,12040,12070,141241,1710100880,-1.23,120700000000,2856770.0,-2203660.0,20230703
045660,10230,10420,10230,10350,21722,225075290,1.27,85491000000,89583720.0,10.0,20230703
224110,15520,16180,15520,16010,99405,1586778890,3.36,85493400000,372982440.0,2650090.0,20230703
230980,1267,1269,1135,1158,1814644,2128692341,-7.51,96632874324,-301247654.0,1762476.0,20230703
021080,2475,2500,2470,2495,70686,175522210,0.81,119760000000,16765220.0,7485.0,20230703
089530,0,0,0,600,0,0,0.0,43367041800,,,20230703
200470,4010,4015,3855,3970,632507,2499287385,0.51,168177509210,39215055.0,-751180.0,20230703
262260,17300,17950,17210,17740,306169,5391114090,4.23,256547967960,1405256570.0,320994810.0,20230703
109960,1530,1538,1487,1534,78155,118004734,2.27,79585598196,-4545821.0,,20230703
397030,22500,22900,21500,21700,41256,909974200,-3.56,231936652500,-17779150.0,,20230703
089970,18500,19150,18380,18490,186079,3480869260,0.16,443401201550,-63234550.0,553051890.0,20230703
230240,20850,21450,20700,20900,96781,2038128650,0.0,281920643400,-247875900.0,389181650.0,20230703
230360,10230,10490,10230,10450,40556,420952280,1.46,338245903050,36884540.0,10447780.0,20230703
038870,6100,6410,6100,6350,158239,994402710,4.1,81829598850,355249360.0,60.0,20230703
101360,45300,46750,40800,42300,666280,29230611900,-5.05,482866470900,679060950.0,-14238800.0,20230703
128540,4165,4255,4165,4210,90425,380983605,1.2,112366836600,5121950.0,,20230703
086520,772000,919000,769000,908000,2953165,2512734458000,20.42,24177922544000,324465009000.0,15056922000.0,20230703
247540,254000,270000,250500,263500,1749721,457609103500,5.82,25770654144000,-14404760000.0,9738314500.0,20230703
383310,62800,66000,62300,64700,258273,16569891100,4.52,990229100400,-403751600.0,-31429700.0,20230703
038110,6510,6740,6470,6700,1790438,11899198010,3.88,228934779000,1809775370.0,-5104920.0,20230703
073540,2780,2900,2765,2835,61299,173668355,1.98,32319000000,13183705.0,35750955.0,20230703
064850,8090,8250,8000,8170,10179,82454110,2.0,98693600000,-53880.0,-133080.0,20230703
036810,22000,23950,21850,23550,610156,14338985350,8.03,512372380950,2558714250.0,643364700.0,20230703
173940,8290,8350,8030,8150,38522,316757220,-0.61,125353185850,-7814560.0,41960060.0,20230703
083500,9220,9400,9180,9190,60272,557510280,-1.18,78029735180,69456700.0,2250940.0,20230703
054940,1212,1221,1199,1215,623607,753865946,1.25,40305860820,78442358.0,,20230703
043090,957,1066,945,996,1311353,1329013652,3.97,58164420948,-32046142.0,414716.0,20230703
950130,7920,8200,7920,8080,109118,883016250,2.02,293429458160,134127120.0,,20230703
205100,4125,4160,4080,4135,126437,521990770,0.98,150440698855,-7936095.0,,20230703
356680,5500,5570,5340,5400,877775,4755954060,-3.23,146537019000,309366480.0,,20230703
070300,3020,3080,3020,3050,24272,74074275,0.99,22466525700,3209245.0,-990.0,20230703
317770,16150,16620,15500,16200,166170,2664026010,0.75,49475124000,99348150.0,-430.0,20230703
092870,13440,13860,13350,13800,189703,2593058490,3.99,149713398600,388058970.0,-518640.0,20230703
317870,14680,14860,14290,14600,57699,838835860,-1.35,119901711600,-294735290.0,,20230703
067570,3640,3685,3560,3630,114974,413292845,2.11,119153704560,7018445.0,-17295700.0,20230703
236810,6320,6490,6240,6410,559719,3575297050,2.89,108812480660,-217685200.0,-234590.0,20230703
333620,13540,14430,13540,14200,103281,1461469200,4.87,149900084800,581631050.0,14370.0,20230703
101400,704,720,691,707,173049,122456770,0.43,38925098212,13706848.0,,20230703
031860,960,960,900,901,1243232,1141932293,-5.56,79219492465,-248754875.0,-575721.0,20230703
391060,9980,10000,9950,9990,17542,174681010,0.2,50949000000,-1727100.0,-36430990.0,20230703
422040,2165,2195,2160,2190,18581,40472290,0.23,15680400000,-1848280.0,6119990.0,20230703
437780,0,0,0,2180,0,0,0.0,10965400000,,,20230703
438580,2400,2420,2365,2415,23896,57171115,0.63,7293300000,1667950.0,-40361865.0,20230703
439410,2145,2165,2135,2155,17526,37606220,0.0,18964000000,-181230.0,-10257100.0,20230703
440820,2175,2185,2145,2175,40886,88271960,-0.46,16965000000,-525265.0,-57859955.0,20230703
450410,0,0,0,2230,0,0,0.0,8741600000,,,20230703
451700,2035,2035,2030,2035,73702,149808060,0.25,29202250000,-4060.0,79796520.0,20230703
265740,9120,9200,9010,9010,11056,100318820,0.11,80475518000,-12931510.0,,20230703
354200,6600,6760,6570,6570,13884,92587560,-0.15,82896396840,-9262050.0,,20230703
419080,22850,23100,22200,22550,137909,3116864950,-2.38,237176773350,124714700.0,174574350.0,20230703
208860,0,0,0,2205,0,0,0.0,25233717915,,,20230703
183490,1860,1900,1808,1886,625517,1164118385,1.67,160433649932,-129213007.0,-30176.0,20230703
182400,14440,14590,14030,14210,388025,5521041160,-0.98,568554761110,-1245174540.0,966127090.0,20230703
348370,71500,72000,70700,71100,238733,17030954200,0.14,1146874710600,-47169700.0,315565600.0,20230703
058450,895,909,858,894,68499,61240294,0.11,44099131872,2942682.0,,20230703
069410,5600,5720,5600,5620,53612,302830780,0.54,57575910880,63211680.0,-904350.0,20230703
227950,1118,1137,1094,1116,759327,850803427,2.2,115507256616,54620410.0,-82735.0,20230703
291230,4550,4670,4550,4570,295482,1358642755,-0.11,199825768070,-27842830.0,,20230703
198080,2180,2270,2170,2205,87834,194786640,2.08,47485082925,53244020.0,819355.0,20230703
048830,2035,2090,2030,2030,280873,577142800,0.74,38009563690,109078380.0,-10244860.0,20230703
096870,3705,3760,3685,3710,35895,133638340,1.09,24776864000,-25849865.0,1891930.0,20230703
138690,0,0,0,2750,0,0,0.0,100318515000,,,20230703
290650,34550,35450,34100,34550,184821,6375200550,0.0,783762984050,224486700.0,-454492150.0,20230703
066970,245500,252500,243500,249500,513629,127769386500,2.67,9041824112000,1034604000.0,4192640500.0,20230703
156100,6850,6850,6430,6480,114334,757324110,-1.82,86868670320,22579160.0,9970000.0,20230703
073110,7090,7290,7060,7220,22172,158699820,2.56,64227351100,5174500.0,1927860.0,20230703
083310,17250,17510,17160,17350,177030,3079862560,0.58,309004072550,131995800.0,-1182550.0,20230703
037950,1418,1451,1418,1445,682688,984731611,1.4,122026664955,270940098.0,,20230703
170920,10360,10690,10360,10680,59887,634664710,2.5,92786195280,104078450.0,-8597850.0,20230703
058630,7240,7430,7200,7380,86830,639720420,2.5,144233812260,61603400.0,1552740.0,20230703
058970,51600,52800,51000,51300,120752,6234582000,-1.35,575181756000,-474622300.0,559585200.0,20230703
019590,956,1012,955,1004,416822,414443587,4.47,106236668660,54834481.0,,20230703
169330,3120,3170,3100,3130,56422,176463430,-1.73,57112853340,-2857510.0,,20230703
179290,10830,10900,10570,10820,184688,1976562390,1.41,347491635960,251496710.0,386361090.0,20230703
009780,8450,8900,7650,7960,5215653,43068396990,6.56,140096000000,357405520.0,32426100.0,20230703
123040,5650,5670,5540,5640,261757,1465145930,1.26,257426785080,-21834290.0,-225245670.0,20230703
323230,893,913,846,875,153762,136017467,-2.02,26487702500,-19134902.0,,20230703
032790,3015,3125,2995,3045,45933,138719450,1.0,96698734335,18631180.0,-6030075.0,20230703
033160,15720,15860,15370,15540,416674,6500828590,-0.77,342910783740,-302363730.0,37920.0,20230703
347890,9570,9620,9320,9450,106481,1004743340,-0.11,158743027800,184252150.0,2444770.0,20230703
033310,4420,4420,4310,4340,57962,253190360,-1.25,175085282540,-15749495.0,-209950.0,20230703
259630,12350,12730,12280,12490,247681,3097808300,2.46,153407200980,91797290.0,112032770.0,20230703
115960,14390,14700,14390,14530,6755,98081170,1.04,180142940000,-11375140.0,10007930.0,20230703
060850,8590,8700,8510,8590,9081,78346330,0.0,69845290000,-256590.0,3802840.0,20230703
143540,1250,1294,1250,1285,128361,164197993,2.07,57310865075,44228888.0,,20230703
036560,13500,13740,13390,13430,189506,2557239880,-0.44,211522500000,14677240.0,-405298770.0,20230703
265560,10720,10930,10720,10930,23452,254881930,2.15,116843667400,-25709240.0,437200.0,20230703
036000,2295,2340,2290,2310,50806,117123720,1.32,53209179870,-2241455.0,45509675.0,20230703
250930,1033,1068,1033,1055,199531,209598408,2.33,34815464200,33535313.0,,20230703
053280,5120,5250,5120,5200,35095,182242930,0.78,130000000000,-5739510.0,-607420.0,20230703
122640,12510,12960,12260,12900,168475,2124671490,3.28,233326711800,50248250.0,486368270.0,20230703
900300,182,185,176,181,3666782,658305468,-1.09,44392690061,29066223.0,,20230703
045060,3195,3280,3195,3230,35362,114965915,1.25,54722576020,-21017190.0,3601775.0,20230703
080520,5230,5340,5230,5290,39756,210167260,1.15,62139561610,41777520.0,,20230703
039830,7680,7730,7640,7680,13204,101547320,0.0,82658995200,163140.0,-867840.0,20230703
322310,25150,29400,25000,28800,1347537,37026925500,14.29,269756409600,-193117900.0,1990135700.0,20230703
046120,4940,5030,4920,4940,488922,2422649440,-0.9,133719990560,-126240830.0,-3585370.0,20230703
014940,3720,3735,3640,3665,93071,342416265,-1.08,167027467565,-98153245.0,-360160.0,20230703
065500,1500,1559,1500,1535,113372,174063554,3.37,48725369920,66179009.0,,20230703
010470,13060,13580,13060,13350,48248,645938750,2.22,159866917500,276522250.0,13290.0,20230703
417860,40400,40500,38850,39300,41294,1641492250,-2.6,152475157500,-344339550.0,-39400300.0,20230703
352910,10720,11050,10720,10940,48450,529400120,1.48,133097057420,55665480.0,,20230703
053980,5590,5660,5460,5500,130569,721843000,-1.61,97613351000,66840170.0,-80430.0,20230703
052420,1481,1532,1481,1505,176738,264760849,1.76,110192804050,75182782.0,,20230703
241790,16570,17000,16480,16810,82569,1390465090,2.69,168144277540,446457580.0,-33620.0,20230703
039200,23450,23550,22150,22550,253154,5741557150,-2.8,852870788550,-1176768350.0,348200550.0,20230703
226400,6200,6490,5940,6430,829797,5185576210,4.38,131304464430,454733950.0,650853900.0,20230703
031510,1617,1617,1599,1609,49697,79803385,0.06,45052000000,-2357302.0,,20230703
048260,0,0,0,188000,0,0,0.0,2928379744000,,,20230703
368970,6690,6780,6620,6650,66903,446496110,-0.75,62151964000,45015250.0,-213950.0,20230703
138080,15740,16140,15740,15810,20263,322622830,0.44,167966941950,91599270.0,-6972460.0,20230703
080580,15560,15690,15200,15210,32296,496437000,-2.19,268902122580,-113855940.0,-14635650.0,20230703
067170,5360,5500,5360,5500,19395,105450440,2.8,84653827500,-15627440.0,,20230703
353590,11240,11650,11240,11380,62284,708838960,0.71,146523986600,68491030.0,50.0,20230703
173130,12650,13070,12580,12590,125672,1603922590,-0.47,149322813700,-3463040.0,,20230703
440320,17020,19870,16380,16980,14475297,263809103300,7.81,164499183600,-8002310.0,-395158990.0,20230703
049480,2755,2825,2755,2780,100511,281092845,1.09,87354224740,46312735.0,,20230703
394280,19360,21300,19360,20950,1611549,33186790320,9.17,447760369500,5327412730.0,1092987100.0,20230703
309930,4505,5130,4410,4955,690394,3295862005,10.36,105391809450,115120750.0,1121340.0,20230703
244460,1840,2345,1840,2345,9476972,21165785297,29.77,70543582095,1066583991.0,-23017605.0,20230703
226950,17010,17300,16200,16350,62018,1035004330,-3.88,224553516000,-136274130.0,21575780.0,20230703
057540,1328,1369,1322,1354,302259,408563556,2.97,62892426670,119349732.0,,20230703
131030,5600,5650,5580,5640,23226,130405720,1.08,91103833680,-7155540.0,0.0,20230703
082210,2830,2900,2830,2860,57387,164652580,1.06,70024082700,32055825.0,,20230703
109080,13270,13470,13220,13400,19722,263313460,0.6,75522400000,52238970.0,2144650.0,20230703
380540,2115,2250,2090,2130,434033,933155525,1.67,59932014480,68216395.0,-83313155.0,20230703
153710,7800,7870,7650,7710,4621,35890380,-0.26,113105376180,-11149110.0,,20230703
321820,5080,5190,5040,5100,13046,66303300,0.39,35232238200,-4652400.0,,20230703
122990,7410,7430,7300,7390,24948,183520660,-0.27,208301493990,-27607540.0,-4952190.0,20230703
112290,13780,13810,13400,13540,173788,2363503550,-0.88,136896779300,-79748070.0,52803710.0,20230703
232140,4485,4565,4390,4400,496150,2220619960,-1.12,360999540000,166376620.0,-150280075.0,20230703
065530,2785,2880,2770,2840,2124241,5982972075,1.43,150122400000,230291045.0,-20636695.0,20230703
067900,8740,8740,8530,8670,69494,597532840,-0.34,157791043530,-16214620.0,-51229520.0,20230703
007530,3410,3500,3325,3460,211714,731013220,3.75,66343603920,-129899645.0,,20230703
155650,6360,6440,6320,6390,62078,396430610,0.47,124441147620,117369940.0,4218690.0,20230703
273640,23350,24200,23200,23400,281365,6682519100,2.63,256604400000,1227650700.0,-787713550.0,20230703
251370,12640,12800,12610,12670,14206,179994770,0.32,206704258880,-4860840.0,-63590.0,20230703
066430,1271,1281,1116,1133,1279481,1509899085,-10.79,43994376404,-99544539.0,-789365.0,20230703
193250,1100,1121,1100,1114,147299,163856570,0.27,63974542464,21043017.0,,20230703
273060,1296,1320,1291,1293,185184,241734305,-0.61,65244239526,35228100.0,5759582.0,20230703
019210,6610,6680,6580,6650,148490,982199460,1.06,203315896350,184763150.0,-279797030.0,20230703
122870,77400,77700,75600,77300,224155,17226235200,0.52,1443616072700,869969500.0,1224169700.0,20230703
332570,3240,3700,3225,3585,2349319,8352093010,10.48,137629426260,-1174073245.0,-3467000.0,20230703
079000,5520,5580,5490,5570,16388,90816050,0.91,40104000000,-55590.0,1843690.0,20230703
032820,1458,1472,1454,1459,666502,974714125,0.34,221130504540,-32913941.0,-4496644.0,20230703
041190,4080,4180,4075,4105,517353,2132518375,-0.73,344820000000,320059810.0,188038515.0,20230703
115440,8450,8850,8450,8780,440422,3810644220,4.4,94422218420,824235500.0,-3924640.0,20230703
046970,1466,1478,1421,1444,293176,423713660,-0.48,46279671496,-272835.0,0.0,20230703
082850,2445,2530,2425,2490,145178,361742770,2.89,120607079220,149997250.0,,20230703
298870,2610,2640,2610,2635,235234,618241105,1.15,263500000000,91386415.0,290977995.0,20230703
215360,22200,23350,21600,23100,193539,4377520900,3.59,210952965300,-172473850.0,-104530100.0,20230703
072470,4845,4940,4725,4865,82188,397713675,0.93,91886913965,28754475.0,,20230703
073560,1951,1968,1919,1949,369005,715943379,-0.05,134944166207,-92862499.0,-175410.0,20230703
037400,1623,1676,1623,1672,53121,87931305,3.08,43845434512,-312431.0,,20230703
153490,1212,1238,1207,1219,277525,339550657,0.58,62754120000,29871729.0,,20230703
101170,7390,7500,7330,7400,90154,667562950,0.68,99900000000,151581830.0,,20230703
066590,3230,3290,3205,3205,130197,422112740,0.79,125229298320,18741045.0,,20230703
103840,4270,4270,3975,4120,349602,1436481425,-2.94,58742960000,4212840.0,-527070.0,20230703
046940,3695,3750,3690,3740,93351,347930705,1.22,67598069000,191105400.0,,20230703
215380,2885,2885,2825,2850,21589,61763290,-1.38,36928906350,7192390.0,4180.0,20230703
065680,15730,15990,15530,15600,37093,580327130,-0.83,148668000000,-53714490.0,-29180410.0,20230703
018620,1493,1496,1475,1476,32912,48736452,-0.14,42640596468,-15683795.0,,20230703
307280,2475,2560,2460,2500,978444,2459425710,1.83,91136020000,242494365.0,3301365.0,20230703
032940,3840,3965,3840,3940,71245,279528495,2.6,71681326200,58448725.0,782300.0,20230703
240810,33050,34200,33050,33300,366155,12296903700,1.52,1634493903300,-1507418400.0,872592450.0,20230703
074600,31200,31650,30550,30850,396426,12252785150,-0.64,810984800000,-919512000.0,544181500.0,20230703
104830,31000,31600,30800,31350,66528,2076713600,0.0,395260800000,127598950.0,23503150.0,20230703
014190,1977,1977,1860,1972,178535,348483716,1.13,69808614632,26831118.0,,20230703
217820,9160,9380,9120,9300,320689,2976554260,2.09,394827398700,345618710.0,-10954980.0,20230703
030530,3810,3910,3810,3900,594581,2310993465,2.77,301228125900,401218530.0,136697665.0,20230703
012620,10230,10430,10230,10430,13355,138321190,2.05,45892000000,435990.0,10.0,20230703
382840,21750,22100,21450,21900,105005,2288323550,2.58,334447623900,281636200.0,-448948650.0,20230703
336570,10600,10740,10200,10660,1120295,11740471390,2.5,939933933900,-602900900.0,2851529740.0,20230703
376980,12600,12770,12550,12740,22876,289122900,0.08,120478307040,-6729650.0,-34542630.0,20230703
008370,4470,4535,4465,4530,22779,102457390,1.57,54360000000,13199230.0,,20230703
008290,1342,1379,1255,1329,287111,379035019,-0.82,54081899391,-54057955.0,-185447.0,20230703
101160,26600,27500,26600,27350,181278,4927268600,3.01,451575658550,629510100.0,141390250.0,20230703
064090,1874,1874,1819,1830,11280,20671146,-2.4,55902179370,-4991568.0,,20230703
336060,1587,1962,1561,1828,46157874,85518310765,16.21,88027705600,-274162162.0,1244770.0,20230703
095270,7100,7100,6820,6850,53642,368744330,-1.44,102553103600,8483110.0,14016150.0,20230703
065950,2970,3025,2970,3000,58621,176291675,1.52,84693906000,42286655.0,-1724840.0,20230703
076080,4725,4880,4720,4850,176693,852894505,2.97,109581656600,227269070.0,635350.0,20230703
043590,1058,1087,1030,1043,106763,111923857,-1.42,37656419850,6276674.0,,20230703
196700,2540,2570,2520,2535,35973,91114270,1.0,36413105040,4121250.0,1399975.0,20230703
069080,13770,14030,13770,13820,42397,589115430,-0.14,483021216880,-31269940.0,12057470.0,20230703
053580,12260,12300,12080,12160,16354,199939630,1.08,165816775680,58386740.0,110.0,20230703
071460,2040,2105,2025,2075,128694,267152350,1.72,74632137125,-43111230.0,74245.0,20230703
377460,5630,5730,5620,5700,43972,250076820,1.24,87742408500,61042940.0,,20230703
044340,11790,12050,11790,11810,43221,514151550,0.17,211085149250,99765210.0,50.0,20230703
330350,7180,7300,7180,7300,6377,46133440,2.24,96307279400,797480.0,,20230703
348350,16750,17220,16610,17090,180820,3062924150,1.42,174037724000,-143913200.0,19432530.0,20230703
112040,38500,42250,38500,41950,568057,23370291050,7.43,1417782555900,6389210950.0,1698957100.0,20230703
101730,10120,10800,10120,10680,189763,2003421120,3.09,355593718560,406555780.0,-1392040.0,20230703
123420,9640,10200,9640,10040,56515,567353930,3.4,115157213680,212880260.0,844810.0,20230703
065370,13450,13570,13290,13350,31775,427223260,0.15,98575785900,-8289590.0,2015660.0,20230703
038620,934,942,913,916,296197,274254795,-1.93,60956561940,-7468765.0,,20230703
299900,3130,3220,3090,3165,795543,2521187140,1.61,541369717860,-74588940.0,288661915.0,20230703
036090,867,887,866,870,887883,775959790,-0.68,89589295740,-13903492.0,,20230703
136540,12420,12480,12340,12430,15430,191396710,0.16,172331533660,13516720.0,-2647580.0,20230703
320000,3145,3285,3065,3190,535257,1690305480,2.41,59012282120,328983535.0,-288400.0,20230703
097800,1694,1847,1694,1847,1672320,3009714547,9.42,110052564112,565403485.0,-196347022.0,20230703
192390,4595,4830,4585,4825,277257,1309335635,5.01,51419523200,-583690.0,81847575.0,20230703
313760,11300,11300,11040,11270,52648,586053100,-0.35,64100007090,35669670.0,-612120.0,20230703
335870,2030,2185,1983,2110,134163,276400652,6.94,35197800420,-6303748.0,-40812431.0,20230703
900340,991,1015,981,990,305058,303423459,0.0,47493693720,33963713.0,,20230703
036200,8580,8930,8580,8850,679222,5999302070,4.36,271378373550,1680968300.0,1026478390.0,20230703
018000,2160,2220,2140,2160,731269,1586551215,1.41,264055729680,156491890.0,-30771930.0,20230703
203450,3500,3595,3495,3590,58383,207756225,2.57,52697635130,7674750.0,2359335.0,20230703
011320,6070,6120,6040,6100,70776,430702170,1.67,117856239500,47614530.0,-1610350.0,20230703
086390,15100,15350,14970,15110,165624,2510826920,0.73,319336643860,69671560.0,233623560.0,20230703
241690,4625,4700,4625,4655,60230,280922290,0.98,116428835075,69621590.0,-20625.0,20230703
142210,4420,4565,4420,4545,135267,611784530,2.94,85694679675,175344025.0,,20230703
048430,12320,12460,12200,12230,378779,4672347020,0.91,140889600000,-96706940.0,,20230703
206650,7450,7570,7340,7360,184044,1365900630,-1.21,268233779520,-237580850.0,-2465780.0,20230703
089850,12960,13040,12570,12630,38868,499747540,-2.09,94178550420,57666480.0,2108240.0,20230703
084440,1910,1983,1910,1950,1124128,2181215677,2.09,38439960000,223431398.0,-1678230.0,20230703
032620,5770,5890,5750,5770,71476,415789330,0.0,301177492030,-14934160.0,3873470.0,20230703
264450,14480,14680,14300,14470,28695,416029490,-0.14,148255365820,-13861500.0,108933070.0,20230703
078070,13630,13850,13630,13760,1692,23280450,0.0,257265601280,-729370.0,80.0,20230703
024800,2370,2405,2370,2405,29057,69295580,1.48,89109607860,12780985.0,0.0,20230703
054930,32400,33050,32200,32750,36182,1184916250,2.18,98250000000,341397800.0,47913150.0,20230703
069330,1366,1411,1361,1387,156392,216148741,1.54,19683043217,28645213.0,-687939.0,20230703
049520,4245,4265,3930,4030,328262,1324036160,-4.62,87793292080,-300216140.0,,20230703
435380,2175,2225,2175,2210,44075,97624810,0.45,12663300000,86525.0,-37303850.0,20230703
446150,2120,2135,2115,2135,12146,25779800,0.0,10183950000,-504080.0,-14061750.0,20230703
449020,2045,2065,2040,2050,54001,110912160,-0.24,19946500000,5871775.0,27001445.0,20230703
367480,3200,3350,3195,3265,245986,807434490,1.87,21189850000,-48112720.0,-3375480.0,20230703
430700,2200,2225,2195,2220,12677,28050675,0.91,11632800000,-4430.0,768945.0,20230703
263770,3900,3955,3880,3920,61833,241640930,0.51,92904674240,85056665.0,,20230703
388720,23500,24000,23450,23750,34702,822706300,1.28,203795092500,28524100.0,-7199200.0,20230703
340930,17310,17900,17280,17790,103243,1825357450,4.59,204018388500,270570130.0,444750.0,20230703
023410,3480,3525,3470,3495,134244,469267075,0.14,270201466185,66628575.0,-150548035.0,20230703
056080,6010,6070,5980,6020,183386,1103014230,0.33,225823155040,-5579860.0,-10907030.0,20230703
373340,0,0,0,2520,0,0,0.0,7610400000,,,20230703
388800,2330,2340,2315,2335,8117,18935580,0.21,11698350000,-144530.0,0.0,20230703
413630,2155,2200,2155,2195,14747,32211790,1.15,12994400000,-122440.0,14777945.0,20230703
442130,2230,2230,2205,2230,24242,53624110,0.0,7715800000,-391205.0,-24015760.0,20230703
084370,34300,34550,33500,33750,215388,7316408500,-0.74,773416417500,-1028834700.0,-555733250.0,20230703
179900,19420,20000,18890,19260,37523,718722300,-0.21,313685597700,-97035970.0,-65591610.0,20230703
263050,4165,4435,4120,4175,163107,696174290,1.71,153484919625,-17793660.0,-33847310.0,20230703
191410,4100,4175,4050,4105,106201,435585730,1.11,42296959430,-1321200.0,-304820.0,20230703
372170,176300,183400,176000,182800,124380,22525241100,5.36,1458569974400,653699700.0,727386900.0,20230703
072770,3170,3255,3050,3050,1031573,3249019235,-1.77,184598078000,-458504465.0,-194296435.0,20230703
039020,3050,3105,3050,3105,25503,78782920,1.8,70125521445,3488620.0,,20230703
067920,6900,7060,6890,7020,64668,451758680,1.74,77192755380,122062490.0,2403620.0,20230703
044960,5400,5440,5330,5400,31422,169630400,0.93,68266168200,35071020.0,,20230703
303530,13460,13700,13410,13480,10865,147295250,0.0,98933750520,7203510.0,1787980.0,20230703
296640,9080,9220,9080,9160,32218,294493150,0.66,47098521600,56753280.0,-2287500.0,20230703
302430,15800,16000,15510,16000,56243,888453880,2.56,157331328000,42356980.0,-6485140.0,20230703
056090,0,0,0,1180,0,0,0.0,93078496760,,,20230703
073490,28100,28100,27500,27500,29172,807894250,-0.9,209105765000,-82391550.0,-137962550.0,20230703
344860,3245,3245,3170,3205,50096,160312395,1.26,38556150000,19489030.0,,20230703
246960,8260,8490,8230,8480,44046,367064390,2.66,53723369440,23296530.0,38904420.0,20230703
088390,32400,33800,32400,33450,54631,1816653800,3.56,313956481800,-101645100.0,13545400.0,20230703
272290,39000,39650,38750,39200,117852,4640906800,1.29,791904993600,1056749950.0,-175343500.0,20230703
053350,3675,3685,3600,3650,15038,54731940,1.67,72236843400,-2447700.0,1973585.0,20230703
041520,6900,7070,6900,7030,29910,209837900,1.88,85686771900,16363210.0,40438270.0,20230703
264850,2945,2945,2875,2890,372080,1080316230,-2.03,85380171680,9115485.0,-1158690.0,20230703
054210,12600,12860,12600,12710,172141,2194236380,0.95,321451279100,324706090.0,6077630.0,20230703
164060,9510,10260,9450,10110,1105407,11049048850,6.31,204514755270,713638420.0,540177520.0,20230703
065440,2410,2470,2410,2450,444737,1087625405,2.08,66823799000,165139115.0,2081495.0,20230703
115610,3000,3205,2995,3160,631428,1992257885,6.22,49111538160,231949640.0,51430.0,20230703
078020,4415,4465,4400,4455,25890,115066145,0.11,247168701450,9292940.0,57910.0,20230703
131400,6020,6500,5880,6270,6369836,39667526810,3.98,371147502330,-1449846070.0,601950.0,20230703
351330,10830,10980,10600,10750,44667,479961680,-0.65,89101590000,-69305020.0,-3730.0,20230703
080010,5650,5780,5650,5740,34981,200795980,1.59,57400000000,33047530.0,72849990.0,20230703
086890,6510,6640,6410,6550,104509,686272500,0.77,217346475400,-57442940.0,-32750.0,20230703
047560,13950,14340,13780,14000,173336,2432676310,-0.28,159376448000,363638230.0,2383880.0,20230703
900110,160,160,155,156,4295564,673278990,-1.89,45541399800,-100723459.0,,20230703
067010,3630,3710,3600,3680,85304,313475100,2.22,45241920000,1782180.0,,20230703
102710,27000,27000,26200,26600,112937,3002907400,-0.37,380056437600,-484824250.0,-78878000.0,20230703
066980,3230,3435,3230,3330,190178,635354675,2.62,166617978570,-118746535.0,197010.0,20230703
063760,3655,3720,3640,3710,22737,84077560,2.49,34596232300,3301470.0,-7415.0,20230703
123570,3420,3480,3405,3475,22126,76229370,1.61,77409371050,5302445.0,12235.0,20230703
083470,2935,3095,2935,3000,332471,1000190590,2.74,64020987000,232594015.0,-44990.0,20230703
095190,2715,2760,2715,2745,129920,355534420,1.1,116884946565,85743915.0,-203770.0,20230703
091120,31850,32350,31500,31950,211059,6734255350,0.31,547397305200,-383401650.0,388288550.0,20230703
039030,112900,117600,112400,115000,229444,26566095300,2.77,1416748250000,-692317300.0,2341282600.0,20230703
294090,28300,28450,28250,28400,305322,8661314450,0.18,862288723600,4422151150.0,137415600.0,20230703
088290,4240,4660,4235,4510,356041,1593758120,6.49,109524172890,414315760.0,584265.0,20230703
181340,0,0,0,2705,0,0,0.0,54259503030,,,20230703
353810,3875,3920,3835,3920,56518,220346410,1.55,134031542400,48116400.0,,20230703
099750,22500,22850,22000,22100,18965,423236150,-0.23,151048549600,-33098600.0,745500.0,20230703
377330,10970,11150,10970,11060,18165,200896420,0.82,89579961240,30378760.0,-2389030.0,20230703
035810,3180,3225,3180,3215,109247,349763400,0.94,209443891675,6227110.0,135030.0,20230703
160600,0,0,0,3100,0,0,0.0,106895911200,,,20230703
092130,15850,15900,15740,15870,5810,92029720,0.7,191131932000,-4809950.0,-30.0,20230703
096040,0,0,0,271,0,0,0.0,191361580945,,,20230703
134060,6350,6700,6340,6700,34721,227565460,6.86,31953975000,40929770.0,-17280.0,20230703
001840,4050,4200,4050,4160,93744,388389335,2.84,82391961600,116964420.0,0.0,20230703
024810,0,0,0,899,0,0,0.0,181597539712,,,20230703
041830,29700,31150,29250,30700,173794,5319611650,4.96,420092107400,-180581050.0,402652850.0,20230703
352940,5050,5110,4940,4955,42321,212376945,-0.9,53849602150,-41803010.0,72250.0,20230703
079950,1628,1704,1628,1692,155226,262897049,3.05,39254400000,62407316.0,5540709.0,20230703
389470,8850,9080,8850,8950,27699,248669440,0.34,75229726200,57072130.0,,20230703
277410,2645,2785,2615,2715,3321472,9055790580,0.56,95699376135,1393963455.0,-3191625.0,20230703
060150,8660,8710,8530,8660,312472,2699606440,-0.12,403240879920,-165627340.0,194462540.0,20230703
033230,3745,3860,3730,3765,1650046,6261526040,-0.13,147645905700,79252490.0,-54567685.0,20230703
037330,2125,2165,2125,2140,27273,58539670,-0.47,93914379360,-2683180.0,14823555.0,20230703
100030,20050,20800,20000,20500,28460,582195700,2.24,67316137000,134257100.0,7608100.0,20230703
211050,14250,14710,13590,14300,74852,1050162070,0.35,146946228000,287945060.0,-19411970.0,20230703
083640,673,717,673,717,1146433,804180455,7.17,41611318704,251180205.0,40433464.0,20230703
216050,14270,14580,14270,14460,30730,444302280,1.33,185712990120,53895010.0,28034670.0,20230703
049070,33900,35150,33700,33950,330669,11358015700,0.15,583940000000,-817735600.0,343666400.0,20230703
119610,37700,37900,33850,34900,371308,13028151700,-5.42,461255082200,-929283150.0,-3057137550.0,20230703
017250,1420,1482,1420,1481,168463,245941343,5.56,31168336627,31846494.0,-47903186.0,20230703
051370,12670,12860,12460,12580,165693,2098249330,0.16,293459597760,278686640.0,-295925570.0,20230703
064290,30950,33900,30850,33600,767124,25135989400,10.16,429406723200,-1309539000.0,5069817000.0,20230703
189300,73500,74400,72700,73800,114188,8422787200,0.54,677754772200,-132008800.0,907909100.0,20230703
150840,0,0,0,5850,0,0,0.0,223669017000,,,20230703
048530,6360,6540,6360,6500,77717,502733830,2.2,221979953000,4041980.0,-2910000.0,20230703
175140,9560,11830,9560,11700,313292,3438863400,22.51,172389555000,72980500.0,-97776340.0,20230703
115310,23100,23550,22500,22750,16359,374825150,-1.52,72638088250,-176052900.0,-32663750.0,20230703
039290,11920,12290,11920,12290,48769,595165220,2.59,106848989620,214657940.0,218640.0,20230703
071200,5910,6150,5910,6000,501689,3013195320,1.52,146378748000,-497943150.0,,20230703
101930,11640,11760,11500,11650,14801,172314570,0.09,108714363250,-5503590.0,,20230703
333430,3825,3890,3805,3835,219621,844570365,0.92,117837074745,44192965.0,264615.0,20230703
068330,1899,1899,1849,1849,107955,201431746,-1.75,81755642860,-24885704.0,,20230703
178780,0,0,0,8650,0,0,0.0,120790286750,,,20230703
019540,4260,4300,4165,4220,117524,498616180,-0.71,57026970000,-78762350.0,-326825.0,20230703
094820,13550,13780,13540,13680,73097,997214950,1.03,206276739120,173565080.0,-2872850.0,20230703
950140,9580,9960,9290,9410,360754,3483727890,0.32,186956619060,-73133300.0,-3341630.0,20230703
049550,4745,4865,4745,4800,15205,72814635,1.59,94110129600,2988975.0,-186920.0,20230703
389020,35900,37550,35800,37000,64505,2374345200,5.26,229316010000,398140200.0,-140070250.0,20230703
254120,3050,3140,3020,3045,795020,2439173825,0.83,89145328650,-35482180.0,,20230703
043910,1312,1330,1296,1304,2014534,2638204925,-0.53,106118941024,335091348.0,,20230703
234920,14500,15650,14300,15500,382145,5722522960,1.17,209729105000,124438940.0,18705020.0,20230703
289220,15300,15760,15300,15600,59922,934263090,1.83,345099222000,1985330.0,17484050.0,20230703
174880,0,0,0,530,0,0,0.0,11610352250,,,20230703
049630,674,679,661,669,202050,135015234,0.3,55647457464,64636465.0,-58196417.0,20230703
417840,18250,18510,18130,18270,148385,2712562670,0.77,130118026500,246318810.0,-27305660.0,20230703
110020,5030,5040,4840,4850,55979,274190270,-3.58,35837765500,-61467720.0,-16540050.0,20230703
208140,2490,2525,2490,2505,142341,356778945,0.6,81874036230,7233815.0,2405340.0,20230703
040420,7300,7300,7210,7260,5251,38138900,0.0,113819027520,529800.0,,20230703
045510,1362,1380,1350,1367,20889,28550277,0.37,44030102164,-3651597.0,,20230703
217190,13700,14790,13610,14750,248163,3559322200,8.22,129345316500,310107560.0,512798170.0,20230703
095700,10200,10420,10080,10140,179311,1843442310,-0.59,420917423160,-165024410.0,354390000.0,20230703
072520,692,701,688,692,318350,221416220,0.0,39556930248,34742383.0,,20230703
122310,7360,7400,7310,7400,16713,123005220,1.65,107698445600,4124230.0,938700.0,20230703
361390,19810,20150,19800,20150,25252,504837480,1.92,151140898350,167606660.0,6384040.0,20230703
187420,4510,4575,4470,4540,21531,97405865,0.67,102263545400,16213410.0,,20230703
225220,4385,4390,4295,4335,80426,348090930,-0.46,83188741035,-39762575.0,4300000.0,20230703
123330,4670,4795,4545,4790,39313,183072400,4.81,33530000000,16936130.0,1801960.0,20230703
159580,6590,6720,6590,6600,56714,376558200,0.3,132215397600,54122020.0,-48585020.0,20230703
147830,4745,4875,4735,4850,508841,2449848260,2.21,97000000000,128914245.0,-140040.0,20230703
033100,19750,20950,19750,20550,1278577,26100323940,7.14,330082504950,-832474140.0,4683121410.0,20230703
079370,35600,39000,35400,38350,786782,29785187150,9.26,396500650000,5322684050.0,1300994350.0,20230703
054950,28700,29350,28100,28900,51850,1482801300,-0.34,349397878800,25072650.0,-87605750.0,20230703
023440,2530,2660,2530,2600,793317,2065777720,3.17,126485951800,438038135.0,-4272575.0,20230703
090470,9600,10270,9600,9930,257511,2572484890,3.65,161054858670,466062040.0,-77751590.0,20230703
287410,10500,10570,9530,9730,2478791,24439161360,-5.99,743221165540,1188130640.0,-4708116360.0,20230703
137950,8310,8400,8250,8360,157279,1309207680,0.6,186158925040,66752450.0,80374270.0,20230703
033320,5300,5540,5300,5430,710735,3870584740,4.22,103791365760,1213734170.0,-18360.0,20230703
417500,5280,5440,5210,5340,1197831,6394586560,2.3,175070532960,752562140.0,,20230703
204270,7940,7980,7740,7770,46495,363801570,-0.89,449482580820,-141787710.0,23594200.0,20230703
026040,2740,2770,2725,2765,28902,79577400,2.41,45632979350,-22059405.0,,20230703
126880,6800,6930,6750,6850,349964,2394388820,1.93,158953585550,787718050.0,-2244060.0,20230703
322510,14560,15770,14300,15400,686912,10349346750,6.57,248905764800,1542507050.0,152137560.0,20230703
033050,1269,1303,1269,1300,124947,161086365,2.44,42353144600,1720220.0,0.0,20230703
094970,3480,3530,3445,3530,108852,379512370,2.02,59121287200,101440090.0,,20230703
418550,32400,34200,31900,34100,521500,17431009550,6.73,1068566909300,1517956500.0,1042896250.0,20230703
089790,8920,9560,8890,9500,415368,3913835610,7.47,97997373500,451515510.0,-2172710.0,20230703
052670,1794,1829,1770,1804,100428,180684702,0.11,52548831456,6302022.0,,20230703
199820,14020,14290,13700,14120,687978,9626743630,0.93,156873200000,-125061420.0,-6560980.0,20230703
038010,10440,10960,10270,10770,424620,4562151280,4.66,96930000000,49035700.0,851471540.0,20230703
276730,1505,1570,1490,1498,285721,430599451,0.2,86307406318,8460363.0,,20230703
080220,5020,5120,4990,5070,452804,2297996070,2.42,174625163310,887829840.0,-35490.0,20230703
216080,20450,20650,19980,20050,62125,1251456140,-1.96,357436542950,-201735080.0,-129250.0,20230703
229000,3035,3190,3035,3040,119270,372796950,0.16,40298686880,155342325.0,44110.0,20230703
082270,14110,14500,14050,14180,101586,1457524450,0.5,565185816080,33037390.0,332211220.0,20230703
064800,1280,1289,1274,1286,132588,169940523,0.47,107698792462,58625989.0,2572.0,20230703
044060,0,0,0,732,0,0,0.0,70075958688,,,20230703
034940,2125,2165,2110,2150,64035,137467230,0.23,66606628050,1480000.0,,20230703
067000,3965,3980,3915,3925,135382,533714380,-0.25,269300267025,-122981700.0,6484310.0,20230703
033340,0,0,0,2110,0,0,0.0,204565677380,,,20230703
036930,19200,19670,19120,19210,2309111,44835607650,1.11,926867362520,-413694890.0,2053336290.0,20230703
239340,3395,3685,3370,3525,1191441,4220081470,4.44,95103209850,316621180.0,48725.0,20230703
051980,4445,4730,4270,4655,2289636,10397421945,10.83,328993270130,-294315325.0,920090.0,20230703
072020,11300,11510,11270,11400,36177,412136900,0.88,113544000000,102489660.0,1969290.0,20230703
000440,18800,19050,18800,18940,11488,217179920,0.64,117941842200,53942560.0,0.0,20230703
078650,0,0,0,2120,0,0,0.0,8647007240,,,20230703
228760,14530,15400,14230,15190,954960,14337438260,5.85,340286061010,2255154180.0,417671550.0,20230703
314130,17320,17500,17020,17310,20357,353086840,-0.06,244114638510,18219610.0,1961620.0,20230703
389030,3215,3300,3155,3255,637387,2063352245,0.31,107256302475,11512470.0,19988685.0,20230703
043610,3765,4020,3765,3820,1166597,4554062310,1.46,222000973160,-196271485.0,122221005.0,20230703
263860,16430,16430,11930,12200,1481948,19038943960,-27.55,115224120000,-711140730.0,-46379280.0,20230703
303030,1595,1668,1595,1644,77762,127984329,3.59,58765878192,34309342.0,1397981.0,20230703
036180,737,770,730,736,846215,631207603,-0.94,40997884192,-150672357.0,,20230703
208350,4020,4090,4005,4050,25479,103360490,0.75,35796123450,4175870.0,1114740.0,20230703
144510,39200,40200,39150,40000,54081,2157049900,2.04,632013760000,-370865150.0,280806900.0,20230703
358570,19480,19600,18500,18930,128616,2449887850,-0.89,417379998000,30351680.0,-378027630.0,20230703
382480,4580,4735,4565,4690,698384,3264520420,3.42,184584986600,802947775.0,-37034285.0,20230703
382800,20450,20750,20200,20400,35120,720006850,1.49,153040861200,117002650.0,19150.0,20230703
051160,6950,7100,6920,7020,90569,635739150,1.01,108630498600,119150110.0,-1918100.0,20230703
053050,3565,3625,3565,3605,199078,716683730,1.12,108105287185,173349300.0,,20230703
119850,4780,4910,4780,4890,210343,1025623180,2.41,80435165010,115118175.0,19560.0,20230703
065060,439,444,437,440,87214,38346663,0.23,43123539360,-1759304.0,0.0,20230703
204840,784,794,775,781,113831,89112855,-0.38,48503271641,2346919.0,,20230703
270520,11170,11520,11120,11330,929798,10514814250,1.52,473169192980,260246890.0,-42496460.0,20230703
311320,13620,14550,13550,14250,264657,3773511300,5.56,179757480000,1132848670.0,-241200.0,20230703
388050,11630,11860,11500,11830,368978,4305325550,3.77,215513628330,555759790.0,-9764650.0,20230703
219750,0,0,0,2850,0,0,0.0,27234072750,,,20230703
018120,16270,16290,16200,16220,2105,34169680,-0.31,107394566400,-6228120.0,60.0,20230703
109820,3810,3895,3730,3745,72341,273831730,-1.71,76374181800,-9484180.0,,20230703
086060,4285,4415,4285,4335,58765,256871690,2.12,37326894645,25076755.0,2048040.0,20230703
036890,13420,13530,13130,13380,607470,8098662220,0.45,300812745840,-1132858280.0,283854850.0,20230703
363250,25550,27250,25350,26000,224440,5897877000,2.16,180996140000,-414701550.0,194428150.0,20230703
007370,6240,6280,6190,6220,19346,120352920,0.0,74640000000,5509100.0,-12920.0,20230703
285800,6490,6630,6410,6510,207205,1353778870,-0.15,111357260700,295249910.0,-376581730.0,20230703
085660,14200,14290,14070,14070,178559,2528963110,-0.85,791695234260,-679907320.0,488792870.0,20230703
261780,5030,5100,4950,4995,56121,281096830,0.0,133027649190,-42900480.0,,20230703
094850,9070,9070,8860,8880,48114,427321840,-0.22,124320000000,-17010590.0,-133265990.0,20230703
004650,10460,10460,10310,10450,7940,82478010,1.65,96044748250,-3007000.0,-2560.0,20230703
278280,191100,197300,191100,195100,58097,11338806300,1.3,1951000000000,2297552400.0,1468237900.0,20230703
362320,7510,7670,7410,7600,98298,743547900,2.98,156189804000,183920790.0,-167200.0,20230703
066360,1441,1511,1428,1460,1140120,1662143779,0.83,68435025300,113824953.0,321227878.0,20230703
047820,0,0,0,5400,0,0,0.0,117248590800,,,20230703
131100,2500,2500,2345,2345,80157,191010270,-0.85,65773150940,2576130.0,-150170.0,20230703
052300,359,399,352,364,6912539,2602287478,1.39,43189120520,-63077671.0,-672663.0,20230703
094360,31450,40850,31150,38400,6163112,235040433300,22.1,370188096000,-472113400.0,-2564878450.0,20230703
016790,24200,26150,24150,25850,1873720,47618332450,9.53,1211471701550,6038776950.0,552218450.0,20230703
016920,1610,1623,1602,1623,58102,93697921,0.81,42999012174,2940244.0,3451840.0,20230703
284620,4570,4695,4415,4450,25888,116631800,-2.63,124254662200,-20723860.0,,20230703
293490,32900,33750,32850,33150,501380,16711970650,0.91,2733185908050,28910200.0,1040886350.0,20230703
042000,13650,14440,13600,14220,986760,13856341900,1.94,319910155560,1060661920.0,-956090.0,20230703
317530,7220,7320,7100,7130,99583,716128540,-2.06,49633327480,100906280.0,,20230703
071850,2430,2430,2350,2350,70179,166228395,0.0,38937591800,-18356480.0,712835.0,20230703
050110,1664,1681,1663,1670,300482,502430805,0.18,123286277060,44271468.0,,20230703
119860,13360,13450,13120,13130,72553,961736390,-2.31,613790512790,-91243740.0,128855390.0,20230703
223310,2265,2360,2250,2330,151858,349366930,3.56,36651764430,21734635.0,,20230703
900310,1295,1295,1222,1241,1282310,1611662128,-0.56,79475718675,-213000966.0,,20230703
078340,60600,61200,59400,59900,174251,10472445100,-1.16,770698558000,-398660800.0,-892100000.0,20230703
063080,37750,38350,37450,37900,46644,1764962950,0.53,249957776800,72829050.0,-289915700.0,20230703
307930,6080,7510,6060,6790,4834992,34513247930,17.47,105991900000,-954056430.0,-32501040.0,20230703
079190,1225,1262,1222,1248,201639,251480495,2.46,47867681472,50803003.0,,20230703
263700,6110,6140,5990,6020,79630,481134850,-0.82,116873484000,98104270.0,-42140.0,20230703
214370,260000,264000,234500,236500,120080,29342258500,-8.86,2540719500000,-2883705500.0,-3422609000.0,20230703
221980,14010,14320,14010,14260,16332,232056340,2.0,57536248000,31501690.0,-11409740.0,20230703
038530,0,0,0,352,0,0,0.0,32389783712,,,20230703
424140,2090,2110,2090,2090,23259,48755665,-0.71,16113900000,-18875.0,2671455.0,20230703
436530,0,0,0,2170,0,0,0.0,11327400000,,,20230703
440200,0,0,0,2045,0,0,0.0,12525625000,,,20230703
192250,1499,1508,1487,1503,202088,303584049,0.94,106218899271,28883673.0,,20230703
115500,7740,8020,7650,7740,115309,900550130,-0.77,92880000000,-7811810.0,7890.0,20230703
089150,3560,3600,3525,3575,34177,121674075,1.42,61311250000,47013195.0,5.0,20230703
025880,2805,2895,2805,2850,78643,225135520,0.88,47640195300,21509145.0,,20230703
093320,65500,67000,65000,66100,29394,1940119000,1.23,322568000000,18388400.0,-483800.0,20230703
093640,8650,8740,8380,8620,286235,2453951940,0.23,251819352840,75537160.0,-84577850.0,20230703
073010,2565,2645,2550,2580,119356,308191525,0.58,93376023060,12326055.0,-51505.0,20230703
105330,11320,11540,11280,11470,72701,829858300,0.53,139192831540,145009500.0,56250.0,20230703
053080,11130,13460,10990,12560,7403003,93902797390,14.08,163277575920,-1616466170.0,443024620.0,20230703
272110,22750,25000,22500,23550,332393,7875872350,4.2,187114052250,24320150.0,-27436650.0,20230703
039420,2755,2835,2755,2835,199789,561930725,3.09,68478659550,78252750.0,1876165.0,20230703
083550,5380,5550,5360,5510,54637,297659490,2.23,64867516390,8962620.0,1686850.0,20230703
032500,14800,15070,14610,14770,119085,1767786820,-0.27,588154441910,-120111930.0,313968180.0,20230703
225430,1234,1250,1231,1233,75276,93241529,0.49,34384732650,-3024355.0,,20230703
102370,4705,4900,4705,4775,52664,251121220,1.06,129756494625,16500095.0,5.0,20230703
036030,6680,6720,6530,6590,120767,800193900,-0.9,323037074970,-72475280.0,-7323870.0,20230703
064820,4530,4530,4415,4470,72274,323555010,1.59,138130724160,57241210.0,-17926325.0,20230703
256940,10280,12350,10280,10950,942533,10558491310,5.59,205297805100,169793760.0,11969250.0,20230703
024880,5300,5590,5300,5540,308815,1696936360,4.53,110724777880,497426570.0,275514210.0,20230703
042040,469,494,469,489,765457,371220473,4.49,84188011158,26835077.0,27845.0,20230703
054410,6350,6540,6350,6530,84451,546940090,2.83,33041800000,184704290.0,-19340.0,20230703
258610,3950,3970,3765,3815,253700,975597675,-3.66,102192912395,16218975.0,-716135.0,20230703
274090,15950,15970,15400,15420,164375,2549468700,-1.97,197135525100,-591978060.0,7683550.0,20230703
089010,25500,26500,25300,26000,223031,5810088600,2.56,386312082000,874951200.0,-79627600.0,20230703
220260,8900,9050,8830,9020,202733,1819270400,2.27,239555929140,440319090.0,-6655940.0,20230703
052400,17300,17590,17110,17550,41269,718698360,2.45,263249982450,378195290.0,-29231320.0,20230703
402030,68000,70900,68000,69300,37475,2615902700,1.76,393654769200,357096100.0,-3650800.0,20230703
391710,3750,3820,3710,3765,454392,1713035450,0.4,156259630830,302539265.0,,20230703
046070,1224,1240,1200,1240,59101,72098164,1.31,52830952680,-14018999.0,,20230703
047770,2300,2355,2275,2275,508942,1172580040,-1.94,86091919550,-139252895.0,-700100.0,20230703
078940,3500,3750,3500,3750,4887336,18027230480,29.98,171036300000,79234550.0,-32754600.0,20230703
080530,1435,1484,1422,1479,73379,106912306,3.07,46801091460,2614868.0,-1469564.0,20230703
104540,13000,13030,12640,12810,79528,1017701760,-1.61,162981232890,51312150.0,2446880.0,20230703
027050,2910,2935,2905,2920,102491,299194880,0.17,116800000000,4465115.0,13100460.0,20230703
190650,6940,7010,6920,6980,9307,64835220,0.29,44588240000,-3072560.0,-55840.0,20230703
123410,3765,3790,3695,3745,1052308,3940962425,2.46,104264784680,-36060840.0,-321925.0,20230703
036690,3530,3720,3525,3615,107561,387271105,2.99,57496350870,125434475.0,-18690.0,20230703
049430,9500,9520,9380,9500,20534,194275910,0.85,85956000000,10098960.0,2266330.0,20230703
183300,61800,63000,60900,61600,77078,4765098600,-0.16,644378134400,-445273100.0,-533638000.0,20230703
041960,6870,7080,6870,6920,135269,942668330,0.73,444166261920,-172669730.0,213910570.0,20230703
089890,14190,15400,14060,15230,1654445,24556663230,6.8,252588971260,4065521420.0,-661105400.0,20230703
009730,4800,4850,4700,4800,131873,628422095,0.0,144758702400,-25169375.0,,20230703
082660,840,900,840,842,1314817,1133357190,0.48,70665231426,-22222912.0,,20230703
222040,5800,5950,5740,5880,47159,275388850,0.17,121292640000,16956000.0,-1580.0,20230703
241710,24950,25500,23750,25250,394386,9796511000,2.85,269670000000,-201120750.0,1528455200.0,20230703
069110,0,0,0,2630,0,0,0.0,62963935800,,,20230703
355150,3105,3225,3100,3200,737495,2350785460,4.07,117336982400,596397155.0,19506290.0,20230703
166480,8100,8120,8000,8050,38445,309187540,0.0,264606526800,-14124710.0,-60022610.0,20230703
045970,9780,10180,9780,10180,564497,5673319830,4.3,267885437680,1224345670.0,11698150.0,20230703
196450,1778,1810,1733,1779,150056,266915283,1.83,73352841654,70136362.0,,20230703
029960,7520,7610,7480,7510,129637,977167070,-0.4,375500000000,-137159780.0,135441500.0,20230703
102940,30300,30700,30000,30100,14790,447159400,-0.66,343511915600,-40757600.0,,20230703
950160,9550,9750,9440,9660,52211,503053650,2.01,702335081700,34804060.0,,20230703
033290,4540,4610,4505,4555,265758,1211959415,0.33,403118565870,57920360.0,102156085.0,20230703
056360,7140,7200,7090,7160,20300,145056420,0.28,70145088000,20209510.0,10.0,20230703
282880,36300,36950,35900,36350,182892,6648488750,1.68,364725649300,-670156400.0,-244044900.0,20230703
121850,2220,2325,2210,2285,280500,642778125,1.78,69953389875,59178725.0,,20230703
015710,5240,5630,5240,5410,147087,801510250,4.24,94840005000,281189100.0,1314130.0,20230703
052330,8800,8880,8790,8830,23027,203359670,0.46,137523294160,-10214420.0,,20230703
322780,2700,2795,2545,2550,449081,1176612835,-3.23,96728163150,-77412625.0,-919135.0,20230703
200130,19100,19340,19050,19110,56324,1080831080,-0.21,564577393380,-363482780.0,255550580.0,20230703
294570,25200,25550,24750,24800,69578,1744306300,-2.36,254316188000,-74008950.0,43196500.0,20230703
317690,4475,4700,4475,4480,21158,96610050,1.13,74087601280,-2339980.0,0.0,20230703
365270,10310,10600,10150,10320,125232,1300108450,0.49,142911029760,-45775240.0,,20230703
348080,3295,3465,3240,3365,866604,2875017785,3.06,122288077430,336243410.0,-306000.0,20230703
060280,19150,19550,18900,19550,1248261,24128934300,6.02,800689604500,206089780.0,477009900.0,20230703
040350,498,516,495,506,333776,168503404,1.61,63742576832,31386602.0,,20230703
051780,426,427,420,422,293624,123644118,-0.94,52506273900,12790079.0,,20230703
115180,9250,9260,9060,9240,18681,170777300,-1.07,112711885440,-21507330.0,-27309200.0,20230703
182360,25100,25300,24400,25100,218130,5413567250,-0.79,346497643700,-1093349200.0,324999850.0,20230703
405100,13480,13650,13210,13280,58284,782178440,-1.56,159040722240,-119358370.0,-134363810.0,20230703
066310,11340,11740,11240,11440,117189,1352975360,1.42,106067344240,300996980.0,-3504000.0,20230703
016600,430,435,423,427,1057649,453350650,-0.7,76111516824,17052177.0,17934.0,20230703
096240,18260,18260,18000,18150,15294,277141790,-0.6,209519316600,-56327370.0,11972400.0,20230703
114120,0,0,0,10850,0,0,0.0,24913021350,,,20230703
110790,18220,18360,18050,18360,12693,231013390,0.71,215096212800,-15743200.0,2827350.0,20230703
900250,3635,3810,3530,3675,8150993,29830910940,1.52,352399568325,-408559540.0,,20230703
083790,4370,4480,4245,4310,183790,794380900,-1.03,331413924420,13819280.0,-55493690.0,20230703
045520,8030,8040,7950,8020,8292,66209710,0.38,52130000000,-7370440.0,,20230703
036170,1246,1271,1239,1252,678199,850981144,1.21,76829763752,286910593.0,,20230703
214150,32500,32600,30500,31700,511730,16006667750,-1.86,2053421453400,2546807300.0,-2127147650.0,20230703
352770,6050,6130,5990,6030,91146,550854540,-0.33,82129450230,-5374230.0,,20230703
237880,20350,20600,19610,19640,117416,2329100250,-3.25,354921372920,-132309270.0,-839462620.0,20230703
139670,7070,7380,7070,7160,51293,370719960,1.85,100106902760,33828540.0,,20230703
413600,2180,2220,2180,2200,4201,9206040,0.23,7546000000,23205.0,0.0,20230703
433530,2125,2135,2125,2135,4049,8611950,0.23,8764175000,-142710.0,-4794935.0,20230703
446840,2120,2130,2120,2130,1157,2460555,0.0,12524400000,61730.0,-500320.0,20230703
054780,7100,7210,7100,7130,31398,224756860,0.28,139375764090,-12886780.0,4834790.0,20230703
219130,24950,25400,24700,24950,24734,618989600,-0.4,157541535500,-208811850.0,175300.0,20230703
360070,63100,65500,62800,64300,56539,3644091000,3.21,513393254900,-47546900.0,-101974300.0,20230703
065130,6270,6420,6110,6330,87981,552613780,1.77,101129706810,146854710.0,1834160.0,20230703
134580,5010,5140,4945,5020,40350,202711910,0.2,100700416880,27625800.0,,20230703
023160,18570,18570,18180,18350,124181,2273907160,-0.43,486275000000,-276488970.0,-271040080.0,20230703
323280,2455,2710,2440,2640,2829438,7487776235,7.76,66626287200,923367465.0,-192018095.0,20230703
053620,8340,8340,8100,8260,17947,146953670,1.1,71036000000,4686620.0,-99470.0,20230703
044490,17610,17640,16660,16810,87004,1475469920,-2.49,336324074610,-473762000.0,1798090.0,20230703
124560,4250,4250,4200,4210,104582,440898460,-0.12,161733818640,-6914495.0,854715.0,20230703
191420,11930,11930,11680,11780,20688,243308860,-0.59,95522064520,28437880.0,543310.0,20230703
073640,5810,6830,5690,6630,14907127,96050639620,23.23,607399494000,9513894060.0,-9871390.0,20230703
066700,4410,4475,4320,4380,132839,584765570,-0.45,142238025300,-52095900.0,-12170.0,20230703
095610,21550,22050,21300,21750,228067,4961022650,2.11,429958915500,1355867000.0,-817464550.0,20230703
064520,5430,5570,5390,5570,43059,236866040,2.2,71233086850,33559600.0,,20230703
089030,8500,8780,8340,8680,1153005,9913533470,4.08,324229638600,23094390.0,845439550.0,20230703
054450,18960,21050,18860,19700,2537172,51114508670,5.4,287148874500,-983376970.0,-267648480.0,20230703
091440,2345,2410,2340,2390,57480,136662200,2.14,24468793710,26045420.0,,20230703
200230,1152,1172,1152,1159,95206,110542155,0.09,129670604027,849599.0,10629624.0,20230703
393210,4810,5000,4795,4930,128649,631725955,2.82,25607514460,1588555.0,,20230703
215480,4445,4515,4430,4500,26934,120564980,1.24,43267306500,-4091225.0,995680.0,20230703
051360,14220,14390,13650,13950,176375,2467759820,-1.62,226925459100,71056820.0,-49739410.0,20230703
045340,4560,5460,4560,5200,2200010,11404392005,14.54,44501808000,-243739405.0,810525.0,20230703
108230,8650,8820,8560,8700,115653,1009608000,1.99,330802231500,123879460.0,-53553100.0,20230703
079970,901,912,847,897,2115754,1850831510,-0.44,69760236273,-70799277.0,-92241451.0,20230703
199800,40350,41350,38200,38550,59441,2312993250,-4.7,305288012700,-524270400.0,-543793200.0,20230703
417790,13550,13780,13200,13200,129897,1742804000,-2.65,145195380000,-53140530.0,-302738080.0,20230703
105550,2160,2175,2145,2170,102193,220705230,0.7,96234825820,-16546715.0,-5892550.0,20230703
290090,14880,15000,14530,14910,30635,455216660,1.98,109761306900,88726380.0,64724360.0,20230703
026150,8500,8640,8490,8520,59616,509693520,0.12,149494740120,45144250.0,-8610.0,20230703
322180,16200,16700,16000,16400,52791,860646640,1.8,90056500000,179853310.0,13280680.0,20230703
117730,22400,22800,21550,21900,970803,21350469950,-2.45,338172594900,2019949050.0,9125450.0,20230703
033830,1001,1018,1001,1009,98043,98863726,0.5,100900000000,,,20230703
057680,3610,3745,3455,3475,434433,1559476125,-3.61,193241987375,-452438670.0,-386830.0,20230703
204610,1696,1722,1696,1713,394771,676100843,1.12,114739686360,91225059.0,1060364.0,20230703
064760,115200,118800,113200,113600,53904,6229964900,-1.3,1326280000000,-764029500.0,341048800.0,20230703
246710,13100,13170,12710,12740,42562,545868550,-0.47,270080585320,-54541140.0,-23350900.0,20230703
340570,55500,55600,52300,52800,87268,4671014500,-2.94,429158400000,-1830010200.0,64818800.0,20230703
043220,732,746,690,704,346229,249998307,-3.83,76594959936,17339625.0,-46027480.0,20230703
277880,14090,14560,14070,14160,567713,8118151240,2.24,285332396880,458441110.0,192013660.0,20230703
131290,56300,58800,55300,55500,301809,17194086900,0.54,613909309500,920199200.0,-3164190800.0,20230703
425420,13090,16750,13090,15710,4373550,66603367930,21.31,178795510000,836323590.0,198780240.0,20230703
356860,26800,29650,26750,29100,950270,27324573800,10.23,286129533000,176056750.0,3423613200.0,20230703
062860,0,0,0,5800,0,0,0.0,57261776000,,,20230703
321550,9200,9390,9160,9220,40521,374586320,0.66,224892193160,7385740.0,-53100450.0,20230703
425040,58400,58900,56600,56600,192599,11074931300,-3.08,601438052400,-2617468200.0,-981229600.0,20230703
104480,2420,2445,2395,2415,400916,969849995,0.21,219512473110,19101925.0,102213160.0,20230703
081150,3770,3830,3755,3810,109415,415959625,1.74,92462611620,153743240.0,,20230703
130740,3035,3055,2995,3050,35535,107702335,1.5,34393870950,75190.0,,20230703
084730,12540,12750,12410,12470,50714,636628690,-0.56,138534517280,198908680.0,-25566330.0,20230703
046210,5370,5450,5130,5370,397703,2121703340,0.0,172573864200,162640790.0,-75180.0,20230703
058530,0,0,0,1620,0,0,0.0,32527053360,,,20230703
034230,14230,14750,14080,14490,1291958,18637266450,2.55,1328338712610,-3369411050.0,2716855450.0,20230703
033540,850,850,840,846,54733,46215521,0.48,61906370634,91438.0,,20230703
043200,850,870,850,860,302371,259063302,1.18,35951710900,-14793191.0,,20230703
214450,143800,143800,126500,133000,457254,60696037100,-7.45,1363776148000,-7205171000.0,-2084601700.0,20230703
208340,3030,3155,3025,3055,191330,588797785,-0.16,78448691230,-8240740.0,,20230703
177830,4355,4480,4355,4445,107725,476880375,2.07,63513507085,125237640.0,,20230703
037070,13500,13810,13500,13760,88588,1213987980,2.61,275200000000,211711960.0,-10118220.0,20230703
150900,8830,8970,8520,8610,98599,854969200,-3.04,100245558420,47726860.0,10712150.0,20230703
037030,3465,3890,3465,3655,1782306,6615251135,5.48,71353100060,-7246790.0,426540.0,20230703
047310,6230,6460,6230,6420,260113,1661079750,2.39,220982704440,-133039040.0,236960.0,20230703
368770,4885,4975,4810,4915,4314532,21247793615,0.1,161478515875,-439997500.0,-252156565.0,20230703
170790,16720,16980,15970,16130,129993,2110318280,-4.84,110592602900,-84535150.0,68545050.0,20230703
049120,1389,1415,1389,1415,26991,37825069,1.87,42622195595,1412894.0,,20230703
038950,5060,5190,5050,5170,42171,216225400,2.17,52789655050,35748240.0,30.0,20230703
441270,8940,9310,8910,9300,251530,2300975140,4.73,335304013500,454480770.0,343680390.0,20230703
106240,2240,2325,2235,2270,292000,663223115,1.57,36145339390,102995260.0,-6593160.0,20230703
131760,1105,1136,1100,1125,173603,194200259,2.27,48000345750,68989090.0,-61370334.0,20230703
065690,1826,1879,1821,1852,46399,85375397,2.43,26019361012,-4840362.0,,20230703
140860,188000,193500,188000,192300,33776,6483942000,2.34,1339042397700,115519900.0,318097600.0,20230703
091700,9160,9170,8960,8990,349721,3165301400,-1.86,529674743860,-1014071100.0,267672880.0,20230703
032800,403,421,399,401,3563401,1451036438,-0.25,47231902894,115290745.0,,20230703
318010,9500,9630,9310,9490,6713,63420200,-0.73,75249417620,5340610.0,,20230703
027710,2105,2160,2085,2135,1796318,3824073895,0.71,237874441000,457333150.0,1120875.0,20230703
225590,1569,1595,1562,1577,150161,236585099,1.02,42006096401,10525643.0,,20230703
054300,733,742,725,736,174992,128036529,0.41,48864573824,10706618.0,,20230703
068050,5360,5360,5110,5170,499462,2586394110,-2.82,143178372920,-186496960.0,-682105070.0,20230703
222110,5380,5500,5370,5400,5129,27785270,0.37,57659202000,-2507700.0,2148890.0,20230703
271830,5050,5260,4970,5180,396341,2026598520,2.57,148784342280,160562080.0,169471960.0,20230703
263750,53400,53600,52100,52900,246169,12994525500,0.57,3398711529500,-2283537700.0,1813172600.0,20230703
251970,21450,21850,20400,21100,81201,1694302550,0.0,261640000000,218897800.0,-440183700.0,20230703
168360,16970,17340,16500,16500,1438572,24266808250,-1.67,175628343000,-3424539660.0,50052190.0,20230703
087010,13680,14600,13610,13950,1307952,18395321930,1.97,287744599350,-137983840.0,103551870.0,20230703
119500,3710,3745,3695,3740,38276,142578755,1.77,44308647680,-5922255.0,-3730.0,20230703
389140,11270,11690,11100,11640,107838,1236100790,6.11,128031095400,243785450.0,78964230.0,20230703
022100,15430,17260,15330,17140,16371188,269580579130,12.39,2605875255060,2505450810.0,7429476810.0,20230703
009520,23400,24350,22950,24350,1179289,28011276000,5.41,1013999818050,1778978950.0,1271228000.0,20230703
189690,3220,3990,3190,3990,2667880,9980233935,29.97,36338218770,30692840.0,-2943045.0,20230703
318020,0,0,0,18100,0,0,0.0,229187123200,,,20230703
256630,1985,2010,1972,1985,83352,165373435,0.0,115124187920,-20311920.0,-24621788.0,20230703
331380,2340,2420,2340,2400,114335,274038750,3.45,45716596800,52981960.0,361090.0,20230703
234100,2315,2345,2310,2320,174333,405483075,0.87,114157439760,84148075.0,,20230703
041020,3240,3315,3215,3245,1360966,4442868840,1.09,161359241010,522846960.0,2045460.0,20230703
114630,800,825,798,814,418946,341938271,2.26,51868016508,85060091.0,,20230703
290720,9950,10050,9730,9860,147725,1457816140,-1.89,132154151880,26454510.0,-1430860.0,20230703
005670,5730,5730,5600,5690,21598,122160840,0.53,56900000000,16719660.0,-67900.0,20230703
094940,8380,8580,8380,8420,57398,487060710,0.48,70402870120,31804540.0,8500.0,20230703
007330,9300,9450,9280,9300,13493,125661980,-0.21,140270040000,-17979910.0,-30.0,20230703
093380,4190,4270,4170,4270,82768,349094250,1.91,42184666510,58577690.0,,20230703
023900,13620,13900,13550,13570,22212,304721740,1.04,170982000000,95973040.0,2946720.0,20230703
371950,10450,10670,10340,10410,46246,484744000,0.68,219031480080,29782880.0,-90.0,20230703
370090,27850,28600,27350,28000,140565,3949825850,0.9,229091240000,-594712600.0,950656050.0,20230703
220100,8220,8350,8060,8110,121235,988903900,-1.82,179248477050,-25010900.0,16081360.0,20230703
035200,3730,3750,3700,3710,46056,171291545,0.27,36100488900,19470350.0,-29711685.0,20230703
334970,4555,4625,4300,4415,168017,750263720,-1.01,269791683135,-139789330.0,953540.0,20230703
203690,8170,8750,7410,7600,409483,3293177820,-7.32,69775744400,255071440.0,2115150.0,20230703
321260,2820,3020,2820,2965,597788,1761003470,4.96,83589529060,516715610.0,,20230703
303360,3980,4000,3935,3965,107426,425319645,-0.13,51048244975,-13942410.0,,20230703
053610,51700,62500,51100,61200,1629430,95852096200,19.3,673200000000,2115222500.0,1716969500.0,20230703
377220,7820,7950,7820,7900,13041,102911580,0.38,111824500000,8191580.0,-158000.0,20230703
335810,6330,6460,6300,6340,17134,109290470,0.63,73489006840,11983900.0,-829900.0,20230703
053160,9590,9640,9410,9560,32984,314299220,-0.42,57360000000,-24746790.0,-10.0,20230703
405000,6120,6240,5970,6060,252962,1543577640,-0.98,111362680800,-18504630.0,-69450370.0,20230703
041590,1059,1080,1054,1077,214351,229752667,0.65,141130277091,4997569.0,,20230703
367000,11000,11250,10930,10940,12803,140780260,-0.55,91323914580,-56660190.0,21990110.0,20230703
075130,2725,2770,2720,2725,95898,263414475,0.18,45295822000,-5675650.0,80171145.0,20230703
237820,5320,5400,5280,5310,37540,199960870,-0.19,68112113400,13997410.0,-20100.0,20230703
023770,5790,5910,5770,5780,22633,131792260,0.35,50672219600,30478080.0,,20230703
300080,28700,29000,27800,28200,43213,1223734750,-1.74,147540877200,34980050.0,-3693400.0,20230703
032580,1773,1958,1773,1837,9502848,17862952046,3.55,60863601568,522376835.0,4031723.0,20230703
051380,8590,8770,8460,8490,170006,1454747180,-0.12,65118605640,117261660.0,0.0,20230703
241820,7150,7440,7120,7280,14633,106179100,1.82,87186998080,-7222340.0,,20230703
237750,7210,7420,7130,7290,940549,6818903160,1.11,47360214000,461301530.0,-38181200.0,20230703
319660,22750,23200,22550,22700,385476,8813092300,0.0,657544407800,16812800.0,-499131000.0,20230703
031980,21800,24600,21250,24300,848280,19711100350,14.35,523966198500,1255725550.0,1877548150.0,20230703
002230,4370,4500,4295,4450,39780,173063720,0.91,86199494850,23162780.0,,20230703
057880,0,0,0,1740,0,0,0.0,206724832500,,,20230703
043370,10610,10680,10380,10510,105497,1111335930,0.1,220710000000,232350020.0,-68040530.0,20230703
239890,24700,25250,24400,24600,60377,1488752450,-0.81,226483147200,-69344550.0,-249373850.0,20230703
347740,3090,3145,3090,3110,60290,187921110,0.65,93332891360,32836250.0,,20230703
137400,54700,57300,54600,56900,526060,29796181200,5.37,1293974166200,4208371200.0,2681587100.0,20230703
147760,5550,5850,5340,5780,298415,1693709740,5.09,62538825480,100899040.0,,20230703
128660,4970,5140,4915,5110,376967,1904672810,5.04,126745215590,897219100.0,,20230703
006140,6910,7020,6890,6960,109297,758570470,0.72,104400000000,73687140.0,247050.0,20230703
376180,9050,9220,8990,9030,302134,2746083960,-0.22,166304227740,32067700.0,,20230703
304840,10000,10340,8780,8930,727744,6783270210,-21.6,107189504720,-390825740.0,4239880.0,20230703
062970,2890,2955,2860,2940,43630,126835275,1.91,27366063900,5585995.0,,20230703
087600,7720,7850,7650,7770,16084,125208350,0.91,63454155660,5129850.0,1907180.0,20230703
291810,7060,7300,7000,7120,89074,638487670,0.85,80508773440,161070460.0,,20230703
161580,12250,12650,12240,12470,1327755,16516239470,0.4,274503070190,-919528440.0,-1131469220.0,20230703
347770,15180,15500,15050,15300,31746,484040490,0.79,119623264200,105118170.0,96284490.0,20230703
163730,11600,11750,11550,11550,19628,227473350,-0.86,107891680050,-19326220.0,11600.0,20230703
417180,4485,4700,4480,4565,252216,1154215915,1.44,60907955570,151071385.0,-54993020.0,20230703
446750,2125,2140,2120,2135,13460,28694075,-0.23,12874050000,-119605.0,-4723615.0,20230703
448370,0,0,0,2150,0,0,0.0,12083000000,,,20230703
454640,2115,2120,2110,2115,69710,147248825,0.0,11423115000,384930.0,-17667995.0,20230703
400560,3145,3455,2960,2995,2626196,8440701080,-2.6,9134750000,34343015.0,-26210980.0,20230703
406760,2270,2270,2210,2245,94475,211341990,-2.18,16635450000,3696600.0,11979345.0,20230703
418170,0,0,0,2200,0,0,0.0,13222000000,,,20230703
427950,0,0,0,2360,0,0,0.0,11398800000,,,20230703
430230,2215,2240,2180,2220,19128,42434860,1.14,17768880000,-141380.0,17690795.0,20230703
435620,0,0,0,9760,0,0,0.0,41987520000,,,20230703
299030,90300,98200,90100,93600,1102222,104566541900,3.88,711509572800,4051819800.0,-443520000.0,20230703
067310,21950,22850,21900,22050,1760131,39291630600,0.92,1056676880700,5489238150.0,-836002500.0,20230703
372290,0,0,0,2405,0,0,0.0,10351120000,,,20230703
166090,52700,53200,51000,51400,181720,9451475600,-2.28,1015287443600,1050187700.0,-1005920900.0,20230703
136480,3135,3145,3090,3115,445577,1386537250,0.16,330843221730,-287547785.0,1071560.0,20230703
003380,7780,7980,7780,7840,559143,4406913180,0.9,878124068640,-306326810.0,249576390.0,20230703
101670,30000,30950,29500,30950,296359,9013408050,3.0,691217213450,936578750.0,-450.0,20230703
365590,1999,2040,1988,1993,1400394,2806190494,-0.25,278259357599,-333055535.0,,20230703
149980,8810,9290,8530,9240,689624,6184673610,6.57,141721114920,344148210.0,538297170.0,20230703
013030,26550,26700,25850,26450,164750,4328529600,0.38,340042522500,-1235148100.0,1173134500.0,20230703
126700,21100,21100,20700,20900,150080,3135349050,-0.24,312290140800,859213900.0,-25591800.0,20230703
106080,9280,9470,9180,9270,100769,938036140,-1.38,136997028720,165703580.0,,20230703
377400,0,0,0,2270,0,0,0.0,12275025000,,,20230703
400840,2180,2195,2180,2195,7597,16627710,0.69,11238400000,-146395.0,11689195.0,20230703
450050,2120,2130,2115,2130,22125,46835515,0.24,10679820000,,-8524410.0,20230703
221840,3200,3330,3200,3275,15148,49220530,1.55,61244337275,-9197330.0,,20230703
106190,13880,13880,13100,13620,3597,48855470,0.07,96549210840,-8693810.0,-193960.0,20230703
373200,6300,6640,6270,6350,970570,6292564000,1.6,120186450000,1298663980.0,-9513180.0,20230703
066130,5670,5780,5670,5780,18146,103682930,1.94,73984000000,19886460.0,433070.0,20230703
004590,4695,4725,4625,4690,336682,1574440680,0.86,70350000000,118381720.0,5.0,20230703
039340,5820,5940,5760,5920,61262,357917990,1.89,136160000000,37427020.0,-36250.0,20230703
034950,75000,75300,74500,75000,2173,162649200,0.0,340538550000,34201700.0,-2252900.0,20230703
222980,5690,5750,5610,5690,70218,399407980,0.53,62769138270,77590430.0,,20230703
256840,3275,3510,3275,3415,424285,1457093960,4.27,231920992845,-33490250.0,-20142450.0,20230703
025550,4395,4420,4340,4365,71361,311684070,0.58,104363649270,28529415.0,,20230703
017890,10900,10960,10730,10900,54171,586713240,0.09,235502784000,-93636490.0,108872840.0,20230703
080720,5460,5590,5420,5520,6155,33695190,0.55,43628578560,-2093630.0,-33690.0,20230703
063570,7130,7200,6850,7020,1119160,7884968590,2.48,239717050560,99173880.0,181765840.0,20230703
041460,4775,4880,4775,4870,84242,408833765,2.31,92530000000,202253955.0,19495.0,20230703
101680,4140,4230,4100,4155,40410,167175975,1.34,34918620000,11707195.0,84392955.0,20230703
039740,3380,3585,3380,3525,63058,220898370,4.29,28264849425,-3674095.0,,20230703
053300,5010,5020,4970,4970,29470,146930535,-0.6,207628365070,-14625190.0,-61390.0,20230703
025770,9580,10840,9580,9960,1102140,11431232460,3.97,372944939160,-450421980.0,102913140.0,20230703
409570,3100,3180,3065,3100,271666,846780345,0.16,16771000000,-29056505.0,24850000.0,20230703
436610,0,0,0,2790,0,0,0.0,16795800000,,,20230703
023760,671,677,669,672,234067,157144491,0.15,212089635072,17339870.0,0.0,20230703
054040,4210,4260,4205,4220,54639,230800095,0.36,67820843800,8828065.0,-173530.0,20230703
021650,3160,3210,3140,3175,52765,168023445,1.44,51913037525,-24692635.0,204815.0,20230703
053590,0,0,0,334,0,0,0.0,52484809098,,,20230703
032300,17730,18100,17730,17800,12641,226709950,0.39,194139277800,29824220.0,70.0,20230703
037230,2480,2495,2455,2495,26141,64746655,1.42,74351815865,-260765.0,,20230703
030520,13360,13580,13210,13410,111068,1495541440,0.45,343419827940,-76042900.0,77159060.0,20230703
052600,5450,5500,5400,5480,53025,289065540,1.48,63369076000,78316220.0,10.0,20230703
256150,9000,9160,8880,8960,52219,469678960,-0.44,75219200000,39840200.0,,20230703
092460,6880,6980,6790,6800,34237,235131060,-0.87,119798775600,56783600.0,521720.0,20230703
047080,2760,2800,2745,2750,50394,139440495,-0.36,68261495500,8359765.0,,20230703
114810,9950,10070,9810,9840,118664,1175306380,-1.11,288825392160,8475270.0,-550800.0,20230703
070590,1723,2220,1723,1881,4780365,9720902293,9.87,26107379001,-32359112.0,1770410.0,20230703
226440,0,0,0,1530,0,0,0.0,90418067280,,,20230703
042520,20600,23000,20250,22300,738532,16235226950,9.58,270188227200,548504650.0,544196000.0,20230703
078350,17800,18350,17630,17870,210969,3789034350,1.07,272417106340,-28914290.0,-924419110.0,20230703
045100,16400,17120,16310,16940,162710,2748966950,3.29,304920000000,589367700.0,-44728130.0,20230703
024740,2770,2790,2735,2755,194011,536431340,-0.36,86872164230,-71540575.0,,20230703
005860,6140,6290,6100,6210,1354807,8403308040,1.64,244696883850,549946270.0,124200.0,20230703
123840,440,447,435,440,129641,57279337,0.23,44614514560,-855371.0,-904.0,20230703
007770,20050,20900,20000,20550,26837,549877250,2.49,72130500000,198833750.0,,20230703
198940,5540,5630,5460,5460,382139,2117386830,-0.73,106119549900,121618940.0,6053820.0,20230703
079170,12420,12940,12400,12770,61590,783586670,3.82,66404000000,137686050.0,90.0,20230703
054920,3915,4770,3915,4540,15258937,69272387195,16.56,128105547740,-1778583045.0,-461020.0,20230703
002680,1715,1746,1694,1730,270006,465990534,0.93,51891033410,108271874.0,,20230703
386580,2200,2205,2190,2205,4121,9046855,0.23,9172800000,-169030.0,2354250.0,20230703
430460,2120,2150,2120,2145,20938,44887820,0.7,12698400000,-107185.0,23164280.0,20230703
034810,9150,9270,9130,9140,32316,296194750,-0.22,297569672980,23062320.0,13757580.0,20230703
03481K,10540,10570,10330,10340,2111,21951550,-1.24,14361453480,-2340550.0,,20230703
076610,441,512,435,458,5560061,2633750978,5.53,58287825252,-4949493.0,99740.0,20230703
059270,7450,7590,7390,7510,85261,639169310,2.46,75256568480,77377380.0,,20230703
220180,3645,3695,3555,3620,179948,650320015,-0.69,70256960000,43266230.0,36080.0,20230703
900270,313,317,309,315,140727,44122559,0.96,26989830000,-2483264.0,,20230703
214180,13200,13220,12960,13140,77173,1007863850,0.38,174199410900,-154390120.0,64888130.0,20230703
234340,17670,17900,17670,17870,9133,162886940,0.06,168925110000,36035190.0,90.0,20230703
084990,6560,6800,6510,6630,149564,1000229020,1.07,275784987270,-186804390.0,209806400.0,20230703
170030,8920,9300,8810,9260,1802238,16445824660,5.23,142048400000,348097570.0,3312330.0,20230703
319400,4445,4615,4440,4590,2879938,13128369260,3.61,538605329310,2761261525.0,-44239160.0,20230703
048410,26700,28100,26550,26850,513574,14021673500,0.94,1068751039800,-987278250.0,886175550.0,20230703
052260,12130,12130,11860,11960,14535,173701370,0.08,179400000000,-14548920.0,9306500.0,20230703
041440,8500,8640,8460,8540,456168,3898791410,-0.12,153002161760,37986740.0,80431310.0,20230703
039010,7090,7190,7060,7130,25600,182844740,1.57,61496250000,81564270.0,-8027680.0,20230703
090850,7580,7880,7450,7810,210694,1624767000,3.03,185459079410,-189004120.0,342631800.0,20230703
092300,5390,5700,5340,5630,968133,5372129770,4.84,105127954080,542951370.0,-1880270.0,20230703
138360,1218,1248,1189,1194,516920,624388806,-1.97,41326708896,-12745334.0,,20230703
011080,1181,1208,1175,1190,143168,170254406,0.76,30349001970,27934164.0,-26327.0,20230703
060560,1390,1400,1381,1382,522041,726570952,0.14,176439283550,140672133.0,,20230703
064240,4995,5170,4810,4935,313056,1544541290,-0.6,172912589220,-219259945.0,-12785.0,20230703
039610,6570,6680,6470,6560,137546,905207190,-0.15,68292224000,88493400.0,30.0,20230703
126640,1966,1980,1941,1978,331396,649925112,0.71,71947548486,-10360195.0,-317085.0,20230703
127980,12660,13070,12660,12910,17095,220520120,1.25,146738055120,42927880.0,-297790.0,20230703
061250,2070,2095,2050,2075,199424,412872860,0.24,138055613950,58149855.0,,20230703
097870,8710,8730,8610,8680,39472,342159560,0.93,73693200000,51558560.0,30.0,20230703
290270,4610,4720,4560,4620,61617,286926180,0.22,44387444640,79800390.0,2420420.0,20230703
353190,1274,1358,1271,1331,298564,395572650,6.31,51615674220,140014457.0,-81026550.0,20230703
192410,608,625,608,617,225480,138728962,0.33,67127354120,27105829.0,,20230703
090710,1804,1848,1804,1843,1116333,2041575841,2.16,301838611414,199905879.0,1843.0,20230703
205470,2585,2615,2535,2535,6535341,16820319280,-1.55,327965647815,680551825.0,246547170.0,20230703
115160,3900,3985,3900,3975,337911,1336774080,1.92,174781242900,420573905.0,-93170.0,20230703
028080,8080,8150,8000,8040,206444,1667572710,-0.12,101123148240,221490540.0,,20230703
032860,0,0,0,3640,0,0,0.0,65288375880,,,20230703
200670,35500,36200,35150,35900,86264,3087334100,1.13,387522621800,-251584950.0,905995650.0,20230703
065510,21750,23300,21100,23000,318444,7116426700,7.48,277043533000,877817150.0,2172350750.0,20230703
215090,0,0,0,1505,0,0,0.0,120843123170,,,20230703
263920,1266,1337,1266,1300,280821,366208144,3.26,63758674200,96895217.0,,20230703
243070,31800,31800,31500,31700,13716,434130550,0.16,378356903300,-186819000.0,11896700.0,20230703
084110,20850,21050,20700,20800,13778,287442700,-0.72,262527033600,26525500.0,-20800.0,20230703
145020,109800,112000,108900,111100,57636,6406307500,1.0,1376024050500,-2617404300.0,3654447200.0,20230703
024060,5450,5570,5440,5490,45490,248659850,0.73,82350000000,37964660.0,,20230703
010240,6850,6850,6720,6810,29270,198435830,0.74,83917559760,23846460.0,30.0,20230703
189980,2835,2885,2835,2860,101455,290647945,0.88,114794185220,-31224330.0,-137280.0,20230703
037440,8370,8520,8350,8430,121997,1029173560,0.36,117366464250,52037320.0,,20230703
238490,7330,7620,7300,7470,67509,507325290,1.63,84502402920,136980520.0,608560.0,20230703
