code,open,high,low,close,volume,거래대금,등락률,시가총액,foreign_net,inst_net,date
060310,2320,2360,2300,2350,100637,234054435,0.43,114061108700,12026250.0,,20231116
054620,6990,7030,6830,6970,14608,100785870,0.0,142147720370,12389340.0,-13820.0,20231116
265520,17750,18490,17680,18380,115395,2088450300,3.67,280872517980,168459430.0,333079460.0,20231116
211270,14900,15070,14550,14780,293108,4338686280,-0.74,222916453120,-267273580.0,213745920.0,20231116
126600,4135,4195,4100,4160,83848,348219370,1.46,224778424000,76453595.0,16640.0,20231116
013720,1748,1864,1701,1706,784614,1392957011,-1.44,69403676248,-68871452.0,2040.0,20231116
083790,2735,2765,2695,2745,53390,145860165,0.18,211074529590,-3920680.0,302835.0,20231116
035760,69200,70800,67300,68600,82238,5693586500,-0.87,1504339964400,896146000.0,-1090162600.0,20231116
311690,14550,14650,14320,14600,8615,125070550,-0.34,133042529200,-23512840.0,-1726540.0,20231116
051500,24200,24250,23750,24050,20848,499252950,-0.82,285511643300,-49535250.0,-12922200.0,20231116
058820,2180,2195,2160,2165,172954,376140985,-0.69,300701708260,-55813885.0,31105.0,20231116
023460,1890,1890,1810,1875,1921,3567003,-0.53,69750000000,18485.0,,20231116
056730,1275,1275,1220,1259,89765,112561546,-1.41,59383197604,-1820311.0,,20231116
065770,1344,1344,1300,1308,91967,120825971,-2.68,25389758040,4846558.0,0.0,20231116
083660,1125,1136,1080,1087,23065,25187666,-3.38,66575685747,-1110302.0,-1977761.0,20231116
404950,2755,2780,2725,2770,76719,211225775,0.54,16176800000,-7400500.0,-4137065.0,20231116
456440,2070,2070,2065,2070,6315,13051335,0.49,11002050000,-30975.0,72450.0,20231116
367360,0,0,0,6020,0,0,0.0,29136800000,,,20231116
060900,1799,1851,1774,1795,56588,101560759,-0.22,45338521055,-33687607.0,-3645092.0,20231116
025440,2150,2160,2100,2110,16564,35122010,0.48,64948382640,1386145.0,,20231116
068790,6260,6430,6180,6380,84382,533956900,1.59,156776129180,40041000.0,-39400.0,20231116
241520,2710,2745,2700,2730,28839,78555585,0.74,75925130190,-5512955.0,-1753205.0,20231116
065150,252,278,250,271,606812,162688655,8.84,33951531755,-606850.0,91039.0,20231116
180400,5800,5840,5580,5690,77764,443325130,-2.57,171948568080,23098990.0,-36020200.0,20231116
245620,766,766,611,634,5230611,3385121465,-17.23,72231027210,-412987781.0,67130.0,20231116
037370,11910,12020,11700,11720,28456,336880670,-0.68,101084671840,40926260.0,,20231116
050120,3000,3025,2935,2935,33348,99164410,-2.17,39810592410,1604690.0,,20231116
214270,2190,2220,2160,2190,341619,749518955,1.62,72818513970,8005100.0,,20231116
130500,2575,2670,2565,2660,22986,59989355,3.7,38689838320,7424110.0,,20231116
900290,2705,2775,2670,2770,34323,93735030,2.78,186628750000,42823140.0,,20231116
083450,23050,23950,22850,23650,63193,1480238150,2.6,220364669250,174509100.0,195125600.0,20231116
297890,4485,4515,4300,4475,1312120,5830649795,0.0,309681800575,-23393120.0,6105920.0,20231116
078150,2500,2535,2420,2520,788127,1950677245,1.2,233644108320,231419575.0,-2520.0,20231116
195940,42300,42850,41900,42050,143677,6043261050,0.0,1191271916550,-678572250.0,-670582950.0,20231116
028300,30650,31300,30400,31200,560230,17318903850,2.3,4024986544800,1621191700.0,-327306550.0,20231116
278650,2640,2705,2590,2640,205527,545322505,0.38,207504897600,-42877025.0,-1961390.0,20231116
067630,9120,9190,9050,9170,159830,1456058110,0.22,933627511670,69327930.0,-540178040.0,20231116
024850,2430,2430,2355,2395,154766,368884490,0.63,159284818245,-23046935.0,-7700.0,20231116
047920,12260,12430,12220,12350,83982,1037697020,0.9,372250340800,91407650.0,-4144460.0,20231116
115450,3600,3670,3575,3590,84522,305148090,-0.55,263172833640,113477360.0,-1217355.0,20231116
046210,3570,3570,3390,3540,45837,160628370,0.28,145156025580,10709150.0,14160.0,20231116
403870,37300,37700,36250,37450,1040567,38649608150,-0.4,3039404550000,2274968100.0,-439640150.0,20231116
036640,5190,5220,5150,5200,38338,198891460,0.39,85044960000,-33115630.0,20.0,20231116
426550,2315,2350,2290,2305,26058,60106700,-0.43,11709400000,-3080805.0,11554260.0,20231116
439730,2285,2285,2240,2265,570,1291985,0.22,9762150000,-142575.0,,20231116
442770,2200,2210,2190,2210,6834,15021070,0.45,9304100000,,-5992870.0,20231116
448760,2215,2215,2200,2215,295,652030,0.45,9812450000,-37560.0,,20231116
095340,89000,92200,85900,91600,318354,28566787500,3.97,1941650512800,-3042243200.0,3615351600.0,20231116
099520,0,0,0,1284,0,0,0.0,58141862016,,,20231116
950170,3780,4000,3730,3940,89353,348127475,1.03,198137174620,24094235.0,-5227715.0,20231116
067290,2400,2475,2380,2470,156222,382694940,2.92,119615127190,-17539490.0,-2470.0,20231116
035900,100700,102800,99600,99800,324000,32692105500,0.0,3544645701600,1896342400.0,262707800.0,20231116
318000,8260,8470,8040,8400,151984,1253862480,3.58,73417873200,-6221570.0,-56620.0,20231116
024840,1402,1427,1401,1424,79561,112190759,1.35,48348406992,7123017.0,,20231116
024120,4450,4585,4365,4560,128824,579863640,3.75,52440000000,8375925.0,-10.0,20231116
455250,2015,2045,2010,2020,16299,33167440,0.75,8696100000,2020.0,,20231116
458320,1997,1997,1991,1995,5659,11271093,-0.1,10982475000,,0.0,20231116
464680,1840,1850,1838,1843,61928,114117447,0.16,23783915000,8204782.0,25819645.0,20231116
021320,4765,6050,4725,5500,1141789,6371501500,15.42,117700000000,-65360715.0,,20231116
036670,7010,7010,6910,6910,11811,82308810,-1.14,77875700000,175000.0,,20231116
044180,719,745,718,740,293680,214946485,3.06,19771171260,39227078.0,174.0,20231116
151860,11440,11760,11340,11540,279797,3232043520,1.58,415440000000,301467680.0,-15420.0,20231116
046440,5130,5190,5100,5170,96358,497714280,0.78,200728186560,139560990.0,-36210.0,20231116
035600,11290,11360,11200,11360,74145,837109980,1.34,316994370240,213641840.0,-58014240.0,20231116
226360,0,0,0,319,0,0,0.0,49825827623,,,20231116
111870,0,0,0,2970,0,0,0.0,31672044360,,,20231116
060720,15300,15490,15170,15300,226031,3461450950,0.39,362264862600,-102797820.0,508342020.0,20231116
058400,1154,1162,1135,1145,1784401,2050276853,-1.63,151632029400,,,20231116
122450,5240,5350,5160,5250,65406,342262850,0.19,238013811000,19192800.0,-31500.0,20231116
052900,1334,1380,1317,1367,211315,284399117,1.64,75331975739,28693196.0,,20231116
376190,6170,6230,6120,6220,8648,53458050,1.14,153012000000,-4272360.0,,20231116
061970,6520,6570,6380,6530,144833,937465770,0.46,285913385760,216384680.0,-199584340.0,20231116
309960,4285,4515,4260,4425,125882,553837900,3.27,102736282575,99435220.0,21757330.0,20231116
060370,10430,10660,10280,10290,124666,1292225780,-2.65,266904407280,-43588550.0,-416199690.0,20231116
086960,1632,1634,1604,1626,656879,1066368820,-0.12,142402699536,84924586.0,1627.0,20231116
038340,0,0,0,1283,0,0,0.0,33979354334,,,20231116
160550,4880,4930,4745,4745,89805,433953415,-0.73,132414472970,-42254340.0,-28250485.0,20231116
053290,5490,5710,5300,5410,957984,5294885790,-1.81,89407320870,-556866030.0,-10.0,20231116
060250,8700,8760,8580,8620,111436,961709070,-0.12,346184466820,232797100.0,-309724520.0,20231116
104200,3780,3810,3745,3790,17575,66292185,-0.66,56196414500,-1521700.0,30.0,20231116
024940,8160,8230,8020,8140,176924,1439833040,-0.85,81400000000,44825050.0,-7360.0,20231116
218410,15420,15520,15250,15490,69709,1073657190,0.32,414921862660,384835690.0,-180521690.0,20231116
327260,10120,10280,9990,10230,15481,157099460,1.09,86271953130,43243560.0,,20231116
091340,2810,2810,2740,2800,56685,158379925,3.7,32770418800,1257450.0,,20231116
419530,18660,19140,17900,18910,114945,2140653530,3.22,162454486300,126657150.0,223187380.0,20231116
019550,750,762,744,755,1291819,971408888,2.03,122360264125,54514124.0,-2152000.0,20231116
950110,4640,4640,4550,4640,2332,10745045,0.0,111603785600,-1080145.0,,20231116
046140,5210,5270,5210,5240,6543,34234740,-0.19,112469028200,-2783590.0,0.0,20231116
151910,515,517,502,507,109904,55891682,0.4,89806997826,-5198999.0,,20231116
036120,3660,3700,3660,3685,69188,254870115,0.96,130817500000,-18423480.0,,20231116
099220,1244,1244,1217,1227,131932,161803866,-0.57,68922812097,30414739.0,226557.0,20231116
036540,5110,5180,5050,5170,611217,3128530450,1.97,850259766510,357702610.0,-200151620.0,20231116
255220,1160,1182,1160,1178,41891,49297739,0.43,56005366568,1778701.0,,20231116
040610,1633,1650,1565,1565,153201,244636862,-0.32,53346461740,2022705.0,,20231116
049470,591,591,574,582,128135,74062645,0.17,34257828918,1410379.0,-5316608.0,20231116
184230,689,709,686,698,84298,58837909,1.75,37822682352,-669232.0,-302222.0,20231116
016250,19080,19500,19080,19460,2921,56503690,0.31,63120164100,-6231160.0,,20231116
048550,1810,1859,1810,1829,144840,265567722,0.44,176876407980,10669128.0,-1031226.0,20231116
063440,1929,2030,1903,1937,1355225,2655764405,1.89,89158471298,76365854.0,,20231116
289080,1876,1881,1846,1881,301482,561768421,0.59,100133154000,102358011.0,-2267456.0,20231116
089230,184,238,184,219,41064309,9095513034,17.11,40659567594,214281761.0,-1638400.0,20231116
161570,830,950,691,747,4086918,3343208520,-7.89,15758976438,-143565445.0,-626114.0,20231116
032540,5710,5790,5700,5770,8881,51061880,1.05,80385383930,13721980.0,632700.0,20231116
022220,1218,1227,1207,1222,22497,27430429,0.08,63292975538,3009779.0,0.0,20231116
048770,3520,3520,3415,3515,68472,239168980,1.01,55178438365,28868980.0,,20231116
246690,1212,1235,1207,1232,31531,38432919,1.65,51100725984,3537467.0,-955808.0,20231116
317240,1380,1394,1356,1370,91726,125572413,-0.36,129393246250,-5535446.0,,20231116
057030,4455,4540,4365,4460,270705,1206911115,-1.11,72754628620,129754830.0,-408420.0,20231116
040300,5830,6890,5750,6410,4391647,28062970580,10.33,269220000000,-359430350.0,6710.0,20231116
051390,3990,4065,3990,4025,60595,243120545,0.88,45705356200,24955280.0,20157500.0,20231116
052220,3080,3200,3060,3145,424667,1245616740,1.94,72335000000,165301835.0,,20231116
079940,14200,14200,13900,14140,28228,395970940,0.35,191394571760,214775770.0,-11240500.0,20231116
078890,6140,6200,6040,6120,61673,376523610,0.0,103866491880,22239730.0,-721560.0,20231116
399720,38700,41400,38700,41000,629845,25434170350,7.75,471021120000,442385100.0,1784053500.0,20231116
036620,3570,3900,3565,3800,1772649,6714482560,7.5,344616588800,501672210.0,387937595.0,20231116
217730,1200,1357,1166,1310,4734112,5883456895,-9.97,49698681750,34415472.0,-1310078351.0,20231116
114190,18000,18050,17730,17910,72902,1301747630,-0.44,467863610580,98401550.0,35920.0,20231116
094480,7430,7550,6900,6980,3224610,23258440140,-1.69,273824269240,-601376210.0,-73711620.0,20231116
039240,3085,3095,3070,3085,45632,140634925,0.0,83232078340,196410.0,1791660.0,20231116
053950,1888,1915,1830,1900,1820231,3416672120,-0.37,67331052400,121717744.0,-244847.0,20231116
011040,6630,6680,6580,6620,83024,549456040,0.3,203689230920,74127670.0,447800.0,20231116
024910,2445,2470,2390,2430,70023,169743440,-0.21,87040182150,38203340.0,-58180.0,20231116
198440,1604,1624,1603,1619,37543,60711471,1.06,51775555240,6981113.0,,20231116
049720,9370,9400,9280,9350,52802,492763050,-0.21,133705000000,-54491540.0,22908720.0,20231116
014570,7070,7080,6960,7020,20951,146510020,-0.71,77220000000,11204020.0,0.0,20231116
348150,7910,8130,7760,7990,44240,352451420,1.01,150788941920,-36248550.0,-23097360.0,20231116
950190,10620,10890,10620,10850,12991,140624310,1.5,147341828200,11325340.0,,20231116
098460,12000,12160,11850,12140,266073,3200153450,0.5,833468725700,393177000.0,-329088080.0,20231116
035290,730,738,716,730,226941,165262345,0.0,33908911720,19910639.0,,20231116
900280,101,101,99,99,1611472,160290192,-1.0,20335024512,-1761259.0,,20231116
215000,92600,93500,92400,93100,12606,1172796200,0.54,584241136500,636118400.0,-272292100.0,20231116
121440,3780,3860,3770,3850,59281,226381785,1.85,164921749300,90668935.0,-6860.0,20231116
366030,6250,6340,6230,6270,65347,410278980,-0.79,141817054500,74837330.0,44100.0,20231116
014200,0,0,0,1006,0,0,0.0,91250936176,,,20231116
029480,2090,2135,2055,2085,178639,373414165,-0.48,99846252735,44255935.0,,20231116
026910,3705,3850,3700,3760,10766,40260995,1.62,24084322800,-5073625.0,,20231116
397880,0,0,0,2550,0,0,0.0,11322000000,,,20231116
421800,2125,2130,2125,2130,7664,16286230,0.24,12737400000,-14875.0,16128750.0,20231116
440790,2095,2095,2070,2090,5208,10829875,-0.24,8464500000,-2095.0,0.0,20231116
456490,2055,2060,2035,2050,9164,18719205,-0.24,8610000000,18405.0,0.0,20231116
053270,2990,3050,2975,3030,269384,812013930,1.0,81077733840,204831185.0,-36242500.0,20231116
066620,14050,14570,14000,14510,25830,367945960,3.72,108825000000,29688000.0,-28219770.0,20231116
043650,5240,6370,5160,5900,6186230,36857542660,14.12,105363993600,-137342950.0,-42168890.0,20231116
006050,1361,1361,1330,1357,50165,67406286,0.15,47352844751,3355485.0,,20231116
060480,2580,2610,2540,2605,59840,154509680,1.17,28889450000,16529765.0,,20231116
078130,0,0,0,800,0,0,0.0,102093978400,,,20231116
307750,6000,6020,5920,5940,82599,492865870,0.0,291471457860,86954710.0,11880.0,20231116
035080,11170,11520,11170,11400,20955,237838140,2.52,165614457600,48988230.0,-2233580.0,20231116
204020,3215,3235,3140,3160,187241,596141205,-2.62,63665878800,-37725560.0,,20231116
114450,2285,2290,2210,2285,87903,196798945,-0.65,45700000000,11532620.0,,20231116
186230,7100,7430,7040,7210,148736,1080307500,2.41,78013555480,60207150.0,-77490.0,20231116
900070,571,575,564,569,75491,42976920,0.18,30580317792,-4674296.0,,20231116
204620,4960,5230,4940,5120,2547377,13018093675,4.07,286961198080,-529677270.0,395605860.0,20231116
019660,1305,1434,1250,1270,297078,391369696,-0.39,44184247420,4535342.0,48677.0,20231116
053260,5310,5330,5270,5300,9934,52666860,-0.19,99216000000,13007790.0,0.0,20231116
282720,13000,13000,12630,12720,34204,436276300,-0.24,154160040000,-3631130.0,-40.0,20231116
036190,26700,26700,26350,26550,4180,110642900,-0.56,159300000000,-1507000.0,-69425100.0,20231116
049080,1255,1258,1244,1256,445578,558124806,0.72,106613483832,133150339.0,-1712190.0,20231116
420770,61800,62900,60000,62600,46473,2853530500,1.13,793502450800,221173700.0,-447910400.0,20231116
035460,2455,2470,2425,2465,60686,148413765,0.41,35933143100,38393505.0,,20231116
308100,4840,4960,4835,4960,12241,59874155,1.95,32858675680,-464540.0,,20231116
407400,9410,9550,9260,9500,161405,1526439830,1.39,115668114500,-42512380.0,-12740.0,20231116
187790,1228,1253,1221,1238,202974,251572164,0.41,38180947540,23842656.0,,20231116
286750,3200,3200,2765,2830,1067152,3123178200,-11.29,58321638990,-352347715.0,-15485970.0,20231116
121600,121100,121800,119500,120200,56281,6788296900,-0.74,1461617335600,141417000.0,-503096000.0,20231116
247660,14480,14480,14100,14220,8797,125564230,-0.49,61770542400,-1890660.0,,20231116
039860,3585,3645,3530,3620,27395,98532185,1.26,97043609740,28211445.0,14575.0,20231116
091970,1110,1145,1100,1130,327689,368050464,1.8,42281767090,11142151.0,,20231116
417010,14920,15170,14600,15030,45966,685947470,2.24,287889549840,33650540.0,-17942710.0,20231116
405920,5710,7300,5700,7300,2182236,14987948630,29.89,94009954800,-404761710.0,-335507920.0,20231116
051490,6080,6130,5990,6080,35802,216791330,0.66,86336000000,29475410.0,12410.0,20231116
137080,5880,5970,5870,5930,12558,74122040,1.02,65582372460,10472500.0,,20231116
190510,13390,13450,13270,13320,54896,733378670,-0.52,216481754880,95620370.0,128345550.0,20231116
242040,2200,2200,2105,2160,324912,702969910,-1.37,74749530240,129479695.0,-721230.0,20231116
089600,20200,20800,20150,20600,44057,907136750,1.48,238304157800,222406350.0,217991950.0,20231116
293580,1261,1357,1235,1325,2973466,3897284959,6.17,126895250000,250243086.0,882546.0,20231116
138610,17300,17390,16830,17300,39824,681748470,0.46,172264386700,-84403670.0,31500.0,20231116
130580,6000,6040,5970,6010,28920,173571250,0.17,92554000000,-142762680.0,-12082790.0,20231116
036800,21000,21100,20500,21100,2883,60371400,0.0,211000000000,1475100.0,-5279800.0,20231116
267320,3385,3385,3320,3355,162840,545817260,-0.15,146493068920,92642505.0,-4959415.0,20231116
111710,6080,6100,6030,6060,2630,15919300,0.5,124763280000,150420.0,,20231116
091590,6480,6560,6480,6530,65345,425505410,0.77,76662200000,47762370.0,,20231116
168330,2185,2190,2170,2190,15602,33996565,0.23,69543231000,1276590.0,-7035.0,20231116
094860,300,301,291,294,142875,42257847,-1.67,30711173850,728188.0,-9300.0,20231116
253590,4025,4080,3945,4070,231495,928052970,1.12,168906233210,38480330.0,,20231116
212560,7330,7400,7220,7350,70373,514088520,1.52,57880978050,87983070.0,0.0,20231116
095660,28650,29050,27700,27850,317315,8980821350,-0.18,613639074150,-1022452800.0,-147571250.0,20231116
042420,26500,28600,26250,27050,128864,3559591000,3.84,239578225300,383672100.0,39191800.0,20231116
950220,1523,1523,1471,1493,336131,499001639,-1.58,147609125245,-45728531.0,,20231116
311390,7030,7150,7030,7140,13142,93085570,0.56,57524088300,11668850.0,,20231116
085910,3285,3345,3275,3330,17398,57785300,1.22,46402943940,10776810.0,-15.0,20231116
092730,24000,24100,23600,23850,14681,351056350,-0.21,195745559850,-38130300.0,91329850.0,20231116
290660,1260,1295,1260,1269,65784,83830474,0.71,32604344667,56161.0,-11531619.0,20231116
306620,2580,2600,2530,2585,131646,338934955,0.19,107829674095,56866205.0,,20231116
153460,7260,7260,7170,7200,2615,18866530,-0.83,47016100800,2832480.0,1805600.0,20231116
007390,7310,7420,7290,7380,187806,1381929270,1.1,473479811280,427098430.0,-126337500.0,20231116
033640,17730,17900,17410,17900,90798,1607197100,0.56,412759715800,194300130.0,-140836310.0,20231116
330860,19800,20000,19400,19700,15703,308838350,0.61,240025686500,39796290.0,576420.0,20231116
089140,5560,5670,5410,5670,155623,863158640,2.16,53318043450,-174724640.0,,20231116
137940,676,764,660,714,6052652,4298839597,0.56,55921188288,-51487575.0,,20231116
396270,16600,17990,16600,17650,941765,16461463950,3.16,318593796000,-132942200.0,2403436170.0,20231116
348210,63100,63100,61000,62300,79450,4902089800,-1.27,635265499400,-1037921000.0,-57247400.0,20231116
225570,16530,16590,16270,16410,142789,2344206070,-0.73,1079560895700,171333910.0,-148128520.0,20231116
217270,7800,7860,7570,7680,86994,672138540,0.39,357488939520,-7106640.0,499890.0,20231116
104620,7050,7050,6910,7020,61178,427647920,2.03,111211724520,29054250.0,,20231116
194700,11670,12110,11430,12060,217094,2564942710,4.24,226183466880,14165810.0,137004760.0,20231116
285490,24700,25700,24600,25600,50854,1281055400,3.64,270741273600,175014350.0,53974100.0,20231116
106520,0,0,0,411,0,0,0.0,15082036272,,,20231116
376930,6430,6580,6240,6340,3729002,23814659710,0.32,234244360400,-147745520.0,-1121900.0,20231116
142280,3930,3980,3900,3950,21557,84801130,0.51,83413267850,-3381480.0,,20231116
234690,6380,6390,6300,6340,8349,52838260,-0.78,112549429840,852310.0,,20231116
065560,0,0,0,11540,0,0,0.0,150366915480,,,20231116
054050,7990,8120,7950,7960,40363,322644250,-0.38,127603265560,-80480.0,2880.0,20231116
069140,2900,2910,2620,2730,367720,1022506905,-2.5,19390488390,-90393135.0,-1267815.0,20231116
040160,5360,5550,5300,5520,190588,1031735230,4.55,66546553200,9912240.0,,20231116
332290,1713,1733,1690,1718,115779,198447674,0.29,57355091554,42810570.0,,20231116
348340,34500,34700,33550,33850,346824,11808136750,1.5,353606239500,-1286120150.0,97154000.0,20231116
060260,805,826,803,821,309407,253366820,3.53,34120796945,30538148.0,,20231116
012340,1107,1143,1101,1128,123389,138631914,1.44,57423278736,308066.0,-3441528.0,20231116
214870,0,0,0,1383,0,0,0.0,45813404598,,,20231116
270870,6250,6350,6250,6300,6720,42332600,0.8,57961411200,5693640.0,0.0,20231116
144960,5310,5330,5160,5330,91305,477162430,0.76,232881685920,163623940.0,,20231116
085670,5700,5810,5610,5720,566946,3244289630,1.6,139858352920,-194632910.0,463055840.0,20231116
064260,4405,4520,4245,4255,4138953,18203906120,0.71,293378165200,-2400840465.0,13093925.0,20231116
340360,2360,2360,1940,2200,2124390,4569885065,-6.58,94083352000,116267692.0,0.0,20231116
039560,3755,3770,3660,3745,110286,410071175,-0.13,147949898845,53855995.0,-1275355.0,20231116
154040,2000,2015,1941,1993,104221,207451492,2.21,35774537342,1729852.0,-125713.0,20231116
032190,12680,12700,12440,12560,57748,723888110,-0.95,481048000000,-119465950.0,-50445560.0,20231116
068240,14650,14660,14300,14550,105158,1520278300,-0.34,498533008350,188373990.0,-207569150.0,20231116
020400,8880,8880,8350,8780,42468,371129130,-1.13,28000877480,-6017180.0,4422470.0,20231116
008830,8140,8400,8010,8200,171833,1402777270,0.86,73697664000,79121500.0,3780.0,20231116
048470,3555,3580,3500,3570,15408,54620955,2.15,35700000000,14049195.0,13078650.0,20231116
004780,4030,4045,3995,4030,15378,61896760,0.12,64089891970,2970950.0,,20231116
017650,8100,8100,8020,8030,2181,17615370,-0.86,72270000000,-1860790.0,-48300.0,20231116
007720,609,626,607,623,144812,89522545,2.64,62798680350,2430961.0,,20231116
389260,15920,15920,15570,15760,15503,244227810,0.13,268708000000,26814470.0,62970.0,20231116
317850,9300,9390,9210,9300,58744,545934840,0.0,77417106000,76830370.0,12920.0,20231116
290670,27850,28450,27350,28050,39916,1118627850,0.36,220407363000,54256550.0,1448450.0,20231116
078140,8910,8910,8730,8750,67435,592982750,-2.78,97007566250,91687430.0,7670.0,20231116
036480,11320,11500,11180,11230,141717,1601338260,0.18,42674000000,203905670.0,-30.0,20231116
027830,2160,2350,2120,2285,2741338,6218524050,7.78,123390000000,885003500.0,-7756670.0,20231116
104040,1242,1250,1212,1240,35098,43378741,-0.16,38813588440,-3590089.0,,20231116
129920,6710,6760,6580,6620,111679,742662810,-0.3,90793650860,-9765760.0,4510.0,20231116
438220,2300,2300,2275,2275,17550,40136950,-0.44,12831000000,-27620.0,0.0,20231116
442310,2130,2145,2130,2145,7059,15063160,0.7,14392950000,-324995.0,6390000.0,20231116
457390,2065,2075,2065,2070,3690,7647320,0.0,14562450000,,2155425.0,20231116
457630,2380,2400,2355,2395,63030,149927360,0.63,17507450000,-5997285.0,-28951800.0,20231116
020180,1243,1269,1236,1256,602424,756157858,1.87,48266717240,113073953.0,,20231116
045390,3370,3420,3335,3400,778637,2632316870,1.64,239609481800,261942515.0,31615.0,20231116
108380,11640,11770,11310,11310,9880,114001830,-3.0,108206536230,-3583940.0,-52017470.0,20231116
006580,3115,3185,3110,3160,5046,15697950,1.44,84846000000,-2687710.0,10443380.0,20231116
007680,5180,5280,5150,5250,4780,24858240,0.77,70593988500,-31390.0,,20231116
048910,11680,11840,11550,11800,19050,223373550,1.03,148431562800,41097310.0,-380460.0,20231116
005710,5840,5960,5840,5910,34841,205772190,1.2,118422216000,8548340.0,-2760230.0,20231116
290380,0,0,0,2300,0,0,0.0,56841307600,,,20231116
290120,4740,4740,4250,4640,261486,1169276850,-2.32,59871140320,-209048155.0,-24408995.0,20231116
120240,16760,16950,16700,16890,13967,235015470,0.78,121445703990,30923380.0,50.0,20231116
003310,1727,1745,1718,1745,106696,184776176,1.04,61759650750,55975758.0,,20231116
078600,79900,81000,79500,80000,42679,3426726500,0.13,1238447440000,493177900.0,-403678800.0,20231116
096350,490,494,483,490,264031,129054336,0.0,80242894410,1566193.0,-7642136.0,20231116
140520,2605,2610,2580,2580,15168,39302660,-0.96,54461846940,-1594780.0,,20231116
131220,6210,6350,6100,6280,27520,169379090,0.96,46814197200,8020410.0,-33825940.0,20231116
010170,1389,1399,1377,1390,237598,329769956,0.14,103570520740,67352775.0,-3374378.0,20231116
054670,9110,9110,8860,8970,133703,1195214960,-1.54,128763632400,340317520.0,,20231116
023910,27450,27600,27400,27600,7298,200600250,0.55,165600000000,35686400.0,-44830900.0,20231116
021040,3990,4045,3980,4000,2744,10976580,0.25,43409548000,0.0,233650.0,20231116
021045,6840,6890,6700,6820,301,2019620,0.59,2893357720,0.0,,20231116
067080,10400,10420,10160,10390,112469,1154207600,0.19,193426993500,-195819790.0,2080.0,20231116
298540,19110,19190,18710,18830,170252,3212873280,-1.36,277000146080,-554500150.0,-584049200.0,20231116
032860,0,0,0,3640,0,0,0.0,143288374320,,,20231116
393890,40750,42050,40050,41950,143681,5931497000,3.71,1413568930100,186735700.0,-755781650.0,20231116
299170,1972,1983,1948,1979,42535,83483154,0.3,59425338777,-9965120.0,5582806.0,20231116
224060,5440,5710,5380,5600,38254,212941300,3.32,26591028800,53052940.0,22300.0,20231116
213420,47350,48200,47000,47400,193141,9211539300,1.39,1176997884600,805583550.0,2628297550.0,20231116
317330,18590,19110,18300,18800,140901,2644970130,2.96,345495646400,112352770.0,-26830430.0,20231116
077360,7100,7520,6960,7520,569651,4143324050,5.77,341686255040,-7525010.0,152385480.0,20231116
090410,2075,2085,2050,2075,300005,620618890,0.97,95624497125,136318605.0,,20231116
263600,7620,8130,7410,7810,264795,2069017350,3.44,124415721100,-112152700.0,-25740.0,20231116
194480,46100,47900,45550,47750,85358,4041446250,3.92,572339140000,772365350.0,926664650.0,20231116
263800,5220,5230,5160,5200,40889,212561680,0.39,84325176000,63877620.0,,20231116
206560,7500,7750,7430,7560,140289,1065645230,1.89,192112724160,-21412210.0,-7513960.0,20231116
261200,9170,9230,9040,9170,63456,577169120,-0.65,144467316140,-129532560.0,50883610.0,20231116
067990,5160,5270,5080,5220,132718,690610360,1.75,167987691000,-10813860.0,47050.0,20231116
006620,5520,5650,5510,5530,153399,855677250,0.36,157411405760,74053070.0,-1030630.0,20231116
100130,2975,3055,2950,3055,88090,264952535,2.17,174571865000,9342650.0,-62330.0,20231116
005160,4685,4785,4640,4750,77690,367590130,1.39,257661289500,87442435.0,2031505.0,20231116
075970,3380,3440,3360,3405,204120,697767355,0.74,62652000000,118740175.0,,20231116
086450,15620,15640,15440,15570,89522,1392189300,-0.19,692242200000,172020730.0,-85350810.0,20231116
099410,2315,2380,2295,2315,65032,151824930,2.21,31347419630,-13566940.0,,20231116
033500,12050,12050,11870,12010,188359,2248716530,0.17,360173822940,339674840.0,-438879530.0,20231116
025950,17100,17900,16920,17230,112039,1951194310,2.44,144732000000,-80204690.0,360.0,20231116
088130,5890,5970,5800,5950,14270,83674100,1.02,63444481100,6135640.0,-2583500.0,20231116
041930,7760,7830,7680,7820,93645,727541050,1.16,123556000000,96901710.0,-111930.0,20231116
060380,2075,2090,2035,2090,30583,63288445,1.46,41173000000,417060.0,1227150.0,20231116
079960,19300,20200,19190,20100,47733,943180530,4.15,157986000000,-41676270.0,254301710.0,20231116
228340,2595,2720,2540,2700,79782,209287655,4.85,54000000000,-2539235.0,-1045550.0,20231116
088910,2975,2975,2910,2945,129485,379697480,-0.17,76074544980,-51642320.0,-103120.0,20231116
094170,21900,22800,21050,21900,791699,17322076650,1.86,415065903900,-1712967750.0,4366550.0,20231116
013120,3195,3210,3145,3205,132906,421571985,1.1,291039960500,-4120330.0,-64789295.0,20231116
109860,9520,9530,9400,9510,24858,235187360,-0.11,86541000000,-59137940.0,,20231116
032960,12850,12860,12520,12780,23809,302094320,-0.08,48646929420,-22706060.0,90.0,20231116
023790,1593,1608,1485,1580,320160,490343127,-0.82,25293153500,43368012.0,-182603.0,20231116
005290,36600,37100,35750,37000,502295,18361516800,1.09,1902336278000,1726493950.0,-376410950.0,20231116
025900,64900,66000,64800,65200,26652,1744744400,0.46,1318043754000,208225000.0,-88637900.0,20231116
131970,54700,56000,53200,55000,244104,13395418000,0.18,811776735000,665157500.0,-928291100.0,20231116
073190,2800,2820,2555,2645,85256,226172915,-5.37,31655465800,-6158215.0,421760.0,20231116
030350,536,558,536,551,786900,430350792,3.77,38233324123,22336493.0,,20231116
203650,3350,3410,3350,3400,258784,877085790,0.89,172059563600,182425880.0,-76185.0,20231116
223250,3680,3820,3530,3700,283556,1049879735,3.79,87724336000,24473640.0,-842420.0,20231116
060570,3020,3240,2975,3115,712450,2230127730,4.53,177118423405,-39583470.0,12365.0,20231116
217620,596,631,581,604,1024097,616867535,0.33,34879314840,-34923688.0,549863.0,20231116
016670,354,383,354,377,707892,265053002,6.8,38400475048,-6575869.0,,20231116
187870,13000,13180,12850,12990,14380,185936830,-0.31,91405550910,5811190.0,-103844050.0,20231116
066670,5270,5350,5250,5310,29506,156540830,0.57,99254084580,24543370.0,0.0,20231116
110990,24050,24350,22650,23600,563529,13246171350,-1.87,446040000000,-211122150.0,463022800.0,20231116
263690,10290,10290,10110,10200,6180,62930190,0.49,115521222000,-17258140.0,38385720.0,20231116
214680,4410,4430,4205,4335,1555871,6702815260,-0.91,313808395800,45691505.0,-398258470.0,20231116
263720,22500,23400,22500,22900,43857,1004814450,0.22,281100041900,36745900.0,-40250650.0,20231116
376300,37000,37550,36900,37150,42836,1599050850,0.41,881881782900,542688900.0,-127827900.0,20231116
141020,0,0,0,3735,0,0,0.0,43701490755,,,20231116
109740,5240,5250,5140,5220,6975,36339690,0.0,141070030200,-8685250.0,,20231116
196490,3395,3410,3200,3290,320307,1057752640,1.86,111471358880,-80717320.0,-5191080.0,20231116
066900,2910,2940,2885,2925,5283,15346490,0.52,66527671275,2390940.0,,20231116
127120,3440,3490,3405,3470,28351,97518965,0.87,59315111240,-5005480.0,,20231116
092070,22750,23150,22200,23000,331608,7545997650,0.88,266152734000,-91981100.0,842217050.0,20231116
039840,24500,24550,22550,22950,176102,4058850050,-5.94,364486277250,-1051792200.0,-837618100.0,20231116
219550,981,989,978,988,138269,136121114,0.71,51659007660,20245043.0,,20231116
310870,1821,1851,1765,1823,189091,343592091,0.11,37712895033,-14759858.0,,20231116
104460,20450,20450,19950,20100,20284,407570840,-1.71,215343862500,1895010.0,-1908220.0,20231116
079810,17290,17850,16800,17350,417930,7270268340,1.52,382048630900,195244140.0,-40361380.0,20231116
113810,1125,1199,1125,1172,709671,828309937,4.36,38240075772,13142472.0,275703.0,20231116
043360,2785,2870,2755,2825,34806,97578380,1.44,25425000000,2857505.0,6708845.0,20231116
197140,5150,6080,5000,6030,879094,4931174150,18.24,57772549620,-47523900.0,-8537780.0,20231116
068930,6050,6330,5940,6000,77591,471536070,-0.99,168904446000,-47365970.0,-24598830.0,20231116
033130,2065,2100,2055,2085,215352,447363435,0.97,77385331695,49844155.0,-19430.0,20231116
105740,8950,9350,8880,9250,369544,3399676740,3.93,93947745250,-227104870.0,-25275290.0,20231116
263020,2865,2985,2760,2905,231727,674206755,5.83,44668453620,-42659395.0,-54770780.0,20231116
290550,8450,8550,8220,8450,57273,478880520,0.0,157747734950,61039990.0,-5687870.0,20231116
187220,3835,4160,3765,4075,484357,1938022545,6.68,47669435575,-11197720.0,1872905.0,20231116
383930,3745,4770,3705,4770,2863618,12888714275,29.97,60552822240,-188426145.0,-285489100.0,20231116
131180,1191,1192,1177,1190,11685,13854056,0.42,34926500000,-2493629.0,,20231116
315640,24250,25100,22800,24900,416278,9965615900,4.4,269346636600,-771336700.0,1067359750.0,20231116
317120,4790,4935,4745,4860,53821,260563030,2.1,46947600000,-930790.0,,20231116
042510,2235,2250,2220,2250,27226,60944615,0.67,87000178500,6192705.0,,20231116
232680,9130,9140,8970,9140,17114,154951940,0.44,114288698760,43139840.0,-8422020.0,20231116
418420,7540,7820,7450,7490,240503,1834084550,-0.66,220929219420,-274488090.0,-10937370.0,20231116
300120,6010,6390,6000,6290,144723,903704310,4.66,131058515480,98145630.0,1946560.0,20231116
171120,3410,3445,3360,3395,12941,43827075,0.15,121886475200,-10044050.0,,20231116
388790,2665,2965,2655,2790,3109129,8894788745,4.89,83459864700,-751592785.0,47620.0,20231116
069540,3770,4000,3670,3905,826869,3220300120,3.17,109171483630,276881275.0,-444180.0,20231116
347700,3070,3110,2985,3015,31097,93600190,-1.79,30837269250,-3251610.0,-60260.0,20231116
214260,19990,20200,19890,20000,17343,346969500,-0.25,173138320000,78475640.0,14875490.0,20231116
200350,10300,11500,10300,11220,111441,1234913640,8.2,72628226880,192609500.0,-130835120.0,20231116
171010,5150,5220,5130,5190,17118,88422130,1.17,73719050640,-3735270.0,-5180.0,20231116
084650,3590,3630,3515,3605,1363819,4889202430,2.12,267635163950,253280235.0,176485220.0,20231116
217500,3065,3080,3000,3070,66164,202025900,0.33,97662840000,16032830.0,,20231116
141080,45650,45650,43600,43800,192407,8515569850,-4.26,1162579633200,35811200.0,-2172266700.0,20231116
038390,14990,15000,14840,14940,3768,56285990,0.4,128326831200,9095580.0,-17041800.0,20231116
294140,2135,2160,2105,2130,101737,217046445,-1.16,89460000000,11715395.0,-2740.0,20231116
443250,12540,12690,12230,12490,44250,551299210,-0.79,138583119740,-43493790.0,24124440.0,20231116
228670,20500,23100,20350,22650,363124,8051412750,10.49,346090708950,415708650.0,856120750.0,20231116
228850,9100,9210,9000,9210,20718,188090310,0.77,152803238940,20762410.0,0.0,20231116
412350,11200,11200,10700,11120,123362,1356856140,0.63,96815968640,127649830.0,-6511020.0,20231116
281740,11110,11290,11020,11210,269812,3016551990,0.9,736839443080,459130660.0,-219861330.0,20231116
277810,160900,166400,159000,166100,562137,92149598700,4.86,3219492713800,5229566300.0,5678248900.0,20231116
215100,4950,4950,4770,4830,124465,602038440,1.26,98283032820,-26055980.0,4795.0,20231116
090360,27650,28100,27250,28000,130946,3635818300,2.38,273000000000,542027450.0,2622050.0,20231116
108490,27250,27600,26050,27100,553681,14888476200,2.46,345978030700,154256350.0,367886100.0,20231116
900260,736,745,731,742,65086,48010239,0.95,26735215696,-507026.0,,20231116
067730,3395,3495,3375,3495,83088,285586305,3.4,33810357390,16196490.0,,20231116
071280,5830,5960,5770,5900,62676,369418450,1.2,90249957700,90933310.0,128040.0,20231116
328130,94900,95400,90500,92300,316450,29123090200,-2.74,1142766669200,766632900.0,-1535506000.0,20231116
038060,1425,1445,1390,1410,234283,330045978,-1.05,67825327290,-45478527.0,-466628.0,20231116
060240,1446,1540,1440,1520,187834,277301651,5.12,38652511680,-1031765.0,,20231116
058470,150800,176400,149400,169300,626129,104423108600,14.62,2580533241000,6770384000.0,-1714041900.0,20231116
039980,832,856,832,849,348493,294900617,2.04,39219452271,53579459.0,,20231116
019570,610,699,605,642,2154222,1424190399,5.94,33685765680,28645850.0,-7549233.0,20231116
016100,2370,2430,2365,2370,9565,22812645,-0.84,45269118780,64700.0,,20231116
012700,5730,5780,5680,5740,39680,226944990,0.0,151800814900,-35266260.0,-7100.0,20231116
302550,16570,16570,16250,16330,2822,46082650,-1.03,100063969280,-2518330.0,16470.0,20231116
073570,7870,7870,7680,7700,381920,2962775330,-1.53,222276862500,-140169380.0,-73309590.0,20231116
377450,8010,8040,7920,8000,60391,482705190,0.0,138640000000,120804410.0,207337790.0,20231116
277070,4905,5050,4905,4990,7111,35373185,0.6,68323080000,2947185.0,-749795.0,20231116
042500,4140,4220,4120,4210,30593,127706945,1.81,64652456380,7669810.0,-4115.0,20231116
219420,5700,5820,5700,5810,24392,140867300,2.11,66637835670,19447780.0,,20231116
439090,26100,26500,25600,25900,97213,2542708350,0.39,424196934000,60049250.0,-158759700.0,20231116
195500,3150,3170,3100,3145,55876,175072210,0.48,50093560000,6768510.0,,20231116
377480,29850,29850,28500,29400,275169,8012762600,-1.01,180849190200,21189950.0,-59060050.0,20231116
305090,7410,7440,7180,7270,64292,467654830,-1.89,113678547280,-83434800.0,3345440.0,20231116
098120,11520,13830,11520,12770,8222773,107347647130,15.78,106154021820,-3196409420.0,83562110.0,20231116
424980,14570,15190,14310,14980,143359,2119591250,2.04,88664972200,177396320.0,405810.0,20231116
038290,17310,17320,17130,17300,3464,59827180,0.0,187556220000,543130.0,80.0,20231116
267980,45750,45750,45050,45700,3832,173637550,-0.11,358454256600,48050900.0,-109137100.0,20231116
005990,8440,8540,8400,8420,4704,39896560,-0.24,115508119680,50960.0,13177130.0,20231116
093520,9320,9510,9290,9470,54725,513079490,0.64,153064481240,-54513840.0,-938030.0,20231116
377030,6370,6530,6250,6420,87418,560313990,1.9,125645062440,21744760.0,-65556800.0,20231116
100590,5820,5820,5680,5770,90232,518928930,-1.03,91339232710,49619280.0,-466420.0,20231116
067280,32450,32450,31600,32200,3460,111048700,0.0,190842283800,-30544050.0,32300.0,20231116
072870,11210,11230,11130,11160,10364,115898800,-0.27,133037902440,-2919870.0,0.0,20231116
215200,58600,59600,57300,58800,22384,1297903700,0.34,687635071200,493922100.0,-277742400.0,20231116
133750,2550,2845,2535,2600,5775393,15550783440,-0.57,60858400200,44929875.0,,20231116
446540,5320,6140,5240,5490,16069953,91674149020,2.81,114032790000,1355321850.0,73817060.0,20231116
235980,7600,7650,7410,7550,43358,324328610,-0.53,159159247250,53494720.0,-81963280.0,20231116
041920,6460,7410,6380,7210,3965267,27994958680,11.61,115360000000,-581808430.0,-154168470.0,20231116
014100,2970,2975,2825,2920,28455,82286215,-1.68,34456000000,-1725225.0,,20231116
054180,1195,1238,1179,1215,269312,327103132,2.1,36544102965,45948303.0,,20231116
086900,208500,210000,206000,208000,28041,5823337500,-0.48,1518081344000,481181000.0,-871333000.0,20231116
078160,7100,7130,6970,7090,54438,384521580,0.14,148903655340,122130720.0,-25085720.0,20231116
065650,1070,1070,1019,1052,162181,169821929,0.38,54433590764,32692785.0,-904623.0,20231116
408920,2795,2800,2685,2735,209717,571812395,-2.15,118240764425,45773080.0,,20231116
021880,299,303,298,300,178291,53539168,0.33,45655322400,-1498773.0,,20231116
140410,37400,37600,36600,36600,83701,3089524550,-2.27,1082898437400,120378600.0,-267670850.0,20231116
241770,8780,8780,8480,8650,10020,85728440,0.46,88166336000,16333990.0,-41616880.0,20231116
059210,5060,5160,4855,5030,3392133,17015090080,-0.98,120027625530,-544000165.0,302132715.0,20231116
058110,3100,3275,3055,3260,1420304,4498356615,4.82,52324727800,-154355350.0,-2674475.0,20231116
434480,6210,6290,6120,6200,83530,518751680,-0.16,75021550000,-65780100.0,241400.0,20231116
080420,2545,2645,2525,2630,15363,39811030,3.54,209667865860,-2552010.0,,20231116
417970,15800,16240,15370,16020,17022,268678220,3.35,102475134000,31335780.0,310.0,20231116
080160,16390,16680,16390,16650,64880,1074904350,1.34,314685000000,495019460.0,-100136610.0,20231116
087260,3040,3155,2985,3075,898693,2770464035,3.54,100100047575,-210561540.0,,20231116
101330,3170,3225,3160,3180,114386,364479845,0.95,73607552220,101455530.0,-22841645.0,20231116
012860,2125,2165,2100,2105,1368385,2906657165,-2.09,154156426985,213275490.0,-1052500.0,20231116
363260,555,558,544,550,147059,80910377,-1.61,88450365850,-10445487.0,-155749.0,20231116
348030,7890,7960,7810,7930,9646,76207980,0.63,76158134000,-3463490.0,,20231116
250060,5750,5830,5550,5650,2725910,15419922000,-1.4,181767924100,-691577210.0,,20231116
288980,2645,2675,2600,2660,450746,1190796020,1.14,89593619920,61285130.0,,20231116
033200,4000,4050,3870,4045,3407,13494325,1.25,57969643325,-357670.0,40.0,20231116
333050,1377,1384,1355,1382,56915,78023846,0.44,32548219988,-9712530.0,,20231116
118990,15480,15930,15340,15750,237199,3733956310,1.88,385804125000,268371220.0,-9127190.0,20231116
006920,4070,4070,3900,3950,126932,505880990,-2.95,43134000000,-21456655.0,-53041175.0,20231116
001810,1882,1890,1857,1877,12895,24114530,0.05,41552087500,20711.0,,20231116
279600,10670,11100,10550,10550,1510,16338090,-1.4,49424439550,285090.0,,20231116
095500,16110,16420,15910,16370,194363,3148292970,1.93,507633683630,261637890.0,74828260.0,20231116
254490,20600,20650,20150,20500,58772,1202643700,0.24,295979000000,120218700.0,-412000.0,20231116
218150,4530,4545,4485,4530,91171,412051735,-0.33,92483583060,6332615.0,9090.0,20231116
442900,9360,9360,9330,9350,5672,53022290,-0.11,71808000000,,-6917440.0,20231116
100790,4840,4875,4810,4865,27475,133373130,0.41,263524157750,22810505.0,-4439830.0,20231116
412930,2065,2065,2055,2065,10912,22460630,0.24,12753440000,-20600.0,10279450.0,20231116
446190,2060,2065,2045,2060,1545,3169725,0.0,10197000000,,-265740.0,20231116
448830,2025,2035,2025,2035,6195,12574350,0.25,10012200000,0.0,12081105.0,20231116
049950,29250,30300,28650,30250,95177,2811723200,4.67,266740991000,111000900.0,-17607250.0,20231116
207760,1702,1707,1690,1695,114202,193664937,-0.41,126742560540,-8678966.0,-62629.0,20231116
059090,8700,8880,8550,8880,134568,1173090800,1.72,296740988640,170712120.0,-266256810.0,20231116
214610,2930,3200,2800,2800,577413,1685635300,1.82,51262682800,-368253925.0,-9358420.0,20231116
201490,3005,3040,2995,3040,84977,256175295,0.33,95023620800,38876735.0,365900.0,20231116
418470,17100,18730,16940,18640,379227,6837904220,9.65,156357706960,450243060.0,505420380.0,20231116
206640,17470,17610,17010,17450,81112,1407436480,1.93,409840472000,-70496490.0,-25633300.0,20231116
018700,1650,1663,1625,1654,45775,75505336,0.85,58088078078,1002394.0,,20231116
035620,631,641,627,639,141847,89761616,0.47,47566952325,3757397.0,,20231116
053030,7930,8020,7910,7980,33499,267042160,0.13,253453163040,13693250.0,35020.0,20231116
301300,7020,7200,6860,7190,45854,323446970,2.42,88618863860,44213560.0,-9413640.0,20231116
064550,30850,30950,30200,30400,114863,3512608100,-0.65,784632846400,-123829900.0,-555836900.0,20231116
314930,49550,49550,46650,47150,13155,620437550,-2.38,291514069250,-224256900.0,-12077250.0,20231116
208710,905,906,891,905,57428,51596720,0.0,42843537125,4083726.0,,20231116
086820,12300,12620,12100,12290,7100,87456680,-0.08,100082705540,-14698440.0,11350.0,20231116
038460,3565,3595,3460,3485,97683,343272115,-2.24,72764426715,25615635.0,-14317050.0,20231116
251120,12950,13990,12950,13620,67049,919690110,4.69,118435434000,53047420.0,-86676660.0,20231116
199730,11810,11830,11610,11630,5422,63517600,-1.52,55787563210,7000.0,-1469000.0,20231116
086040,6260,6260,6180,6220,10740,66698090,0.32,99260296340,-2079550.0,20.0,20231116
099430,6730,6850,6670,6840,284084,1918248460,1.79,396247109760,111019030.0,8096360.0,20231116
032980,1320,1338,1284,1297,387777,505739554,-2.19,49277341228,-46097529.0,,20231116
222160,5970,6000,5750,5870,50443,295320960,0.17,48400298420,-20701260.0,,20231116
308080,4985,5040,4930,5000,11158,55461990,0.0,95828700000,-2441985.0,,20231116
043150,30950,33350,30550,32550,113168,3647488250,6.03,483506032800,-292889350.0,1075716250.0,20231116
323990,21300,21500,20600,21150,95484,2014371700,-0.7,321966450000,-248921500.0,-80463350.0,20231116
267790,7590,7700,7210,7580,99226,747129560,6.76,59794830000,132920170.0,-169285010.0,20231116
046310,3445,3480,3320,3455,151832,516740975,0.29,56726404655,142650845.0,996810.0,20231116
331520,1030,1066,1004,1057,147397,154004157,2.82,53763660230,30509970.0,,20231116
438700,8100,8380,8040,8190,158716,1301700140,1.99,90052653600,8188560.0,17745230.0,20231116
066410,0,0,0,1153,0,0,0.0,96978744678,,,20231116
382900,18310,18310,16630,17480,262754,4509597810,-4.53,153142280000,-651814740.0,-906348250.0,20231116
206400,3840,3885,3755,3820,70142,267736355,-0.52,114979280160,-79337560.0,,20231116
019010,2140,2150,2120,2140,17141,36572215,0.23,103148000000,-1363325.0,,20231116
177350,1661,1681,1641,1674,107743,178889077,0.78,22382918406,2447606.0,,20231116
299910,0,0,0,3165,0,0,0.0,25974889140,,,20231116
424760,1489,1489,1460,1462,39314,57681543,0.07,28392042924,1576514.0,-4440297.0,20231116
225530,5320,5400,5320,5350,8518,45523030,0.56,194412189450,-1614150.0,10720.0,20231116
250000,10810,10970,10730,10920,14198,154252910,1.11,73718004360,34766420.0,-120.0,20231116
310210,38250,40050,36150,39050,173499,6689850900,6.99,669793527150,-836348000.0,282953400.0,20231116
006910,2880,2940,2865,2920,347792,1011162965,2.46,143459086080,180117905.0,-143090.0,20231116
226340,2660,2750,2620,2680,647299,1730901010,-0.37,94364986880,-274976160.0,23884215.0,20231116
014470,3050,3090,2980,3045,1739943,5277439730,1.67,182859131700,-90880975.0,-344675.0,20231116
008470,4650,4845,4625,4815,43509,207643685,4.33,40469112000,1298825.0,,20231116
338220,38350,39100,36000,37150,1340706,49714706050,-6.42,425670495400,-2962721950.0,-10929512400.0,20231116
100120,28750,28900,28550,28650,5203,149277550,-0.35,286553432250,2835450.0,-37647300.0,20231116
406820,19680,19680,18750,18900,19903,379089750,-3.03,66793356000,-8087070.0,-114400.0,20231116
337930,4455,4530,4455,4490,34189,153707480,-0.22,131406984610,-7417840.0,-14429455.0,20231116
099390,7180,7190,7020,7100,17267,122516050,0.0,58278809300,8914860.0,-893460.0,20231116
064480,6460,6500,6390,6450,58794,379255380,-0.15,77093625000,1195670.0,-28050.0,20231116
288330,3440,3575,3390,3430,25765,88437765,-2.28,74168385480,-4605425.0,-17068030.0,20231116
365900,3885,3915,3755,3810,11198,43115545,-1.42,27852243000,-4016645.0,-5.0,20231116
251630,9550,9710,9400,9610,189658,1816982920,1.26,153211134460,-389987790.0,-7463150.0,20231116
018290,20500,21850,20500,21400,1657656,35435808000,5.42,766077349800,1128236800.0,-1031499950.0,20231116
044480,1154,1177,1140,1140,47632,54923612,-1.21,38864813880,825729.0,,20231116
033560,3340,3340,3185,3200,42446,137196075,-0.78,54720000000,-13053735.0,2438410.0,20231116
369370,2035,2035,1982,1997,11412,22762180,1.99,84858405174,2566822.0,,20231116
126340,44600,44950,43700,44250,14969,665818150,-0.23,256800317250,-149506100.0,-13810500.0,20231116
121800,0,0,0,3320,0,0,0.0,256309348520,,,20231116
148140,0,0,0,640,0,0,0.0,27653546880,,,20231116
082800,3465,3500,3390,3390,130903,448277705,-2.16,163437713850,-50813995.0,,20231116
318410,8860,9100,8790,9100,32423,290634660,2.71,50552711300,4992220.0,-22140.0,20231116
419540,2170,2190,2130,2175,111140,239501935,0.69,50008711425,70751915.0,,20231116
146320,20150,20700,19850,20700,121614,2460439800,2.22,264138272100,166519070.0,100428540.0,20231116
200780,6550,6800,6410,6440,22564,146831000,-1.98,57266952960,9940740.0,,20231116
413640,13640,14870,13370,14430,2759979,38886788240,1.26,103996144200,-974746500.0,-437831520.0,20231116
141000,8410,8490,8370,8480,10153,85798310,0.83,102732740800,4678470.0,13770900.0,20231116
083650,7080,7260,7000,7100,235209,1673016710,2.31,219705062500,130878280.0,15820630.0,20231116
445360,2015,2025,2005,2025,8711,17523325,0.25,8727750000,20140.0,5767030.0,20231116
142760,2385,2795,2265,2550,12921883,32849978205,12.83,82301354550,-836237800.0,-119669525.0,20231116
065170,504,524,482,487,1849988,925143363,-3.56,43328662233,2689635.0,,20231116
086670,13140,13400,13140,13400,14197,188898620,1.36,122277331600,6813720.0,36136270.0,20231116
335890,8310,8560,8140,8340,1882807,15748922590,0.72,486498487680,-140370270.0,144614930.0,20231116
230980,529,594,524,535,1955924,1072942038,1.33,44644721730,-73630820.0,-50356.0,20231116
138580,14890,15400,14870,15100,54857,830888780,1.41,340598061300,13123920.0,-4780.0,20231116
082920,16350,16420,15890,15950,285887,4585136380,-2.21,356306842650,-241787610.0,-829010980.0,20231116
054220,519,520,506,518,120461,61828383,-0.19,25465190282,2154740.0,,20231116
042370,7770,7860,7710,7800,350549,2727321470,1.17,204360195000,202566370.0,42210.0,20231116
050090,1074,1095,1017,1043,79595,83368251,-0.1,20635478605,222964.0,,20231116
307870,2015,2110,2005,2035,434125,894907885,0.99,68552027500,246122815.0,,20231116
357880,6590,6630,6430,6500,51607,336552390,-0.91,67885714000,80379390.0,-17280.0,20231116
032850,5360,5380,5320,5370,31768,170250970,0.19,89267083410,60519050.0,10740.0,20231116
148780,1249,1311,1234,1249,2037921,2589156498,0.0,39275710525,27325964.0,65967781.0,20231116
238200,5500,5720,5220,5640,22004,118402110,2.55,46135200000,7234480.0,,20231116
093190,5690,5700,5600,5610,20079,112938560,-1.06,107930257050,-19931100.0,-474250.0,20231116
065450,4175,4175,4105,4150,437241,1809498770,-0.6,118909120000,204692965.0,5.0,20231116
210120,15180,15180,14780,14940,14515,216437920,-0.99,46980473400,-4775660.0,-85717600.0,20231116
072950,4500,4530,4420,4470,54244,242768120,1.13,35995166700,2010490.0,-554080.0,20231116
143240,17440,17540,17280,17390,34469,600082480,-0.06,203015433570,-162471670.0,-2625990.0,20231116
419120,7850,7890,7420,7500,40777,311709350,-4.46,58138695000,90561710.0,-7628750.0,20231116
122350,2140,2430,2130,2330,1958203,4541861965,8.88,89330867240,125029230.0,1746875.0,20231116
419050,2785,2915,2760,2835,757493,2167875445,1.98,162151340400,135092080.0,0.0,20231116
014970,3550,3655,3550,3655,4893,17731530,0.55,55281875000,256245.0,706680.0,20231116
018310,17850,17850,17170,17250,29124,505934840,-2.49,253575000000,-116732670.0,57771180.0,20231116
053700,5700,5760,5640,5750,284491,1627916310,1.95,130767627000,275874890.0,,20231116
009620,1497,1497,1348,1348,3081695,4310370953,-8.92,62748736784,-252337461.0,-111932580.0,20231116
023600,8980,9040,8980,9020,8231,74195030,0.67,145853400000,-1196590.0,-4630940.0,20231116
380320,2155,2225,2155,2190,3823,8420795,1.39,10533900000,-1285415.0,0.0,20231116
377630,2220,2240,2155,2215,52212,114776090,-0.23,8904300000,-3771595.0,,20231116
425290,2300,2320,2285,2310,34108,78559730,1.09,12751200000,-43700.0,,20231116
439250,9650,9670,9650,9660,4351,42025840,0.1,33829320000,,-19780280.0,20231116
448740,9450,9480,9450,9480,3276,30994160,0.0,44214720000,,-21221420.0,20231116
009300,15740,15830,15560,15760,15779,248117760,0.13,100391200000,55928900.0,1111050.0,20231116
225190,9590,9590,9510,9570,4151,39606290,0.31,97132514160,7765980.0,,20231116
361670,4635,4680,4585,4665,7422,34321705,0.76,26439624570,381500.0,,20231116
054540,4085,4170,4070,4135,74604,307324330,1.85,53755000000,-30377925.0,30.0,20231116
065570,2885,2970,2840,2880,221157,642931860,1.41,35490228480,-55945905.0,,20231116
032280,1919,1922,1900,1902,79277,151487877,-0.89,30838248180,9136540.0,,20231116
002290,4020,4160,3985,4060,166076,677839070,0.0,50344000000,46350615.0,8121500.0,20231116
037460,8450,8450,8170,8260,47523,393448200,-1.43,134790991720,25713930.0,-1575110.0,20231116
032750,5530,5590,5450,5550,17078,94379590,0.54,44754456300,13832250.0,-297800.0,20231116
054090,1851,1857,1829,1854,68746,126901859,0.71,46274416128,45951721.0,,20231116
000250,69300,69400,66900,67600,118607,8078450400,-1.6,1581064560400,-853343300.0,-133200400.0,20231116
024950,6180,6200,6110,6200,23148,142637890,0.49,82296177400,36305810.0,-7310.0,20231116
038500,3265,3300,3245,3285,100648,328964435,-0.15,354505065210,27636690.0,-105947675.0,20231116
017480,5050,5110,5020,5030,18658,94639460,-0.4,78985536700,-13050600.0,0.0,20231116
046390,1858,1914,1852,1895,190254,360273633,1.99,81812708035,113645148.0,-33966.0,20231116
027580,1777,1884,1743,1806,14305663,26255170266,2.32,106881389874,-1256712233.0,,20231116
038540,4370,4370,4200,4350,99260,421579065,1.28,240678161550,61920395.0,-74601080.0,20231116
101000,2130,2130,2020,2085,54641,112584740,-2.11,39155149080,1451615.0,,20231116
415580,2165,2165,2035,2040,9535,19498150,0.49,10832400000,171770.0,62600.0,20231116
452670,1940,1951,1938,1943,19466,37748578,-0.15,10142460000,,233362.0,20231116
091580,16920,17280,16700,16910,205523,3498003010,-0.47,230453183290,-185085810.0,576854910.0,20231116
263810,3680,3730,3650,3675,172252,635222645,-0.81,52349338650,123954665.0,,20231116
089980,19100,19400,19000,19400,25218,485343660,2.11,310187317800,109581740.0,-64375290.0,20231116
042940,492,494,475,476,722933,347624532,-4.03,50196312964,-54896805.0,,20231116
042600,26500,26650,25700,26500,21612,565129850,0.76,329224711000,23823550.0,250.0,20231116
107600,61800,66500,61200,62700,57485,3675554500,1.46,304818871500,278675800.0,-5920700.0,20231116
411080,7420,7580,7370,7500,17913,133932000,1.49,113214285000,15370430.0,,20231116
252990,5320,5480,5190,5470,133370,714710120,2.63,274341537620,96336870.0,-703950.0,20231116
378800,3500,3555,3420,3500,72526,253417400,0.0,80748608500,4855500.0,,20231116
294630,4000,4235,3920,4035,2728870,11097199200,0.88,94977682065,553381375.0,23651550.0,20231116
038070,8730,8850,8680,8730,13172,115113120,-0.68,75956901480,11948180.0,,20231116
006730,7780,7860,7660,7850,102648,796428280,0.77,483271441850,119294610.0,-84500740.0,20231116
079650,1695,1709,1591,1651,30040,50066406,-3.45,33020000000,228488.0,307536.0,20231116
100660,4600,4610,4565,4580,31836,146257110,0.0,57708000000,-28600290.0,5.0,20231116
019770,3980,4065,3935,4065,254571,1019364810,4.1,47357250000,100310845.0,50716795.0,20231116
043710,728,760,725,755,115345,84922376,3.71,37900154400,560553.0,,20231116
092190,3730,3730,3635,3730,19196,70626175,0.54,142574225690,3296185.0,-465700.0,20231116
046890,9990,10010,9910,9960,151303,1506433370,0.0,580721784000,-342692050.0,-181775660.0,20231116
063170,9650,9740,9410,9410,62420,594530050,-1.47,167255852470,-44221150.0,-2695000.0,20231116
027040,416,419,400,419,165752,67512927,0.72,29157726893,-2347157.0,3629570.0,20231116
018680,3555,3575,3330,3505,36561,128071935,-2.37,40865913095,3513490.0,,20231116
093920,5850,5850,5800,5850,27028,157461020,0.34,108810000000,16348280.0,-211870.0,20231116
189860,4525,4595,4435,4500,43526,195860500,2.39,43644510000,1269780.0,,20231116
178320,18520,19330,18420,19020,1220082,23058824190,3.37,714783810840,400383350.0,1199481800.0,20231116
122690,3490,3600,3455,3505,231477,815603925,1.01,74404599155,68034785.0,19003855.0,20231116
140070,3370,3420,3290,3405,80809,271833295,1.04,125944140000,17589590.0,-506150.0,20231116
011370,950,957,935,946,73713,69989829,0.11,95446542290,2121916.0,20812.0,20231116
065710,18950,19040,18890,19000,3462,65678990,0.26,97850000000,1196910.0,0.0,20231116
035890,1366,1373,1358,1361,158523,215948973,-0.37,312769309977,-13281197.0,56192.0,20231116
357550,51900,52400,50400,51300,9344,477617800,0.0,279841500000,2582700.0,29000.0,20231116
003100,17660,17850,17520,17850,22589,399302320,1.08,117810000000,93004510.0,-19432690.0,20231116
067370,8740,8740,8510,8680,15250,131768940,-0.12,106881657400,34077180.0,0.0,20231116
171090,25400,25700,24350,24950,177722,4435782300,0.2,233950311700,-25664750.0,-49048850.0,20231116
086710,7670,7770,7450,7560,57120,431709240,-1.43,92256796800,-102861740.0,12524260.0,20231116
014620,12170,12290,12080,12290,257021,3134172340,1.65,351494000000,-5352510.0,-94113460.0,20231116
037350,4480,4545,4445,4545,74594,334082490,1.45,70311150000,62305960.0,,20231116
081580,2145,2195,2140,2185,54879,118852305,1.86,33885292455,31262860.0,-58685.0,20231116
045300,3920,3920,3840,3915,19674,76360450,0.0,38991771360,27473710.0,,20231116
015750,8930,9220,8870,9050,2835191,25713794510,2.72,724000000000,-367756680.0,579462770.0,20231116
365340,100500,101000,98700,100500,41386,4143791700,0.4,1207628100000,41654800.0,-143880400.0,20231116
080470,5380,5380,5180,5180,11822,61778760,-1.71,37814000000,2323380.0,-20330.0,20231116
043260,1580,1595,1560,1578,231050,364333175,-0.44,84273695952,-25451479.0,,20231116
148150,15080,15220,14670,14670,220903,3295807160,-2.52,172875402270,214773550.0,3431080.0,20231116
188260,5050,5060,4835,4850,244892,1197605195,-3.0,32407884300,-94436545.0,,20231116
053060,2040,2065,2000,2045,202401,410659470,0.0,36109421855,98228785.0,-224890.0,20231116
340440,1890,1960,1878,1960,261567,504299837,6.29,55621593440,62996295.0,,20231116
017510,2765,2790,2735,2735,15129,41827125,-1.08,41697810000,944605.0,,20231116
011560,8790,8850,8750,8810,14696,129159960,0.46,92769300000,16980860.0,0.0,20231116
396300,4030,4190,3995,4045,338915,1380621230,0.37,107150027500,-83995295.0,4045.0,20231116
100700,2725,2755,2680,2755,133777,364908500,2.99,120669000000,27000155.0,-318050.0,20231116
024830,6410,6530,6390,6440,3648,23433500,0.47,53774000000,-140730.0,,20231116
258830,1288,1416,1251,1319,1675513,2253405874,2.41,73027413698,-171781264.0,262183.0,20231116
036630,650,664,645,661,172675,113207922,0.3,145420000000,9813700.0,,20231116
039310,2175,2285,2075,2250,137150,302631725,10.29,40773750750,6612430.0,,20231116
067770,2635,2640,2565,2565,16348,42637850,-1.72,21537261045,-8070915.0,,20231116
053450,7150,7360,7090,7200,129472,935463300,1.12,106508181600,39741610.0,-580140.0,20231116
222810,2215,2270,2195,2210,309035,688383600,0.23,166288630040,-109308415.0,,20231116
252500,1006,1006,979,984,282820,279379033,-2.19,40822607760,-11809876.0,,20231116
321370,3850,4050,3775,3965,716078,2833591305,2.99,103606956700,309717000.0,-18011795.0,20231116
347000,2955,2985,2935,2975,107339,317273885,1.36,98189803600,64629290.0,-6835.0,20231116
331920,3200,3300,3195,3230,14050,45200720,1.1,26370198040,-837550.0,-3205.0,20231116
049180,2730,2845,2685,2705,207105,567891265,1.69,115786781125,-87487340.0,,20231116
299660,3805,4400,3695,4180,250956,1025008455,11.17,56860443860,-60349855.0,985685.0,20231116
268600,0,0,0,6680,0,0,0.0,244941204600,,,20231116
108860,18500,18740,18310,18730,339724,6316376790,1.13,504114016700,897716070.0,-4356880.0,20231116
208370,6990,7140,6900,7080,576930,4063058190,0.57,181818393120,209689360.0,-86215670.0,20231116
318160,3930,3940,3800,3875,280028,1082881150,-2.39,35885991375,128088765.0,-162540.0,20231116
068760,78000,81900,76500,81100,577751,46538170100,4.65,3212390707300,2314085300.0,5262422500.0,20231116
091990,73000,74400,72600,74400,552205,40719023500,2.06,12236175465600,8567748100.0,628702700.0,20231116
068940,0,0,0,778,0,0,0.0,29766744466,,,20231116
060230,2400,2400,2335,2380,164146,389679305,0.0,82464498620,92296170.0,,20231116
290690,14890,15000,14420,14700,18442,272071060,-0.54,143560935000,-3371200.0,260.0,20231116
950200,5130,5240,5090,5110,9761,50366000,-0.39,98245130830,859370.0,-31880.0,20231116
032680,589,592,581,587,371887,217960448,0.17,61981778468,19321114.0,,20231116
032685,9380,9380,9370,9380,215,2016570,0.0,3349991960,-28140.0,,20231116
258790,1493,1530,1478,1528,111625,168550041,3.38,38186681952,33053839.0,,20231116
066910,2400,2460,2365,2420,365274,878951315,-2.02,81757906780,-76791830.0,,20231116
043100,503,506,494,497,310159,154601147,-1.19,32990466376,20711114.0,,20231116
035610,4110,4130,4035,4125,50497,206559095,0.98,112802237625,78926440.0,-6835.0,20231116
357780,270000,273000,265000,271000,26556,7157899500,0.18,2107991386000,1872323000.0,-459030000.0,20231116
036830,39100,39950,37200,37300,289584,11046962200,-5.45,781959288800,-1157516200.0,219120500.0,20231116
304100,27700,28650,26800,28500,531223,14839428600,4.2,320636941500,53661550.0,519368300.0,20231116
328380,1417,1417,1391,1407,344344,482866975,-0.64,48207728646,-103575295.0,,20231116
086980,3010,3080,2980,3055,141260,427528475,2.0,191359090000,131198575.0,-1343205.0,20231116
050960,10430,10640,10430,10600,15923,168048140,1.63,71560600000,34099200.0,-14200.0,20231116
084180,610,632,593,603,331761,203130242,-0.99,67024354500,-26899053.0,,20231116
253840,6120,6150,6060,6120,11099,67910180,0.0,101567146680,-1641880.0,18370.0,20231116
298830,6090,6200,5770,5910,4179519,24987941220,3.87,310978650510,-3216928350.0,2262947570.0,20231116
236200,20200,20450,20150,20400,7722,156682050,0.25,146742769200,3550.0,36921350.0,20231116
094840,6490,6540,6400,6530,21474,138989600,0.77,68381115200,2000210.0,-353940.0,20231116
192440,30950,31500,30950,31200,2433,75929900,0.65,193950525600,10929000.0,-21061500.0,20231116
424960,10430,13540,10420,13120,5825729,74698444280,25.91,196961900800,128060330.0,55003560.0,20231116
136510,0,0,0,11600,0,0,0.0,563002160400,,,20231116
099440,4715,4745,4370,4550,2968473,13447742460,-1.09,178212580000,-1448741900.0,-84239810.0,20231116
033790,1495,1528,1400,1483,163592,238893668,-0.07,25384659300,79174611.0,,20231116
276040,6900,7030,6800,6960,24602,170860290,0.87,87379139040,37424080.0,-3540590.0,20231116
159910,87,87,85,87,2008254,173152150,0.0,30811115163,22338416.0,,20231116
115570,3240,3270,3225,3260,13501,43769490,0.62,26029496080,2577945.0,0.0,20231116
330730,3815,3860,3770,3840,21009,79983450,0.39,69641587200,-20358925.0,-603345.0,20231116
253450,55800,56600,55500,56500,77994,4378719900,1.44,1698305137000,316048400.0,260398800.0,20231116
408900,22700,22950,21800,22350,7290,161671350,-2.4,119808292500,-19118600.0,-8044600.0,20231116
204630,483,487,477,481,436938,209959496,-0.41,59103926466,84906.0,,20231116
013810,3415,3430,3380,3415,75728,257265020,0.0,50048430050,-58858720.0,,20231116
203690,7600,9420,7600,8970,458242,3986348800,16.8,85200082890,98374300.0,-24862710.0,20231116
049830,9550,10390,9460,10090,23990,241091620,5.77,61873010080,-228680.0,-9720.0,20231116
020710,6070,6220,6050,6090,96149,587182330,-0.49,122092137300,112280410.0,-40.0,20231116
033170,1150,1177,1136,1176,360416,418590847,2.26,100816503144,23196384.0,,20231116
048870,2750,2750,2680,2735,31421,85278785,0.55,226207320840,-172230.0,,20231116
025320,4120,4165,4055,4095,778690,3195624355,-0.49,325599404130,423397270.0,-633166290.0,20231116
269620,0,0,0,889,0,0,0.0,114309913620,,,20231116
429270,12370,14010,12240,12240,673377,8861407550,-0.97,55156500000,-455783810.0,-689250440.0,20231116
418250,10200,10900,10010,10470,213309,2241096530,3.56,83229537450,-37628350.0,-93760.0,20231116
131090,1011,1019,1000,1008,204266,205333616,0.3,44352000000,-2073858.0,,20231116
232830,3695,3720,3675,3695,62102,229390330,0.0,42549669040,23886470.0,,20231116
139050,6480,6550,6380,6460,21607,138906670,-0.31,53262221960,-50637700.0,,20231116
290520,3750,3750,3675,3715,23144,85571495,-0.93,59177579830,477655.0,-4024410.0,20231116
001000,1698,1713,1680,1707,14729,25070622,0.71,41441760780,-966375.0,,20231116
025870,7850,7960,7610,7930,13158,102905820,1.02,31720000000,4376670.0,0.0,20231116
215600,4600,4610,4480,4480,193082,876147125,-0.88,460844720000,37997755.0,-129101525.0,20231116
065350,41500,44800,40300,42000,4295033,182738273800,3.07,1154325816000,-2765934350.0,-34275150.0,20231116
416180,23300,23800,23050,23300,133923,3130572750,0.87,210626827400,-48039850.0,1392000.0,20231116
162300,2860,2915,2845,2905,49905,144130015,0.69,120474364710,17518335.0,,20231116
290560,11360,11790,11220,11460,47697,549751610,1.42,41621298960,43163670.0,,20231116
002800,7430,7490,7030,7120,1581245,11483405170,-1.11,108013960000,-454531700.0,78570.0,20231116
419270,0,0,0,2425,0,0,0.0,10439625000,,,20231116
430220,2105,2130,2090,2130,2641,5567490,1.67,14398800000,-75435.0,67040.0,20231116
445970,2055,2065,2045,2060,6010,12341375,0.0,11041600000,,4012880.0,20231116
017000,3420,3440,3380,3430,35876,122335225,0.29,40021332610,16827990.0,,20231116
012790,7300,7320,7170,7310,20557,149505760,0.27,87620693650,-12026730.0,-18840.0,20231116
138070,2770,2820,2765,2815,62147,173565210,1.44,49271519260,13264410.0,5.0,20231116
226330,11150,11150,10720,11000,131818,1436490520,-0.45,167535225000,-131977560.0,42750520.0,20231116
418210,2200,2200,2180,2200,4998,10963130,0.92,8052000000,,,20231116
452980,1850,1850,1849,1850,41747,77223960,0.0,34974250000,,-59115337.0,20231116
393360,0,0,0,2325,0,0,0.0,17088750000,,,20231116
405640,0,0,0,2390,0,0,0.0,10838650000,,,20231116
056700,2355,2380,2315,2380,33014,77875745,1.28,69341516580,-4699790.0,,20231116
187270,4485,4490,4375,4425,137580,606822985,-1.99,44886514125,-101503745.0,,20231116
243840,42000,42000,40900,41750,20013,830837750,0.36,324973942250,46682150.0,152495950.0,20231116
257720,8790,9200,8720,9180,1956719,17570949820,5.88,553839351120,1405058790.0,1331046050.0,20231116
222800,34950,35600,34500,35400,237118,8294348500,1.0,1127636662200,131782300.0,458923350.0,20231116
036710,2535,2555,2520,2555,21377,54215335,0.0,123534620475,-5321215.0,,20231116
160980,15180,15180,14800,15120,13333,199976970,0.13,165174554160,-511170.0,1602400.0,20231116
356890,9490,9670,9400,9510,13087,124167680,0.21,45234600300,3670420.0,,20231116
217330,15600,15990,14910,15870,73295,1125458180,-0.31,299083782330,-156750220.0,-418666180.0,20231116
010280,836,839,818,819,373477,309545218,0.24,53336380734,14821366.0,156080.0,20231116
208640,351,360,344,350,435282,152873292,0.86,48734088900,527452.0,,20231116
222420,1540,1713,1532,1580,891343,1437941195,2.6,71827164980,86209334.0,358359.0,20231116
037760,1520,1528,1510,1526,42171,63841976,-0.59,51629037446,1545321.0,,20231116
099320,29000,29100,28500,29050,12068,347957550,-0.17,263936883350,-18839650.0,-1244050.0,20231116
049960,10950,10950,10630,10710,12224,130949330,-2.19,100674000000,-12365770.0,2166180.0,20231116
088280,6490,7190,6360,6800,5463673,37119173700,7.94,117684132000,1238735090.0,-2209820.0,20231116
050890,5920,6020,5810,5890,646191,3814178450,-0.17,360595459600,-310294690.0,-82424300.0,20231116
066790,3350,3610,3020,3240,16850884,56178726255,1.57,181521181440,82087705.0,,20231116
222080,10580,11250,10420,11170,1178370,12858833320,6.28,784004249280,686020700.0,-161376100.0,20231116
352480,47500,51900,47200,51500,123138,6117411150,9.34,515717961500,-1229701850.0,1534883650.0,20231116
264660,12520,12720,12430,12720,11440,143597110,1.76,116618041200,2670540.0,60.0,20231116
352700,3605,3650,3595,3605,198330,715746230,-0.55,98333220895,102781270.0,-3385315.0,20231116
297090,10560,10560,10290,10300,157721,1636512550,-2.37,280881000000,-450161360.0,32306530.0,20231116
359090,1194,1194,1173,1189,70984,83864678,0.68,65219340707,-2445678.0,,20231116
115530,425,429,412,428,275313,116451436,-0.47,29088164000,-3521460.0,,20231116
115480,873,881,850,874,296442,256711816,0.46,42148263692,22085144.0,,20231116
340810,7770,7810,7400,7500,75410,569191950,-3.47,77608957500,-25929410.0,-127581810.0,20231116
376290,3365,3365,3245,3315,4889,16092780,0.76,58534612500,-225490.0,,20231116
189330,11970,12880,11720,12410,74613,922755870,3.76,75605244440,-47687290.0,-6190.0,20231116
096530,21150,21550,21050,21500,111943,2393191550,1.65,1122858871000,682099500.0,-263036850.0,20231116
900120,115,115,113,114,550814,62516381,0.0,22539737886,-1550172.0,,20231116
101240,4875,4970,4850,4960,56348,277698910,2.27,50285392640,-3667815.0,,20231116
060590,8660,8950,8650,8950,97610,860979010,3.35,216420129000,-104696090.0,-4760.0,20231116
260930,5460,5490,5310,5450,11742,62961160,0.74,105411670950,-7365260.0,-2885970.0,20231116
052300,338,379,337,371,2059696,744229108,10.42,44019680530,16424512.0,,20231116
013990,3805,3880,3765,3880,286123,1094377225,2.11,127603639680,96068135.0,191060935.0,20231116
123860,22150,23100,21950,22950,109682,2499173100,5.03,273824597250,475160800.0,952950.0,20231116
025980,6810,6890,6700,6860,676324,4610853180,0.73,628039256320,-460410000.0,-139379240.0,20231116
058220,0,0,0,275,0,0,0.0,10717917100,,,20231116
125210,12230,12290,12070,12240,62868,767393280,0.08,201920709600,-155869580.0,12130.0,20231116
357580,11320,11500,11250,11380,27650,314143770,0.26,127686604320,46212130.0,,20231116
052710,7830,7930,7700,7920,64612,505332690,1.8,115751663280,254277080.0,-6160.0,20231116
074430,1502,1527,1460,1470,1213446,1803368521,-2.13,129105460680,177146866.0,6099596.0,20231116
092040,11500,12200,11390,11820,163010,1931023580,2.16,233500648560,129657440.0,-36597040.0,20231116
083930,14630,14630,14260,14500,37892,546656940,-0.28,223485571000,-39978630.0,-27994350.0,20231116
149950,14190,14190,13500,13960,19201,264411440,0.07,217880700000,50583970.0,-70.0,20231116
036010,15920,16290,15650,16170,200960,3224141970,1.76,214946742780,237708500.0,-126660120.0,20231116
050860,2435,2510,2420,2510,79295,195891275,3.08,56475000000,-8001980.0,,20231116
136410,6360,6420,6320,6380,17760,112825310,0.95,70301896280,15121470.0,41370610.0,20231116
246720,7000,7230,6930,7080,45744,323082440,1.14,91944597000,33490290.0,13454940.0,20231116
067390,1641,1675,1579,1584,139493,222796894,-3.41,66987165168,-3653242.0,,20231116
159010,9940,10090,9740,9780,34867,342610690,-2.4,130413747420,-3058850.0,-88259020.0,20231116
127710,1365,1366,1338,1359,11403,15408407,-0.44,47434647438,2720.0,,20231116
154030,2925,2935,2895,2925,34470,100363610,0.0,32528454075,-3016790.0,,20231116
227610,2375,2380,2115,2155,666099,1474506445,-7.31,68209710890,-158944895.0,-1419805.0,20231116
143160,20950,21300,20750,21100,28319,593572050,0.72,226115829000,50646400.0,-157659500.0,20231116
054800,11390,11390,11200,11310,1474,16572410,-0.09,117033120360,-1517530.0,-6016150.0,20231116
332370,3380,3380,3335,3365,28275,94859410,-0.44,44666087990,-238820.0,-389005.0,20231116
339950,1767,1807,1665,1745,301104,530582743,-1.13,78431912975,-5961895.0,-82023866.0,20231116
099190,21800,22000,21550,21650,158131,3440439750,-1.14,595770610450,-190938600.0,114720900.0,20231116
289010,3685,3775,3675,3735,36480,135427830,1.36,48047178195,34270040.0,,20231116
214430,32500,33350,31850,32350,29387,949318550,-0.92,229903686000,97761400.0,27861950.0,20231116
040910,8170,8590,8070,8550,108544,909753760,4.4,157874399100,43544050.0,4435440.0,20231116
368600,4905,4960,4830,4960,25829,126969560,1.33,84291554400,2716915.0,,20231116
052860,2510,2645,2470,2570,338916,876786785,5.33,45907534780,7676160.0,-868620.0,20231116
069920,3005,3085,2890,2925,26630,78124365,-2.66,75542108850,-26590395.0,-46800.0,20231116
038880,418,429,416,428,699961,294913092,2.39,126161196200,122592588.0,-23831.0,20231116
307180,3070,3080,2985,3045,160846,485106910,0.0,78628571595,36778315.0,,20231116
101390,6550,7120,6540,6860,148990,1014891780,4.89,62108773020,167641530.0,416120.0,20231116
451220,18380,18890,18060,18300,276578,5103011900,-1.93,144105381300,-31400510.0,114935820.0,20231116
078860,177,179,170,176,504155,87895955,-0.56,16918259072,-627287.0,,20231116
090150,1259,1290,1254,1265,63447,80549641,1.52,52972245645,-28666678.0,,20231116
123010,1519,1542,1517,1530,45443,69210837,0.72,49967569260,-1788146.0,-119141.0,20231116
031310,2750,2765,2665,2710,144120,389345190,-1.99,52241369180,-84504910.0,,20231116
185490,3000,3060,2990,3030,25125,75959030,1.34,65079370200,-76420.0,,20231116
059100,5900,6000,5800,5800,13736,81291330,-2.03,41010988000,-10507880.0,-939090.0,20231116
262840,5450,5580,5300,5570,25424,138471480,7.95,54920200000,20869780.0,-37740830.0,20231116
175250,1960,1960,1910,1950,62883,121507153,1.46,73238817600,36298663.0,-3920930.0,20231116
052460,4090,4125,3995,4090,173384,705545255,-0.12,59746458240,-22759990.0,22724430.0,20231116
119830,7520,8200,7420,7580,1050117,8136984190,0.8,162471971260,15111260.0,-6834860.0,20231116
052770,1370,1418,1331,1376,178188,244812764,0.44,53918023360,-66175338.0,,20231116
124500,3765,3820,3730,3770,94926,358809185,0.13,77329210790,46201095.0,,20231116
372800,6860,6860,6320,6580,11376,74149920,2.97,39657594200,2766790.0,,20231116
084850,21650,22000,21450,21850,11238,243719800,0.0,495622107900,62779950.0,-43543350.0,20231116
114840,24500,25750,24300,25750,90104,2262655500,5.1,221475029000,365127950.0,70102550.0,20231116
027360,2135,2185,2130,2180,182625,396103600,2.59,263442985080,136448120.0,-34730350.0,20231116
032080,1611,1635,1611,1624,32466,52596309,0.06,34901431096,14900956.0,,20231116
013310,4345,4435,4295,4385,1491375,6530985520,1.5,170166862070,227017320.0,161307530.0,20231116
059120,11510,11700,11110,11510,978286,11170206410,0.26,112206339960,261751070.0,40.0,20231116
158430,3890,3890,3585,3775,119119,448321310,-0.13,82362515875,45641290.0,30411750.0,20231116
067160,66300,66500,64700,64800,200376,13119001100,-1.97,744860901600,-3106273200.0,-2248795900.0,20231116
001540,7750,7790,7690,7700,8964,69194000,-0.52,100426634000,14023060.0,0.0,20231116
053800,66800,67100,66600,66800,27340,1827875300,0.15,668925514000,-126454300.0,-196901100.0,20231116
065660,13020,13520,13020,13370,16167,214485640,2.85,130108457010,46120310.0,-2428070.0,20231116
297570,1383,1430,1375,1405,102007,143559817,2.86,48642811290,-10552749.0,,20231116
260660,5910,5960,5850,5960,18339,108357270,0.34,91349045160,23549860.0,-15006400.0,20231116
354320,45350,45700,44400,45250,39776,1786185700,0.0,289209990250,498635250.0,-573601850.0,20231116
361570,3420,3460,3370,3435,69648,238656225,0.44,98362224585,43656475.0,10335.0,20231116
131370,3810,3875,3805,3835,146487,562149400,0.0,204279263305,57537165.0,310915.0,20231116
140670,12650,12730,12340,12520,93589,1171845590,0.4,116475312800,14863570.0,2264850.0,20231116
096610,7250,7250,5400,5490,3990119,23755992380,-25.81,87237434070,-350799950.0,0.0,20231116
061040,3800,3800,3730,3785,25617,96623285,-0.13,121457845315,2963335.0,-1227030.0,20231116
148250,4790,4880,4640,4680,29789,140584220,-1.27,34590750480,-17354930.0,-452055.0,20231116
347860,8390,8400,8240,8350,57194,477043830,0.6,179945606200,12657530.0,5657370.0,20231116
196170,71700,73000,69400,70100,755145,53387056800,-3.04,3629133500600,-3199549200.0,-1954486200.0,20231116
123750,3370,3400,3320,3375,135173,455303430,1.81,43018752375,58900580.0,-163605.0,20231116
085810,1230,1275,1210,1275,57392,70133279,1.19,37849355475,2285303.0,,20231116
117670,0,0,0,945,0,0,0.0,35605449180,,,20231116
314140,9140,9320,9110,9270,37449,345427440,1.42,80337166470,-60611830.0,-831220.0,20231116
291650,3535,3590,3465,3530,29719,104529800,0.43,59940289560,14724240.0,,20231116
293780,8120,8230,8060,8140,46026,374035560,-0.73,181512769240,7178990.0,19637790.0,20231116
196300,14740,14740,14030,14340,15242,216410770,-2.71,85140795960,-7988210.0,-504360.0,20231116
310200,3900,3900,3695,3695,436768,1641672125,-3.4,166964693920,-88233415.0,-64752045.0,20231116
179530,3095,3480,3050,3395,217313,720502460,9.69,31031807380,15807825.0,684160.0,20231116
900100,1622,1679,1620,1646,91740,150231835,0.55,64048847490,-14655041.0,,20231116
205500,1580,1588,1532,1570,77715,120871208,-0.63,73077311060,-27014598.0,,20231116
052790,11420,11680,11220,11650,168839,1946231790,2.19,132001932700,205317430.0,,20231116
290740,7430,7490,7330,7450,28491,211403130,0.4,74984331950,54154650.0,,20231116
238090,3960,4155,3885,4080,310492,1251831905,2.9,96048516240,7956575.0,-304390.0,20231116
092600,1497,1498,1467,1493,21794,32304883,1.7,37449690881,-763122.0,,20231116
129890,0,0,0,5110,0,0,0.0,51757565020,,,20231116
174900,12390,12740,12050,12130,86613,1064377280,-1.54,186220596970,-180306710.0,-96257390.0,20231116
255440,8770,8850,8660,8690,5495,47929110,-1.92,113474020000,1878590.0,2030.0,20231116
030960,14530,14680,14440,14550,37271,542482450,0.55,232509000000,33992440.0,,20231116
102120,8110,8220,8020,8210,38360,312638000,0.86,145979982130,71349650.0,-6715450.0,20231116
263540,0,0,0,5950,0,0,0.0,62439841450,,,20231116
238120,4050,4285,3985,4125,244602,1003761545,3.64,29656473000,49582380.0,-42440.0,20231116
019990,5940,6040,5920,5970,13080,78029880,1.53,58243845360,-5253340.0,10.0,20231116
270660,12560,12630,12300,12430,118707,1479066600,0.08,151538381060,-55221080.0,193150.0,20231116
038680,4555,4610,4475,4530,125889,570884885,1.23,83500919220,98914770.0,-5.0,20231116
217480,0,0,0,349,0,0,0.0,14870423038,,,20231116
121890,2040,2190,1965,2095,531561,1108696894,7.71,26577421400,52851962.0,1452541.0,20231116
304360,7290,7390,7220,7350,48869,357331450,0.68,83327508600,-58690780.0,-877640.0,20231116
389500,39450,40300,38600,39300,132410,5206078850,1.81,242673727200,-537248550.0,4590650.0,20231116
042110,1622,1633,1614,1628,95509,154903973,0.37,78680530192,-59364.0,,20231116
298060,3000,3010,2715,2790,277437,797627265,-7.0,57103621920,37183270.0,102165.0,20231116
065420,322,331,317,320,274276,88481205,-0.31,22904735680,5452168.0,-115858.0,20231116
103230,4210,4210,3990,4035,88908,359185025,-4.16,29052000000,-83287185.0,,20231116
260970,15000,16130,14960,15860,60052,940669310,7.38,64382401200,24598370.0,-109426900.0,20231116
101490,47400,48600,46400,48600,278343,13285289250,2.53,1042540324200,-796911750.0,676278200.0,20231116
095910,1903,1905,1870,1885,20611,38820032,0.59,36765988155,3310420.0,-460231.0,20231116
275630,5220,5230,5120,5190,42757,221768350,1.57,31233362910,-2412940.0,0.0,20231116
031330,2770,2795,2755,2775,137336,380096880,0.18,277486310925,24521700.0,-59284515.0,20231116
060540,2700,2735,2655,2690,156629,419674140,0.37,70298593140,47628580.0,,20231116
351320,2740,2740,2520,2635,42489,110933870,-1.68,58011859610,9881580.0,,20231116
056190,29600,30000,29400,30000,71510,2121531650,1.35,1077262800000,-343872250.0,179715200.0,20231116
080000,2595,2635,2545,2630,126583,328676895,1.94,90269148100,20209490.0,50518935.0,20231116
214310,0,0,0,306,0,0,0.0,22516276518,,,20231116
246250,4180,4510,4170,4385,199512,868950725,4.78,33650941655,-24365180.0,-98603375.0,20231116
041510,96800,98000,94900,95800,190859,18329189280,-1.14,2283000315800,904466500.0,-2604778400.0,20231116
007820,5390,5410,5300,5410,20823,111168100,0.37,108383647860,20969420.0,-28940.0,20231116
109610,5360,5480,5270,5280,1416690,7593468940,-0.38,258231072000,-1107367670.0,,20231116
365330,5420,6150,5150,5370,42633752,241180045790,6.97,164375700000,116072960.0,-6544410.0,20231116
031860,628,644,624,630,609547,385822782,-0.47,74840575950,-16962321.0,,20231116
306040,9340,9340,9160,9230,13255,122923120,-1.18,91061592440,1219910.0,-18876540.0,20231116
457940,2065,2065,2050,2065,3541,7308130,0.0,6835150000,-22605.0,10325.0,20231116
435870,0,0,0,2240,0,0,0.0,8332800000,,,20231116
455910,2025,2035,2025,2035,22645,45864140,0.0,10215700000,-6075.0,29672325.0,20231116
096630,2020,2030,1967,2000,1829595,3660509287,-0.74,149254930000,221995176.0,-7395265.0,20231116
069510,8670,8800,8620,8780,33913,294918330,1.27,95789800000,38035440.0,2224710.0,20231116
041910,6510,6610,6480,6510,109931,718884800,0.93,77457692130,57668480.0,-49210.0,20231116
234300,3860,3945,3855,3925,139292,545014445,1.03,108064049850,117138590.0,-43485.0,20231116
039440,35250,37150,34350,36900,461784,16527164300,2.5,584127000000,1048609650.0,377480200.0,20231116
098660,2445,2450,2315,2350,217816,517069605,-4.08,29377293600,-1255210.0,4477550.0,20231116
052020,8990,9220,8800,9180,198243,1794813960,3.03,424836639180,-252846130.0,-126582790.0,20231116
237690,71400,71700,70800,71500,21819,1554214100,0.0,1344827412500,141743400.0,-80163200.0,20231116
050760,1898,1909,1880,1906,44369,85624986,0.42,31133896268,-4352152.0,,20231116
288620,15090,15190,15010,15130,10840,163669300,0.8,105597051080,55140280.0,9740220.0,20231116
317830,9870,10070,9750,9900,171938,1704029570,1.43,106660798200,-178971220.0,2940900.0,20231116
058610,31150,31650,30600,31100,462689,14395961600,1.3,689715896000,-897369950.0,379811200.0,20231116
043340,692,699,689,695,18323,12670539,0.87,50040000000,245251.0,,20231116
187660,2355,2390,2270,2300,872058,2030052290,-3.77,50223375000,-48166920.0,-7872820.0,20231116
054630,273,277,269,274,293245,79935408,0.37,21840392314,-4453404.0,-20821.0,20231116
200710,24450,25350,24200,24900,269817,6723747150,1.43,334334018100,1074750.0,5067900.0,20231116
096690,451,458,440,452,322886,145368125,1.57,72764744496,35913160.0,,20231116
298380,18930,18930,18580,18720,156664,2931210330,-0.85,896548330080,554057240.0,-403142030.0,20231116
203400,6000,6020,5890,5940,40890,242691790,-1.0,115284595140,-18180900.0,-65927920.0,20231116
195990,645,648,616,635,3045279,1930428087,-1.85,180587472835,-392155316.0,-1270.0,20231116
003800,25900,26250,25850,25900,3429,89414300,-0.77,287231000000,2351150.0,,20231116
088800,1870,1995,1869,1890,4534915,8785137490,1.18,132160277970,-166346805.0,-2509128.0,20231116
241840,13370,13820,13210,13600,36285,495228160,1.72,129743918400,132127700.0,-6115340.0,20231116
312610,3100,3100,3000,3010,11266,34172845,-3.53,60973232880,-165030.0,,20231116
172670,17920,17950,17420,17560,25057,440908430,-1.68,157342148040,-131654790.0,-57161810.0,20231116
445090,42850,43000,38150,42000,4489219,182409858800,1.69,444583440000,-1798824950.0,3523594300.0,20231116
072990,8290,8580,8170,8340,7274,60982160,0.48,59802478740,-5887920.0,-934670.0,20231116
227100,1800,1999,1729,1983,613825,1183613188,14.89,25157452446,168619378.0,1347229.0,20231116
239610,15520,15850,15320,15560,24726,383770690,-1.33,83901309400,-29892350.0,15210.0,20231116
462020,1944,1953,1940,1942,20009,38864724,-0.15,8437990000,1217634.0,,20231116
148930,6430,6470,6390,6440,19503,125434730,0.16,65528371720,37560910.0,,20231116
044780,1765,1768,1748,1757,104844,184014084,-0.45,32514667759,-1266822.0,2851976.0,20231116
357230,7170,7200,7090,7190,30009,213704570,1.27,149997197610,21152790.0,-67101070.0,20231116
071670,10650,11040,10530,10940,112255,1219392360,2.92,109400000000,35689020.0,-4660.0,20231116
045660,12100,12660,12100,12430,108346,1350826650,2.73,102671800000,213004580.0,-40.0,20231116
224110,13970,14180,13660,14180,60995,855129100,3.28,75721200000,138233070.0,40.0,20231116
021080,2800,2835,2720,2795,282590,785659830,3.33,134160000000,121834130.0,-2716010.0,20231116
089530,0,0,0,600,0,0,0.0,43367041800,,,20231116
200470,2915,2930,2860,2910,45384,131592960,0.69,123273690630,45187675.0,,20231116
262260,13360,13530,13150,13490,61589,822679530,1.05,195086363460,42850780.0,-2685530.0,20231116
109960,860,880,848,868,368277,320417763,2.6,57467736760,79956991.0,,20231116
397030,11100,11390,10940,11320,93010,1042369280,1.52,121250727400,33199620.0,76493960.0,20231116
089970,13780,15950,13620,15290,311025,4691700760,12.01,366663297550,-549095230.0,897202260.0,20231116
230240,20450,20450,19350,19740,243750,4780464590,-3.71,266273373240,-566084960.0,-534897640.0,20231116
230360,9920,9940,9760,9770,74013,726961140,-0.81,316235643330,72004070.0,-192208870.0,20231116
038870,5810,6470,5780,5930,3453528,21511424560,5.52,80781199660,-1387737620.0,-10770.0,20231116
097780,1100,1100,1063,1088,24446,26576538,0.37,68250607744,2369309.0,,20231116
101360,20600,21150,20350,20700,73624,1528725600,0.49,236296358100,332317850.0,-561427100.0,20231116
128540,2860,2895,2840,2875,28889,82821590,0.7,76735072500,11379070.0,,20231116
086520,730000,760000,704000,711000,384538,280127937000,-3.92,18932271948000,-8009856000.0,-17358522000.0,20231116
247540,248000,257000,239500,242500,1023370,253179754000,-3.0,23716825920000,-29736105000.0,-8663500.0,20231116
383310,62400,64400,61500,62200,118823,7498720300,0.32,951966770400,301262000.0,-218467500.0,20231116
038110,5240,5780,5170,5620,7264008,40558224100,6.04,192031859400,918876430.0,270583430.0,20231116
073540,2390,2470,2370,2410,71771,173000375,2.77,27474000000,6601370.0,,20231116
064850,6950,6950,6470,6490,13645,90854000,0.31,78399200000,-1275650.0,-8201350.0,20231116
036810,21900,23500,21500,23450,317697,7268980350,4.92,510196702050,124470200.0,735834300.0,20231116
173940,5800,5800,5620,5690,9847,55718410,-1.9,87516518710,-480460.0,0.0,20231116
083500,8630,9030,8550,9030,126301,1119682580,4.76,76671219660,65190160.0,-40589940.0,20231116
054940,888,915,880,911,327161,295312042,2.59,30221102228,9663617.0,,20231116
043090,595,605,571,589,189803,110152811,-0.84,34825104446,2494431.0,,20231116
950130,9250,9310,9140,9240,152960,1411221260,-0.11,335555469480,-145031240.0,5420.0,20231116
205100,2130,2145,2090,2110,532579,1124655145,1.93,151842839410,-45294775.0,,20231116
356680,5000,5120,4930,5050,715686,3593940855,1.81,143892134600,414168185.0,,20231116
070300,2635,2790,2635,2760,41357,112339300,4.74,20330364240,1881395.0,-29620390.0,20231116
317770,3410,3410,3205,3370,363008,1207499955,-0.3,76774012220,171035180.0,,20231116
092870,12250,12530,12110,12490,77468,952146780,1.79,135501474530,56015340.0,69568790.0,20231116
317870,15090,15400,14840,15100,3244,48622850,0.07,125998824300,-21604860.0,120.0,20231116
067570,2695,2700,2645,2685,59838,160064725,-0.19,113226450000,45799870.0,-15510.0,20231116
236810,5700,5760,5670,5740,31582,180337880,0.7,97438945240,24924700.0,0.0,20231116
333620,10090,10260,10090,10240,9954,101373570,1.49,108096962560,34802640.0,10200.0,20231116
101400,615,650,615,630,665500,422560534,3.79,37287321120,42869357.0,,20231116
391060,0,0,0,10000,0,0,0.0,51000000000,,,20231116
422040,2050,2080,2050,2050,22070,45274945,0.0,14678000000,-139380.0,-26330445.0,20231116
437780,2045,2055,2045,2055,5602,11489775,0.49,10336650000,-110810.0,-7022315.0,20231116
438580,0,0,0,2460,0,0,0.0,7429200000,,,20231116
439410,2020,2020,1996,2010,16151,32427808,-0.25,17688000000,25956.0,-994502.0,20231116
440820,2025,2025,2015,2025,7522,15175670,0.25,15795000000,,127745.0,20231116
450410,3990,4050,3940,4010,65357,260748630,0.5,15719200000,-29426215.0,,20231116
451700,1985,1985,1970,1984,15430,30422711,0.05,28470400000,-51554.0,-7823103.0,20231116
265740,8400,8530,8310,8490,25054,211382570,1.07,75830982000,10350010.0,,20231116
354200,5430,5460,5110,5300,46614,248804720,-2.03,68312903100,82784260.0,,20231116
419080,12380,12570,12000,12120,42669,519696770,-1.14,127475942040,-115370820.0,,20231116
208860,0,0,0,2205,0,0,0.0,25233717915,,,20231116
183490,1398,1423,1390,1407,136303,191155621,0.64,119687245734,60087042.0,-19782.0,20231116
182400,13370,14540,13220,13880,1058602,14871371700,3.81,572107658280,1187698530.0,6714720.0,20231116
348370,58400,59200,57700,58800,104793,6156670900,0.86,956571394800,348832400.0,-177238100.0,20231116
058450,0,0,0,464,0,0,0.0,24198874144,,,20231116
069410,5010,5010,4890,4955,40660,200630670,-0.1,50763102920,49166590.0,-484750.0,20231116
227950,679,685,650,682,380599,254834926,0.44,70638511460,67605312.0,,20231116
291230,2980,3180,2970,3125,1882740,5850593080,5.93,136688778125,238507310.0,,20231116
198080,2400,2405,2285,2300,122147,288145915,-1.92,49530925500,-29490060.0,-5113070.0,20231116
048830,1847,1874,1826,1839,212803,395518272,1.32,34433294397,-6497286.0,,20231116
096870,3005,3045,2975,3045,9253,27747275,0.16,20335728000,728645.0,,20231116
138690,0,0,0,2730,0,0,0.0,183129235380,,,20231116
290650,34300,34300,33700,34200,49008,1666214550,-0.15,775823272200,441863800.0,-202609250.0,20231116
066970,154700,155900,150800,153100,194530,29866615800,-1.16,5549542007500,-2696590100.0,-39757400.0,20231116
156100,8410,8410,7900,8150,148861,1205925840,-2.74,162484455450,-229128660.0,181785880.0,20231116
073110,6000,6050,5860,6050,19704,118101950,1.34,53819317750,22520450.0,,20231116
083310,21500,21800,20800,21100,311744,6597958200,-2.09,375791696300,-715874100.0,-940014900.0,20231116
037950,1306,1314,1270,1277,1776311,2279136531,-2.74,107839481763,-421664431.0,,20231116
170920,8150,8230,8040,8200,17718,144313910,0.61,72357242800,36975080.0,-7314470.0,20231116
058630,6520,6680,6510,6600,191085,1257937490,1.54,128989588200,-38591420.0,-2751550.0,20231116
058970,62100,63100,60400,61300,123446,7570774100,-1.13,687302956000,-138693300.0,2058102400.0,20231116
019590,811,811,786,801,147874,117624876,0.25,91287200142,4037945.0,,20231116
169330,3000,3010,2930,3000,12599,37425860,2.39,54770754000,637355.0,,20231116
373170,15860,16240,15570,16000,15800,252085330,0.88,79086880000,-2247480.0,0.0,20231116
179290,6950,7020,6910,7020,24883,173313020,1.01,226575259560,-8219800.0,-161160.0,20231116
009780,5460,5510,5430,5500,12058,65999500,0.73,96800000000,-4422800.0,2758900.0,20231116
123040,5210,5440,5210,5390,465230,2472640090,3.45,246098113030,-11173650.0,-79213470.0,20231116
323230,2360,2360,2180,2325,437508,988130900,-1.48,88374531075,-156332335.0,,20231116
032790,1691,1900,1650,1870,3196414,5792190659,7.04,59384772810,227785011.0,-2700.0,20231116
033160,12360,12430,12130,12320,60733,745257870,-0.08,271857197920,59979800.0,6309080.0,20231116
347890,7630,7700,7560,7640,24027,183088550,0.39,128338278560,-7629740.0,4126140.0,20231116
033310,3070,3080,2980,3030,56734,172502770,0.0,122236959930,985315.0,,20231116
259630,11780,11930,11570,11840,57328,675797560,0.51,145423639680,59918170.0,60710.0,20231116
115960,13810,13950,13610,13700,36000,493645630,-0.8,169852600000,-27640150.0,-344219860.0,20231116
060850,8800,9000,8780,8830,21552,190993970,-0.56,71796730000,35401810.0,0.0,20231116
143540,849,870,847,868,73500,63291096,2.97,38712708860,12331608.0,,20231116
036560,12440,12780,12440,12720,132569,1671528510,2.17,200340000000,-8482030.0,295294710.0,20231116
265560,10710,10780,10600,10640,28889,308075420,-0.65,113743515200,-36553970.0,-1180980.0,20231116
036000,1693,1693,1672,1678,28962,48648564,-0.89,38651516806,-208506.0,-1958801.0,20231116
250930,763,822,756,800,58243,46127383,4.85,26400352000,1906352.0,,20231116
053280,4445,4510,4445,4495,23050,103492445,0.56,112375000000,25550840.0,-62245.0,20231116
122640,14060,14060,13460,13580,215506,2930502380,-2.58,258622164360,-301495640.0,-242303870.0,20231116
900300,140,141,138,140,755700,105092716,0.72,34336887340,6925285.0,,20231116
045060,3055,3090,3005,3070,69518,213056660,2.68,52011860180,3558800.0,250870.0,20231116
080520,4450,4460,4430,4455,10827,48145040,0.11,52331143095,6262370.0,,20231116
039830,7060,7150,7060,7080,26121,185787280,0.28,76201261200,850630.0,-45917020.0,20231116
322310,21500,22000,21100,21600,63528,1362843800,0.23,202317307200,-116784250.0,-671050.0,20231116
046120,3355,3410,3340,3385,108624,366712250,1.2,91627969240,14688845.0,-196315.0,20231116
014940,2845,2875,2835,2865,54666,155983100,0.53,130568538765,73650025.0,-1967530.0,20231116
065500,1232,1262,1231,1240,97082,121010269,0.73,39361210880,2183542.0,,20231116
010470,15030,15160,14600,15000,304841,4540565610,1.9,179625750000,-148344450.0,15300.0,20231116
417860,23600,24450,23300,24450,14349,345227800,3.38,95436907500,-27122300.0,,20231116
352910,9290,9370,9050,9250,40792,377333830,0.65,112536360250,85815860.0,15920300.0,20231116
053980,5200,5200,5070,5130,9000,46018750,-0.77,91046634660,5100870.0,,20231116
052420,1475,1489,1468,1483,255920,378219925,0.82,120834659074,80937857.0,,20231116
241790,12000,12030,11770,12030,13438,159824440,-0.08,120331687020,-1869300.0,23990.0,20231116
039200,20350,20700,20000,20300,138403,2802955650,-0.25,771074347400,135731250.0,-442403350.0,20231116
226400,4275,4860,4275,4820,766524,3535431670,12.09,99588916820,-35259905.0,230036065.0,20231116
031510,2010,2010,1923,1948,224566,440388183,-3.08,54544000000,-104535188.0,,20231116
368970,4850,4875,4750,4805,33381,160364225,0.1,44908298800,17992210.0,-7198235.0,20231116
138080,12490,13440,12490,12710,93524,1214421920,1.76,135032247450,-5843790.0,-7510420.0,20231116
080580,4110,4300,4065,4215,72311,304910765,2.31,74518241070,-14863420.0,,20231116
067170,4380,4465,4375,4455,25937,114481925,1.71,68569600275,733580.0,,20231116
353590,7610,7690,7560,7620,10230,77993490,0.13,98111843400,2632910.0,1200.0,20231116
173130,17250,17260,16660,16990,746952,12686478750,0.3,201508705700,-508080360.0,-20714500.0,20231116
440320,6080,6140,6000,6040,77285,468056110,-1.63,59222200000,65444930.0,1379230.0,20231116
049480,2595,2605,2575,2600,119749,310271600,0.39,81698195800,45046775.0,,20231116
394280,17250,17620,17170,17520,247209,4310595790,2.1,375975871200,-74692120.0,124253300.0,20231116
309930,5090,5230,5000,5170,134466,686263090,1.57,109993766300,-32592870.0,,20231116
244460,889,889,781,797,4174036,3405220741,-9.23,24088765506,-464528985.0,-5875348.0,20231116
226950,13800,14000,13600,13830,41852,575110500,0.95,221414966970,125199600.0,-111900.0,20231116
057540,867,881,864,867,187701,163928771,0.12,53276590785,36015487.0,,20231116
131030,5120,5180,5090,5130,30874,158500140,0.2,82865721060,38629700.0,,20231116
082210,3100,3240,3075,3150,232369,732925015,1.61,77124426750,5647265.0,,20231116
109080,10300,10450,10280,10380,8653,89727870,0.58,58501680000,40274900.0,,20231116
380540,1402,1428,1377,1408,152207,212132670,0.57,39617031168,7350083.0,8119808.0,20231116
153710,6960,7110,6930,7030,21036,147484920,0.14,103129804740,17333890.0,,20231116
321820,3090,3200,2960,2960,38977,119353340,-3.27,20448514720,1773985.0,,20231116
432430,7930,8230,7750,8140,124030,989565210,3.04,128867221560,20183940.0,-214010.0,20231116
122990,6790,6900,6750,6900,63200,433653290,2.22,194489892900,4117960.0,151506650.0,20231116
112290,9480,9680,9400,9670,15234,145184800,2.0,97768970150,17739790.0,-12560.0,20231116
232140,3550,3600,3525,3580,124212,443512265,0.42,293722353000,84962160.0,-78440.0,20231116
065530,1766,1798,1766,1796,30105,53585241,1.41,94936560000,22788327.0,,20231116
067900,7400,7560,7400,7560,48720,363715090,1.61,137589422040,156097400.0,-119081110.0,20231116
007530,2995,3005,2965,2980,43807,130833305,-0.83,57139866960,3223360.0,,20231116
155650,5460,5540,5460,5530,46492,256162710,0.73,107693199740,29198510.0,-40740.0,20231116
273640,14730,15000,14510,14930,28124,415950370,2.26,163722380000,17208950.0,104137250.0,20231116
251370,10740,10780,10590,10710,19360,206692210,-0.28,174727909440,-12465510.0,-300220.0,20231116
066430,756,850,755,808,1245152,998801433,8.17,31636008608,14969849.0,367115.0,20231116
193250,875,875,846,846,128522,109920229,-1.86,48583898496,3255650.0,,20231116
273060,1272,1272,1143,1152,1182038,1408856204,1.59,58129438464,-337798578.0,171614.0,20231116
019210,5660,5690,5590,5620,75621,425791530,-0.71,171824862780,65707250.0,-33078560.0,20231116
122870,59500,59600,57500,57700,273817,16045218000,-3.51,1077717657300,-1027711100.0,-5377034700.0,20231116
332570,2705,2770,2700,2750,63882,175401515,0.92,108458229000,-27016610.0,-910730.0,20231116
079000,4985,5030,4900,4900,4092,20170260,-1.8,35280000000,-164125.0,,20231116
403490,2115,2665,2110,2490,30886587,75937421670,17.73,111861915360,-96025295.0,84821025.0,20231116
032820,1364,1377,1352,1363,1049803,1431516875,0.96,209158209537,221723260.0,-212628.0,20231116
041190,5660,5880,5430,5550,8566898,48084609540,7.56,466200000000,3581057210.0,-1112251480.0,20231116
115440,6740,6790,6650,6790,30251,202810740,0.74,73021282810,72149650.0,-609370.0,20231116
046970,1860,1879,1825,1827,716559,1320905421,-1.77,80068273173,-56831388.0,,20231116
082850,2845,2930,2750,2900,1297029,3686325825,2.47,140466076200,318788955.0,93842625.0,20231116
215360,14900,15090,14610,15020,25112,375259080,0.81,137165088260,90475640.0,-90600.0,20231116
072470,3390,3445,3360,3400,11791,40180565,-0.58,64216959400,1297590.0,-374050.0,20231116
073560,1568,1568,1552,1567,88064,137425448,-0.06,108495386581,-1399605.0,10969.0,20231116
037400,1597,1650,1587,1640,229386,373099442,3.67,43006287440,3975176.0,,20231116
153490,1040,1060,1037,1044,210452,220749295,1.26,53745120000,38645548.0,,20231116
101170,5780,5790,5680,5780,39517,226949150,0.7,78030000000,84232780.0,,20231116
066590,2440,2510,2425,2480,119411,295723000,1.22,96901297920,56429285.0,,20231116
103840,5900,6320,5850,5960,1569502,9538806200,6.24,94053293840,155763730.0,168427870.0,20231116
046940,3085,3145,3075,3110,160673,500134235,-0.16,56211228500,64919735.0,,20231116
215380,2015,2135,2015,2095,47707,99802445,3.97,27145985545,-6350895.0,8689005.0,20231116
065680,13390,13550,13290,13520,10466,141288270,0.97,128845600000,-16835970.0,69619930.0,20231116
018620,1290,1291,1260,1280,231108,295292333,0.23,36978295040,41698677.0,,20231116
396470,10280,10310,9750,9900,541457,5418990780,-2.85,159588000000,-13375950.0,112987470.0,20231116
307280,1644,1644,1606,1620,66148,107150467,-0.06,59138440200,-22455362.0,,20231116
032940,3395,3450,3355,3430,29330,100188965,1.18,62402778900,10930620.0,-18035.0,20231116
240810,35500,35900,34600,34900,287807,10060875600,-1.69,1713028144900,2946775000.0,-1157949650.0,20231116
074600,26250,26400,25850,26300,156463,4095419200,0.19,691374400000,767226050.0,-1527572050.0,20231116
104830,26850,27700,26850,27550,47440,1298175400,2.23,347350400000,389495350.0,-9707400.0,20231116
014190,1557,1564,1541,1558,64866,100683700,0.71,55153053548,-9906583.0,,20231116
217820,6550,6700,6490,6640,314561,2078337560,0.3,281898271760,63595200.0,-3880740.0,20231116
030530,3370,3500,3315,3380,418934,1426316630,0.3,261064375780,91643500.0,-44202265.0,20231116
012620,8940,8960,8900,8920,5925,52872840,0.0,39248000000,1837890.0,,20231116
382840,16480,16860,16300,16690,49801,831258560,1.27,254882686890,58508470.0,-4705620.0,20231116
336570,8610,8610,7930,8260,3722275,30612667650,-4.07,728316537900,-994010940.0,-575692300.0,20231116
376980,8870,8870,8700,8800,14626,128038300,0.11,83218924800,3792980.0,105110.0,20231116
008370,4340,4340,4300,4305,14336,61886915,-0.23,51660000000,9283715.0,,20231116
008290,720,750,714,725,64262,46475898,0.69,29502917275,-3821064.0,,20231116
101160,25050,25650,24700,25500,208984,5263080650,1.59,421030321500,-223840950.0,113190950.0,20231116
064090,1779,1865,1762,1837,7581,14013923,0.71,56116012843,144005.0,,20231116
336060,1590,1594,1561,1586,143680,226818044,-0.19,76374147200,1471504.0,,20231116
095270,5270,5300,5210,5300,15124,79415760,1.53,79347656800,4961650.0,-8282170.0,20231116
065950,2880,2925,2870,2890,372773,1078030365,0.17,81588462780,53737230.0,11156490.0,20231116
076080,3395,3460,3395,3450,52851,181433765,1.17,77949838200,38579865.0,-4851890.0,20231116
043590,1018,1090,1017,1075,297779,315754353,5.6,38873988750,18283553.0,,20231116
196700,1984,2025,1963,2000,46417,91995928,0.81,28728288000,-1639933.0,,20231116
069080,14890,15000,14760,14900,35829,535173060,0.68,520768171600,167426010.0,1902170.0,20231116
053580,9890,9920,9760,9800,77095,755753320,0.2,133635230400,-400118250.0,60128680.0,20231116
071460,912,915,862,868,1266694,1111515640,-4.72,31219612060,-28852575.0,,20231116
377460,0,0,0,1581,0,0,0.0,24336973305,,,20231116
044340,10340,10560,10100,10300,17288,176895640,0.0,184096277500,-11117530.0,10160.0,20231116
330350,10790,10790,10040,10220,1183660,12164740900,-5.63,134830191160,-1276233400.0,8110460.0,20231116
348350,10290,10400,10150,10400,6040,62136310,1.07,105909440000,7898190.0,,20231116
112040,57600,59500,56700,57600,894547,51977294400,0.7,1946705011200,9472955900.0,-1685116500.0,20231116
101730,12540,12940,12390,12520,317300,4008806730,0.4,416857055840,-138547230.0,-4325910.0,20231116
123420,12470,12770,12000,12350,716413,8937711540,0.65,141652548700,570401230.0,6723190.0,20231116
065370,8410,8490,8300,8380,7426,61948660,-0.24,61877534520,480350.0,8380.0,20231116
038620,807,814,804,806,140987,113941914,-0.74,53636450790,12767247.0,,20231116
299900,3090,3485,3090,3225,10398707,34434216130,6.26,551632650900,-1448701340.0,123857015.0,20231116
036090,1016,1018,922,941,23380400,22562437515,6.93,105083214614,-1259782023.0,,20231116
136540,12240,12270,12150,12200,12551,152917020,-0.33,169142776400,9832440.0,-55738900.0,20231116
320000,2425,2515,2290,2435,784976,1898859305,1.04,45045425380,66316210.0,2570110.0,20231116
097800,1530,1560,1500,1536,109754,168036893,0.39,91521785856,30322756.0,,20231116
192390,4075,4185,4000,4115,231892,947192040,4.31,44184088260,51020070.0,-31060000.0,20231116
313760,7950,8190,7600,7880,93012,730366720,-0.25,45616382280,-32011520.0,,20231116
335870,1393,1412,1352,1365,61611,84428003,-1.52,22770141030,377387.0,-26483943.0,20231116
900340,793,807,792,802,120428,96297956,0.12,38474689256,21363096.0,,20231116
036200,7820,8050,7680,8020,313633,2464318820,3.62,245927068460,66616510.0,-16986340.0,20231116
018000,1186,1235,1174,1234,336843,409973519,4.14,155851739404,-44322238.0,418368.0,20231116
203450,2815,2830,2710,2740,42285,115704635,-2.66,40220479180,6263935.0,-1968870.0,20231116
011320,5120,5190,5090,5150,60225,308991350,0.59,99501579250,37589420.0,,20231116
086390,11860,12450,11860,12440,112593,1367403270,3.32,262908527440,-51145690.0,-140614130.0,20231116
241690,4290,4350,4170,4215,664089,2822716085,-4.31,105423746475,49877460.0,585990.0,20231116
142210,4085,4130,4050,4105,96563,395033890,0.0,79005207660,65303655.0,,20231116
048430,8140,8300,8140,8250,43754,359527670,0.12,95040000000,79580540.0,-25700.0,20231116
206650,9540,9580,9280,9280,146107,1369591170,-2.62,338300608960,74410970.0,13049760.0,20231116
089850,16630,16880,16400,16660,52997,880927650,0.18,124229188440,-41071380.0,198767980.0,20231116
084440,1517,1589,1481,1522,129515,194277642,0.33,30002881600,7044548.0,1490000.0,20231116
032620,4475,4560,4475,4540,34570,156346255,0.89,236975011060,44084275.0,12900.0,20231116
264450,14720,15070,14720,15010,33463,499562790,1.56,153788047060,205841510.0,5678230.0,20231116
078070,12800,13210,12800,13100,14182,183958250,2.34,244925826800,6235050.0,634990.0,20231116
024800,2040,2080,2040,2075,22154,45630365,1.22,76882509900,2053105.0,,20231116
054930,35000,35200,34450,34900,31687,1106606300,0.43,104700000000,73222900.0,-45998450.0,20231116
069330,1686,1694,1578,1593,517185,844971616,-5.52,22606407963,-26907015.0,329809.0,20231116
049520,4960,5000,4740,4900,53541,260141520,-1.21,106746186400,-37294335.0,,20231116
435380,2050,2065,2030,2050,632,1289855,0.0,11746500000,,0.0,20231116
444920,1991,1991,1980,1989,21833,43242851,0.35,10422360000,-39790.0,-1956860.0,20231116
446150,2045,2045,2035,2045,2668,5444455,0.0,9754650000,6120.0,4661050.0,20231116
449020,1967,1967,1958,1963,15043,29505212,0.1,19099990000,,-4971584.0,20231116
450940,2005,2010,2000,2010,5349,10713950,0.0,9125400000,,8654900.0,20231116
430700,2090,2090,2060,2085,567,1174060,0.0,10925400000,,41550.0,20231116
263770,3080,3100,3060,3080,14669,45129405,0.0,72996529760,121060.0,-9032365.0,20231116
388720,21750,22150,21600,22000,35350,772898150,1.62,196632612000,-86830350.0,-15717400.0,20231116
340930,10580,10730,10570,10650,12169,129705100,0.66,122135797500,16543120.0,-1309950.0,20231116
023410,3650,3720,3600,3700,778578,2854981120,1.79,286050193100,65348170.0,-4074075.0,20231116
056080,12280,12560,12010,12220,2876791,35285394600,2.86,458398497440,-859451210.0,19969770.0,20231116
373340,2040,2045,2040,2040,25683,52398330,0.0,6160800000,885360.0,-28560000.0,20231116
388800,0,0,0,2440,0,0,0.0,12224400000,,,20231116
413630,0,0,0,2470,0,0,0.0,14622400000,,,20231116
442130,2215,2215,2205,2215,452,1000345,0.0,7663900000,-17670.0,,20231116
084370,46500,46650,44750,45400,141321,6422783150,-1.94,1040388306800,-1020920750.0,-23498000.0,20231116
240600,14880,14880,14190,14440,378498,5489114810,5.02,100042500440,-305154630.0,19793200.0,20231116
221800,5750,5750,5450,5520,379646,2108423180,-2.82,62305321920,595190.0,-1803730.0,20231116
179900,31450,32000,30950,31950,34231,1076782900,0.79,520366295250,-152080500.0,119859100.0,20231116
263050,2530,2560,2435,2500,120765,300467580,-1.57,91907137500,4076640.0,228000.0,20231116
191410,2720,2765,2660,2725,69333,187680275,0.18,30431115950,-8122940.0,20882775.0,20231116
372170,111600,113100,108800,109200,71935,7964580300,-0.36,871312041600,-11295500.0,-113368800.0,20231116
146060,2720,2790,2710,2765,104110,286803410,1.1,59790127740,11478750.0,,20231116
072770,2775,2775,2580,2690,815259,2168923650,-3.24,170962594920,60711445.0,2610000.0,20231116
039020,3210,3370,3195,3220,637419,2076842555,1.26,72722762980,-30774140.0,,20231116
067920,5760,5990,5730,5990,37457,218696190,3.28,65866752810,2448140.0,-2826070.0,20231116
044960,5310,5410,5280,5340,148091,792909310,0.56,67507655220,19637000.0,,20231116
303530,10040,11040,9770,9800,277036,2869081360,-1.01,71925130200,-130817050.0,9760.0,20231116
296640,6950,7010,6850,6890,6391,44287600,-0.72,35678156280,7115430.0,,20231116
302430,11090,11160,10820,11070,15356,169187840,1.0,108853612560,-1905100.0,5113070.0,20231116
274400,13010,13970,12930,13810,807986,11032026250,8.48,107991797060,-39864700.0,-53962510.0,20231116
056090,0,0,0,1180,0,0,0.0,93078496760,,,20231116
073490,24450,24950,24450,24900,18138,446922000,1.84,189335765400,-43148400.0,92299100.0,20231116
215790,992,1002,982,1000,94525,93851140,1.32,40283149000,7481976.0,,20231116
344860,2835,2915,2760,2880,27314,77423335,1.77,34646400000,-8005645.0,,20231116
246960,9700,9720,9020,9210,13487,124734310,-0.43,58595815950,5448020.0,-46002480.0,20231116
088390,22750,23700,22600,23250,33133,767887950,2.42,218220873000,112921350.0,-6169000.0,20231116
272290,33650,33850,32750,33850,84008,2795674200,1.35,683826123300,-174012600.0,-13189700.0,20231116
053350,3100,3175,3100,3155,3032,9492085,1.61,62440339980,-1377075.0,,20231116
041520,6900,7370,6800,7120,168959,1200036690,3.04,86783757600,-177185530.0,-25536540.0,20231116
264850,4770,4895,4575,4820,1533897,7302851995,3.21,143396985840,62705765.0,,20231116
054210,9330,9620,9250,9440,232097,2183584560,1.07,238749022400,47302180.0,55290.0,20231116
164060,7300,7310,7120,7200,110328,794738270,-0.55,148377823200,46108800.0,-7220830.0,20231116
065440,1910,1914,1885,1905,131036,248412230,0.05,51958913100,47141038.0,,20231116
115610,2845,2980,2780,2950,565028,1647160395,3.69,45847796700,79902075.0,,20231116
078020,3965,3970,3910,3935,7614,29992685,-0.13,218318482650,7060585.0,3955.0,20231116
131400,3605,3655,3500,3540,757961,2722657825,-1.26,209547393660,-50756855.0,,20231116
351330,8600,8700,8510,8700,27289,235283530,2.11,72110124000,-18350370.0,-836870.0,20231116
080010,5220,5230,5110,5230,33426,172999170,0.0,52300000000,3451680.0,,20231116
086890,6090,6100,5970,6000,49595,298573260,0.17,207667434000,29318980.0,-2604960.0,20231116
047560,14180,14300,13870,13980,73022,1025486500,-0.5,159439551360,27651200.0,-406910.0,20231116
900110,122,124,122,122,1714048,210061457,0.0,35615710100,20697858.0,,20231116
067010,3585,3605,3475,3605,154175,549949850,4.8,44319870000,27227010.0,,20231116
102710,21500,23000,21100,22900,163944,3684886100,6.51,327191444400,24908150.0,278182700.0,20231116
063760,3465,3515,3430,3480,40322,139641200,0.87,32451452400,31324175.0,,20231116
123570,2895,2895,2850,2895,12959,37221990,0.35,64489245810,5128025.0,,20231116
083470,1678,1838,1660,1815,128269,226216698,8.16,38732697135,29689501.0,0.0,20231116
095190,2300,2325,2280,2285,53153,121895935,-0.65,97297669545,-7553005.0,4086365.0,20231116
091120,51500,52200,51100,52200,55515,2874832100,0.97,894339259200,776844500.0,-239844300.0,20231116
039030,161800,162300,156100,160000,160703,25454028800,-1.23,1971128000000,-1026094900.0,-1640387300.0,20231116
294090,16500,17420,15200,16070,5747529,92204610220,-25.94,488796160090,13322758950.0,-18375322660.0,20231116
088290,3285,3390,3160,3285,185657,607056120,-0.3,79775367615,-91057040.0,,20231116
181340,0,0,0,2705,0,0,0.0,54259503030,,,20231116
353810,3235,3295,3230,3280,38670,126371240,1.39,112148841600,34580995.0,-39235.0,20231116
099750,17500,17500,17070,17190,13027,224485690,-0.75,117489799440,38362350.0,3727460.0,20231116
377330,9200,9370,8800,9000,26034,240387910,-2.17,72989586000,-1528710.0,88179380.0,20231116
035810,2695,2785,2680,2755,180086,495332930,2.23,179476802975,32127175.0,19285.0,20231116
160600,0,0,0,3100,0,0,0.0,106895911200,,,20231116
092130,13810,13940,13800,13940,4552,63228840,0.5,167887784000,2299280.0,-10.0,20231116
096040,0,0,0,271,0,0,0.0,245561580945,,,20231116
134060,5120,5150,5020,5040,17357,88115520,-1.56,24037020000,-276100.0,9972780.0,20231116
001840,3340,3355,3300,3350,40881,136008415,0.9,66349296000,27123580.0,30.0,20231116
024810,0,0,0,899,0,0,0.0,181597539712,,,20231116
041830,24500,25050,24300,24500,31023,766012850,0.0,335252659000,126833750.0,-106375450.0,20231116
352940,4500,4510,4250,4425,348356,1542848130,-1.23,48089705250,96272715.0,,20231116
079950,1088,1095,1082,1093,14316,15563757,0.46,25357600000,-2517059.0,1885881.0,20231116
389470,12720,12880,12340,12640,185497,2348254180,0.08,106410547840,232028340.0,-60615410.0,20231116
277410,1956,1979,1936,1947,223699,436383388,0.15,74357604420,-24620709.0,,20231116
060150,7720,7800,7660,7780,72818,563231240,0.65,362264901360,157500920.0,-66152070.0,20231116
033230,2480,2505,2460,2490,92129,228863030,-0.2,97646296200,57148710.0,,20231116
450520,16500,17080,16080,16860,155388,2592491840,1.44,82639728360,296689390.0,13200330.0,20231116
037330,1800,1829,1791,1824,79434,143786253,1.33,80046648576,-18494132.0,,20231116
100030,16390,16470,16320,16400,1858,30444760,0.06,53852909600,339680.0,-6798980.0,20231116
211050,13820,14060,13700,13810,24692,343032740,-0.07,141911007600,34598920.0,41411950.0,20231116
083640,523,560,523,541,1210868,660479605,4.44,31397103792,-2254975.0,85589.0,20231116
216050,10600,10770,10510,10720,20144,214837080,1.13,137679339840,47971050.0,-5419350.0,20231116
049070,27500,29250,27300,29150,336789,9538702800,7.17,501380000000,459569800.0,997842300.0,20231116
119610,30200,30850,29850,30000,72245,2186086050,-1.15,396494340000,-166516700.0,-412970250.0,20231116
017250,1533,1533,1447,1449,304801,446992593,-5.91,30494881683,-27308783.0,271692.0,20231116
051370,10460,10570,10330,10530,40369,421812630,0.96,245638280160,12877900.0,-8353210.0,20231116
064290,34100,34850,33300,34600,191244,6518679850,-0.29,444124285200,-943730300.0,31501900.0,20231116
189300,79100,80200,78100,79600,77093,6093206800,0.89,854373386400,-664873200.0,1638500500.0,20231116
150840,0,0,0,5850,0,0,0.0,223669017000,,,20231116
048530,6520,6760,6430,6540,1036930,6883131380,-2.1,223345983480,504829930.0,-63811050.0,20231116
175140,4100,4125,3935,3995,109009,438307770,-2.08,65469672485,-129971470.0,,20231116
115310,20400,20450,20050,20300,3625,73642700,-0.49,64815524900,-13116650.0,0.0,20231116
039290,11070,11180,10800,11180,71919,796590090,2.57,97198674040,74887680.0,-6620.0,20231116
071200,5330,5400,5260,5350,67584,358972850,1.33,130521050300,36909860.0,,20231116
101930,10430,10590,10310,10570,4348,45184730,1.34,98636121850,15561510.0,0.0,20231116
333430,3000,3000,2930,2980,45032,133595000,0.17,91565706060,-11628505.0,-2927865.0,20231116
068330,1418,1500,1371,1407,101637,142512885,-0.78,62212108980,24751552.0,-86.0,20231116
178780,0,0,0,8650,0,0,0.0,120790286750,,,20231116
019540,4320,4335,4025,4220,345537,1441592370,-2.76,57026970000,-2157985.0,-34923500.0,20231116
094820,10840,10930,10640,10810,77692,836121660,1.5,163000844290,45550710.0,-227010.0,20231116
950140,13900,14240,13620,14000,87028,1217471350,0.72,278150124000,-92848690.0,-13727120.0,20231116
049550,3795,3985,3760,3850,9845,37685160,1.45,75484166450,-4764000.0,,20231116
389020,24000,24550,23800,24250,12656,306684550,-0.41,150294952500,8992050.0,1744800.0,20231116
254120,2115,2155,2085,2120,127084,269575805,0.24,65199052400,-12097555.0,,20231116
043910,1058,1070,1049,1065,331855,352913993,0.66,86681892120,79967492.0,-1065.0,20231116
234920,9860,9870,9420,9560,134769,1286405930,-2.45,129355499600,-879760.0,2946830.0,20231116
289220,10560,10560,10260,10280,72916,757672670,0.49,227411538600,155545300.0,-11628600.0,20231116
174880,0,0,0,530,0,0,0.0,11610352250,,,20231116
049630,568,574,559,574,239311,135414119,1.23,47832058862,4113739.0,,20231116
417840,12560,12770,12230,12700,41277,519854020,1.11,90870201800,143798170.0,-94483310.0,20231116
110020,8200,8540,8000,8350,180588,1491957150,2.71,62255946700,-321213680.0,67320.0,20231116
208140,2860,2935,2860,2930,425578,1238152550,1.74,95764840780,-77144955.0,-24274100.0,20231116
040420,7290,7320,7260,7320,12685,92486850,0.41,114759680640,1664670.0,-2188980.0,20231116
045510,1272,1330,1210,1237,44069,56358515,-1.83,39842894204,-2145628.0,,20231116
217190,11600,11980,11250,11890,26726,311513790,3.3,104265478860,-52298100.0,40.0,20231116
095700,9260,9310,9070,9140,54165,495267690,-0.76,379406829160,82293470.0,-99320190.0,20231116
072520,415,422,402,413,210054,85147192,-1.67,23608399122,740700.0,,20231116
122310,6990,6990,6700,6820,61110,414661590,-1.45,99257216080,78227970.0,1844530.0,20231116
361390,16700,16870,16310,16710,31189,516747750,0.06,125338184190,-45933120.0,49380390.0,20231116
187420,3365,3400,3250,3320,85916,286644120,0.3,75557987600,8214940.0,,20231116
225220,4080,4125,4015,4090,47406,193011615,0.0,78487185890,-5666740.0,41019640.0,20231116
123330,3650,3650,3550,3640,6016,21634680,-0.27,25480000000,-3753390.0,,20231116
159580,5650,5920,5560,5880,202670,1175581870,4.07,117791899680,-163140430.0,-3085690.0,20231116
147830,3325,3345,3275,3290,32856,108697390,-1.05,65800000000,-31147775.0,925.0,20231116
033100,22400,22750,21750,22600,327990,7321921550,0.89,363010443400,374937900.0,-552476450.0,20231116
079370,42100,42850,40400,41950,292653,12129167650,-0.24,433721050000,-866102950.0,455051000.0,20231116
054950,25150,26000,25100,26000,45654,1165035450,3.17,314337192000,-120979750.0,171014150.0,20231116
023440,1556,1624,1543,1597,429025,683380281,2.63,81671384888,91812941.0,-320819.0,20231116
090470,8140,8550,8010,8480,91188,757315010,4.31,148201517120,137500590.0,-2133420.0,20231116
287410,12220,12220,11590,11690,744830,8856873820,-5.04,893927344450,805574650.0,-878369260.0,20231116
137950,6700,6940,6690,6880,130343,891300240,2.08,153202560320,70723560.0,-132140.0,20231116
033320,5140,5240,4935,4980,1322421,6707873670,-0.4,95189871360,-117707295.0,3850.0,20231116
417500,3425,3530,3420,3495,222032,769571835,2.04,114582680280,51749275.0,34719625.0,20231116
204270,13800,14300,13730,14180,700043,9922148640,2.83,820291247880,2492420070.0,633181470.0,20231116
026040,2255,2255,2190,2245,34252,76320820,-0.44,37051008550,20095.0,,20231116
126880,5330,5360,5250,5320,69338,367903440,0.38,123450083960,64189950.0,-127690.0,20231116
322510,24750,24750,22350,24550,702910,16507311950,1.66,396917329600,-3506532800.0,698015650.0,20231116
033050,1050,1082,1050,1060,142830,152075193,0.95,34534102520,-674792.0,,20231116
094970,3915,4020,3860,3910,131529,514141115,-0.13,65485618400,-100106475.0,-89613895.0,20231116
418550,25400,26500,24600,26150,332763,8567643800,2.15,819443538950,-1615843400.0,2134380200.0,20231116
089790,7650,7960,7650,7950,43941,343297470,2.05,82008328350,9834820.0,48640270.0,20231116
052670,0,0,0,2080,0,0,0.0,60588453120,,,20231116
199820,9900,9960,9870,9910,4240,41930430,0.41,110100100000,-753530.0,,20231116
038010,7790,7960,7600,7750,111219,864909160,-0.51,69750000000,-12270820.0,-23306210.0,20231116
276730,963,1250,962,1250,23834328,28373042394,29.94,72812613750,-75708277.0,1297661.0,20231116
080220,4830,5150,4740,5060,5281114,26435992485,4.87,174280734980,-550933190.0,676946530.0,20231116
216080,17610,17780,17230,17500,22883,400392550,0.34,312528282500,13546460.0,-8642830.0,20231116
229000,6880,6910,6570,6630,790993,5294125070,-5.29,88293626070,640576780.0,-38101060.0,20231116
082270,14050,14240,13960,14010,52927,742633120,-0.21,560318377740,328388300.0,-190474300.0,20231116
064800,1140,1191,1131,1180,397066,465822060,3.42,98821598060,70021744.0,,20231116
044060,0,0,0,732,0,0,0.0,70075958688,,,20231116
034940,2145,2145,2070,2090,218796,458835885,-2.11,64747838430,122749185.0,,20231116
067000,2710,2760,2705,2720,162215,443318725,-0.18,190026524960,123307470.0,-85856420.0,20231116
033340,0,0,0,2110,0,0,0.0,204565677380,,,20231116
036930,36700,36950,34850,35550,1494000,53423429300,-3.53,1715259486600,-4006127700.0,-889569000.0,20231116
239340,2975,2985,2925,2975,89968,266064710,0.34,80264411150,91986635.0,,20231116
072020,10740,10810,10690,10740,52594,564940460,-0.28,106970400000,127174600.0,-3222180.0,20231116
000440,17860,18000,17580,17700,63627,1127355420,-2.48,110220201000,-262717100.0,70.0,20231116
051980,1764,1820,1717,1756,528829,940242222,0.75,137849401372,103838003.0,,20231116
228760,16060,16220,15720,16090,255035,4059946040,-0.8,386358454060,-1179759900.0,107970660.0,20231116
314130,12380,12450,12100,12330,10482,128855870,-0.48,173884083930,-1409220.0,-476870.0,20231116
389030,2890,2920,2695,2735,605674,1662839765,-5.03,90987556075,19766990.0,-364244165.0,20231116
043610,3085,3125,3065,3115,112638,348697620,1.47,181029589370,6413860.0,14035.0,20231116
263860,11620,11700,11350,11580,18033,206818670,-1.11,109368468000,-83919770.0,-1451690.0,20231116
303030,1423,1435,1390,1420,107324,150652904,-0.14,50758848560,32455094.0,,20231116
036180,803,817,797,803,98649,79559047,0.38,50230027683,-2254433.0,,20231116
208350,4135,4545,4135,4405,59871,260761785,6.53,38933808345,1487595.0,17915010.0,20231116
144510,31450,31700,31200,31550,20574,645545550,0.48,498500853200,-10795050.0,-68202900.0,20231116
358570,18900,19680,18700,19110,190227,3635743520,4.08,421763433000,-236802820.0,-314605660.0,20231116
382480,3145,3180,3115,3155,70119,220853930,0.32,124171776700,29485220.0,,20231116
382800,5700,6110,5660,5850,441576,2613661040,3.54,43910117550,36435380.0,1995130.0,20231116
051160,7310,7450,7200,7430,161260,1184390080,0.81,114975014900,210918660.0,34155840.0,20231116
053050,3815,3835,3720,3780,1256910,4738434930,-0.66,113353116660,-876012060.0,15.0,20231116
119850,4130,4200,4050,4130,218697,904228010,0.49,67933994170,127996100.0,-78370.0,20231116
065060,497,558,475,535,5464325,2888190121,15.55,52434303540,108652332.0,2199494.0,20231116
204840,1228,1275,1214,1242,651091,812553426,-1.9,77443743762,-110718943.0,-248239.0,20231116
270520,2870,2870,2770,2800,293966,827598955,-0.71,116935016800,-38421340.0,-777480.0,20231116
311320,12680,12850,12560,12740,81438,1034208220,0.47,160709494400,-25116840.0,141539830.0,20231116
388050,7930,8100,7730,7770,265101,2087639270,1.7,144805752630,50091170.0,17710.0,20231116
219750,0,0,0,2850,0,0,0.0,27234072750,,,20231116
018120,16090,16110,15900,15990,3902,62410980,-0.06,105871708800,-8395050.0,,20231116
109820,2690,2795,2660,2720,51241,138900520,0.18,55470700800,17251430.0,,20231116
086060,4305,4380,4260,4345,121630,524453800,0.93,37413000515,66511830.0,,20231116
036890,9910,10020,9840,10010,202490,2010716220,1.01,225047502680,444995690.0,-58149690.0,20231116
363250,12130,12310,11740,12030,43049,515111860,-1.31,83745521700,-58734640.0,-954790.0,20231116
007370,6170,6170,6050,6080,30287,184515950,-1.46,72960000000,2712530.0,2585140.0,20231116
285800,4050,4070,3960,4000,141872,568524780,0.25,69909080000,-541140.0,-248270.0,20231116
085660,16130,16130,15670,15720,301766,4794890670,-1.07,885263043960,18540360.0,-217654330.0,20231116
261780,5390,5440,5280,5340,76839,411561000,-0.93,142749301860,-106918710.0,,20231116
094850,7250,7340,7150,7320,38538,279209560,1.81,102480000000,100457780.0,-1318430.0,20231116
004650,9540,9830,9510,9530,22218,215278220,-0.31,87589134050,-7049610.0,8599410.0,20231116
278280,101300,102800,99600,102200,27391,2786105200,1.19,1022000000000,217134100.0,163769700.0,20231116
362320,7450,7560,7420,7470,119816,897965530,0.4,153518136300,-97301060.0,-52290.0,20231116
066360,1296,1303,1272,1296,172711,222997440,0.0,62145811440,12533708.0,0.0,20231116
047820,0,0,0,5400,0,0,0.0,132051222000,,,20231116
094360,21300,22650,21250,21300,551165,12031603750,-1.39,205338709500,-842628600.0,235601450.0,20231116
016790,5190,6110,4960,5530,11167463,62913496580,6.14,955549741650,-2882247685.0,-144423930.0,20231116
016920,1520,1563,1470,1532,60601,92601932,0.79,40588100216,-1021502.0,1998746.0,20231116
284620,3305,3305,3210,3260,52103,169433010,-1.36,91027010960,-16535365.0,,20231116
293490,25550,26050,25300,25900,198121,5084934450,1.37,2137062820200,1105636050.0,-654874100.0,20231116
042000,12820,14980,12800,14610,1332534,18981476920,13.34,328684062780,2424658900.0,8726460.0,20231116
317530,4485,4485,4430,4470,9388,41757525,1.02,31116546120,2341650.0,,20231116
071850,1950,1972,1884,1962,67323,130597858,-0.36,32508746856,3002787.0,178315.0,20231116
050110,1450,1465,1440,1457,469955,684081478,0.97,107561739926,159406399.0,,20231116
452300,9630,11220,9510,10020,32497763,338358464690,9.15,133730727600,-44903110.0,-136254230.0,20231116
119860,10900,10920,10710,10910,27123,293161810,0.0,510011766530,85959460.0,-56543700.0,20231116
223310,1535,1582,1535,1570,75086,116823251,2.28,24696682470,-2033682.0,,20231116
451760,18360,20650,18280,18630,8452617,166080387660,-0.8,267978093120,131199320.0,158113180.0,20231116
900310,925,934,917,925,151518,140334491,0.22,59238549375,35830853.0,,20231116
078340,49100,49800,48650,49100,48132,2370307050,0.82,631741222000,910918550.0,-10707500.0,20231116
063080,34800,36700,34250,35250,152965,5451755800,1.59,232480518000,-305286400.0,623336000.0,20231116
307930,4880,4945,4845,4885,62846,308565440,0.62,76254850000,67831945.0,-4723075.0,20231116
079190,942,964,930,959,225865,214893660,3.45,36782937926,1164969.0,,20231116
263700,4045,4170,4040,4165,24642,101038800,2.46,80860143000,7123950.0,8330.0,20231116
214370,27100,27250,26350,27000,92082,2471709100,0.0,1450305000000,-187381400.0,-280607050.0,20231116
221980,12160,12250,12000,12110,5154,62263250,-0.33,48861428000,-4417940.0,,20231116
038530,275,279,272,276,180477,49664117,1.47,31937159772,4507291.0,,20231116
424140,1988,1988,1980,1980,2071,4101966,0.25,15265800000,-21805.0,,20231116
436530,0,0,0,2170,0,0,0.0,11327400000,,,20231116
192250,1259,1325,1256,1303,765343,991925046,3.49,92084647871,2553578.0,63475338.0,20231116
115500,6490,6540,6420,6500,27492,178153910,0.15,78000000000,8929230.0,60.0,20231116
089150,2830,2875,2765,2865,151774,429457975,3.99,49134750000,53034015.0,10.0,20231116
025880,2485,2490,2450,2480,83188,205360755,-0.2,41455327840,-8394880.0,3778900.0,20231116
093320,81200,81200,77700,80000,35486,2818112000,-0.87,390400000000,226538400.0,-344017300.0,20231116
093640,9440,9600,9350,9400,100094,944002970,0.53,274605790800,-221584690.0,,20231116
073010,2660,2670,2610,2650,163545,432154150,-0.19,95909481050,-87958510.0,-3646570.0,20231116
105330,8610,8630,8400,8550,19465,165013120,-0.93,137313239400,32123740.0,-25573410.0,20231116
053080,22300,23050,21650,22800,129886,2895681850,3.17,296395599600,-160269250.0,4092350.0,20231116
272110,18860,19120,18560,18800,63030,1191104550,0.64,149373426000,-205287810.0,233037520.0,20231116
039420,2565,2645,2565,2635,111019,290418095,1.93,63647713550,2126605.0,3681535.0,20231116
083550,4700,4720,4655,4720,7526,35257375,0.64,55567092080,2318600.0,3289615.0,20231116
032500,11940,12450,11940,12260,179250,2194666790,1.32,488204025580,260725150.0,-105327850.0,20231116
225430,1010,1010,990,997,157405,156731520,-1.29,27803388850,-3315854.0,,20231116
102370,3840,3920,3800,3800,20310,77973890,-2.06,103261713000,-3173170.0,,20231116
036030,5570,5640,5530,5600,14291,80040340,1.27,274507984800,3904330.0,2433050.0,20231116
064820,4155,4245,4120,4220,6376,26650750,2.18,130405292160,-2825250.0,128030.0,20231116
256940,6400,6440,6310,6320,22332,141720200,-1.4,118491518560,-20267880.0,-6079880.0,20231116
024880,5040,5070,4955,5030,35249,176955460,-0.2,104034473940,57239590.0,0.0,20231116
042040,461,482,455,469,1129380,525660593,1.96,81315143553,18633033.0,71446.0,20231116
054410,5050,5240,5040,5060,14687,74829810,0.4,28975806640,-968050.0,-9876130.0,20231116
258610,3730,3910,3645,3865,303840,1153211775,4.32,103532269045,-23134890.0,94900.0,20231116
274090,13550,13560,12970,13120,87069,1152025360,-3.17,167731393600,-1667500.0,-184182940.0,20231116
089010,26200,26800,24900,25400,574357,14749800650,-4.15,385259072000,-238798250.0,-391756900.0,20231116
220260,5950,6080,5950,5960,76750,461009940,0.85,158287509720,46179110.0,5960.0,20231116
052400,15990,16360,15940,16310,39992,645513250,1.81,244649983690,59999290.0,-46850.0,20231116
402030,35800,36200,34750,35300,132905,4706867100,-1.81,403016146400,-420123550.0,10264100.0,20231116
391710,2755,2760,2700,2710,119928,326309075,-0.55,112473731620,-16386165.0,,20231116
046070,323,325,312,322,287619,91059390,0.31,13777110032,-2234277.0,-17313.0,20231116
047770,1817,1817,1793,1810,19459,34981787,0.5,68495109620,-2465396.0,,20231116
080530,1337,1368,1330,1354,137551,185227840,1.27,42845623960,13228965.0,,20231116
104540,11190,11220,10960,11150,20428,226388190,-0.09,142244675500,-53669000.0,11150.0,20231116
027050,3250,3295,3185,3265,466924,1518547720,1.4,130600000000,313897270.0,-5487775.0,20231116
190650,5620,5690,5570,5680,2953,16584700,0.89,36283840000,1933690.0,,20231116
123410,3225,3300,3220,3280,366060,1199281535,2.18,91318689920,30075335.0,,20231116
036690,3210,3275,3200,3235,110759,357642090,1.09,51452474430,9727295.0,-6505.0,20231116
049430,8810,8930,8740,8920,14168,124655240,0.45,80708160000,4956950.0,125280.0,20231116
183300,52500,53700,52100,53300,101123,5367477900,1.91,557554457200,-2051260400.0,1191167300.0,20231116
041960,5730,5780,5620,5620,61356,347387380,-2.43,396797087680,114511140.0,-82323880.0,20231116
089890,10580,10800,10440,10670,74601,792085750,1.62,176961544540,23639650.0,-43415840.0,20231116
009730,2860,3055,2840,2870,365295,1068430930,-0.52,87697941380,141078045.0,,20231116
082660,523,528,507,511,885728,453029249,-1.92,44263264059,-75327070.0,,20231116
222040,5620,5800,5490,5740,98058,556167970,3.05,118404720000,92968810.0,3308700.0,20231116
241710,37400,39050,37050,38600,101999,3926585800,2.39,412248000000,-60350550.0,345732800.0,20231116
355150,2090,2095,1950,2000,94812,190878725,-2.44,75207700000,-5189005.0,-183611.0,20231116
166480,5730,5870,5730,5830,16826,97791110,0.34,191634292080,11278880.0,,20231116
045970,6700,6980,6550,6900,239244,1628091570,2.07,181572644400,-66057670.0,-36226410.0,20231116
196450,1299,1316,1277,1314,31437,41026755,1.39,59549930748,2583068.0,,20231116
384470,19340,19340,18460,18600,359870,6735175070,-3.83,229208153400,-966584450.0,-114458130.0,20231116
029960,7230,7230,7170,7220,58085,418074700,0.42,361000000000,196601300.0,-80428240.0,20231116
102940,26300,26750,26000,26600,5852,154791100,0.57,303568669600,23210800.0,,20231116
950160,8230,9050,8140,8590,93501,795116930,4.12,624540202050,-104488520.0,,20231116
033290,7710,7930,7700,7770,488918,3821841420,0.65,687646818180,-239696350.0,-66537650.0,20231116
056360,6050,6130,6010,6090,29440,178725500,0.66,59662512000,58369300.0,-300.0,20231116
282880,28900,29250,28600,29000,88031,2542605350,0.69,308524098000,319387100.0,-259179950.0,20231116
121850,1669,1669,1615,1651,149875,246257726,0.98,50544002925,77753776.0,,20231116
448710,12800,13130,12610,12810,43970,566658990,0.08,65097755520,-13830240.0,-8251440.0,20231116
015710,4800,4845,4690,4750,181430,864373005,0.85,83269875000,-50890600.0,-5020710.0,20231116
052330,6340,6430,6260,6350,30757,194089270,0.16,98898405200,40478710.0,-63188710.0,20231116
322780,2065,2135,2060,2075,265903,557161035,-0.48,78710171975,28982980.0,-44706655.0,20231116
200130,16550,16560,16230,16550,22699,372395520,0.0,488945884900,30850400.0,-61575930.0,20231116
294570,19680,19700,19350,19580,22014,429904070,0.05,200786732300,136598710.0,-41510380.0,20231116
317690,4725,4845,4670,4825,14157,67212325,2.12,79793008075,13768220.0,,20231116
078940,2290,2340,2125,2260,802154,1764618675,-2.59,119993068280,-151514375.0,0.0,20231116
432720,19750,20300,19500,19940,245594,4889613860,-1.29,203258788800,292031360.0,270402780.0,20231116
365270,8900,9060,8880,9010,12888,115529300,0.78,124836631420,-19921830.0,,20231116
348080,2780,2780,2655,2710,342089,925791100,-1.81,111015331570,-10258470.0,-6831275.0,20231116
060280,15240,15240,14740,14940,463431,6950370000,-0.6,611882490600,-294947770.0,19725740.0,20231116
372320,23700,31100,23650,30250,6114661,176339866550,26.3,411785264000,4618023700.0,-968153800.0,20231116
040350,484,491,472,476,269093,128508542,0.21,59963372672,722631.0,,20231116
051780,371,381,360,375,381908,141990909,2.18,46658418750,-5377083.0,,20231116
115180,4700,4870,4555,4765,86592,410862660,2.14,59175091205,-2828800.0,0.0,20231116
445680,26600,27550,25900,26650,362553,9723271950,0.19,213532911800,-1733051500.0,-476046750.0,20231116
182360,15510,15690,15400,15500,84408,1311205020,0.45,213972648500,-132200380.0,-544210.0,20231116
405100,12930,12960,12390,12960,67255,847524540,-0.31,155365879680,-91422940.0,12720.0,20231116
066310,9250,9280,9150,9230,10691,98237390,-0.22,85577061830,2868700.0,,20231116
016600,348,354,348,353,307807,108073466,1.44,62921230536,-7712881.0,-1138995.0,20231116
355390,28700,29050,27300,28150,199886,5632528850,0.9,113895125200,-1058765800.0,248072500.0,20231116
096240,17100,17150,17000,17100,15557,265518410,-0.23,193882878000,22927420.0,15397450.0,20231116
114120,0,0,0,10850,0,0,0.0,24913021350,,,20231116
110790,8370,8470,8350,8450,9114,76402480,1.08,197991612000,18977800.0,8490.0,20231116
900250,1789,1789,1714,1773,2273495,3991734621,0.68,170014812147,33140348.0,,20231116
045520,8800,8850,8670,8690,6005,52431110,-1.59,56485000000,-4492520.0,,20231116
036170,965,972,939,958,304183,290509887,1.16,58788269708,8174847.0,,20231116
214150,39350,39700,38350,38900,234514,9144566700,-1.27,2519813707800,-37844850.0,-425227900.0,20231116
352770,2195,2265,2160,2210,298273,658036320,0.0,70664924590,-16939410.0,,20231116
237880,30600,30900,29800,30850,97696,2975841600,1.31,557501240050,-92676150.0,565145700.0,20231116
139670,3910,4030,3855,3855,50127,197711915,-0.77,53898339405,18893880.0,-80857190.0,20231116
413600,2110,2140,2100,2110,1139,2403565,0.96,7237300000,,0.0,20231116
433530,2030,2055,2030,2055,5805,11927830,0.74,8435775000,,2055.0,20231116
446840,2065,2065,2045,2060,369,756160,0.49,12112800000,-16385.0,178600.0,20231116
054780,6640,6780,6400,6710,40221,268618540,0.15,131165691030,90172160.0,-554450.0,20231116
219130,18330,20700,18280,20350,119781,2258264820,9.47,128495801500,307088060.0,51088690.0,20231116
360070,68100,68800,66900,67300,59445,4016801400,-1.17,537346283900,-90220000.0,-938400.0,20231116
065130,5540,5710,5500,5680,67071,376160190,1.61,96947932640,-4622960.0,,20231116
134580,3340,3375,3210,3280,22145,72575555,-2.09,72244515760,-29397895.0,-130750.0,20231116
023160,14510,15430,14450,15250,319554,4761905470,5.24,404125000000,91734760.0,171504040.0,20231116
323280,2765,2775,2690,2735,279276,763677290,-0.91,69023824050,186030090.0,,20231116
053620,7080,7300,7060,7180,6551,46623100,1.56,61748000000,7140.0,678250.0,20231116
044490,16420,16420,15600,16190,163226,2587027050,-0.86,323919498390,139626030.0,50150030.0,20231116
124560,3265,3350,3260,3340,135704,449269730,2.14,128311390560,16154550.0,-7249595.0,20231116
191420,13300,13410,12120,12450,915326,11620307230,-5.61,100954983300,489833700.0,75230.0,20231116
073640,1840,1840,1543,1719,7012030,11708641301,-6.58,160815513258,-272455875.0,-82434.0,20231116
066700,4120,4150,4090,4130,58451,240973315,0.0,134119416550,5536880.0,-7275.0,20231116
095610,20600,20950,20400,20800,110348,2287605300,1.46,411179100800,493109300.0,-338827800.0,20231116
064520,4215,4215,4100,4170,53970,223134870,-0.48,69534870930,-15678115.0,,20231116
089030,9180,9840,9080,9760,1461970,13956487450,6.9,364571575200,130906670.0,2748967380.0,20231116
054450,25000,25950,24850,25750,884557,22605401600,4.25,389963999750,-36391650.0,989040050.0,20231116
091440,2070,2120,2025,2075,75779,157602630,0.24,21243827175,39404980.0,,20231116
200230,1175,1181,1160,1181,743781,872085982,2.96,132131995993,-2095306.0,-1181.0,20231116
393210,4265,4320,4160,4205,110796,466022560,-1.41,64574267520,-17399935.0,,20231116
215480,3395,3455,3360,3400,26762,91133585,0.15,32690853800,2542830.0,,20231116
051360,17280,17420,16750,16950,107378,1822143300,-1.85,275726633100,-638883810.0,423215690.0,20231116
045340,4525,4695,4505,4670,62733,289962935,3.89,39966046800,25701480.0,0.0,20231116
108230,7850,7960,7740,7860,63438,498156660,0.13,298862705700,-34472280.0,-4427380.0,20231116
079970,608,608,592,602,317282,189599710,-0.5,47260011806,1825090.0,,20231116
199800,49200,51600,47150,47600,54186,2650946600,-4.32,376957442400,-215420200.0,-6256850.0,20231116
417790,10200,10300,10110,10220,58889,601101270,0.29,112416423000,50496450.0,-15276680.0,20231116
105550,2270,2270,2225,2250,108462,243199670,-0.66,99800167500,-14448515.0,-84590.0,20231116
290090,12300,12930,12300,12870,9754,124106210,4.98,95322813300,26419050.0,-350.0,20231116
026150,7670,7830,7660,7790,72220,559764550,0.13,136685918490,40339090.0,29607760.0,20231116
322180,5370,5490,5150,5250,81048,424952190,-1.87,86333357250,-5461990.0,,20231116
117730,25100,25400,24100,25200,880622,21870846450,1.82,415695571200,-2875274800.0,93107200.0,20231116
033830,917,928,914,927,70680,64986210,1.64,92700000000,,,20231116
057680,1952,2005,1800,1810,4394172,8312961422,-0.82,124337544560,-607698361.0,-33650721.0,20231116
204610,1405,1435,1386,1432,614543,870605046,2.36,96043839040,277153282.0,-1529584.0,20231116
064760,90500,95800,88500,95000,76038,7091326900,5.67,1109125000000,-396233300.0,2387188400.0,20231116
246710,8890,9410,8880,9220,18300,167350990,2.44,195546223960,-6636480.0,-1769030.0,20231116
340570,42100,42700,41750,41950,66830,2813563500,-1.64,340969600000,-790430350.0,-236851550.0,20231116
043220,506,509,496,503,21511,10792299,-0.59,54726228477,114172.0,100000.0,20231116
277880,9380,9600,9290,9410,67950,641998920,0.32,189669446780,-12880320.0,807940.0,20231116
131290,45300,51700,44750,50300,482344,23483562300,12.15,556389878700,953167400.0,4480375300.0,20231116
425420,46100,48000,43500,45650,295807,13616688050,-0.76,519542650000,-1027648750.0,940939550.0,20231116
131100,1960,2100,1943,2015,90584,181883659,2.23,56517227780,1696685.0,,20231116
356860,26000,26500,25300,26300,202751,5288748700,1.15,258598169000,-773433550.0,77277950.0,20231116
062860,0,0,0,5800,0,0,0.0,57261776000,,,20231116
321550,6730,6780,6570,6710,15422,102249860,-0.3,164277608550,-261010.0,231680.0,20231116
425040,32850,35000,32550,35000,117123,3965498950,6.71,371913990000,-121358250.0,146477850.0,20231116
104480,1756,1774,1735,1763,98379,172501949,-0.56,160248650142,-2394519.0,-27785760.0,20231116
081150,3290,3310,3210,3280,300420,988906180,-0.3,79600358560,90386825.0,,20231116
130740,2765,2780,2715,2775,115873,319745640,0.36,31292784225,34661140.0,,20231116
084730,16190,16470,15700,16120,127602,2054710600,2.03,179083914880,32840000.0,-6395780.0,20231116
058530,0,0,0,1620,0,0,0.0,32527053360,,,20231116
440110,19480,20150,17970,18500,2168767,40829490680,-4.98,900783555500,-4014721700.0,-1481639690.0,20231116
034230,14340,14350,14150,14240,332159,4717157840,-0.7,1306649228000,422440930.0,-1564670860.0,20231116
033540,944,1050,944,1018,3555521,3571263378,3.88,74492535822,62710308.0,82989.0,20231116
388870,10790,11790,10620,11450,585909,6704996860,8.63,147922114900,294002760.0,502279160.0,20231116
043200,694,720,685,708,359049,251950660,2.02,29597455020,-1258402.0,,20231116
214450,115900,120800,114200,120500,146899,17264027500,3.97,1242652635000,3994362100.0,1154100700.0,20231116
208340,1035,1051,1012,1024,96949,99095413,-1.06,26742824960,-10508957.0,71651.0,20231116
177830,3645,3660,3600,3635,27567,99938970,-0.27,51939617155,1008225.0,,20231116
037070,10910,11100,10900,11080,29769,327986530,1.37,221600000000,92959670.0,11960.0,20231116
150900,6920,7000,6750,6930,49682,342540540,1.32,80768609460,45895390.0,-494520.0,20231116
037030,3020,3065,3005,3055,80373,243898640,0.49,59639868860,45649440.0,,20231116
047310,7150,7860,7060,7370,3709494,27463884180,5.29,263043023760,394162160.0,5028490.0,20231116
368770,3230,3275,3200,3240,74809,241812965,0.31,106447689000,-21346335.0,-2905510.0,20231116
170790,10330,10600,10240,10600,15965,167047020,3.21,72677098000,25029310.0,-5175360.0,20231116
049120,1164,1164,1118,1126,6772,7595566,-0.62,39376419302,-1111411.0,,20231116
038950,4955,5160,4935,5000,29101,145621075,0.91,51053825000,-16816740.0,0.0,20231116
441270,8100,8240,8060,8170,189774,1553705670,0.86,298941599030,130683260.0,101409640.0,20231116
106240,1729,1771,1709,1770,99447,173717664,2.37,28183810890,35989975.0,13.0,20231116
131760,922,976,909,920,161759,149769973,0.77,39957056360,4155861.0,,20231116
065690,1409,1451,1400,1422,24457,34685280,1.57,19978148682,477261.0,,20231116
140860,164700,165200,161700,162800,29427,4798928700,-1.15,1133927885200,1563603200.0,-2128376500.0,20231116
091700,8630,8680,8510,8650,108117,930807950,0.0,509642551100,18921420.0,-110682460.0,20231116
032800,317,331,317,326,583291,189407084,2.84,38398005844,4133430.0,,20231116
318010,8540,8580,8350,8430,11657,98824090,-1.17,66844319340,1651150.0,0.0,20231116
027710,1630,1632,1616,1630,203865,331496537,-0.06,181609058000,36795105.0,-21190.0,20231116
225590,1275,1297,1268,1268,278860,355549216,-0.31,33775352084,5762240.0,,20231116
054300,662,674,661,673,199553,133107740,0.9,44711456266,3462819.0,,20231116
068050,3760,3800,3695,3735,156334,582119165,-0.93,103437373860,156505085.0,-1002585.0,20231116
222110,5340,5470,5310,5440,4145,22317880,1.3,58086307200,-3429910.0,,20231116
271830,3045,3435,3045,3090,1474547,4734426780,0.49,88753594140,-16348695.0,28667395.0,20231116
263750,41000,42500,41000,42300,352362,14709186100,3.55,2717684266500,2006975650.0,-801722850.0,20231116
251970,26300,26900,25850,26700,35259,941026850,1.71,331080000000,33957150.0,269404350.0,20231116
168360,15300,15310,14300,14630,355351,5188448800,-4.38,155723797460,-170881880.0,-622967430.0,20231116
087010,32700,32900,31000,31600,602397,19173094200,-4.68,651808554800,-1348091350.0,-536464950.0,20231116
119500,3375,3405,3290,3375,76514,256381830,0.15,39984408000,26316250.0,3370.0,20231116
389140,9100,9200,8910,9090,85229,775010790,-0.11,100655706150,70296250.0,-49377540.0,20231116
022100,57100,57500,54500,54700,2413166,135508480200,-3.7,8316299676300,1007959800.0,-4572280900.0,20231116
009520,25550,25600,25000,25000,362198,9138101150,-1.77,1041067575000,-1594179750.0,-157838750.0,20231116
189690,2850,2915,2820,2855,782692,2237280540,-1.04,78004221495,24334815.0,16940.0,20231116
318020,0,0,0,18100,0,0,0.0,229187123200,,,20231116
256630,1581,1613,1550,1608,19896,31159473,1.71,93259291776,1584829.0,,20231116
331380,2135,2165,2115,2160,96183,205494310,2.37,41144937120,8952555.0,-4347110.0,20231116
234100,1970,1995,1959,1970,279672,551120638,0.0,107058168560,111666845.0,,20231116
041020,4915,4930,4725,4760,2481901,11990676170,-3.05,236693370480,63322550.0,-83545960.0,20231116
114630,700,712,699,701,799104,562351504,0.57,44667665322,188739247.0,,20231116
290720,8160,8200,8000,8030,28669,231653550,-1.47,107626555740,5487200.0,24348500.0,20231116
005670,4850,4850,4760,4820,18913,90911285,-0.31,48200000000,5007575.0,,20231116
094940,8240,8330,8130,8260,87117,717034610,0.61,69065048360,13189730.0,,20231116
007330,9000,9090,8910,9050,24145,217257730,0.0,136499340000,-18217290.0,,20231116
093380,3740,3750,3700,3750,44338,164735100,0.27,37047423750,18774210.0,,20231116
023900,11280,12150,11280,11710,208250,2458210710,3.81,147546000000,-96651000.0,-8700.0,20231116
371950,6910,7500,6620,6660,743013,5196259830,1.68,140129650080,-103482430.0,-3393150.0,20231116
370090,30200,34950,30200,33350,1438080,48128883250,10.43,272864030500,2379222850.0,1488851350.0,20231116
445180,11640,11640,11110,11380,400810,4542236570,-1.39,190833359440,-641330870.0,-11110090.0,20231116
220100,8880,9060,8730,8800,102867,910437190,-1.12,194498964000,-195605120.0,-34127920.0,20231116
035200,3615,3720,3550,3615,153499,556344540,-1.09,35176082850,23163235.0,-96430580.0,20231116
334970,4870,4870,4755,4785,84590,404688085,-0.42,292401631665,-74782220.0,-172805.0,20231116
321260,2660,2730,2630,2685,189656,509555190,1.51,75695745540,-25503265.0,,20231116
053610,51600,54000,50700,53600,252672,13381322300,2.49,589600000000,42969800.0,2000945000.0,20231116
303360,3025,3040,2900,2920,612592,1728074950,-2.99,37594167800,232593520.0,-6038070.0,20231116
377220,6400,6480,6340,6400,14190,91071640,-1.08,90592000000,-3967560.0,12800.0,20231116
335810,5080,5280,5000,5180,21657,110645540,1.97,60163244680,-3199520.0,-857390.0,20231116
053160,10350,10510,10080,10450,11812,121852360,0.97,62700000000,-17521310.0,50.0,20231116
405000,4530,4565,4440,4540,28863,129853205,0.22,87504159760,30487845.0,9080.0,20231116
041590,1024,1024,988,1009,553415,552420590,-1.56,132703477191,-189073628.0,,20231116
367000,9050,9130,8950,9110,3949,35733250,0.33,76225255770,6158560.0,-40.0,20231116
075130,2320,2400,2305,2380,151352,356767810,3.25,39561121600,-12064665.0,,20231116
237820,4350,4520,4300,4465,29400,129677285,3.24,57273180100,-9900.0,,20231116
023770,8120,8120,6930,7120,364400,2714461600,-12.42,62419758400,-577505890.0,,20231116
300080,23250,23250,22400,22850,35660,811543850,-1.3,119549966100,109543700.0,-32187650.0,20231116
032580,1476,1496,1455,1496,888405,1311978913,0.47,49565567744,109896891.0,,20231116
051380,6310,6460,6300,6440,72871,464818420,1.74,49395031840,99378060.0,,20231116
241820,2650,3250,2620,2920,11118864,35031406210,16.8,150463827360,-613963935.0,-426936420.0,20231116
237750,5500,6240,5420,5530,3355527,19930400960,1.65,35926198000,-338382120.0,-6490.0,20231116
319660,20400,20750,20150,20750,236457,4844175550,2.72,601059315500,205405150.0,411009650.0,20231116
031980,32500,32750,31150,32050,416876,13316401250,-2.73,691074759750,-1655169500.0,-759577950.0,20231116
002230,3995,4010,3955,4010,1898,7554545,0.25,77676398730,4005.0,,20231116
057880,0,0,0,1740,0,0,0.0,206724832500,,,20231116
043370,9530,9780,9460,9660,53813,518907170,1.79,202860000000,63834100.0,-27548560.0,20231116
239890,24000,24000,22750,23000,88756,2039836800,-1.71,211752536000,20420200.0,-324145550.0,20231116
347740,2495,2585,2480,2525,101401,255642320,1.61,75776704400,-26365500.0,23883375.0,20231116
137400,49750,50000,49100,49550,149795,7425266850,0.2,1126826360900,-536306550.0,-274716300.0,20231116
257370,0,0,0,9210,0,0,0.0,92999789370,,,20231116
147760,5390,5460,5270,5430,6530,35142550,0.93,58751872380,168070.0,,20231116
128660,3820,3820,3785,3800,58994,224440055,-0.39,94252802200,49457395.0,,20231116
006140,6180,6180,6070,6150,10778,65850170,0.99,92250000000,6982040.0,-223370.0,20231116
376180,4580,4585,4455,4545,100316,451664305,0.0,83704619610,62072255.0,-201920.0,20231116
304840,3415,3595,3380,3500,296167,1037081170,2.49,73813124000,42447625.0,-1608070.0,20231116
062970,2360,2375,2320,2325,22603,53019575,0.0,21641530125,-605165.0,,20231116
087600,5980,6640,5800,6080,207884,1301852090,2.7,49652672640,-79737990.0,120420.0,20231116
291810,4400,4545,4355,4535,34826,155410980,2.49,51444640920,-1067560.0,,20231116
378340,17160,17550,17000,17480,148316,2563160730,2.64,370731257360,45821280.0,-4760940.0,20231116
161580,9390,9470,9220,9460,64616,605168300,2.16,220338942780,49155890.0,-26990.0,20231116
347770,3870,3875,3740,3875,131953,502025960,0.13,88571037750,30383210.0,-41760.0,20231116
163730,9340,10140,9140,9890,305091,3014474450,5.89,92385170190,-80989220.0,-2819460.0,20231116
417180,2960,3020,2940,3000,39138,117061615,0.0,40027134000,-40264390.0,-15948250.0,20231116
446750,2050,2055,2045,2055,1636,3353405,0.24,12391650000,,492845.0,20231116
448370,2025,2025,2015,2015,1012,2042335,0.25,11324300000,34390.0,0.0,20231116
454750,1996,1999,1992,1997,16554,32996723,-0.15,14382394000,,-24423814.0,20231116
454640,2060,2060,2050,2050,162,333155,0.49,11072050000,0.0,0.0,20231116
406760,2045,2065,2045,2060,232,477505,0.24,15264600000,,0.0,20231116
418170,2045,2065,2045,2065,2661,5468140,0.24,12410650000,-16520.0,2065.0,20231116
427950,3015,3015,2900,2935,61884,180846030,-1.51,14176050000,-9236190.0,-295280.0,20231116
430230,2075,2075,2060,2070,17858,36798175,0.49,16568280000,,-31881175.0,20231116
435620,0,0,0,9760,0,0,0.0,41987520000,,,20231116
299030,66900,68300,66000,67600,173550,11649567300,2.89,551657033200,-1121097000.0,35472400.0,20231116
067310,32200,32350,30600,31100,2722248,85231082450,-4.75,1490369659400,-8949798200.0,-6116210100.0,20231116
372290,2695,2760,2650,2745,137510,369609780,1.29,11814480000,18127510.0,4365600.0,20231116
166090,49600,49650,47900,49350,137232,6669165800,-0.5,974794461900,605413650.0,-1007222250.0,20231116
136480,2865,2875,2850,2875,287874,823781720,0.52,305352893250,134837640.0,-23000.0,20231116
003380,6950,6970,6870,6970,113149,782912390,0.29,780679178370,58313780.0,-95483880.0,20231116
101670,12680,12960,12300,12370,422706,5314631330,-2.6,276263551870,-507799450.0,-67119520.0,20231116
365590,1648,1670,1623,1637,173020,285043266,-0.67,234948650492,-58397815.0,-923428.0,20231116
149980,8810,8810,8520,8620,80354,692192250,-1.37,132224188460,85772840.0,-180084030.0,20231116
013030,24700,25800,24600,25700,104955,2622866500,3.63,330400485000,225237450.0,243876150.0,20231116
126700,19230,19500,19180,19310,120042,2321693520,0.84,288532182720,33784470.0,-163580020.0,20231116
106080,7880,8020,7800,8020,17171,135500580,1.78,120751646300,32318120.0,,20231116
377400,2010,2025,2005,2005,13004,26096080,-0.25,10842037500,-18085.0,0.0,20231116
400840,2045,2070,2045,2065,2131,4384955,-0.24,10572800000,,1841380.0,20231116
450050,2050,2050,2045,2050,8584,17554935,0.24,10278700000,-2045.0,-16891700.0,20231116
221840,2865,2900,2810,2850,47079,133818775,-2.23,53296598850,-2335525.0,,20231116
106190,13880,13990,13230,13670,26490,360080670,-1.51,96903649940,-4596510.0,4456970.0,20231116
373200,7160,7310,6900,7100,127728,906117080,-2.07,134381700000,-8107130.0,,20231116
066130,5840,5950,5730,5780,103396,603656810,-0.17,73984000000,55982360.0,-1332250.0,20231116
004590,3960,3985,3940,3970,15870,62757860,0.25,59550000000,2726120.0,,20231116
039340,5600,5680,5500,5650,15499,86758850,0.53,129950000000,-667380.0,-9640.0,20231116
034950,78500,78800,77800,78800,1199,93856100,0.25,357792503200,26919900.0,-26519000.0,20231116
222980,4260,4380,4245,4310,36250,156268430,1.17,47545691730,24697950.0,10.0,20231116
256840,3305,3410,3300,3395,310344,1046173295,2.11,230562743985,-70999470.0,40195.0,20231116
025550,4120,4150,4090,4140,57738,237468405,0.12,98984079720,3964895.0,0.0,20231116
017890,12090,12270,11930,12230,295136,3582543150,0.33,264238444800,21840490.0,62755030.0,20231116
080720,4520,4590,4520,4575,3745,17049670,0.99,36159555600,-203905.0,,20231116
063570,5780,6130,5710,6120,230103,1364467620,5.88,208984095360,150983740.0,113360640.0,20231116
041460,3880,3955,3840,3940,108692,426103360,1.29,74860000000,155390505.0,-15.0,20231116
101680,2555,2725,2540,2540,34999,91649865,0.4,21346160000,4172025.0,,20231116
039740,3135,3300,3130,3290,160972,520835545,7.87,26380526130,11062885.0,,20231116
053300,4500,4540,4475,4540,52660,237954880,0.89,189664542740,79367810.0,303190.0,20231116
025770,8900,8900,8790,8800,12965,114556620,-0.11,329509584800,25663800.0,-4864870.0,20231116
436610,2055,2055,2045,2050,3933,8052345,0.0,12341000000,0.0,-5128740.0,20231116
458610,2045,2055,2040,2040,7145,14607640,-0.24,8629200000,-1380185.0,0.0,20231116
464440,1978,1979,1970,1972,144477,284996263,-0.35,8519040000,,73301872.0,20231116
023760,559,566,546,563,140054,78361724,1.08,177688191288,1910189.0,-3064.0,20231116
054040,5650,5790,5540,5710,180147,1015460940,0.18,91767065900,24677080.0,-70059460.0,20231116
021650,3040,3135,3005,3060,111850,341412035,0.16,50032722780,23843475.0,,20231116
053590,0,0,0,334,0,0,0.0,52484809098,,,20231116
032300,22400,22900,22050,22400,215414,4833725950,-1.75,244310102400,-86918350.0,337550.0,20231116
037230,2005,2020,1974,1995,30419,60432517,-0.5,59451652365,-83681.0,,20231116
030520,13170,13890,13100,13740,382224,5208464440,4.49,332229682560,1197853900.0,762850070.0,20231116
052600,4580,4720,4550,4640,153885,714547525,1.53,53655568000,88724520.0,,20231116
256150,7500,7580,7500,7560,3747,28245330,0.27,63466200000,989400.0,-9950.0,20231116
092460,6310,6440,6310,6410,34545,220417330,0.94,109673048800,42335510.0,95854460.0,20231116
047080,2575,2605,2525,2575,62720,160242840,0.0,63917582150,20946415.0,,20231116
066980,1811,1814,1755,1780,217556,386306101,-2.31,89063063620,-88879687.0,99774.0,20231116
114810,9330,9330,9060,9280,29014,266963490,0.43,272388174720,-46737150.0,,20231116
070590,1745,1819,1740,1815,32277,57348331,4.07,25191330615,6307170.0,,20231116
226440,0,0,0,1530,0,0,0.0,100580954580,,,20231116
042520,15400,15400,14960,15120,48017,724115980,-1.63,204518669040,-198444760.0,15120.0,20231116
430690,16810,18900,16590,17100,667977,11968315980,1.79,93155242500,300963190.0,-44518160.0,20231116
078350,13090,13100,12590,13040,105849,1356980700,-0.46,198786741280,-147543870.0,,20231116
045100,14990,15270,14930,15250,66185,999681760,1.26,274500000000,315243700.0,-7903420.0,20231116
024740,2580,2605,2500,2530,765707,1943846205,-2.13,79777341380,-216302380.0,,20231116
005860,4640,4640,4545,4600,157676,723334180,0.44,181256951000,127837625.0,-4600.0,20231116
123840,505,547,503,540,2016327,1068191568,6.3,54754176960,30639487.0,-2860734.0,20231116
007770,17440,17670,17150,17370,6976,120949590,0.35,60968700000,8091140.0,,20231116
198940,4120,4235,4090,4160,348042,1449409995,1.09,80852990400,123545970.0,,20231116
079170,8460,8550,8270,8530,31277,264288450,0.83,44356000000,44262570.0,-3530.0,20231116
054920,3100,3150,3080,3145,82385,257245485,1.45,88742719745,38665990.0,-56015.0,20231116
002680,1255,1264,1200,1257,179196,220974445,0.32,37703484969,-3685061.0,,20231116
386580,2050,2055,2030,2055,26422,53749495,0.0,8548800000,16240.0,,20231116
430460,2045,2045,2045,2045,101,206545,0.25,12106400000,0.0,0.0,20231116
455310,1981,1981,1979,1981,1428,2827584,0.0,10023860000,,1863230.0,20231116
034810,7780,7860,7780,7850,21165,165511890,1.16,255571327450,39960380.0,31690.0,20231116
03481K,8180,8180,8000,8000,1674,13510470,-1.84,11111376000,-464150.0,-81100.0,20231116
076610,305,361,302,330,11750576,3947287924,9.63,41997778020,70099718.0,,20231116
059270,6020,6170,6000,6080,26803,162290050,1.33,60926755840,46468980.0,19680.0,20231116
220180,3140,3200,3085,3110,57845,181209305,0.0,60358880000,1795740.0,11633200.0,20231116
900270,232,232,225,228,483739,110068432,0.0,19535496000,10005129.0,,20231116
214180,13740,13780,13660,13740,10087,138264190,0.07,182153721900,1159610.0,57032160.0,20231116
234340,14710,15070,14630,15040,9947,148011980,1.97,142173120000,46533040.0,255540.0,20231116
084990,4480,4510,4395,4465,62651,278192730,0.11,185728501985,-19638900.0,-52134735.0,20231116
170030,7110,7260,7070,7190,169087,1214150240,1.13,110294600000,172291180.0,40.0,20231116
319400,3500,3640,3460,3485,2567968,9083947860,-1.27,409657791040,-259072060.0,-79735.0,20231116
048410,32600,33600,32300,32800,494198,16315530450,-0.3,1305768262400,-826108050.0,-398650150.0,20231116
052260,9700,9880,9680,9880,9790,95844980,1.86,148200000000,2164200.0,-6487090.0,20231116
041440,6140,6190,6120,6170,47564,293151580,-0.16,110541374480,54067480.0,-11000.0,20231116
039010,5640,5720,5570,5720,9912,56026440,1.42,49335000000,21859620.0,-11843280.0,20231116
090850,5820,5960,5740,5960,157091,922149550,3.29,141528311560,32474330.0,-3795310.0,20231116
092300,4190,4385,4170,4280,210180,902752490,2.64,79919652480,19204160.0,44896625.0,20231116
138360,845,1119,844,1119,6519894,6890827982,29.97,38730810096,-169583144.0,-64497987.0,20231116
011080,936,936,899,917,205219,187394520,-2.03,23386583871,-2528719.0,,20231116
060560,1204,1211,1193,1199,156109,187066911,-0.42,153075760475,-8793549.0,,20231116
064240,4650,4730,4585,4655,73795,343723810,1.31,163101945860,4982920.0,8890.0,20231116
039610,5460,5560,5420,5550,106742,588604810,1.65,57777720000,-27806460.0,60.0,20231116
126640,1635,1673,1635,1669,131444,217076774,2.08,60708017403,24440233.0,,20231116
127980,7990,8130,7970,8080,12447,100064660,0.5,95672726720,-3428350.0,-18754580.0,20231116
061250,2030,2050,2015,2045,149890,303711160,0.74,136059629170,104449940.0,,20231116
097870,7260,7380,7260,7310,17119,125265010,-0.41,62061900000,-9986550.0,20.0,20231116
290270,3880,4060,3880,4000,22674,90113110,3.76,38430688000,7224150.0,-4579450.0,20231116
353190,1100,1112,1060,1108,171210,188286631,-0.36,43631289360,15073216.0,,20231116
192410,404,467,397,440,5146548,2259798504,10.83,47870398400,86525574.0,1119434.0,20231116
090710,1403,1483,1381,1406,2898046,4126589875,2.33,248841944816,-111416984.0,5066229.0,20231116
078590,481,602,474,552,49520374,26868519332,16.7,73419840816,-157426000.0,406259.0,20231116
205470,2140,2160,2100,2120,1676992,3568862415,-0.7,274275019080,-75979240.0,-81441680.0,20231116
115160,2965,3060,2965,3010,147412,442398305,1.01,132350073240,143037915.0,961010.0,20231116
028080,4745,4890,4695,4880,51569,248670195,3.94,61378229280,40090605.0,0.0,20231116
200670,34000,34200,33350,33550,49971,1682324300,-1.32,373854930350,-97662600.0,-106365150.0,20231116
065510,14970,16700,14790,15740,1021740,16334928030,5.14,191026479540,-1647629090.0,225110.0,20231116
215090,0,0,0,1505,0,0,0.0,120843123170,,,20231116
263920,1220,1239,1202,1217,111546,135794089,-0.33,59687928078,-1793300.0,,20231116
243070,38650,38700,38150,38550,39276,1509053350,1.31,461816085750,287737000.0,-642747850.0,20231116
084110,22500,22700,22050,22200,12648,281026450,0.91,280197122400,12700350.0,-6102150.0,20231116
145020,148900,150000,146500,147500,64832,9582487000,-0.81,1826854612500,-509786700.0,1344974900.0,20231116
024060,9140,9220,8830,8840,759304,6835269840,-5.25,132600000000,-594728810.0,90.0,20231116
010240,5990,6040,5890,5930,70575,418969850,-0.84,73073587280,42840920.0,-17253500.0,20231116
189980,2025,2085,2020,2070,28878,59552610,2.48,83085301890,-3528555.0,8280.0,20231116
037440,8360,8460,8300,8360,300648,2523089450,0.36,116391891000,135962060.0,3560.0,20231116
238490,6570,6660,6500,6620,61083,402134050,1.53,74887002320,27103860.0,35830.0,20231116
