code,open,high,low,close,volume,거래대금,등락률,시가총액,foreign_net,inst_net,date
060310,2195,2295,2195,2240,566518,1276989575,2.75,114429598080,68715620.0,,20240814
054620,6030,6200,6030,6160,16072,98612520,1.32,122548401360,28855570.0,,20240814
265520,19390,19480,19090,19150,145737,2806865260,0.26,292639212150,-320996050.0,155379000.0,20240814
211270,12050,12410,12050,12280,77910,953550140,3.02,185210693120,203026430.0,-2040130.0,20240814
109960,678,687,667,667,144001,97144632,-1.19,76140163723,5378151.0,-6163526.0,20240814
139050,0,0,0,2805,0,0,0.0,24247965555,,,20240814
126600,3895,3940,3880,3905,24659,96117270,-0.51,245104740595,-12909275.0,10.0,20240814
013720,1122,1137,1085,1115,333283,369984308,-0.54,49760371640,11694271.0,-8995.0,20240814
083790,2520,2575,2465,2570,93800,236576390,2.8,197618047740,61835775.0,,20240814
035760,76100,77700,75300,75800,62926,4798013900,-0.13,1662229873200,852590600.0,-1128692300.0,20240814
311690,12660,13080,12500,12580,4348,54761830,-0.16,114635275160,916610.0,,20240814
051500,19790,19960,19680,19900,23478,466684060,0.25,236244561400,86977100.0,29909350.0,20240814
058820,2305,2335,2255,2310,540520,1237994080,0.65,320841083640,130298945.0,7035.0,20240814
023460,1228,1280,953,953,22091747,21878315475,-29.98,35451600000,364036964.0,,20240814
056730,798,798,770,785,10564,8182935,1.29,58177281010,127908.0,,20240814
065770,1172,1182,1130,1181,27499,31592576,-0.08,22924544530,-2020988.0,,20240814
083660,946,980,930,930,39831,37322645,-0.85,56959878330,-1170806.0,,20240814
456440,2375,2390,2355,2370,5764,13668440,0.0,12596550000,-260495.0,-3028715.0,20240814
477760,2125,2130,2110,2130,27803,59158695,0.24,12439200000,705.0,42590810.0,20240814
099520,0,0,0,1284,0,0,0.0,58141862016,,,20240814
060900,1184,1184,1116,1126,269627,305888628,-4.9,28440765854,14228931.0,-53339.0,20240814
290120,2710,2915,2670,2730,38946,107821140,1.3,42356326740,-456995.0,-659155.0,20240814
025440,364,364,344,350,145637,50596054,0.29,53867142000,580991.0,,20240814
068790,5420,5900,5410,5860,148277,844875120,9.33,143998137460,91341320.0,-19866420.0,20240814
241520,3120,3120,3050,3110,74370,229867420,0.48,85512948750,-43153095.0,46616485.0,20240814
180400,3550,3760,3335,3760,3392698,11867780960,3.44,113625064320,201151640.0,,20240814
245620,0,0,0,415,0,0,0.0,57474989665,,,20240814
037370,7440,7480,7290,7480,19674,145284430,0.4,64514790560,36019590.0,,20240814
050120,1818,1862,1770,1862,3829,7029096,2.31,25256328132,-128600.0,,20240814
214270,1767,1812,1767,1794,71533,128575349,2.05,59651330622,72182039.0,,20240814
130500,3000,3605,2985,3515,2815400,9582515650,16.2,51125857780,86880660.0,0.0,20240814
900290,3305,3460,3270,3330,82205,275070995,0.6,224358750000,135266225.0,6395.0,20240814
083450,16230,17400,16020,16600,1080532,17977545990,4.27,309063116000,-796521200.0,110670170.0,20240814
297890,4845,5040,4815,4880,1330999,6546710940,4.39,356927660320,1299138445.0,,20240814
440290,2160,2180,2145,2175,44121,95277440,1.4,58957746750,8095905.0,607350.0,20240814
078150,2855,2945,2845,2890,2859887,8265924775,3.96,267948997240,1061561680.0,,20240814
195940,41750,41800,40450,40950,131216,5363400050,-0.85,1160109036450,-488144250.0,-411341000.0,20240814
028300,84900,88500,84100,85500,1359733,117141041200,0.94,11187278622000,-5059820400.0,1470090500.0,20240814
278650,2625,2635,2550,2555,215356,556676430,-0.97,221596654895,-57444920.0,10.0,20240814
067630,11010,11380,10920,10970,616008,6852419040,0.0,1301828011470,198135230.0,-72927370.0,20240814
024850,3160,3220,3130,3145,318278,1012970950,-0.79,227628982975,19963195.0,,20240814
047920,27800,28650,26750,26950,636590,17624308650,-1.64,857009838300,-3974658150.0,11731800.0,20240814
115450,9550,9790,9200,9200,655394,6134188290,-2.85,737287383600,-1777133880.0,18121880.0,20240814
046210,3430,3515,3430,3460,174951,604515155,0.44,145222493740,27355150.0,38060.0,20240814
403870,27550,28600,27250,28450,1165402,32726330350,6.95,2359476396800,2427297250.0,3503297700.0,20240814
036640,5290,5340,5220,5270,86041,452967220,0.38,86189796000,93796590.0,2046450.0,20240814
439730,2365,2370,2355,2365,2146,5075845,-0.21,10193150000,-2355.0,-3329920.0,20240814
442770,2360,2360,2320,2325,7283,17110900,0.0,9788250000,-28140.0,11862475.0,20240814
448760,2275,2275,2250,2275,8441,19059425,0.89,10078250000,,-4385250.0,20240814
467930,2190,2190,2185,2190,2313,5065350,0.23,9263700000,-177390.0,4909980.0,20240814
469480,2210,2210,2190,2190,940,2060260,-0.9,9263700000,-59670.0,0.0,20240814
095340,54700,58000,54500,56900,313563,17857238100,7.16,1206112600200,221000300.0,4372915700.0,20240814
950170,4750,4900,4750,4900,39966,192717230,3.16,253557105200,62265840.0,-13503615.0,20240814
067290,1755,1774,1735,1754,61135,107372230,-0.06,89175994508,-4751432.0,1754.0,20240814
035900,51500,52000,50000,50300,1342961,67789861000,-7.88,1787284347600,-11753860500.0,-17494038800.0,20240814
318000,5900,6040,5810,5930,43410,258001990,0.68,51829522390,39536470.0,,20240814
024840,2710,3285,2710,3065,45038083,140285344560,13.73,106996694935,115678125.0,257860.0,20240814
024120,3825,3935,3825,3875,13343,51744825,0.65,44562500000,8220345.0,25.0,20240814
455250,0,0,0,2640,0,0,0.0,11365200000,,,20240814
458320,0,0,0,2485,0,0,0.0,13679925000,,,20240814
464680,2000,2005,1999,2000,3675,7351708,-0.25,25810000000,0.0,2892348.0,20240814
476470,2160,2165,2140,2165,866,1867755,0.23,11918325000,-40940.0,614175.0,20240814
478390,2075,2090,2075,2090,4634,9658105,0.24,12999800000,-402405.0,5410575.0,20240814
021320,4580,4730,4545,4645,13116,61081420,2.09,99403000000,-8001595.0,,20240814
036670,7390,8000,7100,7120,845201,6423076270,2.59,80242400000,-12379530.0,-662891900.0,20240814
044180,457,457,446,449,31546,14283192,-1.75,11996291751,684381.0,,20240814
046440,4555,4620,4555,4600,72817,334138885,1.1,178597612800,77567745.0,-4575.0,20240814
151860,6270,6320,6200,6300,60602,379517720,2.11,312498912600,145145080.0,-56370.0,20240814
035600,10030,10090,9990,10040,77317,775654830,0.7,280160517360,340047120.0,-84977870.0,20240814
226360,0,0,0,2555,0,0,0.0,60698450260,,,20240814
111870,0,0,0,8910,0,0,0.0,43928518590,,,20240814
060720,11360,11530,11140,11450,79150,903344480,1.78,271106710900,24527700.0,-14670680.0,20240814
058400,760,766,759,763,69731,53151377,0.0,101043876360,,26452.0,20240814
101000,2285,2465,2260,2440,208386,497823650,7.25,73565070360,88315795.0,-90000.0,20240814
122450,4040,4040,3980,4035,17057,68550840,-0.25,182930614740,-3044800.0,-27575050.0,20240814
052900,993,1003,986,997,133144,132233316,0.81,54942194449,-43437561.0,-175729.0,20240814
376190,4830,5050,4830,5000,25210,125063290,4.17,123000000000,36705460.0,-40435.0,20240814
061970,4910,5070,4910,5040,104544,521662845,3.6,220674343680,170928175.0,-2965605.0,20240814
309960,4140,4310,4140,4250,70854,297257285,2.78,98673265750,-2726205.0,4250.0,20240814
225190,1573,1586,1562,1576,37097,58342857,0.32,79979541440,-1031423.0,7272996.0,20240814
060370,19810,20400,19550,19570,309263,6158353890,0.2,561791704170,-282053450.0,4873070.0,20240814
417200,16800,17540,16750,17080,437052,7484106410,4.02,1155507415720,29365800.0,54690770.0,20240814
078020,4725,4860,4690,4860,49149,234168180,3.08,269638583400,26833960.0,0.0,20240814
086960,1157,1199,1157,1180,583725,686521266,2.88,103452709840,104124218.0,-14.0,20240814
038340,0,0,0,1233,0,0,0.0,39979891836,,,20240814
160550,2590,2690,2585,2650,57709,152279275,3.92,73951180900,14183275.0,,20240814
053290,3130,3330,3120,3255,83693,271606115,3.99,53793129285,8335310.0,15.0,20240814
060250,7500,7600,7490,7570,349332,2637257330,1.61,304015825270,-121088060.0,4397710.0,20240814
104200,3670,3765,3645,3695,41730,153428155,0.54,54787797250,40597890.0,-7385.0,20240814
222160,0,0,0,8040,0,0,0.0,79551289560,,,20240814
024940,3990,4005,3900,3935,52013,205119525,-0.13,39350000000,18253135.0,,20240814
218410,11940,12080,11810,12040,62609,748467710,2.29,318872681680,160025000.0,-26822360.0,20240814
327260,8220,8540,8220,8260,73245,614843510,0.85,69658488060,108644900.0,,20240814
091340,2400,2735,2400,2645,503411,1322621650,10.44,30956342045,4807955.0,104400.0,20240814
419530,12430,12600,11760,11880,169045,2046148680,-2.86,102060248400,118063350.0,7932950.0,20240814
019550,715,753,715,748,537552,395939967,4.62,121225798100,27194784.0,10472.0,20240814
950110,2830,2870,2765,2800,9791,27687965,-0.71,67347112000,-1153825.0,,20240814
036120,2415,2535,2360,2530,380819,935977275,2.22,89815000000,186750025.0,0.0,20240814
246960,9220,9500,9160,9380,9223,85353250,0.86,68318301380,7961510.0,1222030.0,20240814
099220,1519,1600,1504,1554,6182549,9617604401,5.14,87290994294,365389341.0,43127270.0,20240814
036540,4120,4195,4120,4150,492285,2046931365,2.22,682510257450,453177395.0,-29299585.0,20240814
255220,3245,3700,3070,3125,31937985,109256380060,-0.95,284925712500,-139758905.0,-517910495.0,20240814
040610,1597,1603,1586,1589,32874,52366566,-0.5,54164554444,11474700.0,6248.0,20240814
049470,0,0,0,490,0,0,0.0,28842502010,,,20240814
184230,504,513,502,508,42957,21792366,0.4,31800373788,-2127871.0,322.0,20240814
016250,15770,15870,15540,15860,16017,251835920,0.57,51443258100,8017730.0,,20240814
048550,1710,1720,1698,1704,175126,298308969,0.24,164801712480,61608824.0,777388.0,20240814
063440,1379,1406,1379,1395,38468,53571303,0.36,64210669830,4185064.0,,20240814
067160,104800,104800,100000,101000,99074,10015797000,-2.23,1160971467000,1172996200.0,-2400506500.0,20240814
289080,1811,1829,1780,1801,232980,421586855,-0.33,95874434000,32651814.0,,20240814
089230,1479,1539,1460,1524,92062,139253365,3.04,33349620372,46060046.0,7825623.0,20240814
032540,5490,5520,5460,5460,8894,48855830,-0.55,76066585140,4725160.0,20.0,20240814
022220,1085,1097,1085,1095,30165,32823187,0.64,56715064005,-78333.0,-963434.0,20240814
048770,2890,3025,2890,3015,20692,61871945,3.61,47329442865,2925705.0,,20240814
246690,1086,1095,1076,1088,68408,74176236,0.28,45127913856,14536117.0,,20240814
317240,0,0,0,314,0,0,0.0,33673649508,,,20240814
057030,3585,3750,3525,3645,175746,641480955,1.67,59459780565,1961650.0,,20240814
040300,3115,3230,3115,3180,118686,377635880,2.58,133560000000,77302290.0,,20240814
051390,3575,3725,3575,3695,24096,87933250,2.35,41958084760,-12165770.0,18225770.0,20240814
052220,2875,2930,2850,2905,162387,468566460,0.69,66815000000,87068735.0,,20240814
079940,13260,13400,13180,13270,12656,167978320,0.38,179618526680,28585010.0,-18547250.0,20240814
078890,4400,4580,4395,4450,107056,475895535,2.18,77475198650,182906410.0,8895.0,20240814
399720,46900,47250,46000,46200,97383,4528821050,1.32,530760384000,955841000.0,-1160270100.0,20240814
036620,3440,3540,3335,3355,698165,2389110850,-1.9,304449112660,-358744100.0,8771620.0,20240814
198440,1779,1808,1762,1782,147554,262504588,0.17,108580638672,43883120.0,,20240814
217730,1737,1737,1681,1730,196663,337309082,2.98,96973677770,99450877.0,,20240814
114190,12400,13900,12080,12240,673369,8539711160,1.92,319745985120,-1015431400.0,-14917210.0,20240814
094480,7240,7310,6920,6950,862842,6126680720,-1.84,272647374100,-544726210.0,-69500.0,20240814
039240,2900,2930,2875,2895,37556,108870245,-0.17,78105953580,10936225.0,-560.0,20240814
053950,1156,1193,1107,1119,1296292,1474668822,-2.19,39829016838,-55793727.0,,20240814
011040,6730,6820,6700,6740,35826,241765400,0.45,207381482840,23799350.0,-2109480.0,20240814
024910,2295,2315,2270,2285,167914,384245190,0.22,81846426425,99174065.0,,20240814
049720,10290,10450,10200,10360,32836,339930450,0.39,148148000000,-40788770.0,119326770.0,20240814
014570,5220,5270,5160,5250,17603,91692580,1.16,57750000000,13645910.0,-10400.0,20240814
348150,7820,7900,7600,7660,77199,595694300,-1.16,148252995820,53346060.0,,20240814
950190,10210,10350,10160,10330,23382,240114860,1.18,140280284360,173673040.0,,20240814
098460,10750,10890,10600,10800,335698,3612098380,2.08,741471354000,357037960.0,-169547550.0,20240814
035290,528,534,503,527,60654,31543202,0.76,25125504960,3303221.0,,20240814
900280,0,0,0,97,0,0,0.0,19924215936,,,20240814
215000,70500,71700,70000,71300,14843,1052580400,0.85,447437089500,-31900500.0,-50038800.0,20240814
121440,3660,3695,3650,3690,55268,203186955,0.96,158067858420,-711225.0,110429600.0,20240814
366030,4635,4675,4605,4620,87275,405051920,0.76,104660787000,104267890.0,,20240814
014200,0,0,0,1006,0,0,0.0,91250936176,,,20240814
029480,3780,3890,3760,3825,485253,1855209110,3.38,185409733725,368642140.0,42075.0,20240814
026910,2645,2645,2570,2585,7263,19002210,0.78,16557971925,-238580.0,,20240814
421800,2350,2350,2270,2320,61682,142359940,0.87,13873600000,-7236765.0,-3782715.0,20240814
440790,2255,2255,2230,2245,2505,5621130,0.67,9092250000,-4490.0,33780.0,20240814
456490,2195,2230,2195,2220,155,341275,0.45,9324000000,,0.0,20240814
465320,2150,2170,2145,2155,5733,12366530,-0.23,8210550000,34830.0,6853885.0,20240814
482520,2055,2065,2050,2060,2163708,4447372095,0.0,12566000000,0.0,741317850.0,20240814
053270,2245,2330,2240,2260,124686,282443100,1.35,61947515300,56889845.0,,20240814
066620,15340,15460,15290,15460,4139,64048120,1.05,115950000000,5400110.0,-40.0,20240814
043650,5720,5780,5650,5770,75471,432119660,2.49,103042414080,175731340.0,49759720.0,20240814
006050,1673,1770,1567,1575,8790464,14454061915,0.0,54960007725,-123836626.0,-8574662.0,20240814
060480,2010,2025,1997,2015,18073,36212253,0.25,22346350000,3074592.0,,20240814
078130,0,0,0,800,0,0,0.0,901924696800,,,20240814
307750,4930,5070,4920,5000,132162,660558210,1.73,245346345000,77003970.0,10.0,20240814
035080,12750,12950,12650,12950,22148,283345550,1.97,188132212800,6415850.0,-6052510.0,20240814
453450,32950,34400,32400,33300,2539344,84626924000,-1.19,264493575000,2242834400.0,-5868315200.0,20240814
204020,2970,2970,2850,2850,167303,483086165,-4.04,57420175500,-44545030.0,,20240814
402490,15680,19190,15270,18190,1439085,25541839030,20.07,150357521360,-900369700.0,-295738310.0,20240814
114450,2980,3575,2970,3575,15015668,49679583920,30.0,71500000000,-193354605.0,-7720.0,20240814
186230,10340,10920,10250,10760,143167,1530866710,5.7,116425222880,194647010.0,-10.0,20240814
900070,455,459,444,453,25205,11360173,-0.44,24346017504,-202345.0,,20240814
204620,4120,4170,4055,4145,768258,3163824455,1.84,235385629960,84442165.0,2979750.0,20240814
019660,605,635,602,626,115103,71200495,3.47,21779006996,4490398.0,-176760.0,20240814
053260,4875,4990,4875,4975,8422,41603230,2.05,93132000000,-5578430.0,18781790.0,20240814
282720,11550,12320,11440,11980,238724,2850438430,6.21,145191610000,223055610.0,170.0,20240814
036190,24850,27200,24600,25950,171610,4397074900,4.22,155700000000,-2983933100.0,840250.0,20240814
049080,690,703,690,700,142785,99851496,1.6,59418342900,32557502.0,5600.0,20240814
420770,41950,42500,41050,42050,64015,2663076050,2.31,533015623900,737963850.0,-469582350.0,20240814
035460,1825,1855,1825,1853,13917,25690453,2.15,27011811020,5479620.0,,20240814
308100,3355,3420,3355,3400,2134,7232315,1.34,22524092200,-131660.0,20.0,20240814
407400,6770,6880,6770,6850,50802,346788700,2.24,83977396900,81890990.0,,20240814
187790,0,0,0,1025,0,0,0.0,31611850750,,,20240814
286750,1859,1898,1810,1876,39635,73313172,0.97,38822992684,-12343865.0,,20240814
121600,92700,92900,89600,90400,82277,7476330400,1.23,1102525451200,-1275004200.0,143124000.0,20240814
247660,10550,10920,10550,10600,85877,921067770,1.05,46045552000,86859310.0,,20240814
039860,3580,3820,3420,3555,1816403,6547272785,0.99,114151341510,-447586925.0,-20.0,20240814
091970,582,584,524,577,242279,136251093,-1.2,21589893461,-667761.0,,20240814
417010,12790,13010,11850,11850,680270,8428619180,-5.43,233733286800,57959060.0,-614830.0,20240814
405920,4000,4150,4000,4145,14440,59021100,3.88,53379625020,13486795.0,0.0,20240814
051490,4690,4770,4690,4715,39354,185654405,0.53,66953000000,13078500.0,-566880.0,20240814
137080,4240,4295,4230,4275,14292,60966705,0.83,47279029050,19610560.0,25.0,20240814
190510,12240,12380,12070,12350,51191,627981120,2.49,200865142400,28149380.0,185003300.0,20240814
242040,1815,1825,1760,1788,94075,167856757,-1.49,61876000032,-8170020.0,7152.0,20240814
089600,17270,17850,17170,17720,20271,356718280,2.72,204987848360,9679160.0,57375770.0,20240814
293580,1105,1267,1068,1080,4499823,5177475315,-1.37,103431600000,-320817955.0,,20240814
138610,17930,18250,17590,17650,96460,1724329150,-0.17,181650675950,-35769790.0,20609610.0,20240814
130580,4810,4870,4770,4770,5110,24572435,-0.21,73458000000,-7750840.0,-2732410.0,20240814
036800,19090,19110,18920,19000,5931,112751760,-0.37,190000000000,-19333620.0,-26105910.0,20240814
267320,2545,2565,2525,2545,107818,274503280,0.39,111125144680,65902175.0,-127250.0,20240814
111710,4950,5030,4950,4980,1124,5604435,0.0,102528240000,-4950.0,,20240814
091590,4105,4165,4105,4155,2695,11120665,0.12,48779700000,1288170.0,,20240814
168330,2020,2025,1995,2025,7396,14890847,0.75,64303672500,2152535.0,16260.0,20240814
094860,1477,1511,1455,1499,110344,163752601,1.49,32077953931,141092.0,-67207.0,20240814
253590,10510,10900,10450,10500,1263157,13396927430,3.45,460626222000,1668550710.0,-70388130.0,20240814
212560,8180,8400,8180,8390,43193,360337460,2.82,66070939570,-46119180.0,,20240814
095660,19900,20300,19770,20150,95376,1910977160,1.77,443979437850,196913240.0,404445050.0,20240814
042420,17190,17490,17050,17450,9199,158894960,1.57,154552311700,-24705680.0,68648890.0,20240814
950220,1441,1461,1421,1434,277330,397309384,0.42,141775944810,98906136.0,,20240814
311390,6310,6490,6270,6330,8516,54052400,0.96,69498000510,-6737510.0,70.0,20240814
085910,3375,3400,3345,3380,31954,107879515,1.65,47099684840,-3681960.0,15.0,20240814
092730,21900,21900,21250,21400,63185,1352754050,-1.61,175637525400,219765400.0,-460615600.0,20240814
290660,965,970,944,970,43694,41856155,0.52,40482229290,-599713.0,,20240814
306620,2045,2115,2045,2065,70687,146855180,1.23,87985827685,32911935.0,,20240814
153460,6950,7000,6930,6990,1270,8821660,-0.14,45644797860,-60.0,666580.0,20240814
007390,10260,11150,10080,10800,601094,6406424590,6.09,692897284800,830655000.0,-130955060.0,20240814
033640,11190,11190,10900,11090,63236,698522430,2.59,255726550180,209129320.0,-21443430.0,20240814
330860,16010,16430,16010,16370,43449,707974700,3.09,199452816650,-29032630.0,1316910.0,20240814
089140,3160,3200,3005,3110,25388,79087720,-1.58,35088969970,-2480055.0,0.0,20240814
137940,374,441,374,416,6278596,2622612047,11.83,32581532672,109924845.0,1215857.0,20240814
396270,8520,8600,8420,8530,90896,775033780,2.77,154298658200,179198930.0,2661510.0,20240814
348210,52000,52900,51400,52800,32431,1698263500,3.33,546868608000,115120500.0,-14953400.0,20240814
225570,24600,24700,22900,23100,3597137,84557918200,-6.85,1521037287000,6899361150.0,-8198669550.0,20240814
217270,5400,6430,5400,5760,410483,2470744010,7.26,268485984000,27169250.0,675270.0,20240814
104620,5260,5360,5250,5270,22985,121612920,0.19,83488004020,18990630.0,,20240814
194700,10800,10960,10620,10670,237023,2556919600,-1.11,200114228160,66269210.0,250793810.0,20240814
285490,13670,14000,13580,13890,16713,230497720,2.28,146898292590,12466500.0,-160.0,20240814
145170,16200,16910,15930,16140,329485,5399523090,-0.37,146548520760,165394550.0,-200.0,20240814
106520,0,0,0,411,0,0,0.0,15904036272,,,20240814
376930,2390,2485,2355,2355,273089,651725505,0.0,87010326300,-92030815.0,-62575.0,20240814
142280,5360,5550,5000,5080,6069362,32063707760,1.2,107371951880,-89264630.0,-286310.0,20240814
234690,8620,8880,8510,8880,69507,601139890,4.47,157640210880,43931500.0,-390500.0,20240814
054050,7550,7560,7510,7540,9699,73004800,0.53,120870429940,6065260.0,-5129750.0,20240814
069140,1463,1512,1461,1508,50709,75307979,3.08,19758936444,3662570.0,-8470542.0,20240814
040160,2730,2800,2730,2790,10024,27864360,2.76,33634942650,2473650.0,13919935.0,20240814
332290,1384,1400,1380,1385,14892,20672262,0.07,46237952155,1315444.0,,20240814
348340,22500,23550,22150,23350,75076,1736428200,4.71,246323119500,29105700.0,346929400.0,20240814
060260,2110,2155,2060,2120,124914,263542455,0.0,17621459080,-2065905.0,,20240814
123840,297,297,288,291,39837,11563607,-0.34,85043278995,-40456.0,,20240814
012340,633,644,633,636,30520,19431666,-0.31,32376955032,354579.0,,20240814
214870,0,0,0,6920,0,0,0.0,64765809320,,,20240814
270870,7600,9720,7600,9720,661442,6212498150,29.95,89426177280,-158384670.0,2249680.0,20240814
144960,5230,5750,5150,5650,650471,3551574000,9.71,246863325600,-340750380.0,-111086870.0,20240814
085670,4910,5130,4900,5130,260284,1295990750,6.43,125432403930,31990475.0,-19724105.0,20240814
064260,3305,3330,3280,3320,229642,758544825,1.84,228910812800,281513485.0,3969800.0,20240814
340360,1696,1696,1572,1614,1438530,2324690117,-1.94,70028574168,202628888.0,-40848629.0,20240814
039560,3300,3365,3265,3290,188261,622989625,1.08,129974677490,86823735.0,13160.0,20240814
154040,1442,1480,1428,1480,13345,19448980,2.64,26566139120,909690.0,-2911.0,20240814
032190,10790,10810,10700,10780,36317,390361190,0.56,412874000000,76739390.0,-6865670.0,20240814
323350,8500,8700,8410,8500,62347,532144380,0.0,64566943500,-4449720.0,-38475900.0,20240814
068240,10290,10760,10220,10510,178753,1870777630,3.14,401097722870,239427720.0,-144648720.0,20240814
020400,7180,7210,7160,7200,1704,12244080,0.56,22961995200,1098790.0,,20240814
008830,7840,8290,7840,7960,79438,639007140,1.92,71540659200,41352650.0,7810.0,20240814
048470,4010,4190,3955,4170,55054,224877375,4.25,41700000000,56204735.0,0.0,20240814
004780,3935,3945,3860,3940,25734,100174550,0.25,62658604060,458450.0,19981770.0,20240814
017650,7490,7500,7430,7480,703,5248820,-0.13,67320000000,-171110.0,804870.0,20240814
007720,594,614,580,594,694185,412452797,0.0,59875467300,-35251934.0,-1070392.0,20240814
389260,12920,13400,12720,13070,121486,1589903520,4.14,222843500000,-30786130.0,1452960.0,20240814
317850,9900,9990,9680,9860,356493,3515000410,0.92,82078781200,-132734740.0,50.0,20240814
290670,17860,18400,17860,18160,17528,318259010,2.08,142695105600,61787780.0,-18150.0,20240814
078140,13700,13950,13400,13720,558373,7628888200,2.46,152107863880,1093755980.0,19605560.0,20240814
065150,0,0,0,145,0,0,0.0,18165948725,,,20240814
036480,10220,10220,10000,10120,40472,407533560,-0.2,38456000000,110782280.0,,20240814
027830,1618,1631,1617,1624,203903,330913346,1.25,87696000000,105812860.0,,20240814
104040,889,897,885,895,16785,14965069,0.67,32153373515,3275299.0,,20240814
129920,5190,5500,5020,5310,731124,3861707340,-2.75,72826931430,215056630.0,0.0,20240814
438220,2370,2495,2280,2400,181248,438677285,1.48,13536000000,13121810.0,24682115.0,20240814
442310,2225,2285,2225,2265,7213,16278225,1.57,15198150000,4797545.0,4552835.0,20240814
457390,2350,2410,2350,2400,57475,137283225,2.13,16884000000,8408315.0,1159600.0,20240814
457630,2170,2170,2155,2165,7847,16928695,-0.23,15826150000,-4330.0,0.0,20240814
471050,2180,2180,2160,2160,10366,22417465,-0.92,13089600000,-1812150.0,6495000.0,20240814
020180,936,948,931,939,120426,113349756,0.43,36084751185,15158741.0,,20240814
045390,2915,2950,2895,2935,427529,1247116375,1.38,206839361495,560273025.0,0.0,20240814
108380,13210,14000,12910,13410,54085,718152950,1.9,128297935530,-72483210.0,-6987890.0,20240814
007680,4365,4470,4345,4370,3806,16605610,0.11,58761091380,-828395.0,,20240814
048910,8550,8670,8440,8510,17450,148515740,0.12,107046830460,11412500.0,25620.0,20240814
005710,6200,6230,6070,6170,9439,57443590,-0.48,123631992000,-455160.0,1368210.0,20240814
290380,0,0,0,2300,0,0,0.0,56841307600,,,20240814
120240,15440,15680,15180,15460,25851,398350390,0.91,111163444860,6608090.0,-22998170.0,20240814
003310,1492,1492,1471,1471,43358,63960719,0.07,52062146850,5941022.0,-5915.0,20240814
078600,125300,128700,123900,126200,404617,51082092800,4.21,1953650836600,-1048299300.0,5891953800.0,20240814
096350,359,362,353,358,337584,120177671,0.28,58626441222,11200241.0,,20240814
140520,2395,2420,2375,2420,9476,22581590,0.62,51084368060,-381500.0,,20240814
131220,5260,5360,5220,5360,11979,63385220,2.49,39956066400,6522770.0,13630.0,20240814
010170,1060,1078,1057,1060,55695,59412805,0.19,78981835960,8583922.0,8480.0,20240814
054670,9240,9420,9100,9190,108942,1007053410,-0.54,131921714800,258695640.0,2423620.0,20240814
023910,26900,26900,26500,26600,6648,177113150,0.19,159600000000,19715450.0,-51913200.0,20240814
021040,4030,4030,3770,3810,2374,9316955,1.87,41347594470,-35440.0,,20240814
021045,7200,7380,7110,7260,51,365770,0.83,3080025960,,,20240814
067080,10650,10690,10400,10400,148998,1564637110,-0.48,193613160000,30952320.0,15826010.0,20240814
298540,11040,11270,10360,10970,62179,679395390,-0.63,161981440320,-17834000.0,-94619200.0,20240814
032860,0,0,0,3640,0,0,0.0,147040941320,,,20240814
393890,21300,21800,21250,21500,94606,2037909750,2.63,724475137000,929608250.0,-104871050.0,20240814
299170,1724,1751,1724,1749,31460,54735827,1.45,52518907287,9244690.0,,20240814
224060,5680,5740,5530,5600,16936,94844250,0.0,26591028800,13271830.0,,20240814
043090,299,304,284,294,283889,82751142,-1.34,20877749088,1594447.0,-301.0,20240814
213420,33450,33450,31200,31350,217924,6953010500,-4.42,778457461650,-654413150.0,-2478492300.0,20240814
317330,39500,41050,39150,39900,232297,9315961250,3.5,816329421600,-163571700.0,-920950.0,20240814
077360,5550,5620,5470,5590,171134,954426770,3.52,253992841180,-61886840.0,-33100.0,20240814
090410,1532,1560,1525,1560,227046,349092682,1.83,71891188200,64246261.0,2347900.0,20240814
263600,6060,6230,5990,6100,59296,363924040,2.35,97174891000,148860400.0,-10.0,20240814
194480,45650,45700,44050,44150,69830,3109521600,-2.32,530390727000,-549108800.0,-406449500.0,20240814
263800,4400,4485,4400,4485,50662,224994175,2.51,72730464300,110150590.0,,20240814
206560,5460,5550,5390,5510,32771,179717150,1.66,140018665360,17052460.0,1059050.0,20240814
261200,8220,8430,8220,8250,18458,152754950,0.73,130430025000,-20582680.0,33000.0,20240814
067990,4850,4855,4755,4795,41360,198254255,0.74,144720532250,-38979225.0,-540095.0,20240814
006620,6310,6420,5920,5920,1902360,11690485360,-13.32,168512752640,-849886430.0,-225059720.0,20240814
100130,3105,3365,3065,3090,9131362,29209347780,16.17,176571870000,-165566755.0,86308620.0,20240814
005160,6000,6250,5800,6120,611785,3694130360,7.94,331976229840,168339050.0,148647870.0,20240814
075970,2740,2820,2740,2780,57324,159508305,1.65,51152000000,38304500.0,,20240814
086450,17040,17280,16980,17230,71773,1229452480,1.59,766045800000,-65327360.0,-96885860.0,20240814
099410,2700,2700,2655,2685,18241,48758450,-0.56,37590000000,-6961095.0,-3430555.0,20240814
033500,13200,13320,12780,13240,426530,5553700830,-0.9,397060900560,-358211750.0,-161206750.0,20240814
025950,20500,20800,19980,20100,22300,450149080,-1.95,168840000000,-48473370.0,-20050.0,20240814
088130,7120,7450,7120,7300,29607,215613380,2.53,77839447400,33029000.0,1368390.0,20240814
041930,6580,6950,6520,6730,142566,962763330,3.38,106334000000,146696380.0,1691280.0,20240814
060380,1764,1796,1748,1768,27484,48411091,1.14,34829600000,10707876.0,,20240814
079960,19050,19500,18990,19310,42240,813170230,1.36,151776600000,165291460.0,52496080.0,20240814
228340,2150,2160,2100,2140,23093,49250880,0.0,42800000000,916050.0,,20240814
088910,2160,2180,2145,2155,14784,31885275,-0.23,55667451420,-3125825.0,155.0,20240814
094170,19780,20200,19490,19600,438480,8689839900,0.36,371474507600,721509190.0,-19600.0,20240814
013120,2635,2635,2595,2630,30183,78899675,0.57,238825303000,-27841705.0,3244980.0,20240814
109860,9000,9190,9000,9100,15429,140544770,2.36,82810000000,-19381920.0,,20240814
032960,11490,11530,11250,11490,5515,63056200,0.88,45802851270,7281940.0,,20240814
023790,1217,1217,1190,1203,13022,15664811,-1.15,25072126005,-29785.0,,20240814
005290,33450,33700,33050,33150,336282,11189367550,2.16,1704390476100,312447900.0,352647750.0,20240814
025900,13150,13380,13130,13350,75072,995918100,1.68,674939754750,260979700.0,-43229890.0,20240814
131970,34900,35200,34550,34900,60743,2115938700,2.65,593529153400,18095450.0,24843950.0,20240814
073190,2445,2465,2355,2355,19422,46691925,-4.66,28184734200,-2295910.0,-21035385.0,20240814
030350,405,414,394,401,910360,367673190,0.75,27824978173,-712678.0,,20240814
203650,2665,2735,2660,2695,170628,461133220,2.47,136382507030,107552835.0,116486445.0,20240814
223250,3950,4155,3930,3990,491441,2005866760,1.79,94959302760,20006880.0,-4261195.0,20240814
060570,2065,2130,2040,2040,42558,88599115,-1.45,154268008920,-2827705.0,16660940.0,20240814
362990,2080,2180,2065,2095,60834,128339180,1.95,35197202530,26480055.0,-37810360.0,20240814
217620,0,0,0,381,0,0,0.0,22001687010,,,20240814
016670,6020,6190,5890,6000,5428,32636760,-0.17,29651076000,1618870.0,4249220.0,20240814
187870,13660,13680,13360,13500,3498,47159920,-0.07,94994221500,9085810.0,-689200.0,20240814
110990,17300,17870,17190,17210,120429,2109801420,1.65,325269000000,308907430.0,-122504280.0,20240814
263690,8100,8250,8050,8250,7897,64378100,2.87,93436282500,5916370.0,,20240814
214680,3250,3290,3185,3215,662423,2140449605,0.0,237032652220,-4070735.0,54895.0,20240814
347850,33200,33200,31600,31800,156151,5005094600,-3.2,335050810200,-1197856100.0,-23091650.0,20240814
263720,23600,24050,22800,22950,86902,2013071100,-1.92,287436655350,-37931550.0,-336829450.0,20240814
376300,20650,21000,19900,20950,108194,2194881790,1.95,497319605700,334107580.0,-108541040.0,20240814
109740,6000,6040,5860,5860,16372,96784530,-2.33,150662885400,-392940.0,,20240814
196490,0,0,0,203,0,0,0.0,34390100080,,,20240814
066900,2575,2585,2515,2520,12040,30596930,-2.14,57316147560,85940.0,,20240814
127120,3595,3595,3305,3465,105014,361395355,-3.62,66137134140,-39017985.0,,20240814
092070,13660,14420,13620,14080,58822,830379660,4.14,162931760640,33025870.0,19535660.0,20240814
039840,15740,15830,15380,15830,76799,1196328850,0.89,251408181650,2413480.0,-48098110.0,20240814
219550,399,399,360,387,4185024,1584029505,-3.01,30378214773,-9671765.0,,20240814
310870,1219,1219,1131,1155,60736,71088799,-5.25,23893798005,1008357.0,,20240814
104460,13400,14980,13080,13330,249925,3462386200,2.54,142812621250,-545847480.0,-199938680.0,20240814
079810,7880,8280,7880,8200,106342,864469030,4.59,180630370800,55654290.0,-2392540.0,20240814
113810,840,865,837,858,84782,71834805,2.14,27994867758,1557147.0,,20240814
043360,2100,2160,2080,2160,6802,14326850,2.13,19440000000,-294000.0,,20240814
197140,3075,3110,3060,3065,8708,26808850,-0.33,39885317010,1819565.0,,20240814
068930,6710,6830,6710,6830,6203,41917660,1.79,189022585860,-1185660.0,-566600.0,20240814
033130,1609,1635,1609,1630,14226,23122985,0.31,60497885210,153774.0,,20240814
105740,8410,8570,8290,8450,134716,1133919210,1.44,85822534850,-35512640.0,-16900.0,20240814
263020,3340,3525,3275,3455,306452,1056933680,2.67,52066266105,28094860.0,22225.0,20240814
290550,11110,11200,10790,10910,151618,1658880000,0.18,217891705220,352730950.0,31629770.0,20240814
066670,3645,3740,3585,3585,120473,439679780,0.42,67010526030,110992355.0,75.0,20240814
187220,3450,3495,3405,3460,12437,42829600,0.14,40475152660,4795435.0,-3490.0,20240814
383930,6690,6770,6640,6680,92654,619977610,0.0,85307020160,65695380.0,,20240814
131180,930,944,928,936,30121,28185491,0.65,27471600000,5218598.0,,20240814
315640,5590,5670,5500,5530,126073,700597090,1.1,123989612040,225761500.0,-166324320.0,20240814
223310,3005,3250,2985,3030,35289,107197550,-0.16,69203306250,-21178090.0,,20240814
317120,3935,3935,3615,3720,51064,191727485,3.48,35935200000,-11514485.0,,20240814
462510,11770,12250,11690,11690,211957,2523253340,0.0,101127092150,303929920.0,5734540.0,20240814
042510,1907,1949,1907,1937,105051,202912245,1.68,108522112127,56768147.0,3874.0,20240814
232680,7400,7490,7330,7400,20906,155161280,1.93,92753331600,15301810.0,,20240814
418420,4045,4190,4010,4180,76068,314073090,3.34,125853249940,80868010.0,-71060.0,20240814
300120,4690,4820,4625,4770,48888,231861685,4.15,99502257240,-34067750.0,35.0,20240814
171120,2035,2145,1989,2110,460780,951430534,7.05,75752713600,180977350.0,68021845.0,20240814
388790,3170,3215,3070,3105,547361,1720963185,1.14,92882752650,212576895.0,,20240814
347700,3145,3370,3000,3125,385633,1203549280,-2.19,52068803125,93403580.0,,20240814
214260,18000,21700,17870,19630,1835463,36139057560,9.97,171875490280,-1020595600.0,1740.0,20240814
200350,11280,11950,11260,11550,222608,2606334670,1.67,115454088750,295645810.0,-30.0,20240814
171010,4520,4580,4365,4530,95490,429475150,2.49,64773346560,137645135.0,-4510.0,20240814
084650,3905,4570,3770,4395,130802051,549399024245,20.74,326284756050,-1153052115.0,-356920.0,20240814
217500,1997,2085,1997,2060,78034,159931830,3.15,65532720000,12851793.0,,20240814
038390,16110,16150,15650,16040,7796,123535690,-0.5,137775259200,30194290.0,-206530.0,20240814
294140,5740,6400,5560,5800,7664985,46063513930,4.32,121800000000,290868130.0,-6643490.0,20240814
443250,8820,9230,8640,9160,42270,384735860,3.97,103319175760,125411450.0,32908880.0,20240814
228670,9680,9750,9600,9630,75197,703911710,0.94,149219296020,90527660.0,-15334820.0,20240814
228850,7700,7850,7620,7710,5697,43801670,0.13,127916717940,-7127230.0,1390090.0,20240814
412350,6350,6350,6070,6130,76393,470832220,0.33,53496338360,-30925360.0,,20240814
199550,9030,9030,8710,8730,37343,330315190,-0.68,101380032090,-49740610.0,,20240814
281740,16940,17680,16750,17300,981038,16824344750,5.81,1137138480400,1720392150.0,463444670.0,20240814
277810,131000,133700,129000,133400,131606,17320080300,4.14,2587941057200,3243558000.0,244027900.0,20240814
215100,3785,3895,3780,3880,62303,239434285,3.6,78952001520,32645295.0,20.0,20240814
090360,23150,23600,23050,23400,27893,650968200,2.18,228150000000,181186700.0,-632250.0,20240814
108490,18210,18770,18210,18450,33504,618472750,2.16,240718847400,202600410.0,-42746090.0,20240814
900260,694,717,689,713,87318,61205995,1.71,25690308344,390978.0,,20240814
067730,2500,2590,2490,2510,25997,65412655,0.4,24281544220,4225645.0,,20240814
071280,12010,12790,12000,12490,67975,847778220,5.76,191054571470,12726220.0,-39783190.0,20240814
328130,37150,38150,35600,36150,465223,17135206750,2.12,1043764444800,-719599750.0,-777115050.0,20240814
038060,1058,1075,1056,1074,33926,35994526,1.51,51662696106,-4351064.0,,20240814
141080,93100,94100,90200,90600,569586,52264645200,-2.05,3313001728800,-5645074900.0,717100000.0,20240814
058470,212500,215000,208000,211500,124787,26450795000,2.92,3223761255000,132850000.0,1910557000.0,20240814
016100,3060,3085,3000,3000,29587,89312415,-0.66,57302682000,24928075.0,,20240814
012700,4650,4685,4595,4665,50305,232384855,1.08,123371219775,22515120.0,5198955.0,20240814
302550,3350,3500,3310,3375,68756,232345285,0.75,103403520000,-27854200.0,-3362245.0,20240814
073570,2300,2830,2290,2420,3219013,8295613925,5.22,87578582740,-682084090.0,-566845.0,20240814
377450,11650,11700,11100,11340,61589,697724100,-2.49,196522200000,-71281630.0,98512680.0,20240814
277070,4845,4900,4800,4870,11487,55741755,0.41,66680040000,-12606905.0,,20240814
042500,5530,5680,5330,5430,205579,1118356750,-0.37,103550827620,96178570.0,17067160.0,20240814
193250,496,505,495,500,43413,21663511,1.01,31661688500,2776601.0,,20240814
219420,5250,5320,5220,5320,26138,137796400,3.3,61017777240,21641250.0,,20240814
439090,23000,23100,22050,22350,404351,9169529650,0.22,366054111000,562097900.0,388488650.0,20240814
195500,3175,3190,3130,3160,71408,225297350,0.0,50490480000,47197735.0,,20240814
377480,11590,11600,11130,11350,27018,305269910,2.16,70113297050,53715980.0,-56750.0,20240814
305090,11840,11960,11220,11610,559190,6452864840,-1.11,183480086250,-136615870.0,71014110.0,20240814
098120,6390,6850,6350,6730,56135,373904190,6.66,55944915180,-6274380.0,,20240814
424980,7550,7890,7430,7660,30961,235935670,1.59,45338697400,4940680.0,-33987120.0,20240814
038290,19000,19210,18820,18910,44862,850970250,0.32,205010874000,101270020.0,-2519740.0,20240814
267980,39050,40100,39000,40000,15676,619392150,2.43,313745520000,126229250.0,-7205050.0,20240814
005990,8330,8380,8200,8350,6321,52334850,1.33,114547838400,-1932800.0,15510230.0,20240814
093520,9530,9760,9520,9700,76100,734406990,3.08,156781992400,99849250.0,117627680.0,20240814
377030,3700,3700,3515,3570,15054,53646585,0.0,69868048740,8515390.0,188885.0,20240814
100590,3545,3585,3545,3570,8639,30752690,0.85,56513182110,5148240.0,3570.0,20240814
067280,30500,30600,30100,30550,1562,47484050,1.33,181063098450,-4609600.0,25545600.0,20240814
072870,11410,11510,11200,11370,34482,391899830,-0.61,135541303830,17612640.0,-28550.0,20240814
215200,48950,48950,47750,48300,20171,975980700,0.84,553612426500,142323100.0,-185537250.0,20240814
133750,2040,2350,2020,2210,2116694,4742282510,9.41,51729640170,-297547090.0,,20240814
446540,4300,4400,4280,4325,281539,1219161360,0.0,89834575000,325832205.0,-35695.0,20240814
235980,6960,7050,6860,7010,153158,1062112580,1.89,235400671950,48101050.0,2661560.0,20240814
041920,5740,5950,5730,5820,56992,332084550,1.57,108241657860,5003350.0,,20240814
014100,2410,2480,2380,2480,11169,27089425,3.33,29264000000,1682075.0,,20240814
054180,522,543,522,534,228061,120920120,2.3,31441003122,12627696.0,,20240814
086900,187500,189000,184100,187300,96202,17964978600,2.29,1367008488100,2224840900.0,1307837200.0,20240814
078160,6170,6260,6110,6120,37098,229091590,1.16,209412844200,-35813120.0,,20240814
408920,2070,2130,2070,2130,26556,55933935,1.91,92085129150,5272000.0,0.0,20240814
021880,462,462,425,429,7788133,3425060492,-7.94,65287111032,-51926905.0,19782158.0,20240814
140410,34000,34850,33800,34300,68794,2362931700,2.39,1026836287400,409716300.0,-13886350.0,20240814
241770,7610,7900,7610,7760,3985,30990730,0.65,79094886400,1135360.0,,20240814
059210,4700,4845,4650,4720,548526,2602921865,1.83,112630296720,161831775.0,-226680.0,20240814
058110,3175,3490,3030,3290,2490710,8217589420,6.99,52806243700,-45473450.0,-2782895.0,20240814
434480,3615,3710,3615,3685,34253,125795870,1.94,45153410500,51042460.0,,20240814
080420,1780,1856,1780,1788,21019,37728190,0.51,142542260136,1057499.0,,20240814
417970,9660,10200,9660,10100,15788,157350260,5.54,64606670000,38237610.0,100.0,20240814
080160,11800,11890,11660,11840,27087,318765630,1.2,223776000000,110011350.0,-41817200.0,20240814
087260,2210,2255,2205,2235,165253,368701650,3.0,72755644335,102586555.0,,20240814
101330,3670,3700,3425,3485,905090,3215986765,1.16,80667396065,-308959955.0,10515.0,20240814
012860,1958,2260,1891,1899,12851932,26631891857,0.0,139070334843,-440430026.0,3566116.0,20240814
363260,1956,2205,1956,2085,1438857,3006721254,6.76,67061458365,-77382109.0,799523.0,20240814
348030,5030,5200,4980,5150,7317,37485960,1.98,49459570000,4047490.0,70.0,20240814
250060,2835,2920,2800,2845,223881,637837740,0.71,91527388330,5539045.0,,20240814
288980,1498,1530,1497,1520,94977,143807780,3.12,52525974240,47617198.0,,20240814
142760,1750,1769,1710,1769,60978,105642438,1.09,66752880659,8495485.0,13384.0,20240814
033200,3240,3330,3240,3310,1219,4000810,1.69,47436222350,-1659225.0,-55.0,20240814
333050,1330,1354,1319,1351,36456,48757447,2.35,33024284426,2919408.0,3607897.0,20240814
118990,10300,10500,10240,10380,104483,1080179310,2.27,258067456200,288106510.0,-13588440.0,20240814
006920,3040,3100,3020,3080,9610,29385215,1.99,33633600000,3085800.0,,20240814
001810,1529,1563,1529,1559,16004,24763190,1.43,34512362500,-3741.0,,20240814
279600,9810,9870,9400,9400,11043,105631670,-4.18,44036941400,-14373940.0,,20240814
095500,12000,13190,11320,11320,1693253,20734069980,2.63,351033188680,-3970946600.0,-20503900.0,20240814
254490,15400,18500,15400,16720,3705121,64978931490,12.82,241403360000,-286356830.0,-35400.0,20240814
218150,4820,4880,4750,4870,421194,2036297905,-1.52,99424955740,247009045.0,-209240.0,20240814
442900,9860,9880,9860,9880,3206,31623580,0.0,75878400000,-611700.0,4809440.0,20240814
100790,5060,5120,5000,5090,52865,266806670,1.39,270404387060,47547620.0,300920.0,20240814
412930,0,0,0,2620,0,0,0.0,16181120000,,,20240814
446190,2350,2375,2350,2370,7940,18749005,0.64,11731500000,54565.0,-13860480.0,20240814
448830,2185,2190,2175,2190,10801,23572970,0.46,10774800000,-24015.0,-2860465.0,20240814
477380,2045,2070,2045,2055,38866,80067290,0.0,16645500000,8406405.0,51556965.0,20240814
477470,2120,2125,2110,2120,14171,29969875,-0.24,11617600000,280.0,12959295.0,20240814
478440,2040,2045,2040,2040,11969,24417965,-0.24,14137200000,,20096140.0,20240814
049950,19810,20350,19810,19890,45566,912359180,0.71,175387712760,182755100.0,-1836520.0,20240814
207760,1512,1518,1474,1477,349979,521082456,1.1,122708839491,100490712.0,-104407668.0,20240814
059090,10730,11230,10680,10960,619417,6789865780,4.38,366247886880,473166670.0,-164954240.0,20240814
214610,1846,1939,1710,1792,5033008,9150076977,0.17,78075549440,-472722975.0,-5314297.0,20240814
201490,2300,2335,2290,2335,77869,179776560,1.97,72986892950,44261110.0,104850.0,20240814
452200,8900,9800,8780,8910,6734466,62876324820,-0.89,195532623000,168334080.0,-457641370.0,20240814
418470,16800,17300,16430,16510,133555,2245658700,1.91,140323261390,126601290.0,-249367800.0,20240814
206640,19200,19460,18800,18890,194908,3726917550,-1.05,443661118400,183743640.0,35897850.0,20240814
018700,1070,1189,1070,1139,353451,401500882,6.45,40001403223,6610303.0,60541.0,20240814
035620,471,500,466,486,213984,103587421,3.4,36177682050,5868008.0,2856826.0,20240814
053030,20950,21000,19770,20400,1250627,25373845900,-1.21,647925379200,-642483670.0,-503135400.0,20240814
301300,5100,5100,4800,4915,22865,114854920,0.1,60920741815,-14186095.0,,20240814
064550,33000,33150,31950,32750,335949,10910764600,0.77,845287030250,414090650.0,-407711500.0,20240814
314930,14400,14650,14100,14350,92076,1320382620,0.28,427114878050,65693920.0,27168710.0,20240814
208710,510,517,500,517,98357,50216427,1.37,32364372678,1066413.0,,20240814
086820,13900,14090,13800,14070,5120,71128630,1.22,114578003820,9226840.0,,20240814
038460,4445,4540,4355,4415,489771,2177202420,0.57,105665148640,119740645.0,3041910.0,20240814
251120,15490,15880,15190,15190,29459,451993170,-0.98,132087683000,79219580.0,65121790.0,20240814
199730,7950,8190,7950,8050,4006,32144450,1.39,39158154350,1418890.0,,20240814
086040,4960,5070,4960,5040,31844,160114555,1.72,80429564880,64234085.0,30697300.0,20240814
099430,6620,6780,6450,6580,767707,5090027120,-0.15,381185085120,-318674150.0,36260470.0,20240814
032980,1136,1136,1076,1100,210054,231078187,0.09,49255789000,-36786105.0,-104522.0,20240814
308080,4270,4330,4185,4300,55556,237308010,1.42,82834082000,62688230.0,,20240814
043150,24900,24900,24550,24750,11573,285481650,0.81,367642836000,43128000.0,-11596750.0,20240814
323990,16110,17650,15700,15720,1248408,20568656230,2.61,361453104000,-1421298990.0,-3438110.0,20240814
267790,4955,5050,4950,5020,5146,25711340,2.03,39600270000,3903010.0,,20240814
046310,2485,2525,2475,2480,62292,154997120,-0.2,40718229680,28367485.0,321315.0,20240814
331520,802,827,802,817,290182,237766120,1.62,41556206630,5897880.0,24762125.0,20240814
199480,13340,13750,12270,12340,6854153,89048867180,-3.59,123412191920,-32646180.0,-1790890.0,20240814
438700,3810,3935,3810,3850,10662,41284600,1.18,42907826500,11098890.0,-7785.0,20240814
066410,0,0,0,1153,0,0,0.0,96978744678,,,20240814
382900,16300,19300,16300,17180,459567,8135627380,5.72,150513980000,200738200.0,433860.0,20240814
206400,3175,3215,3135,3165,19811,62832845,-0.31,99423727500,-12915030.0,,20240814
019010,2040,2080,2040,2065,129064,266746835,0.73,99533000000,,0.0,20240814
177350,320,330,319,326,503121,163712353,1.88,29135286018,-6907557.0,-1288.0,20240814
424760,1217,1240,1217,1239,6880,8503409,2.31,24364937478,583855.0,-692270.0,20240814
225530,4770,4770,4685,4715,11492,54356900,0.96,171337097805,2136725.0,-5098100.0,20240814
250000,9920,10200,9920,10170,20140,203767370,3.04,68654954610,99837840.0,10170.0,20240814
310210,71500,71500,65100,68500,306925,20822729400,-2.14,1239427355000,2124697500.0,-496003200.0,20240814
006910,3045,3085,3035,3065,273722,837475775,1.66,150582910560,174376255.0,247135.0,20240814
226340,2480,2530,2375,2415,1317574,3090053635,-0.41,101315094300,29699920.0,1789720.0,20240814
014470,1770,1818,1770,1794,61390,110368177,1.64,107733754440,-9777736.0,,20240814
008470,3710,3710,3660,3700,1344,4955885,1.65,31097760000,-3710.0,,20240814
338220,32200,32700,30500,30750,382140,11972030050,-2.69,427062672750,-726068200.0,-883280600.0,20240814
100120,26000,26000,25400,25600,2567,65948600,0.39,256047744000,31882650.0,4610700.0,20240814
406820,15750,16400,15750,16000,21407,341575450,1.85,56544640000,72206010.0,,20240814
337930,10880,10900,10090,10290,1580297,16459764990,-4.55,301615818630,1125176500.0,-4550210.0,20240814
099390,6420,6600,6340,6570,9244,60228720,2.5,53928419310,6701980.0,,20240814
064480,5990,6210,5960,6090,69623,424480290,3.05,72790725000,60538130.0,10.0,20240814
288330,2590,3400,2525,3210,10013027,31972136095,21.13,122542218660,1079222855.0,-119094790.0,20240814
365900,3805,3910,3680,3845,16855,64769520,1.05,28108103500,-6424075.0,0.0,20240814
089970,11000,11070,10780,10780,51319,559953880,-0.65,259534914100,-15489900.0,-89567890.0,20240814
251630,5450,5640,5450,5610,69292,383555280,3.31,89439590460,160232010.0,-73471900.0,20240814
018290,32000,32850,30200,30300,1682052,52954770550,-2.88,1084679612100,4902565800.0,254002250.0,20240814
439580,18400,19790,18120,18150,3484533,65977595630,-2.16,197555290350,145396990.0,36300.0,20240814
033560,3415,3565,3380,3440,116816,405959535,1.18,58824000000,11479510.0,,20240814
369370,1675,1694,1641,1676,12452,20768673,1.27,83585322836,34110.0,,20240814
126340,38900,39600,38850,39250,15491,608330300,1.03,238840881500,168152550.0,2692450.0,20240814
121800,0,0,0,3320,0,0,0.0,256309348520,,,20240814
082800,4050,4290,3995,4130,488633,2014125730,3.77,199114382950,173468370.0,,20240814
318410,9390,9640,9230,9290,18816,175690310,-1.06,51608207470,5316730.0,,20240814
419540,2055,2095,2040,2070,127384,263938110,0.73,47594497770,46877880.0,,20240814
146320,14700,14700,14350,14690,40912,594192690,3.45,187928038870,139876030.0,-15018480.0,20240814
200780,5650,5770,5610,5610,2742,15524680,-0.36,49886274240,-581230.0,,20240814
413640,9090,9540,9090,9430,34780,327102090,4.08,67961444200,97293720.0,,20240814
141000,7160,7340,7160,7260,3870,27973610,1.26,87952794600,-160720.0,0.0,20240814
083650,8500,8710,8150,8330,269504,2250160560,0.36,257766643750,58401610.0,80788360.0,20240814
445360,2115,2115,2105,2110,12601,26557645,-0.47,9094100000,-33680.0,17076685.0,20240814
473370,2055,2055,2040,2050,745,1522175,-0.24,8630500000,,452880.0,20240814
065170,520,520,515,517,82550,42677015,-0.58,45997779003,-2068432.0,0.0,20240814
086670,10340,10350,10180,10330,20121,206102570,0.88,94263047420,71540010.0,-492460.0,20240814
335890,9350,9510,9230,9280,797086,7467057620,-0.75,542129480000,222947730.0,-402099470.0,20240814
230980,0,0,0,229,0,0,0.0,21370407553,,,20240814
138580,15740,15770,15740,15740,259260,4081131070,0.0,355034005620,70727720.0,1571634470.0,20240814
082920,18310,19390,18310,19000,98656,1873121370,4.28,434572047000,813165880.0,-226055260.0,20240814
054220,503,510,497,503,70309,35457337,-0.2,24727781297,8685703.0,,20240814
042370,7540,7720,7540,7650,86009,656458400,2.41,200430191250,69738430.0,-191250.0,20240814
050090,877,914,845,856,87751,76954573,-2.39,16935733160,-2437114.0,,20240814
148780,1112,1129,1081,1091,64719,70759781,-1.89,34307285975,-21481829.0,,20240814
307870,3335,3375,2720,3215,1947107,5848717100,-3.6,145632680985,317483180.0,-9727930.0,20240814
357880,2850,3010,2805,2940,130631,381383805,2.26,30705230640,107173515.0,,20240814
032850,5380,5450,5310,5420,61559,332100890,1.69,90098248060,74708670.0,613330.0,20240814
238200,0,0,0,4545,0,0,0.0,37178100000,,,20240814
093190,4615,4615,4545,4600,47641,217782925,-0.11,88498963000,38504935.0,-8882685.0,20240814
065450,5240,5390,5180,5290,1985429,10505784920,-2.58,151573312000,341350480.0,40.0,20240814
210120,14090,14400,14030,14300,9740,139016800,1.49,44967923000,-1529000.0,,20240814
044480,707,725,695,708,107855,75655753,0.14,28789919424,10064700.0,,20240814
069540,2140,2190,2010,2045,323932,667637975,-4.44,65187266630,20544840.0,,20240814
072950,4445,4690,4445,4520,50875,233431020,1.69,36397797200,64443295.0,,20240814
451250,13550,13850,13360,13500,168277,2296281820,1.66,130709524500,108725290.0,13636770.0,20240814
143240,18230,18230,17800,18000,6020,107840130,0.0,210766734000,54907070.0,456540.0,20240814
452430,15450,15710,15370,15600,37082,577119600,3.59,124684435200,152965640.0,,20240814
419120,7110,7210,7060,7170,7730,55328770,0.42,55741917420,16546480.0,666250.0,20240814
122350,1604,1623,1579,1607,85489,136789861,0.25,61611460796,35625937.0,-25717.0,20240814
419050,2300,2340,2220,2220,1412097,3198457400,-4.1,126975652800,130684400.0,,20240814
014970,3945,3945,3895,3895,5641,22039080,-1.27,58911875000,-658555.0,-1783295.0,20240814
018310,20900,20900,20000,20000,20969,423175570,-2.68,294000000000,-103180350.0,2302900.0,20240814
053700,4535,5200,4465,4665,3871870,19083335855,5.42,106722091350,-296364670.0,-1022870.0,20240814
009620,438,448,435,441,402901,176823816,0.92,32539582782,3254229.0,-510226.0,20240814
023600,9380,9450,9290,9370,13246,123943340,0.54,151512900000,12801420.0,,20240814
425290,2400,2400,2340,2370,19984,47099880,-0.84,13082400000,1097195.0,0.0,20240814
439250,10130,10160,10130,10160,5141,52177110,0.2,35580320000,416520.0,,20240814
448740,9960,9970,9950,9960,5136,51161120,0.0,46453440000,-348470.0,2731780.0,20240814
468510,2035,2040,2030,2035,4239,8609965,0.0,22486750000,-119825.0,3225695.0,20240814
009300,30350,30950,28250,29100,105299,3070108600,-3.96,185367000000,35301800.0,994200.0,20240814
361670,6500,6680,6190,6610,28386,184858230,5.93,37463219380,23996720.0,,20240814
054540,5280,5370,5150,5340,390256,2048407470,0.19,69420000000,22469970.0,124634110.0,20240814
065570,1623,2150,1622,1843,6406769,13059617435,11.29,24623606073,-5943566.0,40235.0,20240814
032280,1686,1686,1674,1684,5041,8474050,0.24,27303685560,-481455.0,,20240814
002290,3010,3070,3010,3040,11396,34603860,0.16,37696000000,3390860.0,580.0,20240814
037460,8220,8530,8220,8530,58154,489147240,4.02,139196992660,44438900.0,17360.0,20240814
032750,4150,4230,4140,4230,16222,67843105,0.83,38201646060,2210545.0,,20240814
054090,1171,1197,1171,1194,49541,58756072,1.96,29801323008,14113022.0,,20240814
000250,154000,156000,150000,151300,382959,58430786600,-0.26,3549115513600,7298836200.0,497367200.0,20240814
024950,4445,4550,4445,4540,20406,91782465,2.14,60262039580,36106975.0,-4126695.0,20240814
038500,3180,3185,3130,3185,913209,2937836735,1.43,343713434610,-80532605.0,1174335.0,20240814
437730,22900,24300,22400,22450,164808,3853775100,2.28,237278293050,166810400.0,-46216800.0,20240814
017480,4650,4700,4650,4700,4849,22696645,1.08,73803583000,-163600.0,-5.0,20240814
046390,1501,1520,1494,1512,105106,158079346,0.8,65277474696,18167964.0,-1507.0,20240814
027580,1383,1427,1377,1398,345394,486720349,1.75,82735428042,112927243.0,878850.0,20240814
038540,2470,2470,2410,2430,9643,23334485,-0.21,134447800590,-2987750.0,-6290285.0,20240814
415580,2085,2100,2085,2100,20160,42191435,0.72,11151000000,-8375.0,1058705.0,20240814
452670,2025,2025,2015,2025,5711,11536050,0.0,10570500000,-114930.0,4052495.0,20240814
091580,12030,12220,12000,12030,44781,541764370,0.84,161541474570,108868120.0,108320.0,20240814
263810,3190,3335,3190,3335,55362,181382060,4.55,47506134530,43179160.0,,20240814
089980,21500,21750,21300,21700,28036,604419550,0.93,346962102900,-53183300.0,4325350.0,20240814
042940,3050,3055,2930,2965,175475,520966620,-2.79,35418241460,-4645.0,,20240814
042600,12410,13190,12410,13150,24462,314690000,7.0,163369998100,68022190.0,-16122110.0,20240814
107600,26300,28500,26100,27200,69206,1897627400,6.04,134274024000,209066950.0,-110150.0,20240814
411080,6340,6430,6270,6380,77382,491968930,1.43,97286310440,151830120.0,,20240814
252990,6950,7030,6780,6830,608448,4199936290,1.34,398790470290,-10062200.0,76319280.0,20240814
378800,2290,2300,2165,2195,1177739,2612637945,-1.57,66163953045,-37856890.0,-55062760.0,20240814
294630,3860,3900,3825,3865,119261,460683985,1.05,90976144035,128775810.0,,20240814
038070,8520,8730,8470,8700,40725,350872500,2.35,77435881200,57947300.0,17237400.0,20240814
006730,6170,6350,6150,6320,83294,520294900,3.27,419818153360,94702980.0,-11363460.0,20240814
079650,1155,1180,1155,1164,12076,14052465,0.0,23280000000,100226.0,632586.0,20240814
100660,4260,4265,4170,4240,52138,219999825,1.68,53424000000,50575365.0,-55.0,20240814
019770,4150,4160,4050,4105,25467,104095060,-1.08,47823250000,-8540890.0,5.0,20240814
043710,609,640,609,640,42725,26881262,5.09,32127283200,-343372.0,,20240814
092190,4340,4520,4265,4395,170927,754461045,3.78,201591543285,131227590.0,-1115.0,20240814
046890,9730,10160,9710,9970,907858,9069788380,3.64,581304838000,2358524430.0,396909480.0,20240814
063170,6920,7020,6870,7010,56510,393498800,2.49,124597611670,97935860.0,643990.0,20240814
027040,295,299,294,297,30118,8902385,0.68,20667887559,-126504.0,,20240814
018680,4965,6130,4880,5610,7634588,42409826875,16.88,65408779590,-295830670.0,0.0,20240814
093920,5680,5800,5600,5710,89581,510348570,0.18,106206000000,-1320210.0,-1634500.0,20240814
189860,5280,5380,5200,5220,55443,292673100,-0.19,50627631600,106178840.0,-20.0,20240814
178320,27600,28100,26200,27450,1020758,27787462550,2.62,1537208097750,-1025868100.0,1572639000.0,20240814
122690,2620,2730,2620,2660,163590,439352165,0.57,58106130600,57118480.0,,20240814
140070,2820,2875,2810,2855,69357,201358970,2.33,105600740000,41421065.0,,20240814
011370,804,825,800,813,61465,49665471,0.87,82027525245,-778533.0,,20240814
065710,19440,19510,19430,19500,7015,136559720,0.31,100425000000,4141100.0,1977830.0,20240814
035890,1308,1352,1308,1342,408782,542229896,2.29,308402949294,8216919.0,104208759.0,20240814
357550,46000,47400,45500,46700,7466,347228450,1.52,254748500000,86768600.0,47178950.0,20240814
003100,16540,16540,16300,16470,4153,68145490,-0.42,108702000000,-2265790.0,,20240814
067370,7650,7770,7590,7760,10607,81367210,1.97,95553186800,3559890.0,,20240814
171090,41200,43200,40950,42600,75822,3207216900,5.97,404461653000,108574400.0,-13606450.0,20240814
086710,11980,12800,11630,11840,326774,3937196920,-1.0,144486835200,171969210.0,-276968030.0,20240814
014620,15010,15380,14730,15050,569483,8531109750,1.48,430430000000,-389900230.0,-530550110.0,20240814
037350,3940,5120,3940,5120,2516790,12058099400,29.95,79206400000,-355331415.0,54232205.0,20240814
081580,3700,3740,3590,3660,99882,365290000,0.0,56759803380,-89290150.0,-11030.0,20240814
045300,2920,2985,2920,2960,8710,25669260,1.37,30048685680,-154965.0,0.0,20240814
015750,7390,7970,7300,7390,2631139,20101220630,0.54,591200000000,-21575560.0,-290969870.0,20240814
365340,55400,56500,55300,56400,24457,1371699100,2.55,684419470800,528993700.0,-87487500.0,20240814
080470,3675,3770,3655,3695,2406,8938445,-0.4,26973500000,196870.0,,20240814
043260,1577,1626,1550,1613,608356,985525537,4.74,92937106537,116790476.0,0.0,20240814
148150,6900,7110,6800,7000,340247,2367935210,3.55,251023003000,-350036970.0,-612720.0,20240814
188260,2855,2910,2830,2850,2539,7274410,-0.18,20399473500,-558405.0,-695495.0,20240814
053060,1222,1224,1155,1155,136621,162888290,-5.48,20394318945,8224193.0,-88504.0,20240814
340440,1374,1418,1372,1386,41385,57535113,0.87,39332412504,4043093.0,,20240814
017510,6000,6240,5870,5960,747164,4545223800,1.71,90866160000,366208840.0,2550.0,20240814
011560,10580,10670,10250,10300,106244,1104281830,-2.0,108459000000,289655220.0,-465460.0,20240814
396300,2780,2855,2780,2830,44626,125917190,1.8,74965285000,19491470.0,-434445.0,20240814
100700,2700,2715,2690,2715,25625,69244290,0.56,118917000000,8234615.0,,20240814
024830,6520,6520,6300,6310,1555,9832450,0.0,52688500000,-25410.0,-13580.0,20240814
258830,0,0,0,412,0,0,0.0,22983976612,,,20240814
036630,539,549,534,549,150143,81304422,2.43,109800000000,19329667.0,,20240814
039310,1727,1739,1702,1711,17560,29972105,-1.95,31006172237,129639.0,,20240814
067770,2545,2680,2545,2545,20631,52958285,0.0,21369329185,-352970.0,1278150.0,20240814
053450,5580,5870,5570,5820,81882,471593330,5.43,86094113460,106260490.0,,20240814
222810,0,0,0,1080,0,0,0.0,81712098000,,,20240814
252500,934,950,928,932,540360,536599586,0.76,38665315480,36786048.0,0.0,20240814
321370,2930,3800,2905,3070,5014517,17094263830,4.96,80875297150,-266605505.0,-663999380.0,20240814
347000,2365,2445,2365,2410,53634,129616695,1.9,79541992160,27314315.0,,20240814
331920,8290,8780,7050,8780,10801557,86093567590,29.88,71681219440,-10005610.0,0.0,20240814
049180,1722,1890,1722,1795,1081998,1949264149,6.28,88375826980,185573449.0,1110114.0,20240814
299660,11000,13320,10620,13320,14031319,172581291410,29.95,181191653640,-91199090.0,-850.0,20240814
268600,0,0,0,6680,0,0,0.0,248090837960,,,20240814
108860,15320,15340,14540,15000,815929,12154071130,0.74,403721850000,-806908530.0,333315340.0,20240814
208370,5800,5850,5320,5500,1669827,9420068940,-4.51,141573102000,19272650.0,,20240814
318160,3200,3250,3155,3250,18690,59600330,2.52,30097928250,6462225.0,0.0,20240814
068760,78200,78700,76200,77100,255279,19702888900,-0.64,3207101946300,1567120000.0,-310931200.0,20240814
068940,0,0,0,778,0,0,0.0,29766744466,,,20240814
060230,981,1145,964,1047,5760824,5963378557,-3.68,42257913603,723067447.0,-4225879.0,20240814
290690,0,0,0,11290,0,0,0.0,514421398600,,,20240814
950200,4650,4850,4600,4750,38755,182869045,2.59,91371251750,10993925.0,,20240814
032680,523,535,518,529,464034,244350743,2.12,55857514156,125684222.0,,20240814
032685,7550,7800,7550,7730,480,3692330,3.62,2760707660,23220.0,,20240814
258790,1065,1069,1040,1049,84816,88983557,-0.57,26215856916,5449661.0,,20240814
066910,1700,1747,1672,1744,160780,274282281,2.59,58919747696,60827994.0,90141.0,20240814
043100,369,375,340,366,937844,338876714,-1.88,29191870128,96041334.0,,20240814
035610,3805,4010,3800,3975,41886,163944970,5.3,108700338075,20797125.0,,20240814
357780,247000,250500,245500,249500,10607,2633183500,2.67,1940752217000,213277000.0,282785500.0,20240814
036830,51300,55300,50800,52600,195929,10454967700,4.57,1102709345600,-159663100.0,-160621100.0,20240814
304100,14250,14380,14110,14320,56063,799880670,3.24,173709733760,203904020.0,-3908070.0,20240814
328380,1024,1040,1023,1034,66229,68207804,1.27,35427712452,23243167.0,,20240814
086980,3760,3800,3730,3790,222704,839755790,0.8,237398020000,193773325.0,953885.0,20240814
050960,10330,10370,10330,10350,5437,56208810,0.19,69872850000,-8403620.0,,20240814
084180,519,529,519,525,18259,9529972,1.16,61671998325,2160554.0,,20240814
253840,9110,9680,8660,8970,2905035,26714731260,0.56,150186504000,594954020.0,-370.0,20240814
298830,4375,4400,4305,4375,234894,1021395765,2.7,230208391875,51290925.0,35000.0,20240814
236200,27200,27250,26900,27100,41527,1124135800,0.93,194937698300,108947300.0,-20435850.0,20240814
094840,6400,6400,6260,6380,5914,37473200,2.08,66810339200,12144740.0,108310.0,20240814
192440,25450,25500,25250,25400,3652,92574700,0.4,157895620200,2927200.0,-656800.0,20240814
424960,7210,7390,7160,7290,37110,269124460,1.39,113500488600,58929130.0,,20240814
099440,3240,3285,3160,3185,367520,1176395920,-1.55,128175209890,-74596865.0,-156065.0,20240814
033790,12270,12500,11230,11510,602996,7158414100,-5.03,262690428000,434129080.0,93060400.0,20240814
276040,3510,3550,3460,3505,25219,88005900,0.14,44003431370,5743215.0,,20240814
159910,958,975,914,928,299730,280604289,-2.73,32865188672,33062322.0,0.0,20240814
060240,1150,1156,1139,1151,20646,23749881,1.68,35837907773,-541463.0,,20240814
115570,2510,2565,2430,2565,31394,78089730,2.19,20480263020,6595805.0,0.0,20240814
330730,3775,3800,3690,3755,16979,63515655,0.27,68156366650,-5150555.0,7540.0,20240814
352090,7380,7510,7300,7390,20265,149326570,-0.14,99295727610,27084330.0,10100.0,20240814
253450,34950,34950,34200,34300,74793,2574432950,-0.58,1031006481400,669271200.0,-1044828950.0,20240814
408900,2700,2795,2665,2765,91737,250579640,2.6,90432460510,48491305.0,-706250.0,20240814
204630,0,0,0,4650,0,0,0.0,19045962900,,,20240814
415380,9000,9460,8970,9270,45825,422645600,4.16,39170366460,32515320.0,7871730.0,20240814
013810,4480,4775,4290,4595,3211907,14724716605,-4.87,67341884650,256725720.0,-5.0,20240814
203690,5330,5780,4900,5500,117042,609851335,3.19,70385969500,53674730.0,-35030.0,20240814
049830,7120,7270,7120,7240,3626,26111510,2.12,44396490880,-71870.0,-20.0,20240814
020710,4255,4285,4250,4275,25439,108476845,0.59,85705071750,50303920.0,-3538565.0,20240814
033170,1119,1127,1103,1109,379663,422848180,1.09,95072705771,41573206.0,,20240814
048870,2795,2965,2680,2850,2428512,6944655475,3.45,235718780400,250826235.0,-34350.0,20240814
025320,9420,9780,9210,9240,1887371,17804403610,-0.11,774477728640,818476460.0,-66064500.0,20240814
269620,0,0,0,889,0,0,0.0,132090012299,,,20240814
429270,8600,8790,8500,8680,18464,159659230,1.52,39114250000,33829580.0,,20240814
418250,0,0,0,6550,0,0,0.0,52279100100,,,20240814
131090,837,850,836,849,42040,35485394,0.47,37356000000,588288.0,13595374.0,20240814
232830,1922,1990,1922,1979,28501,56136286,2.01,23169087088,5754134.0,,20240814
290520,2605,3300,2405,2940,4475239,13627749535,15.75,46832324280,-8706365.0,0.0,20240814
001000,1160,1160,1128,1140,24293,27665711,-0.61,27676395600,682712.0,,20240814
025870,6180,6270,6180,6270,5839,36315080,1.46,25080000000,1688850.0,,20240814
215600,3100,3255,3090,3225,1134281,3601529845,4.54,443008978125,636618910.0,-15959755.0,20240814
065350,48900,49750,48400,49000,187457,9194354700,2.51,1346713452000,684570200.0,62204350.0,20240814
416180,31000,31450,30400,30850,85503,2635062150,1.65,278877151300,-240303400.0,-6235950.0,20240814
162300,2605,2810,2590,2625,281451,749701915,1.35,108862377750,15265655.0,,20240814
290560,6190,6250,6090,6200,3706,22871290,2.65,24043426400,1619920.0,,20240814
002800,6460,6680,6420,6620,468021,3071345460,3.6,100428710000,269865230.0,,20240814
472220,2180,2185,2175,2180,11882,25899730,0.23,10224200000,,7281200.0,20240814
430220,2270,2300,2255,2300,12054,27473215,1.1,15548000000,-50.0,22750.0,20240814
445970,2245,2270,2235,2260,3801,8554105,0.44,12113600000,-17960.0,7629730.0,20240814
017000,3505,3615,3505,3595,283843,1013338945,3.01,41946557065,3071390.0,7797585.0,20240814
012790,8080,8200,7940,8120,120428,972591130,1.75,97329689800,32165680.0,0.0,20240814
138070,3070,3150,2950,2990,3383423,10298907280,-2.76,52334579960,339880755.0,11607190.0,20240814
226330,6700,6860,6680,6800,29411,198389860,1.49,103757630000,27967680.0,-237650.0,20240814
418210,2425,2445,2355,2365,5170,12243175,-2.47,8655900000,-531235.0,-7074110.0,20240814
452980,1954,1959,1947,1950,113913,222196570,-0.2,36864750000,-33218.0,-132231159.0,20240814
474660,2155,2170,2150,2165,23865,51664495,0.46,11950800000,-73610.0,18572115.0,20240814
474930,2205,2300,2205,2220,1978,4379890,-0.67,8036400000,-55965.0,,20240814
056700,1796,1854,1796,1843,54525,99440679,2.45,53695972713,33299420.0,,20240814
187270,3830,3845,3785,3795,36847,140229915,-0.78,38495891775,-15649630.0,-22780.0,20240814
243840,8320,8610,8240,8240,718068,6019698010,-3.29,320692848400,-631757220.0,161771480.0,20240814
257720,44900,45450,39500,40400,4411035,185991403900,-4.83,2459278653600,-3512007300.0,-2736400000.0,20240814
222800,22850,23050,22550,22750,239379,5457471350,2.25,724681753250,868760550.0,-749720150.0,20240814
036710,1978,2005,1950,1997,48787,96744892,2.41,96555239565,65090407.0,,20240814
160980,13190,13480,12950,13200,155777,2061976730,3.04,144200007600,218862530.0,22080030.0,20240814
356890,3035,3050,2995,3005,13747,41444550,1.18,35808556625,6477150.0,5995640.0,20240814
217330,8250,8470,8100,8420,16544,136846790,2.56,188802518840,-34261660.0,33810.0,20240814
010280,610,624,606,606,46948,28707914,-0.49,39465014316,2011.0,,20240814
208640,307,314,302,304,269542,82412928,-0.98,42329037216,16419453.0,1298318.0,20240814
222420,812,828,811,820,49998,40837143,1.11,37277389420,-2247623.0,,20240814
037760,1512,1519,1497,1516,4467,6742819,0.26,51290708236,-43960.0,,20240814
099320,39850,40500,39600,39750,29751,1187161500,0.63,435313300500,-103510950.0,37028050.0,20240814
049960,13270,13620,13210,13550,31396,418779540,2.26,127370000000,166559250.0,6760340.0,20240814
088280,2395,2475,2395,2435,26579,64598225,1.67,42141303150,20214770.0,328480.0,20240814
050890,4815,4860,4765,4810,244677,1176090930,1.26,294476088400,56130780.0,-466130.0,20240814
109670,11010,11390,10810,11290,56919,637688580,4.15,65895236580,127695970.0,-26204720.0,20240814
066790,2615,2660,2455,2480,3932661,9884914360,-4.25,161577056720,513312055.0,-309327050.0,20240814
222080,10550,11100,10510,10690,4028498,43354326470,1.14,766786505630,2215545910.0,95303830.0,20240814
352480,103000,104900,99200,102200,121937,12451293000,-0.1,1023424770200,2518445500.0,-1281860500.0,20240814
264660,13040,13670,13030,13530,94496,1266346370,5.7,130265432880,421104420.0,-104720.0,20240814
352700,3040,3195,3030,3115,221286,688962175,2.47,84967540385,-10522425.0,-11994570.0,20240814
458870,10280,11120,10000,10750,253544,2711286250,4.57,132159210000,-96673020.0,32752860.0,20240814
297090,6530,6800,6320,6590,860839,5612583450,5.95,179709300000,42961210.0,-5934460.0,20240814
900120,89,90,87,89,540832,47753133,0.0,25652662774,-932167.0,-7307143.0,20240814
359090,1152,1207,1148,1193,324451,381612530,4.47,67345912963,19268561.0,,20240814
115530,498,515,489,505,221747,111271617,3.48,34321315000,-3699797.0,28805.0,20240814
115480,723,734,712,719,90950,65280748,-1.51,34673457202,5494011.0,,20240814
340810,4055,4055,3920,3955,10597,42077400,-0.63,41914548165,15285810.0,-19864750.0,20240814
376290,3420,3495,3400,3410,20882,71437235,-0.58,60212075000,10431210.0,-7569200.0,20240814
189330,7200,7450,7050,7130,10893,77871360,2.44,43437984920,2954090.0,-14170.0,20240814
096530,27500,28400,26500,27150,2551578,70151553750,0.37,1417935737100,-2432661550.0,-251879800.0,20240814
101240,5430,5770,5430,5610,279245,1573715390,3.51,58012712670,423621010.0,33597890.0,20240814
060590,7530,7660,7450,7450,115522,871253030,-0.8,180148599000,68203930.0,,20240814
260930,6300,6680,6290,6580,112626,730528610,4.44,127267668780,122699940.0,6462650.0,20240814
052300,403,403,389,391,470333,185111252,-2.49,51866709130,47057.0,3028819.0,20240814
413630,2925,2980,2875,2940,80040,233061585,1.03,113788069500,-23840805.0,3296870.0,20240814
013990,4110,4160,4075,4110,97477,401514540,0.86,135167772960,107975595.0,107215.0,20240814
123860,20300,22900,20150,21000,361513,7629045050,7.69,254591715000,-629342900.0,19869550.0,20240814
025980,5150,5190,5120,5160,225513,1159892790,0.58,457328106480,109791190.0,-33354640.0,20240814
125210,8370,9900,8200,8570,3096414,28446009740,3.13,141377490300,248895900.0,40.0,20240814
357580,8090,8200,8010,8100,12390,100433510,0.37,90884138400,18170010.0,,20240814
052710,5130,5370,5120,5340,23568,123350840,4.09,78044682060,32921330.0,,20240814
074430,1290,1301,1275,1297,137040,176032170,1.73,113911416668,31639682.0,-7669065.0,20240814
092040,5180,5240,5090,5140,155963,802417140,-0.58,282794303580,-64958400.0,3662920.0,20240814
083930,15230,16100,14850,14900,211628,3265772430,-1.46,222200690200,-358178110.0,4253530.0,20240814
149950,10940,10970,10760,10810,60407,653126750,0.09,168717075000,215680410.0,,20240814
036010,6400,6470,6350,6350,47262,303016270,2.42,84410130900,103092910.0,110.0,20240814
050860,2180,2185,2160,2185,18944,41194565,1.16,49162500000,4670340.0,0.0,20240814
136410,6840,7010,6840,6890,8673,59849220,1.03,75921640340,-13924930.0,1028840.0,20240814
246720,5170,5170,5050,5100,9251,46999530,-0.39,68188530000,1698730.0,,20240814
067390,598,616,598,603,282937,172178406,0.17,198291428118,26179429.0,,20240814
159010,8380,8420,8250,8340,17319,144115840,0.6,111211723260,54164440.0,-802910.0,20240814
127710,1180,1219,1160,1219,37929,45239472,3.31,42548075958,-402892.0,,20240814
154030,2565,2600,2430,2460,66578,164129040,-5.02,27357263940,-3712630.0,,20240814
227610,1733,1754,1706,1706,84142,145504488,0.71,60007174964,61372428.0,-5249580.0,20240814
143160,16440,16590,16370,16440,23612,386349750,0.0,176177451600,-17007780.0,932520.0,20240814
054800,9660,9660,9560,9620,1037,9977520,-0.1,99545412720,-183150.0,-153380.0,20240814
332370,3475,3475,3425,3455,14826,51147180,0.73,45860723330,-1089585.0,-4609070.0,20240814
339950,1816,1840,1783,1809,385906,698887050,-0.17,81308498895,-21755064.0,,20240814
460470,10110,10880,9710,9710,2696764,27641572430,-3.29,145316170200,5140630.0,,20240814
099190,17310,17460,17100,17210,60699,1046314930,0.12,475637468330,171996050.0,-38429690.0,20240814
289010,2820,3000,2810,2875,56320,163206920,2.13,36984106375,-4497635.0,-2830.0,20240814
214430,31950,32250,31200,31550,36028,1138701350,0.32,224218278000,-100611750.0,95890600.0,20240814
040910,6370,6690,6360,6650,31402,203493570,5.56,123518928750,68002210.0,-28140.0,20240814
368600,4210,4350,4115,4300,78039,328701250,2.75,75414887800,45975675.0,,20240814
456010,6950,7200,6850,6870,176870,1238233920,-0.72,90769847520,324187380.0,-309223450.0,20240814
052860,2420,2980,2365,2510,12706843,34844782935,-1.38,44835763540,17942105.0,-227973015.0,20240814
069920,2265,2265,2180,2200,35537,78771025,-1.12,77427055200,-7843240.0,,20240814
038880,288,310,274,277,12853994,3727697732,0.0,87347712454,-14820438.0,-1959448.0,20240814
307180,3285,3285,3100,3155,130493,413519445,1.77,84243857190,-21121750.0,147325.0,20240814
101390,5700,6580,5300,5850,2115992,12700550950,6.95,59528342250,-417260300.0,,20240814
461030,19450,20450,18530,18960,2290909,44343356510,-3.71,265776540000,-948802160.0,-421517470.0,20240814
451220,11520,11770,11190,11260,152099,1746128400,-0.62,88668119860,83337070.0,-115858350.0,20240814
078860,8700,9040,8010,9020,203885,1737258940,1.69,82842223640,30106810.0,-16163270.0,20240814
090150,1011,1022,1001,1016,32019,32401997,0.79,42545297688,-1379289.0,,20240814
123010,816,836,815,824,47202,38717471,0.98,26910638608,3507365.0,,20240814
031310,2040,2080,2020,2055,63721,130698955,1.73,46943096580,58536795.0,,20240814
185490,3580,4330,3530,4095,1973213,7997970255,14.71,110686965480,252477655.0,1677420.0,20240814
059100,4555,4695,4555,4665,16399,76135450,2.41,32985561900,1630940.0,,20240814
262840,2195,2250,2170,2225,30186,66699700,1.83,42920250000,803995.0,-431460.0,20240814
175250,2625,2740,2500,2540,370530,960395215,-0.59,95398254720,131040455.0,,20240814
052460,2505,2510,2460,2475,134567,334086230,0.0,36154641600,95333360.0,,20240814
119830,6660,6740,6510,6600,75446,500714990,0.46,141466360200,66895190.0,6660670.0,20240814
052770,1254,1505,1231,1485,1569866,2102954077,1.92,72271157310,236383573.0,74843359.0,20240814
124500,4320,4445,4270,4430,150773,661143140,3.26,102796054610,149182860.0,,20240814
372800,6350,6380,5860,6340,24117,147057830,0.63,38211116600,-18600850.0,,20240814
084850,18600,19570,18040,19000,83813,1566669290,2.43,430975746000,-181368430.0,-26272920.0,20240814
114840,26200,26350,25100,25200,416156,10614200400,-2.33,433488988800,-589259150.0,257936950.0,20240814
027360,2350,2360,2240,2250,305150,693152910,-2.17,272127163500,-1456890.0,40350.0,20240814
032080,1244,1250,1237,1244,5866,7285721,0.0,26734840076,-68160.0,,20240814
013310,3060,3175,3060,3150,200149,624769175,3.45,122240733300,67082895.0,-6300.0,20240814
059120,8650,9050,8530,9050,202012,1812496740,6.22,88224793800,-186142870.0,-1212610.0,20240814
158430,3575,3655,3575,3585,59651,214622730,0.28,81029869290,4147955.0,-66760.0,20240814
321820,10500,11000,10500,10710,28252,305462410,2.0,143154786600,25441010.0,,20240814
001540,7620,7620,7440,7520,42951,321195970,-0.13,98078998400,48958270.0,34130.0,20240814
053800,54800,55400,54400,55400,16799,924384900,1.47,554767567000,148612900.0,-58269200.0,20240814
065660,14530,14830,14500,14570,5770,84455770,0.48,141786104610,-35530670.0,,20240814
297570,994,1018,990,1005,28283,28281879,1.52,34794324090,3515680.0,-7059002.0,20240814
260660,5360,5390,5130,5150,422496,2220454510,-4.45,78934158150,76481330.0,9776180.0,20240814
354320,26450,27350,26450,26900,13560,364643350,2.28,171928148900,90851750.0,-1048150.0,20240814
361570,2625,2700,2600,2600,26631,70516955,-2.07,74451756600,3244440.0,5.0,20240814
131370,3195,3435,3185,3350,481019,1596431255,4.85,178444728050,9176920.0,10664270.0,20240814
140670,12710,12970,12610,12620,98643,1259702690,0.88,117405626800,22933250.0,-1162000.0,20240814
096610,0,0,0,2965,0,0,0.0,51550708615,,,20240814
061040,3245,3340,3245,3340,41279,136152440,1.98,107178125060,7317870.0,13350.0,20240814
148250,4070,4265,4040,4240,8509,35518085,3.79,31338628640,-1889595.0,21003940.0,20240814
347860,2955,3055,2785,2810,238345,694099035,-2.77,61875267080,-70387675.0,-351795.0,20240814
196170,295500,297500,290000,292500,430710,126128333500,0.0,15545944440000,-1593299000.0,-1927224500.0,20240814
123750,1543,1555,1535,1543,37599,58029926,0.0,19667536271,-2765072.0,,20240814
085810,1150,1220,939,958,18186790,19876165859,-8.5,28438966702,-31550417.0,,20240814
117670,0,0,0,945,0,0,0.0,37743429465,,,20240814
314140,7170,7170,6940,7100,5918,41497520,-0.56,61531163100,2799360.0,,20240814
291650,3470,3525,3330,3410,418820,1426757975,1.19,57902659320,-30391800.0,,20240814
293780,9400,9420,9000,9200,205633,1895267800,0.99,205149567200,-203651670.0,18560.0,20240814
196300,11600,11660,11500,11630,5921,68628960,0.26,69819390810,-17309280.0,2290220.0,20240814
310200,2835,3470,2835,3165,7982235,26024034745,11.84,144073898535,1210938225.0,-329663800.0,20240814
299910,0,0,0,6880,0,0,0.0,32483121920,,,20240814
179530,3195,3285,3135,3230,25643,82043215,0.31,29523634120,-25165595.0,-12855.0,20240814
900100,1985,2025,1963,1985,194383,385018828,0.05,83762829515,-13944602.0,,20240814
205500,1448,1448,1369,1401,75155,104968773,-2.37,72751296120,836059.0,,20240814
052790,7660,7870,7630,7850,10342,80345140,3.02,88945508300,19634040.0,7850.0,20240814
290740,6530,6630,6430,6610,23212,151247660,-0.9,66529722710,-5352280.0,0.0,20240814
238090,4240,4330,4130,4220,38029,161406960,0.6,99344298660,4864180.0,,20240814
092600,1146,1165,1145,1154,24956,28736934,0.79,28946378618,3594271.0,,20240814
129890,1128,1159,1114,1139,101795,115275832,1.42,57682843990,25513076.0,7.0,20240814
174900,15170,17680,15100,17450,1877620,31343725170,18.63,300457275900,963636940.0,-557503620.0,20240814
255440,7600,7800,7550,7730,23590,181890010,1.71,100938340000,55150120.0,0.0,20240814
030960,10990,11020,10640,10640,148853,1602556420,-4.4,170027200000,-290262610.0,,20240814
102120,13770,13770,13080,13160,372622,4989380710,-1.2,233994709480,-523214330.0,4250300.0,20240814
263540,0,0,0,5950,0,0,0.0,85049841450,,,20240814
238120,3465,3580,3400,3490,196901,687501405,0.87,50182347040,50453940.0,-224160.0,20240814
019990,6390,6390,6100,6180,37091,229360320,0.32,60292623840,47582160.0,24850.0,20240814
270660,17600,19900,17300,17880,731434,13734190740,3.35,218696394960,-429081920.0,-2955610.0,20240814
038680,4260,4275,4225,4270,10622,45137065,0.95,83477120790,5204420.0,10.0,20240814
217480,0,0,0,499,0,0,0.0,54756837359,,,20240814
121890,1660,1696,1658,1660,21486,35721301,0.06,22063800360,1822278.0,,20240814
304360,32500,32600,31150,31500,149868,4736529950,-0.79,361445994000,-278884150.0,,20240814
389500,13850,17450,13850,15110,444106,7124379190,10.21,93302799440,-634233040.0,-153703120.0,20240814
042110,1410,1450,1398,1446,228016,325232817,2.55,69884549544,68749862.0,28569035.0,20240814
298060,2520,2545,2395,2400,143198,351366930,-3.81,49121395200,-16769825.0,-166075.0,20240814
065420,267,282,262,273,2393277,648916733,1.49,19540602627,32947854.0,,20240814
103230,4270,4330,4100,4185,29229,122226285,-1.99,30132000000,-11381760.0,0.0,20240814
260970,40250,41900,37450,39350,180049,7152948850,-1.5,113829869900,-156765050.0,-298707800.0,20240814
101490,27650,28050,27550,27800,79239,2202010800,2.77,596350226600,444863350.0,-110772500.0,20240814
095910,1730,1791,1726,1764,131230,231250084,2.56,34405943292,19524078.0,,20240814
275630,3330,3375,3305,3305,4934,16437980,-0.15,19889453645,-2143415.0,,20240814
031330,3470,3600,3470,3490,470831,1666587145,0.72,348982783830,275481405.0,289662405.0,20240814
060540,1756,1824,1756,1824,66757,118523139,3.99,47667150144,47595271.0,,20240814
351320,1518,1549,1518,1535,11220,17158489,1.12,33794385010,4759185.0,0.0,20240814
056190,25250,25300,24400,24600,85408,2107496800,-1.4,883355496000,-287513050.0,15140500.0,20240814
080000,2035,2140,2035,2135,163966,343898260,3.89,73279327450,51769760.0,,20240814
214310,0,0,0,306,0,0,0.0,22516276518,,,20240814
246250,4555,4780,4195,4250,1711842,7601960880,-2.52,65229875500,-51636805.0,57031380.0,20240814
041510,67100,67100,64500,64900,262695,17120373100,-2.84,1530959977800,-1717475900.0,-4938620100.0,20240814
007820,4510,4595,4420,4530,57427,259789730,2.72,90753775380,57214165.0,-369845.0,20240814
464080,5850,5990,5610,5620,288626,1664172840,-3.1,98513766800,245096470.0,-13419630.0,20240814
109610,4085,4150,4080,4120,458231,1886588290,1.6,201498488000,402001800.0,,20240814
365330,3680,3890,3635,3655,1966232,7411271580,0.97,111879550000,276891060.0,-6895.0,20240814
031860,1145,1150,1129,1137,58004,65949279,0.71,17084966772,-916607.0,,20240814
306040,6510,6510,6340,6500,14961,96262600,-0.15,64127882000,-9037360.0,27442730.0,20240814
457940,2165,2195,2165,2190,487,1058710,0.23,7248900000,0.0,0.0,20240814
472230,2115,2120,2110,2120,865,1831660,0.24,8808600000,0.0,351090.0,20240814
473000,2130,2150,2125,2150,3194,6850265,0.47,7116500000,,6747455.0,20240814
473950,2075,2090,2075,2075,54476,113449410,-0.24,9171500000,-3053440.0,55279055.0,20240814
435870,2155,2160,2155,2160,4265,9210375,0.47,8035200000,-461170.0,8853975.0,20240814
455910,2170,2175,2155,2175,3584,7777290,1.4,10918500000,188245.0,7304220.0,20240814
096630,1148,1176,1143,1167,297605,346238037,2.37,92253923235,72235772.0,-177021.0,20240814
069510,9580,10880,9580,10490,56314,586548570,9.5,114445900000,-12693090.0,36612180.0,20240814
234300,3735,3735,3660,3660,83999,309578225,-0.27,100768005720,15423410.0,0.0,20240814
039440,24150,25700,23950,25200,674602,16882384000,7.69,398916000000,-1554386950.0,4887801750.0,20240814
098660,2270,2270,2130,2130,23203,50478585,-3.4,26627078880,-1053170.0,-2150.0,20240814
052020,5940,6100,5660,6060,249599,1461388480,1.68,282967148940,-269916960.0,-650400.0,20240814
237690,89400,90000,88200,89200,69835,6203307100,0.0,1755613527200,-861843600.0,37477600.0,20240814
050760,1504,1515,1504,1511,3190,4808885,0.4,24681698458,649995.0,-11820.0,20240814
288620,12780,13900,12680,13020,48772,642902530,2.76,90870694320,97268160.0,-25910.0,20240814
443670,8460,8480,8140,8340,189681,1567299020,3.09,188083713360,251983400.0,-382600.0,20240814
317830,6400,6510,6250,6400,33799,216255290,1.43,68952435200,30494820.0,31640.0,20240814
058610,21400,21850,20950,21500,151669,3245013150,2.38,476813240000,294914000.0,-12600500.0,20240814
043340,527,527,496,505,39291,20110597,-0.98,47975000000,-824476.0,,20240814
187660,3035,3120,3015,3110,100973,310233815,2.3,67910737500,49324115.0,,20240814
054630,0,0,0,158,0,0,0.0,12594094838,,,20240814
200710,20850,21100,20200,20250,238314,4891140900,-0.74,272176645500,-508748400.0,-1333550.0,20240814
096690,1500,1529,1430,1505,32812,49063291,0.47,50383169445,-2324268.0,3455857.0,20240814
298380,30000,30750,29450,29750,701383,21074911250,0.17,1429421722750,55330500.0,146636250.0,20240814
203400,8290,8390,8160,8260,51842,429296820,0.61,208356616720,-59903610.0,,20240814
195990,475,483,472,474,330048,157068814,0.0,134942927754,-15265912.0,-13535.0,20240814
003800,26050,26550,26050,26250,1133,29934250,0.77,291112500000,-7524550.0,0.0,20240814
088800,850,881,843,843,129679,111090528,-0.71,58947679539,6601675.0,11021.0,20240814
241840,7230,7480,7230,7390,8460,62072100,2.21,70500555660,8982560.0,-20058130.0,20240814
453860,27950,28500,27450,27850,30959,863487750,0.54,157553437750,142238400.0,-5150.0,20240814
312610,1881,1912,1878,1898,14142,26857423,0.9,38447573424,-741051.0,,20240814
172670,10380,10570,10350,10480,46792,489690170,2.75,93903514320,66851890.0,2033560.0,20240814
445090,30350,31200,30250,30850,190250,5841067750,4.58,329428763400,708823600.0,241456050.0,20240814
295310,13070,13210,12590,12680,513079,6586021960,-4.45,150916485080,110101970.0,82907620.0,20240814
072990,10200,10250,9800,10080,76583,763158330,-1.08,73456397280,42897010.0,50247060.0,20240814
239610,12320,12320,12080,12080,2150,26131900,0.42,65136749200,-4939770.0,110.0,20240814
462020,2100,2100,2085,2100,10552,22086460,0.0,9124500000,-14665.0,8515530.0,20240814
477340,2010,2015,2005,2015,8292,16696410,0.0,15132650000,,9970670.0,20240814
148930,5140,5200,5070,5140,41899,214988530,0.0,52300594820,52882670.0,,20240814
044780,1418,1455,1418,1441,47103,67763300,1.26,26666839067,-2293943.0,7194847.0,20240814
357230,3125,3165,3110,3130,33474,104841570,0.16,131740094310,685790.0,-33884750.0,20240814
355690,8450,9080,8360,9070,16798,146315510,7.34,49023168600,4707810.0,,20240814
071670,6840,6950,6840,6950,19635,135425060,2.21,69500000000,7685060.0,-10.0,20240814
045660,15590,15760,15140,15250,41743,639791320,-2.18,125965000000,-108105450.0,45750270.0,20240814
224110,14680,14760,14200,14550,49428,714126350,-0.89,77697000000,300841100.0,2300870.0,20240814
021080,2435,2495,2435,2495,60653,149544005,2.04,119760000000,19612565.0,9980.0,20240814
089530,0,0,0,600,0,0,0.0,57896956200,,,20240814
200470,4000,4250,3970,4135,888838,3673598100,6.16,175167254555,45236565.0,-1644950.0,20240814
262260,8150,8340,8150,8260,22263,183848830,1.47,119506935520,22782150.0,74460.0,20240814
397030,19560,19690,18790,18800,317796,6071471260,-2.84,412039900800,-385068680.0,239434090.0,20240814
230240,9630,9850,9630,9760,24235,235950000,1.67,131652893760,79143170.0,19590.0,20240814
230360,10770,10770,10490,10650,54302,575544850,0.85,335134508850,150837110.0,-1506350.0,20240814
038870,4345,4400,4335,4370,30447,133067410,0.81,61245327130,59544840.0,-10.0,20240814
097780,1014,1014,992,1004,26986,27012726,0.5,68001259352,1367449.0,-105720.0,20240814
448280,19780,20250,19740,19970,14531,289052110,0.86,197244548710,85277710.0,-405920.0,20240814
101360,31950,33200,31700,31800,224392,7246799050,1.6,472533340200,1118137000.0,-579940000.0,20240814
128540,1750,1750,1635,1670,89879,150652927,1.64,44573068200,9489606.0,,20240814
086520,92800,93300,90500,90800,988674,90790507200,0.67,12088961272000,741084900.0,-1258175700.0,20240814
247540,185100,189400,181600,186000,562104,104523497100,3.1,18191049984000,5274762600.0,13396923600.0,20240814
383310,49750,50700,49300,49350,34728,1727868800,0.3,755298394200,-52016800.0,-41401650.0,20240814
038110,3420,3720,3410,3430,933494,3280843795,1.48,141210939100,-4753215.0,-528730.0,20240814
073540,1360,1388,1346,1388,20397,28098007,2.06,15823200000,-5826200.0,,20240814
064850,8310,8370,8250,8250,18080,149944930,-0.72,93637500000,-10482520.0,-119130.0,20240814
036810,28800,29100,28200,28350,98447,2812378750,1.61,616804968150,105544350.0,-253807600.0,20240814
173940,2940,3280,2880,3180,60525,191284845,8.16,48949129440,2759605.0,47381100.0,20240814
083500,10590,10770,10520,10750,28640,304974560,2.87,92189011500,23548320.0,-10660.0,20240814
054940,778,785,768,778,81008,62937347,0.0,25809020344,1989004.0,,20240814
950130,8990,9870,8720,9060,10196939,95623393190,4.38,329474573820,-186987980.0,-5520800.0,20240814
373110,5630,6330,5430,5480,1893164,11154944290,-0.18,59833171760,-137986870.0,27350000.0,20240814
205100,1895,1925,1892,1907,363972,694051593,1.17,137234262917,263239106.0,-3672902.0,20240814
356680,3690,3820,3645,3715,98026,364892210,3.48,106039072780,13288640.0,,20240814
070300,9300,9300,8320,8500,331075,2860137100,-8.8,62611629000,-296833580.0,-56380.0,20240814
317770,3760,3830,3705,3750,66433,248444040,0.27,86020897500,-123838830.0,,20240814
373200,708,730,687,718,4089815,2869774538,-1.91,54356661726,-133007508.0,,20240814
092870,14450,15230,14410,14680,462507,6815696070,5.01,191585699960,963506600.0,50069150.0,20240814
317870,18060,18110,17500,17830,11679,208053930,-0.56,151675352500,-103143400.0,,20240814
067570,2390,2625,2380,2565,1315387,3337635015,7.32,108166050000,-45833360.0,444280.0,20240814
236810,4030,4045,3985,4030,82391,330526610,1.51,68410966780,19278125.0,-21013355.0,20240814
333620,9130,9380,9050,9340,48225,444534020,4.36,98596252960,54317640.0,-36940.0,20240814
101400,454,477,444,464,782403,354520082,2.2,28843359632,-3728790.0,-162563.0,20240814
422040,2095,2105,2090,2100,44580,93683565,0.24,15036000000,-191100.0,69453135.0,20240814
437780,2150,2155,2135,2155,7899,16993275,0.0,10839650000,-159100.0,12023320.0,20240814
438580,2290,2290,2255,2275,113,256425,-0.44,6870500000,-58895.0,0.0,20240814
439410,2105,2105,2090,2100,2547,5345590,-0.24,18480000000,-62855.0,31550.0,20240814
440820,2120,2130,2120,2130,2502,5329130,0.47,16614000000,2120.0,5324890.0,20240814
451700,2025,2025,2020,2025,30657,62029340,0.0,29058750000,139805.0,22642825.0,20240814
466910,2040,2040,2030,2035,13460,27384880,-0.49,18518500000,-531155.0,6145750.0,20240814
481890,2035,2050,2030,2040,57603,117692080,0.0,12943800000,-2279270.0,97622340.0,20240814
265740,7410,7490,7210,7390,20771,153443750,-0.27,66006002000,22180060.0,11138030.0,20240814
354200,3135,3185,2920,3050,407316,1230989365,0.16,39312142350,43975815.0,-2203930.0,20240814
455900,24500,25850,24000,24600,145355,3607022250,2.29,367656372600,338123850.0,-87554500.0,20240814
419080,10780,11320,10780,11260,17731,196632680,4.45,118430619420,23650470.0,55679270.0,20240814
208860,0,0,0,2205,0,0,0.0,41831348265,,,20240814
183490,1599,1624,1595,1620,70737,113599237,1.31,137806210440,567025.0,,20240814
182400,0,0,0,2020,0,0,0.0,172748038620,,,20240814
348370,170000,189900,168500,185000,505611,92395302000,10.78,3845580755000,8035917900.0,1100538300.0,20240814
069410,3195,3255,3195,3250,14234,46018480,2.36,33295678000,12609000.0,3250.0,20240814
227950,579,590,577,587,88331,51617400,1.38,60798836110,-415099.0,,20240814
291230,2375,2415,2305,2335,290110,679772820,2.41,102963634625,86436075.0,,20240814
198080,2545,3125,2545,3125,4797594,14689813050,29.94,67297453125,-159287300.0,0.0,20240814
048830,1201,1218,1198,1218,24116,29040764,1.5,22805738214,-2343469.0,,20240814
096870,2620,2675,2620,2620,11975,31751530,0.0,17497408000,-1739450.0,,20240814
290650,18710,19100,18520,18780,38060,713092690,0.7,426022252980,-6190530.0,-65318810.0,20240814
156100,8090,8260,8080,8120,48481,394881670,0.5,161886353160,165901680.0,48720.0,20240814
073110,6240,6470,6230,6410,20268,128897580,1.91,57021789550,10089410.0,62360.0,20240814
083310,11240,11900,11200,11880,250165,2906161260,7.9,211583192040,-138296870.0,504046960.0,20240814
037950,1347,1366,1336,1350,2548219,3437768966,-1.96,114004150650,434589118.0,,20240814
170920,11190,11790,10750,11680,85974,985897150,8.96,114529641600,11827020.0,39462760.0,20240814
058630,5800,5860,5500,5770,388743,2221260110,-0.17,112768170290,-388026170.0,629369430.0,20240814
058970,43100,44250,42700,43150,70144,3038705850,1.29,511487931700,-15433200.0,-390246600.0,20240814
019590,0,0,0,921,0,0,0.0,104963185182,,,20240814
169330,2200,2330,2200,2260,4198,9470830,2.73,41260634680,-294135.0,-359205.0,20240814
373170,8350,8400,8260,8390,2484,20725050,0.48,42268232700,-534350.0,,20240814
179290,6660,7420,6660,7260,731148,5266910100,9.17,234974822280,641968560.0,87198590.0,20240814
009780,5370,5430,5330,5370,37541,201747360,0.0,94512000000,17473320.0,-2371980.0,20240814
123040,3685,3710,3660,3690,66871,245779635,1.1,168479042130,40261330.0,8240.0,20240814
323230,0,0,0,161,0,0,0.0,6967193212,,,20240814
032790,1602,1605,1473,1496,1175004,1819510191,-1.12,64027052672,-145131095.0,,20240814
033160,8300,8460,8300,8440,44762,375259760,3.43,186239833640,128392190.0,-40.0,20240814
347890,6490,6600,6490,6590,33217,217790150,1.85,111458014360,12847180.0,86589690.0,20240814
033310,2300,2300,2255,2290,27519,62859115,1.55,92383708990,-215770.0,,20240814
259630,11810,12190,11450,11620,271738,3204545920,-1.27,142721511240,276906160.0,-86594270.0,20240814
105550,2265,2335,2255,2310,102467,234826425,1.76,131958486660,69302905.0,,20240814
060850,7880,7920,7780,7920,6144,48187610,1.02,64397520000,-9720170.0,,20240814
143540,823,900,823,867,610037,530245776,5.35,38668108965,58198831.0,586459.0,20240814
036560,9160,9250,9110,9220,28015,257515010,1.21,145215000000,94441590.0,4085710.0,20240814
265560,7020,7540,7020,7340,40380,297356500,4.56,78465921200,8575190.0,-80.0,20240814
036000,1718,1718,1700,1718,4187,7147258,1.0,39572887886,-240988.0,,20240814
250930,605,610,595,609,53127,31812166,2.35,20097267960,-566577.0,-605.0,20240814
053280,4535,4580,4410,4430,226138,1012852925,-0.89,110750000000,19331635.0,-159123175.0,20240814
122640,16090,16340,15860,16050,123132,1977945110,1.13,335928233400,41320330.0,-2697110.0,20240814
900300,77,78,75,76,6601601,504497019,-1.3,37095024452,-224263788.0,,20240814
045060,2850,2935,2820,2865,67474,194101520,1.06,48538755510,-4173125.0,1246210.0,20240814
080520,4030,4055,3950,4015,50391,201800635,-0.74,47162635135,27477430.0,40822790.0,20240814
039830,6000,6050,5980,6050,4008,24084740,1.17,65115484500,-15515290.0,,20240814
322310,20000,20050,19430,19700,54513,1076273470,2.07,184520877400,80417590.0,-151047550.0,20240814
046120,2495,2515,2430,2470,66814,165306935,-0.4,67800230420,-3209790.0,755210.0,20240814
014940,4815,4910,4595,4870,551417,2637721175,3.95,221943729070,135146195.0,137745755.0,20240814
065500,1287,1287,1250,1269,33524,42316249,1.52,40281755328,-21847.0,-9815605.0,20240814
010470,6650,6720,6630,6670,9441,62900190,0.6,79873583500,-2796730.0,80.0,20240814
417860,13310,13310,12490,12570,73564,940677250,-4.19,55426648230,-9156850.0,,20240814
352910,6380,6490,6170,6200,8947,55618690,0.0,78354372400,-1498060.0,,20240814
053980,4690,4850,4410,4575,2200656,10221824665,-2.45,86846232225,-71937945.0,,20240814
036220,16700,19790,16370,17930,2554288,47489909280,8.54,259795228880,325941850.0,35191310.0,20240814
052420,2695,2695,2535,2575,12694853,33005442115,-3.38,217209067700,-1721079600.0,102559565.0,20240814
039200,38300,40300,37450,40250,568996,22201326700,5.09,1529257091250,1152769800.0,1121165100.0,20240814
226400,5340,5390,5190,5280,111895,589530010,-0.56,109093253280,-245820.0,1061280.0,20240814
031510,1229,1232,1218,1218,11769,14398196,-0.9,34104000000,2173465.0,,20240814
368970,3710,3710,3655,3700,25832,95228015,0.54,34580792000,1908765.0,,20240814
138080,10900,10900,10630,10640,6095,65078140,0.0,113040370800,31062810.0,-2400450.0,20240814
080580,5930,6120,5930,6000,109516,658721710,2.92,106075788000,28395390.0,-36430.0,20240814
067170,3950,4080,3950,4050,12933,52045745,1.76,62336000250,3880105.0,-8080.0,20240814
353590,4240,4380,4235,4320,31771,136243265,2.01,55622462400,21965950.0,35.0,20240814
173130,7360,7360,7190,7260,45907,333998210,0.0,94717393980,37772740.0,,20240814
440320,4745,4995,4745,4820,19498,93924350,1.9,47260100000,24257425.0,,20240814
049480,2455,2475,2440,2450,89386,219825475,0.62,76984838350,29382000.0,0.0,20240814
394280,15410,15660,15200,15270,197751,3041991180,1.53,333557986890,547702040.0,-318437650.0,20240814
309930,2360,2470,2295,2435,186178,444386520,5.18,51843560650,-35646945.0,47200000.0,20240814
244460,625,802,586,602,8226512,6114826812,-2.43,21665729568,80589913.0,21976.0,20240814
226950,13290,13370,12530,12570,142067,1810241860,-3.46,213360628290,-41870020.0,-218556630.0,20240814
057540,892,910,885,896,304434,273420237,0.45,55058622080,24641802.0,692997.0,20240814
131030,7020,7070,6910,6920,58762,409336920,-0.43,111779881040,50254540.0,,20240814
082210,2670,2685,2620,2660,33151,87798065,2.5,75986991080,23287385.0,-2660.0,20240814
109080,7810,7980,7810,7900,3863,30546630,1.41,44524400000,544210.0,7895700.0,20240814
380540,1086,1126,1035,1096,518102,569172227,1.11,32638437216,32664383.0,,20240814
153710,6120,6120,5900,6110,9952,59950140,1.83,89633443380,-3749010.0,,20240814
432430,5900,5930,5770,5800,71484,417514080,0.69,95249456000,79921600.0,-13151960.0,20240814
338840,9760,9880,9610,9640,57300,555776050,-0.21,142378134240,-72934920.0,,20240814
122990,7000,7110,6980,7080,15496,109524620,1.58,199563542280,48545290.0,-1037780.0,20240814
232140,15600,16200,15390,15960,2492936,39489230740,5.77,1309443786000,3368796720.0,581974240.0,20240814
112290,16150,16940,15870,16410,190645,3109920480,4.72,165914043450,506003810.0,1679910.0,20240814
065530,1569,1569,1527,1543,13672,21024727,1.11,81562980000,-295976.0,,20240814
067900,6800,6820,6740,6780,42239,286652340,0.59,123393688020,46711740.0,-10.0,20240814
007530,2790,2835,2715,2765,6235,17174270,1.28,53017359780,-328180.0,0.0,20240814
155650,3870,3970,3845,3970,81746,317671710,3.25,77313201260,116972795.0,-32061780.0,20240814
273640,17600,18100,16370,16430,2603637,44895590810,-3.18,180171380000,1375814080.0,-17031900.0,20240814
251370,9350,9430,9200,9260,17928,166709870,0.65,151071936640,6486680.0,-37249520.0,20240814
066430,596,641,596,619,165920,103093704,3.86,24236001644,20163538.0,,20240814
273060,978,999,978,999,57772,56962724,2.15,50409122418,9046800.0,,20240814
019210,5360,5380,5300,5360,32814,174862220,0.75,179955669840,7701800.0,-21841650.0,20240814
122870,34900,35250,34500,34700,110752,3847158650,-0.57,648579400300,612541500.0,-730758000.0,20240814
332570,2925,2970,2895,2955,191962,563629770,1.37,124801026750,92222735.0,11820.0,20240814
079000,5150,5150,5080,5150,2779,14204250,0.0,37080000000,8350.0,,20240814
403490,2025,2075,2025,2030,228903,467689030,1.0,91781301920,134972645.0,,20240814
032820,2090,2110,2060,2065,2994966,6231591495,0.24,328043934120,130098875.0,-1703640.0,20240814
041190,7400,7450,7310,7360,429410,3166440870,1.52,618240000000,-11624640.0,4097450.0,20240814
115440,6280,6910,6280,6630,637033,4260967410,5.57,71300604570,88475770.0,72580870.0,20240814
046970,1100,1145,1100,1145,56852,64171428,3.06,50179623855,14874949.0,,20240814
082850,5800,5900,5560,5640,8121156,46066533180,-3.59,273182299920,-3689106180.0,-215321500.0,20240814
215360,12630,12930,12630,12800,13594,174010650,1.51,116891686400,27855890.0,-341750.0,20240814
072470,3235,3300,3200,3250,18011,58576930,0.15,61383858250,1363425.0,,20240814
073560,1270,1290,1267,1290,240985,310580046,2.06,89316559470,85924020.0,-1705452.0,20240814
037400,1570,1583,1540,1552,162698,253221123,-1.15,40698632992,42499521.0,-980425.0,20240814
153490,846,855,830,837,146509,123714434,-0.48,43088760000,-1808589.0,63431.0,20240814
101170,6120,6250,6060,6110,105118,646695360,0.99,82485000000,-12717790.0,12343380.0,20240814
066590,3045,3325,2995,3010,2253094,7127649675,1.52,117610043040,-157087540.0,-505000.0,20240814
103840,5120,5410,4950,5360,767459,3996650285,-4.63,87724054080,394110325.0,188842060.0,20240814
046940,2815,3040,2785,2920,1089928,3187292375,4.66,52777102000,-184373820.0,,20240814
215380,1515,1690,1425,1635,766055,1223616225,7.92,24290956290,4116004.0,,20240814
065680,14440,15000,14180,14870,34570,509697720,3.55,141711100000,50171420.0,132828490.0,20240814
018620,1036,1041,1028,1040,53298,55249906,0.68,30044864720,2463565.0,,20240814
457550,18830,18920,18580,18810,144522,2710451320,1.02,174393886590,267028440.0,-244530.0,20240814
396470,12300,12430,11640,11710,408005,4898068570,-1.35,188765200000,-219372380.0,3160.0,20240814
307280,1535,1539,1510,1525,85116,129560088,0.13,56362494825,41565804.0,,20240814
032940,3790,3865,3770,3820,65200,248547760,1.33,69498138600,58009280.0,-935.0,20240814
240810,37550,37900,36450,36950,188524,6973512750,0.54,1813650141950,174384900.0,-361745850.0,20240814
074600,29950,30350,29250,29250,394789,11744058000,0.52,768924000000,-675666100.0,1039504950.0,20240814
104830,29950,30750,29750,29800,62335,1878744650,1.02,375718400000,9431950.0,-74548600.0,20240814
014190,1640,1673,1640,1658,84036,139395837,1.22,58693044148,43065249.0,-490302.0,20240814
217820,3475,3550,3435,3465,88809,310911380,0.0,164430046935,56577010.0,-237975.0,20240814
030530,2950,3005,2950,3000,52231,156284795,2.04,231713943000,23426850.0,-11905.0,20240814
012620,7440,7570,7410,7460,1218,9085170,0.27,32824000000,-223430.0,2008870.0,20240814
382840,10150,10730,10080,10580,171467,1801221390,5.38,161573326980,614873160.0,165240.0,20240814
336570,6350,6410,6130,6260,1046488,6554599810,-0.32,559272274940,90977380.0,-867017840.0,20240814
376980,4810,4900,4760,4850,25701,124374955,2.11,47311720900,25453785.0,-61492535.0,20240814
008370,5140,5280,5100,5150,53485,277831860,-0.58,61800000000,121942920.0,-52160.0,20240814
008290,600,611,596,602,25057,15038151,0.33,24497594758,158316.0,-3029.0,20240814
101160,21900,24850,21800,24500,1107210,26514653100,13.69,404519328500,1270785250.0,1736564400.0,20240814
064090,5550,5730,5480,5480,141010,787006360,-0.18,272590242600,10693820.0,,20240814
336060,1355,1371,1343,1348,436676,592107872,-0.3,64913209600,-62426897.0,,20240814
095270,5880,5880,5510,5600,57284,321378890,-3.11,83839033600,36716870.0,,20240814
065950,2420,2730,2355,2555,5800488,15040557545,7.13,72130976610,153117655.0,,20240814
076080,1621,1667,1595,1640,170146,275747294,1.36,37054415840,18713777.0,0.0,20240814
043590,904,935,900,910,20851,19017757,-0.44,24694453420,-108099.0,-2773.0,20240814
196700,1480,1495,1467,1495,42225,62646245,0.95,21474395280,22585627.0,,20240814
069080,19130,19600,18420,18920,1043338,19797098480,-2.82,661270725280,-2274828930.0,2939652530.0,20240814
053580,7300,7550,7300,7470,7174,53027800,1.36,101862772560,-1534000.0,16330.0,20240814
071460,0,0,0,613,0,0,0.0,22047951835,,,20240814
377460,0,0,0,1691,0,0,0.0,26030247855,,,20240814
044340,6780,6810,6610,6740,25359,170719810,0.45,120466884500,69788590.0,22120.0,20240814
330350,8360,8540,8300,8330,52382,439075610,-0.24,109973817870,15702330.0,100.0,20240814
348350,7510,7600,7080,7560,24711,184843700,1.07,76988016000,62315070.0,,20240814
112040,31500,32250,31200,32000,164988,5225134150,3.06,1086351456000,984103500.0,-125911000.0,20240814
101730,8020,8550,7950,8500,101261,835930600,6.65,283009982000,184930730.0,-2039400.0,20240814
123420,7630,7980,7610,7950,36523,284871950,5.44,91185243900,26537490.0,-1038020.0,20240814
065370,4855,4985,4800,4860,14479,70988965,0.52,35886016440,2415690.0,,20240814
038620,626,634,625,630,50757,31897422,0.8,41924272950,302637.0,-9698.0,20240814
299900,1515,1541,1503,1511,688529,1046605578,0.67,258454863724,318206607.0,-298368994.0,20240814
036090,690,703,690,700,677788,472896557,2.94,82874598800,140089823.0,-4071134.0,20240814
136540,13440,13550,13010,13310,13358,175973190,-0.97,181603796220,-16503630.0,-29228800.0,20240814
097800,1880,1905,1824,1844,4288919,8003071227,1.6,211067614520,89158240.0,,20240814
192390,3400,3555,3400,3535,85199,297980940,4.28,38619843185,104475135.0,-1420.0,20240814
335870,1266,1266,1228,1249,7149,8882416,-1.42,20835096078,-1297750.0,,20240814
900340,1975,2075,1902,2065,1442876,2911906128,7.16,99065128820,687672367.0,,20240814
036200,7860,8190,7780,7950,573027,4573706460,3.65,243780572850,-316508140.0,953951780.0,20240814
018000,810,845,793,813,2410675,1967004421,3.17,136902256167,215222353.0,-40388496.0,20240814
203450,2605,2605,2530,2575,41903,107377185,0.0,36253443025,-799935.0,,20240814
011320,4130,4865,4115,4305,2532866,11598148795,5.0,83175591975,486822440.0,3497020.0,20240814
086390,10650,10710,10510,10670,135716,1437835900,2.5,225501124420,191787120.0,-18208360.0,20240814
241690,4470,4670,4445,4590,1073928,4926903085,3.73,112320540540,-37502220.0,-7919860.0,20240814
142210,5440,5580,5370,5460,179240,980903890,3.02,105083662320,-107452180.0,-16739670.0,20240814
048430,7160,7170,6800,7080,56240,396160690,-1.12,81561600000,116316500.0,,20240814
206650,11230,11650,11110,11520,145273,1644903410,2.67,420299216640,-220105150.0,14134860.0,20240814
089850,7690,7730,7600,7710,37781,289040520,1.98,113569834290,-35242880.0,,20240814
084440,863,863,856,862,19753,17033135,-0.12,16992433600,-332970.0,10355846.0,20240814
032620,4160,4160,4060,4105,83371,341865250,0.98,214269255595,63981250.0,-2922125.0,20240814
264450,14090,14200,13600,14070,16720,233227220,2.1,144157083420,80061220.0,29527820.0,20240814
078070,10260,10330,10160,10290,10097,103409020,-0.39,186770703000,-22899020.0,-4071050.0,20240814
024800,2025,2025,1996,2020,5143,10351396,1.0,74844660240,-216169.0,,20240814
054930,25750,26200,25700,26000,9004,233144900,1.76,78000000000,60552400.0,250.0,20240814
069330,1367,1393,1367,1374,35891,49189586,0.51,19498559034,4154323.0,,20240814
049520,6180,6460,6010,6300,193582,1225895690,2.11,137245096800,177509850.0,-13286420.0,20240814
435380,2160,2170,2155,2170,4965,10744455,0.46,12434100000,-58310.0,9635995.0,20240814
444920,2145,2150,2130,2150,8025,17224845,0.0,11266000000,-186365.0,12704850.0,20240814
446150,0,0,0,2380,0,0,0.0,11352600000,,,20240814
449020,2050,2050,2030,2040,9196,18706455,0.0,19849200000,665040.0,-7833380.0,20240814
450940,2165,2170,2145,2165,3218,6955165,0.0,9829100000,-6480.0,4153740.0,20240814
473050,2030,2030,2025,2025,2661,5388710,0.0,14195250000,,4050000.0,20240814
474490,2045,2045,2035,2035,2699,5498545,-0.49,11212850000,71400.0,0.0,20240814
430700,2150,2160,2150,2160,6703,14435770,0.47,11318400000,0.0,8113575.0,20240814
263770,2305,2305,2245,2245,8848,20168050,-1.54,53206886140,1935420.0,,20240814
388720,26650,26800,25900,26600,50441,1326436200,0.95,304661344400,96536850.0,-10426850.0,20240814
340930,2510,2720,2450,2610,438527,1129481850,8.52,89273614500,14443630.0,-462715.0,20240814
023410,3440,3465,3420,3440,55081,189296125,0.29,265949368720,-12617805.0,3450190.0,20240814
056080,6150,6330,6140,6250,132861,828034650,1.96,234450950000,246995050.0,-10941930.0,20240814
468760,2155,2175,2155,2175,15111,32757630,0.93,9222000000,-26100.0,10986690.0,20240814
442130,2320,2325,2305,2325,868,2011645,1.53,8044500000,13890.0,242125.0,20240814
084370,45700,49350,45150,48000,475529,22828962100,9.59,1099970016000,-2205388400.0,4396646850.0,20240814
240600,7810,8030,7770,7900,74030,582661550,2.33,54732392900,111227610.0,49890.0,20240814
221800,4285,4550,4035,4385,1262362,5463914545,4.78,49494354460,105016945.0,-2687095.0,20240814
179900,27800,27800,26700,27150,41044,1114374650,0.0,442189199250,491307500.0,-471546300.0,20240814
263050,3220,3440,3220,3355,633199,2120942890,5.67,123460168590,76567120.0,-11219530.0,20240814
191410,2050,2060,1967,1967,55118,111027465,-3.34,22038769585,-14560390.0,,20240814
372170,52500,52900,51000,51600,40342,2090913700,1.57,411718876800,39848100.0,-15870400.0,20240814
146060,1395,1419,1369,1409,62848,88596520,1.37,33837973355,4108735.0,,20240814
072770,1819,1869,1804,1826,110562,202394420,0.38,126218225496,-14555587.0,,20240814
039020,2735,2770,2690,2700,116791,317964085,-1.1,60978714300,-9291150.0,-440.0,20240814
067920,5260,5300,5180,5260,13141,68922440,0.0,57839585940,8660990.0,5268450.0,20240814
044960,5170,5200,5090,5160,68374,349989820,-0.19,65232116280,82284360.0,0.0,20240814
303530,7750,7900,7630,7860,7307,57158850,1.55,57686890140,9890840.0,100.0,20240814
296640,5860,6000,5820,5970,21734,128403660,1.88,30914164440,34703790.0,,20240814
302430,9800,10020,9710,9940,38809,382452660,1.43,97742087520,35923130.0,-9950.0,20240814
462350,18180,18450,17660,17690,81990,1486428800,-0.9,165856026860,-28969180.0,-243784910.0,20240814
274400,5780,5890,5750,5800,10650,61791010,1.4,45354990800,-576520.0,,20240814
056090,1373,1393,1370,1378,209341,288562050,0.36,129277071378,29027400.0,,20240814
073490,18400,18480,18110,18410,38358,701631670,1.66,139986804860,105230280.0,1759140.0,20240814
215790,520,609,516,533,704981,398714182,4.51,21470918417,8201608.0,60777.0,20240814
344860,1923,1936,1904,1919,12116,23321137,-0.21,23085570000,3307397.0,,20240814
088390,13500,13720,13410,13570,18991,257651480,2.49,127365903080,28988780.0,-94590.0,20240814
272290,28150,28400,27850,28350,127989,3608415650,2.35,573454104300,-419707900.0,455597000.0,20240814
053350,3400,3415,3265,3265,18665,61927900,-1.36,64617340740,2293135.0,,20240814
452400,14780,14840,13930,14100,592607,8503448910,-5.05,127907134800,-265299090.0,-160.0,20240814
264850,4755,5780,4755,5280,6643417,35941275160,12.7,159955551360,-2014984810.0,-38693650.0,20240814
054210,7250,7250,6900,6970,201253,1416538710,-0.71,176279733700,-326048890.0,-80.0,20240814
009730,1263,1290,1209,1238,523702,647961086,-2.9,37829286212,-77976419.0,,20240814
164060,6260,6260,6090,6250,9519,58716200,2.46,132505837500,-4682930.0,25118520.0,20240814
065440,1333,1380,1333,1379,104791,142844082,3.61,37612252580,34576819.0,,20240814
115610,2155,2380,2155,2315,247613,568727565,8.18,36447348425,96922905.0,48455.0,20240814
478110,2055,2060,2050,2060,8642,17744965,0.0,10341200000,,10275000.0,20240814
131400,2190,2370,2140,2165,2934506,6619347430,-1.14,129012094530,-15921305.0,,20240814
351330,10170,10620,10170,10500,57855,603355420,3.75,87029460000,93378610.0,-115490.0,20240814
080010,5370,5420,5330,5380,11413,61240720,-0.74,52912681980,-802160.0,-6306790.0,20240814
086890,6650,6720,6520,6580,153262,1013208170,-0.45,235114322800,26116940.0,,20240814
047560,13110,13500,12950,13250,88330,1166694480,2.63,153752894000,168275120.0,-30124130.0,20240814
900110,74,76,74,75,1158748,86233189,0.0,32394903750,0.0,,20240814
239340,1819,1899,1819,1899,29997,56267975,4.0,51234324966,4185702.0,-15026.0,20240814
067010,3085,3110,3060,3085,19276,59289910,0.0,37926990000,9996885.0,,20240814
418620,14250,14490,14050,14090,13986,198352280,-1.12,135975220930,8738140.0,,20240814
102710,24100,26900,24000,26050,246574,6333545850,9.92,372198127800,-518754400.0,383317500.0,20240814
041520,6110,6290,6100,6270,17626,109396820,1.62,76423337100,-16037380.0,-30293290.0,20240814
063760,2900,2900,2800,2830,5847,16482130,0.89,26390117900,-1082900.0,1590400.0,20240814
123570,2700,2745,2700,2740,58317,158674240,2.81,61036453720,57205985.0,,20240814
083470,1666,1700,1650,1678,49742,83216989,0.72,35809072062,251204.0,,20240814
095190,2300,2355,2300,2325,47533,110698210,1.31,105368469900,16476650.0,-3767600.0,20240814
091120,30800,31100,29650,29800,206015,6191291800,-2.93,510561492800,-522444150.0,-169804900.0,20240814
039030,167400,167400,160700,162800,107090,17522410300,1.43,2005622740000,195700700.0,-2575255500.0,20240814
294090,11380,11440,11140,11210,299149,3359577670,-0.36,341183737390,279450060.0,21049420.0,20240814
088290,1440,1480,1432,1465,58948,85509160,1.74,45900895085,10185331.0,,20240814
353810,4395,4395,4280,4330,107482,466281765,1.05,148050147600,35415645.0,,20240814
099750,16080,16240,16070,16170,8068,130301310,0.62,110518327920,44624750.0,,20240814
377330,6140,6160,5880,6160,49202,295994370,1.48,50142116640,-1965790.0,60.0,20240814
035810,2725,2735,2700,2735,74442,202563040,0.92,178173886075,7638195.0,-34714180.0,20240814
160600,0,0,0,3100,0,0,0.0,106895911200,,,20240814
092130,12280,12430,12260,12430,5318,65799350,1.22,149701948000,1309520.0,-59700.0,20240814
096040,0,0,0,271,0,0,0.0,245561580945,,,20240814
134060,4905,5150,4855,4895,3252,16167225,-0.2,23345478750,-99330.0,5467250.0,20240814
001840,3100,3535,3055,3285,3075487,10249804625,8.77,65061921600,316647870.0,-165.0,20240814
024810,0,0,0,899,0,0,0.0,196834827360,,,20240814
041830,23950,24000,23700,24000,8166,195099300,0.21,328410768000,-1695700.0,4844550.0,20240814
352940,2470,2480,2410,2455,27962,68340995,0.2,26680277150,3571290.0,-3758590.0,20240814
079950,881,916,872,872,24601,21726518,-1.02,20230400000,-38192.0,,20240814
389470,15050,15420,14600,15170,270994,4061854430,2.29,146702622750,-148227370.0,75359350.0,20240814
277410,1601,1625,1593,1616,100950,162010175,0.56,61984571024,574655.0,428023.0,20240814
060150,6200,6250,6150,6200,40553,250409070,0.0,288694394400,55843080.0,-128740.0,20240814
033230,2155,2290,2130,2185,3226939,7134652415,3.31,110376105300,-26684860.0,,20240814
450520,4475,4620,4430,4455,170560,768600600,-0.34,65508894990,47451425.0,,20240814
037330,1585,1657,1572,1655,75226,122206913,4.61,72630045720,-13307055.0,-7383977.0,20240814
100030,18520,18900,18380,18430,4720,88061100,-0.49,60518849020,2315590.0,290.0,20240814
211050,5240,5640,5010,5200,579147,3085646150,-0.95,267174960000,57550590.0,399625610.0,20240814
083640,360,394,358,364,305569,113083578,1.11,28290207764,7044948.0,,20240814
216050,6850,6850,6750,6820,17693,120164190,0.59,87590774040,-8124500.0,-34537840.0,20240814
049070,20350,22350,20300,21450,444240,9582267250,5.93,368940000000,-918180700.0,67133950.0,20240814
119610,0,0,0,24900,0,0,0.0,329090302200,,,20240814
017250,1109,1124,1090,1101,37646,41696612,-0.72,23171059167,4734972.0,303439.0,20240814
051370,11680,11770,11420,11510,188874,2187271930,0.61,268499202720,224000140.0,51090.0,20240814
064290,16700,17000,16650,16700,39713,665991110,1.83,214828165400,58891560.0,-10886920.0,20240814
189300,48900,52000,48900,50900,87083,4430116300,5.06,546326700600,674075300.0,-96414400.0,20240814
150840,0,0,0,5850,0,0,0.0,244813584600,,,20240814
048530,6510,6610,6370,6570,156980,1017319770,2.02,224370506340,166357260.0,6480.0,20240814
115310,20600,20700,20300,20650,4230,86766600,0.24,65933033950,-8254650.0,-20550.0,20240814
039290,6880,7050,6780,7020,15471,107267380,2.33,61031725560,-7130040.0,6900.0,20240814
071200,4470,4730,4465,4580,118761,540490730,3.27,111735777640,-55235835.0,74795.0,20240814
101930,20450,22000,20300,20700,52631,1093864300,0.98,199045673100,176319550.0,-125552250.0,20240814
333430,3720,3865,3550,3585,84871,308878575,-3.63,110155387995,-13302015.0,,20240814
068330,1542,1543,1471,1471,858317,1286638778,-4.73,65041941940,-8723040.0,-575187.0,20240814
178780,0,0,0,8650,0,0,0.0,124120536750,,,20240814
019540,4475,4580,4475,4580,18570,84336495,2.35,61891830000,-21432575.0,-163195.0,20240814
094820,9950,10130,9930,10120,37875,380473960,2.02,152596535080,133667070.0,82940.0,20240814
950140,13010,13060,12390,12750,564971,7169094780,-0.23,253315291500,372445430.0,-348798540.0,20240814
049550,4015,4030,3980,4015,5686,22773290,0.0,78719202155,,,20240814
389020,39150,46450,38800,41450,560045,23945578600,9.51,256895908500,-828725800.0,-126050.0,20240814
254120,1900,2030,1899,2030,265497,522030041,7.81,62431168100,19407234.0,,20240814
043910,705,713,699,708,725555,512178015,1.29,80281151556,28603646.0,-3434558.0,20240814
234920,5660,5660,5540,5590,18367,102469380,-1.24,75637786900,-15412490.0,,20240814
289220,6700,6850,6590,6680,34994,233084620,1.67,147773256600,90236830.0,-835870.0,20240814
174880,0,0,0,2650,0,0,0.0,11610352250,,,20240814
049630,718,738,690,698,2181565,1542218394,3.41,58385957094,113318380.0,-2174042.0,20240814
417840,8130,8300,8050,8130,37323,304516490,0.62,58935792750,82261500.0,,20240814
110020,2765,2950,2730,2800,126603,356624660,4.09,25364533600,53153385.0,68940.0,20240814
208140,2665,2690,2650,2670,50912,135841330,-0.19,87266936820,16807415.0,8010.0,20240814
040420,6500,6540,6420,6440,69116,446290860,-0.92,100963434880,-21366380.0,-23202940.0,20240814
045510,1015,1025,990,1002,10548,10639521,-0.4,32273710584,-185145.0,,20240814
217190,9090,10000,9050,9450,291917,2833160510,5.0,82868694300,-78064810.0,0.0,20240814
095700,7120,7290,7060,7250,124339,893599560,2.55,300951806500,214461270.0,3746550.0,20240814
072520,0,0,0,389,0,0,0.0,28849482466,,,20240814
122310,6070,6170,6030,6160,15443,94056090,1.32,89651679040,24563520.0,-9481140.0,20240814
361390,15180,15190,14930,15070,14097,211595320,0.0,113036890230,540380.0,-32029890.0,20240814
187420,3085,3140,2985,3065,111793,339806950,-0.49,72130480935,85813840.0,,20240814
225220,3540,3555,3440,3515,37198,130321525,0.0,67452923815,8568520.0,,20240814
123330,3645,3870,3600,3705,110205,413658735,0.14,29523959400,-13842795.0,-29965.0,20240814
159580,4470,4615,4470,4585,70486,322390225,2.57,91849636060,102337765.0,-902500.0,20240814
147830,7560,7880,7250,7280,950693,7169761800,-0.14,145600000000,283050530.0,,20240814
033100,66400,68500,64800,65000,676466,45183032700,0.15,1044056585000,2468707800.0,-1161162300.0,20240814
079370,14660,15550,14600,15260,964847,14588948640,7.09,473319267400,-541778050.0,1452498080.0,20240814
054950,21900,22150,21550,21750,61271,1334956800,1.16,262955151000,-13241300.0,-218166400.0,20240814
023440,1410,1450,1387,1402,308122,434722691,0.57,82279889020,44641787.0,,20240814
090470,5690,5780,5640,5730,45078,257556110,2.32,100140883620,64820680.0,-12891290.0,20240814
287410,12920,12950,12900,12910,40968,528991630,0.0,990328243060,-173989770.0,-47602910.0,20240814
137950,5040,5120,5000,5040,22424,113057010,0.0,112229782560,3157950.0,-43516810.0,20240814
033320,3435,3470,3410,3410,49972,171845950,-0.29,65180213120,6882645.0,-20.0,20240814
417500,3600,3860,3600,3750,193790,728137185,4.46,122942790000,115665790.0,75043890.0,20240814
204270,18880,19730,18510,19290,767979,14586984420,5.07,1115896909140,-467273610.0,27140570.0,20240814
026040,1793,1797,1765,1797,9632,17123871,0.22,29657310630,-57049.0,,20240814
452160,8740,8790,8420,8710,87143,750581440,2.96,83768660170,-66888580.0,,20240814
126880,3600,3710,3560,3680,91581,335136040,3.66,85394043040,55592945.0,-7390.0,20240814
322510,13600,14160,13320,13490,372346,5110523230,3.37,218480154880,-251130580.0,18677340.0,20240814
033050,905,911,896,903,63230,56798383,-0.22,29419145826,-4003882.0,,20240814
094970,4940,5100,4840,5000,142032,702268755,0.2,83741200000,-139593870.0,,20240814
418550,16430,16700,16280,16400,102575,1691648560,1.17,521065277200,156805420.0,-234529370.0,20240814
420570,17740,18370,17610,17850,23824,428467510,1.54,99497952750,80673770.0,,20240814
089790,5980,6350,5980,6150,112688,694854950,5.13,63440404950,29630190.0,,20240814
052670,0,0,0,2080,0,0,0.0,60588453120,,,20240814
412540,10150,12760,10050,11890,3348701,40041585100,18.78,244941906850,-607392250.0,-27799560.0,20240814
199820,6910,7080,6840,6930,250322,1742913640,2.82,153984600000,146341430.0,-88810.0,20240814
038010,7300,7330,7140,7160,70490,509089440,-0.83,64440000000,85535810.0,122300.0,20240814
276730,0,0,0,1000,0,0,0.0,59433025000,,,20240814
080220,14700,14850,14510,14650,446632,6556764920,3.31,504587503450,774167810.0,-39633110.0,20240814
216080,15570,15710,15470,15600,17009,264813380,0.26,278596640400,69553950.0,3275460.0,20240814
229000,2515,3265,2365,3250,6293932,19498141280,29.22,46943016250,-330266320.0,-581875.0,20240814
082270,10010,10240,10010,10170,82270,831823550,0.0,406740749580,41941750.0,-20554670.0,20240814
044060,0,0,0,732,0,0,0.0,70075958688,,,20240814
034940,1531,1558,1530,1550,27461,42416054,1.31,48018731850,8151042.0,,20240814
067000,1922,1981,1916,1925,111853,216984314,0.31,134564133550,38766979.0,25931.0,20240814
033340,1062,1077,1049,1051,227278,240648122,-0.85,101895036458,-45351561.0,,20240814
036930,28350,28700,27900,28150,385799,10896675200,2.74,1330603236150,1351351800.0,-174916500.0,20240814
072020,10740,10740,10610,10620,26344,280074770,-0.19,102575255940,84761710.0,3545860.0,20240814
000440,23800,24550,23400,24100,125269,3014302550,-2.23,150073833000,-105006750.0,-100.0,20240814
051980,10940,11420,10810,11200,1662357,18574719020,3.23,1118125142400,648122320.0,-1819250.0,20240814
228760,17250,17580,16960,17200,126335,2170405070,1.42,419032127600,-134879080.0,11327370.0,20240814
314130,4995,5420,4995,5080,369479,1939506785,1.7,77650014880,-43715835.0,,20240814
389030,1367,1382,1336,1375,38797,52850889,3.7,45858786875,19691359.0,,20240814
043610,2290,2345,2260,2290,98564,227447785,1.33,133084353020,24850595.0,12174150.0,20240814
263860,9870,10040,9420,10040,16443,162364190,2.45,94823784000,15304420.0,50.0,20240814
303030,1662,1668,1642,1657,68398,112962902,0.67,59230571876,8329449.0,-1654.0,20240814
036180,480,490,470,490,167702,80472126,2.08,45797616760,-903466.0,,20240814
208350,3030,3240,2900,2965,7449,22518545,0.68,26206297785,97330.0,,20240814
144510,31700,32350,31300,32000,24717,785420250,1.91,505611008000,85773250.0,-30052700.0,20240814
358570,10550,10880,10430,10530,289891,3106028860,1.25,465392556720,119796170.0,835482090.0,20240814
382480,2680,2695,2585,2595,447770,1174162350,-1.89,102131778300,51843310.0,-1546670.0,20240814
382800,3720,3925,3720,3880,223297,860263270,5.87,122728439080,7653150.0,-9028890.0,20240814
051160,10440,10600,9990,10200,111417,1138024980,-2.21,157839186000,-110185310.0,33340810.0,20240814
053050,4760,4955,4670,4825,8414245,40702414035,-5.02,144690155525,1929595625.0,-107657285.0,20240814
119850,6240,6390,6170,6190,145415,912269920,-0.64,101818746710,106069400.0,-25200.0,20240814
065060,386,389,371,374,173473,65529202,0.0,40395008456,6415208.0,,20240814
204840,1082,1099,1071,1086,41864,45381980,-0.18,83295541884,6035927.0,,20240814
270520,1460,1541,1460,1511,1261555,1911490035,3.85,223806944708,474544617.0,-70919156.0,20240814
311320,8390,8700,8390,8590,18203,156575090,3.0,108359070400,-4607140.0,70.0,20240814
388050,6700,6790,6650,6730,89809,602696600,1.66,125914511010,72068910.0,228610.0,20240814
018120,15990,16010,15920,15970,868,13861740,0.0,105739286400,-80.0,15970.0,20240814
109820,4245,4435,3930,4190,4327178,18335699355,1.45,85449351600,12926335.0,,20240814
086060,3945,3945,3895,3925,52319,204884685,0.0,33796553975,32051550.0,0.0,20240814
036890,8600,8640,8500,8640,34699,296847570,2.01,194246795520,31955620.0,8290.0,20240814
363250,9520,9700,9250,9250,62916,595590480,-2.84,64810041750,-120639420.0,,20240814
007370,5580,5650,5440,5500,29049,159397450,-1.43,66092823500,21010720.0,-25397640.0,20240814
285800,2780,2850,2750,2755,76710,213401340,-0.54,48149878850,30234740.0,-19605.0,20240814
085660,16400,16670,16100,16670,218057,3583871000,2.27,938761764810,1051939000.0,-28079470.0,20240814
261780,4680,4750,4610,4695,132941,623308745,0.75,125942191860,131285145.0,,20240814
094850,5190,5310,5190,5280,16120,85073230,1.54,73920000000,24151800.0,,20240814
004650,9200,9240,9200,9240,3669,33791410,0.43,84923777400,3355540.0,20.0,20240814
278280,58400,59500,57600,58700,24313,1427623400,2.8,587000000000,119411800.0,-63967000.0,20240814
362320,7700,7700,7370,7400,63813,475222740,0.27,152079546000,73504480.0,-51800.0,20240814
066360,954,958,940,957,50207,47625087,0.42,45890078355,15007181.0,,20240814
047820,0,0,0,5400,0,0,0.0,132051222000,,,20240814
094360,15990,16340,15890,16140,185610,2998366960,3.26,336085221360,580771490.0,-15699610.0,20240814
016920,1228,1228,1219,1222,16355,19985986,-0.65,32375103436,1564033.0,1726730.0,20240814
284620,3995,4170,3950,4060,33607,136956190,0.74,114414019580,-23201640.0,,20240814
293490,17080,17800,17080,17800,305499,5339696730,4.71,1471445757600,2893825090.0,-52493060.0,20240814
140430,3685,4215,3685,3840,898381,3613687515,4.35,68824116480,111205940.0,338280.0,20240814
042000,34200,34800,33150,33750,521449,17759730300,0.45,818540572500,-581075700.0,394677150.0,20240814
313760,4910,5250,4420,4460,2971762,14628113905,10.26,32508409260,-108653150.0,122335.0,20240814
317530,3140,3295,3060,3270,20380,65016355,4.14,22795810920,10417710.0,,20240814
071850,1943,2090,1910,2025,88097,177021445,4.22,49671605700,17370007.0,-509302.0,20240814
050110,1136,1175,1136,1158,281521,324210326,1.94,85488328644,46303758.0,,20240814
452300,4365,4405,3760,3815,8794299,35895095285,-6.15,53777689700,708655965.0,-18400405.0,20240814
119860,17970,18030,17960,18000,506013,9107348930,-0.22,811186632000,-396664040.0,-4476160400.0,20240814
451760,10030,10380,10030,10290,51746,532409850,2.59,153737498040,240401640.0,77484080.0,20240814
900310,640,648,635,646,70907,45541746,1.1,41370922050,1270221.0,,20240814
078340,37900,38050,36900,37600,40290,1506320000,-0.66,478939588000,-85126000.0,48479800.0,20240814
063080,23600,24200,23350,24100,15426,366221550,1.69,158944127200,44666800.0,-5285650.0,20240814
307930,5210,5330,5200,5300,23746,124927530,1.92,82733000000,39810940.0,5350.0,20240814
079190,596,623,594,596,32812,19703082,0.0,22859886344,-3737010.0,-4213.0,20240814
263700,3370,3425,3340,3425,26735,90440880,2.7,66493635000,37770490.0,-15.0,20240814
214370,16100,16270,15780,16170,83344,1337008140,2.41,868571550000,116239890.0,-17433140.0,20240814
221980,12920,12920,12750,12880,1320,17015820,0.23,51968224000,-283960.0,13168820.0,20240814
038530,274,299,274,284,648212,184447966,3.65,32862874548,5957100.0,,20240814
424140,0,0,0,2165,0,0,0.0,16692150000,,,20240814
192250,1019,1019,1004,1013,166398,168035525,0.8,71589983341,53829483.0,,20240814
115500,5680,5830,5680,5800,31625,182523740,2.65,69600000000,94388370.0,10.0,20240814
089150,2220,2285,2215,2255,12129,27186690,1.81,38673250000,95725.0,3408760.0,20240814
025880,2410,2460,2375,2420,82453,198652230,0.41,40452376360,6936920.0,,20240814
093320,64800,65200,63400,64000,18194,1164752600,0.63,312320000000,-163334500.0,-86140100.0,20240814
093640,5690,5750,5600,5600,46219,261968050,-0.88,181044606400,21011280.0,-158730.0,20240814
073010,4985,5030,4725,4870,432572,2105289145,0.21,195731387500,-88831640.0,1125105.0,20240814
105330,5900,6050,5840,5970,17364,103355740,1.53,95878367160,-17354530.0,,20240814
053080,14280,15000,14180,14560,219724,3178601920,3.7,189277189920,47833990.0,-327160.0,20240814
199430,8120,8450,8120,8310,59236,489846320,2.34,90310695030,139424490.0,1957820.0,20240814
432470,18410,18850,17410,17420,417224,7545643080,-8.36,151110765520,312926650.0,-354610.0,20240814
272110,18000,18710,16500,16960,144280,2536750690,-5.15,135262699200,318644770.0,-65384850.0,20240814
039420,2515,2535,2515,2535,17923,45207505,0.8,61232240550,5198265.0,75985.0,20240814
083550,4075,5050,3930,4705,5890943,27706358415,16.32,58220733330,89579365.0,0.0,20240814
032500,11150,11470,11110,11420,49066,554572060,2.7,454754483860,159896780.0,-22735680.0,20240814
225430,876,912,868,876,135816,119190320,0.0,24429055800,-2769318.0,,20240814
102370,3315,3410,3315,3400,62568,210219420,2.87,92579314000,62986410.0,15.0,20240814
068100,4160,4255,4130,4215,38910,163136955,1.32,41895473010,49710240.0,2217965.0,20240814
036030,4125,4210,4125,4185,30199,126183305,1.7,205145699355,11121795.0,-690615.0,20240814
064820,5760,5850,5600,5820,157827,899399250,1.04,179848056960,73981830.0,-20110280.0,20240814
256940,5200,5340,5110,5250,52111,270886010,3.14,98430454500,81013040.0,-231000.0,20240814
024880,5160,5430,4980,5030,294493,1517548335,-1.95,104034473940,-123706225.0,-14975665.0,20240814
042040,321,325,320,321,184004,59214147,0.0,56001954357,1410196.0,-25271.0,20240814
054410,4235,4480,4195,4205,2314,9934315,-1.64,24079697020,152650.0,,20240814
258610,1520,1550,1510,1548,35796,54518055,1.84,41466481884,3308401.0,,20240814
274090,11420,11500,10950,11250,99601,1107846580,-0.27,145273792500,-81759900.0,-17200230.0,20240814
089010,24550,25000,23100,23750,388688,9351754650,-1.04,364190717500,99399700.0,2460000.0,20240814
220260,5490,5590,5420,5450,228803,1250981900,-0.73,144742773150,284317840.0,30.0,20240814
052400,15410,15410,15110,15280,9536,145745150,0.26,227671984720,-454840.0,32376590.0,20240814
402030,14120,14620,14120,14490,20939,302882980,2.77,165500259120,89759710.0,-2510200.0,20240814
391710,2300,2355,2300,2345,49256,114737460,3.08,97325055590,48326210.0,-182785.0,20240814
046070,0,0,0,257,0,0,0.0,10996016392,,,20240814
047770,1276,1293,1276,1277,35656,45599035,-0.7,48325002754,1486164.0,,20240814
080530,1871,1929,1870,1891,24929,47449378,1.07,77042611430,-6204910.0,,20240814
104540,6880,6980,6880,6940,7301,50423380,0.73,88733035600,18987540.0,27760.0,20240814
027050,2610,2670,2610,2645,113026,301659910,2.12,105800000000,27613640.0,,20240814
190650,5650,5680,5600,5680,3187,17977220,1.25,36283840000,-73220.0,,20240814
123410,5990,6210,5780,5890,5781226,34830086760,10.3,163983866960,1267572760.0,799791510.0,20240814
036690,0,0,0,2885,0,0,0.0,45885746130,,,20240814
049430,8430,8560,8430,8560,19562,175285460,1.78,77450880000,25465850.0,0.0,20240814
183300,70000,76800,68500,70500,570878,41083189400,4.29,737478222000,-2109512600.0,-3613218300.0,20240814
041960,4020,4085,4015,4080,67336,272270985,1.49,288138710640,109350810.0,2535030.0,20240814
089890,10650,11030,10650,10810,130428,1413186040,2.95,179283439220,248014710.0,14418650.0,20240814
360350,8590,8850,8590,8790,32605,285672580,2.81,49768716300,78794070.0,1693150.0,20240814
082660,0,0,0,480,0,0,0.0,47827617120,,,20240814
222040,3330,3460,3230,3300,15487,51108400,1.07,68072400000,-14975000.0,-2115110.0,20240814
241710,75800,78000,73500,73900,234972,17819316000,0.27,789252000000,1588546000.0,2895399300.0,20240814
355150,11060,11220,10760,10920,17326,189906240,-1.27,85147062000,-37757640.0,0.0,20240814
166480,10630,10790,9980,10660,35113,371400600,0.57,350398208160,11626550.0,0.0,20240814
045970,6950,6960,6650,6660,233699,1579962860,-1.33,175257074160,-42610070.0,-26674880.0,20240814
196450,1263,1277,1239,1245,60387,75331016,-1.43,56422879590,-3734604.0,,20240814
384470,8400,8650,8260,8530,42274,356725030,2.77,109457505920,58743790.0,-272540.0,20240814
029960,7400,7400,7320,7330,65021,477514920,-0.27,366500000000,-38869630.0,-12449890.0,20240814
102940,22750,22750,21850,22500,17620,390575650,1.12,279526207500,42878800.0,-178531100.0,20240814
950160,16250,16390,15940,16270,143757,2319928210,0.81,1292918490700,140947870.0,,20240814
033290,2300,2355,2300,2330,57131,133381815,2.19,130844181330,47286520.0,2460375.0,20240814
056360,4355,4635,4355,4440,37274,166854380,1.49,43497792000,-13141465.0,9198965.0,20240814
282880,14810,15160,14800,15090,37161,557414150,2.79,168129867630,148503380.0,46819930.0,20240814
121850,994,1017,985,1004,55717,55545052,2.03,30736631700,14259584.0,,20240814
448710,22500,22850,21750,21850,109970,2448146600,-2.46,112566655200,-131273600.0,66436600.0,20240814
126730,11510,12490,11510,11700,147547,1773865620,3.17,99490482000,72496900.0,24302680.0,20240814
015710,3690,3735,3650,3720,23345,86202205,0.81,65213460000,28910870.0,,20240814
052330,7540,7560,7450,7500,43684,327138930,-0.4,116809140000,57709690.0,-163907870.0,20240814
322780,987,1030,986,1013,60671,61062579,2.74,38425736969,5693219.0,-13201226.0,20240814
200130,15420,15850,15350,15780,98982,1542943450,2.73,464177505240,-53424540.0,285042510.0,20240814
294570,13570,13740,13260,13630,18893,255755570,3.02,139771356550,59824600.0,-25980290.0,20240814
317690,18480,19200,17090,17260,3406053,61526556730,-9.16,285435713860,-36957110.0,-11616870.0,20240814
078940,0,0,0,2855,0,0,0.0,151584163690,,,20240814
227100,1259,1270,1234,1259,54544,68046130,0.0,19741893026,-824035.0,,20240814
432720,12010,12060,11610,11760,125795,1487056020,1.64,159672481920,94370540.0,2694920.0,20240814
365270,6340,6700,6200,6620,174563,1134673790,7.12,91845668160,80089610.0,-166040.0,20240814
348080,1157,1260,1064,1247,2749992,3201639594,9.96,52563556470,357311562.0,-87245796.0,20240814
060280,8930,8990,8820,8880,101036,898986950,1.02,364879111200,290650570.0,-103400500.0,20240814
372320,31350,31350,30050,30250,61500,1863886250,-0.82,426226281250,6610650.0,46652550.0,20240814
051780,312,318,310,316,112641,34613037,0.96,43109494200,1452594.0,-1091361.0,20240814
115180,4480,4700,4340,4490,345884,1560133055,0.22,133863014610,-108243450.0,,20240814
445680,22550,22650,21100,21250,98177,2130740650,-4.06,170709622500,-332158850.0,-16886750.0,20240814
182360,13180,13180,12830,12840,56398,728053230,-1.98,177252181080,-189988660.0,-155501730.0,20240814
405100,13950,14190,13900,14140,54606,769232930,3.06,173770716140,140154020.0,-28510.0,20240814
066310,7510,7690,7510,7630,9214,70126350,0.79,70742468230,25789640.0,-5000150.0,20240814
016600,321,326,319,324,576910,185883723,1.25,57752064288,9458597.0,-9774221.0,20240814
355390,16320,16530,15360,15510,30063,470840610,-3.06,64399071000,-30265720.0,-325550.0,20240814
096240,15990,16080,15940,16040,28202,451160920,0.38,181864407200,236217460.0,-15976840.0,20240814
040350,850,875,838,853,399210,341581853,1.55,125054434349,-2543558.0,22158.0,20240814
110790,7550,7550,7340,7340,21926,162532500,-2.78,171983246400,-44309670.0,74159720.0,20240814
900250,932,935,921,932,225750,210081573,0.0,121756483728,18495287.0,,20240814
045520,5760,5950,5640,5700,10779,61554510,-1.04,37050000000,6133620.0,11540.0,20240814
036170,995,1024,988,1021,382330,387770137,3.87,62654304146,25958383.0,,20240814
214150,47800,47800,46200,47450,111413,5224690450,1.71,3036777176550,280149850.0,166032900.0,20240814
352770,1197,1250,1194,1207,320471,388605204,1.17,46935538391,46360487.0,-105375.0,20240814
237880,31850,32100,31250,31600,73643,2325269850,0.64,571054754800,-440711050.0,573811550.0,20240814
139670,3260,3425,3260,3340,39061,129223260,2.61,47156825400,32295160.0,,20240814
413600,0,0,0,2240,0,0,0.0,7683200000,,,20240814
433530,0,0,0,2460,0,0,0.0,10098300000,,,20240814
446840,2200,2255,2195,2195,13144,29019740,-0.23,12906600000,214715.0,1112815.0,20240814
054780,4825,4855,4800,4850,13482,65087480,0.73,94806796050,13081445.0,-636710.0,20240814
219130,19500,20300,19350,20000,38538,767015020,4.66,126285800000,194752190.0,-41568160.0,20240814
360070,41300,42500,41100,42200,36719,1533649350,4.2,340838554600,185750300.0,-12984000.0,20240814
065130,4370,4525,4310,4515,32469,144287860,5.49,77612768730,5829885.0,,20240814
134580,2205,2425,2205,2360,69135,162303620,7.27,51980810120,7825950.0,23445685.0,20240814
023160,14010,14360,13810,14350,604285,8511684960,2.5,380275000000,-232685060.0,456631320.0,20240814
323280,13000,16750,12910,16750,7890433,123640538800,29.95,432497227500,2982891510.0,75297020.0,20240814
053620,6670,6670,6500,6630,5328,34983630,-0.45,57018000000,-440.0,-273060.0,20240814
044490,16270,17430,14460,14890,749337,11675456000,-6.65,297909903090,462250950.0,351888610.0,20240814
124560,3380,3410,3170,3215,649084,2107276420,-4.88,123509317560,-195146590.0,-424547025.0,20240814
191420,18990,19400,18800,19000,11188,213499530,0.05,154067846000,-50749560.0,,20240814
073640,0,0,0,654,0,0,0.0,62514162216,,,20240814
066700,3650,3710,3640,3705,33633,123552240,1.65,120317781675,18853715.0,-6888800.0,20240814
095610,18800,19720,18650,19150,332280,6396222070,4.02,378561527900,-648919180.0,526333320.0,20240814
064520,3030,3030,2965,2995,5386,16151320,0.0,66941430690,670730.0,,20240814
089030,43700,45250,42800,43050,1374551,60345340800,2.62,1608074417250,261301000.0,2194259450.0,20240814
054450,14620,15030,14620,15000,74722,1110856960,4.24,227163495000,227424360.0,-118790.0,20240814
200230,700,715,697,709,147084,103755474,1.43,85257416615,37519637.0,,20240814
393210,6430,6640,6420,6530,113650,742350280,2.35,101962972320,166767220.0,22776510.0,20240814
215480,2975,3020,2975,2995,6640,19931625,-0.33,28153000000,2408105.0,,20240814
051360,20500,20800,19870,20100,103221,2090984400,-0.99,324957865800,167212910.0,-362863230.0,20240814
045340,5000,5140,4925,5140,9961,49648225,2.8,43988325600,-6081750.0,,20240814
108230,6890,7020,6860,6940,131227,908197700,1.17,263881320300,134146730.0,180690.0,20240814
079970,0,0,0,188,0,0,0.0,17466140564,,,20240814
199800,70500,75200,70500,75000,44574,3254903400,7.76,595571850000,592348300.0,21190600.0,20240814
417790,9380,9400,9170,9330,48034,446915240,0.97,102626734500,93302190.0,-51015940.0,20240814
290090,8060,8270,7800,8250,10850,87318920,2.1,61283211000,-295890.0,0.0,20240814
026150,7070,7250,7030,7080,98238,699190850,0.57,124228023480,125060430.0,50450.0,20240814
322180,5350,5420,5240,5350,63827,338122310,-0.93,88379191250,-43998350.0,,20240814
117730,9200,9390,9000,9230,80303,739464160,3.01,164636063800,197146170.0,-9830440.0,20240814
033830,764,764,752,762,66658,50587156,0.93,76200000000,,-744.0,20240814
057680,992,1001,985,990,64416,63814112,-0.2,70536015990,12395126.0,,20240814
204610,1085,1102,1085,1095,130153,142139583,1.2,69917633400,27316617.0,,20240814
064760,106300,110500,106300,110000,66816,7236630000,5.06,1284250000000,388362500.0,1159437600.0,20240814
246710,6370,6560,6370,6510,16861,109231950,2.52,140269850280,25646060.0,,20240814
340570,62700,68000,62100,65000,523446,34189471800,5.01,528320000000,-1845497700.0,2250561700.0,20240814
043220,484,504,476,483,614752,300500690,1.47,67743484746,-26476389.0,-156704.0,20240814
277880,6370,7000,6370,6790,94767,640260960,6.93,136892049280,40690830.0,,20240814
131290,46700,49650,46350,48900,123095,5962144750,8.67,540903878100,885411650.0,147722850.0,20240814
425420,21450,22950,21450,22200,63388,1415449150,6.47,252658200000,-30583350.0,340718000.0,20240814
131100,1516,1574,1494,1571,36533,55723411,3.63,44063803892,4106917.0,-927187.0,20240814
356860,15960,16400,15910,16060,128649,2075319110,2.95,157912037800,506811420.0,-484504630.0,20240814
062860,0,0,0,5800,0,0,0.0,57261776000,,,20240814
321550,6410,6470,6270,6360,53978,343578310,-1.7,165522135480,-150169620.0,12720000.0,20240814
425040,11990,12020,11810,12000,63968,763249470,3.0,255792744000,99136890.0,-26342090.0,20240814
241790,8000,8180,7940,8150,56125,450707400,2.77,81521467100,64225560.0,69374560.0,20240814
104480,1402,1435,1402,1417,45495,64493633,1.21,128798829978,-8867606.0,9887.0,20240814
081150,2935,3100,2935,3055,179317,540850585,4.09,74139968110,76111775.0,8964620.0,20240814
130740,1958,1958,1841,1941,20413,39492725,-0.87,21888033939,1587574.0,,20240814
084730,11900,11970,11740,11880,57952,685569460,1.19,131979957120,23537870.0,-60466490.0,20240814
440110,14440,14580,14190,14400,128885,1857383560,2.93,708325344000,169590150.0,-546750.0,20240814
033540,2030,2060,1989,2000,1051979,2117010552,-4.53,75502126000,-15347334.0,,20240814
388870,10000,10100,9830,9960,48990,488410520,0.0,128672861520,96016000.0,12760670.0,20240814
043200,605,611,585,585,155547,92652515,-3.31,24455524275,-5899093.0,,20240814
214450,174200,185400,173000,184400,493254,89710250400,7.02,1927494476000,9444818500.0,1591827800.0,20240814
208340,0,0,0,2915,0,0,0.0,233786229820,,,20240814
177830,3110,3295,3110,3190,83358,263806495,2.41,45581122070,36122030.0,12669880.0,20240814
037070,7310,7350,7080,7160,117658,848385050,-0.83,143200000000,66067350.0,-19840.0,20240814
150900,5830,5960,5830,5920,24607,144843740,2.78,69124418240,12475670.0,101601210.0,20240814
037030,2420,2455,2400,2405,56683,137316585,-0.62,49565611810,-12269785.0,,20240814
047310,5650,6350,5610,5890,1132900,6818646310,4.43,215637346950,-30124670.0,-200.0,20240814
368770,3915,4140,3705,3850,1148067,4406258405,7.84,126488766250,-287676510.0,72467520.0,20240814
170790,8620,8790,8510,8680,12850,111001870,0.7,59512944400,8081160.0,,20240814
049120,1323,1337,1225,1334,19255,25093750,0.91,58051682002,-404148.0,,20240814
038950,4055,4135,4040,4135,1299,5316690,1.1,42221513275,101760.0,30.0,20240814
441270,7230,7340,6920,7190,618489,4406930970,0.7,265943008190,781251050.0,-28206890.0,20240814
106240,1121,1129,1100,1114,23973,26775171,-0.62,17738285498,2517411.0,,20240814
131760,820,828,807,818,59173,48069974,0.12,35527034894,3178621.0,,20240814
065690,964,981,957,980,7722,7508508,1.66,13768344380,-81040.0,,20240814
140860,185100,187600,183200,186900,25465,4731421500,2.98,1304666477100,2227579800.0,-1190932900.0,20240814
091700,7430,7490,7370,7490,105791,787668560,1.63,441297422860,29799240.0,44457700.0,20240814
032800,175,176,174,175,664016,116057631,0.57,40212426450,20501299.0,,20240814
318010,5960,5990,5710,5710,6774,39535860,-3.71,45276519980,-784500.0,-330450.0,20240814
027710,1426,1440,1420,1433,411451,588546814,0.49,159659987800,87886580.0,748989.0,20240814
225590,901,906,882,882,50872,45298808,-2.22,23493580866,3638930.0,334768.0,20240814
054300,565,572,550,567,81476,46092496,1.98,37981002465,300038.0,,20240814
068050,2125,2170,2115,2160,16554,35602470,1.89,59819204160,-2328325.0,122130.0,20240814
222110,4285,4390,4260,4380,2468,10689830,1.27,49996311540,-34445.0,,20240814
271830,2295,2385,2295,2320,40580,94491685,0.43,68417268640,-4310825.0,,20240814
263750,45100,45500,43800,45350,302856,13585796600,1.57,2913640224250,1238650100.0,-864568800.0,20240814
251970,38600,39900,37750,38300,160583,6258649300,1.59,474920000000,427711950.0,888597250.0,20240814
168360,4200,4270,4180,4220,136739,578383335,2.3,89836558480,237998875.0,-659880.0,20240814
087010,62300,65800,61200,62500,1326815,84253596300,1.63,1291084375000,-337731100.0,1335211500.0,20240814
064800,1584,1679,1426,1458,23771945,36269493777,-11.58,186343040484,-112260387.0,-1246861.0,20240814
119500,2970,3030,2940,3025,38183,114152805,2.2,35837876800,5118355.0,-10.0,20240814
389140,6450,6460,6320,6430,28580,182758500,2.39,71454886050,67172670.0,168550.0,20240814
105760,7500,7710,7480,7620,78221,593860390,3.11,71288795700,41203590.0,-55173890.0,20240814
009520,16250,17540,16230,16770,322033,5367953220,5.01,698348129310,855495450.0,-40934060.0,20240814
189690,2480,2510,2475,2490,57135,142080545,0.4,68031702810,32162795.0,0.0,20240814
318020,4550,4590,4435,4580,25017,112853805,2.0,57993205760,5892790.0,-71770.0,20240814
256630,1245,1256,1220,1250,67757,83933864,0.56,72496340000,2832084.0,,20240814
331380,4085,4210,3985,4165,103331,423109710,1.96,80909040100,40016360.0,,20240814
472850,5280,5360,5280,5310,19473,103672090,0.0,171746284230,15995320.0,10620.0,20240814
039980,2235,2310,2185,2205,1244374,2761491265,2.32,159096873285,26544775.0,-1545.0,20240814
041910,7020,7210,7020,7180,17741,126194030,2.57,91173528340,27210490.0,-410910.0,20240814
234100,1460,1528,1460,1513,222450,333132741,3.7,82222847224,63060378.0,105000.0,20240814
041020,5400,5460,5340,5400,706242,3811610310,3.45,268517689200,781525850.0,-415661380.0,20240814
114630,589,598,585,592,89590,53011102,0.85,46032468416,-7945620.0,,20240814
290720,3275,3450,3210,3390,113648,379635595,4.15,45436366620,-13440665.0,-215265.0,20240814
005670,4970,5100,4970,5070,23257,117434835,1.4,50700000000,18199410.0,-212895.0,20240814
094940,6410,6670,6410,6560,34912,227662060,2.98,54850692160,55048940.0,-20.0,20240814
057880,0,0,0,8790,0,0,0.0,216061434720,,,20240814
007330,8480,8500,8340,8500,7854,66143670,0.47,128203800000,3847540.0,,20240814
093380,3555,3590,3555,3590,8210,29281370,-0.14,35466733670,-1493455.0,-299045.0,20240814
023900,11240,11350,11150,11290,9205,104016050,1.26,142254000000,4438550.0,55350.0,20240814
371950,10600,10830,10400,10480,37324,392353750,-0.76,220504314240,-84157940.0,-46920.0,20240814
370090,14700,15980,14700,15530,59239,917690470,6.81,127063819900,121031100.0,285401980.0,20240814
445180,8560,8670,8440,8530,35345,300682680,0.83,143041173640,-29531220.0,-5630.0,20240814
151910,0,0,0,640,0,0,0.0,121645902080,,,20240814
220100,20950,21600,19280,19350,739506,14894272000,-6.52,427676699250,-803937940.0,-488616270.0,20240814
035200,2750,2800,2720,2750,26006,71573270,-0.36,26759122500,3798270.0,2605.0,20240814
334970,6070,6250,5930,6230,365549,2236164870,3.32,383154151870,-145581380.0,-118790.0,20240814
321260,2590,2670,2565,2625,408537,1071813900,2.94,74004220500,106622265.0,351825.0,20240814
053610,26700,30400,26700,29500,458023,13341774000,11.32,324500000000,-942372900.0,961946100.0,20240814
303360,2765,2830,2700,2785,65077,179088145,2.01,35863043775,19619375.0,-118073755.0,20240814
377220,1793,1834,1755,1821,54595,98848126,1.17,51552510000,12634217.0,7.0,20240814
335810,4130,4215,3935,4000,27064,108593250,-2.56,46458104000,810850.0,-4270910.0,20240814
053160,8800,8870,8640,8760,20334,177809560,0.57,52560000000,36138940.0,50.0,20240814
405000,2265,2285,2245,2260,60366,132019120,0.67,45730347420,28249195.0,,20240814
041590,0,0,0,789,0,0,0.0,103917099150,,,20240814
367000,4915,5200,4915,5030,20168,101965590,2.44,42192681210,6122815.0,494115.0,20240814
075130,2050,2095,2030,2050,6687,13696205,0.24,34075756000,591960.0,,20240814
237820,5730,6080,5730,5820,115221,674056140,2.11,74653954800,47154000.0,,20240814
023770,6630,7460,6510,7310,176413,1242357360,10.26,64085454200,154683510.0,-14243950.0,20240814
019570,426,505,385,418,26477859,12109244098,-2.56,21932476720,10452635.0,,20240814
300080,19000,19320,18860,19250,11327,216308600,3.66,105909977250,109802610.0,-461840.0,20240814
032580,1238,1284,1238,1263,245393,310852396,2.1,41845796832,131133647.0,,20240814
051380,2675,2730,2675,2700,23026,61969315,0.93,41418194400,2318020.0,-2685.0,20240814
241820,1616,1800,1536,1773,8251950,13876007561,13.8,100487682720,-66019028.0,-5577517.0,20240814
237750,5000,5100,4965,5080,38430,193354000,2.32,33002728000,35314605.0,106430.0,20240814
460940,13820,15910,13520,14030,2564922,38576678920,3.77,90798512200,225494760.0,110774110.0,20240814
319660,30600,31600,29900,30450,498509,15360183350,2.53,882036441300,-1298993050.0,-716907800.0,20240814
031980,48750,54500,48150,51300,945268,48926772100,9.38,1106150863500,-1151423250.0,2097929400.0,20240814
002230,4050,4130,3985,4100,18675,76193985,1.99,79419759300,53995.0,,20240814
043370,11690,11840,10700,11060,306848,3432199300,-4.41,232260000000,562448780.0,371702890.0,20240814
239890,11550,11860,11430,11660,87297,999417020,2.46,115850903300,139490950.0,-16864800.0,20240814
347740,2515,2515,2485,2510,48353,120819680,1.62,75326545760,21397450.0,,20240814
137400,58200,59200,56700,57800,884323,51195434300,0.0,1372350370800,-6467160300.0,46119400.0,20240814
257370,0,0,0,9210,0,0,0.0,115169769810,,,20240814
147760,3705,3855,3670,3800,26491,99766045,2.56,41115490800,34752910.0,-3720.0,20240814
128660,3315,3365,3315,3350,41421,138578425,1.06,83091286150,69336840.0,,20240814
006140,5850,5910,5820,5860,16633,97293870,0.34,87900000000,21470840.0,,20240814
376180,2725,2815,2725,2785,90169,249663685,2.77,51498487730,50396690.0,,20240814
304840,3915,3970,3815,3850,362875,1405983675,-0.13,81194436400,159685250.0,-20494770.0,20240814
062970,2000,2050,1980,2030,131597,265128242,1.55,20032870270,33078516.0,,20240814
087600,7320,7630,7320,7500,16163,121349100,2.74,61249185000,65843150.0,-7594050.0,20240814
291810,2180,2225,2180,2215,7846,17259825,1.61,25157332080,-3250040.0,,20240814
378340,14200,15080,14100,14470,477349,6981888190,4.18,308006712540,518780720.0,-728990.0,20240814
161580,17470,19700,17310,17770,1531296,28311829720,3.86,405923308600,-1668501570.0,53745880.0,20240814
347770,2510,2740,2510,2700,64534,171526880,5.88,61714013400,70422725.0,-110.0,20240814
163730,6790,6840,6740,6830,6949,47083190,1.04,63932952640,12103720.0,30.0,20240814
417180,2410,2525,2390,2450,40238,98454925,1.45,41011542250,-13193585.0,-29580.0,20240814
446750,2200,2200,2195,2200,3007,6615390,0.0,13266000000,-19790.0,4879600.0,20240814
448370,2160,2185,2160,2170,19194,41633305,0.46,12195400000,-75970.0,19970330.0,20240814
454750,2130,2145,2120,2145,15518,33082445,0.0,15448290000,359570.0,20951470.0,20240814
454640,2150,2190,2145,2180,11105,24113880,0.93,11774180000,65510.0,14343640.0,20240814
469880,2110,2115,2095,2115,20493,43151515,0.24,15450075000,6288970.0,-7887430.0,20240814
469900,2100,2135,2100,2130,3422,7297835,0.24,11938650000,-260470.0,7251240.0,20240814
475240,2205,2205,2195,2200,223,490205,0.0,7040000000,300.0,,20240814
475250,2175,2185,2160,2185,1537,3344285,0.69,8084500000,-21750.0,,20240814
406760,0,0,0,2135,0,0,0.0,15820350000,,,20240814
418170,0,0,0,2380,0,0,0.0,14303800000,,,20240814
430230,0,0,0,1762,0,0,0.0,14103048000,,,20240814
435620,10130,10180,10130,10180,4636,47112390,0.3,43794360000,20.0,-891540.0,20240814
299030,29500,30250,29200,30100,47059,1398792500,3.44,245934849300,78406950.0,-942450.0,20240814
067310,15140,15560,15040,15350,480694,7355823860,4.49,800801441250,2702047400.0,-918434280.0,20240814
166090,41500,42350,40800,41250,169142,7039190100,2.87,815829052500,1125589950.0,507246350.0,20240814
136480,2865,2890,2855,2875,353733,1016084450,0.7,305352893250,234654445.0,-4709055.0,20240814
003380,5530,5640,5460,5640,152928,855537990,2.17,631711702440,499026550.0,-17230340.0,20240814
450330,12450,12600,12010,12120,246668,3036760380,-2.26,94972429080,36417270.0,1584840.0,20240814
101670,3260,3810,3260,3340,2254173,7928889230,2.77,170628342200,-519353715.0,0.0,20240814
365590,1109,1109,1065,1088,73765,79550530,1.68,157158672192,26712747.0,,20240814
149980,7620,7780,7540,7620,90336,690679950,1.6,141666186060,42870590.0,199490.0,20240814
013030,27100,27400,26500,26900,70488,1884718500,-0.19,345827745000,706056450.0,-316189500.0,20240814
126700,20900,21050,20400,20650,199367,4147930650,0.49,308554612800,344556500.0,-26998750.0,20240814
106080,4640,5000,4600,4785,25000,119523530,3.13,75294200025,26117025.0,,20240814
450050,2150,2165,2150,2165,8361,18016665,0.23,10855310000,-140195.0,122135.0,20240814
160190,12930,14180,12710,13100,3201422,42987059090,1.55,404632800000,227837650.0,-3085330.0,20240814
221840,2005,2025,2000,2020,8268,16645580,0.75,37775133220,108595.0,,20240814
106190,17240,17480,16370,16980,60524,1021491870,-0.7,180551277540,-111852050.0,89830990.0,20240814
065650,1309,1319,1287,1292,159075,206117862,-1.3,135766007308,-2310787.0,,20240814
066130,5440,5610,5320,5500,276669,1512847630,2.23,70400000000,-108287090.0,20884410.0,20240814
004590,3700,3740,3690,3720,14088,52326215,0.54,55800000000,2227510.0,-5692485.0,20240814
039340,5410,5470,5400,5420,42254,229055290,-0.37,124660000000,24477590.0,54270320.0,20240814
034950,85100,85800,84600,85600,791,67442000,0.59,388667998400,38045800.0,2221500.0,20240814
222980,3975,4115,3935,4045,29044,116598450,2.15,44622348735,-3879800.0,46775215.0,20240814
256840,6130,6280,6030,6050,1273725,7810968120,-0.17,410870280150,-717135560.0,2235010.0,20240814
219750,0,0,0,967,0,0,0.0,63267797795,,,20240814
025550,3080,3120,3080,3100,35977,111355270,0.81,72230000000,25538260.0,3110.0,20240814
017890,9820,9940,9760,9910,44345,437000590,1.75,214113081600,15955280.0,496580.0,20240814
080720,6110,6300,5880,6060,76915,469645180,-0.82,47951737680,8086880.0,,20240814
063570,4900,5140,4900,5100,98120,493385575,4.51,174153412800,112237585.0,-43980.0,20240814
041460,3605,3640,3600,3620,19527,70774955,0.84,68780000000,23956165.0,15.0,20240814
101680,2290,2405,2290,2405,34815,82811920,4.11,20211620000,681635.0,,20240814
039740,2735,2800,2710,2710,10221,28264685,-0.91,21729855870,-253155.0,,20240814
053300,3960,3965,3910,3965,29317,115571950,0.38,168279996365,22504060.0,-1512005.0,20240814
025770,8080,8240,8060,8060,22506,182690420,-0.62,301800824260,-20506380.0,21582520.0,20240814
436610,3385,3390,3265,3390,47762,158603280,0.15,20407800000,-58482240.0,302205.0,20240814
458610,2235,2265,2220,2245,2715,6036370,0.45,9496350000,15895.0,,20240814
464440,2190,2195,2170,2190,16341,35651640,0.0,9460800000,-32820.0,30307950.0,20240814
477530,2135,2150,2135,2150,26054,55970050,0.7,10341500000,208550.0,1331080.0,20240814
479880,2060,2075,2060,2070,15040,31063345,0.0,14220900000,,20210525.0,20240814
023760,577,588,577,583,98464,57363636,0.52,184000382808,1802702.0,-1545954.0,20240814
054040,5530,5740,5460,5580,344452,1928473590,1.45,89677798200,131118920.0,59820530.0,20240814
021650,2425,2470,2330,2470,40913,98356380,2.07,40385890610,6733235.0,-5356820.0,20240814
053590,0,0,0,334,0,0,0.0,52484809098,,,20240814
032300,17630,17900,17470,17750,26057,459788890,0.74,193593942750,47459150.0,-11577380.0,20240814
037230,1927,1945,1871,1891,27919,52970170,-2.02,56352418357,-705147.0,7202051.0,20240814
030520,18410,19150,18400,18900,430971,8090010030,3.62,456997161600,69713580.0,1449198900.0,20240814
052600,3900,3980,3870,3890,12532,48980630,0.26,44982793000,-178620.0,3920.0,20240814
256150,7140,7170,7100,7160,11388,81309410,0.14,60108200000,917350.0,14337160.0,20240814
092460,7180,7280,7000,7280,43491,310401780,1.68,124558470400,12480080.0,,20240814
452190,4655,5100,4600,4720,6329765,30704060805,-3.87,108549413040,582754055.0,,20240814
047080,1355,1375,1339,1373,24940,33871013,1.33,34081103026,-389342.0,,20240814
452280,11550,12700,11550,12500,5962751,74004525070,9.08,212531250000,339715040.0,-10848860.0,20240814
066980,1897,1960,1895,1960,115716,224186900,4.2,101792845000,75947201.0,,20240814
114810,10350,10580,10220,10360,128961,1339384740,1.27,301612482640,126256830.0,-212405710.0,20240814
070590,1166,1204,1129,1129,58595,67702306,-3.17,15669979209,-3144588.0,,20240814
226440,0,0,0,1530,0,0,0.0,100580954580,,,20240814
042520,10780,11050,10650,10790,12006,128822500,0.09,145949499930,-5089570.0,43160.0,20240814
430690,4585,4630,4510,4585,55948,255300685,2.23,49955074295,84807275.0,-9097165.0,20240814
078350,16990,18110,16990,17700,356442,6156909520,6.95,269825561400,-398422030.0,105608070.0,20240814
045100,18050,18320,17950,18200,47350,858399840,1.96,327600000000,188144240.0,-3585160.0,20240814
320000,3005,3035,2760,2850,339896,967096585,-3.23,79702036950,-12851755.0,,20240814
091440,7140,7430,6650,6840,77048,527467180,-4.2,99909629640,-55244300.0,,20240814
024740,2180,2230,2175,2225,322954,712971915,0.68,70159914850,131397775.0,,20240814
005860,4690,4765,4625,4730,812474,3832191135,-2.27,186379430050,419898155.0,,20240814
007770,12320,12540,12050,12230,3384,41432260,-0.57,42927300000,5356260.0,,20240814
198940,1057,1060,1040,1050,203027,212843434,0.1,40869126900,25600555.0,,20240814
058450,2740,2740,2520,2540,51135,131263665,-5.22,36709271260,-1456700.0,,20240814
107640,45750,50900,45750,48950,1219233,59495499200,10.0,428383281700,2325332950.0,1020963200.0,20240814
079170,7210,7370,7050,7200,86270,622036860,-3.49,37440000000,-13299980.0,,20240814
054920,2505,2550,2460,2505,37839,94867995,0.0,70683787905,8243425.0,103545.0,20240814
002680,763,775,760,762,44125,33723770,-0.91,24625400838,-828110.0,,20240814
430460,0,0,0,2215,0,0,0.0,13112800000,,,20240814
455310,2180,2180,2145,2170,5166,11179065,0.7,10980200000,0.0,7633015.0,20240814
034810,6910,6990,6890,6970,15383,106651750,1.46,226921293290,15987620.0,,20240814
03481K,8200,8230,8010,8080,315,2535780,-0.12,11222489760,-8130.0,,20240814
059270,9920,10060,9660,9760,134500,1322283950,-1.41,108734198240,-26798310.0,,20240814
076610,1422,1448,1409,1419,37797,53674302,-0.28,36118087962,3480874.0,-570925.0,20240814
220180,3110,3355,3090,3260,51201,164968460,5.67,63270080000,10677010.0,-20258230.0,20240814
900270,241,245,238,242,418498,100823980,0.83,36852325312,39874269.0,,20240814
214180,13340,13340,13190,13280,9641,127860770,-0.08,176055416800,-8672190.0,5233420.0,20240814
234340,17560,18580,17560,17660,36195,646199680,0.8,166939980000,-18053170.0,-43370030.0,20240814
084990,4255,4335,4185,4305,108819,462749905,1.18,198429491085,67376070.0,-1110375.0,20240814
170030,6280,6310,6200,6300,50459,316477170,3.96,96642000000,80198930.0,50090.0,20240814
319400,2935,2965,2920,2945,167541,492987575,0.51,346747415810,28526485.0,91671125.0,20240814
048410,19510,20800,18910,20600,779731,15604683600,7.4,820325124800,2832255540.0,-71045420.0,20240814
052260,5710,5760,5610,5610,238715,1356966020,-1.23,168300000000,99091480.0,35981600.0,20240814
016790,0,0,0,994,0,0,0.0,187340898626,,,20240814
041440,7770,8020,7640,7810,1065192,8353149680,1.96,139923522640,295364250.0,7820.0,20240814
039010,5800,6220,5750,6120,73908,442021650,5.52,52785000000,-13514670.0,-96170.0,20240814
090850,5390,5460,5340,5430,46083,249089260,0.74,128942740230,88704040.0,1642820.0,20240814
460930,13350,13630,13260,13600,111155,1493875200,3.03,479724645600,357129830.0,-5119460.0,20240814
092300,3240,3300,3235,3255,51415,167479860,0.62,60780016080,19852225.0,,20240814
138360,855,855,835,836,22124,18548237,-0.59,40419135328,-1438169.0,,20240814
011080,592,625,592,611,84269,51398602,3.74,15582555404,2692261.0,,20240814
060560,1021,1028,1019,1025,97651,99825527,0.49,130861263125,12523411.0,527340.0,20240814
064240,2690,2790,2690,2790,47353,130161595,3.72,97756053480,38492710.0,-12270.0,20240814
039610,10770,11330,10760,10880,1104985,12180521050,1.02,113265152000,384934520.0,58421610.0,20240814
126640,1305,1327,1305,1324,32285,42592037,1.46,48159026388,2195706.0,,20240814
127980,7300,7500,7300,7370,11548,85283500,1.24,87265841080,5228950.0,-14820.0,20240814
061250,1915,1915,1811,1823,2595673,4803986536,-4.6,140147959596,-251279943.0,,20240814
097870,6850,7180,6590,6780,117089,807190430,0.0,57562200000,126573660.0,-7746040.0,20240814
290270,3655,3735,3645,3730,5580,20697090,2.05,35836616560,-874855.0,8276400.0,20240814
353190,1029,1029,999,1011,275588,276396789,-0.1,39811582620,101278472.0,,20240814
192410,24650,25700,24350,24700,12713,315925800,0.2,70323518200,-29589000.0,,20240814
090710,1632,1667,1612,1642,2186735,3591182269,0.98,180001236930,668449220.0,-71898034.0,20240814
078590,721,762,721,760,225079,167036329,5.56,41199857640,49343721.0,-729.0,20240814
205470,2590,2675,2485,2575,38049826,98498161465,3.83,333140648175,-1118892085.0,7541400.0,20240814
115160,2040,2170,1945,1951,2880351,5868322142,-4.13,85785711924,9562461.0,,20240814
028080,3860,4100,3300,3360,3341018,12429784490,2.6,42260420160,10524150.0,,20240814
175140,6520,6740,6520,6550,41292,272558130,0.46,140925162600,4413990.0,,20240814
200670,35350,35350,34200,34700,81694,2829659900,-1.28,389678571000,-228397700.0,115814700.0,20240814
065510,10000,10340,9930,10300,72762,742211350,4.78,125241521300,275905130.0,-141714990.0,20240814
215090,0,0,0,1505,0,0,0.0,149972154360,,,20240814
263920,1092,1183,1070,1133,263431,295487584,3.28,55568136822,46656292.0,,20240814
243070,29600,29950,29450,29600,12837,379828250,0.51,354598084000,-73709150.0,-14169750.0,20240814
084110,24000,24250,23450,24200,32425,775184350,0.83,305440106400,-50464400.0,35890350.0,20240814
145020,259000,268000,256000,264000,103124,27151393500,2.52,3327464712000,-981204500.0,3110432500.0,20240814
024060,19300,21000,19200,19550,5403813,107811185640,-3.69,293250000000,448595220.0,19710.0,20240814
010240,5060,5140,5060,5100,6420,32754820,0.0,62845749600,-407470.0,30.0,20240814
189980,1960,2075,1942,1954,339147,671683533,0.88,78429313958,76211211.0,,20240814
037440,5790,5820,5720,5730,95009,547166530,-0.35,79775781750,31184830.0,2653650.0,20240814
238490,4955,5030,4750,4750,44365,215290920,-4.04,53733121000,20437350.0,9876970.0,20240814
