code,open,high,low,close,volume,거래대금,등락률,시가총액,foreign_net,inst_net,date
060310,2865,2930,2865,2880,668831,1937714510,1.23,139785528960,251568325.0,,20240304
054620,6930,7030,6910,7000,27892,194525330,1.45,142759547000,-4867720.0,0.0,20240304
265520,21000,21300,20850,21200,57705,1217604200,1.68,323966125200,132798400.0,114956900.0,20240304
211270,15380,15940,15250,15750,218160,3397285430,2.47,237546288000,29117400.0,-332312180.0,20240304
139050,7560,7740,7500,7540,44584,338832410,-0.26,64784516940,-10707130.0,-4600.0,20240304
126600,4500,4540,4450,4475,97371,437103150,-0.33,241798905625,-24835895.0,5.0,20240304
013720,1360,1375,1328,1333,232992,312006090,-2.34,57097972604,-96575367.0,,20240304
083790,3530,3850,3500,3750,722075,2703211865,6.23,288353182500,218013225.0,,20240304
035760,79600,82100,77700,78400,80857,6441871200,-1.26,1719245673600,765300100.0,-1018321600.0,20240304
311690,14570,14680,14460,14460,8534,123920160,-0.55,131766778920,-45088230.0,,20240304
051500,25100,25300,24500,24750,29274,726183950,-1.0,293821753500,-241719350.0,-71850.0,20240304
058820,2185,2220,2135,2145,515947,1114730565,-1.15,297923863380,-35152765.0,-44575.0,20240304
023460,1790,1790,1764,1782,1876,3319621,-0.45,66290400000,60742.0,,20240304
056730,1239,1239,1199,1202,22061,26577598,-1.23,89081645572,-5423559.0,,20240304
065770,1219,1223,1210,1216,36277,44079792,0.0,23603934080,-1972712.0,-2287271.0,20240304
083660,1281,1349,1247,1260,23124,29094799,-1.64,77171448060,-2234597.0,,20240304
456440,2250,2280,2210,2265,4956,11171220,-0.88,12038475000,-99745.0,0.0,20240304
060900,1683,1715,1610,1625,538639,887722725,-4.41,41044622125,3524131.0,,20240304
290120,3515,3535,3460,3475,34858,121668655,-1.14,53915104550,-30187460.0,-1609770.0,20240304
025440,1990,2035,1989,2005,28194,56533926,0.75,61716354120,3004006.0,,20240304
068790,6780,7030,6760,6960,248148,1714796430,2.65,171028504560,380387470.0,-163510.0,20240304
241520,3865,4100,3775,3800,1504258,5914791950,1.33,105683331400,425525495.0,-1548840.0,20240304
180400,4800,4800,4580,4630,168534,781782065,-3.14,139915970160,-19332730.0,154925.0,20240304
245620,615,676,583,613,9107420,5717939127,-3.16,74087512859,349199347.0,-2915790.0,20240304
037370,10300,10300,9920,9930,50961,509707600,-0.4,85645971960,-100504590.0,0.0,20240304
050120,2770,2795,2720,2785,8087,22331150,0.18,37775979510,-1891480.0,,20240304
214270,2915,2925,2830,2830,684475,1967323225,-2.75,94098810290,-65744785.0,,20240304
130500,2850,2890,2795,2800,40954,116210195,-1.75,40726145600,-3334650.0,,20240304
900290,3265,3585,3260,3505,184239,638698260,6.37,236149375000,89878380.0,-2053865.0,20240304
083450,40750,49950,40700,48450,4887504,222429568750,24.87,451444745250,179484750.0,7207276550.0,20240304
297890,3900,4545,3880,4260,14561035,62840369515,10.51,311466994680,-588534240.0,84407625.0,20240304
440290,3280,3315,3225,3240,211721,688274990,-1.52,87049112400,-29565550.0,-2916000.0,20240304
078150,2195,2285,2195,2255,1548835,3469119680,2.73,209074390580,425561795.0,-448410.0,20240304
195940,38750,38750,37850,37850,129308,4943234350,-1.17,1072286374350,-505238700.0,-727562150.0,20240304
028300,81100,84400,80400,82100,2165504,179216510600,0.74,10739668566100,4128485600.0,7174729600.0,20240304
278650,3410,3595,3405,3450,1329319,4647360025,1.62,292828372050,471881975.0,-1329500.0,20240304
067630,14590,15180,14300,14940,1965729,29036237180,6.03,1574159449500,-5759812070.0,1152830070.0,20240304
024850,3310,3325,3170,3250,897126,2913519070,0.0,216148500750,2784750.0,,20240304
047920,18890,21450,18620,21000,1951769,40107416920,15.45,664478262000,4084619460.0,16490080.0,20240304
115450,7690,7950,7580,7800,1482723,11495986070,1.43,587754733800,-1013816860.0,-232586970.0,20240304
046210,4250,4460,4240,4315,254970,1111405365,1.53,176934534005,-56168845.0,-7327745.0,20240304
403870,53300,58700,52900,56000,5427822,308073885400,8.95,4644312064000,5474507200.0,-5116427000.0,20240304
036640,5330,5360,5260,5350,43118,228925270,0.56,87498180000,-19748110.0,10.0,20240304
439730,2640,2650,2515,2550,14223,36611985,-3.59,10990500000,408215.0,-7801190.0,20240304
442770,2440,2470,2410,2465,4471,10826245,0.82,10377650000,40060.0,-4827040.0,20240304
448760,2425,2455,2415,2450,11738,28410810,-0.41,10853500000,-153745.0,-12554105.0,20240304
467930,2195,2200,2185,2195,10050,22030625,-0.23,9284850000,-41680.0,-1177265.0,20240304
469480,2185,2200,2175,2190,37630,82355695,0.0,9263700000,,-839300.0,20240304
095340,73000,75300,70300,75000,577306,42154462600,4.31,1589779350000,6432778500.0,-5796304600.0,20240304
099520,0,0,0,1284,0,0,0.0,58141862016,,,20240304
950170,4495,4510,4430,4470,51591,229842940,-0.56,224790144810,-20082320.0,,20240304
067290,2055,2060,1996,2010,147105,296346434,-1.47,102191419020,-4094950.0,-2010.0,20240304
035900,75500,76900,72200,72200,879434,65047973524,-2.04,2565445922400,-24331295500.0,-217599500.0,20240304
318000,8350,8510,8290,8300,108331,907825930,-0.6,72543850900,99706490.0,,20240304
024840,1331,1344,1331,1334,34501,46202559,0.3,45292679022,-10984735.0,,20240304
024120,4315,4400,4100,4320,64698,275856795,-0.35,49680000000,25888795.0,10.0,20240304
455250,2170,2215,2170,2215,11570,25252370,1.14,9535575000,-157535.0,-14099025.0,20240304
458320,2195,2210,2185,2200,64452,141727140,-0.23,12111000000,-979410.0,-31740925.0,20240304
464680,1996,1996,1988,1993,32628,64987543,-0.15,25719665000,-6084379.0,-2023461.0,20240304
021320,4785,4785,4665,4715,23661,111892625,-0.95,100901000000,-2657900.0,,20240304
036670,7460,7460,7240,7240,16493,120618250,-2.69,81594800000,-10448170.0,-15716440.0,20240304
044180,712,832,696,832,3908455,3126212561,30.0,22229208768,-3001624.0,,20240304
151860,10650,10740,10530,10610,373301,3964723010,-1.39,381960000000,-201242130.0,205102520.0,20240304
046440,5600,5700,5570,5620,106373,596734870,-0.35,218199692160,37658370.0,-500160.0,20240304
035600,13200,13390,12970,12990,173140,2279240590,-1.22,362478597660,41023160.0,91689270.0,20240304
226360,0,0,0,319,0,0,0.0,60627181021,,,20240304
111870,0,0,0,2970,0,0,0.0,41572037430,,,20240304
060720,13120,13380,13120,13250,75793,1004599980,0.99,313726106500,29784900.0,173656950.0,20240304
058400,916,928,912,918,604500,554687468,0.11,121570482960,,168020.0,20240304
122450,4890,4960,4855,4930,17890,87645090,0.1,223506302520,-9221095.0,3783435.0,20240304
052900,1437,1466,1410,1420,600518,859827816,0.57,78252674140,88885554.0,14695.0,20240304
376190,7130,7440,7130,7380,49856,365857900,3.51,181548000000,53391790.0,-559370.0,20240304
061970,7190,7440,7170,7430,855536,6247446900,6.29,325319518560,683717200.0,-157032910.0,20240304
309960,4385,4415,4290,4340,42181,182422260,0.0,100762817260,-34910490.0,-2139620.0,20240304
060370,8950,9010,8900,8990,42701,383202920,0.56,233184705680,-47021670.0,9186490.0,20240304
417200,26000,26450,25500,25550,973525,25120363650,-2.11,1728525437450,-98723750.0,2672450.0,20240304
086960,1874,1992,1854,1950,4812316,9360656835,6.67,170778145200,1341506694.0,8458374.0,20240304
038340,0,0,0,1283,0,0,0.0,33979354334,,,20240304
160550,3885,3885,3700,3740,222336,841300745,-3.86,104368836440,-72458775.0,-15472695.0,20240304
053290,5740,5880,5740,5810,585695,3410718600,1.93,96017843670,273427870.0,-50.0,20240304
060250,13500,14060,13470,13660,731812,10105820590,1.56,548593946260,2109464950.0,131704550.0,20240304
104200,4690,4720,4585,4600,229849,1065324685,-1.08,68206730000,90263925.0,20.0,20240304
222160,0,0,0,8040,0,0,0.0,79551289560,,,20240304
024940,5670,5830,5390,5420,1614289,9021946260,-6.39,54200000000,70412120.0,,20240304
218410,16780,16960,16440,16700,120725,2012019550,-0.36,442290181400,-353754380.0,-122436030.0,20240304
327260,9290,9420,9250,9340,15232,141501190,-0.43,78766377540,-14549190.0,-2786570.0,20240304
091340,2660,2660,2590,2615,25054,65793015,-1.69,30605230415,-7829310.0,,20240304
419530,15550,18500,15260,15720,856237,14614530180,0.96,135049419600,-263006120.0,-21537360.0,20240304
019550,892,909,891,892,369750,331278307,0.11,144563384900,12733996.0,-4830374.0,20240304
950110,4225,4225,4120,4130,5093,21214465,-1.67,99336990200,-79415.0,,20240304
151910,471,494,468,492,796831,383581166,2.5,92678552664,-12286889.0,1900.0,20240304
036120,3500,3505,3420,3460,92875,320304420,-1.14,122830000000,-1263115.0,,20240304
099220,1152,1159,1142,1142,179907,206820379,-0.78,64148208162,-19578770.0,,20240304
036540,6190,6240,6120,6220,2104908,13022899150,4.01,1022943084660,1126533110.0,-250551930.0,20240304
255220,1820,1834,1701,1702,916834,1614262707,-8.05,89905265110,-133223326.0,-4552091.0,20240304
040610,1695,1714,1677,1707,181188,306890743,2.03,58186843572,77847764.0,6519583.0,20240304
049470,552,556,540,546,42434,23154866,-1.09,32138787954,81840.0,-15800.0,20240304
184230,716,717,710,712,50578,36094570,-0.97,42649874408,-7441008.0,-8775.0,20240304
016250,17580,17840,17310,17310,3180,55526370,-1.98,56146456350,-4139470.0,17660.0,20240304
048550,1707,1730,1707,1712,138895,238150171,-0.7,165561733440,26603287.0,1598026.0,20240304
063440,1855,1869,1851,1852,96340,178829800,-0.27,85245993208,-22770123.0,,20240304
289080,2360,2450,2295,2330,2098011,4955327135,1.97,124035220000,203244415.0,-5429650.0,20240304
089230,2125,2250,2000,2015,858699,1810201897,-10.44,37410514180,176513305.0,-789730.0,20240304
161570,0,0,0,366,0,0,0.0,7721265564,,,20240304
032540,6130,6260,6120,6120,42073,259916840,-0.33,85261447080,20236610.0,-10055270.0,20240304
022220,1173,1173,1127,1134,51449,58278843,-0.7,58735052586,436585.0,17993.0,20240304
048770,3510,3630,3465,3595,179601,633807485,2.28,56434277645,73830295.0,0.0,20240304
246690,1415,1415,1377,1381,71376,99560985,-1.07,57280927422,-27746028.0,,20240304
317240,368,374,364,367,832395,306681274,-0.27,35453163375,29308117.0,,20240304
057030,4955,5250,4955,5110,1562844,7945246965,4.18,83357881670,508182635.0,-23921460.0,20240304
040300,5030,5060,4970,4970,202593,1011779480,-2.55,208740000000,38205295.0,,20240304
051390,3780,3830,3770,3800,15358,58241315,0.4,43150398400,2680415.0,-163895.0,20240304
052220,3310,3340,3225,3270,155601,508768715,-1.21,75210000000,-14766330.0,,20240304
079940,17800,18290,17800,18110,72857,1312364790,2.43,245131237240,407531100.0,194349240.0,20240304
078890,6480,7190,6440,6830,845694,5782503330,6.39,116746248650,11213040.0,-2966830.0,20240304
399720,109800,110800,103300,104000,764521,81451788300,-2.35,1194785280000,-3855386600.0,-2749834000.0,20240304
036620,2930,2960,2835,2930,1231176,3561092895,0.0,265717527680,271650645.0,-76465200.0,20240304
217730,1938,1948,1826,1869,284011,534692244,-4.15,104547981825,-47697435.0,,20240304
114190,20400,21400,20050,21000,559240,11613267250,4.74,548583798000,-340799800.0,903543550.0,20240304
094480,9510,9800,9300,9320,858477,8133156640,-3.42,365622090160,-527669450.0,-75535030.0,20240304
039240,3000,3040,3000,3020,82575,248446915,0.0,81478404080,-21967280.0,-2640.0,20240304
053950,1262,1272,1253,1253,172288,216817320,-0.56,44598532706,-5359221.0,,20240304
011040,6410,6500,6400,6460,45952,295829040,1.1,198766228360,75944010.0,-23960.0,20240304
024910,2300,2350,2290,2310,60565,140750845,0.65,82741901550,7919475.0,,20240304
198440,1801,1824,1796,1796,66356,119523698,-0.61,57436008160,-19216402.0,,20240304
049720,10480,10620,10470,10530,91882,967219800,0.29,150579000000,335438810.0,173383310.0,20240304
014570,6630,6690,6580,6630,16783,111525210,0.0,72930000000,-32036380.0,-542650.0,20240304
348150,8990,9120,8770,8810,117523,1046369420,-2.22,166264152480,-147561070.0,,20240304
950190,11800,11800,11270,11320,46754,532265080,-3.25,153724377440,-110185690.0,,20240304
098460,19600,22850,19550,21900,15895006,344920764390,14.0,1503539134500,31692671550.0,-41451300.0,20240304
035290,613,643,587,598,1522210,932160822,1.36,27777437272,93569605.0,,20240304
900280,135,136,131,133,5264624,698854144,-1.48,27318770304,21282642.0,,20240304
215000,77900,78400,76700,77400,41981,3255324200,-1.28,485717121000,-1537546300.0,315590000.0,20240304
121440,3965,4045,3950,4010,96063,384587350,1.13,171775640180,18547375.0,-9250675.0,20240304
366030,5800,5940,5740,5770,88701,516311520,-0.17,130507879500,-45324320.0,,20240304
014200,0,0,0,1006,0,0,0.0,91250936176,,,20240304
029480,3595,4000,3595,3850,1840104,7044600610,7.69,184368380350,30667080.0,104770.0,20240304
026910,3555,3600,3550,3570,7022,25015945,0.42,22867295850,-103790.0,,20240304
397880,0,0,0,3425,0,0,0.0,15207000000,,,20240304
421800,2380,2385,2360,2385,22551,53647370,0.21,14262300000,-1649370.0,-8061495.0,20240304
440790,2320,2320,2280,2320,4331,9933080,0.0,9396000000,42495.0,-5797470.0,20240304
456490,2260,2260,2225,2250,6521,14654310,-0.44,9450000000,-78710.0,938645.0,20240304
465320,2185,2200,2165,2185,11955,26203930,-0.23,8324850000,-275390.0,7322840.0,20240304
053270,2940,2970,2910,2970,215955,636017135,1.89,81408902850,44130215.0,,20240304
066620,14600,14650,14440,14600,11092,160727470,-0.68,109500000000,-21533090.0,71239730.0,20240304
043650,6040,6100,5990,6000,99388,599170190,-0.66,107149824000,38677020.0,2252130.0,20240304
006050,1274,1290,1269,1289,128447,163948839,0.0,44979968227,-8528611.0,,20240304
060480,2470,2515,2470,2475,30057,74672050,-0.6,27447750000,1031040.0,,20240304
078130,0,0,0,800,0,0,0.0,901924696800,,,20240304
307750,6150,6430,6120,6210,883520,5544902040,0.0,304720160490,118920940.0,-50007740.0,20240304
035080,14020,14080,13750,13910,104790,1457184600,0.29,202078693440,181978500.0,596220.0,20240304
204020,2990,2990,2945,2965,60682,179901880,-0.84,59737129950,6052570.0,,20240304
402490,28250,29000,27600,28900,993554,28299739450,7.24,236515981600,2820538300.0,2542803500.0,20240304
114450,2200,2290,2180,2250,55123,122427780,2.27,45000000000,-555120.0,33578970.0,20240304
186230,8160,8680,8160,8530,119270,1014906490,4.02,92296203640,220178540.0,70.0,20240304
900070,524,524,515,520,88767,45942285,-0.38,27946863360,-91268.0,,20240304
204620,4880,4925,4615,4870,2016463,9679838185,2.1,276556819760,-105434595.0,478325020.0,20240304
019660,1040,1063,1004,1020,112633,114981892,-1.92,35486560920,20633781.0,,20240304
053260,5020,5080,5020,5070,18438,93025720,1.0,94910400000,-2607810.0,40.0,20240304
282720,10260,10330,9900,10000,35675,361637510,-2.53,121195000000,-42005700.0,50.0,20240304
036190,27100,27350,26850,27200,18065,489642100,2.84,163200000000,-146343800.0,0.0,20240304
049080,1236,1255,1234,1235,633390,784391508,-0.08,104830933545,-122581923.0,-2378171.0,20240304
420770,67700,68300,66900,67600,113352,7682637700,1.65,856881240800,156787400.0,-1074371900.0,20240304
035460,2460,2520,2450,2450,88685,219767240,0.82,35714483000,34950900.0,,20240304
308100,4410,4425,4390,4410,8917,39305805,-0.34,29215072530,-198240.0,,20240304
407400,10100,10300,10050,10130,72859,740377280,0.0,124188471620,32945080.0,-336330.0,20240304
187790,1330,1374,1328,1342,189940,255827367,1.05,41388393860,30201363.0,,20240304
286750,1994,2110,1973,2025,133266,271238865,1.55,41906481975,-38061152.0,-3094273.0,20240304
121600,141200,141900,134500,136700,310713,42630417400,-2.01,1662255322600,656066400.0,988150600.0,20240304
247660,9580,9700,9000,9290,31848,298887170,-3.03,40355016800,59781980.0,,20240304
039860,3855,3935,3750,3815,649430,2483618070,-1.04,102271097005,466558650.0,,20240304
091970,803,803,709,709,149952,112323674,-7.44,26529002537,176578.0,,20240304
417010,12500,12710,12210,12210,61435,764216640,-1.85,233874344880,-18917260.0,-195190.0,20240304
405920,5330,5420,5250,5410,15380,82126030,0.74,69670391160,-435530.0,,20240304
051490,5840,5980,5840,5900,38358,226564050,1.37,83780000000,-81068510.0,-10.0,20240304
137080,6540,6790,6540,6700,23991,160932250,1.36,74098127400,33530620.0,-32650.0,20240304
190510,16280,16800,16110,16480,561907,9263056110,5.17,267938168320,280690230.0,3070040.0,20240304
242040,2320,2450,2320,2395,773700,1848291435,3.68,82882002280,412383980.0,-1979330.0,20240304
089600,24050,24600,23150,23550,85049,2034279100,-1.67,272430238650,-396470300.0,-68603900.0,20240304
293580,1056,1094,1055,1090,368875,396140755,3.42,104389300000,54170062.0,-3549040.0,20240304
138610,16640,16950,16540,16560,44692,745451460,-0.48,169421104080,-36003690.0,-8364080.0,20240304
130580,6060,6090,5950,6000,9341,55936480,-0.99,92400000000,-308810.0,1817130.0,20240304
036800,21700,22400,21700,22050,10455,230338600,1.38,220500000000,83747150.0,8141300.0,20240304
267320,3140,3170,3090,3105,256202,797399625,-0.32,135577042920,-8737350.0,135895.0,20240304
111710,5980,5980,5900,5900,12474,73924200,-1.34,121469200000,-904550.0,2071550.0,20240304
091590,5960,6050,5800,5800,20257,119271550,-2.68,68092000000,-4824160.0,,20240304
168330,2150,2190,2130,2145,23375,50514280,-0.23,68114260500,-5869160.0,-36675.0,20240304
094860,2200,2230,2110,2170,72485,158020450,-1.36,46437064730,22605860.0,-354015.0,20240304
253590,13650,14300,13580,13640,4939831,69027221840,3.18,597221425680,-904316280.0,10.0,20240304
212560,11010,11100,10350,10490,336671,3606127420,-4.64,82608361870,-433230990.0,-3438880.0,20240304
095660,22400,22650,21850,22200,222011,4923266850,0.45,489148561800,877451500.0,-834506700.0,20240304
042420,25500,26300,24550,25450,26297,672006750,1.6,225407239700,15753600.0,-43802400.0,20240304
950220,1639,1661,1626,1647,189449,311194290,0.49,162834714855,42055262.0,,20240304
311390,7090,7270,6800,6940,62002,439141620,-4.28,55912769300,32737420.0,20.0,20240304
085910,3345,3415,3345,3380,15439,51934595,0.45,47099684840,-1465935.0,5.0,20240304
092730,26000,26550,24650,25150,122300,3075401050,-3.27,206415129150,-132620250.0,-757710400.0,20240304
290660,1179,1218,1173,1206,210380,249906362,2.2,46610643348,-4723768.0,,20240304
306620,2780,2860,2740,2850,514523,1447547615,5.36,118883779950,283994930.0,,20240304
153460,6560,6560,6430,6450,3682,23893230,-1.68,42118590300,-599810.0,-5234560.0,20240304
007390,7040,7170,6960,7090,201289,1427094910,2.01,454874236040,8085570.0,271857490.0,20240304
033640,20300,21300,19970,21250,603749,12457941890,7.54,490008042500,1479271660.0,-585784750.0,20240304
330860,36200,37550,35250,37000,1035601,37880605450,4.82,450809665000,-2651642800.0,-246526250.0,20240304
089140,4165,4465,4140,4290,109930,477921855,4.25,40341165150,80018740.0,187605.0,20240304
137940,451,464,429,433,886910,392317697,-2.48,33912989536,9266241.0,-3181.0,20240304
396270,12800,13100,12730,13040,275748,3561857000,3.82,235380345600,765965380.0,-156834690.0,20240304
348210,77800,77900,75300,76200,160323,12241646700,0.0,783208898400,304942900.0,-509571900.0,20240304
225570,13900,14040,13750,13760,210269,2920148860,-1.15,905418595200,-257122150.0,254090400.0,20240304
217270,6690,6870,6620,6680,23690,158488640,-0.15,311168762000,-53218570.0,-955300.0,20240304
104620,6950,6950,6650,6760,97043,653549860,-2.03,107092771760,-253072480.0,,20240304
194700,10290,10290,9950,9960,98386,988083010,-2.35,186798286080,-390806730.0,-78612770.0,20240304
285490,20850,21300,20450,21100,53378,1113460100,1.2,223150034100,238102450.0,-245850950.0,20240304
106520,0,0,0,411,0,0,0.0,15904036272,,,20240304
376930,3155,3310,3140,3270,636542,2058384895,3.97,120816886200,262540075.0,1108755.0,20240304
142280,4245,4285,4225,4245,27671,117592380,-0.7,89723215695,-7467910.0,155205.0,20240304
234690,11020,11580,10580,11400,237631,2648766950,3.45,202375946400,-292896030.0,450450870.0,20240304
065560,0,0,0,11540,0,0,0.0,189726555040,,,20240304
054050,8250,8350,8240,8320,17535,145271460,0.85,133374267520,15877190.0,1190.0,20240304
069140,1636,1640,1583,1583,133991,215247404,-3.24,20741642169,5506505.0,-6964548.0,20240304
040160,3930,4045,3930,4020,52970,211727405,2.29,48463250700,19553135.0,,20240304
332290,1671,1701,1660,1694,70367,118450497,0.36,56553856282,5057798.0,,20240304
348340,38500,39800,38350,39200,279759,10952663400,0.0,412841464000,366219200.0,-248807900.0,20240304
060260,771,771,760,761,104057,79684590,-1.3,31627194245,-2801240.0,,20240304
012340,978,982,928,930,372289,352847969,-4.81,47343660660,-35952579.0,,20240304
214870,0,0,0,1383,0,0,0.0,45813404598,,,20240304
270870,7780,7890,7740,7800,16720,130631370,-1.27,71761747200,-31023750.0,26968460.0,20240304
144960,4970,5030,4940,5030,42387,211461645,1.21,219773898720,73108085.0,-4164565.0,20240304
085670,8150,8150,7810,7890,1645581,13083323940,-2.23,192916504290,484633480.0,-541825120.0,20240304
064260,4325,4395,4295,4300,789534,3423771765,-0.58,296480872000,-90694840.0,9833600.0,20240304
340360,2545,2880,2400,2540,3746549,9947443465,1.2,110206058480,781628895.0,-1594935.0,20240304
039560,3990,4000,3875,3900,247351,968833895,-2.13,154073325900,-241425940.0,-3319405.0,20240304
154040,1762,1776,1753,1754,35171,61994150,-0.45,31484464876,345776.0,0.0,20240304
032190,13710,14020,13690,13830,148996,2069671080,0.29,529689000000,372139260.0,135143290.0,20240304
068240,12900,12950,12640,12670,151428,1934221930,-1.55,434117746790,-248248110.0,273086250.0,20240304
020400,9050,9300,9020,9070,43147,394690830,0.22,28925735620,32067070.0,,20240304
008830,10350,11800,10350,10950,1082270,12095787260,7.35,98413344000,913260760.0,11050990.0,20240304
048470,3885,4020,3815,3965,125654,496274340,2.06,39650000000,77398820.0,39500020.0,20240304
004780,4060,4060,4010,4025,24833,100207020,-0.49,64010375975,948665.0,6059295.0,20240304
017650,8520,8740,8500,8700,17043,147681170,2.11,78300000000,-1464680.0,-756520.0,20240304
007720,595,598,575,595,91588,54221464,0.0,59976267750,-1338852.0,-176607.0,20240304
389260,12410,12680,12210,12300,48555,598662290,-0.81,209715000000,-32575080.0,-69252220.0,20240304
317850,8860,8970,8770,8820,48481,429362880,0.57,73421384400,66702160.0,-8890.0,20240304
290670,30700,31350,30050,30050,45784,1399313850,-2.12,236122683000,-96447900.0,7057850.0,20240304
078140,8850,8970,8830,8850,88843,788858600,0.23,98116224150,50684000.0,-5983560.0,20240304
065150,211,219,210,213,161071,34453742,1.43,26685152265,-746463.0,,20240304
036480,10400,10410,10320,10360,11039,114307260,0.39,39368000000,-733230.0,,20240304
027830,1977,2020,1949,1964,959825,1902226470,1.5,106056000000,88028601.0,30536.0,20240304
104040,996,1038,987,994,208092,207606450,-1.09,31113473314,-19156911.0,,20240304
129920,6010,6080,6000,6050,35065,211111400,0.67,82976070650,18404030.0,29620.0,20240304
438220,0,0,0,2275,0,0,0.0,12831000000,,,20240304
442310,2295,2295,2265,2295,4987,11392375,0.0,15399450000,-194640.0,-5416150.0,20240304
457390,2185,2200,2180,2190,35422,77552355,-0.45,15406650000,-557625.0,5172990.0,20240304
457630,0,0,0,2620,0,0,0.0,19152200000,,,20240304
471050,2260,2280,2255,2265,65420,148359860,-0.44,13725900000,-93000.0,-2285000.0,20240304
020180,1102,1105,1092,1102,128190,140855396,0.0,42348664330,14420150.0,,20240304
045390,3130,3190,3130,3150,378194,1192624865,0.96,221991137550,203240475.0,-3155.0,20240304
108380,12680,12870,12430,12710,22516,284770620,0.24,121600802430,-25290140.0,89115330.0,20240304
006580,4920,5450,4920,5350,7989,41411570,7.32,143647500000,3087340.0,51310.0,20240304
007680,5210,5210,5040,5050,3484,17786730,-2.32,67904693700,-477650.0,,20240304
048910,11320,11470,11250,11260,32901,372823490,-0.53,141638931960,-65560890.0,577300.0,20240304
005710,6510,6540,6380,6440,43043,277266600,-0.92,129042144000,-2416530.0,-4544900.0,20240304
290380,0,0,0,2300,0,0,0.0,56841307600,,,20240304
120240,19050,19360,18590,18700,223464,4228039390,1.85,134460311700,267535480.0,-1374480.0,20240304
003310,1649,1653,1630,1638,155943,256273474,-0.67,57972669300,207146.0,,20240304
078600,75500,76900,75200,76800,105629,8037696100,2.13,1188909542400,-402252600.0,863937400.0,20240304
096350,515,516,478,501,1469701,737519307,-2.72,82044265509,-182777862.0,,20240304
140520,2560,2595,2460,2460,95408,238864590,-3.72,51928737780,-2799265.0,,20240304
131220,6100,6190,5990,6040,41840,252756290,-1.95,45025119600,-5007850.0,1424540.0,20240304
010170,1199,1203,1150,1154,391194,456459558,-3.67,85985885564,-53196889.0,-1913206.0,20240304
054670,8420,8430,8350,8400,28639,239909800,-0.24,120581328000,-31215320.0,-210240.0,20240304
023910,29000,29200,28800,29150,3523,101928400,0.52,174900000000,-17614600.0,6422250.0,20240304
021040,4465,4490,4455,4485,9693,43298180,0.45,48672955695,-813535.0,,20240304
021045,8150,8270,8150,8270,44,358720,0.73,3508514420,0.0,,20240304
067080,11110,11700,10910,11360,454027,5129294930,0.26,211485144000,-4402720.0,15567180.0,20240304
298540,15100,15300,14860,14870,52329,784715440,-1.59,219348500120,-195188420.0,95405520.0,20240304
032860,0,0,0,3640,0,0,0.0,143288374320,,,20240304
393890,46000,47200,45450,46700,404862,18700286750,3.66,1573627390600,-1356761950.0,236117800.0,20240304
299170,2085,2125,2085,2100,55037,115919375,0.48,63058722300,24017720.0,,20240304
224060,5710,6080,5620,5870,9881,56863610,1.91,27873096260,-1575750.0,,20240304
213420,39450,41000,39450,40000,155408,6276264100,2.83,993247160000,-1234089600.0,1256515950.0,20240304
317330,29500,38650,29250,38650,6799480,244169344300,29.92,710287592200,-4050353200.0,657304300.0,20240304
077360,6750,7050,6750,6950,402014,2778695200,4.2,315787163900,344262270.0,-17332200.0,20240304
090410,1935,1938,1924,1925,121767,234992519,-0.26,88711882875,-33178414.0,,20240304
263600,7620,7790,7560,7650,69051,529028220,0.26,121866871500,27418330.0,-10.0,20240304
194480,41550,43000,41250,41750,58199,2433690550,0.6,500932365000,-497172400.0,182659050.0,20240304
263800,5220,6060,5220,5800,6806769,39421733250,11.75,94055004000,-146012550.0,,20240304
206560,8090,8170,7950,7980,115617,924668630,-1.12,202785653280,17171470.0,10231080.0,20240304
261200,10300,10370,10020,10100,1498621,15270068100,-1.56,159118854200,-131279100.0,-3712090.0,20240304
067990,5280,5410,5270,5320,102008,543092660,0.76,165885846000,106473680.0,10650.0,20240304
006620,5390,5520,5390,5480,70736,386487690,1.48,155988156160,-43154950.0,87113370.0,20240304
100130,3010,3030,2975,3000,99062,297342775,-0.66,171429000000,21392760.0,86535.0,20240304
005160,7530,8070,7410,7830,986547,7767666120,3.03,424734294060,815752420.0,-126875210.0,20240304
075970,3590,3650,3565,3590,72867,262677435,0.84,66056000000,694415.0,,20240304
086450,16870,16870,16050,16130,493200,8022825010,-2.3,717139800000,-1463423000.0,-555812700.0,20240304
099410,2340,2355,2265,2295,104203,240033635,-1.71,31076599590,-14308165.0,6040.0,20240304
033500,11730,11780,11530,11720,189336,2204089350,-0.09,351476869680,27124020.0,-38405690.0,20240304
025950,20250,21450,19990,21400,109494,2285760780,5.42,179760000000,291482020.0,-20950.0,20240304
088130,6850,6970,6850,6920,10673,73630340,1.32,73787530960,7898720.0,-1119080.0,20240304
041930,7650,7680,7590,7620,37380,285022860,-0.26,120396000000,-57572930.0,-646810.0,20240304
060380,1924,1924,1910,1912,24328,46572372,-0.62,37666400000,900958.0,0.0,20240304
079960,19560,19570,19180,19190,63180,1217674580,-1.99,150833400000,76327480.0,-15270890.0,20240304
228340,2275,2300,2255,2300,15411,35244520,1.1,46000000000,-957285.0,1178450.0,20240304
088910,2890,2910,2800,2875,381060,1085858830,-0.52,74266321500,213784890.0,-1058790.0,20240304
094170,21300,21600,21100,21550,286020,6119463800,2.62,408432430550,1046994850.0,19762750.0,20240304
013120,2995,2995,2945,2945,87361,258528430,-1.67,267429854500,-111387890.0,-3886435.0,20240304
109860,9400,9400,9220,9250,3488,32274790,-1.6,84175000000,-8555140.0,-9250.0,20240304
032960,11950,12140,11860,11990,42415,508142450,0.93,45639803110,76457060.0,-6878270.0,20240304
023790,909,916,862,876,95204,84660259,-3.63,17268296292,-2290839.0,,20240304
005290,38200,38600,37500,38350,831708,31672859750,3.09,1971745844900,4958981350.0,-1930501250.0,20240304
025900,69500,71900,68900,70600,146981,10389569300,2.77,1427206887000,214064500.0,234818600.0,20240304
131970,43450,43850,42900,43400,223197,9677695100,1.64,738084964400,-397146400.0,-761153300.0,20240304
073190,2540,2540,2490,2495,84584,212808870,-1.77,29860259800,-5884605.0,-7725780.0,20240304
030350,524,528,509,513,335493,172768310,-2.1,35596543149,-1107147.0,,20240304
203650,3845,3930,3830,3830,551846,2139977460,0.39,193820037820,-203916455.0,,20240304
223250,2830,2910,2830,2905,66369,190844315,1.93,68875458400,48520725.0,-7390.0,20240304
060570,3140,3345,3135,3305,533169,1745935900,4.59,249929298765,37816820.0,903095.0,20240304
362990,3075,3105,2900,2935,360814,1074678665,-4.24,48403920210,-14569270.0,-1329625.0,20240304
217620,620,640,530,576,3052493,1811084279,-7.25,33262392960,-52309286.0,,20240304
016670,264,267,255,258,874408,227497752,-2.27,26279370192,2696712.0,528503.0,20240304
187870,14940,15250,14860,14940,10912,163473090,0.0,105126938460,25199540.0,60.0,20240304
066670,5260,5440,5260,5320,91999,493184360,1.33,99441003760,61533600.0,40.0,20240304
110990,23800,24800,23250,24800,520059,12491041950,6.9,468720000000,570196400.0,292434150.0,20240304
263690,10220,10370,10190,10290,7219,74031760,-0.19,116540526900,-5995220.0,30.0,20240304
214680,3750,3780,3645,3735,1142163,4213193915,-0.8,273475878300,-239604085.0,2080855.0,20240304
263720,27100,27950,26550,26600,77252,2087521400,-3.8,333150981800,56901100.0,-299064000.0,20240304
376300,35150,35600,33500,33600,136616,4671159100,-5.08,797610441600,-1279805300.0,-66543550.0,20240304
109740,5320,5370,5190,5260,17407,91776350,-0.57,142151026600,1918370.0,,20240304
196490,2175,2220,2145,2150,246242,534356835,-1.15,72846024800,94354990.0,3152205.0,20240304
066900,3050,3200,3025,3110,30403,93090875,0.48,70735404330,-2955250.0,,20240304
127120,3165,3180,2850,3075,289327,865248875,-3.91,57461159700,-15304970.0,,20240304
092070,21850,22150,21250,21500,132110,2863655700,-0.46,248794947000,-266088350.0,109031650.0,20240304
039840,21300,21300,20200,20250,59768,1224415450,-4.03,321605538750,-467835150.0,-31938850.0,20240304
219550,710,721,704,719,230764,164983938,1.27,37593953955,22066695.0,,20240304
310870,1639,1639,1622,1635,44623,72789533,-0.24,33823688085,-1207841.0,-3895513.0,20240304
104460,20950,21150,19510,19640,274200,5443570230,-6.03,210415595000,-1123727320.0,-224416720.0,20240304
079810,14910,15260,14680,15050,264743,3975665400,1.48,331522814700,59898490.0,-205469990.0,20240304
113810,1062,1069,1051,1060,240067,253417943,-0.19,34585734060,1277898.0,-616438.0,20240304
043360,2690,2720,2625,2660,46904,124446145,-1.12,23940000000,-3026700.0,,20240304
197140,4440,4500,4300,4415,60548,266007260,-0.56,42299470410,-4421790.0,-5718465.0,20240304
068930,6400,6800,6270,6530,287695,1873580480,2.03,180719983260,5485530.0,18141360.0,20240304
033130,2080,2095,2070,2085,35135,73076910,0.24,77385331695,-4911545.0,,20240304
105740,8010,8010,7930,8000,39507,315079660,0.0,81252104000,25221790.0,-499620.0,20240304
263020,2900,2945,2855,2885,30906,89323465,-0.52,44360925540,3465465.0,1039030.0,20240304
290550,9350,9350,8960,9200,89787,812487790,-1.92,171749013200,-131795640.0,-92692640.0,20240304
187220,4600,5750,4580,5570,3215270,17221148225,21.09,65157976970,-729713390.0,4222930.0,20240304
383930,10140,13160,10140,13160,3045596,36809318490,29.91,167533537920,2050882940.0,1138520.0,20240304
131180,1124,1130,1088,1124,113660,125248128,2.18,32989400000,1342038.0,-14608155.0,20240304
315640,16450,16550,16070,16170,147371,2385575300,-1.58,181275951780,379941510.0,-115035250.0,20240304
317120,4155,4155,3390,3470,496352,1762625695,-16.49,33520200000,-64262450.0,,20240304
042510,2520,2530,2455,2475,287674,715322780,-0.8,138664030725,5966315.0,,20240304
232680,9300,9460,9260,9380,47390,443864560,1.3,117571114920,137466510.0,,20240304
418420,6700,7100,6680,6770,438412,3011349660,2.42,200030197660,151126220.0,124360080.0,20240304
300120,7060,7120,6910,6930,149944,1048283400,-1.84,144393563160,-74513490.0,10.0,20240304
171120,3320,3375,3295,3315,42118,139935710,-0.3,119014334400,-19870660.0,,20240304
388790,2070,2120,2060,2120,125998,262825570,1.92,63417531600,73104675.0,,20240304
069540,1726,2220,1726,2220,4946739,10260496834,29.98,63550639080,14912380.0,9847374.0,20240304
347700,2490,2665,2280,2345,823340,1967984015,0.0,36733275950,-160897190.0,,20240304
214260,16260,16500,16020,16150,21338,344489180,-0.68,139809193400,14313420.0,-2067760.0,20240304
200350,10500,10810,10400,10750,27833,296505220,2.09,71963692750,-41696670.0,-32331870.0,20240304
171010,4670,5620,4670,4930,2823518,14742414135,5.91,70025996080,-229726400.0,1182735.0,20240304
084650,3260,3300,3230,3230,684431,2227025575,-0.46,239795167700,109807475.0,10390960.0,20240304
217500,3200,3250,3180,3215,75778,243536275,0.94,102275580000,58432430.0,,20240304
141080,53800,57700,53800,57200,1069253,60062808000,7.52,1608481732000,3417435700.0,-977916300.0,20240304
038390,15550,15850,15410,15700,10414,162337710,0.96,134854836000,-6542840.0,-78730.0,20240304
294140,1580,1615,1555,1555,480792,755053206,-2.2,65310000000,-66638903.0,-1555.0,20240304
443250,11810,11820,11260,11300,52449,598073990,-1.82,125486793800,-115852950.0,8502460.0,20240304
228670,16480,16540,15970,16070,174355,2812673470,-2.25,245614571010,-39707150.0,-81994420.0,20240304
228850,9100,9200,9070,9130,16355,149194870,-0.22,151475957820,-22036340.0,5593640.0,20240304
412350,8820,9460,8810,9000,617390,5654630870,3.81,78358248000,-58225170.0,-12827520.0,20240304
199550,12740,14190,12000,13070,11586780,152893931430,0.23,148904327310,-501044190.0,-8307488390.0,20240304
281740,20850,21450,20350,20650,1122355,23296860250,-0.96,1357335816200,-121068450.0,-372652400.0,20240304
277810,162000,169000,161400,166400,224600,37280897000,3.1,3228136371200,6447472600.0,1237923000.0,20240304
215100,4950,5020,4935,4955,109087,541133260,0.1,100826589570,13088975.0,4965.0,20240304
090360,32700,34150,32700,33550,324060,10872036900,1.36,327112500000,2128800500.0,-155207250.0,20240304
108490,27200,27800,26950,27050,213901,5850678850,-0.55,352601294400,-65643050.0,-92506800.0,20240304
900260,725,731,714,726,48692,35143466,1.54,26158715088,-2453788.0,,20240304
067730,3360,3360,3280,3335,23570,78269070,-0.74,32262529870,-2577775.0,,20240304
071280,8830,9260,8500,9160,255307,2269679280,3.15,140116883480,480095620.0,77320570.0,20240304
328130,61300,61900,60100,60800,340138,20667098000,0.0,1748596448000,786862500.0,1036637500.0,20240304
038060,1112,1133,1100,1133,97431,108984369,2.16,54500777177,22095238.0,-5547523.0,20240304
060240,1500,1529,1490,1498,66500,99729810,-1.06,38093067432,-46885977.0,,20240304
058470,212000,212500,203000,207500,241789,49837408000,-0.24,3162791775000,591098000.0,-10572033000.0,20240304
019570,617,618,575,583,501704,299099287,-5.51,30590033320,-8670248.0,-372327.0,20240304
016100,2075,2075,1993,2010,23655,47850480,-3.13,38392796940,1891925.0,,20240304
012700,5990,5990,5850,5900,41732,246170740,-0.84,156032196500,-21554770.0,-805410.0,20240304
302550,2875,2875,2790,2810,79086,222725905,-1.58,86093004800,-88445765.0,,20240304
073570,6540,6880,6510,6540,3468383,23192245120,-1.36,223349220780,163150130.0,-12282860.0,20240304
377450,9000,9290,8850,9000,38811,347823100,0.0,155970000000,-69175690.0,-50503720.0,20240304
277070,6800,7070,6720,6760,165768,1146251640,0.75,92557920000,212438320.0,-1777590.0,20240304
042500,6340,6940,6300,6580,568086,3752345350,5.45,101048257240,140296610.0,114360220.0,20240304
219420,7300,7680,7270,7510,367930,2772807910,4.31,86135997570,78710640.0,544680.0,20240304
439090,21450,21700,21000,21150,141594,3009200500,-0.24,346400199000,-235396450.0,-454297700.0,20240304
195500,3055,3085,3040,3085,45125,138428795,0.98,49137880000,-1781765.0,,20240304
377480,26550,27400,26550,27150,131885,3559961000,3.63,167406438450,212733650.0,320400.0,20240304
305090,5800,5800,5300,5600,156609,857209190,-3.45,87565318400,10200630.0,0.0,20240304
098120,10650,10840,10570,10720,128319,1374089290,0.94,89112851520,158863690.0,-4328840.0,20240304
424980,12680,13290,12680,13110,20606,266955020,3.07,77596647900,103234050.0,,20240304
038290,20900,21250,20650,21150,32350,678677800,0.95,229295610000,75985100.0,1240200.0,20240304
267980,40900,41700,40900,41550,13067,541476450,1.84,325903158900,-69036800.0,106525750.0,20240304
005990,8150,8180,7990,7990,7897,63876970,-1.96,109609248960,-6042720.0,272770.0,20240304
093520,17780,18350,17550,17770,978780,17540609440,3.86,287218144840,744265740.0,-17832800.0,20240304
377030,6310,6380,6100,6120,121006,750000280,-3.01,119773797840,-54173980.0,9305240.0,20240304
100590,5270,5370,5220,5320,69640,368151070,0.95,84215722360,-19128090.0,-1106270.0,20240304
067280,36300,36500,36050,36300,5120,186057950,0.0,215142077700,-4008050.0,28608350.0,20240304
072870,11150,11210,10960,10980,39764,441802880,0.18,130892129820,57493780.0,-10460.0,20240304
215200,63300,64800,62900,63900,42161,2686164400,3.06,747276888600,-56161200.0,531949300.0,20240304
133750,3105,3390,3095,3315,6299642,20746904715,9.05,77594460255,123103030.0,-14975.0,20240304
446540,4650,4735,4600,4640,157435,733822350,1.42,96377440000,21173675.0,4104385.0,20240304
235980,14600,16560,14400,16030,1795970,28389876230,9.64,538298540850,1919002540.0,-727686490.0,20240304
041920,6390,6530,6210,6270,90649,572938690,-1.57,116610858210,-68408260.0,3443220.0,20240304
014100,2990,2990,2895,2950,26062,76274605,-1.34,34810000000,-7088315.0,,20240304
054180,793,793,766,774,415135,321763785,-2.4,42417277416,-4013410.0,,20240304
086900,158500,159400,151700,152600,126455,19552711200,-3.42,1113746216800,2100733900.0,-4385750000.0,20240304
078160,7050,7160,6970,7060,37804,265937940,0.14,241577562100,-18996840.0,10.0,20240304
065650,1111,1229,1111,1181,1352099,1625040766,7.27,64652633294,31800303.0,-178287725.0,20240304
408920,2400,2445,2385,2405,42725,103436555,-0.62,103974054275,-15805375.0,-2320.0,20240304
021880,334,340,332,335,297393,99937290,0.3,50981776680,56453311.0,-5.0,20240304
140410,40500,45750,40100,45250,675955,29557891850,11.87,1339734352250,5049789450.0,1547104300.0,20240304
241770,9200,9340,9010,9200,4853,44234620,1.1,93772288000,-5229140.0,,20240304
059210,4785,4835,4605,4765,860847,4055152395,-0.94,113704102515,124909090.0,-50280710.0,20240304
058110,3115,3230,3060,3105,275210,864341935,-1.74,49836895650,114321430.0,50.0,20240304
434480,6080,6200,6000,6040,66099,400734420,-0.49,73508612000,-51774290.0,,20240304
080420,2435,2510,2340,2340,83429,199153450,-4.88,186548595480,2551850.0,,20240304
417970,15390,15640,14910,15000,38498,582318470,-3.16,95950500000,-4350210.0,-48651610.0,20240304
080160,16800,16920,16650,16650,92387,1549011300,-0.89,314685000000,-271675440.0,532027890.0,20240304
087260,2395,2485,2395,2445,125495,308071800,1.24,79591745145,-48467935.0,,20240304
101330,3585,3650,3575,3620,113926,412660455,0.98,83792244980,16865375.0,,20240304
012860,1936,1989,1935,1955,263052,514966914,0.72,143171408435,62992899.0,-3666290.0,20240304
363260,566,587,563,575,519882,298926349,1.59,92470837025,109552711.0,,20240304
348030,8430,8690,8350,8430,13314,112763340,0.24,80960034000,9430780.0,,20240304
250060,4445,4650,4435,4475,1113780,5030723655,2.52,143966630150,452369355.0,2487410.0,20240304
288980,2150,2235,2140,2235,357234,786199655,3.47,75278849820,85417010.0,,20240304
033200,3915,3940,3840,3930,42470,164696370,-1.13,56321557050,4542680.0,10.0,20240304
333050,1295,1314,1295,1300,46875,60914347,-0.46,30616994200,1613141.0,0.0,20240304
118990,15080,15430,15080,15200,128787,1968437090,0.86,377902248000,21133220.0,187339950.0,20240304
006920,4080,4100,3880,3885,582599,2301934805,-6.5,42424200000,92320755.0,,20240304
001810,1930,1934,1910,1931,8744,16807790,0.05,42747512500,-537397.0,,20240304
279600,12470,12560,12150,12360,5455,67183590,-1.9,57903893160,-16641580.0,-280.0,20240304
095500,22450,24200,22400,22700,4142259,96933813200,1.57,703926977300,6062584200.0,-1965177050.0,20240304
254490,21950,22350,21750,22350,179439,3997624150,4.2,322689300000,815799900.0,-2485650.0,20240304
218150,4550,4715,4550,4600,214509,995178205,1.21,93912689200,431803210.0,32160.0,20240304
442900,9640,9650,9620,9650,14966,144230330,0.31,74112000000,-616270.0,15406510.0,20240304
100790,6200,6220,6030,6030,267004,1628748800,-2.74,328799920500,-207604990.0,-13879750.0,20240304
412930,2175,2195,2160,2185,37694,81701235,-0.68,13494560000,-1465695.0,-14084065.0,20240304
446190,2210,2210,2185,2200,11307,24807525,-0.68,10890000000,-21995.0,7123365.0,20240304
448830,2200,2230,2200,2205,32833,72360910,-1.12,10848600000,-219560.0,37751890.0,20240304
049950,27900,28450,27750,28150,54362,1527034100,2.18,248223434600,177782200.0,-41795700.0,20240304
207760,2565,2765,2565,2685,2842981,7631359110,4.68,215699123265,745580960.0,1980590.0,20240304
059090,9520,10650,9520,10650,1049349,10707582730,13.9,355888685700,1197752080.0,24742950.0,20240304
214610,1700,1750,1646,1678,368991,626699169,-3.51,73108689710,-81989572.0,-1678.0,20240304
201490,3000,3020,2930,2940,176648,523902515,-2.0,91897843800,-150103895.0,,20240304
418470,22350,22800,21300,21650,219941,4846230400,-2.7,181606456850,480885050.0,-271016900.0,20240304
206640,15970,16090,15520,15700,141725,2223318170,-1.51,368738992000,-254225280.0,-330375310.0,20240304
018700,1635,1650,1548,1627,147853,238405369,-0.49,57139844639,26341604.0,,20240304
035620,665,676,658,670,81295,53987115,1.67,49874582250,-2882450.0,-2668479.0,20240304
053030,10800,11150,10740,10810,320478,3495726690,-1.1,343336928880,746744200.0,113412260.0,20240304
301300,7250,7250,6990,7110,71620,506214170,0.14,87738864660,31160510.0,400850.0,20240304
064550,24800,25150,24450,24550,146589,3631687950,0.2,633642644050,260929400.0,393798050.0,20240304
314930,11890,12270,11130,11220,191485,2210345970,-5.63,69369837900,-518777300.0,204591560.0,20240304
208710,706,708,697,697,192386,135158729,-1.69,43632432798,3422144.0,,20240304
086820,16200,16230,15890,15950,13952,223486800,-1.54,129887644700,-36124470.0,70.0,20240304
038460,3110,3255,3060,3230,78614,248637235,3.86,68788964390,-39128530.0,-4522820.0,20240304
251120,12520,12520,12100,12170,40227,491559500,-2.8,105826669000,10480210.0,-23102260.0,20240304
199730,10340,10340,10010,10150,14655,148151650,-1.07,48688200050,-575030.0,5059950.0,20240304
086040,5880,5890,5790,5790,53693,312196380,-1.03,92398250130,-47354710.0,,20240304
099430,6920,7190,6890,7120,306345,2168583670,3.19,412467751680,338714830.0,17761860.0,20240304
032980,1121,1129,1098,1127,133658,147692119,0.54,45415440280,-4947664.0,,20240304
308080,5120,5210,5010,5160,50399,255154820,-0.19,98895218400,19271240.0,,20240304
043150,30200,30650,29950,30200,32522,984606550,-0.66,448598531200,-288885950.0,161879650.0,20240304
323990,19160,19460,19030,19220,145502,2801937100,0.1,441929304000,152258370.0,228941410.0,20240304
267790,7200,7750,7170,7240,52315,383888880,0.56,57112740000,670450.0,,20240304
046310,2845,2875,2845,2870,67341,192684980,1.23,47121499670,13722935.0,-74490.0,20240304
331520,876,893,860,869,137712,120263496,-1.7,44201154910,-8729454.0,-6042178.0,20240304
438700,7820,7990,7710,7820,67863,531256980,0.0,86461751800,-33447900.0,-128234830.0,20240304
066410,0,0,0,1153,0,0,0.0,96978744678,,,20240304
382900,18170,18400,17770,17920,25364,457075940,-1.32,156997120000,-56301860.0,-6515680.0,20240304
206400,4145,4280,4065,4140,58317,242739715,0.0,124611052320,-715550.0,,20240304
019010,2080,2175,2070,2100,146976,311252460,0.0,101220000000,-6844345.0,-5430.0,20240304
177350,715,853,715,810,50357258,40591944860,15.22,64709270280,261011732.0,1317132.0,20240304
299910,0,0,0,6880,0,0,0.0,32483121920,,,20240304
424760,1570,1570,1519,1546,21408,32860120,-1.53,30023323092,-3382218.0,,20240304
225530,5460,5920,5460,5530,293105,1669081520,1.47,200953160310,117984210.0,210220.0,20240304
250000,10820,10830,10740,10750,23664,254710380,-0.37,72570379750,-2428020.0,30.0,20240304
310210,44950,46300,44100,44350,91435,4114231600,-0.11,771637090450,-875021000.0,598299350.0,20240304
006910,3110,3130,3080,3095,272184,844544215,-0.16,152056805280,-43041195.0,-49440.0,20240304
226340,2300,2315,2210,2250,443257,995283855,-1.53,79623742500,-164133575.0,-66580505.0,20240304
014470,2500,2695,2500,2690,686969,1805414335,8.25,161540579400,52176190.0,2556240.0,20240304
008470,4690,4700,4545,4555,5449,25015695,-1.19,38283864000,-5989270.0,,20240304
338220,30150,30400,29000,29050,291043,8539597400,-1.86,397681688950,-59544400.0,-1573017350.0,20240304
100120,28750,28750,28350,28500,7344,209036850,-0.87,285053152500,-2466400.0,-3460800.0,20240304
406820,14580,14930,14480,14590,7526,109764150,0.07,51561643600,-8536170.0,1125130.0,20240304
337930,5270,5330,5180,5210,112062,586853200,-1.14,152478928690,-75531200.0,-23794320.0,20240304
099390,7720,7720,7610,7610,13890,106284980,-1.42,62465033630,-10562450.0,,20240304
064480,8300,8660,8240,8370,286096,2427320780,2.2,100042425000,634618080.0,956790.0,20240304
288330,3450,3450,3200,3380,152895,510443360,-3.01,78962887380,131680120.0,-16125905.0,20240304
365900,4100,4185,4065,4075,10746,44061840,-0.61,29789472500,-307655.0,,20240304
251630,8990,9170,8990,9150,35286,320228020,2.35,145877406900,33857800.0,1168810.0,20240304
018290,15600,15990,15200,15440,2233577,34687463020,-7.1,552721228080,-2290109260.0,-3036535170.0,20240304
044480,1050,1050,1026,1039,13973,14461113,0.19,35636393977,-280220.0,,20240304
439580,17030,17290,16860,17000,135319,2299860320,-0.58,181544088000,9500970.0,5464060.0,20240304
033560,3130,3130,3000,3050,72257,220502120,-3.48,52155000000,-17931400.0,,20240304
369370,2255,2320,2250,2295,18863,43009900,2.0,113825417940,-6843140.0,999000.0,20240304
126340,45450,45450,44650,44750,21497,965818750,-1.1,259702015750,-69341150.0,-7353650.0,20240304
121800,0,0,0,3320,0,0,0.0,256309348520,,,20240304
148140,0,0,0,6140,0,0,0.0,120570191460,,,20240304
082800,3120,3130,3015,3075,30113,93090915,0.16,148251023625,18248795.0,,20240304
318410,10800,11280,10770,11250,35823,396314800,4.17,62496483750,-20951050.0,420.0,20240304
419540,2150,2175,2140,2175,182744,393545200,1.87,50008711425,72419750.0,,20240304
146320,24000,24600,23300,24450,146123,3513449150,3.6,312786967350,462012800.0,255390600.0,20240304
200780,6500,6640,6480,6610,10241,66981040,0.76,58778658240,80410.0,,20240304
413640,9190,9490,9140,9390,77124,721604480,3.41,67673166600,-59155970.0,49609070.0,20240304
141000,8150,8270,8110,8200,7299,59597470,0.49,99340622000,-2149510.0,,20240304
083650,8350,8410,8050,8280,188598,1556456040,-0.36,256219425000,-242708760.0,-19162950.0,20240304
445360,2140,2140,2095,2100,17916,37627315,-0.47,9051000000,-47390.0,-2041655.0,20240304
142760,1826,1995,1820,1970,579449,1116675098,7.59,63581830770,309522109.0,,20240304
065170,412,412,393,398,232983,93230603,-2.21,35410282482,-4319081.0,467230.0,20240304
086670,12480,12640,12450,12600,22804,286272100,0.24,114977192400,-22754430.0,-25741390.0,20240304
335890,7390,7780,7150,7560,2065926,15296265550,3.28,440998629120,274794900.0,-2422859010.0,20240304
230980,264,295,241,250,7077919,1884838620,-4.94,23330139250,-171381259.0,-2500.0,20240304
138580,12500,12860,12470,12670,23656,299864050,0.96,285786585210,-8220710.0,82306470.0,20240304
082920,17020,17170,17000,17160,54577,932725020,0.82,387912096000,164453250.0,46245800.0,20240304
054220,570,572,551,560,275987,154710710,-2.1,27529935440,-20247262.0,,20240304
042370,8130,8270,8000,8030,362855,2939937650,-0.86,210386200750,166031410.0,-96360.0,20240304
050090,1070,1070,1034,1035,23778,24882058,-3.27,20477200725,-1738171.0,,20240304
307870,1584,1656,1570,1590,167770,266238209,0.63,54057128460,3576407.0,,20240304
357880,5690,5810,5640,5690,69563,395975410,-0.87,59426109640,-58461690.0,,20240304
032850,6960,7130,6930,7090,603715,4348408430,3.05,117859147370,9277540.0,-20.0,20240304
148780,1665,1694,1651,1661,489559,816601323,0.12,52231349225,42756843.0,,20240304
238200,5120,5150,5020,5020,70356,356488310,-2.14,41063600000,-5491380.0,-4102870.0,20240304
093190,5460,5480,5400,5450,40782,222018940,-0.18,104852032250,-77746300.0,-5321100.0,20240304
065450,5270,5310,5170,5220,831008,4352500230,-1.69,149567616000,-34005380.0,5320.0,20240304
210120,16360,16970,15940,16190,10426,168654350,-1.28,50911235900,-45244660.0,280.0,20240304
072950,6070,6250,6050,6220,394492,2436327860,2.13,50087234200,362156480.0,-7074730.0,20240304
143240,17500,17870,17410,17700,30187,533221710,0.74,206793755100,234919380.0,-1076190.0,20240304
452430,33100,35400,32650,32750,433460,14622988650,-0.91,255478689000,-535249600.0,,20240304
419120,10430,10480,10140,10300,84305,864990650,0.78,79843807800,50590340.0,8800.0,20240304
122350,2010,2025,2000,2015,81030,162842310,0.5,77253947420,6560120.0,,20240304
419050,2780,2845,2760,2795,472640,1328534375,0.54,159863490800,-46593190.0,,20240304
014970,3925,3940,3870,3910,22963,89512320,-1.51,59138750000,-1614440.0,1430175.0,20240304
018310,21050,23700,20050,23700,1363101,30901828300,29.86,348390000000,2060500.0,-1385545450.0,20240304
053700,5750,5820,5700,5760,159909,920903520,0.17,130995048960,-59258150.0,,20240304
009620,1036,1059,1014,1016,650098,671985753,-2.78,50856796432,-67632160.0,,20240304
023600,11400,11420,11300,11400,8487,96395940,0.09,184338000000,-28351610.0,13904160.0,20240304
425290,2320,2330,2290,2315,22991,53163360,-0.22,12778800000,161555.0,661270.0,20240304
439250,9870,9910,9870,9880,29652,293287950,0.1,34599760000,-5189840.0,44490720.0,20240304
448740,9690,9720,9670,9720,11906,115461300,0.21,45334080000,-1144460.0,-14159700.0,20240304
468510,2050,2055,2035,2040,50176,102537435,-0.49,22542000000,-9724310.0,24927615.0,20240304
009300,17000,17000,16430,16520,44643,740759570,-3.39,105232400000,-153987370.0,-136650.0,20240304
225190,9100,9150,9050,9100,13739,124892960,-0.55,92362160800,-2372810.0,-270.0,20240304
361670,4625,4625,4530,4595,8315,37941480,-0.43,26042888510,-1860840.0,,20240304
054540,3950,3995,3920,3970,56512,223363145,1.28,51610000000,21263190.0,11850.0,20240304
065570,3030,3110,3000,3060,72232,218921415,0.99,37708367760,223795.0,,20240304
032280,1832,1846,1820,1828,50769,92817141,-0.22,29638442520,-2554498.0,,20240304
002290,3620,3655,3565,3610,25207,91337470,-0.69,44764000000,-2401590.0,18240.0,20240304
037460,8450,8620,8450,8560,39870,341183140,0.0,139686548320,52608450.0,-2670090.0,20240304
032750,5400,5490,5280,5420,51674,276676710,0.37,43706153720,12708630.0,,20240304
054090,1360,1379,1300,1305,217907,291115300,-4.04,32571797760,5711931.0,-2915197.0,20240304
000250,72200,77000,71300,75800,411023,30417317600,5.87,1778076377600,-584914800.0,2157881500.0,20240304
024950,5480,5560,5460,5530,80532,443443020,1.47,73402880810,-34112950.0,-1735830.0,20240304
038500,3060,3085,3045,3045,87711,268105065,-0.65,328605151770,-54633050.0,6213250.0,20240304
017480,4870,4910,4820,4865,19845,96734770,-0.1,76394559850,-9938670.0,1232945.0,20240304
046390,1838,1880,1821,1830,152057,280802032,0.0,79006467390,-33166322.0,,20240304
027580,1927,1929,1865,1865,1701679,3224957848,-2.97,110373085335,-203786749.0,-6888191.0,20240304
038540,3425,3490,3330,3460,38451,130721855,1.47,191435962980,36974265.0,55.0,20240304
101000,2215,2300,2110,2170,199086,436467540,-0.46,40751402160,-1743945.0,,20240304
415580,2120,2120,2095,2115,4517,9500875,-0.24,11230650000,-8410.0,-3778305.0,20240304
452670,2030,2030,2010,2020,14050,28365810,-0.49,10544400000,-2025.0,-7254150.0,20240304
091580,16090,16550,16090,16460,100703,1649898650,2.55,224320484740,12582650.0,269985820.0,20240304
263810,4550,4615,4530,4535,99316,452135020,-0.22,64599796130,56818895.0,,20240304
089980,20000,20300,19910,20100,60269,1209200130,0.55,321379643700,-63666530.0,135643650.0,20240304
042940,385,400,380,400,285118,112214286,3.9,42181775600,2593615.0,,20240304
042600,24900,25950,24450,24900,22911,570930750,0.81,309346992600,-69915550.0,90239550.0,20240304
107600,59800,60900,59000,59600,13017,779865300,0.0,289748082000,140390400.0,-61956600.0,20240304
411080,8930,9510,8880,9230,343835,3194790420,5.49,139329046740,225246730.0,1112090.0,20240304
252990,7200,7440,7110,7340,935356,6853180200,5.16,388275613900,1445684750.0,-954450.0,20240304
378800,3100,3100,3040,3055,118414,363262715,-1.45,70481999705,31897330.0,,20240304
294630,6820,7150,6620,6930,3741592,25886775760,5.64,163121520870,3573315240.0,-982740.0,20240304
038070,9700,9750,9640,9680,27598,267193390,-0.21,84222543680,32369670.0,-3050.0,20240304
006730,7490,7640,7490,7640,73124,554322060,2.0,470343161240,-20002140.0,164486620.0,20240304
079650,1517,1559,1517,1557,10716,16546373,1.83,31140000000,-65848.0,-1875064.0,20240304
100660,4965,4990,4895,4895,77571,382878130,-1.11,61677000000,53527365.0,40.0,20240304
019770,4460,4500,4430,4460,154558,689397040,0.0,51959000000,118258605.0,13335.0,20240304
043710,681,681,669,681,33618,22584053,0.0,34185437280,690140.0,,20240304
092190,3715,3715,3590,3670,16921,61712945,0.14,168336965610,-3843565.0,3690.0,20240304
046890,10010,10090,9950,9990,220632,2207879540,0.4,582470946000,143134060.0,-34971190.0,20240304
063170,11450,11620,11110,11180,162174,1838324470,-1.58,198716305060,-596726160.0,2622120.0,20240304
027040,414,414,403,406,34698,14027514,0.0,28253071882,-149337.0,,20240304
018680,3575,3590,3530,3540,2969,10574085,-0.84,41273989260,-413760.0,,20240304
093920,5740,5800,5700,5790,25201,144996160,1.05,107694000000,2628310.0,-3156930.0,20240304
189860,4125,4185,4120,4125,27274,112978140,0.0,40007467500,-5356865.0,30.0,20240304
178320,20650,20700,20100,20650,284487,5828167900,0.98,776040257300,-1804761950.0,628752600.0,20240304
122690,3595,3860,3595,3710,279023,1045889630,3.2,78756366010,121077550.0,,20240304
140070,3935,4085,3930,4085,253482,1025874540,3.94,151095980000,301130930.0,40680640.0,20240304
011370,876,883,869,876,224838,196574236,0.69,88383901740,3718909.0,43766889.0,20240304
065710,19020,19020,18850,18950,5365,101572770,-0.37,97592500000,-16649040.0,20670.0,20240304
035890,1273,1275,1263,1270,217567,275960655,-0.47,291856740390,-9412510.0,54869335.0,20240304
357550,62700,62700,60400,61500,23337,1433839900,-1.76,335482500000,-135258600.0,69496500.0,20240304
003100,19510,19590,19260,19590,13221,256480420,0.41,129294000000,-64279520.0,23270070.0,20240304
067370,9270,9450,9000,9270,12178,112554340,0.0,114146654850,12633850.0,,20240304
171090,25950,27100,25500,25500,152079,3959999200,0.39,240759907500,112100750.0,250.0,20240304
086710,8050,8090,7900,7940,42070,334587460,-1.37,96894043200,-114826530.0,47712190.0,20240304
014620,11700,11710,11270,11300,244300,2797665380,-2.08,323180000000,-761109390.0,77574640.0,20240304
037350,3980,4030,3960,4030,54983,222402150,1.26,62344100000,-8964280.0,,20240304
081580,2150,2185,2135,2160,68230,147404850,0.47,33497588880,-3189480.0,,20240304
045300,3950,4005,3945,3955,39892,158307535,0.25,39390154720,34861650.0,,20240304
015750,9860,10060,9550,9810,2889324,28479641880,-0.2,784800000000,584530580.0,282006290.0,20240304
365340,97100,99700,97000,97800,58531,5751853300,-0.2,1183858242000,244031900.0,400566300.0,20240304
080470,4760,4790,4700,4700,8110,38299255,-1.88,34310000000,-2469860.0,,20240304
043260,1542,1557,1481,1529,524556,799494015,-0.84,81656832136,148136784.0,,20240304
148150,8550,8600,8230,8420,715597,5996723190,-1.29,297670938060,931679780.0,-1106696160.0,20240304
188260,3650,3740,3650,3700,17457,64594195,0.0,24983650600,-859870.0,,20240304
053060,1762,1800,1753,1777,123979,218888106,0.85,31377233563,2243106.0,,20240304
340440,1793,1794,1777,1794,27821,49667816,0.0,50910785016,-1362186.0,,20240304
017510,2765,2850,2750,2815,56894,159338235,1.81,42917490000,-7692085.0,-65.0,20240304
011560,8910,8940,8860,8900,37506,333623990,0.0,93717000000,-22039040.0,-415360.0,20240304
396300,3825,3880,3825,3850,75245,289577025,0.92,101984575000,25762165.0,-19240.0,20240304
100700,2800,2810,2780,2790,23849,66559050,-0.36,122202000000,-10092745.0,10451825.0,20240304
024830,7400,7420,7340,7360,10189,75000770,-0.54,61456000000,-272360.0,73700.0,20240304
258830,435,493,400,431,18706207,8346384518,-22.34,23862634802,-80161157.0,1835.0,20240304
036630,643,649,632,632,487392,311073523,-1.56,139040000000,-33782140.0,,20240304
039310,2190,2290,2190,2270,23867,53545550,3.65,41136184090,-1155560.0,,20240304
067770,2800,2845,2765,2790,23243,64894415,-0.71,23426494470,-2037665.0,13600.0,20240304
053450,8090,8250,8010,8220,544395,4427914880,2.37,121596840660,258783700.0,10532740.0,20240304
222810,2065,2080,1980,2050,804011,1618156323,0.0,155101667500,-179701793.0,,20240304
252500,866,873,850,852,103961,89656048,-2.29,35346404280,632759.0,,20240304
321370,4120,4210,3975,4020,514556,2087305475,-2.78,105044127600,204124360.0,6017325.0,20240304
347000,2960,2965,2905,2910,248668,729191765,-1.52,96044480160,43209520.0,0.0,20240304
331920,4100,4100,4005,4015,9130,36921735,-1.59,32779054220,-6332560.0,-4065.0,20240304
049180,1878,2265,1842,1842,4051790,8212057832,-0.54,78846303450,-268925535.0,-13556.0,20240304
299660,3910,3995,3895,3905,26489,104115640,-1.01,53119625185,-5171035.0,,20240304
268600,0,0,0,6680,0,0,0.0,244941204600,,,20240304
108860,19170,19310,19050,19240,292172,5608137160,1.48,517840559600,1166094980.0,357628000.0,20240304
208370,6220,6280,6120,6150,176448,1087697170,-0.16,157935468600,-24278370.0,112100.0,20240304
318160,3865,3865,3745,3775,85125,322158335,-1.56,34959901275,7483890.0,,20240304
068760,110900,113800,108000,109300,403332,44722663000,-1.44,4329702648800,1314562900.0,3388844900.0,20240304
068940,0,0,0,778,0,0,0.0,29766744466,,,20240304
060230,2700,2740,2580,2645,656086,1746152605,-1.31,104342470105,-244581905.0,,20240304
290690,2435,2450,2320,2330,5443185,12868526410,-4.31,341323447500,-4370392310.0,-3435295.0,20240304
950200,4995,4995,4815,4860,18998,92247255,-1.12,93487217580,-2609935.0,,20240304
032680,689,707,683,693,3399006,2370523878,0.43,73174399452,-106179815.0,,20240304
032685,10410,10770,10400,10580,1066,11096700,-0.94,3778562360,0.0,,20240304
258790,1360,1378,1356,1375,79530,108616418,1.1,34363015500,-605599.0,-3875364.0,20240304
066910,2625,2690,2620,2640,220320,582099640,-0.38,89190443760,46400700.0,-9960.0,20240304
043100,489,507,479,482,1195499,582796784,-3.21,31994778256,-61122835.0,-4223387.0,20240304
035610,4940,5050,4705,4730,664407,3205219190,2.16,129346565810,-320739785.0,,20240304
357780,280000,280000,272000,276000,61712,17014214500,1.47,2146884216000,144996000.0,-4184431000.0,20240304
036830,69700,74000,69100,71100,488555,35068995000,2.01,1490544381600,1089651000.0,576632100.0,20240304
304100,24250,25600,24250,25600,201535,5050858450,5.79,309601484800,154401600.0,8752750.0,20240304
328380,1367,1380,1358,1366,223634,305271874,-0.73,46802954748,11242806.0,,20240304
086980,4320,4450,4160,4165,3498010,15079980250,-7.13,260887270000,-295990380.0,2180975.0,20240304
050960,10400,10510,10330,10490,16565,172698390,0.0,70817990000,12418850.0,-2449290.0,20240304
084180,653,663,620,622,199412,126513618,-4.75,70488406264,-24562147.0,-85281.0,20240304
253840,6210,6300,6150,6200,34266,212709120,-0.32,103680169600,-2684590.0,-10.0,20240304
298830,6210,6270,6090,6100,303698,1879452900,-0.49,320976272100,-25496280.0,173300870.0,20240304
236200,24550,24800,23850,24350,68482,1657711050,-0.41,175156197550,81296050.0,-149151600.0,20240304
094840,7510,7740,7470,7550,91777,696789170,0.67,79062392000,21695180.0,,20240304
192440,31350,31350,30500,31150,6593,204373250,-0.8,193639707450,-14583000.0,-50950.0,20240304
424960,11430,11500,11100,11300,148808,1677482650,1.07,171458742000,-229769480.0,-45528150.0,20240304
136510,0,0,0,11600,0,0,0.0,661852453600,,,20240304
099440,3985,4050,3950,4015,501902,2009625005,1.26,161577226910,73553810.0,,20240304
033790,1367,1377,1330,1341,66050,88807721,-2.83,22954031100,1782323.0,,20240304
276040,9210,9210,8540,8700,521874,4618208630,-6.45,109223923800,-568466420.0,-534231630.0,20240304
159910,801,813,775,780,225177,178407060,-2.62,27623757720,-13397186.0,-123329.0,20240304
115570,2825,2860,2800,2805,23560,66564135,-2.09,22396544940,-482645.0,,20240304
330730,5740,5790,5300,5480,4801970,26382155770,-4.53,99466548400,128663560.0,-27648420.0,20240304
352090,7940,8470,7940,8420,73901,607259360,5.38,113135321580,954300.0,66138710.0,20240304
253450,45400,46100,45150,45300,55323,2517938950,0.22,1361649959400,-598392150.0,1864050.0,20240304
408900,37500,37800,35400,35500,28931,1043260350,-5.33,190299525000,-185771200.0,-22559650.0,20240304
204630,325,325,296,318,1467363,455558752,0.63,39074945148,-39906627.0,,20240304
415380,19150,19320,18930,18930,47141,897169370,-1.1,79988677140,1412780.0,,20240304
013810,3960,4050,3920,4020,191929,766188940,1.01,58914989400,42518905.0,4050.0,20240304
203690,9080,9230,8930,9000,134042,1215194830,-0.77,111805398000,119264640.0,-299352360.0,20240304
049830,9370,9450,9270,9340,4758,44360030,-1.16,57273926080,-291090.0,-4012980.0,20240304
020710,4330,4380,4310,4355,56259,244055305,0.11,87308909350,91958970.0,23629705.0,20240304
033170,1700,1925,1699,1878,27140634,49683942883,11.99,160997783082,-1097918040.0,826105733.0,20240304
048870,2865,2950,2780,2800,190432,537885135,-2.1,231583363200,-70990000.0,20005.0,20240304
025320,8830,8830,8350,8710,3041088,26102817840,-1.36,730054222560,-1292600140.0,-1031582770.0,20240304
269620,0,0,0,889,0,0,0.0,132090012299,,,20240304
429270,11160,11180,10590,10650,89608,967757300,-4.66,47991562500,-147923880.0,-220375570.0,20240304
418250,9280,9280,8940,8980,74704,677398820,-2.92,71674247160,-39129190.0,-136975790.0,20240304
131090,981,983,962,963,82565,80097179,-1.63,42372000000,-19588664.0,-2476320.0,20240304
232830,3515,3515,3400,3400,102953,354660805,-2.3,39805404800,-45961625.0,,20240304
290520,3335,3385,3090,3130,72660,232632530,-6.01,49858903060,-18357130.0,-131720.0,20240304
001000,1567,1575,1555,1555,20773,32426253,-0.77,37751574700,-2348269.0,,20240304
025870,7620,7740,7420,7730,41306,312393130,1.44,30920000000,-7383930.0,-29700.0,20240304
215600,4705,4860,4705,4715,561031,2673090205,-0.63,485018494375,-55256930.0,267555720.0,20240304
065350,132800,137900,121800,123300,2849303,368764465500,0.24,3388770788400,2494831200.0,34628500.0,20240304
416180,45950,47700,41850,42000,298171,13158600850,-3.23,379670676000,933071650.0,-25320750.0,20240304
162300,3775,3855,3730,3830,560016,2128240070,4.93,158835393060,107071835.0,,20240304
290560,11010,11740,11010,11450,19227,219201890,4.0,41584980200,19454570.0,-25500.0,20240304
002800,6350,6480,6280,6440,144304,922911350,1.58,97698020000,183049000.0,-1040.0,20240304
472220,2130,2140,2125,2135,30100,64214185,0.23,10013150000,-6390.0,8534635.0,20240304
419270,4225,4390,4160,4195,140551,603623275,0.0,18059475000,49346345.0,-63496040.0,20240304
430220,2360,2360,2310,2355,9644,22555080,0.0,15919800000,-335530.0,-10179650.0,20240304
445970,2250,2250,2220,2250,12402,27681450,0.0,12060000000,-450090.0,-21960125.0,20240304
017000,2995,3015,2990,2995,22875,68578680,-0.5,34945740865,1939600.0,10.0,20240304
012790,7150,7150,6980,6990,16913,119343100,-1.55,83785040850,-29185260.0,0.0,20240304
138070,2745,2775,2710,2745,92551,253064810,0.73,48046294980,-25308855.0,82560.0,20240304
226330,12580,12700,11540,11540,368826,4446026250,-7.97,175759681500,204410930.0,8103510.0,20240304
418210,2480,2485,2420,2440,6333,15426710,-1.81,8930400000,104210.0,-7296815.0,20240304
452980,1978,1983,1972,1979,43317,85672148,-0.15,37412995000,-8117301.0,-5331048.0,20240304
393360,2070,2080,2065,2070,11692,24222600,-0.24,15214500000,-97175.0,7813170.0,20240304
405640,3560,3685,3555,3595,155948,565392375,1.27,16303325000,27076040.0,-56231900.0,20240304
056700,2290,2370,2285,2315,330628,765275930,0.22,67447735665,101250510.0,-2192540.0,20240304
187270,5020,5030,4850,4850,249617,1231409040,-2.71,49197648250,-43217225.0,82995.0,20240304
243840,47900,48000,46850,48000,45347,2148085450,1.59,373622736000,31088200.0,-43005150.0,20240304
257720,9260,9730,9180,9230,1153263,10900364490,-0.32,557392629820,834381870.0,-237290380.0,20240304
222800,29200,30350,29100,30100,625210,18667288450,5.61,958809704300,-847519150.0,-1329811850.0,20240304
036710,2640,2765,2640,2755,233945,636528650,4.36,133204649475,32091750.0,0.0,20240304
160980,16860,17170,16810,17110,94050,1599234160,1.85,186913797730,210035470.0,69857630.0,20240304
356890,9500,9840,9500,9670,16975,163565400,2.65,46092345100,20221430.0,,20240304
217330,13850,14100,13600,14000,38023,524204600,0.86,311903578000,-6377080.0,304550.0,20240304
010280,940,969,930,961,356100,338673160,1.59,62583958346,33654251.0,2236232.0,20240304
208640,385,386,372,375,195861,73936588,-0.27,52215095250,-14079124.0,918993.0,20240304
222420,1242,1242,1179,1192,256775,308561228,-4.49,54188595352,-37689067.0,,20240304
037760,1381,1390,1301,1336,318677,422107490,-3.88,45200782456,4406417.0,,20240304
099320,32600,32800,31450,31850,43940,1400418000,-2.3,348798204300,33573000.0,-250401050.0,20240304
049960,12410,12420,12130,12130,31381,383813110,-2.26,114022000000,-156640340.0,-2852600.0,20240304
088280,3945,4075,3925,4005,63452,254685000,1.78,69312492450,116116435.0,-23808950.0,20240304
050890,6100,6110,5920,5930,904683,5419026860,-2.47,363044325200,61413430.0,-11191210.0,20240304
109670,19870,19870,18650,18920,9684,185012110,-3.52,108088465320,-66954870.0,,20240304
066790,3980,4060,3575,3720,17592126,66841244340,-0.93,208413208320,271184625.0,242800.0,20240304
222080,11120,11210,10940,10990,345462,3807509720,-0.99,772131155880,-309414100.0,295223380.0,20240304
352480,67700,67800,65100,65700,63526,4191575600,-1.79,657915923700,801488500.0,-1299323700.0,20240304
264660,12800,13160,12800,12930,28976,375215700,1.02,120467969550,15718480.0,0.0,20240304
352700,2750,2765,2700,2750,55565,151638300,0.0,75011472250,-10375505.0,-14315625.0,20240304
297090,7960,8020,7860,7870,84826,670880820,-0.25,214614900000,-143748980.0,-49597890.0,20240304
900120,128,139,128,135,7309637,982559786,4.65,38911342410,29428131.0,,20240304
359090,1286,1308,1275,1275,183744,237149318,-0.78,69936635325,15228629.0,-22754557.0,20240304
115530,314,317,304,314,218868,67670884,0.0,21340382000,8633.0,-9256.0,20240304
115480,817,839,816,823,93151,76475639,-0.12,39688811234,-5689317.0,,20240304
340810,7280,7450,7100,7130,70984,509161300,-1.93,73780248930,-20228850.0,5020350.0,20240304
376290,3670,3670,3460,3560,17121,60452165,0.85,62860700000,-800765.0,,20240304
189330,11700,12300,11650,11890,61547,738664930,4.39,72437256760,70274590.0,437350.0,20240304
096530,24850,25200,24400,24600,227925,5624716600,-1.2,1284759452400,-1277805800.0,211206750.0,20240304
101240,4810,4820,4720,4765,32328,153912230,-0.94,48308446760,-5235925.0,-4664290.0,20240304
060590,8770,8890,8460,8500,78617,671405710,-2.97,205538670000,-176460950.0,,20240304
260930,5070,5070,4920,4990,36944,183607605,-0.2,96514539090,-20191550.0,9566295.0,20240304
052300,480,494,456,456,1373074,647023358,-7.88,54105052080,-62470708.0,-721626.0,20240304
013990,6450,6540,6330,6450,2535825,16355695020,0.0,212124607200,712936160.0,1205420.0,20240304
123860,25900,25900,25500,25700,34613,887220500,-0.39,311571765500,30316450.0,-53021800.0,20240304
025980,6310,6360,6260,6310,446102,2811466940,0.32,571872006180,-724475730.0,753318650.0,20240304
058220,0,0,0,275,0,0,0.0,10717917100,,,20240304
125210,11220,11360,11110,11130,66059,739080150,-0.09,183609272700,-39082880.0,-43210890.0,20240304
357580,11190,11190,10860,10870,39918,437291070,-1.81,121964269680,-82764520.0,0.0,20240304
052710,8450,8450,7690,8330,228548,1835670320,-2.57,121743857970,-396182420.0,15319590.0,20240304
074430,1693,1703,1550,1550,5233649,8512949474,-5.78,136131608200,664489363.0,-1694550.0,20240304
092040,5540,5880,5440,5710,480917,2687485230,3.07,312378608770,-2279910.0,-381117000.0,20240304
083930,13210,13550,13020,13370,41448,553152950,1.44,206069109260,151045820.0,-227280.0,20240304
149950,12350,12440,12150,12380,10064,123607330,-0.48,193220850000,-40031150.0,-600170.0,20240304
036010,10900,11230,10870,11080,99967,1102488450,2.59,147285708720,150883390.0,-1058390.0,20240304
050860,2425,2425,2400,2400,21845,52629590,-1.03,54000000000,-12268980.0,,20240304
136410,8150,8320,8000,8290,78857,646401460,1.47,91348388740,-70895230.0,-296600.0,20240304
246720,6260,6640,6050,6100,211441,1332234680,0.66,80544125500,-198163810.0,389010.0,20240304
067390,1340,1430,1335,1398,246916,340338636,4.33,59121968016,-17082099.0,,20240304
159010,10260,10890,10260,10600,107951,1150279060,4.85,141348233400,221962990.0,73955830.0,20240304
127710,1174,1174,1133,1139,50781,58344351,-2.98,39755749398,1869555.0,,20240304
154030,2805,2825,2770,2815,17008,47510920,0.0,31305161785,-2767095.0,,20240304
227610,1835,1863,1805,1838,61918,113803000,1.16,58176078244,13344811.0,,20240304
143160,19550,19620,19190,19390,33481,647355520,-0.31,207790802100,-9072090.0,494810.0,20240304
054800,11250,11260,11130,11240,27712,310425290,-0.09,116308777440,-23054880.0,0.0,20240304
332370,3680,3745,3680,3700,15819,58782355,-0.4,49112786200,-4849305.0,3030.0,20240304
339950,2265,2580,2260,2505,12804418,31544705605,12.58,112591370775,1313387975.0,51974060.0,20240304
099190,22900,22950,21050,21450,691004,14818362850,-6.54,590266955850,-4134091750.0,413281300.0,20240304
289010,4465,4600,4150,4150,3044849,13296281650,2.22,53385753550,-194776820.0,-1912170.0,20240304
214430,33350,33800,32950,33700,66971,2240958550,2.74,239497812000,196140300.0,381992100.0,20240304
040910,7700,7900,7680,7770,39781,310453690,0.91,143471822340,76848740.0,-219400.0,20240304
368600,6150,6320,6030,6140,180847,1110164620,-0.97,107685444440,-141781810.0,152734960.0,20240304
052860,2810,2890,2760,2845,67174,189152615,1.61,50819819630,-14939300.0,-3289875.0,20240304
069920,2855,2855,2625,2720,172332,465259935,-1.98,70247704640,-29832585.0,,20240304
038880,407,447,404,419,4549831,1942190168,1.95,123508273850,-79663692.0,-19219.0,20240304
307180,2970,2995,2935,2955,44933,132597765,-0.51,78903517590,-14532955.0,35560.0,20240304
101390,5390,5390,5200,5220,47756,251614620,-3.15,47260611540,-5110990.0,,20240304
451220,21900,23000,21800,23000,603786,13588604600,7.48,181116053000,450941350.0,124828200.0,20240304
078860,2945,3050,2945,3030,27765,83092215,-0.98,14563158690,13015305.0,-1180.0,20240304
090150,1186,1210,1173,1179,452856,538044044,-0.42,49370970447,-63630472.0,,20240304
123010,1234,1234,1159,1159,130902,157809436,-6.08,37851250178,15640343.0,,20240304
031310,2775,2840,2775,2780,343011,960676880,-0.71,63332561660,-3268015.0,,20240304
185490,3020,3040,2995,3010,55763,167772090,-0.33,81359649840,-26926590.0,,20240304
059100,5920,6150,5920,6060,8210,49645780,3.06,42849411600,3429830.0,0.0,20240304
262840,6030,6120,6020,6110,10688,65083360,0.49,60244600000,7625850.0,-1002780.0,20240304
175250,2210,2300,2135,2135,245396,531785655,-3.83,80187115680,-84687745.0,,20240304
052460,3890,4040,3890,3970,92427,364800115,2.06,57993505920,54255130.0,-43539175.0,20240304
119830,7840,7930,7720,7720,146703,1140793360,-1.66,165472772840,88015460.0,-219618420.0,20240304
052770,2260,2265,2035,2115,999700,2129435735,-4.3,87962450265,-653125700.0,40897035.0,20240304
124500,10800,11300,10340,11130,765873,8355786940,3.06,255803873010,1349911150.0,45716900.0,20240304
372800,6610,6900,6500,6530,11951,79405550,-1.21,39356244700,-7419930.0,,20240304
084850,21350,21650,20650,21100,60333,1267869550,-0.47,478609907400,98335050.0,-277443100.0,20240304
114840,18000,18000,16310,16960,304993,5098857140,-5.78,145872485120,-1692567200.0,234307770.0,20240304
027360,2755,2785,2725,2765,535366,1475638800,-0.18,334137547590,188709870.0,-24960130.0,20240304
032080,1501,1517,1490,1499,45569,68269954,-0.27,32215052471,-1615648.0,,20240304
013310,4350,4440,4230,4315,1179941,5114345570,0.58,167450401330,183913750.0,41223410.0,20240304
059120,10760,11150,10760,11050,167803,1849821110,2.7,107721985800,136195720.0,-341570.0,20240304
158430,4250,4250,4100,4135,166681,690131320,-1.66,93354385725,-58797900.0,-14264730.0,20240304
067160,128400,128500,119300,120200,324240,39573792700,-6.39,1381670993400,2509448400.0,-4661343200.0,20240304
001540,8000,8030,7800,7870,59641,469153750,-1.5,102643845400,71115700.0,-10100400.0,20240304
053800,71300,72600,70700,70900,56710,4039646600,-0.84,709982319500,-969299800.0,338382900.0,20240304
065660,14300,14300,13870,14100,10754,150841200,0.57,137212359300,38827570.0,-14100.0,20240304
297570,1400,1400,1382,1384,57343,79689653,-0.43,47915765712,-12187766.0,,20240304
260660,5340,5340,5260,5260,8426,44491540,-0.75,80620130460,-12655560.0,726230.0,20240304
354320,42600,42600,41400,41750,49258,2065435450,-0.48,266840156750,-285877600.0,-205834800.0,20240304
361570,3555,3600,3500,3525,61763,217812155,-1.95,100939400775,4840355.0,-26160.0,20240304
131370,4650,4715,4590,4640,1111650,5191019765,-0.96,247159265120,64235990.0,1753515.0,20240304
140670,15960,16190,15750,16010,145537,2329077530,0.31,148943271400,322438580.0,1281300.0,20240304
096610,0,0,0,2965,0,0,0.0,51550708615,,,20240304
061040,3935,3950,3875,3880,53255,208055620,-1.4,124506324920,-9053875.0,-8253460.0,20240304
148250,4290,4560,4245,4550,33583,148222255,6.06,33629896300,-4387320.0,1183640.0,20240304
347860,6800,6960,6740,6770,118841,806950240,-0.59,145896018440,-99824930.0,2998660.0,20240304
196170,158500,169700,158300,167200,1505236,247687929800,4.11,8863577641600,10757339100.0,-1437811700.0,20240304
123750,3045,3055,3000,3010,28354,85772435,-1.15,38366353970,-4689810.0,,20240304
085810,1005,1035,998,1005,60345,61146782,0.6,29834197845,-1558104.0,-2745852.0,20240304
117670,0,0,0,945,0,0,0.0,35906404275,,,20240304
314140,9330,9410,9120,9140,35918,332114270,-2.97,79210539540,-95471360.0,-257450.0,20240304
291650,3105,3200,3020,3105,51183,158632890,0.16,52723682460,19234880.0,,20240304
293780,5320,5740,5300,5500,347663,1925510720,3.97,122643763000,380450340.0,-11102730.0,20240304
196300,17200,17200,15090,15160,84439,1363646460,-10.14,90009377040,-257940890.0,5229420.0,20240304
310200,3690,3895,3625,3840,1610760,6132646400,10.66,173516759040,1280181435.0,24905610.0,20240304
179530,2915,3020,2870,3015,32311,95219200,3.43,27558438660,-11773880.0,,20240304
900100,1628,1770,1621,1734,264269,451840134,6.51,68413955610,110645193.0,,20240304
205500,1966,1998,1945,1980,91886,180830676,0.71,100230175980,-7877333.0,,20240304
052790,9080,9720,9000,9210,144615,1353564760,2.56,104355175980,198381850.0,-91430.0,20240304
290740,7530,7530,7330,7390,21552,159220630,-0.27,74380431290,-19563520.0,,20240304
238090,3540,3845,3540,3785,289968,1078397885,7.53,89103831855,59763450.0,8836425.0,20240304
092600,2220,2315,2165,2230,1168196,2621767120,1.59,55936242910,47846335.0,2735620.0,20240304
129890,992,1007,976,996,507341,499510469,0.4,50440836360,-2775442.0,-196686000.0,20240304
174900,17550,19200,17450,18610,1007513,18731403850,6.95,289020278750,710960020.0,309383260.0,20240304
255440,11710,12370,11710,12060,115267,1383798890,-0.25,157479480000,100337620.0,-914830.0,20240304
030960,11070,11270,11070,11210,18700,209173420,0.63,179135800000,10482050.0,-3990.0,20240304
102120,17680,18410,17560,18340,1765987,31887797200,7.5,326099010020,473625550.0,-332900030.0,20240304
263540,0,0,0,5950,0,0,0.0,85049841450,,,20240304
238120,4235,4265,4145,4150,105848,441516675,-2.7,59672418400,-247330975.0,-133785.0,20240304
019990,6540,6540,6230,6230,67701,429367040,-4.74,60780428240,-63231620.0,20.0,20240304
270660,27250,27900,26450,27450,1948600,53063357450,-2.66,334652337900,4407578250.0,104000.0,20240304
038680,5240,5360,5240,5280,132115,699519720,1.93,103222294560,96321260.0,0.0,20240304
217480,0,0,0,499,0,0,0.0,54756837359,,,20240304
121890,2000,2085,1927,2025,148490,299841842,-0.49,25689393000,33821627.0,-111619.0,20240304
304360,10790,10930,10400,10730,160910,1704001250,0.19,121646825480,-223005620.0,43085310.0,20240304
389500,36350,37200,36350,36600,28910,1063440500,-0.27,226001486400,35294000.0,-36700.0,20240304
042110,1608,1630,1606,1630,54143,87644163,1.31,78777189320,-9200754.0,,20240304
298060,2830,2895,2820,2845,96091,273607515,1.07,58229320560,27514625.0,,20240304
065420,261,267,259,263,405105,106063797,0.38,18824829637,6001863.0,,20240304
103230,3910,3910,3800,3830,29913,114683695,-2.3,27576000000,-10993750.0,,20240304
260970,18450,18790,17980,18030,10117,184730660,-2.28,73191342600,17325860.0,-27080670.0,20240304
101490,44500,46800,43050,46450,905333,41011581200,5.57,996419713150,2177750450.0,1113865200.0,20240304
095910,1865,1870,1832,1835,81467,150402579,-1.34,35790763005,-10075450.0,-4629931.0,20240304
275630,4550,4550,4450,4450,28096,126136060,-2.63,26780051050,-34477360.0,22550000.0,20240304
031330,2760,2925,2760,2865,849072,2410596695,3.62,286485866955,335597785.0,155971120.0,20240304
060540,2685,2780,2635,2765,1705238,4651626245,8.01,72258591090,285888065.0,,20240304
351320,2460,2485,2425,2430,16855,41234860,-1.22,53498602980,1609340.0,,20240304
056190,25100,25350,24800,25100,212672,5338608900,0.6,901309876000,-611646250.0,623478200.0,20240304
080000,2990,3090,2960,3060,215796,657578060,3.38,105027982200,200143840.0,-6280100.0,20240304
214310,0,0,0,306,0,0,0.0,22516276518,,,20240304
246250,4995,5050,4900,4950,8397,41657485,-1.39,37986809850,-6892040.0,1097435.0,20240304
041510,78200,79400,74200,74500,227904,17267428600,-4.73,1775402124500,-1068486100.0,-2374407200.0,20240304
007820,5190,5300,5110,5120,82995,431496360,-1.35,102573803520,66011430.0,-27074240.0,20240304
109610,4135,4225,4125,4195,327148,1370207115,1.57,205166543000,83985265.0,,20240304
365330,2930,3010,2915,2915,255096,752365135,-0.51,89228150000,49026205.0,1790.0,20240304
031860,266,283,263,264,4090173,1103515729,-2.58,34400127960,-76850352.0,,20240304
306040,8150,8250,7940,7990,16821,135393310,-1.72,78827965720,-30130630.0,16340.0,20240304
457940,2290,2295,2205,2275,8775,19852760,-0.22,7530250000,-263655.0,0.0,20240304
472230,4000,5700,2100,2100,89618041,379971879320,5.0,8725500000,-3017970.0,-11902857600.0,20240304
435870,0,0,0,2240,0,0,0.0,8332800000,,,20240304
455910,2240,2270,2235,2260,6381,14335235,-0.88,11345200000,-65165.0,0.0,20240304
096630,1584,1598,1545,1584,608196,951145343,-0.13,123036476112,-104019848.0,,20240304
069510,8530,8660,8530,8590,4562,38996200,0.12,93716900000,-15409590.0,5035520.0,20240304
041910,8220,9550,7840,7920,5569206,48333371520,1.93,94234242960,-550343760.0,453761390.0,20240304
234300,4220,4250,4135,4210,210752,883087755,0.0,115910738820,38210580.0,10119285.0,20240304
039440,33450,35000,33450,34350,583025,20033882000,4.73,543760500000,2174232150.0,910403200.0,20240304
098660,2105,2140,2100,2140,14505,30774370,0.71,26752088640,-206895.0,,20240304
052020,6290,6720,6250,6350,336844,2173318900,0.79,296508481150,-138409340.0,204986030.0,20240304
237690,64300,64700,63400,63900,63095,4045723200,0.47,1201880722500,-907706100.0,374690100.0,20240304
050760,1863,1869,1851,1868,17323,32275260,0.27,30513178504,511943.0,-29870.0,20240304
288620,14460,14790,14360,14370,19930,288327170,-1.37,100292770920,-79902520.0,-157320.0,20240304
443670,16800,18990,16050,18990,9304266,163020470580,29.98,402531523740,1569218780.0,-3017720.0,20240304
317830,10470,11100,10450,10720,231115,2487397580,2.19,115495328960,260040600.0,183822520.0,20240304
058610,28950,29750,28950,29700,201118,5923374750,2.77,658667592000,950787200.0,152666650.0,20240304
043340,705,707,695,697,21755,15207270,-1.13,66215000000,-100936.0,,20240304
187660,2730,2820,2575,2660,404259,1086680440,-2.56,58084425000,12498140.0,,20240304
054630,278,278,271,273,761150,208774621,-2.15,21760682853,2242904.0,,20240304
200710,37600,38300,36150,36800,999115,37388500150,2.36,494116139200,-1601890650.0,-565974100.0,20240304
096690,430,434,422,425,730087,311438144,-1.16,71139027900,-35675945.0,-19541.0,20240304
298380,22700,23200,22500,23000,441280,10082327900,0.88,1101528397000,44499300.0,1101023250.0,20240304
203400,6040,6290,6000,6080,24267,147188760,0.0,133918037440,-22591270.0,,20240304
195990,515,515,502,504,573146,291608442,-1.18,143483619384,3040766.0,-537147.0,20240304
003800,26350,26650,26200,26450,4330,114341550,0.38,293330500000,-32514550.0,,20240304
088800,2090,2235,1962,2020,5101606,10657954178,-21.25,141250667460,-476753005.0,-3719985.0,20240304
241840,11550,11550,11310,11310,40601,462647300,-1.57,107897332140,-7082750.0,-1624290.0,20240304
453860,29300,31650,29150,30600,57625,1773595350,5.15,173110779000,661510100.0,-94448000.0,20240304
312610,2330,2400,2250,2345,30629,71301810,3.76,47502402360,-2647905.0,,20240304
172670,21750,22550,21750,22400,170100,3776608750,4.43,200709801600,897036050.0,-8614550.0,20240304
445090,68600,74000,68500,71800,2039020,146208394400,8.3,766709407200,11435447400.0,-443248300.0,20240304
072990,10360,10360,9810,10100,55523,556597000,-2.7,72422666100,35494400.0,43718590.0,20240304
227100,1394,1640,1394,1550,569443,875179785,11.19,19664171100,73477539.0,412544.0,20240304
239610,16110,16110,15480,15650,7141,111476850,-0.95,84386599750,-25860990.0,-1995930.0,20240304
462020,2075,2115,2075,2090,11742,24411145,0.0,9081050000,-423730.0,-5796700.0,20240304
148930,7110,7250,6990,7020,79472,564183130,-1.13,71429995260,-56396370.0,32248920.0,20240304
044780,1668,1681,1651,1665,70098,116513985,-1.07,30812135355,-35882057.0,,20240304
357230,9190,9290,9120,9150,85045,780414240,-1.19,193519983750,-3336790.0,-25233060.0,20240304
355690,14700,15150,14600,14710,33191,490584090,0.07,79393106200,50065070.0,-295010.0,20240304
071670,11100,11340,11010,11070,91644,1022395640,0.09,110700000000,43591030.0,-971410.0,20240304
045660,13800,14210,13750,14090,96981,1355415850,1.29,116383400000,123681270.0,-6649590.0,20240304
224110,13910,14300,13900,14050,12168,171659120,0.0,75027000000,9387190.0,-4542070.0,20240304
021080,3280,3340,3240,3265,508369,1671860930,-0.76,156720000000,115560150.0,-49622430.0,20240304
089530,0,0,0,600,0,0,0.0,43367041800,,,20240304
200470,4565,4910,4565,4885,1346936,6433641380,8.08,206938824305,299537590.0,-5703335.0,20240304
262260,12920,13060,12890,12920,42666,553466550,0.0,186928523840,117710810.0,-48625640.0,20240304
109960,551,561,540,546,298378,163311294,-1.27,62327142696,-20733130.0,-10997.0,20240304
397030,13080,13190,12740,13010,119013,1537931210,0.0,281310416300,468190.0,47220800.0,20240304
089970,14080,15090,13970,14330,331949,4865272220,1.92,343641926350,728455830.0,352707710.0,20240304
230240,15420,15680,15400,15470,42355,658270460,-0.19,208675232220,-29008060.0,174999070.0,20240304
230360,10520,10570,10260,10400,114767,1190841980,-1.05,336627501600,-73984600.0,73061120.0,20240304
038870,5420,5520,5370,5430,89582,488782000,0.0,76101173070,30436840.0,-59710.0,20240304
097780,1028,1041,1026,1032,59448,61369753,0.49,69897708816,-1688549.0,8392.0,20240304
448280,35100,35500,34900,34900,38554,1351757700,-0.14,344708800700,-97350750.0,5830800.0,20240304
101360,76000,79700,68500,72600,671518,49456978900,-5.47,831653545800,-4555104900.0,-470473000.0,20240304
128540,2510,2530,2460,2495,63467,158340460,1.22,66592697700,9886345.0,,20240304
086520,624000,637000,612000,633000,423966,264993857000,2.43,16855313844000,5373453000.0,19501542000.0,20240304
247540,265500,271500,264000,270000,1016547,272347900000,1.31,26406362880000,-6360642000.0,16106897500.0,20240304
383310,60000,60700,59800,60300,76257,4589813400,0.67,922887399600,648716600.0,474318800.0,20240304
038110,5430,5450,5240,5260,1410597,7539837780,-2.95,216550886200,-1268518560.0,,20240304
073540,2370,2375,2345,2345,34590,81527950,-1.05,26733000000,-1644905.0,-4450.0,20240304
064850,6000,6070,5880,5990,12850,76547550,0.84,72359200000,-5945250.0,-601570.0,20240304
036810,22700,23800,22550,23450,369386,8602121150,4.22,510196702050,1678797600.0,-306656700.0,20240304
173940,4425,4425,4305,4375,25812,113055205,-1.13,67343535000,-11987920.0,-6080810.0,20240304
083500,10300,10690,10250,10270,124192,1296378000,-0.19,88072664940,165340220.0,170.0,20240304
054940,807,813,805,811,217698,175991570,0.5,26903747428,1684756.0,0.0,20240304
043090,491,491,443,443,729781,334893340,-10.51,30859212103,13592234.0,,20240304
950130,7800,7860,7650,7670,120139,928986690,-1.67,278926046490,-111719930.0,0.0,20240304
205100,2415,2495,2415,2470,645995,1594061715,2.07,177749674570,225851185.0,2330595.0,20240304
356680,6020,6140,5910,6080,267854,1615789730,1.84,173544431360,123774420.0,,20240304
070300,2830,2950,2775,2900,39349,110788750,2.47,21361614600,-4535635.0,365255.0,20240304
317770,5810,5900,5420,5610,666424,3734550550,-3.44,127804809660,-345054130.0,,20240304
092870,17980,18480,17980,18410,502061,9173944860,4.13,199726352770,287709740.0,-115927130.0,20240304
317870,18500,18900,18030,18670,24488,453955940,0.92,158821022500,34259960.0,100.0,20240304
067570,2750,2755,2635,2645,131808,352744495,-3.47,111539650000,-93089260.0,6525.0,20240304
236810,7450,7590,7260,7310,224959,1659821150,-1.88,124090364060,-83385940.0,-219482200.0,20240304
333620,9100,9120,9020,9030,22006,199534440,-0.77,95323786320,-4393730.0,9150.0,20240304
101400,613,622,608,615,207447,126993799,0.33,36399527760,20869680.0,,20240304
391060,10210,10210,10200,10200,52052,530958330,-0.1,52020000000,-11302310.0,-406434100.0,20240304
422040,2185,2185,2150,2175,8601,18580485,0.23,15573000000,-50290.0,-3103390.0,20240304
437780,2180,2205,2180,2195,11132,24296205,0.0,11040850000,-229745.0,-6285235.0,20240304
438580,0,0,0,2460,0,0,0.0,7429200000,,,20240304
439410,2090,2095,2075,2090,13327,27798800,0.0,18392000000,-283900.0,-5470730.0,20240304
440820,2110,2115,2100,2110,15259,32125180,0.0,16458000000,-394040.0,-4784680.0,20240304
451700,2030,2030,2015,2015,25771,52048965,-0.74,28915250000,-78975.0,-14839780.0,20240304
466910,2035,2035,2015,2030,39067,79057660,-0.25,18473000000,-2487115.0,34415955.0,20240304
265740,8300,8450,8300,8370,12606,105430660,-0.12,74759166000,-10200610.0,,20240304
354200,4395,4405,4325,4355,17098,74568350,-0.23,56132583585,-10306500.0,,20240304
419080,13710,14100,13410,13430,60249,822536030,-2.04,141254282310,-54049230.0,-243821430.0,20240304
208860,0,0,0,2205,0,0,0.0,25233717915,,,20240304
183490,1690,1710,1650,1650,223200,372085182,-2.37,140358177300,-103795183.0,43.0,20240304
182400,1550,1827,1550,1705,5221949,8997839288,4.47,145809606855,206018484.0,-8825596.0,20240304
348370,278000,296000,260000,262000,1052281,289179999500,-6.6,4549908244000,19809447000.0,6202372500.0,20240304
058450,3030,3030,2935,3020,27752,82642620,-0.98,34870792400,-5734870.0,-174965.0,20240304
069410,5250,5350,5230,5290,63712,336447300,0.95,54195118960,-55010980.0,-5825850.0,20240304
227950,703,731,685,699,1466955,1036204517,-0.57,72399295470,3629234.0,,20240304
291230,3355,3395,3310,3310,440003,1468197240,-1.49,145916030830,-70416305.0,,20240304
198080,2520,2560,2500,2550,200374,507225135,2.0,54914721750,-53682745.0,0.0,20240304
048830,1797,1797,1775,1786,59019,105427302,-0.61,33440926478,-3995610.0,,20240304
096870,2795,2875,2795,2840,21342,60193645,0.89,18966656000,-5052455.0,-4103370.0,20240304
290650,24150,24800,23900,24450,79479,1942872400,2.95,554645584950,-109956000.0,277551950.0,20240304
156100,7400,7450,7160,7350,75061,544333080,-0.68,146535061050,-53643700.0,-99186310.0,20240304
073110,6270,6340,6180,6190,40345,251144480,-0.96,55064723450,-3150560.0,-4224610.0,20240304
083310,22800,23300,22550,23100,742534,17045869600,4.05,411411762300,-22494550.0,-140402500.0,20240304
037950,1252,1295,1243,1275,1315420,1682250951,3.74,107670586725,456456607.0,1120831.0,20240304
170920,15800,16330,15700,16150,242535,3890314520,4.87,158360763000,622690330.0,-161850080.0,20240304
058630,5880,5900,5780,5780,111295,647660050,-1.7,112963609060,-115062720.0,144540.0,20240304
058970,54200,55700,53300,53400,83853,4539465600,-1.11,598727208000,-1242262900.0,259094700.0,20240304
019590,883,884,861,877,209651,182389751,-0.45,99948657334,-2348684.0,,20240304
169330,2995,3045,2995,3005,4029,12102165,0.33,54862038590,-176760.0,-51300.0,20240304
373170,13900,13980,13750,13940,9769,135140570,0.29,69528956200,-30082310.0,2775250.0,20240304
179290,6230,6230,6060,6060,76739,468546780,-2.73,195711808680,-153862770.0,-6650490.0,20240304
009780,5070,5110,5050,5080,7977,40421490,0.2,89408000000,-5364420.0,-13480.0,20240304
123040,5300,5360,5240,5350,378178,2010520230,0.56,244271781950,181664860.0,70330160.0,20240304
323230,975,1112,960,1053,2885381,3050559899,8.0,45566461629,237721199.0,1919108.0,20240304
032790,1329,1340,1311,1312,161455,212921896,-2.24,54784610656,-22567282.0,0.0,20240304
033160,13690,13920,13590,13890,248406,3428228890,2.66,306501337590,767452370.0,-41600.0,20240304
347890,7710,7780,7620,7700,27083,208031190,-0.13,130231670800,-21886710.0,708030.0,20240304
033310,2805,2910,2805,2845,48007,137122805,0.71,114773647195,1642495.0,,20240304
259630,11380,11590,11370,11440,60629,694770030,-0.26,140510678880,82750650.0,1379310.0,20240304
115960,0,0,0,14120,0,0,0.0,175059760000,,,20240304
060850,9210,9310,9150,9160,10329,95040540,-0.54,74479960000,-23769400.0,,20240304
143540,962,989,955,956,94236,91274292,-0.42,42637499620,8733207.0,,20240304
036560,12480,12480,12240,12240,55734,687453040,-1.84,192780000000,-244601130.0,-72386310.0,20240304
265560,8990,9050,8990,9040,15276,137757480,0.67,96639227200,22290720.0,-18040.0,20240304
036000,1824,1824,1793,1815,16724,30291564,1.17,41807212755,-508875.0,-2163564.0,20240304
250930,732,734,726,726,36674,26667070,-0.55,23958319440,-478449.0,,20240304
053280,5020,5080,4990,4990,97868,491184895,-0.6,124750000000,-796025.0,-562175.0,20240304
122640,23000,24450,22400,23000,933384,21948478600,3.84,438019866000,438662600.0,101614900.0,20240304
900300,76,77,74,75,2799118,210342854,-1.32,18394761075,-2490189.0,,20240304
045060,3060,3095,3050,3050,11803,36141465,-0.81,51673020700,-590760.0,0.0,20240304
080520,4725,4895,4725,4835,59628,289119390,2.44,56794854515,141499085.0,10.0,20240304
039830,7020,7270,7020,7160,25414,182757600,1.99,77062292400,35062560.0,-21212510.0,20240304
322310,39000,39250,36850,37000,386348,14656313550,-1.46,346562054000,148491500.0,11314400.0,20240304
046120,3400,3410,3320,3350,247369,828965080,-1.47,90680560400,-1397515.0,887750.0,20240304
014940,3120,3120,2990,2990,559355,1698308915,-4.17,136265246390,128615445.0,-1804420.0,20240304
065500,1347,1360,1331,1340,101975,137266003,-0.52,42535502080,-2096451.0,,20240304
010470,9000,9600,8950,9470,97064,902291280,4.87,113403723500,284540710.0,-100.0,20240304
417860,20000,20000,18500,19180,34544,659043690,-3.76,74895023000,-149183400.0,-2007700.0,20240304
352910,8250,8270,7950,7970,109682,881801790,-3.74,97192619760,-548770.0,-165273450.0,20240304
053980,5680,5750,5540,5700,100467,571783290,3.83,108201863100,109716480.0,-2439600.0,20240304
052420,1412,1426,1409,1412,207700,293664935,0.14,118611743212,40629535.0,,20240304
241790,11890,12070,11760,12060,58120,693963700,3.08,120631766040,316110470.0,0.0,20240304
039200,22300,23900,22300,23750,469991,10957648600,7.22,902119002500,436874100.0,47786650.0,20240304
226400,5460,5510,5090,5160,500167,2612805280,-6.18,106613861160,35468500.0,-927900060.0,20240304
031510,1747,1764,1740,1753,86752,151660734,0.34,49084000000,8842700.0,,20240304
368970,5170,5200,5150,5190,13197,68180800,0.39,48506570400,1767120.0,18075000.0,20240304
138080,14480,14480,13900,14200,72930,1026688350,-0.7,150862149000,-98096370.0,-3028120.0,20240304
080580,11000,11380,10880,11250,649045,7260672690,7.45,198892102500,473722980.0,3442000.0,20240304
067170,4410,4410,4315,4370,22656,99026265,-0.79,67261313850,-14232415.0,,20240304
353590,6860,6960,6680,6730,195991,1327763550,-2.75,86652586100,115170370.0,-124755460.0,20240304
173130,10580,12010,10580,11890,694403,8060353080,12.38,141020512700,1072039020.0,53860650.0,20240304
440320,8120,8740,8110,8620,107650,913109230,6.16,84519100000,240473650.0,,20240304
049480,2505,2560,2505,2555,224364,568646175,2.61,80284188565,122369635.0,,20240304
394280,33450,35150,32850,33250,2009655,68378097850,1.84,722369882500,3387420100.0,-1303903500.0,20240304
309930,2625,3390,2625,3230,2221908,7046511330,23.75,68719509700,-464340945.0,-4085.0,20240304
244460,610,635,573,573,296340,177599782,-6.98,17678426919,-22147886.0,,20240304
226950,16450,16450,15790,16000,54167,868898400,0.44,263372656000,-16443090.0,3195680.0,20240304
057540,850,855,846,848,100566,85381176,-0.24,52109053040,-8666808.0,-178710.0,20240304
131030,5520,5840,5510,5650,233581,1335066750,0.89,91265365300,280150300.0,0.0,20240304
082210,4175,4180,4020,4065,99304,404159350,-2.63,104166316050,40684645.0,,20240304
109080,10000,10070,9970,10000,19286,192784850,-0.4,56360000000,-57960.0,-4435240.0,20240304
380540,1392,1398,1325,1332,315923,426537873,-4.31,38357731872,15041131.0,,20240304
153710,6540,6540,6390,6510,16237,104394410,-0.46,95501426580,-10950660.0,,20240304
321820,16630,17980,16500,17600,773000,13394501420,5.9,235249696000,143389180.0,-40.0,20240304
432430,11780,12280,11670,11860,439030,5244439220,-0.5,189935765200,-151805790.0,-31740590.0,20240304
338840,9980,10000,9400,9660,198554,1904929360,-3.11,142607933160,135616340.0,20781430.0,20240304
122990,7080,7120,7010,7070,18105,127745220,-0.14,199281672870,-21296320.0,-7595580.0,20240304
112290,13840,14780,13790,14460,552355,7953316010,6.95,146198480700,547634830.0,-14855730.0,20240304
232140,6970,7300,6840,7070,10896450,77116543050,5.84,580060624500,3087106200.0,-32253610.0,20240304
065530,1962,1965,1921,1948,80349,156395984,-0.87,102971280000,7598983.0,7882680.0,20240304
067900,7220,7290,7180,7210,50434,363645730,0.0,131219541390,-14492620.0,17327060.0,20240304
007530,2665,2685,2650,2670,284751,761930805,0.19,51195786840,13197050.0,,20240304
155650,5070,5360,5070,5200,195927,1021800930,2.56,101266661600,75603620.0,160415940.0,20240304
273640,14000,14000,13300,13460,22556,306027530,-1.39,147602360000,-82747730.0,180.0,20240304
251370,11600,11980,11340,11800,44904,526136290,2.7,192510675200,-27531550.0,-541580.0,20240304
066430,667,677,660,677,183494,122808095,1.5,26506903252,15773842.0,,20240304
193250,779,899,779,791,1200526,997574309,3.53,50088791207,-35234380.0,287401.0,20240304
273060,1388,1451,1388,1405,1681605,2386883159,2.18,70895712710,369168650.0,,20240304
019210,6180,6280,6150,6170,116314,722951430,-0.32,207150463230,-64132870.0,-40604460.0,20240304
122870,40950,41600,40300,40400,179325,7307732850,-1.22,755105047600,-2266173200.0,-486882400.0,20240304
332570,3635,3725,3560,3610,227896,828970360,0.14,146147514360,71248835.0,-12859100.0,20240304
079000,4800,4800,4750,4780,3255,15520025,-0.42,34416000000,-661350.0,-4539620.0,20240304
403490,2465,2595,2445,2540,1086430,2747585575,3.46,114108138560,183987305.0,-3870000.0,20240304
032820,1298,1304,1286,1286,944374,1220201170,-0.85,197811570932,-53429429.0,-6146036.0,20240304
041190,9700,10250,9700,9960,15085499,151964242380,0.81,836640000000,11817659470.0,494827790.0,20240304
115440,7010,7090,7000,7020,21981,154618950,0.14,75494757780,-11728220.0,-1608390.0,20240304
046970,1665,1715,1665,1670,302902,508632147,-0.83,73187748330,-96741412.0,,20240304
082850,2780,2840,2765,2815,335197,940804445,1.81,136348967070,235206750.0,-40823420.0,20240304
215360,13890,14000,13670,13840,31798,438749990,-0.07,126389135920,-140682190.0,1976040.0,20240304
072470,4215,4380,4205,4245,430559,1850701520,0.83,80176762545,84544705.0,41775890.0,20240304
073560,1473,1481,1460,1468,71534,105257774,-0.47,101640859924,-29122376.0,-5269.0,20240304
037400,1712,1766,1709,1756,96060,167079248,2.57,46048195576,29603763.0,-767567.0,20240304
153490,1082,1177,1075,1110,2481076,2801609358,2.49,57142800000,-62787715.0,,20240304
101170,6330,6500,6320,6400,79887,513078310,1.43,86400000000,58788550.0,16770.0,20240304
066590,3140,3200,3090,3115,374186,1174219315,-0.8,121712718960,79798365.0,,20240304
103840,4320,4325,4125,4205,274466,1155589425,-2.66,68820829740,169376650.0,-146652905.0,20240304
046940,3145,3150,3100,3120,34852,109055035,-0.32,56391972000,1793275.0,,20240304
215380,1828,1882,1828,1854,17741,32903327,-0.32,25287310404,599930.0,,20240304
065680,16050,16500,15980,16360,56300,914139580,1.43,155910800000,355008800.0,-92397080.0,20240304
018620,1160,1165,1151,1151,41071,47409300,-0.78,33251576243,-4237331.0,,20240304
457550,20700,20950,20000,20000,269340,5481979760,-0.25,185426780000,-840866100.0,-548813950.0,20240304
396470,11060,11640,10830,11340,1502284,16967914060,4.04,182800800000,772623260.0,-8925090.0,20240304
307280,1715,1716,1681,1687,172848,291843827,-0.71,62349854931,-34032692.0,-6164798.0,20240304
032940,3900,3905,3685,3795,96085,368205680,-1.68,69043307850,41302170.0,6924440.0,20240304
240810,33500,33950,32050,33200,1103392,36463461800,1.22,1629585513200,2829470950.0,630021400.0,20240304
074600,28750,29550,28450,28850,486331,14058549700,2.85,758408800000,398280150.0,728204800.0,20240304
104830,31100,32250,30450,32200,73035,2299158650,3.87,405977600000,-113864000.0,-37289000.0,20240304
014190,2355,2510,2280,2400,3100808,7509352275,0.84,84959774400,-857802295.0,-2048240.0,20240304
217820,5780,5890,5760,5830,192773,1124268040,1.22,276660078970,-105269130.0,11506150.0,20240304
030530,3840,3940,3825,3915,452638,1766723570,2.76,302386695615,216288155.0,3818130.0,20240304
012620,8560,8640,8540,8610,6123,52547460,0.47,37884000000,-3006070.0,-1560440.0,20240304
382840,18170,18450,18110,18290,38913,710873840,0.99,279317216490,-766290.0,380130.0,20240304
336570,8510,8570,8100,8280,867498,7134147930,-2.01,730080016200,683582070.0,-906996310.0,20240304
376980,8590,8670,8200,8240,112189,934222700,-4.07,77923175040,-186923950.0,4217790.0,20240304
008370,4245,4245,4150,4155,25552,106758190,-1.19,49860000000,-644475.0,1418865.0,20240304
008290,721,730,706,724,73309,52800308,0.42,29462223596,-5434911.0,,20240304
101160,23450,23750,23150,23750,230788,5413353800,3.71,392136083750,-181979950.0,281264250.0,20240304
064090,2795,2795,2410,2585,115229,305496435,-7.51,78965646815,4739540.0,,20240304
336060,1453,1545,1450,1545,531934,799896613,6.92,74399784000,-50148941.0,,20240304
095270,4800,4835,4705,4800,12684,60352715,0.0,71862028800,223230.0,-3004170.0,20240304
065950,2800,2830,2780,2790,93771,261963425,-0.18,78765332580,-4410280.0,,20240304
076080,2395,2440,2355,2360,93602,223412675,-2.28,53322208160,7968740.0,-194625.0,20240304
043590,1221,1245,1208,1216,67944,82927260,-0.41,32979606592,8433279.0,,20240304
196700,1748,1748,1716,1728,40826,70288489,-1.26,24821240832,-13841039.0,-2616598.0,20240304
069080,16910,17250,16700,16950,96313,1628352790,1.74,592417483800,313393560.0,65349140.0,20240304
053580,10220,10330,10000,10010,49169,496563100,-1.96,136498842480,-124347980.0,171212540.0,20240304
071460,0,0,0,613,0,0,0.0,22047951835,,,20240304
377460,0,0,0,1691,0,0,0.0,26030247855,,,20240304
044340,9230,9360,9170,9300,21496,200112950,1.42,166222852500,-8646350.0,-13610.0,20240304
330350,8440,8540,8340,8460,35179,296903960,0.36,111690095940,55313700.0,8354750.0,20240304
348350,9660,9720,9620,9660,9466,91301470,-0.1,98373576000,-1046880.0,,20240304
112040,48700,52500,48550,48900,1029101,51657778000,5.05,1657611026400,4504349250.0,489263100.0,20240304
101730,12340,13480,12310,12730,683079,8830978220,7.7,423849067160,934503660.0,3693950.0,20240304
123420,10500,12290,10430,11420,718085,8385132350,13.29,130985595640,433137850.0,1990110.0,20240304
065370,8400,8470,8180,8280,31544,259827040,0.24,61139139120,-70073810.0,-3437700.0,20240304
038620,820,820,808,819,229549,186848188,0.49,54501554835,-19881891.0,-572.0,20240304
299900,2750,2800,2615,2650,1928776,5145250060,-3.81,453279542600,1540594265.0,20603010.0,20240304
036090,923,948,909,933,4480052,4194940457,0.11,110460000972,535380265.0,-23420.0,20240304
136540,12790,12880,12790,12820,18165,232564780,0.16,177738556840,1080610.0,-42186660.0,20240304
320000,2800,2800,2800,2800,1144592,3204847280,29.93,51797614400,-21960400.0,,20240304
097800,1181,1381,1151,1260,6351045,7991953865,6.69,75076464960,695597489.0,,20240304
192390,3790,3965,3785,3930,122298,476966395,3.83,42935214630,23955625.0,-26426990.0,20240304
313760,8630,10270,8630,10120,320240,3114692080,17.4,58583475720,453032690.0,-29910640.0,20240304
335870,1565,1575,1525,1527,25899,40078653,-3.11,25472531394,-4645225.0,,20240304
900340,883,937,883,933,1551120,1425380650,5.66,44759208324,118524578.0,,20240304
036200,8150,8650,8110,8500,1138484,9618082560,5.99,260645895500,1469790840.0,-1312430.0,20240304
018000,1013,1020,997,998,467441,467928440,-1.48,126085180288,-79688732.0,10129998.0,20240304
203450,3300,3375,3265,3295,70743,234533235,0.76,48367328065,-21886945.0,94183255.0,20240304
011320,4835,4885,4835,4855,50058,243118775,0.21,93801974225,-29388460.0,4865.0,20240304
086390,13380,13670,13340,13540,133989,1814360560,2.65,286156066040,432461630.0,219207680.0,20240304
241690,4570,4670,4560,4650,136608,632796065,1.64,113788782900,127645125.0,-1928565.0,20240304
142210,6460,6650,6430,6510,361603,2356897840,2.2,125292058920,-175531680.0,,20240304
048430,8050,8150,7930,8010,23053,184532860,-0.74,92275200000,-20340080.0,,20240304
206650,11990,12060,11640,12000,255458,3023459270,0.08,437457684000,-198144360.0,35888970.0,20240304
089850,16200,16240,15710,15930,62672,995512380,-2.27,118785772620,-196035170.0,-6606990.0,20240304
084440,1410,1470,1410,1464,51957,74147586,3.83,28859539200,-3248895.0,2867000.0,20240304
032620,5710,6150,5700,5810,4983385,29804294840,2.83,303265377590,34391330.0,65296130.0,20240304
264450,17330,17740,17170,17700,130634,2276523830,2.14,181348996200,405118860.0,123949960.0,20240304
078070,13190,13190,12930,13040,5738,74395740,-0.38,243804029120,5918890.0,2406950.0,20240304
024800,2275,2275,2245,2270,34711,78296675,-0.22,84107613240,1056320.0,,20240304
054930,29550,29750,29200,29200,19568,574337150,-1.18,87600000000,-11349400.0,-124420450.0,20240304
069330,1450,1507,1445,1506,70535,103781787,2.8,21371783046,3963434.0,-99724.0,20240304
049520,4710,4770,4630,4710,42258,199007950,0.21,102607048560,-7241300.0,,20240304
435380,2175,2185,2150,2175,4154,8961395,-0.91,12462750000,-41125.0,-1741835.0,20240304
444920,2095,2130,2090,2115,6007,12643945,0.0,11082600000,-228185.0,-5044930.0,20240304
446150,2140,2150,2130,2145,14526,31116925,-1.15,10231650000,-17090.0,-24967815.0,20240304
449020,2040,2050,2030,2050,12586,25704885,-0.24,19946500000,-495535.0,7148495.0,20240304
450940,2120,2130,2120,2125,4089,8671940,-1.16,9647500000,-14880.0,6148000.0,20240304
473050,2005,2020,1985,2015,2513711,5029252432,0.0,14125150000,-278003.0,1312005566.0,20240304
430700,2215,2280,2210,2250,12280,27280035,-0.44,11790000000,230295.0,-9693310.0,20240304
263770,2780,2820,2780,2805,42526,119107225,0.72,66478982460,-687335.0,,20240304
388720,27400,27400,26100,26850,35179,940832850,-1.29,239981165100,-39521200.0,3820200.0,20240304
340930,10990,12200,10460,10490,1860189,21535109840,11.71,120300893500,-560878040.0,19330.0,20240304
023410,3830,3865,3785,3785,376018,1434871420,-1.05,292621616455,118149720.0,15076075.0,20240304
056080,9470,9840,9430,9690,334138,3232480170,1.47,363492752880,26087250.0,6917980.0,20240304
468760,2140,2230,2110,2115,3345113,7138570475,-5.16,8967600000,214700.0,948847290.0,20240304
388800,0,0,0,2440,0,0,0.0,12224400000,,,20240304
413630,0,0,0,2470,0,0,0.0,14622400000,,,20240304
442130,2370,2370,2300,2350,30863,71558075,0.0,8131000000,-18695.0,-7431600.0,20240304
084370,38600,39050,37700,38250,212267,8133321700,1.59,876538606500,-184048350.0,-1351951100.0,20240304
240600,16860,17160,16110,16290,282601,4634748940,-3.38,112859579790,70955140.0,-12293420.0,20240304
221800,4200,4330,4150,4295,89295,380136120,0.47,48478506820,29321635.0,-18365.0,20240304
179900,35650,36700,35050,36100,89900,3233147150,1.26,587956909500,-76803950.0,306235950.0,20240304
263050,2725,2740,2560,2620,157439,414846330,-3.85,96318680100,-34096680.0,-5340.0,20240304
191410,2000,2080,2000,2050,75930,154921085,2.5,22893133100,16391645.0,,20240304
372170,92100,93300,91000,93000,64068,5911335300,1.42,742051464000,-273439800.0,224904400.0,20240304
146060,2265,2310,2160,2160,294494,653089820,-4.64,46707658560,34217325.0,-23290285.0,20240304
072770,2280,2280,2135,2200,229413,503423125,-0.9,152070151200,-117749380.0,,20240304
039020,2650,2675,2610,2620,16332,42975955,-2.06,59171937580,1468645.0,10660.0,20240304
067920,6700,6750,6590,6620,69551,464610190,-0.75,72794307780,-14222010.0,-5791590.0,20240304
044960,5080,5110,5070,5080,27442,139565690,0.0,64220765640,-21518330.0,20.0,20240304
303530,13450,13550,12960,13100,181176,2392075670,-0.46,96144816900,130604550.0,-3451290.0,20240304
296640,7520,7520,7250,7250,25841,190354660,-1.89,37542327000,-16573820.0,,20240304
302430,10420,10570,10380,10570,12070,126197970,1.44,103937008560,2541270.0,862800.0,20240304
274400,11490,11660,11080,11140,59303,669968560,1.09,87112861640,-2594170.0,-24208040.0,20240304
056090,0,0,0,1180,0,0,0.0,110701701180,,,20240304
073490,26300,26750,25750,26000,74888,1948499000,-1.52,197699996000,240615250.0,-82448350.0,20240304
215790,910,910,851,868,467565,407743645,-4.72,34965773332,1513046.0,,20240304
344860,2345,2480,2330,2425,101438,240268625,3.63,29172750000,-92098420.0,-18980650.0,20240304
246960,8100,8380,7900,7900,20956,169425680,-2.47,57170957000,-14513700.0,17404120.0,20240304
088390,23000,23300,22350,22500,39465,894133150,-2.17,211181490000,-140513800.0,-138727400.0,20240304
272290,32200,32450,31150,31800,291959,9280227800,0.47,642412724400,-1132455400.0,1196411050.0,20240304
053350,3275,3290,3185,3240,9002,29102970,-1.07,64122567840,342770.0,-4818465.0,20240304
452400,21950,22600,21500,21550,362113,7909353300,-6.3,195489273400,-825257300.0,-1759070250.0,20240304
041520,6490,6490,6280,6360,23136,145988540,0.95,77520322800,-23643400.0,,20240304
264850,6360,7040,6300,6750,3916513,26674430110,5.47,201490281000,1697544920.0,,20240304
054210,8900,9010,8780,8820,71440,633590900,-1.12,223068472200,-7504490.0,-2136640.0,20240304
164060,6230,6310,6160,6190,130579,813183000,-0.64,127590836470,11980560.0,-1661370.0,20240304
065440,1833,1855,1830,1836,104824,192767062,0.16,50076936720,-5104349.0,-4936854.0,20240304
115610,4675,4945,4620,4875,868387,4212608615,6.09,75765426750,631461730.0,4458015.0,20240304
078020,4360,4380,4295,4300,50016,216555205,-1.04,238569117000,-5103770.0,-12910.0,20240304
131400,3100,3160,3080,3080,588736,1828669550,-0.48,183536836560,-128115285.0,,20240304
351330,10420,11670,10350,11350,1044086,11738656800,8.82,94074702000,-156418630.0,,20240304
080010,5460,5480,5400,5470,19907,108364430,0.18,54700000000,-20833650.0,27298300.0,20240304
086890,5770,5830,5720,5810,67725,390859200,0.35,201091298590,32114110.0,-5810.0,20240304
047560,28950,29450,27800,28750,418605,11878432750,-0.17,329714545000,542668800.0,-5507900.0,20240304
900110,101,101,99,100,2132580,212781895,-0.99,43193205000,-26939000.0,,20240304
067010,3745,3745,3695,3745,30409,112919610,0.0,46041030000,-14936235.0,18025110.0,20240304
418620,17900,21100,17760,21100,5962870,115091793780,15.43,199714643900,798436420.0,-195910.0,20240304
102710,22750,23700,22500,23500,123547,2861089950,5.86,335764146000,45894250.0,-3399900.0,20240304
063760,3400,3400,3285,3300,44592,148437285,-1.79,30772929000,-6477070.0,,20240304
123570,3550,3640,3520,3550,696373,2486521455,2.01,79080076900,196110295.0,,20240304
083470,1614,1740,1614,1694,256103,433209435,5.15,36150517326,150874272.0,,20240304
095190,2520,2550,2460,2495,154949,387646285,-0.6,106239687315,3993045.0,-3078750.0,20240304
091120,36200,37500,36050,37050,134948,4961189300,2.35,634775278800,402855400.0,398578050.0,20240304
039030,211500,217500,202000,205500,295571,61926992000,0.49,2531667525000,-1236952500.0,226679500.0,20240304
294090,4900,5670,4900,5600,2435065,13065964665,8.74,170333447200,-1046358770.0,112668440.0,20240304
088290,1747,1795,1683,1687,166001,284511313,-3.43,51606903971,-40489729.0,-273867.0,20240304
181340,0,0,0,2705,0,0,0.0,54259503030,,,20240304
353810,3520,3580,3500,3535,59931,211694250,-0.42,120867730200,-294695.0,46147050.0,20240304
099750,18450,18720,18210,18300,20485,377871080,0.0,125076400800,-33092130.0,,20240304
377330,7050,7100,6970,7000,19698,138618670,-0.57,56769678000,10981720.0,-4947900.0,20240304
035810,2970,2970,2925,2955,53852,158188545,-0.51,192505971975,-87180095.0,-35460.0,20240304
160600,0,0,0,3100,0,0,0.0,106895911200,,,20240304
092130,13250,13260,13150,13180,14301,188648620,-0.53,158734648000,-80790560.0,400.0,20240304
096040,0,0,0,271,0,0,0.0,245561580945,,,20240304
134060,5210,5250,5180,5180,8051,41971470,-1.15,24704715000,-4067060.0,17605630.0,20240304
001840,3030,3030,3000,3015,17566,52862925,0.5,59714366400,126705.0,20.0,20240304
024810,0,0,0,899,0,0,0.0,181597539712,,,20240304
041830,27300,27500,26500,26650,31899,853167050,-2.74,364672790300,-204134400.0,38365200.0,20240304
352940,3120,3170,3095,3120,33914,105714465,0.0,33907317600,124925.0,508980.0,20240304
079950,1125,1143,1108,1143,67486,76266431,1.51,26517600000,-863078.0,-2830124.0,20240304
389470,12850,13120,12600,12670,95650,1222736580,-1.4,107106554520,35657510.0,11149970.0,20240304
277410,1781,1820,1752,1759,539602,957597855,-1.62,67469591851,-129118102.0,,20240304
060150,7110,7150,7080,7090,75718,538000260,-0.28,330136009080,42659630.0,-162780.0,20240304
033230,4255,4440,4175,4340,4644177,20220265700,0.93,170194749200,328671840.0,-12407370.0,20240304
450520,17500,17920,17190,17310,55340,962432930,0.52,84845415060,-84617960.0,-7272760.0,20240304
037330,2170,2195,2110,2145,915432,1978284880,0.94,94133805480,-56751875.0,,20240304
100030,19320,19950,19320,19620,9770,193192650,1.55,64426468680,11026020.0,110.0,20240304
211050,19700,19720,18800,18950,25251,478413680,-2.27,194729442000,-52054250.0,148376880.0,20240304
083640,513,513,503,505,277964,141069042,-1.37,39248777255,-8166037.0,-153656.0,20240304
216050,10810,10930,10650,10710,59312,636638590,-0.46,137550907620,-74804360.0,14362790.0,20240304
049070,29100,30250,29100,30150,258872,7719853550,3.97,518580000000,1241347600.0,67108550.0,20240304
119610,28900,28900,28000,28400,70272,1994292150,-0.7,375347975200,1691650.0,-197866500.0,20240304
017250,1268,1281,1258,1271,49629,62928537,-0.78,26748788557,-1365704.0,-2926.0,20240304
051370,14740,14850,14160,14360,575051,8294919490,-1.71,334982497920,664229400.0,-242613350.0,20240304
064290,39050,40600,38200,40200,1049642,41377066500,7.77,516005672400,281277150.0,1424678900.0,20240304
189300,55400,55700,54100,55400,101353,5575217500,1.09,594626703600,124293900.0,-600558200.0,20240304
150840,0,0,0,5850,0,0,0.0,230717208150,,,20240304
048530,6840,6950,6780,6840,175884,1203515400,0.15,233591212080,151739150.0,9091440.0,20240304
175140,3465,4260,3465,4260,3421596,13657970390,29.88,69812466780,1009024440.0,13843075.0,20240304
115310,22200,22250,22050,22250,3156,69907150,0.0,71041646750,-14507600.0,23061700.0,20240304
039290,10790,11050,10690,10790,28976,312584870,0.47,93808022620,55232860.0,10660.0,20240304
071200,5600,5770,5540,5570,133514,752950850,-0.18,135888271060,-126768000.0,30270.0,20240304
101930,11250,11320,11090,11220,7364,82302060,-0.97,104701730100,-5312060.0,50.0,20240304
333430,2840,2870,2810,2840,90747,257357440,1.25,87263961480,-2560735.0,,20240304
068330,1374,1390,1363,1377,36324,49726863,0.22,60885624780,-3666225.0,,20240304
178780,0,0,0,8650,0,0,0.0,120790286750,,,20240304
019540,4465,4515,4390,4455,84261,374639270,-0.56,60202642500,-14893165.0,7895.0,20240304
094820,11610,11680,11520,11550,69808,806940520,-0.69,174159088950,-28519500.0,-191140.0,20240304
950140,12130,12200,11460,11490,234889,2719466400,-5.2,228281780340,-87998830.0,-647101550.0,20240304
049550,3690,3710,3670,3675,3627,13353955,0.0,72053067975,140355.0,,20240304
389020,41550,43550,40500,41350,171949,7217422950,0.85,256276135500,769801000.0,-578054350.0,20240304
254120,2200,2320,2200,2260,591063,1340726220,1.8,69504650200,29171265.0,-56515.0,20240304
043910,1053,1059,1050,1052,201261,212051324,-0.09,85623812764,-2214090.0,,20240304
234920,7330,7370,6950,7110,206515,1478854000,-2.87,96204770100,-60401230.0,4413940.0,20240304
289220,10810,10860,10210,10310,227582,2365580980,-4.63,228075190950,39605290.0,21391950.0,20240304
174880,0,0,0,2650,0,0,0.0,11610352250,,,20240304
049630,591,607,591,602,203994,122327113,1.86,50347202654,1490684.0,-1930991.0,20240304
417840,17110,17320,16600,16700,735627,12449033900,-4.02,119881367500,609375210.0,-2268730.0,20240304
110020,7740,8160,7740,7800,61782,488083310,0.91,62768011800,37847940.0,,20240304
208140,2625,2635,2550,2595,230397,593440870,-1.52,84815618370,-69281525.0,18535285.0,20240304
040420,6910,6930,6890,6920,12306,85034050,0.14,108488659840,-4041190.0,19982310.0,20240304
045510,1216,1225,1163,1163,14458,17285045,-4.36,37459406596,-2448012.0,,20240304
217190,15100,16000,14960,15890,167554,2633468930,7.36,139342174860,420579810.0,133945610.0,20240304
095700,7970,8180,7890,7960,162492,1298719630,0.13,330424328240,-136216980.0,214233980.0,20240304
072520,427,439,416,418,342485,144501183,-2.11,31000215092,9417360.0,,20240304
122310,6720,6730,6600,6660,50550,335570090,-0.89,96928601040,-67173240.0,-82672460.0,20240304
361390,15890,15960,15420,15530,52979,822585150,-2.08,116487253170,-53521450.0,186440.0,20240304
187420,3825,3965,3805,3940,63998,249255270,3.01,89668214200,41562785.0,,20240304
225220,4000,4035,3905,3930,67271,265797550,-2.36,75416782530,-54922060.0,0.0,20240304
123330,3635,3685,3500,3635,18046,64707335,0.0,25445000000,-619960.0,,20240304
159580,6950,7080,6870,7050,200401,1403476930,1.73,141230083800,146407680.0,12814230.0,20240304
147830,3410,3875,3395,3545,5528189,20477195895,4.11,70900000000,18931710.0,-17670960.0,20240304
033100,21750,27200,21750,27200,5746788,149308673550,29.83,436897524800,12704865650.0,3916974600.0,20240304
079370,21300,22200,20800,21000,1951995,41907348050,1.94,651356790000,-913142050.0,-43159250.0,20240304
054950,27100,27550,26100,26400,236285,6287712000,-3.3,319173148800,1427592700.0,-2973216550.0,20240304
023440,1440,1474,1378,1438,560145,790079760,-1.84,78118288756,-61646368.0,-947953.0,20240304
090470,9730,9850,9550,9700,100084,968723510,-0.1,169522961800,45986870.0,,20240304
287410,7890,8030,7820,8010,394979,3133516590,1.52,612519934050,251436140.0,379265150.0,20240304
137950,6880,6930,6790,6830,42765,291502840,-0.73,152089169620,-10414610.0,88830.0,20240304
033320,5000,5060,4860,4895,475296,2352891565,3.05,93565144640,275614755.0,15.0,20240304
417500,4840,4995,4800,4900,378822,1863820225,2.51,160645245600,259713755.0,,20240304
204270,12480,12570,12010,12250,375302,4583083880,-2.55,708643708500,105624860.0,-592221630.0,20240304
026040,2030,2075,2000,2050,22005,44677035,0.99,33832769500,-825235.0,,20240304
452160,9370,9880,9370,9680,46643,447795300,3.42,89196079280,113984570.0,,20240304
126880,4885,4900,4845,4860,55433,269899305,-0.51,112775828580,16828685.0,-836065.0,20240304
322510,13090,13250,12500,12600,277931,3522153250,-3.3,204065971200,560215680.0,-283043820.0,20240304
033050,1038,1038,1020,1022,94488,97121370,-2.11,33296087524,-1344188.0,,20240304
094970,5800,6370,5250,6040,1921304,11366116250,6.15,101159369600,-658980370.0,-118983480.0,20240304
418550,28200,28650,27350,28200,588824,16459441650,-0.7,890154798600,-1039727300.0,918212750.0,20240304
089790,9810,10160,9770,10040,237767,2373082760,3.19,103567750520,258736990.0,-11265740.0,20240304
052670,0,0,0,2080,0,0,0.0,60588453120,,,20240304
199820,9530,9700,9530,9620,12420,119451720,0.52,106878200000,6726790.0,4394360.0,20240304
038010,7690,7780,7630,7750,64811,498837280,1.57,69750000000,126101900.0,-6735220.0,20240304
276730,1010,1060,993,1016,482179,486315596,1.09,59267436456,-19894519.0,-868567.0,20240304
080220,27500,29500,27500,29250,7137102,205531129350,7.93,1007452865250,10621671050.0,10167050.0,20240304
216080,15520,15590,15130,15260,36255,553460480,-1.68,272524662340,-17140390.0,2565120.0,20240304
229000,4300,4385,4180,4195,109313,467004175,-2.44,60488762140,22052375.0,1406060.0,20240304
082270,12250,12380,12000,12000,108185,1310620410,-2.04,479930088000,-379313240.0,-32895590.0,20240304
064800,2830,3070,2770,2960,3150587,9303006835,6.67,290963595520,904695565.0,-1267100.0,20240304
044060,0,0,0,732,0,0,0.0,70075958688,,,20240304
034940,1835,1835,1791,1791,81805,147527792,-1.81,55484870157,-17255106.0,,20240304
067000,2930,2985,2910,2910,265239,778524865,-0.68,203300436630,-62610020.0,257505.0,20240304
033340,0,0,0,2110,0,0,0.0,204565677380,,,20240304
036930,37500,39000,37050,38050,2773989,105577262250,3.54,1835882516600,-1876191800.0,4372127300.0,20240304
239340,2980,2980,2900,2910,142058,415394235,-1.52,78510734940,-91383585.0,,20240304
072020,10440,10530,10430,10460,28374,296916020,0.0,101029866020,-17039520.0,-51160.0,20240304
000440,17750,18290,17750,17970,22515,406068580,1.53,111901526100,179985910.0,-20.0,20240304
051980,3795,4465,3785,4375,7604046,32189352440,22.04,343445974375,2189689555.0,56511670.0,20240304
228760,22400,22450,20950,21400,533009,11541365450,-2.51,513863947600,186329400.0,31595800.0,20240304
314130,8970,9120,8750,8770,64353,571157160,-2.23,131323365660,-69386280.0,4415110.0,20240304
389030,2100,2125,2030,2075,212080,437330285,-2.35,69053603375,-72893480.0,,20240304
043610,3330,3380,3290,3295,96253,318254505,-0.75,191490368210,-1095340.0,1008035.0,20240304
263860,12790,12870,12420,12600,100786,1261960960,-1.33,119001960000,117084270.0,-629741490.0,20240304
303030,2070,2070,1910,1997,1337252,2641740493,-3.53,71384098996,-188714393.0,64496633.0,20240304
036180,658,658,611,638,320439,200705574,1.11,39908789118,-22732266.0,,20240304
208350,3945,4020,3905,4010,8199,32437145,1.13,35442581490,-841715.0,-3129400.0,20240304
144510,39900,40900,39750,40650,60954,2461724650,2.39,642283983600,-316749250.0,262097300.0,20240304
358570,11680,12340,11510,11940,884695,10640634710,1.27,527038752060,-231805540.0,2187507850.0,20240304
382480,3095,3140,3080,3080,198048,614624535,0.16,121219991200,47461610.0,,20240304
382800,5870,5970,5760,5870,249372,1458242110,1.03,176710550440,206709150.0,116538020.0,20240304
051160,8200,8320,8050,8140,107423,873726790,-1.21,125961860200,-14158320.0,-83773890.0,20240304
053050,3275,3355,3275,3330,211072,703271670,1.83,99858698010,164157180.0,5.0,20240304
119850,4485,4685,4455,4580,175500,803452015,2.0,75336003220,45329500.0,-59540.0,20240304
065060,468,480,455,472,211582,98754100,0.85,50979796768,-12736062.0,7110911.0,20240304
204840,1427,1480,1397,1448,469108,676661249,3.13,91058321288,-55650239.0,,20240304
270520,2550,2965,2550,2820,7933538,22506739565,7.22,368358797340,886421935.0,-2607090.0,20240304
311320,13550,13880,13370,13390,187784,2544384200,-0.81,168908958400,-4151160.0,-754850.0,20240304
388050,8880,9200,8880,9010,204808,1851400590,1.46,168572027370,260579980.0,-10113090.0,20240304
219750,0,0,0,2850,0,0,0.0,24704412750,,,20240304
018120,15600,15600,15550,15580,1953,30459640,-0.13,103157049600,-11230390.0,,20240304
109820,2580,2610,2500,2500,54744,138329790,-2.34,50984100000,-3619800.0,,20240304
086060,4160,4180,4120,4145,47164,195910220,-0.24,35690883115,3136435.0,-5378505.0,20240304
036890,9440,9490,9330,9330,65625,616014170,-0.64,209759560440,-22623470.0,-30816730.0,20240304
363250,6210,6210,5500,5630,173347,978918040,-7.7,39324919440,95114520.0,-161355610.0,20240304
007370,5930,6000,5870,5940,24396,144291140,-0.17,71380249380,4393360.0,-15650.0,20240304
285800,4245,4295,4185,4195,143852,605606415,-1.18,73317147650,2912340.0,0.0,20240304
085660,16780,17130,16760,16840,202002,3414683810,0.66,948335220120,-518191790.0,529820540.0,20240304
261780,5020,5080,4995,5030,54018,271591580,0.2,134462357370,-47980600.0,,20240304
094850,7410,7520,7190,7300,54633,399606430,-1.35,102200000000,7446180.0,36741810.0,20240304
004650,9270,9450,9270,9370,9688,90854030,0.54,86118592450,-6301000.0,30.0,20240304
278280,90900,93300,90900,91900,29504,2716874700,1.77,919000000000,-443413500.0,299620900.0,20240304
362320,8200,8280,7820,7820,138301,1096368590,-4.63,160711087800,-183762450.0,-86020.0,20240304
066360,1227,1239,1200,1206,134267,163949464,-1.71,57830130090,-53108004.0,,20240304
047820,0,0,0,5400,0,0,0.0,132051222000,,,20240304
094360,30600,31300,30200,30950,748466,23013761300,3.86,644475687800,449544100.0,667312950.0,20240304
016790,0,0,0,994,0,0,0.0,185869614616,,,20240304
016920,1488,1508,1483,1499,71131,106259426,0.81,39713813462,-6624668.0,-145423.0,20240304
284620,3955,4000,3890,3905,50953,200743655,-1.64,109036956380,-17425965.0,-15775.0,20240304
293490,23750,24350,23550,23700,285969,6836706000,1.07,1956002380200,-534853400.0,549881900.0,20240304
042000,23200,23300,21000,21400,872374,18888535800,-8.94,519015355600,1089320200.0,-5234845950.0,20240304
317530,5150,5260,5050,5150,41533,213169120,0.0,35901659400,-4003790.0,,20240304
071850,2375,2375,2300,2300,20161,46725410,-0.22,38109132400,459825.0,3468635.0,20240304
050110,1495,1572,1495,1520,675715,1034002184,2.08,112212659360,100134863.0,-1520.0,20240304
452300,5390,5570,5090,5140,910002,4827733620,-4.64,71931755700,-182203750.0,0.0,20240304
119860,13660,13920,13580,13580,46152,630935280,-0.59,634826745140,-247150460.0,163311390.0,20240304
223310,1476,1490,1475,1482,35248,52204667,0.41,23312409822,3213492.0,,20240304
451760,16900,17080,16560,16670,103096,1729410850,-0.48,243203897720,55508660.0,-176172340.0,20240304
900310,792,795,777,779,183380,143540951,-1.02,49888464825,-7143091.0,,20240304
078340,42850,43300,42000,42200,56261,2393174950,-0.94,537533261000,-916636700.0,82120600.0,20240304
063080,36450,37700,35800,36150,44669,1628669950,0.7,238416190800,-148545550.0,-82709350.0,20240304
307930,10200,10260,9110,9240,8250371,79820026320,-2.01,144236400000,1192619760.0,-1924780.0,20240304
079190,811,850,810,840,132446,110640719,3.58,32218631760,3105159.0,,20240304
263700,5640,5800,5470,5500,512688,2916570220,-1.96,106778100000,71836770.0,-47018290.0,20240304
214370,23400,23800,22450,22550,151204,3461442350,-3.01,1211273250000,-613253150.0,532523100.0,20240304
221980,12270,12450,12260,12300,1903,23416370,-0.81,49628040000,-6517660.0,491500.0,20240304
038530,252,257,244,246,466052,115437036,-2.38,28465729362,516578.0,-81626.0,20240304
424140,2090,2090,2070,2090,27780,57632945,0.0,16113900000,33585.0,-2170470.0,20240304
436530,3885,4040,3865,3960,119710,473974720,1.28,20671200000,15724270.0,-11045150.0,20240304
192250,1277,1283,1270,1275,209121,266682413,-0.62,90105852675,-47936560.0,,20240304
115500,8120,8320,8010,8250,187345,1532213210,1.6,99000000000,77049940.0,-8200.0,20240304
089150,3000,3005,2950,2990,33001,98262960,-0.33,51278500000,2279645.0,-4585.0,20240304
025880,2490,2520,2470,2485,76813,191476230,-0.4,41538907130,-31624995.0,,20240304
093320,93000,93200,89500,90700,44172,4007133900,-1.63,442616000000,-289819700.0,252841700.0,20240304
093640,8540,8650,8470,8590,66682,570731010,0.59,250942951380,116742240.0,,20240304
073010,3600,3730,3390,3505,1038468,3653587935,-4.5,126853860785,543593630.0,6167560.0,20240304
105330,8330,8430,8120,8290,48562,400002700,-0.12,133137632120,-904370.0,-237000.0,20240304
053080,18800,20650,18550,20300,656285,12911189790,12.09,263896082100,1518832710.0,72637850.0,20240304
432470,35300,37350,34850,36350,31361,1128262050,2.97,156296930300,15814650.0,,20240304
272110,16400,16900,16400,16590,85949,1433129510,2.34,132062953050,-63724340.0,-166361480.0,20240304
039420,2760,2790,2760,2780,46569,129116625,0.36,67150149400,38194845.0,7607125.0,20240304
083550,4505,4510,4430,4430,16342,72912315,-1.45,52153012270,-4996635.0,,20240304
032500,14210,14210,13080,13550,629130,8443610170,-4.71,539572964650,-602325310.0,194464700.0,20240304
225430,974,983,968,970,55608,54134357,-0.92,27050438500,1180998.0,,20240304
102370,5800,6050,5620,5950,818476,4803767120,0.85,161686103250,244528580.0,254971870.0,20240304
068100,10100,10600,9850,9930,731566,7405759310,-0.8,98700367020,48755850.0,-1488350.0,20240304
036030,5930,5960,5860,5900,33056,195324340,0.68,289213769700,-12563340.0,17890530.0,20240304
064820,4705,4715,4550,4650,71276,330122555,-2.41,143693035200,-83656390.0,39854115.0,20240304
256940,6860,6880,6480,6580,80717,537869670,-4.5,123366169640,21663220.0,198000.0,20240304
024880,4695,4715,4640,4685,28644,133697660,-0.21,96898908630,-23324170.0,0.0,20240304
042040,396,399,390,394,343782,135353954,-0.51,68737601298,-16196702.0,-793248.0,20240304
054410,4905,4905,4835,4845,14489,70589710,-1.22,27744621180,-8175325.0,,20240304
258610,3910,3975,3700,3915,217694,841221505,0.13,104871625695,48242250.0,-1209140.0,20240304
274090,11400,11470,11070,11440,104786,1177322820,1.24,147727305440,89012650.0,-205090.0,20240304
089010,22100,22800,22100,22650,81925,1841693600,2.72,343547952000,207498500.0,-108350.0,20240304
220260,7470,8210,7460,7900,2550870,20285478390,5.9,209810625300,590397860.0,1201240.0,20240304
052400,17410,17800,17170,17630,65134,1140568470,1.67,264449982370,-75454250.0,164100.0,20240304
402030,30500,31200,30500,31000,38071,1177465150,2.31,354072328000,13884150.0,5495650.0,20240304
391710,2985,3045,2880,2905,339936,1002316460,-2.52,120566859910,18297290.0,-472105.0,20240304
046070,310,310,281,287,879538,257048913,-6.21,12279598072,-19837770.0,,20240304
047770,1715,1715,1698,1709,74340,126838005,-0.35,64673006818,-13232370.0,,20240304
080530,2330,2330,2130,2300,311755,685590140,1.1,73605464800,-39057500.0,,20240304
104540,11210,11290,11050,11150,44543,495156770,-1.24,142244675500,-40035370.0,-6050140.0,20240304
027050,2610,2635,2600,2615,139015,363430555,0.0,104600000000,-41033335.0,15030735.0,20240304
190650,5330,5390,5270,5370,6597,35323270,0.75,34303560000,-1577890.0,,20240304
123410,5770,6040,5550,5850,5415361,31690621740,3.17,162870224400,729183100.0,17674090.0,20240304
036690,3065,3080,3005,3005,56262,170323560,-1.96,47794338690,-6496310.0,,20240304
049430,9200,9350,9040,9350,28328,260188840,1.63,84598800000,-15329710.0,-10110430.0,20240304
183300,63500,64000,61900,62500,104393,6530976800,0.97,653792750000,80534900.0,-885619500.0,20240304
041960,4220,4310,4160,4205,110914,469186150,0.12,296891771120,-137192985.0,102338845.0,20240304
089890,15110,16470,14950,16450,1220644,19418425960,8.87,272822624900,3234114900.0,273240360.0,20240304
009730,3800,3875,3670,3700,549193,2059118845,-2.89,113060063800,131697505.0,,20240304
360350,31150,38350,29250,35750,9864856,338757992250,18.38,202415427500,153881150.0,14101350.0,20240304
082660,310,335,308,323,1003861,323962769,4.19,27978540687,51680654.0,,20240304
222040,5460,5490,5260,5400,82078,439692490,-0.18,111391200000,-82229350.0,-66318850.0,20240304
241710,38250,38350,36250,36450,143917,5305142400,-4.71,389286000000,-1161014850.0,-630657250.0,20240304
355150,9370,9400,9030,9270,26198,239774450,-0.75,69717537900,26727250.0,-8935440.0,20240304
166480,8730,9030,8600,8940,87279,766102200,1.48,293861161440,-24758020.0,,20240304
045970,8010,8100,7810,8010,418838,3336003020,2.3,210782156760,61966880.0,30150.0,20240304
196450,1256,1293,1225,1235,46824,58332378,-1.2,55969683770,-7864465.0,,20240304
384470,17460,17750,17030,17710,275499,4804617770,-0.84,221750646810,400716160.0,-957595660.0,20240304
029960,6730,6770,6700,6750,57866,390792960,0.15,337500000000,25594180.0,73723870.0,20240304
102940,21000,21300,20400,20500,27492,569815250,-2.61,233953298000,-62780150.0,667450.0,20240304
950160,10000,10080,9600,9720,118289,1160465840,-2.8,707622123600,-154266870.0,21836830.0,20240304
033290,3385,3445,3280,3285,440295,1472509405,-2.38,184473448785,-190129490.0,40049475.0,20240304
056360,6090,6160,5980,6050,35450,213220000,0.17,59270640000,29764170.0,1040.0,20240304
282880,26650,27300,26650,27000,55777,1505693000,1.69,287971686000,125762450.0,1428950.0,20240304
121850,1295,1295,1250,1251,248438,313071620,-3.4,38298332925,-14231351.0,,20240304
448710,16880,16900,16290,16520,58732,967324560,-0.78,83951203840,-2600710.0,27645650.0,20240304
015710,4780,4810,4705,4720,53610,255228300,-0.32,82743960000,87038315.0,-5167760.0,20240304
052330,7090,7140,7060,7070,13403,95129000,0.14,110112082640,-23419250.0,1044250.0,20240304
322780,1899,1900,1877,1899,35069,66269790,0.0,72034032087,-16199439.0,-128270.0,20240304
200130,15500,15670,15210,15210,68247,1049575810,-1.49,447410637180,-337070610.0,57460540.0,20240304
294570,19200,19380,18930,18940,30785,586550760,-1.35,194223733900,-161115940.0,-16265840.0,20240304
317690,4380,4400,4305,4305,27305,118298050,-1.71,71193554355,-22453225.0,,20240304
078940,0,0,0,2855,0,0,0.0,151584163690,,,20240304
432720,34850,38900,34500,38900,1163216,43531004950,16.29,424314976000,8179886700.0,-467665100.0,20240304
365270,13280,14500,13120,14160,523119,7238533020,10.37,196191642720,232484750.0,-2516150.0,20240304
348080,1720,1788,1685,1774,275639,479855077,3.14,74777665740,118831516.0,,20240304
060280,14870,15330,14870,15120,300749,4552235030,1.48,621129448800,584817620.0,195291770.0,20240304
372320,32000,33800,31850,33100,238667,7912170750,4.09,450581561600,1366387700.0,-42513450.0,20240304
040350,428,430,410,418,285249,119737860,-1.18,59762911296,-6855443.0,4306.0,20240304
051780,311,312,302,303,579412,176495911,-2.26,41336002350,-14524125.0,-739734.0,20240304
115180,4300,4380,4100,4270,297129,1253838800,-1.5,113459950590,-229842455.0,-48853185.0,20240304
445680,36900,37350,35450,35850,89988,3247909600,-3.11,287606338200,24692650.0,800.0,20240304
182360,15910,16130,15540,15660,131896,2078444020,-1.51,216181398420,-219273620.0,-20001900.0,20240304
405100,39200,42150,37000,39200,2237917,89313997950,2.62,469933833600,-866395550.0,8382734000.0,20240304
066310,10370,10600,10310,10420,47877,500264420,0.48,96610290820,147890190.0,100.0,20240304
016600,338,341,335,338,269537,91109295,0.0,60247523856,-21246326.0,-2067624.0,20240304
355390,42300,42450,40500,41400,229651,9537212300,-0.96,170860739400,-450336400.0,-508459150.0,20240304
096240,17700,17920,17650,17850,44884,798463620,0.96,202386513000,240872800.0,16054480.0,20240304
110790,7520,7590,7520,7580,2914,21973380,0.93,177606676800,-4365450.0,-7550.0,20240304
900250,1327,1337,1306,1330,1589445,2097976525,0.0,127535081870,-39338408.0,,20240304
045520,6880,6900,6840,6850,10099,69386720,-0.29,44525000000,-2432300.0,14630.0,20240304
036170,827,831,825,828,72573,60077890,0.12,50810738328,-15809249.0,,20240304
214150,32100,32400,31400,31850,202787,6421767350,-0.93,2063137958700,336043900.0,52115750.0,20240304
352770,2430,2500,2385,2430,360442,875310345,1.46,77699441970,91049580.0,,20240304
237880,30000,30500,29550,29950,89488,2684131750,-0.17,541237022350,783619650.0,-420187500.0,20240304
139670,6460,6460,6130,6320,319532,2018876820,1.94,88603726640,-47544900.0,,20240304
413600,2195,2195,2150,2180,2608,5640510,-0.91,7477400000,2040.0,-3885795.0,20240304
433530,2135,2170,2125,2125,5681,12164330,-1.85,8723125000,-267740.0,-7252215.0,20240304
446840,2100,2145,2100,2145,7168,15225325,0.94,12612600000,-764625.0,2100000.0,20240304
054780,6580,6850,6550,6640,40426,265980980,0.61,129797345520,-32598240.0,1014290.0,20240304
219130,33700,34450,31450,32050,306886,10096019500,-4.9,202372994500,474410400.0,-343757100.0,20240304
360070,82000,88900,80300,83500,390021,33090916100,1.09,671201640500,2334716500.0,16295700.0,20240304
065130,6400,6460,6180,6270,108042,684213100,1.95,107018228460,20697570.0,-6262030.0,20240304
134580,3570,3620,3465,3500,153379,535771945,-3.45,77090184500,-66423620.0,65695240.0,20240304
023160,13120,13260,12750,12790,263806,3419590700,-2.07,338935000000,-1063463260.0,129385060.0,20240304
323280,4330,4565,4330,4555,1194285,5331832540,5.56,117613425150,553446050.0,0.0,20240304
053620,7100,7170,7100,7170,2804,19988240,0.42,61662000000,-142090.0,1425230.0,20240304
044490,16350,16390,15760,15790,98710,1575030900,-2.47,315916545990,-355727100.0,-5720140.0,20240304
124560,3485,3535,3420,3500,276604,963858660,1.45,134458044000,-58114715.0,32092480.0,20240304
191420,13500,13500,12930,13500,28660,378701730,0.0,109469259000,-72513890.0,190.0,20240304
073640,955,1000,895,959,7031378,6689533896,-1.44,91668320436,196180012.0,-1304891.0,20240304
066700,4335,4355,4275,4325,176061,761701035,-0.23,140451931375,32230295.0,2167995.0,20240304
095610,20100,20400,19800,20200,197806,3978115320,1.1,399318165200,329796620.0,84464200.0,20240304
064520,4155,4155,4000,4000,45077,181798740,-3.73,87522604000,-33298455.0,,20240304
089030,21400,22500,20900,21700,794970,17254262000,5.6,810574096500,2121160650.0,-1498715850.0,20240304
054450,29100,29750,28950,29600,441258,12965708600,4.04,448269296800,-88229750.0,28733000.0,20240304
200230,734,734,691,701,580425,410258223,-3.04,81312439621,-76442661.0,,20240304
393210,4325,4500,4260,4325,149415,652531670,0.0,66417052800,-80343140.0,-32632380.0,20240304
215480,3610,3690,3605,3610,27110,98229220,-1.23,34709994770,2213945.0,,20240304
051360,15700,16150,15700,16050,75736,1207570190,2.29,261086280900,-140615530.0,-34032150.0,20240304
045340,4810,4880,4700,4800,32504,155235110,0.84,41078592000,24498530.0,8412225.0,20240304
108230,7780,7970,7590,7950,142851,1117536850,1.27,302284797750,124482000.0,15272050.0,20240304
079970,289,344,289,289,9905145,3067452022,0.0,22687945867,29081461.0,,20240304
199800,49900,50400,49050,49200,22671,1125469200,-0.91,389981733600,-9371550.0,4432700.0,20240304
417790,11630,11660,11430,11520,71225,819545870,-0.78,126715968000,-18136500.0,90695110.0,20240304
105550,2290,2520,2160,2500,1292272,3158433540,9.17,115184530000,596852295.0,,20240304
290090,11690,12450,11630,11980,3838,45619460,2.13,88984660640,-4019340.0,140.0,20240304
026150,7880,8050,7810,7910,69118,547938550,0.76,138791478210,-11216570.0,-3018000.0,20240304
322180,5070,5260,5070,5150,61494,317406880,2.18,85075296250,22699700.0,,20240304
117730,19510,20400,19510,19930,249047,4944782380,2.21,355492605800,-105233930.0,8288150.0,20240304
033830,930,930,921,921,77083,71360418,-0.65,92100000000,,1485676.0,20240304
057680,1680,1694,1642,1669,488881,812791645,-0.65,114651581144,125330881.0,,20240304
204610,1335,1344,1307,1307,946550,1249781223,-2.02,88185538040,-173697929.0,-8646579.0,20240304
064760,96000,98400,96000,97700,40514,3945382100,3.17,1140647500000,623019600.0,17783700.0,20240304
246710,6660,6800,6440,6600,65836,434371630,-0.9,142057594800,-56528770.0,-14743550.0,20240304
340570,50000,50000,47300,47750,106101,5087063150,-3.54,388112000000,-518445550.0,-1031633250.0,20240304
043220,672,725,640,714,1760424,1223880590,6.57,77682956526,150750296.0,-814617.0,20240304
277880,8050,8290,7960,8020,60683,490559210,-0.37,161689872640,15504880.0,4126230.0,20240304
131290,58000,59600,56400,59200,250455,14594022600,4.96,654836596800,498648400.0,290075400.0,20240304
425420,32450,35400,32300,34950,222560,7589569300,9.56,397765950000,582031150.0,2139850900.0,20240304
131100,1876,1900,1860,1886,38579,72509893,0.53,52899003272,-4350020.0,-6038801.0,20240304
356860,24100,25050,24000,25000,302590,7426162450,6.16,245815750000,795254250.0,53781250.0,20240304
062860,0,0,0,5800,0,0,0.0,57261776000,,,20240304
321550,8040,8040,7800,7880,39774,313639320,-2.35,198438100000,-23457260.0,-39343080.0,20240304
425040,18000,18390,17750,17890,204661,3697330230,1.36,380202251580,265829020.0,-413913410.0,20240304
104480,1822,1833,1794,1794,180681,326832460,-0.72,163066408596,-31625261.0,78231.0,20240304
081150,3115,3140,3100,3115,143649,447811105,0.32,75596072230,12953605.0,,20240304
130740,3000,3010,2865,2865,150668,443555930,-4.82,32307685335,-48447795.0,-20762685.0,20240304
084730,15350,15410,14980,15020,53675,810851120,-2.09,166863548480,-173799190.0,-25579600.0,20240304
058530,0,0,0,1620,0,0,0.0,32527053360,,,20240304
440110,21100,21600,20900,21100,447241,9504105600,1.44,1028688363300,1102825250.0,-57856400.0,20240304
034230,12720,12810,12620,12800,313807,3995963860,1.11,1174516160000,-202904020.0,870609300.0,20240304
033540,3005,3330,2975,3215,1548880,4968628850,5.58,119709888430,565806455.0,0.0,20240304
388870,14080,14350,13870,14000,165245,2329738870,2.19,180865468000,340354550.0,-171726980.0,20240304
043200,637,656,632,637,47608,30568680,0.0,26629348655,101284.0,,20240304
214450,94100,95800,91900,92800,82733,7681823200,-1.17,957735254400,1235909400.0,-2499587200.0,20240304
208340,0,0,0,2915,0,0,0.0,88036229820,,,20240304
177830,3395,3435,3375,3395,24405,82646360,0.44,48510316435,-3089420.0,,20240304
037070,10090,10120,9940,10000,26270,262465960,0.0,200000000000,-13281670.0,18190.0,20240304
150900,7360,7360,6660,6800,479292,3279931500,-7.73,79335069600,546052190.0,-1924469800.0,20240304
037030,2970,3010,2960,2965,79397,236595365,-0.34,61106876930,-50682655.0,,20240304
047310,11320,11770,11080,11400,2021708,23144140520,3.83,407377210200,3649260690.0,1469690.0,20240304
368770,3455,3570,3455,3510,119865,421256220,2.48,115318329750,66159130.0,,20240304
170790,11850,12800,11700,12720,68243,840601160,7.34,87212517600,-66384700.0,60216320.0,20240304
049120,1589,1589,1470,1505,22647,34398785,-0.4,52630116385,-1202285.0,,20240304
038950,4745,4815,4725,4730,13831,65747255,-0.32,48296918450,3404930.0,80415.0,20240304
441270,9140,9370,9070,9160,340702,3140487770,0.33,337878966000,-167096290.0,14131980.0,20240304
106240,1554,1563,1520,1522,129994,199019147,-2.62,24234892754,-26779953.0,1522.0,20240304
131760,876,876,860,861,242841,210172317,-1.71,37394592963,-1378987.0,,20240304
065690,1280,1280,1221,1259,50057,62545402,-1.87,17688107729,1944178.0,,20240304
140860,177000,178300,172100,177000,35922,6300399800,2.73,1232974743000,995621700.0,-1237348000.0,20240304
091700,7900,7980,7870,7940,158127,1253951830,1.02,467810619160,-65807530.0,230330060.0,20240304
032800,218,220,215,220,387949,84199026,0.92,25912764680,-1580691.0,,20240304
318010,7200,7290,7150,7160,7272,52353980,-1.24,56774060080,-1212970.0,3203030.0,20240304
027710,1589,1589,1575,1577,229284,361773217,-0.38,175703978200,-22506798.0,126160.0,20240304
225590,1137,1145,1126,1139,45526,51755661,0.18,30339216107,-3275203.0,-28353.0,20240304
054300,696,703,690,699,241227,167145004,0.43,46823140605,-27477882.0,,20240304
068050,3115,3170,3105,3120,53748,167845615,0.16,86405517120,-7060030.0,-999105.0,20240304
222110,5840,5920,5820,5870,1715,10062110,0.51,62677688100,-687420.0,0.0,20240304
271830,3950,3950,3750,3795,809808,3074744805,-2.94,109457735310,-65433055.0,-16998425.0,20240304
263750,30600,31000,28850,28950,880991,26016511400,-4.61,1859975402250,-10894048650.0,2596092750.0,20240304
251970,24450,24450,23650,24100,40331,965339800,-0.62,298840000000,-265035950.0,-51119300.0,20240304
168360,11140,11690,10780,10940,1914992,21439774320,5.7,232893826960,6941660.0,470064970.0,20240304
087010,22750,24000,22750,23400,421665,9876818050,1.74,482668360200,733145200.0,-126583850.0,20240304
119500,3525,3550,3505,3545,72156,254763865,1.14,41998437440,7370690.0,20.0,20240304
389140,16310,16900,15910,16520,587439,9674835870,-1.08,182929842200,191158600.0,31479690.0,20240304
105760,16010,16150,15620,16020,1009213,15081273455,0.13,149874869700,5789035175.0,-6059046095.0,20240304
009520,24450,25500,24450,25300,515962,12974513600,3.69,1053560385900,1527836450.0,361122400.0,20240304
189690,3085,3145,3000,3090,797980,2460535275,0.32,84424884210,154568425.0,1621670.0,20240304
318020,0,0,0,18100,0,0,0.0,229187123200,,,20240304
256630,1351,1352,1321,1321,30037,39989705,-2.22,76614132112,-982143.0,-6104087.0,20240304
331380,2245,2270,2205,2205,106099,237617355,-1.56,42002123310,53235175.0,27090000.0,20240304
472850,7310,7450,6960,7010,391254,2804580440,-3.97,226730970330,45365660.0,252320.0,20240304
039980,2015,2405,1993,2310,43382650,100993390819,24.66,119207785620,-889529173.0,82545.0,20240304
234100,1966,2350,1966,2120,19297415,42690482163,8.16,115209805760,329010665.0,0.0,20240304
041020,8350,8660,7860,8000,21699656,179288045740,0.76,397803984000,57444020.0,1869000.0,20240304
114630,725,795,721,756,3852215,2933026721,5.44,58401783216,149949111.0,,20240304
290720,7700,7700,7430,7460,30687,229976590,-1.84,99986812680,-82515850.0,-52570.0,20240304
005670,4770,4800,4770,4770,6037,28818385,0.0,47700000000,-587335.0,260.0,20240304
094940,9090,9170,8950,8950,111726,1012404700,-0.67,74834404700,24124660.0,-40.0,20240304
007330,9650,9900,9650,9710,101456,990836580,1.25,146453988000,158331340.0,20.0,20240304
093380,3710,3770,3710,3725,11027,41204660,-0.4,36800440925,-2442655.0,1977350.0,20240304
023900,12080,12080,11800,11870,37493,446133820,-1.08,149562000000,-97019030.0,4185540.0,20240304
371950,6500,6630,6400,6400,28898,187809650,-1.54,134659123200,-24814800.0,-371440.0,20240304
370090,25150,25350,24400,24600,93759,2321868400,-1.99,201273018000,333083450.0,-223352150.0,20240304
445180,13510,13780,13230,13260,301332,4072809910,0.61,222359432880,-24822560.0,5766450.0,20240304
220100,9660,9900,9250,9670,344404,3327244600,2.44,213727838850,-155136610.0,-2116020.0,20240304
035200,3515,3545,3490,3525,39088,137768615,0.28,34300329750,-141525.0,7632070.0,20240304
334970,4460,4465,4280,4325,136441,592891680,-3.03,264854215925,4160265.0,-11353100.0,20240304
321260,3015,3155,3010,3120,311993,969354930,3.65,87959302080,236940940.0,,20240304
053610,47700,49350,47700,49100,214657,10456898700,4.8,540100000000,1371470150.0,215868200.0,20240304
303360,2915,2940,2860,2880,14480,42010455,-0.86,37086379200,-948770.0,-4055125.0,20240304
377220,5820,5860,5660,5720,73432,420424150,-1.04,80966600000,15562510.0,-1146280.0,20240304
335810,5240,5350,5120,5120,21136,110274140,-3.21,59466373120,-49868300.0,-385610.0,20240304
053160,20000,20700,19680,20300,96314,1943380530,1.5,121800000000,559188900.0,3500.0,20240304
405000,2995,3010,2780,2840,479420,1357415415,-5.65,57466454280,95820425.0,,20240304
041590,960,968,888,893,990149,900289089,-8.41,117614663550,-28111014.0,,20240304
367000,7900,7970,7720,7730,25075,196522750,-2.03,64678510110,-22554600.0,1496210.0,20240304
075130,2460,2490,2410,2490,86961,213870190,0.4,41389576800,31620090.0,-4454455.0,20240304
237820,8470,9140,8150,8740,9574232,83497746680,12.63,112109203600,-557179220.0,-19509000.0,20240304
023770,5460,5490,5350,5380,33318,180191640,-1.28,47165491600,-14230890.0,,20240304
300080,33550,33600,31850,32100,124742,4030014850,-2.73,176603029200,-186951000.0,-174430200.0,20240304
032580,1646,1781,1646,1776,2257055,3937602766,8.69,58842545664,512006677.0,-4229605.0,20240304
051380,3420,3500,3400,3470,93160,321438500,3.12,53230049840,39339540.0,10647790.0,20240304
241820,1067,1120,1043,1120,387343,414847103,4.97,60522692160,-18659983.0,,20240304
237750,5440,5550,5370,5380,38242,208133000,-1.1,34951708000,-4509610.0,-70.0,20240304
319660,25850,26500,25300,26300,977588,25301826800,3.54,761824578200,562335900.0,-294305800.0,20240304
031980,41450,43300,41450,42900,380405,16151701750,5.28,925026745500,2309728850.0,-68065100.0,20240304
002230,3655,3705,3615,3620,16542,60156510,-1.9,70121836260,-777470.0,-262680.0,20240304
057880,0,0,0,17570,0,0,0.0,209792265760,,,20240304
043370,11920,12060,11810,11970,112631,1346491100,2.13,251370000000,-14538710.0,-143660950.0,20240304
239890,19450,20500,19400,19950,64525,1272178870,2.78,198218312250,74227730.0,-20481720.0,20240304
347740,2670,2670,2610,2610,53478,140621795,-2.25,78327603360,-52214215.0,52545180.0,20240304
137400,40650,41350,40300,41200,174923,7144340700,2.23,936937357600,770874850.0,259616100.0,20240304
257370,0,0,0,9210,0,0,0.0,107645199810,,,20240304
147760,7400,7580,7290,7580,173746,1297577840,5.42,82014584280,26164700.0,0.0,20240304
128660,3390,3400,3345,3380,36840,123896595,-0.15,83835387220,-1107890.0,,20240304
006140,6640,6790,6580,6730,208980,1396067440,0.15,100950000000,65462960.0,,20240304
376180,4175,4555,4175,4230,287032,1259379760,2.42,77903309340,82545105.0,,20240304
304840,3000,3050,2950,2955,87280,259780485,-1.66,62319366120,3572180.0,,20240304
062970,1650,1650,1576,1589,122381,194913200,1.86,14790705965,15654657.0,,20240304
087600,10290,10520,10140,10380,85862,889761670,2.87,84768872040,186135650.0,-6909850.0,20240304
291810,3625,3625,3580,3605,54295,194955770,-0.55,40894802760,6764395.0,,20240304
378340,21300,21800,20750,21000,393532,8287952450,-0.47,445386522000,585579050.0,5733050.0,20240304
161580,13420,13640,13000,13260,1689796,22302761280,-1.04,308847186180,78542880.0,-883730540.0,20240304
347770,4315,4500,4315,4480,156758,694993220,3.82,102399548160,184218115.0,4840015.0,20240304
163730,10110,10180,9930,9930,53774,537149340,-1.49,92903799030,-6205020.0,69600.0,20240304
417180,3785,3880,3710,3830,323781,1236359630,2.0,63719706170,-57367105.0,,20240304
446750,2180,2195,2175,2190,26052,56843235,0.23,13205700000,148900.0,-24124490.0,20240304
448370,2200,2200,2160,2180,12319,26863235,-0.91,12251600000,-1050395.0,-21299055.0,20240304
454750,2165,2165,2135,2140,10364,22249920,-1.15,15412280000,149365.0,-5106175.0,20240304
454640,2165,2225,2150,2190,11506,24925570,-0.23,11828190000,-320405.0,-17685175.0,20240304
469880,2100,2100,2080,2090,45437,94820820,-0.48,15267450000,-6349340.0,-7242525.0,20240304
406760,0,0,0,2135,0,0,0.0,15820350000,,,20240304
418170,2215,2225,2200,2215,12789,28226600,0.0,13312150000,-633865.0,-14585415.0,20240304
430230,0,0,0,2360,0,0,0.0,18889440000,,,20240304
435620,9610,9700,9590,9630,12687,122109490,0.1,41428260000,-2043500.0,-49580890.0,20240304
299030,57100,59900,57100,59700,86773,5107667200,4.55,487188237900,460280800.0,432506200.0,20240304
067310,26700,28100,25950,27300,3418200,92400478500,5.41,1312274254200,8771873450.0,-4612992400.0,20240304
166090,48700,49750,48350,49600,190505,9359384750,4.31,979732630400,936237950.0,910174100.0,20240304
136480,3040,3085,3040,3045,594247,1816415965,0.33,323408542590,241573925.0,26222435.0,20240304
003380,7710,7840,7570,7620,384990,2960608200,-1.55,853482832020,-158569100.0,241399230.0,20240304
101670,7260,7460,6960,7020,4447195,31764937050,-3.57,323568542700,-1087479120.0,126320410.0,20240304
365590,1495,1546,1490,1526,627295,951724179,1.06,219017495816,118611830.0,,20240304
149980,7390,7470,7190,7270,286509,2085291290,-2.81,135151939010,-96948590.0,164354800.0,20240304
013030,25550,26100,25000,26050,100723,2583705050,2.56,334900102500,-78499950.0,415310250.0,20240304
126700,23500,23550,22300,22950,701959,16048968450,-0.65,342921470400,2146973750.0,-938887750.0,20240304
106080,5410,5410,4980,5130,86660,438840395,-3.57,79379367930,-118852345.0,,20240304
400840,2190,2190,2135,2190,3857,8445070,-0.23,11212800000,23930.0,8206540.0,20240304
450050,2175,2200,2170,2200,6336,13805265,0.0,11030800000,-50205.0,-3620605.0,20240304
221840,2460,2470,2425,2450,31343,76605745,-0.2,45816374450,56375.0,0.0,20240304
106190,9180,9370,8930,9060,18504,167696320,-2.27,96336547380,-26035480.0,,20240304
373200,1721,1789,1696,1700,499394,863019486,-1.22,32175900000,-48194424.0,,20240304
066130,5100,5180,5010,5040,36371,184493840,-1.18,64512000000,22853490.0,3542450.0,20240304
004590,3980,4045,3960,3970,25746,103027100,-0.25,59550000000,3592215.0,7900.0,20240304
039340,5960,6020,5900,5980,4958,29522710,0.5,137540000000,-2233070.0,,20240304
034950,79400,79800,79400,79700,2521,200643100,0.38,361878965800,39127500.0,400.0,20240304
222980,4170,4235,4165,4210,14088,59082460,0.24,46442543430,-414300.0,0.0,20240304
256840,4745,5730,4745,5530,24140770,129796464550,16.54,375555809790,357863430.0,23311765.0,20240304
025550,3610,3640,3585,3595,35380,127315595,-0.42,83763500000,3992955.0,1812880.0,20240304
017890,11330,11460,11310,11380,64517,734402380,0.53,245873548800,-72911040.0,62946610.0,20240304
080720,5550,5600,5390,5550,11592,63246550,0.18,43898446500,-6753990.0,-103070.0,20240304
063570,6250,6290,6170,6170,55981,347771960,-1.28,210691481760,-14657800.0,-12473320.0,20240304
041460,4555,4630,4485,4510,156929,713911535,-0.88,85690000000,-43946310.0,50470.0,20240304
101680,2720,2725,2660,2680,24351,65317000,-1.11,22522720000,11587465.0,,20240304
039740,3280,3350,3275,3315,47254,155894870,1.07,26580986055,13744535.0,,20240304
053300,5380,5440,5320,5360,97281,523939530,0.56,223921134160,19004630.0,9220.0,20240304
025770,8600,8730,8520,8630,18813,162303150,0.58,323144058730,-26300650.0,55516920.0,20240304
436610,0,0,0,2280,0,0,0.0,13725600000,,,20240304
458610,2210,2210,2200,2200,17119,37751120,-0.45,9306000000,-57305.0,-1376750.0,20240304
464440,2185,2200,2185,2190,15340,33599780,0.0,9460800000,-3402055.0,12138010.0,20240304
023760,639,678,639,657,675456,440855222,2.34,207355491432,56012829.0,-162189.0,20240304
054040,7030,7190,6910,7150,453969,3202530050,3.92,114909723500,-89516360.0,232243680.0,20240304
021650,2770,2780,2750,2765,22119,61138890,-0.18,45209306695,-937350.0,2158980.0,20240304
053590,0,0,0,334,0,0,0.0,52484809098,,,20240304
032300,20950,21600,20800,21250,18180,385245350,1.67,231767396250,-3629200.0,1869450.0,20240304
037230,2165,2165,2125,2165,12527,26908805,0.46,64517707955,-1808355.0,,20240304
030520,23850,24300,23300,24000,904014,21480093550,2.35,580313856000,101596450.0,617784850.0,20240304
052600,4680,4705,4620,4655,53414,249171820,-0.53,53829023500,-24440335.0,-5.0,20240304
256150,7440,7500,7340,7440,8344,61993240,0.0,62458800000,-2640330.0,-1180.0,20240304
092460,5940,6060,5930,5970,15534,93042400,0.67,102144789600,4392470.0,0.0,20240304
452190,8350,8550,8220,8260,265780,2219308550,0.61,183759798740,19272000.0,0.0,20240304
047080,2470,2535,2365,2375,302465,731540585,-3.06,58953109750,-123122630.0,,20240304
452280,6930,7030,6800,6840,32247,222292950,-1.16,116297100000,-40804010.0,-32608640.0,20240304
066980,2920,3555,2890,3155,9278419,30595719905,15.36,157861778495,574384760.0,-335135.0,20240304
114810,12080,12250,11650,12160,347581,4177298170,2.53,356922435840,241828660.0,101111260.0,20240304
070590,1740,1740,1688,1692,80141,136210788,-1.91,23484149532,5106796.0,,20240304
226440,0,0,0,1530,0,0,0.0,100580954580,,,20240304
042520,14270,14310,13570,13720,140438,1942360260,-4.59,185581755240,-222571950.0,-2238480.0,20240304
430690,15270,15270,15070,15070,24862,376017340,-0.46,82096462250,28810680.0,-61252690.0,20240304
078350,14650,14750,13950,14450,253501,3627260860,0.77,220281319900,-20298970.0,-893550820.0,20240304
045100,16700,16840,16580,16780,104886,1753800090,1.08,302040000000,286380390.0,14084310.0,20240304
091440,12440,13550,12440,12800,155719,2018712340,-6.57,186965388800,-207342810.0,700.0,20240304
024740,2495,2515,2480,2500,288705,720988740,0.2,78831365000,15143880.0,,20240304
005860,4445,4545,4440,4475,192632,863016560,0.67,176331490375,-75739455.0,,20240304
123840,542,543,512,517,624187,326364676,-4.61,52659937682,-83252077.0,-609390.0,20240304
007770,15390,15390,15100,15170,20130,305934050,-1.43,53246700000,-6743960.0,10.0,20240304
198940,3100,3145,3055,3085,41523,128994920,-2.06,59959489275,-14394250.0,,20240304
079170,8060,8060,7920,8000,11675,93153020,-0.12,41600000000,-14397050.0,,20240304
054920,3840,3940,3830,3860,100593,389683315,0.52,108917932660,-76294785.0,15.0,20240304
002680,1145,1147,1130,1140,94272,107238888,-0.78,36841150860,-5314439.0,,20240304
386580,0,0,0,2040,0,0,0.0,8486400000,,,20240304
430460,2185,2195,2145,2160,7780,16874005,-1.14,12787200000,-34290.0,2611225.0,20240304
455310,2115,2120,2085,2090,7679,16164635,-1.18,10575400000,-280025.0,-7732120.0,20240304
034810,7970,8040,7890,7890,22974,182639360,-0.75,256873601730,-27291690.0,-7890.0,20240304
03481K,9000,9070,8740,8740,11154,98347740,-2.89,12139178280,1513720.0,1796000.0,20240304
076610,1499,1500,1452,1486,82218,121471791,1.78,37823452228,-8721855.0,-5403166.0,20240304
059270,12300,12940,9220,10030,1874478,20096524640,-18.46,107218102230,-260497280.0,-489606420.0,20240304
220180,3990,3990,3795,3900,139330,540286045,-2.26,75691200000,-29141395.0,-928970.0,20240304
900270,221,227,219,222,998970,221479722,0.91,27868788648,46068236.0,,20240304
214180,13630,13700,13460,13520,11599,157034870,-0.73,179237141200,-32887330.0,-41301740.0,20240304
234340,22350,22350,21350,21550,69300,1508619150,-2.49,203712150000,-347937600.0,21492950.0,20240304
084990,4145,4230,4075,4085,243193,1006190430,-2.74,200426170390,53238500.0,1039165.0,20240304
170030,7910,7940,7810,7860,155744,1225098720,-0.13,120572400000,101527810.0,30.0,20240304
319400,3080,3135,3070,3110,353803,1097381535,1.14,366068965930,43913675.0,-220565.0,20240304
048410,20650,21050,20350,20450,219163,4517177050,-0.97,814265993600,-525842400.0,568386650.0,20240304
052260,9320,9410,9050,9100,44450,406976730,-2.36,136500000000,-129527990.0,20750950.0,20240304
041440,6420,6470,6380,6420,112482,721772800,0.0,115020360480,-24705140.0,30.0,20240304
039010,6590,6690,6500,6550,54837,361689860,1.39,56493750000,54666150.0,10970390.0,20240304
090850,5500,5880,5440,5850,307984,1762585650,6.75,138916211850,151885150.0,4057110.0,20240304
460930,14850,15250,14680,14710,353547,5257289210,-1.93,512261040000,-21384500.0,-51415620.0,20240304
092300,4085,4175,4085,4135,69201,286310190,1.22,77212094160,29930180.0,,20240304
138360,1000,1037,965,966,712288,704387449,-5.48,33435176544,-9845927.0,,20240304
011080,834,856,826,839,156233,132302232,0.6,21397321557,-3663958.0,,20240304
060560,1196,1290,1196,1219,3360553,4172534304,1.92,155629150975,77946068.0,0.0,20240304
064240,2780,2780,2670,2680,107632,292567040,-3.6,93901872160,-63846615.0,-187190.0,20240304
039610,5650,5670,5590,5650,37422,210834580,0.36,58818760000,-28005870.0,-5640.0,20240304
126640,1601,1617,1594,1599,175232,280657886,-0.12,58161845313,-54366167.0,-69636031.0,20240304
127980,8480,8600,8400,8460,20945,177641360,-0.82,100172186640,-13731690.0,,20240304
061250,1665,1669,1615,1639,191720,314188263,-1.03,109047301814,-61272135.0,-223036.0,20240304
097870,7740,7840,7720,7790,36454,283185350,0.65,66137100000,25900400.0,13350.0,20240304
290270,4270,4325,4235,4285,30225,129218400,0.47,41168874520,-14215930.0,-894295.0,20240304
353190,1081,1145,1052,1120,703860,776795377,3.51,44103830400,55636693.0,,20240304
192410,684,695,656,677,802980,536210517,-0.44,29462054288,7991278.0,,20240304
090710,3005,3305,2850,3105,2495878,7734551850,3.67,219816282870,197551165.0,-11530.0,20240304
078590,1121,1126,1070,1096,716542,785959380,-1.26,59414531544,-16047652.0,,20240304
205470,1745,1750,1705,1710,1027023,1764662962,-1.95,221231265390,-345962172.0,8456449.0,20240304
115160,2965,2995,2960,2985,88315,263363875,0.34,131250820140,-12127490.0,-2985.0,20240304
028080,4085,4205,4045,4195,21362,88177090,2.69,52762637670,25920355.0,,20240304
200670,28450,29200,28100,28700,86170,2470072800,1.95,322298991000,-197423700.0,180613300.0,20240304
065510,14950,15150,14710,15060,87782,1313503420,0.8,182773747260,-98877840.0,156133340.0,20240304
215090,0,0,0,1505,0,0,0.0,120843123170,,,20240304
263920,1084,1098,1079,1083,111562,120792988,-0.91,53115880122,-32015907.0,,20240304
243070,36850,36850,36000,36150,17185,624021950,-0.55,433064889750,-314983150.0,111125300.0,20240304
084110,23200,23450,23100,23350,14653,340969450,0.86,294711838200,-3240100.0,18586850.0,20240304
145020,199800,219000,193400,202500,277773,56307460900,10.11,2432813130000,4904021900.0,-2653147400.0,20240304
024060,10250,10600,10180,10270,1084262,11213704100,2.6,154050000000,989493010.0,-2572380.0,20240304
010240,5780,5830,5720,5750,30151,174045710,-0.52,70855502000,12409820.0,-32695660.0,20240304
189980,2130,2170,2130,2145,84394,180742725,0.94,86095638915,21724570.0,-44254000.0,20240304
037440,6940,7010,6910,6940,72697,505221560,-0.57,96621976500,-51576840.0,,20240304
238490,6190,6290,6190,6250,20045,124956960,0.97,70701475000,-2905710.0,-130920.0,20240304
