code,open,high,low,close,volume,거래대금,등락률,시가총액,foreign_net,inst_net,date
060310,1908,1919,1875,1897,90961,172354536,-0.58,100652998880,-37235361.0,,20241224
054620,5490,5510,5430,5440,17643,96158460,-0.73,108224562240,-18031250.0,,20241224
265520,16260,16330,15960,16150,54585,879839790,-0.37,246794949150,-50056760.0,-13333620.0,20241224
211270,12700,12840,12340,12540,112925,1411346390,-2.03,189132092160,-607381290.0,489100.0,20241224
109960,584,600,507,510,1728943,924559724,-12.67,102402527190,22040884.0,2021959.0,20241224
139050,0,0,0,2805,0,0,0.0,24247965555,,,20241224
126600,2805,2900,2805,2860,62742,178759855,1.24,179513331140,51499790.0,5720.0,20241224
013720,829,864,805,820,134904,111771500,0.61,36595071520,-7995405.0,,20241224
083790,2490,2490,2400,2430,71509,174081545,-2.02,186852862260,2044445.0,,20241224
035760,59500,59600,56100,56300,117821,6732225300,-5.06,1234611370200,-525488400.0,-3686252100.0,20241224
311690,10140,10520,9950,10300,44372,448276780,1.78,93858770600,-20943820.0,-90.0,20241224
051500,18050,18320,17900,18060,31351,565473000,0.06,214400843160,113346500.0,116476990.0,20241224
058820,1759,1764,1739,1759,319765,559776990,-0.28,244311457196,41150452.0,712796.0,20241224
023460,0,0,0,109,0,0,0.0,4054800000,,,20241224
056730,698,700,668,673,90800,61158905,-3.58,49876828178,328486.0,,20241224
065770,1475,1593,1453,1557,393898,610852786,4.5,30223129410,10082875.0,,20241224
083660,1028,1079,1024,1060,10460,11096149,2.22,64922011860,-37248.0,,20241224
456440,0,0,0,2275,0,0,0.0,12091625000,,,20241224
477760,2020,2045,2020,2040,557,1134695,0.99,11913600000,-40.0,1018960.0,20241224
099520,0,0,0,1284,0,0,0.0,58141862016,,,20241224
060900,1021,1021,1006,1013,11842,11956167,-0.3,25586585977,-244748.0,,20241224
290120,2240,2255,2230,2250,2608,5847040,0.45,34909060500,-134145.0,0.0,20241224
025440,820,829,805,817,96011,77879332,-1.21,25148260008,6453185.0,,20241224
068790,6240,6330,6170,6290,86257,540616240,0.8,154564553690,-650060.0,-54476780.0,20241224
241520,2925,3020,2925,2945,81961,242713255,-0.17,80976088125,3611855.0,59809940.0,20241224
180400,1730,2010,1730,1868,6076785,11651254037,7.98,91941898976,-138072986.0,-1810583.0,20241224
245620,0,0,0,415,0,0,0.0,57474989665,,,20241224
037370,5690,5960,5690,5820,19633,114367850,2.28,50197337040,-1387190.0,,20241224
050120,1829,1833,1735,1813,13749,24899978,0.0,24591687918,15249.0,,20241224
214270,1873,1888,1835,1860,98433,183294689,-0.75,61845861180,-33539115.0,,20241224
130500,3010,3025,2890,2920,570423,1674496140,-4.26,42471551840,-41511755.0,25.0,20241224
900290,3160,3220,3105,3115,83236,261083645,-3.41,251847750000,17340555.0,-8015.0,20241224
083450,17000,17090,16270,16340,345578,5754075830,-2.74,304222368400,-878495520.0,-48466060.0,20241224
297890,2900,2950,2785,2800,382418,1082434225,-2.78,204794559200,-193726750.0,-9019155.0,20241224
440290,1651,1660,1638,1660,37447,61887588,0.55,44997636600,-6885555.0,-4963074.0,20241224
078150,2010,2060,1960,1964,658249,1307369519,-1.6,182094059024,-315736787.0,1411938.0,20241224
195940,36450,36500,35800,36350,68659,2486273300,0.69,1029791537850,677420700.0,-460884800.0,20241224
028300,68000,69800,66300,66700,867146,58297052800,-1.33,8763541781100,5402401300.0,-928041900.0,20241224
278650,1980,2025,1966,1971,165182,327245713,-0.45,170945990919,-31673848.0,,20241224
067630,9620,9760,9450,9450,270523,2581485060,-1.15,1121526708750,56767310.0,45339930.0,20241224
024850,2265,2330,2225,2230,409787,927860860,-0.45,321798194290,-38606090.0,-91512275.0,20241224
047920,21650,22400,21450,21550,183164,3991222250,-1.37,685613120700,418209200.0,-7660900.0,20241224
115450,10510,11100,10500,10750,958906,10375179360,2.28,861504279750,1238565380.0,149057570.0,20241224
046210,2685,2770,2650,2690,41582,111993080,0.19,114344682730,-26639970.0,,20241224
403870,27700,27800,26700,27100,445864,12094159500,0.37,2255125849600,-1875641400.0,-50773850.0,20241224
036640,4740,4790,4725,4765,18033,85758405,0.85,77930622000,-4688200.0,-15.0,20241224
439730,0,0,0,2150,0,0,0.0,9266500000,,,20241224
442770,2090,2110,2070,2090,91163,190239290,-0.71,8798900000,-805405.0,81883780.0,20241224
448760,2100,2130,2085,2105,42737,89537305,0.24,9325150000,-644320.0,-21337270.0,20241224
467930,2130,2130,2050,2055,23923,49204130,-1.2,8692650000,-851100.0,6053170.0,20241224
469480,2080,2080,2055,2060,9877,20366230,-0.96,8713800000,-395580.0,589120.0,20241224
095340,70500,72100,69900,72000,391385,27896407000,3.9,1526188176000,-4917748100.0,3010772900.0,20241224
950170,4050,4050,3955,3975,20122,79922445,-0.38,205691733300,6786640.0,0.0,20241224
067290,1601,1634,1584,1595,110406,177280844,0.38,81092195690,20579790.0,,20241224
035900,72000,72000,67900,68300,578963,40056247800,-3.8,2426869203600,-4230447500.0,-3231490000.0,20241224
318000,4635,4840,4605,4790,38162,180362465,3.34,41865668170,22712225.0,,20241224
024840,2015,2055,1979,1990,387033,773583788,-2.69,69469306010,-33971154.0,,20241224
024120,3165,3215,3165,3185,11882,37947925,-0.47,36627500000,2164815.0,15.0,20241224
455250,2030,2040,2020,2040,27490,55622650,0.49,8782200000,-304380.0,50679080.0,20241224
458320,2120,2165,2120,2150,70074,149446515,1.9,11835750000,-500320.0,,20241224
464680,1950,1950,1935,1936,56519,109380818,-0.1,24984080000,-381737.0,18354547.0,20241224
476470,0,0,0,2095,0,0,0.0,11532975000,,,20241224
478390,1999,2020,1998,1998,5273,10559092,-0.1,12427560000,-259876.0,7998450.0,20241224
486630,1993,2000,1982,1997,4652,9247847,0.2,10604070000,535755.0,-5690623.0,20241224
492220,1922,1926,1917,1923,71159,136741542,0.31,11941830000,1255545.0,62083206.0,20241224
021320,4185,4265,4175,4205,9570,40506130,0.48,89987000000,-819505.0,,20241224
036670,6840,6900,6830,6850,4851,33322800,-0.58,77199500000,-3672720.0,,20241224
044180,597,639,571,600,1209010,740263184,0.5,16030679400,-19257567.0,,20241224
046440,4870,4910,4840,4860,85745,418106555,-0.21,188692260480,-40380270.0,9978685.0,20241224
151860,4955,5090,4955,4995,80653,405099425,0.81,245269494990,105464320.0,4103535.0,20241224
035600,9550,9630,9490,9590,58239,556068810,0.52,267603522060,42823100.0,-17621650.0,20241224
226360,0,0,0,2555,0,0,0.0,60698450260,,,20241224
111870,0,0,0,8910,0,0,0.0,43928518590,,,20241224
060720,8490,8700,8430,8540,86416,739512240,0.23,202205354680,11654220.0,-42393660.0,20241224
058400,861,867,851,851,832204,714387713,-0.93,112697691720,,-14860.0,20241224
101000,2325,2325,2210,2290,105665,237468315,-0.43,70181929990,-45831495.0,,20241224
122450,3295,3355,3295,3350,97049,323751985,1.82,151875479400,24593955.0,0.0,20241224
052900,902,910,895,907,71209,64241493,0.67,49982517919,-3473211.0,-14026.0,20241224
376190,3800,4000,3780,3835,6036,23106325,0.66,94341000000,-2941130.0,,20241224
061970,3640,3675,3580,3605,45516,165233675,-0.96,157843454160,-23280780.0,14241895.0,20241224
309960,3190,3325,3190,3225,22045,71774490,-0.31,74875595775,14887900.0,,20241224
225190,2970,3015,2875,2900,2268543,6670095420,-2.36,147170476000,23778270.0,390570.0,20241224
060370,14720,15200,14520,14570,433263,6419527270,-1.42,475985202780,-294240960.0,88064170.0,20241224
417200,11240,11430,11120,11240,153901,1737464440,0.0,760415887160,-240547630.0,229067650.0,20241224
078020,4080,4080,3955,4000,19560,78081250,0.0,221924760000,-3494810.0,15.0,20241224
476080,16100,16130,15100,15100,432984,6725620630,-6.96,117553500000,252859240.0,-542050.0,20241224
086960,958,962,935,935,543973,513848462,-2.4,86788371780,10588856.0,3.0,20241224
038340,0,0,0,1233,0,0,0.0,39979891836,,,20241224
160550,2325,2370,2095,2175,394588,859943285,-5.02,60695780550,-267966405.0,-189057850.0,20241224
053290,3770,3820,3715,3715,41550,155959540,-2.37,61395230505,-9812540.0,-5.0,20241224
060250,8060,8060,7810,7810,165456,1303433860,-3.34,313654371910,-500201750.0,-17492000.0,20241224
104200,2915,3010,2870,2905,16478,47918560,0.17,43074032750,-3747665.0,0.0,20241224
222160,0,0,0,8040,0,0,0.0,79551289560,,,20241224
024940,8240,8390,7890,7890,742455,5981148330,-5.51,78900000000,81775870.0,0.0,20241224
218410,13160,13500,12780,13080,130495,1722846250,0.31,346416501360,27294350.0,-97042430.0,20241224
327260,4740,4820,4695,4725,12927,61137665,0.0,39847016475,2393910.0,,20241224
474610,4155,4205,4030,4035,104650,428701365,-2.18,50768624205,-17706750.0,,20241224
091340,2585,2620,2470,2550,68702,171857890,-1.35,29844488550,-5123535.0,,20241224
419530,13990,13990,13220,13230,197618,2658065490,-2.79,113658003900,-845333800.0,26249900.0,20241224
019550,778,785,765,775,462766,357025083,-0.39,125601595625,23403064.0,10075.0,20241224
950110,4975,4975,4970,4970,6775,33677510,-0.1,119541123800,-5973820.0,0.0,20241224
036120,2280,2350,2250,2310,112151,259046730,1.54,82005000000,-46175355.0,41819175.0,20241224
246960,8260,8590,8120,8280,16328,134142010,1.22,60306560280,-4827630.0,1702860.0,20241224
099220,1131,1142,1112,1119,381108,429198498,-0.97,62856256509,47521962.0,,20241224
036540,3220,3260,3145,3150,238209,760494545,-1.87,518049954450,10366385.0,-54125860.0,20241224
255220,3160,3180,2970,3010,4275962,12967313570,-4.9,291843230840,-292379245.0,-308729000.0,20241224
040610,1600,1612,1582,1609,16924,27115281,1.26,54846298364,-795336.0,35084.0,20241224
049470,293,304,293,295,120553,35847043,1.37,17364363455,2081984.0,-54535.0,20241224
184230,463,497,463,473,52634,24833031,1.07,29609403153,1578126.0,7482.0,20241224
016250,13370,13600,13260,13520,1498,20117920,1.12,43853269200,-1182440.0,,20241224
048550,1487,1507,1440,1465,179609,266709122,-1.48,141686918300,6143666.0,-45185958.0,20241224
063440,1295,1311,1282,1304,51642,66914538,-0.23,60022016816,302541.0,,20241224
067160,94000,94500,92100,92700,44792,4165798000,-0.43,1065564900900,984841200.0,-1375397300.0,20241224
289080,1323,1340,1311,1327,71253,94473923,-0.15,70641518000,13040981.0,6635.0,20241224
089230,906,923,885,906,33882,30716357,0.0,19825955418,-1362834.0,-1956031.0,20241224
032540,4860,4880,4800,4855,9138,44329950,-0.1,67637961695,-4034680.0,-26079225.0,20241224
022220,1085,1089,981,991,608960,626611381,-7.9,51328427789,-54940295.0,79638.0,20241224
048770,1921,1941,1907,1911,14916,28619500,-1.55,29998860801,65269.0,,20241224
246690,983,983,960,965,55860,53967369,-1.43,40026136830,-2084651.0,,20241224
317240,0,0,0,279,0,0,0.0,29920217238,,,20241224
057030,4360,4500,4285,4300,201700,883134975,-1.49,70144597100,15947005.0,,20241224
040300,3240,3270,3165,3165,447518,1431145800,-1.86,132930000000,-144119580.0,,20241224
051390,3730,3780,3730,3775,5831,21924895,1.48,42866514200,-126205.0,-3065.0,20241224
052220,3185,3310,3140,3220,751426,2412209395,0.78,74060000000,103062745.0,,20241224
079940,16200,16290,15930,16000,24897,400472670,-0.81,216570944000,144985350.0,18871530.0,20241224
078890,3050,3120,2995,3050,45450,137780915,-0.81,53478407200,-13325560.0,-71115650.0,20241224
399720,41950,43350,41000,41100,253754,10577541450,-0.12,476649852000,-294572500.0,324318800.0,20241224
036620,3025,3120,3000,3040,739455,2259736880,0.5,278112381440,208607305.0,322509955.0,20241224
198440,1219,1252,1219,1220,16543,20501181,-0.81,74336913120,549489.0,,20241224
217730,1983,2035,1973,1981,356998,711621802,-0.75,111043269169,95962786.0,,20241224
114190,10080,10230,9510,9530,299109,2938927230,-5.46,248952552140,-101450700.0,-27348790.0,20241224
094480,7850,7950,7640,7640,400966,3109031700,-3.54,299715962320,-494938910.0,,20241224
039240,5350,5490,5100,5140,3897098,20673427900,-2.47,138675164560,-503270630.0,-13893740.0,20241224
053950,751,759,730,751,288195,215729760,0.0,58688665858,2663262.0,,20241224
011040,6280,6300,6210,6290,20861,130721180,0.32,193535538140,-21533240.0,-13560.0,20241224
024910,1960,2010,1946,1960,120892,237572743,-1.01,70205249800,76137007.0,,20241224
049720,10220,10430,10200,10320,51094,527855480,0.98,147576000000,41071620.0,31188150.0,20241224
014570,4785,4790,4700,4710,5338,25201490,-1.26,51810000000,-2230270.0,-47650.0,20241224
348150,5230,5390,5230,5250,59362,314680960,-1.13,101712712500,29300340.0,-10084350.0,20241224
950190,9160,9260,9090,9140,8892,81529010,-0.22,124120212880,-13114960.0,,20241224
098460,8520,8530,8360,8400,203710,1717932390,-1.41,576699942000,-479850810.0,-8926190.0,20241224
035290,419,427,414,418,43816,18379061,0.48,19928768640,-1641405.0,,20241224
900280,0,0,0,97,0,0,0.0,19924215936,,,20241224
215000,71000,72200,70600,71400,13400,955664600,0.56,448064631000,63327200.0,-59068800.0,20241224
121440,3670,3670,3635,3665,32050,117095925,-0.14,156996937970,-41076280.0,418820.0,20241224
366030,3810,3865,3770,3770,19774,75326720,-1.05,85405014500,-6011355.0,,20241224
014200,0,0,0,30200,0,0,0.0,91311391200,,,20241224
029480,2645,2680,2580,2585,154380,402702110,-2.27,142198479555,30495320.0,,20241224
026910,2025,2090,2020,2085,5523,11323160,2.71,13355269425,-1798740.0,,20241224
440790,2110,2115,2080,2105,80705,168630720,-0.24,8525250000,-84365.0,97712725.0,20241224
456490,2075,2075,2065,2070,2859,5918235,-0.24,8694000000,255300.0,0.0,20241224
465320,2080,2085,2050,2085,7399,15222360,0.24,7943850000,-157510.0,11574285.0,20241224
482520,1986,1999,1985,1996,1833,3658198,-0.15,12175600000,-43694.0,-610787.0,20241224
489210,1968,1976,1967,1968,38094,75014537,0.15,10194240000,6061480.0,59863908.0,20241224
053270,2035,2175,2020,2045,94129,196519455,0.0,56054278225,-20818315.0,,20241224
066620,18090,18280,18030,18220,15993,291141870,0.72,136650000000,69569040.0,130.0,20241224
043650,4740,4770,4720,4745,22763,107987260,0.11,84737652480,11687805.0,-1968920.0,20241224
006050,1771,1787,1720,1750,1169243,2038620989,-2.23,61066675250,-8501074.0,,20241224
060480,1736,1770,1736,1748,5259,9187677,0.69,19385320000,-848326.0,,20241224
078130,0,0,0,800,0,0,0.0,901924696800,,,20241224
307750,3570,3825,3545,3550,97226,349341460,-1.53,174195904950,-42224995.0,0.0,20241224
035080,12210,12490,12210,12250,8848,108573980,-0.89,177962904000,47840.0,-1729250.0,20241224
453450,16870,17450,16750,17350,63279,1084258370,1.64,137806712500,127547170.0,-6047910.0,20241224
204020,2950,2985,2910,2920,31860,93750820,-1.02,58830495600,-14188040.0,29511500.0,20241224
402490,18830,19650,18650,18670,740479,14145636110,-2.56,154325174480,-120159310.0,5144120.0,20241224
114450,1681,1695,1619,1689,22484,37553365,0.48,33780000000,1803743.0,-2.0,20241224
186230,7940,7940,7680,7850,28408,221387560,1.55,84938475800,9982970.0,10.0,20241224
900070,413,420,400,419,15208,6248751,1.95,22518722592,-307259.0,,20241224
204620,3845,3875,3705,3730,470519,1762785965,-2.99,227962810550,-67725845.0,-242156140.0,20241224
019660,606,628,601,619,133056,81298495,1.48,21535471774,28420320.0,,20241224
053260,3970,4005,3970,3980,9044,35969655,-0.62,74505600000,-1574185.0,4554695.0,20241224
282720,9530,9630,9290,9370,64546,608889930,-1.68,113559715000,19032790.0,-730760.0,20241224
036190,25100,25550,25100,25350,4417,111792500,0.4,152100000000,-18930750.0,25350.0,20241224
049080,551,585,550,554,93126,51821222,-0.72,47025374238,-1772696.0,-24930.0,20241224
420770,25950,26650,25400,25750,36095,934260050,-0.77,326400768500,26633750.0,-68262050.0,20241224
035460,1746,1810,1746,1784,18749,33101975,1.77,26005974560,-201473.0,,20241224
308100,2960,2995,2915,2985,3642,10742355,1.19,19774828005,-4706365.0,-23715.0,20241224
407400,8240,8370,8190,8220,84902,701858950,-0.84,100772876280,-18668380.0,,20241224
187790,0,0,0,1025,0,0,0.0,31611850750,,,20241224
286750,2055,2075,1999,2015,122358,247638579,-2.89,43349821385,-8768209.0,,20241224
121600,62500,64300,61500,62000,36510,2290397500,-0.8,756156836000,167573800.0,-271602500.0,20241224
247660,6590,6680,6420,6640,11950,78279520,1.68,28843628800,-787120.0,,20241224
039860,3355,3370,3300,3300,84082,279504120,-1.79,105963270600,-30508970.0,5.0,20241224
091970,692,692,649,681,55043,37104266,-1.59,25481312733,9988.0,,20241224
417010,7490,7650,7210,7210,96151,709905350,-4.25,142212404880,-72698040.0,-21630.0,20241224
405920,3235,3235,3145,3145,8216,26173005,-1.26,40501549020,5526325.0,-632680.0,20241224
051490,3790,3845,3785,3805,11905,45240685,0.4,54031000000,-5423420.0,25.0,20241224
137080,4470,4910,4470,4800,118188,560652525,7.38,53085225600,-2065735.0,-10.0,20241224
190510,13500,13550,13250,13400,31000,415985840,-0.67,217942745600,-57953890.0,66285420.0,20241224
242040,1479,1510,1449,1451,48838,71567757,-2.22,50213689064,-4163969.0,-30471.0,20241224
089600,15090,15090,14790,14950,75801,1129417020,-0.99,172944036850,-46626720.0,-848590.0,20241224
293580,1301,1323,1232,1234,3269057,4169019272,-5.87,117143558300,-108770426.0,4936.0,20241224
138610,16330,17140,16290,16320,222957,3734701800,0.0,177775669440,178002400.0,-950410.0,20241224
130580,4835,4900,4835,4880,2077,10099975,0.62,75152000000,-3752505.0,20.0,20241224
036800,18430,18520,18050,18310,1483,27098850,-0.05,183100000000,658260.0,-7793730.0,20241224
267320,1925,1971,1925,1925,55633,108080087,0.0,84053400200,1680281.0,93383.0,20241224
111710,5490,5490,5330,5400,2780,14921470,-0.55,111175200000,-247150.0,,20241224
091590,4285,4370,4220,4260,25411,108433650,-1.62,50012400000,-13045750.0,,20241224
168330,1431,1453,1422,1426,17373,24788055,-0.83,45282487400,-2236313.0,427601.0,20241224
094860,1066,1074,1044,1045,92247,97273598,-2.97,22362549605,-8570802.0,1065788.0,20241224
253590,9460,9490,9090,9110,326291,3010054250,-2.15,399648084040,-478558200.0,-41480780.0,20241224
212560,7460,7590,7350,7350,30007,223900450,-1.34,57880978050,-3145270.0,1015770.0,20241224
095660,19790,19970,19680,19810,33762,669716250,0.05,432983524960,20866620.0,20236110.0,20241224
042420,18360,18600,17510,18220,9050,165292980,-0.76,161372098520,-11525340.0,106370.0,20241224
950220,1155,1165,1105,1130,153294,173080575,-0.96,111720235450,-17586824.0,,20241224
311390,5440,5540,5290,5290,20463,110797950,-4.51,66938543810,-10379860.0,-27430.0,20241224
085910,3270,3330,3270,3315,37153,122936170,1.53,46193921670,833475.0,0.0,20241224
092730,12140,12420,12010,12310,71978,881296730,1.15,197304544590,3461180.0,1282870.0,20241224
290660,887,895,873,892,57307,50736550,0.56,41104607908,-148567.0,,20241224
306620,2590,2835,2585,2690,6451094,17584674195,5.08,115909189420,169218950.0,455787655.0,20241224
153460,6660,6840,6470,6730,460,3032280,0.9,43946994220,-194940.0,,20241224
007390,20450,20950,19350,20300,986964,19811566690,1.0,1306450266800,216270480.0,315689620.0,20241224
033640,6860,7090,6680,6680,36034,247671160,-3.19,154035469360,-21521120.0,-22225410.0,20241224
330860,10890,11380,10650,10710,27848,302072490,-1.65,130491121950,-23245130.0,543340.0,20241224
089140,3025,3025,2835,2840,77967,224893405,-4.86,34564546600,-21196885.0,,20241224
389650,43850,44950,43150,44000,225667,9967634200,-0.23,355814184000,628193850.0,947404800.0,20241224
137940,560,585,544,554,2011086,1126004437,-1.95,43389829568,-23012035.0,-27587986.0,20241224
396270,13640,14100,13460,13810,587010,8092770670,2.3,249808261400,118888770.0,17272280.0,20241224
348210,54000,54000,51700,53200,27678,1463046900,0.38,555261700000,-200555200.0,68637800.0,20241224
225570,13570,13790,13460,13560,139564,1900316780,0.15,893063959440,96584440.0,-130077950.0,20241224
217270,4975,4975,4850,4960,109247,534992065,0.61,231513704000,-72045565.0,-36477990.0,20241224
104620,4750,4845,4745,4745,20735,99110015,-0.11,75170887870,-6799715.0,,20241224
473980,22450,23050,21800,22400,194721,4378063500,0.45,241732220800,370876850.0,283477000.0,20241224
194700,7470,7620,7420,7530,57239,431419090,0.53,141224005440,112030110.0,-26520690.0,20241224
285490,15500,15680,15230,15230,43253,665049220,-2.93,161069906130,-134242400.0,46940.0,20241224
145170,8270,8370,7980,7990,214677,1738007650,-3.39,70550373660,-48228930.0,,20241224
106520,0,0,0,411,0,0,0.0,15904036272,,,20241224
376930,2845,2900,2740,2850,1350612,3819089265,3.07,105299121000,-223814405.0,,20241224
142280,3650,3720,3580,3635,33702,121964795,-1.36,79031901010,-5354660.0,100195.0,20241224
234690,10520,10760,10250,10250,76391,794233960,-4.21,181960829000,-143745190.0,24647280.0,20241224
054050,7210,7270,7200,7240,17883,129204650,0.56,116061261640,-7932510.0,-36042880.0,20241224
069140,1325,1698,1289,1574,1903388,2824348680,18.79,20623717482,-7175657.0,-13316335.0,20241224
040160,2805,2835,2760,2790,7628,21247360,0.18,33634942650,-2891605.0,,20241224
332290,1011,1020,999,999,6261,6275489,-1.19,33351418197,133653.0,,20241224
348340,23000,27600,22800,26450,1928404,50960639500,16.01,280407559000,1639887300.0,2692360250.0,20241224
060260,1219,1220,1144,1156,397087,463932017,-4.54,15619882404,-103812978.0,,20241224
123840,1745,1833,1710,1710,25862,44852393,-2.01,49995287100,-4884296.0,,20241224
012340,494,494,485,488,56493,27519081,-1.01,24842695056,-337850.0,,20241224
270870,5910,6040,5900,5910,12804,75906660,-0.67,54373323840,-7352540.0,,20241224
144960,4555,4740,4520,4615,149796,698859190,1.1,201641459760,-49835940.0,4105840.0,20241224
085670,5510,5690,5400,5570,756035,4194891760,2.58,136190738770,-910140380.0,282828020.0,20241224
064260,2865,2920,2865,2885,125661,363167350,-0.17,198917980400,-4135015.0,-76150.0,20241224
340360,2050,2115,2000,2000,819429,1674279020,-4.53,86776424000,-206666910.0,-125820.0,20241224
039560,3520,3520,3430,3460,235256,813881425,-0.43,136690694260,3840165.0,-76045.0,20241224
154040,1105,1113,1083,1088,21697,23786841,-1.54,19529702272,-1687522.0,,20241224
032190,10600,10670,10550,10650,42472,450256130,0.47,407895000000,63882570.0,-3227090.0,20241224
323350,4950,5080,4890,5010,8030,40009950,1.21,40133967720,-903190.0,,20241224
068240,9350,9560,9240,9240,108958,1021117970,-0.86,352630157880,168444130.0,-66500970.0,20241224
464580,5900,5900,5650,5700,189717,1091606560,-3.06,52143303600,-4478500.0,-80760.0,20241224
020400,6640,6910,6510,6550,16727,110973240,-2.24,20889037300,-13321850.0,,20241224
008830,13980,14000,13170,13510,637448,8617681830,-2.53,121421395200,165895340.0,-440.0,20241224
048470,3295,3325,3200,3290,20688,67352205,0.0,32900000000,1909105.0,35.0,20241224
004780,4080,4085,4035,4055,34252,138884310,-0.61,64487471945,6640025.0,-340.0,20241224
017650,6720,6720,6660,6700,278,1858660,0.3,60300000000,-60330.0,-616510.0,20241224
007720,872,891,855,855,419220,364032397,-2.73,86184384750,-68867886.0,-183266.0,20241224
389260,11980,12480,11960,11960,24427,296928210,-0.33,203918000000,39823730.0,-742670.0,20241224
317850,8900,9030,8860,8980,42097,375988080,0.34,74753291600,86787560.0,60.0,20241224
290670,15000,15930,14910,15330,42741,657813450,2.2,120457927800,-113389690.0,-30.0,20241224
078140,13790,13890,13480,13480,70191,958559340,-1.96,149447084920,91113120.0,,20241224
065150,0,0,0,145,0,0,0.0,18165948725,,,20241224
036480,9220,9220,9100,9130,4899,44712320,-0.44,34694000000,17826520.0,,20241224
027830,1866,1893,1839,1853,1054419,1969199852,-0.7,100062000000,-101596673.0,5559.0,20241224
104040,870,879,859,861,15965,13881829,-1.6,40660713807,-1598959.0,,20241224
129920,3350,3405,3305,3385,11782,39352120,0.15,46425454405,12862555.0,,20241224
442310,2085,2100,2080,2080,22658,47279135,-0.95,13956800000,-630795.0,-1848825.0,20241224
457390,2220,2220,2190,2205,106496,234389740,-0.68,15512175000,-2101955.0,50168000.0,20241224
457630,0,0,0,2095,0,0,0.0,15314450000,,,20241224
471050,2040,2065,2025,2050,26292,53405675,0.0,12423000000,-116150.0,-10122205.0,20241224
478780,2015,2020,1990,1993,13200,26378272,-1.09,15764630000,-166527.0,-1028453.0,20241224
482690,1998,1999,1991,1997,30608,61086704,0.0,11213155000,-612040.0,22819842.0,20241224
020180,1151,1151,1050,1063,3604291,3930467121,-9.84,40849936645,85743503.0,,20241224
045390,3040,3055,3000,3025,402367,1216578110,-0.98,213181965425,134040110.0,,20241224
108380,12760,12900,12550,12740,19919,253682910,-0.16,121887822420,20475180.0,-14184740.0,20241224
007680,4200,4215,4155,4180,613,2564555,0.72,56206261320,82950.0,,20241224
048910,7880,7980,7800,7820,11187,88221240,-0.51,98367357720,-6355040.0,-1949440.0,20241224
005710,6030,6060,5970,6020,12715,76416270,-0.17,120626352000,-529030.0,-12804460.0,20241224
290380,0,0,0,2300,0,0,0.0,56841307600,,,20241224
120240,13200,13370,13190,13370,7187,95452040,1.29,96135527670,-5861270.0,80.0,20241224
003310,1458,1469,1442,1452,40423,58667487,-0.41,51389692200,-5166668.0,,20241224
078600,79700,81400,77100,77200,90592,7146041000,-2.28,1195101779600,-785378400.0,-811495500.0,20241224
096350,322,322,315,316,191976,60760531,0.0,51748478844,-3956468.0,,20241224
140520,2115,2115,2050,2085,45797,95070685,-1.42,44012771655,398300.0,,20241224
131220,4610,4660,4600,4620,15668,72543160,0.22,34439743800,5964450.0,-3080490.0,20241224
010170,844,859,830,830,164127,137531861,-1.43,61844267780,-5602307.0,-35690.0,20241224
054670,7040,7090,6980,7050,16210,113691270,0.14,101202186000,-10830460.0,-28270.0,20241224
023910,26800,26950,26550,26900,6494,174276000,0.19,161400000000,-9570850.0,109296500.0,20241224
021040,908,939,907,915,62226,57194647,0.88,19859868210,3361732.0,,20241224
021045,2780,2840,2780,2840,16,44990,0.35,2409717280,,,20241224
067080,11650,11900,11430,11500,152420,1758302300,-1.71,214091475000,283967730.0,4100720.0,20241224
298540,9410,9720,9400,9480,29434,281945610,0.64,139980314880,120179520.0,410370.0,20241224
032860,1273,1330,1241,1252,103418,130836286,-3.02,50575620476,-18524078.0,,20241224
393890,11820,12240,11620,11620,127888,1515958840,-1.69,393257333280,-82814230.0,-27811900.0,20241224
299170,1284,1299,1284,1293,18086,23358318,0.7,38826156159,-2815136.0,,20241224
224060,4200,4270,4080,4130,7413,30974845,-2.59,21313781860,-1556795.0,,20241224
043090,263,265,255,256,365392,94484225,-2.66,19074470400,-8489515.0,,20241224
213420,28650,30000,28650,29000,192937,5665320600,1.22,720104191000,-1393926350.0,1211022700.0,20241224
317330,31600,31800,30450,30650,128317,3980572250,-1.45,627607299600,190889300.0,-44967550.0,20241224
077360,3920,3950,3785,3830,58425,224684530,-2.3,174023717660,3957115.0,-182210.0,20241224
090410,1598,1610,1575,1584,74725,118808555,-0.88,72997206480,-36426122.0,,20241224
263600,4830,4920,4800,4895,14472,70576910,0.41,77978867450,11464405.0,40.0,20241224
194480,28600,29250,28400,28600,35108,1010282550,0.0,344362590000,-92044600.0,-24818600.0,20241224
263800,4485,4540,4405,4405,26737,118755015,-2.76,71446368900,-35552165.0,,20241224
206560,8580,10330,8050,10190,7643940,74945190960,17.67,258945589840,-144709140.0,-2562210.0,20241224
261200,6130,6130,5960,6030,9801,58988920,-1.47,95332491000,4312940.0,,20241224
067990,4995,5010,4945,4995,69633,346715005,1.01,150756842250,29107350.0,1371470.0,20241224
006620,4820,4890,4815,4850,44882,217835925,0.1,138055211200,72506220.0,-7711255.0,20241224
100130,2435,2445,2370,2390,39281,94286110,-1.85,136571770000,-18399845.0,-70290.0,20241224
005160,4670,4680,4540,4540,56179,258037375,-1.84,246269948280,-7212960.0,18160.0,20241224
075970,2545,2610,2545,2590,52694,136498280,1.97,47656000000,-3576115.0,,20241224
086450,16300,16730,16300,16710,72544,1204174250,2.26,742926600000,98256470.0,424930180.0,20241224
099410,3220,3290,3090,3130,81809,256469180,-0.63,43820000000,18158120.0,-1088780.0,20241224
033500,15400,16090,15060,15270,706316,10987855040,1.13,457939573380,-1008453070.0,357283110.0,20241224
025950,43400,47200,43350,44650,418091,18967576850,-0.78,375060000000,-209905750.0,50.0,20241224
088130,3805,3870,3765,3825,84380,321236810,-0.13,66881326050,48608380.0,25476335.0,20241224
041930,5580,5700,5490,5490,17422,96842070,-1.26,86742000000,-24353980.0,-27290.0,20241224
060380,1423,1430,1412,1428,9034,12848508,0.35,28131600000,-213258.0,,20241224
079960,18130,18210,18000,18100,6811,123040950,-0.17,142266000000,-9263610.0,-7310050.0,20241224
228340,1812,1812,1700,1808,3712,6632112,0.17,36160000000,0.0,,20241224
088910,1941,1946,1929,1940,18111,35034389,-0.05,50113622160,-428571.0,14489.0,20241224
094170,21100,22000,21100,21300,368164,7951049750,1.43,406131530400,879688450.0,-42850.0,20241224
013120,2425,2440,2395,2435,29996,72633590,0.41,221117723500,-11988265.0,-7196465.0,20241224
109860,7920,8100,7920,8090,3272,26137400,2.28,73619000000,-262050.0,,20241224
032960,10250,10490,10250,10430,1836,19113420,1.16,41577348890,-358080.0,-647900.0,20241224
023790,1020,1031,1018,1029,6400,6537496,0.88,21445733715,-11066.0,,20241224
005290,21850,22100,21450,21800,256943,5596858600,1.16,1120835969200,521363300.0,55135650.0,20241224
025900,8500,8900,8410,8410,74221,640032780,-1.64,425186766850,33212530.0,-16235630.0,20241224
131970,26550,26950,25950,26300,46695,1228341950,-0.94,508306359400,43435850.0,-231765350.0,20241224
073190,1959,1975,1928,1929,6979,13565802,-1.38,23086349160,-4582619.0,2471809.0,20241224
176750,8260,8410,7760,7940,820647,6604283460,-4.34,225934446800,-62405470.0,58035280.0,20241224
030350,1349,1371,1314,1335,68262,91540982,-1.11,18526854990,699546.0,,20241224
203650,3480,3525,3390,3390,590247,2039457175,-2.73,171553506060,-88105205.0,,20241224
223250,2980,2990,2900,2940,84530,248294055,-1.34,69970012560,-42833090.0,35890.0,20241224
060570,1658,1685,1653,1674,51608,86026117,-0.06,126590513202,14062207.0,2780453.0,20241224
362990,1900,1910,1856,1877,19467,36424605,-1.21,31534677398,-7765223.0,,20241224
217620,0,0,0,3810,0,0,0.0,26803681470,,,20241224
016670,3495,3530,3425,3425,7845,27327700,-2.0,16925822550,-3887665.0,887310.0,20241224
187870,12230,12370,12100,12190,6742,82619220,-0.33,85776263710,5025880.0,24680930.0,20241224
489730,1937,1946,1933,1937,30222,58612236,0.0,12265084000,-12845892.0,38228320.0,20241224
110990,13180,13380,12710,12900,59772,773260480,-1.3,243810000000,-201700220.0,29295710.0,20241224
263690,5660,5720,5660,5710,1236,7031090,1.06,64669233100,-1320550.0,,20241224
214680,2290,2310,2250,2250,301512,684414585,-1.75,166520821500,112931840.0,,20241224
347850,50700,53500,48800,49200,410938,21007112550,-1.2,519948994800,-1084382650.0,-6181150.0,20241224
263720,21100,21450,20200,20250,28124,577639650,-4.03,253620578250,-37720900.0,-116635650.0,20241224
376300,36650,36950,34250,34900,230866,8121727750,-4.77,828470369400,1033835100.0,-2884385100.0,20241224
109740,4620,4620,4470,4470,4459,20247485,-3.25,114925443300,-11421915.0,,20241224
196490,0,0,0,203,0,0,0.0,36245520080,,,20241224
066900,2300,2385,2300,2355,28100,66072810,1.51,53563304565,567320.0,-2220175.0,20241224
127120,5090,5290,5050,5160,407213,2101436350,1.38,116016629880,200410220.0,,20241224
092070,8780,8880,8520,8650,21931,192080100,-0.12,100096571700,-23153030.0,71094540.0,20241224
039840,16200,16360,16130,16310,11947,193694800,0.0,244352424050,-35098800.0,-1757880.0,20241224
219550,409,410,389,399,1177742,470759836,-2.44,40360178670,2480417.0,,20241224
310870,1535,1575,1518,1575,72217,112377075,2.61,32582451825,1026512.0,,20241224
104460,12510,12780,12370,12520,24448,305483840,0.24,134134585000,-86137900.0,522200.0,20241224
079810,5380,5400,5140,5140,61663,322642640,-3.02,113224403160,-50283870.0,78230.0,20241224
113810,1710,1914,1583,1585,11618452,20309842447,-13.01,51715460835,-50709651.0,,20241224
043360,2060,2100,2005,2050,16435,33695380,-0.49,18450000000,-4136750.0,,20241224
197140,2355,2365,2310,2355,8671,20288685,0.0,30645977670,-787745.0,,20241224
068930,7520,7570,7410,7440,27432,204835210,-1.06,205904544480,39337220.0,-2255460.0,20241224
033130,1737,1741,1705,1714,235413,404695429,-1.95,63615567638,-59752065.0,,20241224
105740,7480,7750,7480,7640,64521,489350280,1.73,77687439320,106981400.0,148589590.0,20241224
263020,3090,3100,3025,3045,85905,261955005,-0.65,44151985395,-45281360.0,909600.0,20241224
290550,7790,8240,7780,7950,69472,555808750,2.19,159009778500,-77977860.0,-555460.0,20241224
066670,2925,2945,2860,2885,15559,44770180,-1.87,53926183430,3264305.0,15.0,20241224
187220,3405,3560,3365,3430,370112,1280098630,2.08,40124212030,-174276000.0,,20241224
383930,5430,5960,5340,5650,385600,2160963900,5.02,72153392800,418734660.0,,20241224
131180,854,863,853,859,17352,14880811,-0.46,25211650000,-136681.0,,20241224
315640,5540,5650,5430,5460,124839,686871610,-1.44,122420123280,-93587040.0,767790.0,20241224
223310,2165,2300,2110,2110,113228,247356055,-5.59,48191081250,-8447240.0,,20241224
317120,2995,3030,2930,2980,6736,19948145,-0.5,28786800000,-7688720.0,,20241224
462510,8480,8790,8480,8610,32202,276955000,0.58,74482828350,104522840.0,-3717020.0,20241224
042510,2055,2055,2000,2020,198974,402595925,-0.98,113172259420,-10951880.0,-137360.0,20241224
232680,6320,6700,6320,6400,11596,73948670,0.47,80219097600,-5209420.0,,20241224
418420,3700,3970,3520,3570,199599,740973195,-3.51,107487105810,-127621005.0,-157080.0,20241224
300120,3930,5100,3910,4210,6771073,31575073850,7.26,87820650520,-444300350.0,65.0,20241224
171120,3095,3130,3055,3080,243287,754006285,1.32,110577420800,-135678995.0,,20241224
388790,3100,3140,3040,3050,318199,978462360,-2.09,91237486500,-83384040.0,,20241224
347700,4700,4720,4500,4630,183913,844410045,-1.49,94368720190,-41547615.0,-94261760.0,20241224
214260,14800,15400,14540,15390,35510,531318180,4.62,137316705570,63210230.0,,20241224
171010,3010,3055,3005,3025,16288,49290075,0.5,43253724800,-3512970.0,20.0,20241224
084650,2460,2470,2415,2435,487764,1189312700,-0.81,180774375650,44244340.0,38980.0,20241224
217500,1470,1508,1470,1497,13076,19434311,0.27,47622564000,-436005.0,,20241224
038390,8850,8890,8760,8850,11440,100958220,0.45,147979274700,9756790.0,-502770.0,20241224
294140,2955,3055,2950,2990,33005,98586790,-0.33,62790000000,-32708670.0,,20241224
443250,12480,12520,11840,12360,55501,671046580,-0.88,137321960760,-101417090.0,-10990320.0,20241224
228670,6060,6140,5830,5920,94800,561669450,-3.27,91837273760,-125815680.0,-147479380.0,20241224
228850,6200,6220,6140,6200,7837,48261850,0.32,102864286800,1593700.0,,20241224
412350,3955,4045,3765,3880,94264,363221505,-1.27,33860651360,-36500620.0,,20241224
199550,5350,5640,5350,5490,41627,229517440,2.81,64111929030,-3618120.0,-10860000.0,20241224
281740,12100,12810,11540,11570,509162,6211631990,-2.53,760502440360,-867760250.0,-59254130.0,20241224
277810,135700,148700,134500,145700,525056,75824554500,8.09,2826559310600,14520468300.0,8622978900.0,20241224
215100,3615,3760,3575,3680,186120,687677810,1.66,74882310720,-32035670.0,55.0,20241224
090360,20150,21100,20000,20550,75967,1571174800,2.49,200362500000,142979350.0,52469550.0,20241224
108490,20650,21450,20300,20700,354554,7394537850,2.48,270352039500,151534000.0,58454650.0,20241224
900260,575,580,565,576,14808,8466511,0.0,20754021888,-179478.0,,20241224
067730,2815,2815,2775,2815,13890,38765090,0.0,27232090430,4213965.0,,20241224
071280,18590,18590,17770,17770,31430,568259250,-4.41,271820635310,-61099730.0,54089190.0,20241224
328130,62200,65600,61300,62700,1549315,98129543600,0.8,1814719830000,-7119613000.0,-337369600.0,20241224
038060,1050,1086,1050,1084,35256,37649052,3.24,52143726796,-4070571.0,,20241224
474170,10010,10010,9620,9750,960026,9389565110,-3.47,172845036000,-498162160.0,3485730.0,20241224
141080,98700,104700,96500,103300,841696,85010962100,6.17,3781847915400,3380570000.0,11001263200.0,20241224
058470,195300,202500,194400,200000,111132,22080537300,2.88,3048474000000,3325726300.0,1005870900.0,20241224
016100,2500,2595,2405,2500,22696,55873935,0.0,47752235000,-7209710.0,,20241224
012700,4240,4240,4200,4220,27071,114034205,-0.47,111602689700,1867930.0,3690860.0,20241224
302550,3800,3800,3670,3770,108349,401769110,0.8,115505561600,73294475.0,,20241224
073570,1505,1548,1474,1474,205738,306776662,-2.32,53343318578,-42875243.0,,20241224
377450,11650,12320,11650,12180,83832,1015972180,4.55,211079400000,-13367830.0,57474070.0,20241224
277070,4245,4245,4060,4160,33334,137984235,-1.65,56958720000,-18342535.0,,20241224
042500,5120,5240,5060,5160,102711,530364180,2.58,98401891440,-38688970.0,-1453660.0,20241224
193250,508,513,471,478,744095,360650698,-5.91,30268574206,-86788851.0,,20241224
219420,5370,6590,5350,5530,8408917,51231848920,2.98,63426373710,-241093980.0,,20241224
439090,15120,15390,14960,14960,105432,1598956490,-0.47,245018769600,126898930.0,13187060.0,20241224
195500,2760,2840,2760,2780,36177,100749955,-1.24,44418840000,15176770.0,,20241224
377480,16650,16650,15500,15780,283641,4520916660,-1.8,98455301880,-747077260.0,-1304820.0,20241224
305090,10580,10650,9930,10200,259975,2651402490,-3.59,169704132000,417806050.0,28203240.0,20241224
098120,5240,5320,5090,5160,12272,63551410,-1.53,42893872560,-8140380.0,,20241224
424980,6470,6470,6020,6230,29866,187555700,2.64,36874684700,-44149370.0,,20241224
038290,16690,16690,16360,16500,12786,210866270,0.0,178883100000,-2231240.0,316060.0,20241224
267980,36200,36500,35700,35700,9995,360405700,-1.38,280017876600,38778600.0,-55434200.0,20241224
005990,8580,8580,8500,8550,3920,33491240,0.35,117291499200,-230060.0,17098690.0,20241224
093520,8550,8570,8000,8320,54913,461275020,-1.89,134476925440,-4345260.0,2513840.0,20241224
377030,1431,1443,1300,1301,870531,1155023728,-8.06,39382417482,-337655107.0,-61147.0,20241224
100590,3595,4680,3570,4210,11332734,49391962840,16.94,66644396830,-193647990.0,-21050.0,20241224
067280,30250,30350,29600,30250,2366,71172600,0.0,179285064750,-16227650.0,60650.0,20241224
072870,11570,11700,11570,11700,25118,292462410,1.21,139475220300,14860600.0,11510.0,20241224
215200,43700,45150,43550,44900,39756,1776596850,2.98,514641779500,-74551800.0,64460150.0,20241224
133750,2155,2160,2100,2110,59894,127373440,-2.31,49388932470,-41787845.0,,20241224
446540,3090,3150,3040,3055,48068,147657105,-3.02,63455405000,-1148870.0,-2070785.0,20241224
235980,4435,4580,4345,4410,111030,491086925,-1.56,148090864950,84007710.0,1359105.0,20241224
041920,4945,4945,4840,4885,20784,101193100,-1.21,90852319355,-5569710.0,,20241224
014100,2740,2820,2620,2710,65378,174449560,-1.09,31978000000,-12337060.0,,20241224
054180,326,329,316,320,258122,82894756,-1.54,18841050560,-4242852.0,,20241224
086900,126100,126900,124500,125600,15322,1922183800,-0.4,916691223200,48073800.0,-12239300.0,20241224
078160,12420,12500,11650,11660,323838,3872732920,-5.28,398979373100,539425620.0,-539473490.0,20241224
408920,2035,2055,2005,2050,7129,14463495,-0.24,88626532750,-1444920.0,-119445.0,20241224
021880,296,302,292,292,178009,52582811,-2.34,44437847136,-1863651.0,3083724.0,20241224
140410,32300,32600,31400,31800,63399,2031630650,-0.78,952834116600,-267643000.0,-31936150.0,20241224
241770,8050,9190,8040,8400,185228,1583335700,4.61,85618176000,10101430.0,-140490.0,20241224
059210,3640,3745,3640,3700,150783,558124875,1.65,88290698700,27293410.0,0.0,20241224
058110,2040,2060,1982,1995,24458,49074718,-2.21,32020807350,-1280902.0,0.0,20241224
434480,3460,3490,3380,3380,45411,155541865,-2.31,41416154000,-4047350.0,,20241224
080420,1999,2030,1999,2005,25399,50981321,-0.5,159841852110,251660.0,4759120.0,20241224
417970,9080,9170,8820,8820,38512,346671840,-3.18,56418894000,32755630.0,-20.0,20241224
080160,10040,10090,9960,9990,27576,275805720,-0.3,188811000000,-98529650.0,8637140.0,20241224
087260,2050,2080,2005,2005,66435,134961855,-2.43,65268486305,-25724030.0,,20241224
101330,2725,2785,2715,2745,25037,68597170,-0.18,63538594605,-9191115.0,0.0,20241224
012860,1399,1408,1367,1381,105713,146452500,-0.79,101135404117,-10497139.0,,20241224
363260,1836,1980,1708,1708,4653797,8686931343,-6.72,54935717452,-475568256.0,,20241224
348030,5330,5330,4960,5140,9547,49261250,-2.84,49363532000,3821110.0,20.0,20241224
250060,2820,2825,2740,2740,246453,681331690,-1.62,88149400360,-75021230.0,,20241224
288980,1265,1293,1262,1264,90282,114971747,0.64,43679494368,15902612.0,,20241224
142760,1209,1240,1208,1210,29706,36623740,0.17,45659121310,-6204500.0,,20241224
033200,2930,2985,2905,2975,732,2142740,1.02,42635275375,0.0,45.0,20241224
333050,1265,1285,1258,1279,95356,121333149,1.75,31283477954,3656014.0,,20241224
118990,9670,9750,9530,9530,77409,741627440,-1.45,236934764700,16593750.0,-26066470.0,20241224
006920,3070,3145,3000,3090,22221,69099380,-0.48,33742800000,-4415290.0,37960835.0,20241224
001810,1584,1615,1580,1609,30987,49327532,0.56,35619237500,-1484744.0,,20241224
279600,0,0,0,11300,0,0,0.0,52938025300,,,20241224
095500,8030,8150,7860,7910,76522,611289240,-1.25,245289092090,-109986250.0,-56669290.0,20241224
254490,11560,11650,11180,11240,25033,284105200,-2.18,162283120000,-64580050.0,,20241224
218150,3900,3930,3885,3915,41247,161113675,0.38,79927864830,30049620.0,5.0,20241224
442900,9970,9980,9940,9940,28588,284393420,-0.3,76339200000,-626740.0,-34660780.0,20241224
100790,4790,5260,4660,4790,2973044,14876954355,0.52,254466996860,-615595915.0,3739590.0,20241224
412930,2485,2675,2460,2640,198895,517228455,7.32,16304640000,73466400.0,-80090080.0,20241224
446190,0,0,0,2155,0,0,0.0,10667250000,,,20241224
448830,2100,2100,2095,2100,15277,32024925,0.48,10332000000,-81720.0,233220.0,20241224
477380,1960,2000,1951,1956,20393,40039667,-0.71,15843600000,963746.0,-2746480.0,20241224
477470,2015,2020,1998,2020,9677,19376853,0.25,11069600000,-2013.0,-7538307.0,20241224
478440,1985,1989,1970,1985,784,1555017,-0.2,13756050000,-11840.0,9925.0,20241224
482680,1969,1969,1948,1956,3331,6498591,-0.05,16068540000,-21545.0,309146.0,20241224
049950,18950,19210,18210,18280,39689,738043270,-2.45,161190919520,-183927200.0,421420.0,20241224
207760,1175,1184,1152,1154,57773,67555654,-1.79,95874069582,-25907398.0,1385596.0,20241224
059090,8160,8200,7890,7940,118691,947888070,-1.85,265329217320,-21970650.0,-10651200.0,20241224
214610,1430,1439,1388,1396,700360,984055181,-2.1,60822247220,-66957313.0,-531454.0,20241224
201490,1839,1848,1811,1829,26520,48489301,0.05,55583478268,-7456436.0,-2932328.0,20241224
452200,5020,5500,4840,4860,635724,3308963655,-4.14,107708778000,-13772690.0,103365.0,20241224
418470,14930,15260,14610,14610,45400,670110170,-2.14,124174612290,-89096850.0,11325170.0,20241224
206640,16020,16460,15870,16200,88243,1426305070,2.53,380482272000,276107650.0,145480990.0,20241224
018700,1175,1177,1120,1170,53441,61934821,0.86,41090115690,-7176470.0,,20241224
035620,439,452,430,446,20127,8923156,0.45,33200095050,-213489.0,532.0,20241224
053030,17470,17770,17090,17600,447224,7808202160,1.32,575241708800,971178140.0,297935210.0,20241224
301300,3925,4145,3825,3845,21075,81659465,-2.04,47658240545,-16585085.0,,20241224
064550,19280,19320,18910,19190,51777,989650520,-0.36,495299484290,5635750.0,-80054940.0,20241224
314930,16330,16510,16100,16180,134839,2194221890,-0.49,481583186540,53469990.0,-2340720.0,20241224
208710,463,500,441,458,2954841,1372043198,-3.98,30182504112,-5267736.0,,20241224
086820,19900,20750,19480,20400,27171,543479010,1.49,166125890400,-49913180.0,,20241224
038460,3120,3170,3105,3120,39699,124462445,-0.95,81633046560,-2753730.0,-7685.0,20241224
251120,13710,13980,13710,13850,5759,79914990,0.22,120435445000,-18540020.0,13890.0,20241224
199730,6860,6960,6600,6720,11118,74054620,-1.47,32688546240,15316350.0,,20241224
086040,3220,3270,3155,3265,24749,79199180,0.46,52103676455,2895125.0,0.0,20241224
099430,7710,7880,7590,7710,1191098,9238694220,0.13,446646961440,-451300700.0,2382440050.0,20241224
032980,644,644,611,615,156004,97720401,-4.5,27538463850,-3934588.0,0.0,20241224
308080,2410,2540,2390,2465,155567,382733275,-0.6,47485119100,-3187085.0,-44280.0,20241224
043150,19480,19480,19290,19320,6033,116753950,-0.21,286984225920,-19743250.0,-1630910.0,20241224
323990,10510,10700,10270,10270,67425,699415500,-2.19,236140164000,-70201860.0,-27876500.0,20241224
267790,4935,4940,4750,4855,6819,33057140,2.32,38298667500,-1955675.0,-775160.0,20241224
046310,2255,2260,2230,2235,62923,141216305,0.68,36695662635,7806325.0,-1770.0,20241224
331520,607,607,592,604,80232,48073567,-0.66,30722091560,-4232335.0,,20241224
199480,6850,7350,6260,7100,959188,6547992810,3.8,71721629800,199236230.0,-14157380.0,20241224
438700,2855,2925,2805,2830,9696,27641860,-0.88,31540038700,-5202985.0,,20241224
066410,0,0,0,1153,0,0,0.0,99670679144,,,20241224
382900,12950,13330,12770,12850,38492,500789420,-0.16,112578850000,-65882000.0,-64250.0,20241224
206400,3235,3285,3065,3210,182795,580637995,-0.93,120407607180,83356365.0,,20241224
019010,2100,2125,2090,2090,41211,86496450,-1.18,100738000000,-19533095.0,3721195.0,20241224
177350,0,0,0,202,0,0,0.0,18053152686,,,20241224
457600,5230,5710,4950,4950,3927019,20915364770,-6.95,67852125000,53604395.0,0.0,20241224
424760,804,816,792,803,28706,23130903,1.39,15790996606,-437549.0,,20241224
225530,5030,5210,4920,4920,450735,2267344220,-1.99,178786536840,-99113905.0,2834785.0,20241224
250000,10000,10080,9860,9930,40595,403314910,-0.3,67034778690,45900290.0,-10.0,20241224
310210,74000,84500,73000,82000,498569,39815038900,11.56,1505240544000,-1346375000.0,2262069300.0,20241224
006910,2590,2655,2575,2625,300453,789269940,0.38,128965788000,-7344805.0,15.0,20241224
226340,1378,1430,1375,1392,180019,252814361,0.43,58397768640,51566307.0,-7874573.0,20241224
014470,1583,1594,1546,1547,343293,537915990,-2.27,92900846220,-6339122.0,,20241224
008470,3885,3885,3855,3880,289,1118915,-0.13,32610624000,0.0,,20241224
338220,24200,24950,23750,24600,154973,3788880150,1.65,341650138200,126925250.0,-30536550.0,20241224
100120,21300,21600,21050,21350,4297,91455550,-0.7,213539817750,7108250.0,3399500.0,20241224
406820,10850,11250,10750,10870,23360,255950530,0.18,38415014800,-12656790.0,,20241224
337930,6540,6600,6250,6270,234307,1493790350,-3.98,183783399690,-29948560.0,-22845450.0,20241224
099390,5290,5320,5010,5010,6464,33488300,-5.29,41123497830,-2617400.0,,20241224
064480,5450,5550,5370,5410,19162,103902910,-0.73,64663025000,-4625990.0,20.0,20241224
288330,4410,4570,4000,4050,1736699,7343588065,-9.9,204167506500,28721050.0,-367783210.0,20241224
365900,2870,2950,2835,2835,3886,11170795,-1.05,20724700500,-735865.0,20.0,20241224
089970,7200,7200,6770,6770,39316,271755610,-4.78,162991778150,-49008320.0,149190.0,20241224
251630,3935,3935,3820,3925,14086,54571480,-0.25,62575827550,-1478345.0,196110.0,20241224
018290,39500,41700,39350,39650,1388673,56337309000,0.51,1419390977550,-2285546550.0,7106215500.0,20241224
439580,12300,12300,11890,12020,105770,1270410990,-1.23,134266056420,-107107230.0,,20241224
033560,2960,2975,2900,2975,6857,20108110,0.51,50872500000,-259805.0,,20241224
369370,1664,1670,1640,1653,17724,29223833,-0.12,82438268883,51124.0,,20241224
126340,31200,31750,30600,31600,22593,706508700,1.94,192289728800,-10066250.0,119492300.0,20241224
121800,0,0,0,3320,0,0,0.0,256309348520,,,20241224
082800,8880,8960,7700,7770,2108727,17136058000,-8.8,389313254820,-168994830.0,-38288520.0,20241224
318410,8020,8020,7810,7870,5052,39707290,0.25,43719762410,-763700.0,,20241224
419540,1717,1730,1700,1712,75113,128464344,-0.98,39363178832,-25218876.0,6383849.0,20241224
146320,8460,8540,8220,8220,25412,212624410,-2.84,105157827060,1897330.0,-5125600.0,20241224
200780,4790,4865,4750,4840,6782,32636310,0.31,43039138560,-463705.0,,20241224
413640,8600,8750,8370,8390,10883,91870240,-2.33,60466226600,-33223990.0,,20241224
141000,7250,7300,7210,7300,29646,215040980,0.69,88437383000,-11647110.0,108327400.0,20241224
083650,15860,15960,15100,15290,1106819,17093605570,-0.91,473139493750,-2381597990.0,542456250.0,20241224
445360,2055,2060,2055,2055,8866,18220385,-0.48,8857050000,-96585.0,-191370.0,20241224
473370,1970,1970,1950,1955,1178,2309443,-0.26,8230550000,-17595.0,1570456.0,20241224
065170,0,0,0,234,0,0,0.0,20819110806,,,20241224
086670,7750,7820,7640,7640,5368,41424730,-1.42,69716329360,2985100.0,-9656320.0,20241224
335890,7910,8060,7750,7770,855951,6714827690,-1.77,453916601250,560331540.0,-231349970.0,20241224
230980,0,0,0,229,0,0,0.0,21370407553,,,20241224
082920,21050,21150,20400,20500,95017,1963403000,-2.61,468880366500,44004100.0,258822300.0,20241224
054220,524,525,512,525,390546,202144113,0.77,25809314475,-4934242.0,,20241224
042370,6860,6950,6840,6890,48404,333566170,-0.43,180518172250,15519690.0,98380.0,20241224
050090,702,714,696,696,26228,18402975,0.0,13770175560,-1577280.0,,20241224
148780,979,983,970,978,64381,62865531,0.0,30753919050,2866630.0,,20241224
307870,892,913,880,888,135157,120318949,-0.45,40224516552,-24840810.0,,20241224
357880,2480,2515,2275,2430,942248,2255230225,0.83,82432180440,-52648470.0,-9372510.0,20241224
032850,5040,5060,4985,4985,46262,231730560,-0.89,82867115605,28752185.0,9999660.0,20241224
238200,3035,3140,3035,3035,4225,12866275,0.0,24826300000,420615.0,-910860.0,20241224
093190,4425,4450,4400,4450,17924,79186720,0.56,85613127250,510520.0,-479515.0,20241224
065450,4075,4130,4075,4100,192632,790712380,0.61,117476480000,227098825.0,4095.0,20241224
210120,23900,24550,22900,24000,41296,969045500,2.78,75470640000,147926650.0,,20241224
044480,500,506,489,495,61645,30551025,-0.2,20128545360,-3017700.0,,20241224
069540,989,1045,989,1032,237755,243572817,4.35,47510781528,46382820.0,,20241224
072950,3545,3660,3460,3560,19753,70285080,0.99,28667291600,6159690.0,,20241224
451250,9610,10080,9530,9530,139282,1368435930,0.0,96156527810,-14681430.0,98332680.0,20241224
143240,17460,17900,17310,17660,17307,305321960,1.32,206785584580,-59401950.0,101553910.0,20241224
466410,17500,17500,16590,16820,171918,2902161500,-3.5,84722726860,-205973440.0,-115915530.0,20241224
452430,15300,15670,14690,14690,157138,2375409540,-2.72,118936909260,-405565150.0,-18419980.0,20241224
419120,5910,5940,5860,5900,3120,18350060,0.34,45868523400,-7618550.0,,20241224
122350,1231,1240,1223,1227,16080,19756477,-0.32,47042478156,-308105.0,,20241224
419050,1698,1733,1693,1702,167652,285453454,-0.35,97348000480,-24082673.0,,20241224
014970,3395,3415,3345,3395,2775,9367485,-0.59,51349375000,170305.0,-7080.0,20241224
018310,21300,22100,20800,21750,18016,385686750,3.08,319725000000,21026300.0,-17188600.0,20241224
053700,4230,4285,4185,4210,58880,248458185,-1.29,96312969900,-44921075.0,11102850.0,20241224
009620,2415,2920,2410,2665,3127610,8558485215,6.39,39327884700,-40909005.0,-17179140.0,20241224
023600,8260,8360,8230,8360,9268,76800020,0.97,135181200000,2778280.0,-18333620.0,20241224
425290,2085,2095,2085,2095,74971,156491410,0.24,11564400000,-6374510.0,0.0,20241224
439250,10350,10350,10330,10350,8164,84426960,0.0,36245700000,0.0,11174390.0,20241224
448740,10020,10030,10000,10030,24940,249537400,-0.1,46779920000,-1161870.0,-136322940.0,20241224
468510,0,0,0,2020,0,0,0.0,22321000000,,,20241224
009300,17140,17650,17100,17370,13875,239115650,0.81,110646900000,49045570.0,9980.0,20241224
361670,4910,4960,4595,4665,6335,29688750,-1.79,26439624570,1993580.0,,20241224
054540,4555,4575,4430,4500,120504,539995910,-1.21,58500000000,72113655.0,15.0,20241224
065570,1525,1590,1482,1550,110939,169793229,2.11,24683178050,-21774316.0,,20241224
032280,2920,2960,2820,2900,295337,854663395,-2.19,47019411000,-63363700.0,,20241224
002290,4095,4095,3935,3960,244688,977292545,-3.41,49104000000,-65867115.0,-1820.0,20241224
037460,8870,9030,8870,9030,66260,594630670,2.03,147356253660,-25573820.0,82362680.0,20241224
032750,4125,4150,4115,4140,6632,27359900,0.36,37388845080,-2745055.0,-74280.0,20241224
054090,757,762,751,758,23668,17873499,-0.13,18919097856,634111.0,,20241224
000250,163900,166300,138800,141000,2146239,318794485200,-8.14,3307503552000,-26448304700.0,2017492400.0,20241224
024950,4220,4245,4045,4080,66056,270903495,-3.32,54156194160,29035675.0,2721980.0,20241224
038500,3080,3095,3070,3075,80998,249423410,-0.16,331842640950,-311765.0,-25017180.0,20241224
437730,6210,6370,6180,6220,104346,652183750,-0.16,197221066740,2206130.0,-18495370.0,20241224
017480,4760,4840,4750,4760,9019,43087980,-0.83,74745756400,-971855.0,20.0,20241224
046390,1445,1451,1380,1405,357617,499079052,-2.16,60657970865,88892678.0,0.0,20241224
027580,1262,1284,1252,1256,620978,783426523,-1.26,74331686424,-37651121.0,,20241224
038540,1523,1541,1492,1510,54273,81363889,-0.85,83545752630,-22995017.0,-11442734.0,20241224
452670,1969,1969,1961,1963,5669,11117638,0.2,10246860000,0.0,-10787963.0,20241224
091580,7720,7980,7720,7780,43983,345162110,-0.13,104471543820,-30463170.0,-15050.0,20241224
263810,2845,2870,2795,2865,11723,33311395,0.7,40811117070,-2786755.0,,20241224
089980,19400,19400,19050,19150,22774,435864850,-0.78,306190058550,-64404210.0,-2110000.0,20241224
042940,4790,4795,4610,4790,11630,54425895,-0.21,19072889060,-2628415.0,,20241224
042600,10010,10180,9880,9970,7183,71624310,-0.3,123863032780,-20280290.0,10040.0,20241224
107600,16260,16470,16100,16180,7451,120999980,-0.49,80601398100,-47308390.0,-672440.0,20241224
411080,6640,6640,6310,6430,71062,455295370,-1.23,98048742340,-148967300.0,-151120.0,20241224
252990,4145,4180,4045,4080,84571,347677910,-1.21,238223297040,-59715160.0,28365630.0,20241224
378800,3500,3775,3430,3520,4560838,16429688680,-1.81,106103469120,260548090.0,3500000.0,20241224
294630,3405,3475,3340,3420,187392,639750995,-0.44,82009749780,73687105.0,,20241224
038070,7530,7700,7310,7310,126548,948501870,-2.92,65063941560,-178690160.0,9999900.0,20241224
006730,5520,5850,5440,5500,347737,1947245510,-0.36,362598076500,101958500.0,-254910180.0,20241224
079650,1209,1245,1181,1235,69962,84666809,1.4,24700000000,-953122.0,1228493.0,20241224
100660,3655,3700,3610,3640,20927,76484190,-0.41,45864000000,11460010.0,5.0,20241224
019770,3500,3505,3445,3475,9958,34694605,-0.71,40483750000,191215.0,5.0,20241224
043710,559,564,545,545,20075,11015536,-2.15,27358389600,265360.0,,20241224
092190,3050,3090,3025,3045,6308,19299060,-0.16,139669226235,-1990130.0,5755.0,20241224
046890,7310,7370,7290,7290,57840,423688760,-0.27,425046366000,-46653230.0,-32964330.0,20241224
063170,6830,6930,6770,6890,52509,359218460,0.0,122464699630,-13238300.0,-48100.0,20241224
027040,226,232,224,229,147951,33677506,2.23,15935845963,-1355632.0,,20241224
018680,3385,3450,3375,3400,4622,15694475,0.15,39641684600,-6020790.0,0.0,20241224
093920,5720,5740,5700,5710,38887,222284930,-0.17,106206000000,52161360.0,-40.0,20241224
189860,4080,4100,4000,4025,26529,107154970,-1.11,39037589500,-1202360.0,40.0,20241224
178320,26850,27400,26450,26600,439760,11821283550,-0.56,1496195576400,-322519200.0,-479749600.0,20241224
122690,1916,1969,1901,1913,17725,33944441,-0.16,41788356330,311857.0,,20241224
140070,2615,2655,2610,2610,17896,47054500,-0.19,96538680000,-1020030.0,,20241224
011370,873,888,865,876,39660,34639659,-0.34,88383901740,-808731.0,0.0,20241224
065710,22600,22900,22050,22150,11511,256965700,-2.85,114072500000,-98213600.0,11204200.0,20241224
035890,1648,1664,1640,1660,648923,1073829408,1.22,381482038620,1404969.0,359828474.0,20241224
357550,38050,39500,37650,38000,6203,236298950,-0.78,207290000000,17415250.0,,20241224
003100,14850,14870,14750,14860,4154,61561470,0.34,98076000000,-8710700.0,,20241224
067370,7560,7680,7280,7490,7077,52364550,-0.79,92228526950,-6422680.0,,20241224
171090,43000,44650,42100,44200,68397,2984100000,2.55,419652701000,138307850.0,68930700.0,20241224
086710,9340,9630,9320,9490,31769,302513300,1.61,115809127200,9649580.0,,20241224
014620,24200,24800,23750,23900,428315,10344896050,-0.62,667492273300,-757529400.0,-85514900.0,20241224
037350,4750,4860,4750,4855,35227,169998575,1.25,75106850000,21017840.0,-12006975.0,20241224
458650,18070,18070,17630,17650,32721,580228010,-0.95,265556075500,-40915700.0,-33122100.0,20241224
081580,3360,3675,3360,3570,59216,205046145,6.25,55364070510,1067790.0,,20241224
045300,2595,2660,2570,2590,5330,13906175,-0.19,26292599970,-494215.0,55.0,20241224
015750,5140,5180,5100,5140,149358,767001410,0.0,411200000000,161312760.0,-63628750.0,20241224
365340,38200,39150,37500,37600,18779,717410850,-2.72,456764800000,-66881850.0,-57073900.0,20241224
080470,3585,3585,3525,3550,4394,15635240,-0.98,25915000000,-452855.0,,20241224
043260,1185,1205,1170,1180,98843,116896597,-0.34,71982583020,-39312558.0,-8370975.0,20241224
148150,9300,9920,8550,8700,2731758,25442401960,-4.4,311985732300,482422970.0,443316370.0,20241224
188260,2710,2740,2535,2720,10481,28176395,1.3,19661438400,3733250.0,,20241224
053060,971,995,971,980,29584,28972589,0.93,17304270620,875520.0,-950054.0,20241224
340440,1181,1195,1150,1151,46301,53728177,-2.54,32663496964,-482180.0,,20241224
017510,4795,4865,4700,4760,254255,1213480060,-0.94,72570960000,170055210.0,-9305.0,20241224
011560,10970,11020,10800,10920,44756,487146480,0.09,114987600000,113021340.0,273830.0,20241224
396300,2370,2395,2315,2345,41475,97841675,-1.05,62117877500,21734550.0,5.0,20241224
100700,2450,2490,2440,2465,20552,50593985,0.82,107967000000,1287190.0,,20241224
024830,6020,6260,5960,6080,256,1557210,2.7,50768000000,-158380.0,61100.0,20241224
258830,0,0,0,412,0,0,0.0,22983976612,,,20241224
036630,394,508,389,416,13965740,6291140949,5.58,83200000000,-114916590.0,2169.0,20241224
039310,1599,1646,1552,1606,16833,26574754,0.44,29103397202,-894689.0,,20241224
067770,2245,2430,2245,2380,13627,31482985,6.01,19983891340,-69825.0,-928535.0,20241224
053450,5460,5490,5360,5400,30212,163583530,-1.1,79881136200,10362600.0,,20241224
222810,0,0,0,1080,0,0,0.0,81712098000,,,20241224
252500,850,878,843,857,134350,115511550,1.9,35553836230,-2916599.0,,20241224
321370,1670,1689,1592,1594,159583,256992476,-3.22,41991929530,-24459329.0,,20241224
347000,1936,1940,1919,1932,14558,28047842,-0.26,63765613632,-4686546.0,,20241224
331920,3235,3290,3130,3180,24747,78807910,-1.24,25961990640,1228735.0,,20241224
471820,5150,6240,5030,5450,3215446,18634682210,5.83,63460230550,11852920.0,1139000.0,20241224
049180,2090,2090,2025,2035,226611,464086755,-0.97,104834868710,5155625.0,0.0,20241224
299660,5510,5540,5200,5200,578743,3059280830,-6.14,109735480400,-44952900.0,,20241224
268600,0,0,0,6680,0,0,0.0,248384003120,,,20241224
108860,11990,12100,11640,11730,303099,3576131760,-2.01,315710486700,-283814550.0,-52392230.0,20241224
208370,4130,4170,4040,4050,134499,549715375,-1.94,104249284200,100007740.0,,20241224
318160,3310,3365,3305,3310,4368,14529350,-0.15,30653582310,1189270.0,,20241224
308430,12360,12440,11750,12000,243255,2923595960,-2.44,153612108000,168981540.0,-201270940.0,20241224
068760,62000,63300,60500,62400,169674,10496624300,1.46,2596063828800,-230949800.0,-9658600.0,20241224
068940,0,0,0,778,0,0,0.0,29766744466,,,20241224
060230,1007,1055,999,1043,414779,427660884,3.78,49043778077,78120915.0,,20241224
290690,9680,10000,9620,9700,313882,3080732460,0.73,441974098000,-72518520.0,,20241224
950200,4145,4205,4105,4115,11704,48544760,-0.72,79156358095,384310.0,,20241224
032680,309,311,296,304,228187,69033468,-0.98,32099592256,-368598.0,,20241224
032685,7350,7350,7220,7260,6238,45535140,-1.22,2592850920,,,20241224
258790,1003,1038,995,1000,93262,93770487,-1.28,24991284000,2841236.0,,20241224
066910,1030,1120,1030,1084,624527,657884639,1.31,36622136756,90384277.0,,20241224
035610,3800,3890,3800,3825,28406,108822940,0.53,104598438525,123085.0,,20241224
357780,168100,169800,166900,169700,11674,1967155600,0.3,1320022650200,-220117000.0,262228200.0,20241224
036830,41500,41500,38400,38500,72031,2846678700,-6.1,807116156000,-1104672700.0,293981900.0,20241224
304100,24600,25000,23000,23050,269328,6349650100,-7.06,279609592400,68681100.0,-607636250.0,20241224
328380,866,870,844,850,37744,32398756,-1.85,29123361300,-3120415.0,,20241224
086980,3990,4150,3800,3990,3236225,12768314915,-2.21,249925620000,-105637360.0,-143269745.0,20241224
050960,14400,15590,14390,14940,79714,1203058930,2.33,100859940000,221573740.0,,20241224
084180,5240,6090,5100,5490,367976,2052076020,8.07,94131666270,-158880130.0,-230428450.0,20241224
253840,5130,5260,5130,5170,53363,276457350,0.58,86562344000,38909680.0,-40.0,20241224
298830,4405,4460,4300,4345,406494,1768510425,-1.7,228629820045,-81997925.0,21725.0,20241224
236200,24350,24350,23950,24200,14241,343231250,-0.21,174077206600,-44968250.0,-76550.0,20241224
094840,6420,6660,6390,6480,151188,982613980,1.09,67857523200,-19480220.0,,20241224
192440,19250,19830,19190,19830,5147,100431720,3.01,123270478290,12837500.0,-6615840.0,20241224
424960,10510,12990,10360,12230,3963363,47713224360,18.51,191428118200,-316148880.0,830046650.0,20241224
099440,3370,3450,3350,3370,447775,1523190225,0.15,135620237780,-33009310.0,116695.0,20241224
276040,3335,3365,3155,3220,12834,41574695,-2.72,40425406280,-3733645.0,,20241224
159910,610,611,598,609,115546,69930888,-0.16,22173749682,-5758301.0,0.0,20241224
060240,457,473,450,457,48982,22482818,0.0,14767579803,-4556126.0,,20241224
115570,2700,2720,2610,2670,27355,73040815,-1.11,21318636360,-28596755.0,,20241224
330730,3875,3985,3875,3965,46341,182853120,1.54,71968040950,4944050.0,11865.0,20241224
352090,3140,3190,3125,3175,34540,108861910,-0.78,85321768650,-2234035.0,-27998420.0,20241224
253450,45900,46100,44350,44800,72906,3284382650,-2.4,1346620710400,437226950.0,-1291279500.0,20241224
408900,2540,2590,2455,2455,121955,303400545,-3.35,80293558970,-110480975.0,,20241224
204630,0,0,0,4650,0,0,0.0,23668225650,,,20241224
415380,8180,8340,8150,8220,12208,99928840,-0.36,34733593560,4938230.0,34668840.0,20241224
013810,3605,3680,3605,3620,39822,144801375,-0.55,53052801400,1750500.0,-20.0,20241224
049830,7830,7910,7750,7890,1483,11599970,0.77,48382363680,-662970.0,60.0,20241224
020710,3790,3840,3695,3695,216243,815429065,-3.4,74077249150,-56584135.0,33870.0,20241224
033170,947,993,905,910,2123411,2013761689,-3.4,78012770290,-121797663.0,,20241224
048870,2725,2750,2700,2700,204659,555492260,-0.74,223312528800,-705250.0,-7605.0,20241224
025320,6870,7140,6840,6920,770207,5383042680,1.62,580020117120,-163086040.0,-94324010.0,20241224
269620,0,0,0,889,0,0,0.0,132090012299,,,20241224
056090,1014,1034,990,1009,327131,328775946,-1.56,104188367324,36734142.0,0.0,20241224
429270,4840,4845,4745,4750,10720,51380810,-1.04,21404687500,1040690.0,,20241224
418250,0,0,0,6550,0,0,0.0,52279100100,,,20241224
131090,910,930,887,888,141024,127482911,-1.33,39072000000,370928.0,-42947.0,20241224
232830,2835,3250,2600,2610,6441363,19145466005,-2.25,30556501920,-193030710.0,2200.0,20241224
290520,2355,2450,2320,2365,17194,40225190,0.42,37672941130,-35530.0,,20241224
001000,1000,1012,979,1000,29568,29408103,0.0,24277540000,-2661308.0,,20241224
025870,6440,6570,6300,6330,38884,248678590,-3.06,25320000000,-36166880.0,,20241224
215600,2430,2485,2415,2475,423314,1036146225,2.27,339983634375,13720750.0,-64922380.0,20241224
065350,106000,106000,102000,102000,318874,33108498800,-1.92,2803362696000,2315084000.0,284308600.0,20241224
416180,29250,29350,28200,28200,55888,1602774450,-2.76,254921739600,404084400.0,,20241224
162300,2495,2540,2460,2510,43280,108199220,0.4,104093168820,8380460.0,34454935.0,20241224
290560,6220,6220,6050,6050,16871,103773780,0.83,23461730600,-6223960.0,22465310.0,20241224
002800,5430,5530,5420,5450,97639,532524870,-1.27,82679225000,79115290.0,,20241224
472220,2050,2075,2045,2075,27810,56984910,0.97,9731750000,117265.0,-13201130.0,20241224
430220,2090,2100,2090,2090,8910,18644790,-0.48,14128400000,-884225.0,-14855765.0,20241224
445970,2100,2100,2095,2100,6507,13632350,0.0,11256000000,-152935.0,-4960960.0,20241224
017000,2845,2925,2825,2845,32015,91858995,0.0,33195536815,-13569475.0,15.0,20241224
012790,6600,6610,6560,6570,7537,49660370,-1.05,78750746550,-3027840.0,,20241224
138070,2655,2660,2535,2595,148267,383423340,-0.57,45420814380,18144070.0,15.0,20241224
226330,5660,5850,5510,5640,75983,426327210,-0.35,86057799000,-22549800.0,,20241224
418210,0,0,0,2245,0,0,0.0,8216700000,,,20241224
452980,1940,1941,1937,1941,61758,119745717,0.1,36694605000,-810148.0,8549.0,20241224
474660,2010,2050,2000,2000,4041,8116105,-0.5,11040000000,1245.0,-3325260.0,20241224
474930,2090,2090,2040,2050,36473,74888620,-2.15,7421000000,-781475.0,27182180.0,20241224
487360,1911,1921,1905,1915,693715,1327214726,0.63,10800600000,1071260.0,612343133.0,20241224
487830,1987,1995,1983,1986,30721,61028805,-0.05,8639100000,-3281052.0,34287201.0,20241224
056700,1667,1791,1617,1684,151916,257024529,1.02,49063493244,2760844.0,,20241224
187270,3015,3035,2960,2975,17439,51834875,-1.0,30177938875,-738400.0,15.0,20241224
243840,5230,5360,5180,5200,61311,321371420,-0.57,202378982000,-7403380.0,526590.0,20241224
257720,31400,34100,31350,31750,3147752,103766915750,2.09,1932725179500,-2408020450.0,2709969000.0,20241224
222800,11510,11800,11460,11580,116312,1349653370,0.09,368870975940,-148721260.0,64457710.0,20241224
036710,1136,1137,1107,1110,16638,18486502,-0.98,54082839690,-810390.0,,20241224
160980,9040,9080,8840,8980,19760,175824830,-0.22,98099702140,-9311600.0,-62576690.0,20241224
356890,2920,2940,2890,2935,17343,50717900,2.62,34974413875,-428435.0,,20241224
217330,5220,5220,4790,5000,78886,391703785,-5.12,115647735000,12892245.0,,20241224
010280,643,648,612,636,73600,46862546,-1.09,41418727896,-1241001.0,,20241224
208640,315,317,302,303,597804,183592860,-3.81,42189796962,-4915538.0,-16804.0,20241224
222420,652,652,630,645,20841,13221069,-0.62,29321848995,466774.0,,20241224
037760,1414,1445,1414,1432,8724,12428303,1.27,48448742872,-972696.0,,20241224
099320,41900,41900,40400,40650,31860,1302915450,-1.69,445169450700,-474607000.0,-83680650.0,20241224
049960,14120,14340,14050,14210,8931,126377800,0.57,133574000000,-41606470.0,-90.0,20241224
088280,2370,2500,2305,2445,30600,73623150,3.16,42314368050,-3119845.0,-5100.0,20241224
050890,5780,5930,5650,5650,3208656,18613604660,1.62,345188055150,-943444010.0,60953410.0,20241224
394800,5450,5900,5450,5750,10530022,60524118590,4.17,180803218500,376800460.0,20537830.0,20241224
177900,14060,14910,9130,9130,23990363,297608373860,-17.0,84788484000,-2290032940.0,-16019322040.0,20241224
475400,21150,22500,20150,21500,1186077,25700305450,3.37,249581245000,117169350.0,-68712850.0,20241224
109670,8320,8490,8090,8320,8655,71042460,0.0,48560528640,-13712450.0,,20241224
066790,1471,1515,1436,1460,1269672,1847964056,-1.75,95121976940,-37858589.0,,20241224
222080,7610,7840,7550,7590,260328,1996502570,0.0,587252258010,19672150.0,-198100990.0,20241224
352480,47100,49700,46850,47200,242884,11774224150,0.21,472658015200,-3016565400.0,2418518650.0,20241224
264660,9830,10300,9780,9840,10747,106095460,0.0,94738496640,-31403980.0,,20241224
352700,2825,2835,2785,2810,54717,153332215,-0.88,76648086190,-7482170.0,-618775.0,20241224
458870,10450,10840,10450,10600,21851,231635830,0.09,133047808000,52996570.0,,20241224
297090,4295,4390,4200,4295,94438,404538515,0.12,117124650000,40084555.0,-22287610.0,20241224
900120,68,68,66,66,952108,63327218,-1.49,19838137770,393893.0,,20241224
359090,1170,1210,1150,1190,594958,703094339,3.21,67503810290,-42588069.0,,20241224
115530,421,436,408,425,105183,43968095,-0.23,28884275000,-10242710.0,-448688.0,20241224
115480,680,691,665,686,90301,61152692,-0.15,41588446788,-2909318.0,,20241224
340810,3130,3165,3085,3160,14307,44668360,0.96,33489247080,177470.0,,20241224
376290,2900,2995,2890,2950,3986,11702320,0.85,52089625000,-858750.0,,20241224
189330,6090,6130,5970,5970,5205,31125280,-1.81,36370935480,-4203850.0,,20241224
096530,23800,23950,23550,23750,71612,1698682950,-0.21,1240367357500,306308950.0,-4878350.0,20241224
101240,4025,4025,3940,3960,26644,105408035,-0.63,40950150120,-24969710.0,,20241224
060590,6470,6550,6410,6450,17860,115537020,-0.31,155967579000,-7271510.0,-60.0,20241224
260930,5590,5750,5470,5500,205128,1139106330,-1.61,106378750500,-25237230.0,-38788190.0,20241224
413630,1936,1956,1853,1903,53027,99517965,-1.7,76659357775,-9002287.0,-16586417.0,20241224
013990,5300,5320,5170,5200,312516,1631404690,-1.89,171015187200,-119248310.0,-21487120.0,20241224
123860,20950,21350,20750,20800,26248,551166950,-1.42,252167032000,74922300.0,10574550.0,20241224
025980,5360,5390,5240,5300,616794,3266959050,-1.12,469736233400,-353042990.0,-56168790.0,20241224
125210,5910,6030,5880,5950,45050,267885890,0.17,98155900500,39949350.0,6050.0,20241224
357580,5300,5390,5150,5300,10331,54503090,-0.93,59467399200,15581900.0,,20241224
052710,3790,3920,3750,3920,37512,144052860,3.57,57291227280,889575.0,,20241224
074430,929,937,898,902,171174,156296675,-2.91,79219813288,-11424388.0,,20241224
092040,3950,3970,3850,3935,152360,593958785,-0.38,216497195445,-2633880.0,395935.0,20241224
083930,12490,12600,12290,12330,14310,177634770,-1.28,183874799340,-81110180.0,12217780.0,20241224
149950,8030,8100,7800,8080,11675,92842880,0.62,126108600000,1823250.0,0.0,20241224
036010,4610,4715,4540,4620,17671,81950155,0.22,61413355080,-2541980.0,25.0,20241224
050860,2100,2100,2050,2050,55623,115255685,-2.38,46125000000,16921690.0,,20241224
136410,7180,7180,7040,7110,36699,260333750,-0.97,78345843660,-16422190.0,5135930.0,20241224
246720,4430,4495,4335,4460,20156,89425880,0.68,60510158000,-402640.0,,20241224
067390,510,520,508,510,91170,46715832,0.39,179174077710,-2972345.0,,20241224
159010,4100,4300,4090,4285,27863,117530815,4.64,57139356615,-10510495.0,-6289495.0,20241224
127710,1623,1623,1547,1577,43587,68657084,0.45,55043737314,-1597245.0,27640375.0,20241224
154030,1981,1999,1971,1984,7171,14172160,-0.2,22997242368,-522270.0,,20241224
227610,1102,1130,1100,1101,49174,54280517,-0.09,39177485247,-859068.0,,20241224
143160,15400,15610,15380,15570,16910,260992650,0.26,166854192300,21926170.0,22960.0,20241224
054800,9170,9440,9170,9180,4636,42719230,0.11,94992400080,-33751250.0,,20241224
332370,3755,3825,3695,3750,12351,46340475,-1.06,49776472500,5189455.0,498235.0,20241224
339950,2045,2050,1996,2020,162379,326359674,-1.22,90792243100,33558464.0,,20241224
469750,1064,1073,1040,1040,92155,97167983,-2.35,35293940240,-5063191.0,,20241224
460470,4150,4185,4000,4005,110269,446564765,-2.08,60412901850,-10543265.0,-1891625.0,20241224
099190,15740,16000,15500,15800,45354,714367760,-0.38,436732113400,88240280.0,-103156630.0,20241224
461300,12610,12700,12340,12350,37383,468731930,-1.91,161487772550,-58801340.0,-42955250.0,20241224
289010,2635,2680,2605,2635,11454,30110780,0.0,33896737495,-8982590.0,,20241224
214430,44450,44700,43450,44150,91314,4022630400,0.68,313763454000,-428465250.0,658984850.0,20241224
040910,4420,4475,4305,4350,10882,47534825,-1.58,80798096250,-3065535.0,-168315.0,20241224
368600,3690,3710,3260,3260,697010,2438860880,-13.64,57175007960,29933530.0,,20241224
456010,8420,8700,8040,8050,1103153,9174288580,-5.74,106878690800,613377110.0,,20241224
052860,1900,1909,1810,1810,133407,247516659,-3.98,32331765740,-40391102.0,,20241224
464500,4190,4195,3805,3805,587973,2304325615,-7.98,53130215715,14133690.0,-2322210.0,20241224
038880,181,185,176,177,371333,66774393,-2.21,55814242254,-8906441.0,-9731.0,20241224
307180,2670,2675,2560,2625,21623,56190330,-0.19,70987423500,-9674990.0,,20241224
101390,2480,2550,2405,2450,60797,150864490,-0.61,27352356150,-21393515.0,,20241224
461030,11130,11250,10600,10720,65630,708926930,-4.71,150270280000,-85303440.0,-18303760.0,20241224
451220,7790,7860,7650,7770,21106,163382490,-0.64,61185727470,-44918330.0,-1715770.0,20241224
090150,870,875,818,870,170173,144477882,0.0,36431504910,-4885425.0,,20241224
123010,1017,1100,958,999,1465606,1500148239,-1.09,32625883458,-12415663.0,-285418.0,20241224
031310,1790,2150,1774,1867,7574046,15075286311,5.06,47299765412,-57121528.0,,20241224
185490,2690,2690,2605,2605,43572,114659255,-1.7,70412587320,-12400785.0,,20241224
059100,4710,4750,4700,4705,5526,26026080,-0.11,33268396300,9423145.0,,20241224
262840,2450,2450,2390,2420,14717,35440985,0.0,46681800000,-2941785.0,6076160.0,20241224
175250,1944,1964,1920,1936,85189,164978378,-0.36,72713000448,26137587.0,,20241224
052460,2065,2075,2010,2035,42580,86813305,0.25,29727149760,6340780.0,,20241224
119830,5420,5530,5350,5380,80752,437302160,-0.74,115316517860,-19184960.0,83497530.0,20241224
052770,1025,1050,1015,1021,95338,97751692,-0.2,50008524866,-5590934.0,,20241224
124500,5590,5750,5540,5540,44169,247170310,-2.29,128553079580,-88781860.0,,20241224
372800,4650,4900,4590,4800,6251,30024545,3.11,28929552000,-3932015.0,,20241224
084850,13850,13850,13100,13230,28214,376087670,-3.99,300095216820,-205908700.0,-23218510.0,20241224
114840,19780,21500,19680,20200,298169,6135598170,2.85,348287268800,-478880530.0,664140040.0,20241224
027360,2605,2630,2525,2530,742801,1903509675,-2.88,305991877180,-514537160.0,26590.0,20241224
032080,1244,1244,1206,1219,21059,25610556,-2.01,26197564351,72320.0,,20241224
013310,2430,2475,2430,2475,60308,147997185,1.85,96046290450,35319740.0,-7425.0,20241224
059120,6070,6330,6050,6240,26078,161807770,2.63,60831239040,-20578510.0,-80.0,20241224
203690,6070,6330,5880,6080,32936,198868440,0.33,82633365120,-58753100.0,,20241224
158430,5750,5770,5420,5450,1058831,5951179560,-3.02,126563311700,-525747980.0,-9879980.0,20241224
200350,24500,26000,22450,24250,2175817,51976522750,-8.32,242403606250,-1411228200.0,-23537850.0,20241224
321820,17010,17400,15320,16590,1031914,16910538040,-8.49,221755377900,-90401780.0,-137408520.0,20241224
001540,6680,6770,6680,6740,9451,63516850,0.6,87905910800,13772570.0,-624460.0,20241224
053800,67300,68500,67000,67100,85571,5775583700,-1.18,746588552600,117240200.0,535043300.0,20241224
065660,15550,20400,15550,18290,628532,12004730960,16.5,177986812170,-466799740.0,-314362270.0,20241224
297570,808,825,808,820,33962,27576780,1.23,28389398760,5770258.0,,20241224
260660,3570,3600,3500,3550,42766,151803760,0.14,54410924550,-21914000.0,225890.0,20241224
354320,29950,30700,27300,28100,947811,27203335400,-8.91,179597806100,-254961900.0,-10242900.0,20241224
361570,2600,2635,2540,2540,74878,193877675,-3.05,73007959140,-75522125.0,90599925.0,20241224
131370,2835,2840,2750,2770,106957,297604985,-3.15,147549819910,-117155510.0,-230.0,20241224
140670,10560,11000,10560,10830,163803,1770146720,2.56,100753006200,25750120.0,-10470.0,20241224
096610,0,0,0,2965,0,0,0.0,51550708615,,,20241224
061040,4050,4060,3975,4020,205138,824808515,-0.74,128998821180,-208733720.0,349222535.0,20241224
148250,3570,3585,3520,3525,2182,7722985,-1.12,26053930650,-2466205.0,-389130.0,20241224
347860,1701,1750,1694,1705,51870,88605315,0.65,41995527640,-309767.0,,20241224
196170,280000,299500,275500,296000,1769852,509107857000,6.86,15782373088000,24064069000.0,64066037500.0,20241224
123750,1404,1448,1400,1430,4751,6749389,1.85,18227204710,-260398.0,,20241224
085810,1166,1389,1146,1153,2582447,3223218109,-1.11,35837498727,-210335056.0,,20241224
043100,1554,1587,1460,1462,109561,164700536,-5.06,24244297754,17347482.0,0.0,20241224
117670,0,0,0,945,0,0,0.0,37743429465,,,20241224
314140,5210,5320,5020,5280,25117,131723380,1.34,45758386080,4712280.0,,20241224
291650,1152,1173,1133,1147,532699,610202481,0.09,33584449044,-42986732.0,-84635900.0,20241224
293780,6320,6390,6140,6300,26469,165858200,0.0,169352568000,23033100.0,19220.0,20241224
196300,12880,13220,12660,13070,65331,847693310,1.48,78464268090,-14186990.0,4275190.0,20241224
310200,2620,2660,2605,2645,56440,148714605,0.0,120402989455,-15818495.0,2321240.0,20241224
299910,0,0,0,6880,0,0,0.0,32483121920,,,20241224
179530,2505,2560,2370,2405,35062,83832995,-3.61,21982767820,3935980.0,,20241224
900100,999,1060,998,1001,59043,59383190,-2.34,42240096899,-3782397.0,,20241224
205500,2085,2475,2060,2300,1865262,4337930600,10.58,119434676000,67227600.0,,20241224
052790,7020,7250,6410,6660,108860,735324820,-4.99,75462049080,157874040.0,11679680.0,20241224
290740,5170,5250,5120,5240,3875,20221090,0.58,52740657640,-1971620.0,,20241224
238090,2880,2915,2800,2840,14079,40191100,-1.39,66857300520,-3217640.0,,20241224
092600,1110,1169,1110,1131,20117,22861472,0.62,28369457727,-753893.0,,20241224
129890,1009,1013,990,1000,20973,20986108,0.1,50643410000,-1238780.0,-1.0,20241224
174900,13800,14230,13690,14040,59972,834467840,0.65,244648558440,66158690.0,30.0,20241224
255440,7900,7990,7580,7790,9463,73351190,0.52,101721820000,-20602180.0,,20241224
030960,9110,9380,9020,9130,90081,827490090,-0.22,145897400000,-68652710.0,,20241224
102120,8010,8140,7810,7850,44912,355897120,-0.76,139578911050,-77919020.0,-38480.0,20241224
238120,3100,3130,3015,3130,31023,94887375,1.62,45005944480,-6067830.0,-1506865.0,20241224
019990,5090,5180,5010,5020,17917,91040410,-2.33,48975561760,1594520.0,50.0,20241224
270660,14700,16860,14700,15660,751067,12035308580,5.53,192018879720,-511774220.0,573190.0,20241224
038680,4340,4375,4215,4225,99958,428276490,-3.54,82597385325,-71557540.0,19816445.0,20241224
217480,0,0,0,499,0,0,0.0,54756837359,,,20241224
121890,1301,1307,1283,1300,26212,33990579,-0.08,17278879800,-2337446.0,,20241224
304360,17500,18150,17050,17050,89620,1575573770,-4.27,200265821800,-55051070.0,300.0,20241224
389500,14370,16100,14310,15550,126932,1950357130,7.84,96019757200,-27660050.0,-15391920.0,20241224
042110,1430,1449,1421,1438,29338,41933317,0.07,69497913032,-1617493.0,,20241224
298060,1936,2000,1924,1937,50831,99296875,-1.92,39645059376,-26176575.0,,20241224
065420,222,224,210,215,233667,51146761,-2.27,15389119285,-16058557.0,,20241224
103230,3255,3325,3235,3270,3595,11822765,-0.61,23544000000,-1775160.0,,20241224
260970,48100,49550,47550,48400,65659,3181338150,-0.82,140009293600,-162099400.0,261522100.0,20241224
101490,25750,25850,25250,25600,92375,2355289900,0.39,549157043200,246544650.0,-68645300.0,20241224
095910,1547,1547,1480,1498,24181,36203393,-0.47,29217745494,-8054042.0,,20241224
275630,3240,3360,3240,3305,5288,17276080,1.23,19889453645,-1617995.0,,20241224
031330,2875,2885,2840,2860,543078,1552331760,-0.17,285985891620,86471185.0,-129996805.0,20241224
060540,1547,1548,1504,1514,124645,189918509,-2.2,39565825284,33531665.0,,20241224
351320,1400,1400,1363,1376,6613,9108207,-1.71,30293859136,-93699.0,,20241224
056190,20050,20150,19830,19830,31365,624866670,-1.1,712070710800,-79145140.0,25245180.0,20241224
246250,1998,1999,1947,1982,40158,79021838,-0.3,30420144292,7209246.0,,20241224
041510,77700,78000,75500,75800,57312,4371866900,-1.69,1770204926600,-795039200.0,432457500.0,20241224
007820,3815,3875,3735,3780,27927,105350225,-0.26,75728315880,-25588315.0,-6336360.0,20241224
464080,12610,13400,12210,12850,7058235,90637599470,-0.08,227211515500,879310580.0,1682088000.0,20241224
109610,3900,3940,3830,3895,233248,904685175,-0.76,190494323000,-55676920.0,,20241224
365330,7990,8080,7700,7740,2233659,17497683270,-3.49,236921400000,1837629150.0,-1480.0,20241224
031860,1642,1658,1555,1555,86656,137463758,-6.27,23365983580,-13730121.0,,20241224
306040,5230,5230,4980,4980,32246,162405235,-3.68,49131823440,-2739935.0,-33574155.0,20241224
398120,4050,4550,3965,4280,2326982,9996383215,5.55,47399716000,-1385390.0,79858110.0,20241224
457940,2050,2070,2045,2065,4357,8915690,-0.48,6835150000,-4140.0,0.0,20241224
472230,2000,2030,2000,2020,2422,4844170,-0.25,8393100000,1198000.0,-4360000.0,20241224
473000,2030,2055,2030,2055,1737,3535755,0.0,6802050000,-2055.0,-3080990.0,20241224
473950,1995,2005,1990,2000,1912,3810604,0.05,8840000000,0.0,-3366868.0,20241224
435870,2075,2080,2075,2080,1364,2830400,0.24,7737600000,-35275.0,228250.0,20241224
455910,2050,2065,2045,2050,8316,17052415,-0.73,10291000000,-170085.0,2669680.0,20241224
475660,6720,6940,6500,6880,109433,739050420,2.38,54557264800,31467920.0,186598240.0,20241224
096630,713,713,676,676,421959,290361120,-4.38,53439290580,-11157812.0,0.0,20241224
069510,10560,10840,10520,10800,28712,309522370,1.03,117828000000,-3904070.0,235998910.0,20241224
234300,3895,3895,3800,3830,71598,274117010,-0.78,106511717840,-109450430.0,,20241224
039440,17610,18090,16840,16840,325620,5631914960,-1.52,266577200000,-1274896930.0,75748960.0,20241224
098660,2800,2835,2740,2815,8195,22898205,1.26,35190247440,1212150.0,,20241224
052020,7120,7320,6500,7100,662824,4596121730,-1.39,482681366100,98376620.0,6700000.0,20241224
237690,85200,87200,84700,86100,92077,7916744400,0.94,1733650191000,1238624200.0,-4557700.0,20241224
050760,1337,1340,1327,1327,4133,5505641,-1.63,21676117706,-1276025.0,,20241224
288620,9410,9450,9050,9110,9490,87833130,-1.51,63581568760,-26466250.0,-27280.0,20241224
443670,8970,9150,8650,8670,467034,4111296500,-3.34,209826068640,142904510.0,,20241224
317830,4230,4535,4230,4435,94480,414233040,4.85,47781882830,95852190.0,-5.0,20241224
058610,20200,22000,20050,21400,541309,11544439100,5.94,474595504000,2087547100.0,160039400.0,20241224
043340,545,551,521,531,127487,67854841,-0.19,50445000000,2633693.0,,20241224
163280,14710,15790,13730,13760,1368864,20324671020,-7.65,112485096640,-367464690.0,10883430.0,20241224
054630,0,0,0,158,0,0,0.0,12594094838,,,20241224
200710,17560,17860,16480,16520,245107,4182462690,-4.01,222042379440,-139765420.0,-31376990.0,20241224
475580,12400,14750,12390,13550,17508524,245307748830,10.43,180908489000,1252219380.0,648982760.0,20241224
096690,1641,1700,1641,1680,54477,91407041,-1.06,56241677520,-1481502.0,1205598.0,20241224
298380,27300,29050,26950,28450,686117,19285587950,4.79,1373621249900,27118450.0,837940400.0,20241224
203400,7250,7300,7080,7150,16423,118108820,-1.38,180607369800,2943430.0,,20241224
195990,440,441,424,430,697214,300612560,-2.05,122416580030,-30765250.0,-3908519.0,20241224
003800,26000,26000,25700,25900,1733,44684650,0.0,287231000000,-1005200.0,5440500.0,20241224
088800,719,723,693,701,282624,198669992,-2.5,127548260169,-60051764.0,714.0,20241224
241840,8270,8270,7820,7930,29649,236126130,-3.53,75652152420,-56727540.0,23828780.0,20241224
453860,18960,19370,18750,18950,4768,90469540,-0.26,107204224250,567880.0,0.0,20241224
312610,1148,1148,1111,1146,14014,15983491,2.14,23214393648,-460815.0,,20241224
172670,8260,8290,7880,7970,323146,2597031520,-2.92,71413264230,-424448090.0,82034240.0,20241224
445090,37200,38950,34100,34500,997372,36528317600,-3.9,371623167000,-91910750.0,-630846750.0,20241224
295310,22550,22950,21050,21700,397017,8656528800,-1.59,258271902700,-665991350.0,131476150.0,20241224
072990,8310,8310,8210,8220,2532,20898880,-0.12,59901943020,-5320930.0,,20241224
044990,16330,16520,16090,16240,16593,269941320,-1.75,130505679360,-41049930.0,-10328840.0,20241224
239610,12440,12560,12200,12290,1741,21641620,-1.21,66269093350,-5386610.0,380.0,20241224
462020,1990,1990,1972,1972,7026,13937284,-0.8,8568340000,41900.0,2844828.0,20241224
477340,1950,1950,1926,1926,22339,43137497,-0.52,14464260000,-1028043.0,-39778719.0,20241224
148930,3730,3790,3710,3730,3698,13832830,0.4,37953544490,-1731580.0,,20241224
376270,16650,17210,16300,16830,54139,901819430,0.12,117171116370,144445420.0,-9428040.0,20241224
044780,1123,1186,1114,1176,115902,132806435,3.16,21762805512,-837119.0,,20241224
357230,2560,2565,2515,2540,13639,34640020,-0.78,106907296980,-2365840.0,-6518240.0,20241224
355690,5090,5190,4985,5090,4460,22640190,0.0,27511348200,-2949850.0,,20241224
071670,5490,5540,5440,5450,2539,13909750,-0.73,54500000000,2882330.0,30.0,20241224
045660,28150,29900,28000,28800,461509,13437879300,0.35,237888000000,314297750.0,-29200.0,20241224
224110,18570,20300,18170,19140,199859,3888182260,2.9,102207600000,156850400.0,20.0,20241224
021080,2270,2285,2250,2270,154027,349919980,0.0,108960000000,85520225.0,-9928980.0,20241224
200470,2210,2250,2100,2125,95867,207510620,-3.63,90019447625,-28898405.0,-4789195.0,20241224
262260,5250,5250,5070,5080,19087,98186890,-1.36,73498212160,38584370.0,-29891220.0,20241224
397030,15390,16130,15200,15810,201361,3141459990,2.73,354706772760,-109812010.0,-7454670.0,20241224
230240,16280,16720,15950,16430,142986,2336370950,1.29,218666870000,-548095260.0,688177050.0,20241224
230360,10010,10160,10000,10160,36089,364107500,1.6,319715174640,99123000.0,-32883820.0,20241224
038870,4495,5100,4235,4390,6189440,28973961255,0.8,61525626110,-138168570.0,63755.0,20241224
097780,868,905,840,872,67471,58056218,0.11,59060854736,2037976.0,6948879.0,20241224
448280,21350,23250,20950,21000,284495,6288289850,-1.64,207417903000,54783550.0,-80708350.0,20241224
101360,22950,25000,22600,23150,380238,9100305050,1.76,411748539100,410178650.0,-79048900.0,20241224
128540,1361,1423,1357,1357,43408,59574963,-3.21,36218954220,2097788.0,,20241224
086520,63400,64500,61400,61500,862807,54204237000,-2.54,8188007910000,-3982315600.0,-1639242200.0,20241224
247540,115300,121000,114800,115300,753672,88962834800,0.44,11276494963200,20332990700.0,-7426462800.0,20241224
383310,32500,32800,31650,31950,213082,6851746000,-0.62,488992577400,-598928800.0,-280073650.0,20241224
038110,2385,2440,2385,2410,70530,169908465,0.42,99218181700,8928655.0,0.0,20241224
073540,1321,1321,1307,1321,10796,14224934,0.0,15059400000,-513336.0,,20241224
064850,8140,8230,7920,8020,14420,115423600,-1.47,91510862640,-14785550.0,,20241224
036810,16400,16690,16000,16200,50176,817170880,-0.8,352459981800,-110923040.0,-39919780.0,20241224
173940,2885,2995,2780,2850,23406,66036600,-1.21,43869502800,2397890.0,,20241224
083500,7980,8280,7620,7700,67023,537478760,-1.91,66033059400,214444190.0,-2881620.0,20241224
054940,711,716,700,709,112644,79944292,-0.28,23520045532,-1140112.0,,20241224
950130,5240,5270,5150,5150,38148,197739210,-0.96,194298334800,-19622210.0,,20241224
373110,3890,4130,3865,4005,160031,643321985,1.65,43728440310,42982140.0,,20241224
205100,1899,1906,1868,1870,236327,444774915,-1.53,134571615970,28318863.0,1055102.0,20241224
356680,9370,9790,9070,9580,2419495,22984497890,2.68,273446653360,383477550.0,-20152430.0,20241224
070300,2690,2790,2665,2715,13680,36918680,0.93,26955937230,-11404605.0,,20241224
317770,2760,2890,2715,2870,257759,717954130,1.95,68161372090,158001380.0,,20241224
373200,632,634,570,594,2215920,1318718367,-6.01,44969160258,-127915440.0,,20241224
069920,937,979,925,943,18558,17389321,0.32,33188051388,19730.0,,20241224
092870,10920,10920,10240,10350,181783,1900341140,-3.36,135075748950,-42872400.0,-181190.0,20241224
317870,14370,14500,13990,14100,6468,91838840,-1.88,119945175000,-16532760.0,500.0,20241224
067570,2520,2580,2505,2525,523606,1326093605,0.2,106479250000,484814810.0,4261785.0,20241224
236810,3230,4050,3130,3135,1161518,4163492850,-3.69,53217960510,-366146690.0,10.0,20241224
333620,7780,7860,7590,7640,24078,185755330,-1.29,80650468160,-27184810.0,-38593020.0,20241224
101400,395,404,394,398,150458,59874734,0.76,24740640374,-948498.0,,20241224
078860,8000,8000,7740,7740,6765,53085320,-3.25,81510357960,-8043810.0,3369400.0,20241224
422040,2105,2115,2105,2115,84419,178123170,0.48,15143400000,-1237800.0,-8967500.0,20241224
437780,2075,2080,2065,2080,2460,5097750,0.0,10462400000,-1955.0,-2309450.0,20241224
438580,2130,2130,2095,2105,1282,2689605,-0.47,6357100000,-41165.0,-2037975.0,20241224
439410,2070,2070,2030,2065,120993,249214945,-0.24,18172000000,118245.0,-152185290.0,20241224
440820,2055,2065,2045,2060,56098,115223460,0.0,16068000000,55555.0,-6791015.0,20241224
451700,1980,1983,1973,1974,28287,55860998,-0.5,28326900000,678741.0,-41923357.0,20241224
466910,1960,1960,1943,1949,28061,54653725,0.0,17735900000,-1390576.0,-2508743.0,20241224
481890,1975,1992,1975,1988,6936,13705544,-0.5,12613860000,-2076575.0,-6514873.0,20241224
265740,4835,4910,4565,4565,68827,321893970,-5.09,40773667000,-20694805.0,,20241224
354200,2140,2240,2095,2095,62110,133021500,-2.78,28782123980,14467460.0,,20241224
455900,21350,22700,21350,22350,158168,3526014950,3.0,334029265350,43710850.0,55524300.0,20241224
419080,9600,9600,9310,9540,14395,136067130,0.0,100339974180,-28554200.0,,20241224
208860,0,0,0,2205,0,0,0.0,67316270805,,,20241224
183490,1336,1381,1328,1355,301695,410296240,1.57,115263836510,58451909.0,113083855.0,20241224
182400,0,0,0,2020,0,0,0.0,172748038620,,,20241224
348370,136000,138900,133000,133000,267618,36289379000,-1.04,2807659792000,3340128000.0,-67082700.0,20241224
069410,3790,3935,3750,3910,32581,125894085,3.17,40057261840,13974900.0,-528225.0,20241224
227950,452,453,441,446,266489,118276522,-1.33,46194686380,6023892.0,,20241224
291230,2045,2060,1999,2000,166044,334352556,-2.2,88191550000,9162665.0,,20241224
198080,2395,2420,2375,2385,38871,92913435,0.0,51361416225,-540295.0,,20241224
048830,1090,1097,1081,1096,8478,9228576,-0.18,20521419608,-201710.0,,20241224
096870,2465,2545,2465,2510,4934,12363085,2.45,16762784000,-1184880.0,,20241224
290650,22150,22700,21950,22500,100789,2262872800,1.58,510410047500,60166200.0,139382100.0,20241224
156100,6800,6850,6690,6800,17966,121549530,1.64,135569852400,6619230.0,,20241224
073110,6190,6240,6160,6240,5704,35329330,0.65,55509511200,106020.0,-5569130.0,20241224
083310,8680,8800,8570,8630,39586,342900560,-0.23,153700584790,34375550.0,-9891890.0,20241224
037950,1026,1041,1026,1026,128224,132199234,0.0,86643154494,21647981.0,,20241224
170920,8870,8940,8680,8800,21836,191318460,-0.45,86289456000,-49438110.0,9998040.0,20241224
058630,5460,5460,5360,5420,55667,301049930,-0.18,105927813340,-15360620.0,11762660.0,20241224
058970,64800,67500,63500,65900,142708,9324298400,3.29,801067879000,452005600.0,341271600.0,20241224
019590,0,0,0,921,0,0,0.0,104963185182,,,20241224
169330,2040,2040,1999,2005,6304,12636485,0.0,36605120590,-251285.0,,20241224
373170,6940,6950,6710,6830,2093,14170480,0.0,34409061900,-25910.0,-5033390.0,20241224
179290,8230,8310,8070,8100,58272,474295980,-2.41,262161991800,-102584170.0,-44460910.0,20241224
009780,5770,5830,5720,5770,60089,346306740,-0.52,101552000000,-29174870.0,-2327620.0,20241224
123040,2500,2560,2485,2525,20208,50822390,1.0,174659837825,-673570.0,-1397005.0,20241224
323230,0,0,0,161,0,0,0.0,6967193212,,,20241224
413390,6120,6120,5760,5760,164590,979067300,-6.34,66701836800,-58961720.0,-40092700.0,20241224
032790,975,999,948,966,64488,62243608,-0.92,41913023418,-13207537.0,,20241224
033160,6750,6810,6610,6610,71181,477881260,-1.93,145858447910,57222300.0,20.0,20241224
347890,5320,5400,5320,5360,19056,102340310,0.0,90654773440,18065780.0,29097780.0,20241224
033310,1790,1810,1786,1789,21750,39033681,-0.11,72172251259,1002831.0,,20241224
259630,7810,7920,7620,7620,39684,308130720,-3.3,93591903240,35759510.0,-50967300.0,20241224
105550,2525,2555,2450,2500,167403,417239230,-0.99,143218432500,64461030.0,,20241224
060850,5300,5370,5240,5270,29524,156645590,-0.38,42850370000,-234360.0,,20241224
143540,678,723,666,693,143208,99306619,2.82,30907727235,-2845907.0,,20241224
036560,13260,13440,13140,13200,26049,345212950,-1.49,207900000000,-28252210.0,20656600.0,20241224
265560,6920,6950,6650,6890,5289,36435320,0.44,73655340200,-13272360.0,60.0,20241224
036000,1920,1930,1874,1896,57529,109407328,-1.76,43672989192,3588978.0,,20241224
250930,414,420,403,404,81036,33190568,-2.42,13332177760,-921033.0,,20241224
053280,4770,4895,4760,4875,271451,1307521570,2.31,121875000000,206642340.0,-2511915.0,20241224
122640,9450,9780,9430,9600,119458,1144018240,1.59,200929036800,301301520.0,1045200.0,20241224
900300,504,504,497,498,236508,118227038,-0.6,24307002516,10952601.0,,20241224
045060,2610,2625,2585,2595,9539,24788865,-0.19,43964422530,-2439275.0,,20241224
080520,3160,3160,3120,3155,9171,28763705,0.48,37060551395,-840270.0,342270.0,20241224
039830,6100,6200,6040,6080,6811,41647340,-0.16,65438371200,-335710.0,,20241224
322310,16580,17050,16100,16330,32281,537595260,-2.27,152955630860,-8013110.0,-35783910.0,20241224
046120,2005,2020,1980,1992,37133,74086435,0.1,54679376112,7744504.0,20.0,20241224
014940,5150,5340,5110,5170,921727,4811137870,0.0,235615827370,931897270.0,-137961580.0,20241224
065500,5370,6390,5200,5670,16806559,98425342850,2.53,179982311040,21718990.0,-8271830.0,20241224
010470,6830,7010,6750,6990,34510,238586440,2.34,83705599500,46832260.0,20.0,20241224
417860,8290,8590,8180,8210,2461,20346630,0.24,36375340940,-988210.0,,20241224
352910,6060,6110,5980,6090,8463,51242030,-0.33,76964214180,-11046120.0,,20241224
053980,3425,3425,3380,3380,16075,54709810,-0.88,64161806540,-12555850.0,,20241224
036220,12120,12350,12000,12290,30371,370888970,1.4,178074922640,150926730.0,-12250.0,20241224
052420,1444,1461,1424,1432,690723,992982814,-0.83,123603354944,-95797401.0,143904474.0,20241224
052300,298,298,292,293,155133,45641437,-1.68,49414869869,-5703486.0,1442324.0,20241224
039200,24500,24800,24000,24300,154826,3779012200,-0.61,929418526800,792690000.0,336958350.0,20241224
226400,6170,6440,6050,6200,398838,2490575280,-0.32,128101926200,60135580.0,91860600.0,20241224
031510,1285,1307,1285,1297,28608,37211982,1.57,36316000000,756148.0,25517793.0,20241224
368970,2800,2850,2685,2770,39746,109159820,-2.81,25888863200,8601630.0,,20241224
138080,9910,9910,9580,9780,6493,63084810,-0.41,103903649100,-30083270.0,210.0,20241224
080580,4605,4710,4490,4490,55499,253316625,-1.75,79380048020,-77543975.0,2465620.0,20241224
067170,3280,3315,3280,3300,8314,27448365,-0.45,50792296500,-504800.0,,20241224
353590,4230,4320,4075,4205,10720,45418575,-0.59,54141771850,-9803595.0,10.0,20241224
173130,7240,7660,7230,7660,453852,3395140510,5.8,99935983180,262789510.0,13006440.0,20241224
440320,5980,6140,5860,6010,114833,690306750,-0.17,58928050000,-62521270.0,,20241224
049480,2550,2580,2520,2540,72745,184937530,-0.39,79812852820,19721665.0,,20241224
394280,14000,14050,13110,13270,176121,2368391800,-2.71,290264755390,-201469710.0,-79478680.0,20241224
309930,2480,2540,2380,2400,13245,32101370,-2.64,51098376000,-16279400.0,,20241224
476060,20550,20650,18100,18100,2853036,54922663060,-15.42,195551676000,23005050.0,-33333930.0,20241224
382150,8250,8320,7380,7430,1522675,11807533790,-11.44,88104471910,-238300.0,54238200.0,20241224
244460,5040,5420,5000,5000,41620,215264995,-1.57,20145365000,-21012460.0,,20241224
226950,17090,19020,16730,18000,476032,8589177720,5.94,310288014000,-305805510.0,354598780.0,20241224
057540,776,789,768,768,163640,126910022,-1.03,47193104640,-12129904.0,136447.0,20241224
131030,7350,7930,6190,6270,2372774,16607728110,-14.23,101280325740,-471489240.0,,20241224
082210,1749,1750,1676,1680,18403,31276402,-1.58,55763158080,-4192263.0,,20241224
109080,8420,8420,7800,7920,31065,248976290,-5.04,44637120000,2215580.0,-21741720.0,20241224
380540,1298,1337,1280,1289,136639,176085996,-0.69,38385899244,13701495.0,,20241224
153710,4555,4675,4480,4630,15430,70122135,0.87,67921905540,1564415.0,,20241224
432430,4270,4385,4230,4265,22630,96962145,-0.93,70117964800,-11524740.0,,20241224
338840,7650,7730,7500,7730,25542,195006020,1.31,114268848680,17914760.0,,20241224
122990,5330,5390,5270,5390,41484,220743150,1.89,149149562870,36988000.0,-56393350.0,20241224
232140,10930,10930,10350,10850,2117620,22700654970,1.12,890192047500,-287191520.0,2554593270.0,20241224
112290,13790,14140,13220,13220,82995,1124954960,-3.15,133661404900,-152621570.0,270.0,20241224
065530,1312,1345,1305,1328,21707,28753647,0.0,70198080000,372136.0,,20241224
067900,6080,6120,6030,6070,10194,61963530,0.0,110471930130,-17422300.0,6110.0,20241224
007530,2470,2470,2400,2405,14868,35891160,-0.41,46114557060,-1126125.0,,20241224
155650,3375,3520,3310,3440,142167,488392510,5.04,66991791520,113134780.0,-9721970.0,20241224
273640,10850,10890,10600,10660,8641,92382110,-1.11,116897560000,13902170.0,80.0,20241224
251370,10860,11180,10710,10800,47785,520819150,-0.55,176196211200,9803900.0,154548220.0,20241224
066430,541,548,539,545,32293,17550180,0.74,21338644420,-164617.0,,20241224
209640,12470,12570,11900,12040,398983,4841896220,-2.75,171227738920,-341283270.0,,20241224
273060,737,750,710,717,960228,690055563,-2.85,36179520294,3639385.0,,20241224
019210,5290,5330,5260,5290,49203,260052490,0.0,177605502510,34272970.0,-1719580.0,20241224
122870,46050,46050,44550,44850,158370,7148370850,-2.18,838293547650,-26457600.0,-1349181700.0,20241224
332570,2580,2590,2510,2550,42790,108500645,-1.35,107696317500,-33896885.0,,20241224
079000,5260,5340,5250,5340,2450,13000360,1.91,38448000000,597630.0,,20241224
403490,1536,1550,1519,1535,127156,194902431,-0.07,69401132240,18323474.0,,20241224
032820,1760,1778,1722,1722,2728141,4752476544,-2.44,273555280656,-226354202.0,-697425917.0,20241224
041190,7150,7230,6970,6970,1718184,12134876450,-3.33,585480000000,1339384890.0,85335230.0,20241224
115440,7350,7400,7190,7200,198095,1439509830,-0.69,77430520800,24773100.0,-43110.0,20241224
046970,1358,1390,1314,1324,1224766,1657859818,-2.36,58024298676,-69564636.0,,20241224
082850,2730,2760,2680,2690,523934,1425297815,-1.28,130348194820,-114698025.0,83755.0,20241224
215360,10030,10080,9910,10000,14612,145801910,-0.3,91321630000,40086870.0,-322960.0,20241224
072470,2415,2415,2385,2415,6657,15998535,0.42,45612928515,-487550.0,,20241224
073560,1290,1301,1274,1279,232365,297561236,-0.85,88554945397,95255622.0,1815623.0,20241224
037400,1065,1069,1055,1062,20892,22170210,-0.28,27849193452,-572077.0,5618.0,20241224
153490,712,717,709,715,141084,100658077,-0.42,36808200000,2713975.0,,20241224
101170,4715,4815,4600,4760,42956,204116975,-0.42,64260000000,26643605.0,5.0,20241224
066590,3000,3050,3000,3020,76975,231778640,0.5,118000774080,17989730.0,,20241224
103840,3705,4100,3620,4065,3114565,12121656100,11.83,66529529820,-1299023250.0,38577495.0,20241224
046940,2495,2525,2455,2480,67301,167087265,-0.4,44824388000,13210740.0,,20241224
215380,1720,1720,1622,1675,81496,135909112,-1.35,26598289800,9092389.0,,20241224
065680,15360,15950,15280,15760,177738,2736292030,0.64,150192800000,-50780370.0,-60.0,20241224
018620,900,911,895,895,76048,68675496,-0.56,25855917235,-331984.0,,20241224
457550,14760,15420,14500,14500,255438,3803831050,-0.28,134434415500,-289339810.0,52640.0,20241224
396470,7930,7940,7700,7710,127435,994319580,-1.15,124285200000,-150206460.0,-10300.0,20241224
307280,1179,1179,1160,1174,8673,10167395,0.34,43389881262,-905452.0,,20241224
032940,3535,3585,3505,3555,58028,205423310,0.28,64676932650,-20161545.0,,20241224
240810,22850,23050,22600,22950,115434,2635044750,1.55,1126475527950,577754250.0,-64374250.0,20241224
074600,18800,19000,18600,18640,150811,2825996770,-0.05,490008320000,-238759870.0,226231170.0,20241224
104830,17890,18000,17650,17710,23549,419157960,-0.73,223287680000,-57126590.0,1933080.0,20241224
014190,1432,1445,1431,1431,69309,99293038,-0.07,50657265486,-16511421.0,1215923.0,20241224
217820,2300,2345,2245,2250,52760,119948985,-2.17,106772757750,9228415.0,15.0,20241224
030530,2375,2420,2335,2335,308895,730001390,-1.68,180350685635,-55561185.0,-125170.0,20241224
012620,7240,7320,7210,7250,2622,19014600,0.14,31900000000,-102790.0,-27550.0,20241224
382840,9680,9860,9580,9590,47869,464262100,-0.93,146454461790,-34847590.0,-129470.0,20241224
336570,4500,4615,4460,4500,383898,1736758695,1.12,402032785500,220267510.0,-96859560.0,20241224
376980,5810,6020,5550,5640,73855,418620370,-3.59,55018166160,24777260.0,-30.0,20241224
008370,4185,4250,4180,4220,21294,89432715,0.96,50640000000,3988080.0,,20241224
008290,478,491,472,488,77407,37052950,2.52,19858515352,-271278.0,,20241224
101160,16560,16890,16450,16530,36912,611324490,-0.06,272926714290,-12637470.0,88556560.0,20241224
336060,1231,1262,1221,1225,285031,352038158,-1.53,58990120000,8968149.0,,20241224
095270,3995,3995,3835,3920,6203,24175265,1.29,58687323520,-3252210.0,,20241224
289930,7620,7910,7590,7700,326310,2531244080,3.63,96400866100,-194907220.0,-2358660.0,20241224
065950,2055,2070,2035,2035,30179,61717545,-1.21,57450699570,-5260755.0,,20241224
076080,1006,1016,1006,1014,15922,16102278,0.8,22910474184,-2691718.0,,20241224
043590,636,658,600,611,379909,235306371,-4.08,16580561582,8297617.0,,20241224
196700,1500,1549,1455,1477,183773,272962775,-4.71,21215840688,-2502053.0,,20241224
069080,14570,14840,14550,14560,36127,527924970,-0.82,508884871040,-71296840.0,-44786420.0,20241224
053580,9160,9580,9010,9400,182253,1700052830,0.97,128180731200,-33173690.0,670.0,20241224
071460,0,0,0,613,0,0,0.0,22047951835,,,20241224
377460,0,0,0,1691,0,0,0.0,26030247855,,,20241224
044340,4900,4920,4765,4815,11601,56048605,-0.52,86060541375,-6076220.0,-202650.0,20241224
330350,6630,6880,6630,6800,21619,146685620,2.56,89774545200,-26120250.0,6750.0,20241224
348350,7180,7260,7100,7170,10233,73482260,-0.14,73016412000,-12359090.0,,20241224
112040,36900,37750,36300,36800,111233,4126567900,0.41,1249304174400,-715600200.0,877243200.0,20241224
101730,8080,8280,8070,8120,50800,413831890,0.5,270357771040,-9414840.0,1480100.0,20241224
123420,7140,7410,7110,7120,15572,111159350,-0.14,81665275040,-18859410.0,14270.0,20241224
065370,5540,5900,5430,5440,293279,1645507080,-6.21,40168709760,-34029410.0,11060000.0,20241224
038620,780,803,740,760,497538,381564483,-1.94,53307338600,368238.0,-26610625.0,20241224
299900,1868,2020,1770,1898,6672401,12569258811,1.61,324650781832,-111076126.0,-187538745.0,20241224
036090,723,730,717,722,673297,485983784,-0.28,85479229048,-51641180.0,-5563.0,20241224
459100,10450,10580,10000,10080,424664,4330371320,-5.17,126725760000,-195355110.0,,20241224
136540,12540,12800,12510,12800,34947,440139060,1.99,157180748800,116449910.0,-98930300.0,20241224
097800,670,677,631,631,744343,478322307,-4.39,73480094499,-77622198.0,,20241224
192390,4025,4130,3955,4020,108340,434413395,-0.12,44349560580,50065675.0,,20241224
335870,1202,1227,1179,1180,29311,35037817,-0.92,19684077960,-8131479.0,,20241224
900340,1750,1880,1729,1786,1357369,2450217548,3.3,89341842408,132492973.0,,20241224
036200,6010,6050,5940,5940,71646,429144570,-0.17,182145484620,34687550.0,4450.0,20241224
018000,777,796,761,775,936231,727143077,0.13,130503462100,-4617027.0,,20241224
203450,2795,2820,2750,2790,9356,26094405,-0.18,39280429530,-1092300.0,,20241224
011320,3535,3535,3465,3515,25105,87729540,-0.14,67912242925,-17448795.0,48725.0,20241224
086390,8980,9340,8930,9160,81436,746808800,2.92,193588594160,64874150.0,-12936480.0,20241224
241690,2960,3080,2930,3070,84758,255942955,3.19,75125067420,10368730.0,-14490.0,20241224
142210,4820,4915,4815,4835,64639,314088720,0.31,93054854820,5746530.0,0.0,20241224
389680,687,688,660,675,1090273,732522154,1.81,27008639325,1567160.0,,20241224
088340,11060,11180,10770,11120,67635,743485150,2.02,48150356160,53781670.0,-2984240.0,20241224
048430,7700,7850,7610,7660,88807,685829430,-1.67,88243200000,46598970.0,,20241224
206650,12000,12030,11830,11950,89758,1072696640,0.08,436584968650,-67877740.0,24581950.0,20241224
089850,6430,6480,6370,6440,8648,55481400,0.16,94862481560,-28083410.0,918140.0,20241224
084440,1056,1067,1011,1013,165623,170562046,-4.07,19969066400,-30648770.0,,20241224
032620,3555,3600,3520,3525,65471,231965440,-0.84,183994914975,-22694925.0,-36380.0,20241224
264450,7960,8200,7880,8180,24484,197174400,2.89,122032372940,8637840.0,65578180.0,20241224
078070,9740,9770,9600,9760,1114,10842670,0.1,177150832000,-69740.0,10.0,20241224
024800,1910,1910,1866,1882,27379,51586441,-1.47,69731510184,890438.0,,20241224
054930,24250,24250,23750,23950,10635,254982900,-0.21,71850000000,59547350.0,150.0,20241224
069330,1285,1309,1276,1296,8363,10775185,0.86,18391653936,-501870.0,,20241224
049520,5230,5230,5030,5100,21351,108339810,-0.39,111103173600,-17512630.0,-1501420.0,20241224
435380,2070,2070,2055,2065,53216,109777225,-0.24,11832450000,-1186520.0,-99644085.0,20241224
444920,1990,2000,1989,1999,18260,36385143,0.45,10474760000,37981.0,-14525175.0,20241224
446150,2020,2025,2015,2015,76403,154361825,-0.74,9611550000,484235.0,-81924415.0,20241224
449020,2005,2010,1997,1997,23361,46701498,-0.15,19430810000,-2140.0,-44688248.0,20241224
450940,2035,2035,2015,2035,40847,82423190,0.0,9238900000,-368675.0,29177240.0,20241224
473050,1945,1959,1944,1958,3369,6552900,-0.05,13725580000,-91391.0,-733295.0,20241224
474490,1945,1951,1943,1951,11684,22754334,0.77,10750010000,52515.0,6221054.0,20241224
430700,2085,2085,2075,2085,117741,244414710,0.0,10925400000,-41585.0,-191840660.0,20241224
263770,1912,1970,1912,1967,3858,7511493,0.87,46618238324,-508804.0,,20241224
388720,26200,27400,26100,27400,65190,1740577800,4.98,313824091600,100450950.0,1473200.0,20241224
340930,1340,1340,1252,1277,64478,81877273,-2.52,43679082650,-6151596.0,-72871.0,20241224
023410,3385,3430,3385,3410,79963,272052105,0.89,263630042830,66349360.0,-116275.0,20241224
056080,5900,6170,5890,6040,275646,1671871200,2.37,226573398080,-34727330.0,970080.0,20241224
468760,2105,2115,2095,2110,970,2045565,0.24,8946400000,-14720.0,1688150.0,20241224
488060,1990,1993,1988,1993,1409,2805473,0.0,9406960000,-47798.0,1059183.0,20241224
442130,2125,2125,2085,2095,45559,95692910,-1.41,7248700000,1641485.0,15507255.0,20241224
084370,32300,32800,31600,31950,235591,7597467300,0.95,732167541900,938063000.0,199561350.0,20241224
240600,5090,5090,4790,4905,12859,63291535,-1.21,33982580655,-640830.0,,20241224
221800,2660,2725,2575,2720,55271,145167610,4.82,30701173120,12739670.0,-493095.0,20241224
179900,24500,28150,24050,27000,649833,17386301800,12.5,439746165000,1189368700.0,3238073650.0,20241224
263050,2045,2045,1970,1989,80737,160547907,-0.05,73264528584,-39363138.0,,20241224
191410,1505,1505,1478,1478,8435,12625096,-1.79,16559888890,-657098.0,,20241224
372170,37100,39000,36800,37100,25616,969559850,0.82,296022680800,-99133000.0,-1832600.0,20241224
146060,1110,1132,1106,1118,29081,32426629,-0.27,26849435210,-8875924.0,,20241224
072770,1380,1411,1366,1366,66349,91546989,-1.23,95945441304,-23002836.0,,20241224
039020,4145,4150,4040,4060,86399,353671230,-2.05,91693918540,-63897600.0,-9900.0,20241224
067920,5350,5380,5290,5320,8775,46643090,-0.56,58499353080,-1617260.0,,20241224
044960,4810,4835,4790,4800,41367,198724160,-1.23,60681038400,15904610.0,10.0,20241224
303530,7230,7430,7220,7250,16412,120764910,0.28,53209917750,17989810.0,40.0,20241224
296640,6540,6720,6320,6470,21312,138944840,-1.07,33503290440,-29870700.0,,20241224
302430,7430,7600,7400,7430,6581,49094900,-1.2,73060735440,8106000.0,7489110.0,20241224
462350,17250,17680,16870,17170,118442,2038634000,0.0,160980665980,502511260.0,15529430.0,20241224
274400,4180,4540,4180,4410,13999,61514605,4.5,34485432660,-894450.0,,20241224
073490,20200,20500,20000,20150,28011,567892850,0.75,153217496900,-116489850.0,1100.0,20241224
215790,494,505,475,478,90040,43681045,-2.45,19255345222,1385615.0,,20241224
344860,1538,1569,1511,1517,15917,24187428,-0.39,18249510000,-285700.0,,20241224
088390,7950,8180,7830,7830,5593,44482870,-2.49,73491158520,-10584170.0,,20241224
272290,21050,21350,21000,21200,54688,1157609200,1.44,428826349600,56688250.0,-13944150.0,20241224
053350,3485,3610,3390,3390,17179,58648270,-2.73,67091205240,702265.0,,20241224
452400,9810,10040,9640,9800,27734,274189740,-1.01,88899994400,45933880.0,,20241224
264850,4230,4365,4195,4265,442146,1894859130,1.19,129206520180,-310687485.0,,20241224
054210,5080,5130,5000,5010,21340,107745220,-2.34,126708962100,-9982000.0,5130.0,20241224
009730,1215,1350,1086,1095,4655371,5668294548,-9.5,60916199040,-531744233.0,,20241224
065440,1454,1463,1431,1454,121646,175928402,0.35,39657879080,35556794.0,,20241224
115610,2530,2595,2490,2530,128432,325562980,0.4,41123973550,64058320.0,,20241224
478110,1965,1985,1965,1984,127,250841,0.81,9959680000,0.0,0.0,20241224
131400,1869,1910,1855,1858,192150,359731900,-1.12,110718000756,-29001057.0,,20241224
351330,6370,6510,6370,6480,9508,61053470,1.73,53709609600,20711730.0,,20241224
080010,5220,5220,5140,5190,13994,72524900,-0.57,51044018490,-554550.0,-5366650.0,20241224
086890,4510,4565,4460,4480,38625,173789710,-1.21,160842684800,-44663225.0,5958030.0,20241224
047560,27750,27850,25350,26050,2155398,56957593200,-7.13,302384284100,-1579516300.0,-482570850.0,20241224
900110,61,62,61,61,3272100,199973746,-1.61,26347855050,-1323883.0,,20241224
239340,1940,1955,1749,1763,565094,1033154192,-10.78,47565094742,11604500.0,,20241224
067010,3290,3340,3100,3175,107514,345574025,-2.31,39033450000,2910435.0,,20241224
418620,5910,6040,5810,5830,40393,237916530,-2.18,56262280910,-7760520.0,-4220220.0,20241224
456070,14670,14930,14160,14300,216664,3120557250,-2.59,152991081100,127431040.0,5859770.0,20241224
102710,17180,17300,16860,16990,42232,718416020,-0.35,242750333640,-21957250.0,15879730.0,20241224
041520,5130,5140,5060,5140,6122,31180190,0.39,62650072200,-2112500.0,,20241224
063760,2010,2090,2000,2065,18688,37837255,2.74,19256393450,633870.0,,20241224
123570,2315,2400,2315,2370,40414,95408070,1.5,52794304860,1298270.0,,20241224
083470,1400,1439,1364,1439,70837,98650395,1.34,30708733431,325564.0,,20241224
095190,2325,2390,2275,2340,380848,887660060,1.96,106048266480,8149105.0,-164631710.0,20241224
091120,27800,28400,26600,26600,168052,4546624450,-3.1,455736097600,-310009400.0,-66273000.0,20241224
039030,140000,142000,136400,138400,103437,14333084900,0.58,1705025720000,-1463175700.0,-1072109800.0,20241224
294090,3450,3600,3300,3420,438410,1513536730,-0.73,104089953780,140490730.0,-1439725.0,20241224
088290,1020,1073,1003,1038,39616,40834058,0.78,32522272422,-4640475.0,,20241224
353810,4445,4450,4180,4275,340859,1449635405,-4.04,146169603000,316360605.0,165926440.0,20241224
099750,16930,17600,16530,17010,22339,382929420,-0.53,116259539760,29534590.0,1319650.0,20241224
377330,4585,4785,4585,4700,5081,23496180,2.51,38257783800,-1637055.0,-1013140.0,20241224
035810,2990,2995,2960,2990,42608,126941995,0.0,194786076550,-35188555.0,-208595.0,20241224
160600,0,0,0,3100,0,0,0.0,163573177100,,,20241224
092130,13620,13690,13510,13570,12128,165067680,-0.37,163431652000,32521840.0,1051290.0,20241224
096040,0,0,0,271,0,0,0.0,245561580945,,,20241224
134060,4065,4075,4065,4070,1395,5677520,0.12,19410847500,-24390.0,-809930.0,20241224
001840,2935,2945,2860,2860,121386,351046305,-2.56,56644473600,-20303505.0,5.0,20241224
024810,0,0,0,899,0,0,0.0,196834827360,,,20241224
041830,21650,21850,21600,21750,19725,427771300,-0.23,297622258500,-148721550.0,-173950.0,20241224
352940,2115,2160,2090,2100,19142,40217030,-0.47,22822233000,-236780.0,2264145.0,20241224
079950,724,777,724,750,100704,74819540,3.59,17400000000,8406047.0,,20241224
389470,18190,18370,17150,17360,464083,8168879170,-4.88,174278324640,-223215650.0,-17440.0,20241224
277410,1353,1360,1331,1333,33792,45449340,-1.48,51129599737,-2665454.0,,20241224
060150,5460,5550,5430,5450,43185,237010670,-0.18,253771685400,-77881010.0,-2162590.0,20241224
033230,1843,1857,1805,1817,125661,229600791,-1.41,91786445460,-7624353.0,,20241224
450520,4275,4285,3900,3910,343572,1390771205,-7.57,57494899980,50004915.0,,20241224
465480,8100,8190,7800,7830,114399,904474830,-2.97,79378754760,66947670.0,,20241224
037330,1403,1432,1400,1411,23550,33204072,0.71,61922051064,450728.0,,20241224
100030,17130,17470,16900,17000,4180,71417060,-0.76,55823138000,-4462940.0,100.0,20241224
211050,5500,5590,5400,5490,103805,568069720,-0.18,282075102000,-38492560.0,48584530.0,20241224
083640,292,293,289,292,47525,13794198,1.04,22694342492,-304750.0,,20241224
064090,3025,3125,2930,3080,123885,374999890,2.16,153207654600,129318705.0,,20241224
216050,7460,7580,7460,7580,9345,70391430,0.66,97351622760,-3544770.0,8343070.0,20241224
049070,17080,17390,16800,16800,126732,2172746130,-1.18,288960000000,543461580.0,16082210.0,20241224
119610,0,0,0,24900,0,0,0.0,329090302200,,,20241224
017250,1064,1069,1035,1038,63119,66055147,-0.57,21845194746,-1882168.0,-2995899.0,20241224
051370,9220,9440,9220,9340,43853,410483850,0.43,217878588480,-120045140.0,114117730.0,20241224
064290,10070,10150,9970,10060,47958,481963870,0.3,129411457720,-71684250.0,-105141720.0,20241224
189300,37900,38050,37550,37550,57510,2165821800,-0.92,403036691700,468185700.0,-1182379500.0,20241224
150840,0,0,0,5850,0,0,0.0,251537720850,,,20241224
048530,5690,5750,5590,5680,40761,230296910,-0.7,193976328160,-57399580.0,-2241930.0,20241224
115310,21650,21700,20900,21200,11092,235246950,-2.08,67689119600,26308450.0,21473550.0,20241224
039290,7910,7910,7400,7440,117215,888926630,-4.62,64683196320,-91876690.0,40.0,20241224
071200,4190,4235,4170,4200,22044,92521210,-0.47,102465123600,-14881270.0,-1408805.0,20241224
101930,33600,33650,32100,32300,39164,1281911200,-1.67,310588175900,-370061900.0,97915400.0,20241224
333430,4455,4570,4315,4335,2690565,11905449565,-3.34,133200448245,225137375.0,19802380.0,20241224
068330,1064,1064,1047,1052,55005,57909990,-1.13,46515379280,3511350.0,,20241224
178780,0,0,0,8650,0,0,0.0,145788786750,,,20241224
019540,3670,3670,3580,3605,10510,37915155,-0.14,48716167500,990130.0,1006345.0,20241224
094820,8260,8550,8210,8250,41693,345634660,-0.72,124399349250,8669400.0,6225050.0,20241224
950140,7000,7430,7000,7040,236182,1690791880,0.57,139869776640,-133235540.0,-141525290.0,20241224
049550,3700,3700,3670,3685,1551,5712225,0.41,72249130745,-11100.0,,20241224
389020,50400,56400,48450,48650,1180101,61824366100,-0.61,301519564500,-603012700.0,-559971750.0,20241224
254120,1292,1311,1270,1279,43337,55625800,-0.93,39334711330,-4261047.0,,20241224
043910,605,608,601,602,202110,122180269,-0.17,68261657114,3936247.0,,20241224
234920,4225,4350,4180,4255,41170,175193355,0.83,57574022050,-40011585.0,,20241224
289220,6220,6270,5990,5990,54517,330599890,-3.7,132509252550,-41814910.0,-67442220.0,20241224
174880,0,0,0,2650,0,0,0.0,11610352250,,,20241224
049630,675,683,664,667,268394,179702645,-1.48,55806894169,-15418690.0,1204632.0,20241224
417840,6430,6650,6360,6460,30719,197582690,-0.62,46829670500,625690.0,,20241224
110020,2515,2580,2510,2550,11233,28377390,1.39,23099843100,735375.0,,20241224
208140,2990,3025,2965,2990,287812,860410925,0.17,97725895540,-16677660.0,-137148245.0,20241224
040420,6610,6630,6580,6620,89162,588948770,0.15,103785394240,-62019810.0,-103265470.0,20241224
045510,753,761,750,751,2385,1797642,-1.31,24189178292,-4754.0,,20241224
217190,7000,7120,6820,6980,19551,136172380,-0.29,61208834520,25989350.0,15425790.0,20241224
095700,5450,5490,5330,5360,99322,533885740,-2.72,244097047840,15436040.0,-8530610.0,20241224
072520,0,0,0,389,0,0,0.0,28849482466,,,20241224
122310,5540,5560,5510,5540,6202,34354790,0.0,80628295760,-1436000.0,-8465000.0,20241224
361390,13810,13900,13500,13550,25430,346920390,-1.88,101635690950,-38892250.0,8714740.0,20241224
187420,4160,4370,4155,4310,136110,579010045,2.25,104247758650,14732285.0,,20241224
225220,2250,2505,2250,2300,159317,382151425,1.32,44137048300,-13283430.0,,20241224
123330,23400,25050,22550,24000,255580,6117072650,4.35,191248320000,-205965200.0,-211212200.0,20241224
381620,24000,24550,23250,23700,20634,490236750,0.0,103631568000,-17401600.0,-4780650.0,20241224
159580,5510,5550,5340,5390,83079,450554320,-2.18,107975908040,-129360840.0,-28381100.0,20241224
147830,5770,6030,5700,5770,520892,3053446170,0.35,115400000000,-500781790.0,9999250.0,20241224
033100,46900,51800,45600,47400,1313470,64246250750,1.61,761358186600,-6463154150.0,783725200.0,20241224
079370,11530,11870,11390,11690,261602,3052238260,3.36,362588613100,200411990.0,151290310.0,20241224
054950,19240,19440,19120,19300,34662,669746760,0.31,233334915600,112675460.0,-127180.0,20241224
023440,1706,1790,1706,1739,353134,620119881,0.81,107120485361,110746836.0,,20241224
090470,4970,5090,4915,4965,24506,122286565,-0.3,86771289210,23978540.0,,20241224
137950,4040,4125,3970,3995,30064,121224620,-2.08,88959916930,-35146685.0,10.0,20241224
033320,5930,6430,5460,5530,7297175,44760452420,-6.27,105702808960,-195332060.0,-67813500.0,20241224
417500,3265,3500,3120,3120,456145,1523306165,-3.11,102288401280,11555615.0,-7863185.0,20241224
204270,20000,21050,18770,18870,939022,18564910980,-3.18,1091600553420,-1321677400.0,-304636040.0,20241224
026040,2425,2505,2385,2445,207800,509440910,-1.81,40351766550,26973725.0,,20241224
452160,4530,4680,4530,4590,11604,53534165,1.32,44144448930,4289875.0,,20241224
126880,3345,3365,3295,3310,57289,190737625,-1.05,76808228930,693595.0,-52940.0,20241224
322510,8070,8290,8000,8080,152325,1236198730,-0.12,206273447360,77879390.0,67551240.0,20241224
033050,790,810,780,809,24642,19575052,1.76,26356687678,-303385.0,,20241224
094970,2965,3010,2910,2955,63579,187905155,-0.34,49491049200,21894895.0,,20241224
418550,14530,14780,14300,14300,81660,1182480530,-0.76,457852723900,-136444190.0,-80254590.0,20241224
420570,9640,9680,9310,9310,20308,193585830,-2.0,53372433170,21736110.0,,20241224
089790,3740,3765,3670,3735,7377,27345945,0.95,38528441055,-2546775.0,,20241224
052670,0,0,0,2080,0,0,0.0,60588453120,,,20241224
412540,6750,6810,6550,6610,54413,361944000,-1.2,136170395650,48245330.0,-39533110.0,20241224
199820,9220,9220,8830,8960,395677,3564169410,-0.55,199091200000,-617622640.0,-52270.0,20241224
038010,5820,5910,5770,5870,26116,152362340,0.34,52830000000,2326830.0,58400.0,20241224
276730,2775,2835,2710,2710,42925,117590855,-1.99,42485634760,-41716625.0,,20241224
080220,9620,9650,9040,9100,1094438,10177989730,-3.5,313429780300,-1011226900.0,28950240.0,20241224
216080,14280,14900,14240,14750,56783,828342130,3.58,263910820250,28453010.0,-14493160.0,20241224
229000,1398,1422,1313,1313,69681,96563162,-4.65,20015378565,-1232770.0,-2141392.0,20241224
082270,15030,15590,14520,14690,295944,4412055890,-1.41,587514416060,-554544180.0,-68993290.0,20241224
044060,0,0,0,732,0,0,0.0,70075958688,,,20241224
034940,1018,1018,991,1001,65998,65733674,0.0,31010806827,2026929.0,,20241224
067000,1622,1649,1599,1610,59158,95386571,-0.74,112544548060,-39487266.0,375419.0,20241224
033340,639,639,623,623,588381,369809789,-2.5,60400197634,-17631552.0,-6712115.0,20241224
036930,30200,31100,29650,30350,410764,12490219050,2.36,1434593542350,1588953500.0,678339500.0,20241224
072020,9880,9880,9750,9820,11460,112177260,-0.2,94848306340,-2005640.0,314500.0,20241224
000440,16270,16570,16260,16380,8940,146432760,0.12,102000389400,-28507010.0,16590.0,20241224
051980,8810,9060,8530,8730,1231002,10743285880,-0.91,872659556190,1002734970.0,-2780810.0,20241224
228760,20700,21550,20550,20750,289286,6060039700,-1.19,505518409750,621389950.0,-57916800.0,20241224
314130,2740,2785,2690,2700,61995,168095935,-1.64,83657753100,50853320.0,-9838345.0,20241224
389030,1418,1426,1359,1390,60350,83208420,-2.52,46359064550,3186665.0,,20241224
043610,2220,2230,2180,2180,76136,167477065,-1.8,126691654840,-5502685.0,3869410.0,20241224
263860,9530,9530,9250,9300,7795,72675880,0.0,84440280000,-4903720.0,,20241224
303030,881,1133,881,1133,12126680,13451177695,29.93,40499841844,-84112522.0,59832.0,20241224
036180,0,0,0,577,0,0,0.0,53929030348,,,20241224
208350,2870,2895,2800,2800,2808,7958740,-2.44,24747937200,-15515.0,,20241224
144510,24150,24300,23550,23950,35466,842022800,-0.42,378418238800,-74038200.0,-78962500.0,20241224
358570,8450,8510,8150,8280,709412,5859942500,-1.9,366843735720,1346404700.0,-2038953620.0,20241224
382480,1945,1963,1940,1961,24636,48038346,0.05,77179351540,-6159383.0,,20241224
382800,3150,3885,3110,3460,2665885,9472172080,10.9,109443401860,-176740885.0,662355.0,20241224
051160,8230,8230,8090,8200,28446,231490260,0.24,126890326000,10102740.0,30.0,20241224
053050,3245,3335,3215,3225,339916,1106176770,0.0,96710000325,10301700.0,-5.0,20241224
119850,9230,9530,8560,8700,841051,7481172510,-5.74,143105508300,881497990.0,2604530.0,20241224
065060,231,234,225,227,167557,38171906,-0.87,24517825988,1414570.0,,20241224
204840,968,1004,965,984,113398,111894443,1.65,75635362704,47945220.0,,20241224
270520,1503,1547,1487,1490,939627,1416500679,-1.72,236598271140,-60391165.0,-11189760.0,20241224
311320,7260,7500,7180,7250,39915,291510760,0.0,91455560000,66922400.0,60.0,20241224
388050,6770,6790,6460,6500,650715,4304626200,-4.41,121611340500,-706077530.0,-44980.0,20241224
018120,17340,17500,17190,17400,1633,28287290,0.58,115207488000,-208200.0,-40.0,20241224
109820,2755,2785,2710,2710,37284,101726430,-1.81,55266764400,-4258780.0,,20241224
086060,3350,3350,3295,3315,25746,85432195,-0.6,28544095905,6756835.0,,20241224
036890,9100,9170,8990,9090,60003,542755980,-0.66,204363816120,6440430.0,6591000.0,20241224
363250,8480,8480,8300,8380,38349,320549790,-1.3,58934847240,16019660.0,,20241224
007370,6030,6040,5960,6020,48558,291252590,-0.17,76160061460,-1543620.0,22953930.0,20241224
285800,2250,2670,2150,2170,590721,1389777955,0.7,37925675900,-65040190.0,,20241224
085660,10680,11060,10520,10900,1373706,14807947440,3.71,613827428700,3151238720.0,-83342000.0,20241224
261780,3025,3050,2980,3050,57308,172308500,0.33,81815481400,23347325.0,,20241224
351870,12340,12910,11600,11770,908587,11250406600,-5.23,131012917530,-215219600.0,,20241224
094850,5400,5570,5400,5440,58222,317963410,-0.91,76160000000,70788440.0,,20241224
004650,9360,9400,9330,9350,11429,106904910,0.11,85934774750,-1970130.0,30.0,20241224
278280,38000,38800,37300,37450,25753,977053150,-2.22,374500000000,-103974300.0,-89663200.0,20241224
362320,5260,5440,5250,5350,195505,1042960120,1.13,109949401500,29503790.0,78141390.0,20241224
066360,800,801,757,797,35562,28348797,-0.38,38217755955,230069.0,,20241224
047820,0,0,0,5400,0,0,0.0,132051222000,,,20241224
094360,16370,16370,15130,15260,312495,4880670730,-4.63,317760872240,-355034780.0,-29378020.0,20241224
016920,1930,2020,1910,1955,303687,598193721,0.98,51794866790,-10267248.0,,20241224
284620,3110,3195,2990,3040,156450,476279785,-4.25,85669610720,27404305.0,,20241224
293490,17800,18190,17720,17900,328587,5915834380,0.34,1482747019100,61146590.0,168081220.0,20241224
140430,2310,2325,2250,2255,32464,74123625,-3.22,43075503845,1557225.0,,20241224
042000,34850,35450,33650,34200,606053,20816756400,-1.72,829454446800,2070557850.0,-1998610650.0,20241224
313760,5180,5260,3710,3710,269131,1151952700,-29.87,28477874670,-27711515.0,56480.0,20241224
317530,4870,4980,4685,4695,70392,337001475,-3.59,47135236530,-61143735.0,92559885.0,20241224
071850,2100,2220,2050,2110,15147,32221375,-0.24,51190579180,-737335.0,-80410.0,20241224
050110,865,918,821,860,1003262,885438739,-1.04,63488741480,-21407281.0,,20241224
452300,2690,2725,2660,2680,47357,127093145,-0.37,37778298400,-10403610.0,-19530.0,20241224
451760,10300,10300,9960,10060,85616,861101750,-1.95,150814248560,-144282150.0,-106603540.0,20241224
900310,580,585,570,585,37336,21665622,1.21,37464379875,-34464.0,,20241224
078340,51800,52100,51000,51300,36606,1891308400,-0.97,653446831500,-638830600.0,685198400.0,20241224
063080,35400,36250,35100,35800,80963,2877663600,0.56,236107873600,572509300.0,-15937500.0,20241224
307930,4900,4945,4870,4940,11462,56208690,-0.1,77113400000,-3980610.0,4965.0,20241224
079190,562,565,541,542,93867,51501799,-3.04,20788688588,1698248.0,,20241224
263700,2650,2655,2560,2605,55155,142844540,-1.33,50573991000,16511120.0,0.0,20241224
214370,27700,28900,27300,28450,285315,8081846900,2.71,1528191750000,-1172675350.0,1247169750.0,20241224
221980,11390,11390,11200,11230,3463,38931850,-0.18,45310804000,-326270.0,90.0,20241224
038530,236,236,221,224,265885,60334192,-1.75,25920013728,-13487628.0,,20241224
424140,2075,2080,2075,2075,40805,84723860,0.0,15998250000,,2147625.0,20241224
192250,7900,8020,7900,7950,9063,72071250,-0.25,56183643750,10272550.0,,20241224
431190,4930,5580,4860,5350,596914,3140226450,8.52,40052464700,9278835.0,-19061480.0,20241224
115500,10040,10270,9640,9720,809722,8059297600,-2.21,116640000000,-371788040.0,140.0,20241224
089150,2520,2555,2490,2530,38477,96820880,0.6,43389500000,21561175.0,-175835.0,20241224
025880,2705,2755,2665,2705,31400,85005730,-0.55,45216395890,-9967610.0,,20241224
093320,73900,75600,73900,74500,9960,745258400,1.09,363560000000,-153163700.0,125815200.0,20241224
093640,4450,4545,4350,4395,46491,206117150,-0.9,143306551980,-48137200.0,,20241224
073010,4350,4495,4280,4290,344760,1512845325,-0.35,172420462500,222903665.0,3269685.0,20241224
105330,3310,3395,3290,3345,23165,77671405,0.9,53720793660,-13016930.0,,20241224
053080,13180,13300,12750,12810,40898,529483790,-2.21,166527527670,-155508760.0,0.0,20241224
199430,6300,6480,6150,6150,102673,650794370,-1.91,66836434950,58211780.0,-7424610.0,20241224
432470,11110,11190,10840,10890,17246,189150280,-1.54,94465914840,-2658110.0,-2693860.0,20241224
272110,12990,13160,12570,12670,25180,320468510,-2.46,101428354650,-1011490.0,-130479940.0,20241224
039420,2600,2940,2515,2575,1948622,5349096100,-2.09,62198429750,26412700.0,18664175.0,20241224
083550,3095,3120,3080,3090,31081,96368560,-0.16,38236358340,-1094145.0,9999945.0,20241224
032500,8060,8180,8000,8010,61207,493605710,-1.11,318965272830,-56963710.0,-1397730.0,20241224
225430,662,680,650,651,27945,18408393,-1.66,18154469550,201489.0,,20241224
102370,3545,3600,3490,3505,36028,126793470,-1.68,95438381050,-13873195.0,10.0,20241224
068100,3260,3260,3010,3010,28869,90027350,-4.14,29918238140,5663780.0,,20241224
036030,3695,3715,3650,3650,12812,47110400,-1.22,178920382950,-18603165.0,-3662515.0,20241224
064820,5990,6030,5750,5900,139236,813845110,0.0,182320195200,20157200.0,,20241224
256940,5030,5270,5010,5200,43559,223957850,3.17,97493021600,25819920.0,197100.0,20241224
024880,3840,3930,3790,3900,137056,530917535,1.56,80662912200,11352755.0,15271340.0,20241224
042040,294,297,288,292,318048,92540924,-0.68,50942587764,12452224.0,-239948.0,20241224
054410,3215,3340,3215,3285,1941,6395645,2.5,18811368540,-543810.0,,20241224
258610,1373,1482,1373,1389,23905,33442943,0.94,37207327737,-1907714.0,,20241224
274090,9970,10280,9830,9900,121567,1213950330,-0.7,127840937400,-77469400.0,851400.0,20241224
089010,16500,16920,16260,16350,72567,1203337070,-0.24,250716557100,-148478300.0,1063490.0,20241224
220260,4930,5800,4735,4770,10201106,54606802070,4.49,126683124390,2154810.0,54855.0,20241224
052400,26600,27700,25600,27400,218077,5859411200,3.01,408259972600,313016000.0,-382121800.0,20241224
402030,20350,20400,19620,19620,50174,996406440,-3.35,224988190560,-68525390.0,1421920.0,20241224
391710,1432,1455,1421,1430,15483,22224897,-0.97,60153072980,-4902660.0,,20241224
046070,0,0,0,10280,0,0,0.0,146172317160,,,20241224
047770,1550,1576,1517,1520,392268,605367824,-3.0,57520755040,88401046.0,,20241224
080530,1138,1155,1115,1122,22764,25574369,-1.41,48583079094,-4202106.0,,20241224
104540,5360,5520,5360,5410,2763,14971490,-1.1,69170853400,-4921290.0,,20241224
027050,2390,2465,2390,2390,268875,649150380,-0.83,95600000000,119729575.0,-3485105.0,20241224
190650,5600,5670,5500,5550,4333,24181890,-0.89,35453400000,-318920.0,,20241224
123410,4605,4625,4375,4470,459461,2051606130,-2.83,124449556080,-499898630.0,-35296675.0,20241224
036690,0,0,0,2885,0,0,0.0,45885746130,,,20241224
049430,10520,10640,10370,10550,99401,1045666090,0.48,95456400000,94889040.0,-10504150.0,20241224
183300,38400,38550,36850,37150,49445,1843079000,-1.33,388614410600,-656593000.0,298442100.0,20241224
041960,3810,3845,3785,3810,88248,336146255,0.0,269070707730,-5202770.0,7665.0,20241224
089890,6760,6810,6510,6630,30032,198406080,-1.04,109958298060,-72582250.0,90.0,20241224
360350,7340,7450,7270,7340,25342,185816110,-0.81,41801079800,-4977390.0,-13062840.0,20241224
082660,0,0,0,480,0,0,0.0,47827617120,,,20241224
222040,3095,3100,3045,3090,17197,52887955,-0.16,63740520000,-20255845.0,1422100.0,20241224
241710,51700,56100,51600,53800,134765,7358818100,3.26,574584000000,362646500.0,758476300.0,20241224
355150,5030,5130,5000,5010,34975,176205600,-0.79,39064723500,54586500.0,-7535230.0,20241224
166480,4670,4815,4280,4400,2513155,11398347015,-7.17,144629654400,-43465875.0,-1222185.0,20241224
045970,4245,4245,3955,3955,94173,383795450,-5.61,104075334580,-86348700.0,,20241224
196450,730,746,719,734,33040,24114298,0.27,33264573188,-13783.0,,20241224
384470,6260,6340,6090,6140,73043,448768560,-1.6,78788872960,-149541770.0,,20241224
029960,9000,9020,9000,9020,35197,317051860,0.22,451000000000,19183390.0,-10.0,20241224
102940,23550,24300,22800,23800,43642,1028965250,3.25,295676610600,-77401400.0,48300.0,20241224
950160,23500,26500,23050,25100,788464,19784505850,6.81,1994606891000,-153221200.0,622745400.0,20241224
033290,2180,2245,2180,2205,60265,133616295,0.23,123824643705,-26622370.0,-838675.0,20241224
056360,5440,6430,5380,5530,3567002,21515566400,1.28,54176304000,-180027840.0,-1495170.0,20241224
282880,13750,14000,13650,13670,24984,344364800,-0.36,152308501690,-130898250.0,9947000.0,20241224
121850,1315,1469,1302,1390,1177684,1654943738,2.96,42553703250,56115501.0,,20241224
448710,14480,14540,14190,14300,18752,268573550,-0.63,74082422700,-33384420.0,22411950.0,20241224
126730,10090,10290,9890,10070,23023,231035580,-0.3,85629842200,3666500.0,53281840.0,20241224
015710,4555,4650,4405,4435,303243,1377523815,-1.22,77747767500,-306461445.0,,20241224
052330,8060,8210,8040,8150,14972,121772730,0.87,134696468100,-9550390.0,-5128540.0,20241224
322780,826,845,825,825,63226,52459283,-2.37,31294405725,169229.0,,20241224
200130,11570,11860,11570,11730,43784,513001690,0.26,345044495340,-20095270.0,113517330.0,20241224
294570,16280,17020,16120,16690,43074,716113820,2.64,171150692650,9904530.0,100.0,20241224
317690,5900,5980,5770,5790,106977,623309950,-1.19,95751609690,124806480.0,,20241224
078940,0,0,0,2855,0,0,0.0,151584163690,,,20241224
227100,664,664,624,625,484149,308666078,-2.65,15083863750,-18612376.0,,20241224
432720,10160,10790,9520,9680,576429,5818210020,1.04,134834578560,-416436760.0,-20137650.0,20241224
365270,6220,6300,6090,6150,69133,426795770,-1.13,85324903200,22675960.0,-109690.0,20241224
348080,582,598,574,595,285051,167379549,2.41,34487904080,13007929.0,-15058800.0,20241224
060280,6280,6450,6280,6330,106046,673776120,0.8,260099636700,71794210.0,-69755570.0,20241224
372320,29450,30050,27800,29000,157178,4548227000,-0.68,409280596000,499021750.0,-797650.0,20241224
051780,1041,1070,1041,1041,47402,49478751,0.0,14201577045,-2703070.0,-2740634.0,20241224
115180,4480,4505,4360,4400,33218,145888545,-1.46,142087752400,14435445.0,,20241224
445680,19360,19360,18880,19180,78607,1501240170,-0.47,308735434840,35413810.0,-91794390.0,20241224
182360,15850,16310,15720,16090,76999,1233965360,0.69,234456352130,-188072700.0,-41688100.0,20241224
405100,12300,12300,11950,11970,21603,260568920,-1.64,147102932970,-56587820.0,1615730.0,20241224
066310,7660,7790,7300,7400,161508,1216833220,-3.9,68609995400,43743060.0,4970230.0,20241224
016600,238,239,235,238,263578,62502230,0.0,42422812656,1365385.0,160796.0,20241224
355390,16010,16010,15250,15690,66765,1035462650,-2.06,70118107920,22273760.0,,20241224
096240,15150,15200,15060,15160,22569,341832000,0.07,168854808800,26194140.0,393870.0,20241224
040350,581,600,563,599,424121,248593384,2.92,111776588477,-20857617.0,0.0,20241224
110790,6000,6280,5980,6260,46287,283257900,3.64,146677809600,-3919750.0,-90.0,20241224
900250,851,869,849,852,174430,148670073,-0.93,111305283408,-204529.0,,20241224
045520,4635,4670,4600,4670,10392,48305160,-0.32,30355000000,534615.0,7205.0,20241224
036170,905,920,879,899,89472,79714495,-0.99,55167697774,-3714997.0,,20241224
214150,48900,50100,48900,50100,141419,7009599400,2.56,3281833515900,-99060450.0,395920000.0,20241224
466100,6560,8220,6390,7850,32283718,246061963390,21.89,192757911800,1721775360.0,-2439155970.0,20241224
352770,532,544,510,515,193142,100986626,-3.2,20026348195,-1703763.0,,20241224
237880,18000,18920,17990,18730,259705,4863047840,4.75,338476441690,-165877370.0,1034550980.0,20241224
139670,3030,3290,3010,3045,183286,572933785,1.5,42991776450,-63447665.0,,20241224
487720,1936,1949,1936,1943,204180,396945224,0.36,8218890000,14662833.0,62454174.0,20241224
489480,1930,1935,1924,1929,51099,98582189,-0.05,12731400000,2656342.0,14971972.0,20241224
413600,2110,2145,2100,2130,21423,45436755,1.19,7305900000,59630.0,51480.0,20241224
433530,1999,2020,1991,1991,28738,57505197,-0.4,8173055000,-411529.0,0.0,20241224
446840,0,0,0,2130,0,0,0.0,12524400000,,,20241224
054780,5320,5350,5190,5230,34146,179043690,-0.76,102234957390,-76808110.0,1389140.0,20241224
219130,13410,13630,13030,13030,22767,302869070,-3.27,82275198700,-58232610.0,78878350.0,20241224
336680,9950,10700,9870,10170,287994,2978077410,4.63,199055162430,146007430.0,-2793450.0,20241224
360070,27500,28550,27050,27050,14081,389424800,-1.64,218475898150,-35530950.0,-1034300.0,20241224
065130,5280,5400,5210,5330,14523,77070150,-0.19,91622604060,-3503760.0,,20241224
134580,1534,1534,1512,1529,15193,23139931,0.13,33677397743,-2488897.0,,20241224
023160,18280,18650,17890,17890,546909,9966967950,-1.49,474085000000,-966339830.0,626444250.0,20241224
323280,26350,26700,25200,25650,220104,5706251300,-1.16,664097224500,696524500.0,4037450.0,20241224
053620,6500,6520,6460,6460,801,5200590,-0.92,55556000000,-58150.0,0.0,20241224
044490,11430,11490,11100,11140,64762,729019210,-0.8,222882224340,-40895760.0,-83420.0,20241224
124560,2930,2965,2915,2950,55669,163417665,0.17,113328922800,-15207135.0,9470675.0,20241224
191420,14300,14440,13140,13190,48880,665560740,-8.78,106955520460,22751480.0,,20241224
073640,0,0,0,654,0,0,0.0,62514162216,,,20241224
066700,3210,3240,3055,3210,122225,386023155,-0.93,104242936350,42650540.0,8499990.0,20241224
095610,16300,16300,15940,16140,41491,666886970,0.0,319059167640,-44909970.0,-30291000.0,20241224
064520,1877,1884,1845,1865,3000,5565270,-0.27,41684730630,-71060.0,,20241224
089030,37850,38350,36450,37400,787051,29344141150,0.54,1397026323000,-3719416800.0,1806934050.0,20241224
054450,13410,13490,12790,12860,116726,1524223870,-3.81,194754836380,158651170.0,-47860.0,20241224
200230,0,0,0,598,0,0,0.0,71909640530,,,20241224
393210,4350,4450,4270,4415,125559,546902315,1.49,68938211760,127538690.0,82431630.0,20241224
475960,15300,16040,15070,15600,394572,6196396350,1.5,203542466400,339679490.0,411732030.0,20241224
215480,2770,2815,2730,2730,8858,24497025,-2.5,25662000000,-2291335.0,,20241224
051360,20100,20500,19900,20050,69082,1387448440,-0.25,324149512900,-68481040.0,-84591110.0,20241224
045340,9100,9760,8750,9400,471130,4448546540,4.56,80445576000,66962810.0,190200.0,20241224
108230,4760,4800,4730,4755,15827,75308535,0.42,180800529975,-8230170.0,-14255.0,20241224
079970,982,1015,950,968,56324,55474158,-1.43,8993204000,1198371.0,,20241224
199800,38550,38550,37600,37600,60708,2291801250,-1.05,321231012800,-37708450.0,-188600300.0,20241224
417790,10110,10160,9990,10070,37836,380485210,0.2,110766475500,-41189210.0,-68653590.0,20241224
290090,7830,8000,7650,7900,2019,15800370,1.15,58714917200,-2271660.0,7990.0,20241224
026150,6360,6410,6300,6320,48658,308935240,-0.78,110892811920,8854510.0,1220.0,20241224
464280,14030,14160,13400,13400,59090,805053960,-3.8,74102000000,-93074260.0,,20241224
322180,4620,4620,4410,4415,36354,161631845,-2.21,92304312285,-25065365.0,,20241224
117730,7210,7450,7210,7270,85838,629022850,1.54,132113071740,-18034980.0,-11025730.0,20241224
033830,850,860,830,835,576710,484371476,-3.13,83500000000,,-2642340.0,20241224
057680,1082,1091,1046,1056,364254,388483624,-3.39,75238417056,7799523.0,0.0,20241224
204610,1526,1543,1516,1523,217954,332343869,-1.3,97352779560,-75765621.0,-741701.0,20241224
064760,69700,70600,69400,69700,19820,1382427100,0.0,813747500000,-204537200.0,113663700.0,20241224
246710,3800,4380,3765,3915,312792,1252333360,4.4,84355831620,22895630.0,,20241224
340570,63800,65700,63800,65400,51769,3371325000,2.83,531571200000,-665520100.0,454385000.0,20241224
043220,403,413,399,399,430737,174229573,-0.99,57545441037,1914426.0,1011554.0,20241224
277880,4865,4925,4780,4820,12379,60038045,-0.92,97175210240,-9379280.0,,20241224
131290,42600,42650,40800,40900,47165,1954781400,-2.5,452412446100,164014950.0,-215157050.0,20241224
425420,17000,17000,16100,16100,26564,436419210,-3.94,183234100000,-203631130.0,,20241224
131100,1303,1315,1290,1300,23980,31154305,-0.23,36462727600,-1156042.0,4625774.0,20241224
356860,13330,13560,12970,13100,32017,421788650,-1.21,128807453000,-46785160.0,-73569590.0,20241224
321550,4340,4650,4100,4115,114500,493501930,-0.12,107177207810,-143844000.0,-17880960.0,20241224
425040,8210,8300,7960,7960,51106,409797720,-3.05,169675853520,-89755670.0,-128443770.0,20241224
241790,4820,4880,4750,4770,9702,46367050,-0.93,47712564180,-3431985.0,,20241224
104480,1856,1899,1820,1853,8580279,15919025250,0.22,168429239202,96626964.0,4869168.0,20241224
081150,3050,3095,3030,3065,173078,529720425,0.82,74382652130,103328720.0,63243055.0,20241224
130740,1844,1949,1844,1929,80628,152557527,2.77,21752713791,8864037.0,,20241224
084730,9040,9100,8940,9010,6314,56806390,-0.33,100095910240,-12207930.0,58300.0,20241224
440110,14160,15350,14160,14910,203413,3011861930,6.05,735766692360,452633130.0,241083750.0,20241224
033540,1581,1581,1517,1527,226038,346375913,-1.1,57645873201,44652022.0,,20241224
388870,7480,7650,7350,7450,34812,259360320,-0.4,96447193400,25511450.0,,20241224
043200,539,553,531,535,25339,13655732,-0.74,22365308525,-1063390.0,,20241224
214450,256500,270000,254500,266500,127616,33682831500,3.9,2800808400000,-2719965500.0,1781841000.0,20241224
208340,0,0,0,2915,0,0,0.0,233786229820,,,20241224
177830,3020,3040,3000,3000,10800,32541700,-0.66,39866259000,2807085.0,-4061015.0,20241224
037070,5000,5090,5000,5030,7142,35913050,-0.4,100600000000,-3127320.0,-27380.0,20241224
150900,5080,5100,4945,5020,13345,66609990,-1.18,58660818440,-37818665.0,,20241224
037030,2260,2325,2215,2300,98286,224271415,1.77,50321640200,-5072390.0,,20241224
047310,6110,6170,6050,6060,198236,1209392520,-0.82,221861175300,-41395630.0,12270.0,20241224
368770,4630,4710,4465,4475,764695,3497310655,-1.0,147022656875,-585955210.0,,20241224
170790,8830,8950,8730,8910,2636,23358550,0.91,61089900300,-1564040.0,,20241224
049120,1031,1089,987,1050,233466,240305402,5.74,54613381200,-6255174.0,,20241224
038950,3720,3775,3550,3615,18361,67273525,-2.3,36911915475,-1511380.0,10.0,20241224
441270,4735,5720,4735,5150,2009148,10585957425,8.31,190487690150,-660050135.0,-4901320.0,20241224
106240,902,1118,890,1118,8883279,9272567435,30.0,17801977726,-49335761.0,1004.0,20241224
131760,785,797,768,776,146018,113460919,-2.63,33702908408,-1753469.0,,20241224
065690,1053,1080,1011,1016,83092,86099408,-2.96,14274120296,-8595207.0,,20241224
140860,207000,207000,198100,199700,28623,5729233500,-3.06,1395019726900,-1133398600.0,-401754800.0,20241224
091700,7510,7510,7430,7450,139004,1038647660,-0.53,438940694300,-154175090.0,-98621760.0,20241224
032800,585,595,585,586,63566,37419249,-0.51,26930835988,-236797.0,,20241224
318010,3990,3990,3815,3815,25335,98424005,-3.9,30250424470,-23916890.0,-849190.0,20241224
027710,1175,1186,1172,1180,100206,118073848,0.08,131471588000,63023.0,184126.0,20241224
225590,958,958,936,946,69415,65403817,0.64,25198330498,-598195.0,-127078.0,20241224
054300,484,484,471,483,100228,48356854,-0.21,32354187285,-567431.0,,20241224
068050,2170,2240,2095,2140,99278,213130115,-2.28,59265322640,-24180390.0,-8712620.0,20241224
222110,5670,5880,5280,5500,73270,400815390,-3.0,70940083500,48574500.0,87960.0,20241224
271830,1597,1625,1580,1604,18747,30077140,0.44,47302284008,-9744843.0,,20241224
263750,27650,27900,27450,27550,179945,4984586800,0.0,1770028405250,491061550.0,-6411550.0,20241224
251970,42050,42600,41350,41650,43960,1839127850,-0.95,516460000000,431839450.0,-277306150.0,20241224
168360,5750,5820,5400,5400,264305,1460664920,-5.26,114956733600,25826310.0,,20241224
087010,94800,101500,93200,99000,1116658,108939783400,4.76,2306437650000,6672349500.0,2825357400.0,20241224
064800,1306,1339,1300,1318,246479,324327765,0.76,168450018764,27091000.0,-6256560.0,20241224
119500,3035,3035,2915,2950,104838,309319695,-1.5,34949334400,-54733345.0,8950.0,20241224
389140,5050,5100,4870,4875,32971,162245530,-1.32,54174583125,-11481360.0,10.0,20241224
105760,5990,6090,5960,5960,15570,93501110,-0.83,56402221600,5992970.0,,20241224
009520,12470,12750,12270,12290,82037,1021881790,-1.52,511788819870,-191435510.0,-31389470.0,20241224
189690,2055,2070,2010,2020,51226,103751950,-0.98,55190377380,4900850.0,,20241224
318020,2900,3185,2900,3040,23921,72273845,3.75,38493306880,-1167780.0,,20241224
256630,1140,1190,1140,1181,107346,124917031,2.7,68494542032,-1168691.0,,20241224
331380,1911,1911,1851,1897,40520,76317235,0.0,43110182444,34809471.0,,20241224
472850,5220,5590,5220,5510,113547,616087770,4.95,178215070830,44039040.0,,20241224
039980,3405,3425,3175,3360,7718938,25442475670,-1.03,242918739840,78210190.0,-4742920.0,20241224
041910,5380,5490,5360,5400,14931,81098660,0.37,72908677800,25786580.0,-104880.0,20241224
234100,1152,1167,1149,1150,99875,115292592,-1.54,62575194950,918201.0,,20241224
041020,5760,5780,5520,5630,523779,2950949680,-1.23,279954553740,-91500620.0,-14211350.0,20241224
114630,518,520,509,511,95078,48731715,-1.35,39734107028,20659.0,,20241224
290720,3035,3560,2710,2710,862050,2686626345,-5.9,36322287180,-152167470.0,,20241224
005670,5330,5330,5170,5200,10287,53575530,-0.76,52000000000,-12484050.0,-520410.0,20241224
094940,7100,7100,6580,7030,79634,553827960,0.0,58780543580,45348490.0,0.0,20241224
057880,0,0,0,8790,0,0,0.0,216061434720,,,20241224
007330,9010,9160,9000,9090,58191,527708740,1.11,137102652000,22201100.0,,20241224
093380,2380,2440,2380,2435,5728,13751335,2.53,24056127155,-591135.0,317550.0,20241224
023900,9450,9520,9390,9440,6493,61238380,-0.94,118944000000,803170.0,246910.0,20241224
371950,8540,8680,8300,8500,23847,201809360,2.04,178844148000,52390430.0,-24661310.0,20241224
370090,27300,27350,26100,26150,433440,11480629050,-4.04,222715104500,575782350.0,54683800.0,20241224
445180,5600,5700,5380,5470,29684,162932810,-2.32,91727458360,-2319180.0,5470.0,20241224
151910,0,0,0,640,0,0,0.0,121645902080,,,20241224
220100,15330,15990,15160,15780,224705,3490328130,2.67,348772005900,-4316560.0,-17632640.0,20241224
035200,3475,3540,3340,3395,42765,146097165,-1.74,33035353050,7872615.0,43800050.0,20241224
334970,4770,4770,4640,4680,60685,283287280,0.0,362314541160,-50450655.0,1118325.0,20241224
321260,2135,2145,2080,2100,72425,151785505,-0.94,59203376400,-23727520.0,41840000.0,20241224
053610,22650,23050,22400,22600,18120,411662650,-0.88,248600000000,-35403100.0,-22414150.0,20241224
303360,2715,2780,2685,2755,15414,42170570,1.66,35476727325,-369725.0,,20241224
377220,1855,1865,1811,1848,13490,24812190,0.38,52316880000,-3437630.0,22.0,20241224
335810,2860,2920,2810,2850,21053,60568185,-0.35,33101399100,-3800170.0,-1192060.0,20241224
053160,14500,15270,14110,14150,368284,5447868680,-3.35,84900000000,-486870480.0,-770.0,20241224
405000,1309,1383,1309,1343,13477,17973549,-1.25,35021201492,425887.0,,20241224
041590,0,0,0,789,0,0,0.0,103917099150,,,20241224
367000,4100,4100,3990,4075,8743,35095385,-0.49,34181943525,-1435575.0,,20241224
075130,2390,2450,2340,2430,260364,627485900,2.75,40392237600,-15737445.0,,20241224
237820,5930,5980,5610,5800,85143,491047290,-1.86,74397412000,113969980.0,,20241224
023770,3440,3440,3340,3385,21572,72800520,0.0,29675685700,-7252600.0,,20241224
019570,295,297,283,288,76307,22090016,-1.71,18809292096,-6613620.0,,20241224
300080,18800,18860,17910,18240,50235,918946460,-2.98,100353142080,63459930.0,,20241224
033790,5600,5690,5340,5550,131160,719637230,-0.36,126666540000,125078940.0,,20241224
032580,1240,1271,1212,1213,279110,345405856,-2.1,40189193632,-40676590.0,,20241224
051380,2550,2635,2515,2515,128241,329715280,-1.95,38580281080,14113435.0,45675445.0,20241224
241820,564,585,564,567,122248,69745914,-0.53,33550505289,-12176342.0,,20241224
237750,4085,4140,4035,4070,7874,31975630,-0.37,26441162000,-1813770.0,5.0,20241224
460940,8470,8980,8360,8820,84450,729410250,4.63,57080746800,125636970.0,-104721290.0,20241224
319660,17160,17400,16850,17000,122549,2098939200,-0.12,492434138000,-226768340.0,255866690.0,20241224
031980,33400,34050,32250,32350,204687,6736622500,-1.82,697543478250,-1500237550.0,385291050.0,20241224
002230,4045,4045,3990,4015,10870,43480230,-0.12,77773252095,966350.0,,20241224
043370,10040,10040,9920,9990,18268,182144940,-0.1,209790000000,11585030.0,-6396160.0,20241224
239890,7730,7930,7680,7810,18948,147367440,1.56,77598246550,4187310.0,37970.0,20241224
347740,2200,2200,2150,2175,13041,28287160,-0.23,65273002800,-3692460.0,,20241224
137400,40500,41100,39400,39500,171144,6856543500,-1.62,937851897000,-604745600.0,-259344250.0,20241224
257370,3500,3500,3365,3400,44051,149825385,0.29,42516527400,-44775015.0,,20241224
147760,2870,2870,2780,2780,17613,49760585,-2.11,30079227480,-3355285.0,,20241224
128660,3065,3100,3050,3070,86231,264534810,0.33,76146342830,-52904045.0,,20241224
006140,4510,4630,4510,4605,5601,25656905,1.66,69075000000,-4584075.0,,20241224
376180,2335,2410,2335,2390,24527,58185160,1.49,44194393420,6498065.0,,20241224
304840,3190,3235,3130,3135,58106,183447370,-1.88,66115469640,-945985.0,,20241224
087600,6670,6680,6400,6540,3342,21786120,-1.8,53409289320,-4614730.0,,20241224
291810,1880,1919,1795,1812,15195,28000864,-3.62,20580174144,-653920.0,,20241224
378340,13020,13510,12970,12970,84736,1115610070,-1.22,276077889540,-112254700.0,-176130.0,20241224
161580,20100,20400,18640,18700,850225,16579189810,-4.15,427167466000,-489009040.0,-832959500.0,20241224
347770,1760,1770,1710,1710,4675,8105154,-2.84,39085541820,-3606051.0,1740.0,20241224
163730,8530,8550,8330,8400,91955,773051680,-1.18,78671107200,110461930.0,12564460.0,20241224
417180,2745,2745,2630,2700,32743,87688180,-1.46,45403764300,-215100.0,,20241224
446750,2070,2070,2040,2055,25656,52540290,-0.24,12391650000,-35.0,48648715.0,20241224
448370,2055,2055,2020,2045,37489,76240390,0.0,11492900000,-679035.0,48315495.0,20241224
454750,1990,2005,1974,1989,59590,118300124,-0.3,14324778000,-1378584.0,-45631545.0,20241224
454640,2035,2090,2025,2030,13874,28147540,-0.25,10964030000,-455440.0,-4807205.0,20241224
469880,1960,1961,1950,1957,6070,11841122,-0.25,14295885000,39116.0,-3981800.0,20241224
469900,1995,2005,1994,2005,2649,5284804,0.0,11238025000,-27929.0,-4107675.0,20241224
475240,2095,2095,2055,2090,24100,49678115,-0.24,6688000000,1301385.0,3810570.0,20241224
475250,2055,2085,2000,2065,8544,17366595,0.49,7640500000,-257160.0,5324585.0,20241224
484130,1987,1998,1987,1997,5967,11914618,0.55,9026440000,-143404.0,2379660.0,20241224
406760,0,0,0,1575,0,0,0.0,11670750000,,,20241224
435620,10360,10360,10320,10350,12927,133770700,0.0,44525700000,-424040.0,-48025550.0,20241224
299030,18090,18500,17700,17740,20590,370168410,-2.85,141829703400,-75557950.0,-24105670.0,20241224
067310,10060,10170,9560,9680,341610,3345870810,-2.81,636410593280,-619657920.0,-458589720.0,20241224
166090,24050,24200,23650,24150,51433,1233931050,1.26,477630827100,214469850.0,33966350.0,20241224
136480,2850,2855,2820,2825,95141,269119480,0.18,300042408150,14816055.0,344220.0,20241224
003380,5690,5820,5680,5700,163574,938807460,0.35,638432039700,328580100.0,-110910720.0,20241224
450330,7090,7220,7030,7070,13193,93434680,0.0,55400583630,9826500.0,-27940400.0,20241224
101670,1840,1842,1770,1798,770856,1385439373,-2.39,97397606060,-108705847.0,,20241224
365590,689,689,640,640,86501,56367250,-3.61,92446277760,-19810381.0,,20241224
149980,6380,6600,6110,6300,54699,347520310,-0.63,117144486900,50145930.0,64361890.0,20241224
013030,26850,26900,26300,26500,73160,1944504700,-0.19,325829213000,-569956450.0,344682600.0,20241224
126700,17600,17770,16840,17690,166246,2923110170,1.26,264325961280,433033710.0,-151323880.0,20241224
106080,2520,2550,2370,2505,446962,1099361215,0.2,39417339825,16445830.0,-37030875.0,20241224
450050,2030,2030,2020,2030,11792,23843755,0.0,10178420000,-243300.0,19349705.0,20241224
160190,11030,11650,10810,10810,1523082,17174892190,-1.1,333899280000,-552224110.0,-34151030.0,20241224
221840,1497,1541,1497,1529,8145,12401384,0.66,28593157769,171673.0,,20241224
106190,13570,14100,13570,13840,33344,460899780,1.1,147163114320,120123930.0,-159654510.0,20241224
065650,1238,1274,1200,1271,541510,671213135,1.84,135592480101,43767928.0,-1098796.0,20241224
066130,5800,5820,5600,5630,67640,384485750,0.0,72064000000,27729820.0,-7150.0,20241224
004590,4055,4090,4040,4050,11441,46529030,0.25,60750000000,3590690.0,5.0,20241224
039340,6100,6150,6060,6130,53631,328627470,0.49,140990000000,-34955340.0,182815250.0,20241224
034950,88600,88900,88400,88400,1330,117814000,-0.23,401381437600,-11970700.0,-14344700.0,20241224
222980,3465,3495,3410,3420,15014,51719960,-1.87,37727671860,-2869275.0,5.0,20241224
256840,4110,4165,4095,4145,193947,800844130,0.85,281497076235,175167795.0,-3086330.0,20241224
219750,0,0,0,967,0,0,0.0,63267797795,,,20241224
025550,4270,4295,4030,4035,824668,3429331510,-4.16,94015500000,-89050930.0,0.0,20241224
017890,8360,8390,8300,8340,9208,76795470,0.12,180192038400,-19751180.0,-95230.0,20241224
080720,0,0,0,2725,0,0,0.0,21562456300,,,20241224
063570,4725,4795,4725,4735,16424,77923360,0.0,161689492080,-1577205.0,2270390.0,20241224
041460,2965,3015,2965,3015,31363,94022585,1.52,57285000000,2639950.0,10.0,20241224
101680,3230,3230,3000,3150,472407,1457360400,-2.63,26472600000,-14745560.0,,20241224
039740,2560,2575,2500,2500,9795,24859930,-2.34,20045992500,-641095.0,-28070.0,20241224
053300,4220,4420,4215,4290,421507,1821734460,0.7,182073438690,-166875995.0,133638660.0,20241224
025770,7760,7900,7760,7860,11552,90657470,0.9,294311970060,-17819600.0,31507170.0,20241224
458610,2100,2100,2070,2075,566,1180700,0.0,8777250000,-224000.0,0.0,20241224
464440,2020,2075,2020,2065,9,18555,-0.24,8920800000,-2075.0,0.0,20241224
477530,2000,2035,1998,1998,13367,26835876,-0.84,9610380000,38070.0,6122690.0,20241224
479880,1991,1999,1991,1997,13708,27310077,0.25,13719390000,-107452.0,16652831.0,20241224
062970,3185,3280,2875,2920,3530221,10808745655,-8.75,28815754280,-63028515.0,,20241224
023760,572,574,561,574,201032,114457649,0.88,181159896624,558275.0,-665549.0,20241224
054040,5330,5380,5270,5320,27912,148140100,-0.37,85499262800,-9158120.0,3900.0,20241224
021650,2280,2365,2270,2360,40186,93498085,3.28,38587328680,-1545235.0,,20241224
032300,15640,15890,15600,15600,15998,250680120,-1.08,170144535600,11482640.0,-4503100.0,20241224
037230,1795,1815,1767,1769,22897,41143337,-0.9,52716778463,527040.0,,20241224
030520,22350,22350,21300,21600,526497,11410160000,-2.7,522282470400,-609989700.0,-332039950.0,20241224
052600,4610,4635,4580,4590,42611,195938240,-0.43,53077383000,-11173280.0,20.0,20241224
256150,6260,6290,6200,6290,2527,15768970,1.29,52804550000,-112660.0,,20241224
092460,8200,8420,8080,8260,93919,775494410,0.49,141325956800,-58062750.0,,20241224
452190,3230,3265,3170,3190,100764,322805820,-1.54,73889194830,-40429515.0,,20241224
047080,1319,1354,1297,1303,28452,37240044,-1.44,32343537686,-12928105.0,,20241224
452280,6450,6470,6250,6320,88466,559788500,-2.62,108303312000,-57072420.0,293490.0,20241224
066980,1725,1747,1692,1694,33762,57391895,-1.51,87978101750,-16350460.0,,20241224
114810,6500,6550,6370,6420,47467,306217230,-0.47,186906577080,-58300190.0,44972560.0,20241224
070590,985,1040,985,1012,14845,14927792,2.74,14046075252,-1182760.0,,20241224
226440,0,0,0,1530,0,0,0.0,100580954580,,,20241224
042520,8850,9200,8740,9200,25640,231225670,3.72,124442576400,91282980.0,-73600.0,20241224
430690,3890,4035,3825,3845,41627,161284475,-2.04,41892532315,7119665.0,-1719930.0,20241224
078350,8240,8390,7910,8380,72266,594957110,2.44,127747921160,-118586040.0,62626870.0,20241224
045100,17240,17320,17000,17100,15937,272498040,-0.81,307800000000,-45935030.0,-14576650.0,20241224
214870,0,0,0,6920,0,0,0.0,64765809320,,,20241224
320000,2505,2550,2270,2365,215226,520520410,-5.02,66138707855,-50676300.0,,20241224
091440,5070,5340,4990,5050,36563,185200600,0.2,73763688550,-18246430.0,,20241224
024740,2045,2075,2030,2045,308905,633512725,-0.24,67274465205,104292110.0,,20241224
005860,3665,3730,3665,3695,114507,423206060,0.0,145596616075,-3194705.0,,20241224
007770,11460,11770,11370,11460,4783,54774720,-0.95,40224600000,-2438820.0,,20241224
198940,745,760,745,749,68933,51554942,0.0,29153310522,19810643.0,,20241224
058450,2075,2130,1965,1995,36001,72457423,-3.86,29513273895,5962276.0,,20241224
107640,22000,24350,22000,23850,372771,8863335150,8.41,215817362100,190544650.0,447794500.0,20241224
079170,6730,6800,6670,6700,9585,64394450,-0.45,34840000000,-10512580.0,,20241224
054920,3210,3395,3095,3140,752992,2448657145,-0.79,88601634340,-264509730.0,10.0,20241224
457370,9200,9540,9130,9140,127835,1187016040,0.11,73368004760,144699790.0,-15981560.0,20241224
002680,712,712,695,705,60503,42607031,-0.98,22783343295,-893944.0,,20241224
455310,2015,2025,2005,2020,21012,42143510,0.25,10221200000,-10100.0,2021295.0,20241224
034810,5790,6200,5740,5910,42612,252404560,2.07,192411024870,926260.0,0.0,20241224
03481K,7180,7540,7130,7280,1786,12969030,0.97,10111352160,-280.0,,20241224
059270,5300,5570,5190,5440,191218,1028448340,2.84,60605946560,307258980.0,,20241224
076610,1006,1006,970,970,76834,75276404,-3.58,24689602060,-485481.0,-3446069.0,20241224
220180,2820,2860,2785,2790,6953,19496185,-0.36,54148320000,-1278710.0,,20241224
900270,284,285,280,283,1187411,335126576,0.0,43095901088,6707825.0,,20241224
214180,12580,12690,12500,12640,12505,157738540,0.64,167570818400,-91726160.0,99380.0,20241224
234340,14910,15040,14630,14700,10552,155672800,-1.41,138959100000,-2465880.0,-24676910.0,20241224
084990,2705,2760,2700,2715,39321,107480255,-0.55,125141943855,-6332200.0,2527590.0,20241224
187660,1400,1716,1400,1716,3771972,6307557988,30.0,73769431164,-395893044.0,-124138906.0,20241224
170030,5070,5250,5040,5110,43613,224557640,0.79,78387400000,-63186620.0,20.0,20241224
319400,3410,3450,3350,3390,608304,2066087615,-0.29,399142186620,-227154950.0,462071295.0,20241224
048410,14330,15300,14330,15000,485176,7204529230,7.45,597324120000,290400180.0,-96796780.0,20241224
052260,4235,4265,4210,4220,42051,178128635,0.12,126600000000,-21060935.0,,20241224
016790,0,0,0,994,0,0,0.0,187340898626,,,20241224
041440,8750,8810,8370,8500,573882,4895374960,-2.52,152285524000,4017700.0,50.0,20241224
039010,6390,6390,6210,6380,30860,193523040,-0.16,55027500000,-2170810.0,-849520.0,20241224
090850,5300,5340,4995,5260,97700,515260815,-0.57,124905858860,-110977290.0,123760250.0,20241224
460930,13760,13940,13360,13630,292295,3964442460,-0.44,482396653730,343532500.0,-49727770.0,20241224
092300,2600,2635,2575,2625,25937,67761795,0.96,49016142000,13249990.0,,20241224
138360,664,670,642,649,100660,65985635,-2.26,31378012952,-1810233.0,,20241224
011080,766,805,750,750,739392,571086602,-3.1,19127523000,12169328.0,,20241224
060560,0,0,0,855,0,0,0.0,109157443875,,,20241224
064240,2365,2395,2260,2260,111412,257020570,-4.44,79185907120,-9982320.0,55680.0,20241224
039610,7570,7700,7380,7440,397689,2974790640,-2.11,77453376000,60242370.0,-20.0,20241224
126640,1278,1313,1270,1295,116762,151192955,0.39,47104183665,-2007139.0,,20241224
127980,6160,6470,6160,6420,21426,136584120,4.22,76017191280,-4080980.0,,20241224
061250,1253,1364,1253,1290,1043609,1365553582,2.95,106908302370,-313397694.0,,20241224
097870,7380,7660,7070,7320,727315,5340588450,-2.01,62146800000,160826370.0,-14139860.0,20241224
290270,3290,3335,3235,3325,12176,40035350,0.15,31945509400,-1968770.0,423765.0,20241224
353190,692,707,690,700,36119,25275793,0.0,27564894000,-3103259.0,,20241224
192410,2080,2080,1995,1995,28538,57703725,-4.09,28399882350,-11356010.0,,20241224
090710,1352,1393,1350,1367,1274011,1751660181,1.26,149854866555,47026453.0,1367.0,20241224
078590,645,655,588,600,898630,547410792,-3.23,32526203400,-41071788.0,-458443.0,20241224
205470,1684,1688,1659,1667,768363,1282558006,-1.01,215668140003,-122121486.0,-1866864.0,20241224
115160,1192,1238,1182,1182,117929,142208698,-0.84,51972686568,-2833391.0,,20241224
028080,2580,2595,2470,2500,90824,227522730,-3.1,31443765000,12128050.0,,20241224
175140,4765,4830,4685,4700,51000,241778715,-1.36,101121872400,4065710.0,,20241224
200670,46450,46450,42950,44350,410072,18364322700,-3.38,498047395500,-619350300.0,4495373250.0,20241224
065510,8510,8550,8240,8350,35652,298067370,-2.0,101530747850,-42352790.0,-54236180.0,20241224
215090,0,0,0,1505,0,0,0.0,149972154360,,,20241224
263920,978,987,978,987,18607,18353866,0.1,48407547258,-844489.0,,20241224
243070,27300,28300,27300,27800,17469,487273450,1.83,333034687000,79053200.0,-4220200.0,20241224
084110,45600,46000,39800,41800,313718,13263970700,-7.42,527578365600,973214400.0,197855100.0,20241224
145020,278500,288000,277500,279500,99772,28115379500,0.0,3522827223500,1579059500.0,5742551500.0,20241224
024060,12780,12890,12700,12780,80653,1030897460,-0.16,191700000000,-102822380.0,12800.0,20241224
010240,5240,6030,5170,5490,593680,3336374320,5.37,67651601040,-104420140.0,-7978820.0,20241224
189980,1651,1770,1645,1683,202228,343611374,1.88,67551962841,-12923050.0,,20241224
037440,5120,5150,5030,5150,98006,499324160,0.78,71700746250,-22336810.0,,20241224
238490,3550,3580,3515,3515,3371,11930045,-0.99,39762509540,153275.0,,20241224
