code,open,high,low,close,volume,거래대금,등락률,시가총액,foreign_net,inst_net,date
060310,3010,3015,2930,2930,1331701,3943367860,-2.5,142212361060,-78739480.0,-8805000.0,20240322
054620,7460,7790,7400,7790,87742,670864760,4.42,158870981590,140311350.0,0.0,20240322
265520,21100,21150,20700,20950,58404,1224081250,0.0,320145769950,-56196550.0,-41652400.0,20240322
211270,16470,17190,16300,16600,583043,9812392460,0.79,250366246400,-360859330.0,-394885400.0,20240322
139050,7190,7200,5530,6240,557857,3477704150,-16.24,53941998240,212405500.0,-26180.0,20240322
126600,4360,4410,4345,4400,52025,228193515,0.57,237746410000,15860035.0,-4395.0,20240322
013720,1603,1719,1599,1705,712916,1198974566,6.03,73032290540,308991254.0,183176.0,20240322
083790,3750,3850,3660,3780,444899,1651113640,-3.08,290660007960,-45747460.0,-7560.0,20240322
035760,74600,76000,74500,75800,39913,3009439300,0.93,1662229873200,515621600.0,109361900.0,20240322
311690,14890,15090,14620,15050,13642,203638150,1.07,137143155100,78003270.0,20.0,20240322
051500,23950,23950,23500,23850,30648,727488500,-0.42,283137326100,306270750.0,-48110400.0,20240322
058820,2220,2235,2205,2235,272992,605988930,0.68,310424165340,106005760.0,-11225.0,20240322
023460,1794,1799,1753,1790,8242,14655644,-0.22,66588000000,-285005.0,,20240322
056730,1181,1193,1174,1184,12650,14953800,-0.75,87747644224,-228655.0,,20240322
065770,1234,1255,1228,1246,46468,57848380,0.97,24186267980,11694486.0,0.0,20240322
083660,1248,1255,1212,1251,43875,54052681,1.05,76620223431,1617126.0,,20240322
456440,2255,2285,2250,2255,18679,42413020,0.0,11985325000,-275565.0,0.0,20240322
060900,1652,1669,1605,1626,151219,247491725,-1.81,41069880354,13865845.0,-277991.0,20240322
290120,3270,3270,3180,3190,30368,97168100,-1.85,49493290220,-7172885.0,520025.0,20240322
025440,2000,2160,1992,2160,82863,172140575,9.09,66487443840,-1309276.0,0.0,20240322
068790,6990,7020,6910,6990,142679,993616680,0.0,171765696390,62461040.0,-4325260.0,20240322
241520,4040,4110,3970,4085,267293,1078936220,1.11,113609581255,25507835.0,36715.0,20240322
180400,4185,4350,4120,4200,150291,633096770,0.12,126921614400,117156355.0,740010.0,20240322
245620,457,536,437,480,9634425,4736722620,5.03,66477096480,-50511155.0,1468871.0,20240322
037370,9580,9580,9470,9500,26347,250744790,-0.52,81937234000,-59803130.0,,20240322
050120,2680,2690,2650,2690,5972,15950570,0.37,36487391340,-806360.0,,20240322
214270,2535,2615,2525,2615,260573,671579475,2.55,86949960745,168377840.0,-2615.0,20240322
130500,2700,2730,2660,2730,18318,49357150,1.11,39707991960,3324670.0,,20240322
900290,3355,3420,3325,3360,34381,115441725,-0.59,226380000000,-2443060.0,3617845.0,20240322
083450,52400,53400,50000,50000,901931,46579205150,-1.57,465887250000,-5257183900.0,-2337908900.0,20240322
297890,5020,5330,4995,5130,4825245,24936506815,0.39,375076451340,-1284274050.0,553579900.0,20240322
440290,3100,3110,2985,3025,453549,1372645160,-1.79,81272705250,428932085.0,-22246000.0,20240322
078150,2440,2780,2430,2565,32961474,86747528645,8.46,237816324540,2616716605.0,-373990635.0,20240322
195940,37450,37550,37100,37200,86222,3211310550,-0.67,1053871945200,842422500.0,-1471239050.0,20240322
028300,109100,112500,106100,111800,2902412,316877988100,-0.8,14624786183800,-38069954000.0,1765605600.0,20240322
278650,3905,3975,3830,3965,2904611,11323398645,-1.37,338801276385,92223015.0,-248715.0,20240322
067630,19090,20100,18840,19930,9868310,191271189000,-5.99,2115060348290,-34915021020.0,1665195150.0,20240322
024850,4240,4770,4150,4625,4516382,20336043960,6.81,327643584000,1652590080.0,-369444295.0,20240322
047920,37650,40550,37600,39700,3554947,138842152800,0.0,1256775833400,-4106851550.0,-31397800.0,20240322
115450,10000,11980,9710,11800,12560135,138177797780,12.49,889348559600,-2811512690.0,5100150.0,20240322
046210,4660,4760,4600,4760,556664,2606514375,-0.83,195181548520,-27180375.0,-3442690.0,20240322
403870,53500,54300,52600,52700,666948,35482210700,0.19,4370629388800,-3447902500.0,-550637100.0,20240322
036640,5560,5610,5520,5580,57671,321371950,0.36,91259784000,93407930.0,0.0,20240322
439730,2560,2560,2520,2545,4678,11874765,-0.59,10968950000,-403500.0,-1951685.0,20240322
442770,2435,2475,2430,2465,3407,8336645,1.23,10377650000,0.0,-3675000.0,20240322
448760,2440,2440,2425,2435,1935,4711000,-0.2,10787050000,-4865.0,4124165.0,20240322
467930,2195,2220,2195,2200,19941,43864225,-0.45,9306000000,-2180.0,8932240.0,20240322
469480,2180,2190,2180,2190,7403,16188305,0.0,9263700000,-39330.0,0.0,20240322
095340,87700,89700,86500,87300,224877,19722654600,-0.46,1850503163400,2239185400.0,-709733600.0,20240322
099520,0,0,0,1284,0,0,0.0,58141862016,,,20240322
950170,4550,4575,4405,4575,49289,222333235,2.35,230070450225,51295075.0,,20240322
067290,2075,2160,2030,2100,461337,966428660,1.45,106767154200,74438135.0,-4200.0,20240322
035900,67700,68300,66500,67500,466460,31377209400,-0.15,2398443210000,-4483731600.0,388137500.0,20240322
318000,8530,8530,8350,8430,74047,624178960,-1.17,73680079890,93468670.0,0.0,20240322
024840,1348,1364,1343,1346,53454,72053724,-0.44,45700109418,14178139.0,,20240322
024120,4380,4405,4350,4390,31265,136864275,0.34,50485000000,2933685.0,,20240322
455250,2190,2190,2155,2180,54477,117831895,-0.46,9384900000,759005.0,-98640205.0,20240322
458320,2360,2365,2300,2355,44761,105000945,0.43,12964275000,359600.0,-9924525.0,20240322
464680,1997,1999,1995,1999,28940,57811888,0.05,25797095000,-63863.0,45207152.0,20240322
021320,4620,4670,4585,4655,6042,28033865,0.76,99617000000,-2507370.0,,20240322
036670,7770,7770,7610,7730,7034,53952630,0.0,87117100000,-5392630.0,19233130.0,20240322
044180,730,800,710,730,1999434,1493125878,7.51,19503993270,-41635874.0,-565092.0,20240322
151860,9860,9870,9630,9650,281439,2733117480,-1.83,347400000000,-462404040.0,-67490.0,20240322
046440,5270,5310,5240,5300,45884,242400510,0.57,205775510400,17228930.0,-58260.0,20240322
035600,11900,11950,11800,11850,83509,987909480,-0.25,330667542900,-57871920.0,-310608380.0,20240322
226360,0,0,0,319,0,0,0.0,60627181021,,,20240322
111870,0,0,0,2970,0,0,0.0,41572037430,,,20240322
060720,14800,15360,14670,15190,263449,3976105210,2.64,359660343980,-246690710.0,1019636010.0,20240322
058400,903,917,903,915,316494,287954754,1.33,121173193800,,556064.0,20240322
122450,4700,4750,4680,4700,30751,144562145,-1.05,213079030800,-12467945.0,3210035.0,20240322
052900,1499,1499,1418,1463,726349,1063208436,-2.47,80622297371,77263088.0,-1068303.0,20240322
376190,7230,7520,7120,7490,117771,873507590,3.74,184254000000,114123880.0,-18390610.0,20240322
061970,7750,8620,7600,8210,5530471,45638522920,7.6,359471500320,3639493090.0,1075836360.0,20240322
309960,4425,4740,4300,4305,780400,3533630930,-2.6,99950213895,259763300.0,2094705.0,20240322
060370,9410,9590,9300,9430,74347,704537690,0.53,244597527760,-78891530.0,91477680.0,20240322
417200,24650,24800,24200,24250,422801,10307420600,-1.42,1640576980750,-1737596950.0,-20983900.0,20240322
086960,1872,1881,1851,1856,957290,1779121560,-0.85,162545762816,13887936.0,3735.0,20240322
038340,0,0,0,1283,0,0,0.0,33979354334,,,20240322
160550,3625,3685,3620,3660,55850,203628730,0.0,102136347960,48396895.0,-17075925.0,20240322
053290,5180,5220,4530,4725,1003718,4777755745,-9.66,78086800575,-285669965.0,-22760.0,20240322
060250,13350,13660,13230,13350,428554,5768145880,0.3,536144156850,990797810.0,47783370.0,20240322
104200,4955,5170,4955,5050,146105,739921355,1.51,74879127500,4589045.0,-10.0,20240322
222160,0,0,0,8040,0,0,0.0,79551289560,,,20240322
024940,4760,4815,4705,4800,105051,501908625,1.48,48000000000,58575445.0,0.0,20240322
218410,16000,16430,15980,16110,194265,3142822440,1.19,426664360620,29260150.0,73678910.0,20240322
327260,9170,9230,9130,9190,7882,72282430,0.44,77501392890,-12239220.0,,20240322
091340,2530,2550,2500,2550,32155,80827225,0.79,29844488550,-3529720.0,,20240322
419530,14630,14630,14150,14200,87860,1258774880,-2.87,121991206000,-7447170.0,-4906840.0,20240322
019550,917,918,904,912,289280,263208647,-0.55,147804716400,56021703.0,21888.0,20240322
950110,4060,4060,3935,4010,3580,14334760,-0.5,96450685400,-853465.0,0.0,20240322
151910,0,0,0,640,0,0,0.0,120557466880,,,20240322
036120,2805,2855,2765,2800,212980,597157570,-1.41,99400000000,122167435.0,0.0,20240322
099220,1075,1095,1070,1085,174555,189556533,1.4,60946414935,78138378.0,-111820.0,20240322
036540,5950,5990,5810,5820,918893,5385571240,-1.69,957158963460,-339176870.0,-593456580.0,20240322
255220,2265,2580,2250,2430,18599040,45602968625,8.97,132685941240,2275546075.0,-38390840.0,20240322
040610,1701,1706,1686,1701,44247,75135307,0.18,57982320396,-749475.0,-1611595.0,20240322
049470,448,448,415,417,456299,194620131,-7.33,24545557833,-16986222.0,-114869.0,20240322
184230,724,727,712,718,82373,59164988,-0.42,43009283462,-1158834.0,1806.0,20240322
016250,16600,16780,16590,16700,4364,72765450,0.54,54167869500,-41404980.0,20.0,20240322
048550,1663,1703,1663,1669,117557,196596480,-0.48,161403348780,20437571.0,2181722.0,20240322
063440,1763,1772,1744,1753,84127,147326509,-0.62,80689106962,-3025660.0,0.0,20240322
289080,2170,2180,2155,2180,248541,538676995,0.46,116050120000,45603645.0,65400.0,20240322
089230,1944,2125,1944,2025,257147,525562999,4.17,37596174300,105032488.0,-1040998.0,20240322
161570,0,0,0,366,0,0,0.0,7721265564,,,20240322
032540,6010,6040,5970,5990,9092,54532580,-0.33,83450337910,9379390.0,-7922320.0,20240322
022220,1117,1123,1115,1120,24091,26921001,0.36,58009928480,-231744.0,4607.0,20240322
048770,4035,4120,3985,4025,680815,2765541185,-0.49,63184413775,-399275350.0,0.0,20240322
246690,1359,1359,1339,1351,56904,76620206,0.3,56036591562,-11761321.0,16210500.0,20240322
317240,393,412,340,345,11805531,4390674215,-0.86,33327905625,-328711660.0,383652.0,20240322
057030,4330,4330,4055,4220,173151,727963395,-2.65,68839581340,8554960.0,0.0,20240322
040300,4555,4615,4535,4535,86466,394312610,-1.41,190470000000,-25415105.0,,20240322
051390,3790,3840,3785,3815,10167,38809550,0.66,43320728920,419855.0,19116485.0,20240322
052220,3240,3245,3190,3245,136833,439356465,0.15,74635000000,-15722040.0,0.0,20240322
079940,21000,21000,20000,20700,164373,3377777850,-2.36,280188658800,58377550.0,55075850.0,20240322
078890,6970,7110,6920,7060,236428,1656923200,1.0,120677674300,171198400.0,98888800.0,20240322
399720,105000,105500,101800,102000,379076,39040283200,-2.86,1171808640000,-4687925600.0,901190500.0,20240322
036620,3360,3425,3285,3315,895632,3008084920,-2.5,300632629440,-438637540.0,238438060.0,20240322
217730,1872,1877,1842,1850,104069,193109141,-0.11,103485161250,813208.0,957290.0,20240322
114190,20200,20600,20000,20100,132956,2690652550,-0.99,525073063800,374558500.0,-79099150.0,20240322
094480,8510,8510,8190,8270,175462,1454485710,-2.82,324430760260,-157895470.0,-620250.0,20240322
039240,3170,3330,3170,3305,412012,1353040750,3.28,89167591220,102782040.0,-20038290.0,20240322
053950,1514,1742,1432,1569,21854471,35465395668,1.88,55846047738,76320495.0,2002044.0,20240322
011040,6530,6630,6490,6600,88919,584430080,1.07,203073855600,107770810.0,-23600.0,20240322
024910,2255,2255,2165,2225,53194,117204710,-0.67,79697286125,-785625.0,0.0,20240322
198440,1805,1820,1795,1802,37534,67772757,-0.61,57627887920,-3096550.0,,20240322
049720,10520,10590,10490,10500,41392,435832910,-0.28,150150000000,20821740.0,-58418520.0,20240322
014570,6690,6780,6580,6730,43282,288499580,0.75,74030000000,31766090.0,-829770.0,20240322
348150,8950,9000,8730,8950,78235,694089930,1.02,168906261600,72518280.0,1228760.0,20240322
950190,11290,11450,11200,11360,19776,224708160,0.71,154267573120,24852350.0,33470330.0,20240322
098460,20050,20250,19370,19370,1263092,24798025010,-3.15,1329842604350,-781034970.0,-587803540.0,20240322
035290,813,876,759,765,2839570,2313145011,-5.9,35534681460,-75638705.0,0.0,20240322
900280,119,120,117,117,3323150,391371641,-2.5,24032301696,4471892.0,0.0,20240322
215000,81800,84800,81700,84200,39416,3292351900,2.93,528389943000,505177100.0,546595300.0,20240322
121440,3905,4060,3900,4045,183416,733995965,4.25,173274928810,204716745.0,-12035640.0,20240322
366030,5780,5930,5760,5890,120414,705429420,2.26,133222081500,37909110.0,0.0,20240322
014200,0,0,0,1006,0,0,0.0,91250936176,,,20240322
029480,3365,3845,3205,3635,2212162,8034553320,8.35,174142682905,501465960.0,-3809175.0,20240322
026910,3265,3315,3265,3300,4092,13461680,1.38,21137836500,-199995.0,,20240322
397880,0,0,0,3425,0,0,0.0,15207000000,,,20240322
421800,2345,2355,2315,2355,12191,28396955,0.21,14082900000,233445.0,-15852955.0,20240322
440790,2225,2240,2190,2230,4485,9948535,0.22,9031500000,-130070.0,-3299340.0,20240322
456490,2225,2245,2215,2230,12031,26815495,0.22,9366000000,-102475.0,2224870.0,20240322
465320,2150,2155,2145,2150,4054,8703680,-0.23,8191500000,88160.0,1130415.0,20240322
053270,2810,2820,2785,2795,108525,303881490,-0.18,76612081975,-25804535.0,,20240322
066620,14700,15130,14600,15130,6794,101207800,2.93,113475000000,-876570.0,,20240322
043650,5740,6010,5620,5770,142539,834006480,1.23,103042414080,39890260.0,316030.0,20240322
006050,1215,1219,1193,1209,110348,132828541,-0.49,42188348787,5108187.0,0.0,20240322
060480,2580,2620,2525,2580,188876,485772265,-0.96,28612200000,30660505.0,-988480.0,20240322
078130,0,0,0,800,0,0,0.0,901924696800,,,20240322
307750,6330,6580,6260,6510,1076150,6931493340,2.36,319440941190,533170010.0,-6550.0,20240322
035080,16940,17190,16830,16900,66719,1133328040,-0.29,245516169600,89145200.0,-10004450.0,20240322
204020,2930,2935,2890,2915,61511,178817045,-0.51,58729758450,34059020.0,,20240322
402490,30050,31150,30000,30050,398448,12149671400,0.0,245927517200,-430411850.0,-656937700.0,20240322
114450,2255,2300,2250,2275,74535,170428020,0.89,45500000000,19684265.0,0.0,20240322
186230,10020,10300,9750,10070,79076,782878150,0.7,108959293160,-152243920.0,33212660.0,20240322
900070,501,505,493,497,142378,70810707,0.0,26710752096,-419661.0,0.0,20240322
204620,4565,4575,4325,4405,969804,4310518095,-3.08,250150470440,-96191125.0,-1108942285.0,20240322
019660,898,928,840,884,368685,323904021,-0.23,30755019464,-32267667.0,0.0,20240322
053260,5050,5110,5050,5110,12229,62163240,0.79,95659200000,-1331010.0,320770.0,20240322
282720,11890,12030,11740,11960,80127,949044760,0.08,144949220000,114666020.0,11730.0,20240322
036190,28000,28100,27650,27800,7064,197140950,-0.89,166800000000,14804000.0,27900250.0,20240322
049080,1040,1041,997,1007,1038136,1049442837,1.61,85477530429,-134815660.0,-3773460.0,20240322
420770,68900,71700,67500,69000,389391,27104744700,4.07,874627302000,998785900.0,1365381100.0,20240322
035460,2400,2455,2400,2445,64226,155990680,0.82,35641596300,-17749860.0,0.0,20240322
308100,4390,4390,4310,4330,7178,31094355,-0.46,28685093890,-2363900.0,,20240322
407400,9800,10240,9680,9880,421154,4178172950,-0.2,121123603120,-38608100.0,-2659300.0,20240322
187790,1256,1295,1240,1288,369163,470305907,2.63,39722989040,21130929.0,0.0,20240322
286750,2185,2240,2105,2180,205571,446309475,0.0,45114138620,43906285.0,-31980810.0,20240322
121600,140200,144400,137900,140100,154347,21852452300,0.43,1703598907800,1368557400.0,1719797700.0,20240322
247660,10050,10350,9800,9970,23409,233711690,-1.48,43308882400,-30179380.0,,20240322
039860,3855,3905,3815,3875,112714,435969175,0.78,103879554625,26372750.0,-552375.0,20240322
091970,715,755,705,749,172778,125457072,4.76,28025702257,4374252.0,0.0,20240322
417010,13680,13800,13540,13800,61621,843204540,-0.07,272195726400,-85834630.0,-96320.0,20240322
405920,5150,5150,5060,5090,17087,87205380,-0.78,65549406840,14257940.0,,20240322
051490,5700,5710,5610,5700,28403,161094680,0.0,80940000000,460050.0,30.0,20240322
137080,7150,7260,7020,7100,63272,450990780,-0.56,78521896200,27048260.0,-20.0,20240322
190510,15000,15120,14650,14720,221228,3270999290,-1.87,239323412480,-817317430.0,-222571340.0,20240322
242040,2340,2345,2300,2310,323999,749612050,-1.07,79940469840,-23294930.0,-3967040.0,20240322
089600,20100,20200,19910,20000,48927,978984580,-0.5,231363260000,82760270.0,-320458380.0,20240322
293580,1025,1035,1016,1022,353926,362368497,-0.97,97876940000,18548467.0,162498.0,20240322
138610,17460,22000,17350,18300,2648171,53123707730,4.81,187222596900,34277210.0,-1693959010.0,20240322
130580,6040,6040,5960,6010,4594,27645660,0.17,92554000000,9774090.0,-144240.0,20240322
036800,21700,22000,21500,21800,9162,199949650,0.46,218000000000,-39129950.0,62944000.0,20240322
267320,3115,3140,3060,3115,260212,807601510,0.32,136013683960,114100350.0,-15575.0,20240322
111710,5610,5680,5580,5650,4936,27845810,0.71,116322200000,-1397830.0,,20240322
091590,5350,5440,5240,5290,27685,148285650,0.95,62104600000,31301410.0,,20240322
168330,2205,2410,2190,2295,92515,213843790,4.32,72877495500,13787635.0,1669470.0,20240322
094860,2055,2055,1983,1996,104792,210365349,-2.63,42713539724,-39192980.0,666390.0,20240322
253590,15300,15630,14300,14300,3299683,49558039680,-5.11,626119236600,-117967680.0,-128014480.0,20240322
212560,11200,11540,11180,11180,112882,1280838980,-0.53,88042086340,-60930910.0,180.0,20240322
095660,22100,22100,21850,21900,74522,1637562700,-0.9,482538446100,-304708350.0,-143022200.0,20240322
042420,23250,23300,22950,23050,6971,160772000,0.22,204150761300,-5811700.0,-440950.0,20240322
950220,1581,1893,1580,1800,3353948,5897490563,15.02,177961437000,903718169.0,0.0,20240322
311390,6550,6700,6550,6690,8595,56692730,2.14,73450493430,9021930.0,40.0,20240322
085910,3375,3375,3300,3325,21767,72354510,-1.34,46333269850,-8386740.0,0.0,20240322
092730,24050,24200,23750,23900,29592,706825250,-0.42,196155927900,161171850.0,-194415000.0,20240322
290660,1388,1390,1256,1269,873708,1144646088,1.93,49045527702,-82848987.0,0.0,20240322
306620,2845,2845,2765,2810,79295,221662265,0.36,117215235670,8798550.0,0.0,20240322
153460,7110,7110,6940,7110,2022,14300700,0.0,46428399540,-269420.0,,20240322
007390,7510,8280,7510,8140,1430054,11441135400,8.82,522239249840,2647373940.0,49355930.0,20240322
033640,18520,18570,16810,17140,1028049,17768742350,-8.1,395234722280,-1286814020.0,-1726971650.0,20240322
330860,34900,34950,32300,32550,585643,19438468300,-6.47,396590664750,360351200.0,-135059100.0,20240322
089140,4480,4580,4425,4570,49716,223541280,1.11,42974154950,-8945135.0,0.0,20240322
137940,417,429,398,400,1336763,544640289,-2.68,31328396800,-226712573.0,784554.0,20240322
396270,12360,12870,12100,12120,431469,5403112170,0.66,218773756800,329460610.0,-236108670.0,20240322
348210,72300,72500,70800,70800,63704,4548399000,-1.8,727705905600,-518062400.0,-527679700.0,20240322
225570,13800,13840,13550,13790,103343,1420638770,1.25,907392618300,281224090.0,-69036300.0,20240322
217270,6700,6810,6600,6770,30939,207717430,1.04,315361155500,93900760.0,653230.0,20240322
104620,6960,7100,6890,7090,68293,479531750,1.87,112320673340,119177390.0,63790810.0,20240322
194700,9600,10060,9600,9920,117748,1158700640,3.77,186048092160,-37489740.0,-52662500.0,20240322
285490,20750,20750,20350,20600,11869,244295600,0.0,217862118600,17621350.0,20750.0,20240322
106520,0,0,0,411,0,0,0.0,15904036272,,,20240322
376930,3005,3025,2920,2975,330353,979070525,-0.67,109917503500,-165061295.0,-5504040.0,20240322
142280,4385,4590,4330,4520,127470,571377590,2.73,95535673720,43153965.0,-2966085.0,20240322
234690,10570,10650,10320,10500,95584,999521230,-1.78,186398898000,143604110.0,64245880.0,20240322
065560,0,0,0,11540,0,0,0.0,189726555040,,,20240322
054050,8130,8160,8120,8160,14715,119774020,0.37,130809377760,-12056930.0,10.0,20240322
069140,1576,1829,1548,1549,1294339,2153035750,0.13,20296148907,-97497969.0,1220128.0,20240322
040160,3765,3805,3730,3780,32493,122246485,0.4,45569922300,-1879305.0,,20240322
332290,1625,1653,1597,1620,82446,133007435,-0.92,54083380860,-40315386.0,0.0,20240322
348340,39900,40200,39200,39350,201004,7961111600,-0.25,414421214500,-380210050.0,20486150.0,20240322
060260,651,660,626,641,397707,254996727,-1.54,26639988845,15976590.0,0.0,20240322
123840,523,530,503,510,743980,386376130,-3.23,51946940460,27480279.0,0.0,20240322
012340,880,886,850,883,147112,128978056,1.15,44951024046,-3982650.0,0.0,20240322
214870,0,0,0,1383,0,0,0.0,64719014598,,,20240322
270870,8660,8720,8590,8690,15236,131957160,0.35,79949946560,12697930.0,-755920.0,20240322
144960,5020,5020,4925,4965,81319,402126190,-0.4,216933878160,-33439045.0,2082225.0,20240322
085670,6940,6950,6710,6830,458250,3129454290,-1.3,166998697630,694070470.0,-35150830.0,20240322
064260,4145,4235,4120,4200,744952,3111077585,1.94,289585968000,136719520.0,-3740620.0,20240322
340360,2500,2580,2395,2410,2216171,5508085160,-1.83,104565590920,-395817470.0,-2175100.0,20240322
039560,3855,3945,3855,3885,147122,573287410,0.26,153480736185,39860310.0,-7479405.0,20240322
154040,1700,1740,1698,1734,109050,186640508,2.36,31125462996,-10832049.0,0.0,20240322
032190,13050,13170,12990,13060,56956,745143010,0.15,500198000000,77128600.0,-16765590.0,20240322
068240,12660,12950,12560,12940,96527,1229582500,2.05,443368874780,157317660.0,-39144490.0,20240322
020400,9020,10290,9020,9530,687644,6721531910,5.65,30392751980,-184781030.0,4411170.0,20240322
008830,10390,13320,10380,13320,11133247,138740727100,29.95,119713766400,-345432420.0,15299360.0,20240322
048470,3820,4120,3820,3900,366243,1442944930,2.09,39000000000,206239780.0,19751320.0,20240322
004780,4060,4065,4015,4035,11903,48022125,-0.49,64169407965,4018905.0,4260575.0,20240322
017650,8640,8800,8590,8660,6934,59998290,0.23,77940000000,-817530.0,3759220.0,20240322
007720,565,567,553,557,72542,40420122,-0.36,56145850650,-580592.0,1002186.0,20240322
389260,12150,12150,11700,11730,41259,488634310,-3.46,199996500000,-257458720.0,8892790.0,20240322
317850,9260,9530,9200,9470,231772,2181576740,2.38,78832257400,68824130.0,-1097170.0,20240322
290670,30600,30700,30250,30700,22834,695075550,0.0,241230162000,32598850.0,732400.0,20240322
078140,11220,11300,10970,11080,313229,3482899480,-2.29,122839295320,-282547810.0,0.0,20240322
065150,205,214,201,201,275461,56975228,-1.47,25181763405,-3838676.0,0.0,20240322
036480,10520,10770,10400,10560,19642,208525290,0.38,40128000000,46518010.0,,20240322
027830,1960,1964,1927,1934,266043,515150239,-1.33,104436000000,-73270296.0,0.0,20240322
104040,1024,1034,1020,1030,43965,45132702,0.1,32240319430,-1089348.0,0.0,20240322
129920,5870,5900,5790,5800,29714,173156330,-1.36,79547307400,-6134640.0,,20240322
438220,0,0,0,2275,0,0,0.0,12831000000,,,20240322
442310,2245,2245,2210,2245,10822,23983430,0.0,15063950000,-366030.0,3408990.0,20240322
457390,2210,2210,2190,2200,4946,10878780,-0.45,15477000000,-86180.0,3570085.0,20240322
457630,0,0,0,2620,0,0,0.0,19152200000,,,20240322
471050,2335,2370,2330,2360,33327,78008855,1.07,14301600000,-3569450.0,,20240322
020180,1092,1102,1084,1102,165009,180315346,1.1,42348664330,36364008.0,,20240322
045390,3100,3110,3065,3095,236083,730357845,0.16,218115101815,173454975.0,674675.0,20240322
108380,13440,13530,13290,13440,17541,235597240,0.0,128584955520,56194540.0,-1663100.0,20240322
006580,7000,7080,6630,6710,5441,36803030,-4.14,180163500000,-20970.0,0.0,20240322
007680,4950,4950,4895,4895,6823,33484865,-1.11,65820490230,-10582300.0,979735.0,20240322
048910,10920,11000,10800,10880,28968,314758900,-0.37,136858932480,-14004450.0,544440.0,20240322
005710,6320,6390,6280,6360,4219,26782070,0.63,127439136000,-6442530.0,-44030.0,20240322
290380,0,0,0,2300,0,0,0.0,56841307600,,,20240322
120240,17410,17440,17280,17340,39472,683869920,-0.29,124681379940,36078720.0,0.0,20240322
003310,1620,1653,1619,1651,189731,310657280,1.73,58432769850,102236162.0,0.0,20240322
078600,99200,99200,95900,97000,194074,18892789900,-1.92,1501617521000,-2559929800.0,2299175300.0,20240322
096350,473,480,460,480,816250,381774179,1.27,78605284320,-20193307.0,0.0,20240322
140520,2525,2700,2500,2565,57769,149960785,1.58,54145208295,-6665910.0,0.0,20240322
131220,5960,6160,5950,6140,17190,103327680,2.33,45770568600,526890.0,-228260.0,20240322
010170,1097,1162,1071,1144,608971,686745246,5.24,85240773904,85771629.0,-3800930.0,20240322
054670,8350,8400,8260,8390,24449,204152430,0.48,120437778800,-17205060.0,1031190.0,20240322
023910,28400,28450,27950,28150,7509,211298450,-1.05,168900000000,-59134500.0,-108150.0,20240322
021040,4060,4090,4050,4085,2835,11571645,0.74,44332000895,-1140950.0,,20240322
021045,8000,8170,8000,8170,134,1072660,1.36,3466089820,-8170.0,,20240322
067080,10500,10930,10220,10610,307332,3262531930,0.47,197522656500,-372182530.0,-56653720.0,20240322
298540,14490,14780,14490,14630,21708,317861570,0.0,215808241880,86726530.0,-36399150.0,20240322
032860,0,0,0,3640,0,0,0.0,143288374320,,,20240322
393890,41200,41700,40800,41500,146666,6069780450,0.24,1398405497000,978629500.0,-278799300.0,20240322
299170,2025,2025,1961,1998,48558,96376086,-0.84,59995870074,-4801752.0,0.0,20240322
224060,6200,6810,5610,5840,266956,1640604150,6.57,27730644320,-23377360.0,124760.0,20240322
213420,40250,40400,38000,38150,282722,10936977500,-5.45,947309478850,-506940050.0,-4210066250.0,20240322
317330,35800,39200,35700,35800,663469,24836293250,-1.92,657911922400,-1432456100.0,-838881050.0,20240322
077360,6460,6460,6300,6350,152952,970054950,-1.09,288524962700,-83697150.0,-85197140.0,20240322
090410,1893,1907,1879,1886,210370,397578587,-0.32,86914603170,-1537889.0,-1508348.0,20240322
263600,7730,7740,7610,7700,65793,504829250,-1.03,122663387000,-2752770.0,-3210810.0,20240322
194480,43800,48650,43800,46350,277320,13021571750,5.94,556124913000,1440324500.0,226044050.0,20240322
263800,5710,5730,5610,5610,139854,794181630,-2.26,90973891800,-110098060.0,0.0,20240322
206560,7670,8000,7650,7770,57442,445390360,0.91,197449188720,23044370.0,3041860.0,20240322
261200,9240,9380,9240,9280,103078,956238590,0.11,146714016000,32440190.0,-139200.0,20240322
067990,5880,5990,5880,5930,116924,694829580,0.85,184906591500,226434680.0,17467370.0,20240322
006620,6160,6600,6060,6110,3729110,23721853150,0.83,173921101120,-474057720.0,-186355520.0,20240322
100130,2970,2995,2945,2960,60519,179159955,-1.0,169143280000,397695.0,88540.0,20240322
005160,9600,10130,9460,9950,1423670,14027199430,3.32,539732595900,43547890.0,191296360.0,20240322
075970,3395,3580,3375,3425,187122,647089255,0.88,63020000000,36792230.0,0.0,20240322
086450,16270,16710,16120,16680,251648,4169134910,2.52,741592800000,16372880.0,1091153960.0,20240322
099410,2455,2555,2430,2520,61821,153718710,2.65,35280000000,-1365795.0,10140.0,20240322
033500,12230,12310,12100,12250,145226,1775697520,0.74,367371301500,246062840.0,-4404590.0,20240322
025950,25700,27700,24700,27150,174242,4576293300,6.05,228060000000,93616100.0,-1700.0,20240322
088130,8240,8450,8160,8230,97786,805888400,-1.08,87755979740,-82517770.0,-1814480.0,20240322
041930,7450,7450,7380,7410,15708,116207360,0.14,117078000000,4587550.0,-214880.0,20240322
060380,1910,1925,1904,1912,19361,37110479,0.31,37666400000,-651906.0,0.0,20240322
079960,20650,20700,20350,20650,14860,305817600,0.0,162309000000,-71855650.0,-13888500.0,20240322
228340,2220,2275,2220,2255,18435,41453355,0.0,45100000000,620645.0,14168600.0,20240322
088910,2765,2800,2755,2785,54036,149868330,0.72,71941462740,23933395.0,-11948680.0,20240322
094170,19720,20300,19710,19890,173244,3460478340,0.66,376970814090,154906360.0,40.0,20240322
013120,2770,2790,2590,2765,121071,327851040,0.55,251084396500,67915.0,10920515.0,20240322
109860,9400,9420,9230,9400,4642,43201850,0.0,85540000000,-13849460.0,,20240322
032960,11200,11350,11110,11330,6182,69104430,0.8,43127520370,-4509690.0,-1102030.0,20240322
023790,930,931,907,931,101898,93320357,-1.79,18352492977,29038930.0,0.0,20240322
005290,47200,47400,43800,44700,5006047,226770462850,-6.78,2298227881800,-33766234150.0,-489310950.0,20240322
025900,61500,62700,61400,61900,39902,2473736100,-0.48,1251332950500,368069100.0,20683900.0,20240322
131970,48350,48400,46250,47100,295242,13906418850,-2.38,801009258600,-2355411500.0,-1260762000.0,20240322
073190,2635,2640,2625,2635,3266,8581695,-0.19,31535785400,-121550.0,-1637845.0,20240322
030350,560,560,533,539,632605,341233376,-1.64,37400656447,1908607.0,0.0,20240322
203650,3705,3720,3660,3685,386699,1426421035,-0.67,186482203490,-164657955.0,0.0,20240322
223250,2935,3170,2890,3000,606293,1864951660,2.04,71127840000,113084845.0,1040995.0,20240322
060570,3015,3095,2950,3005,138811,416812125,-0.5,227242826865,6694265.0,4586175.0,20240322
362990,3150,3270,3150,3190,300037,964659760,0.31,52609371540,-10301840.0,169491240.0,20240322
217620,376,376,310,340,4511667,1546745779,-8.6,19634051400,-19012010.0,-1497398.0,20240322
016670,283,288,240,248,18405494,4697797261,-8.15,25260789952,8494823.0,-1488169.0,20240322
187870,15320,15320,15130,15240,6040,91934350,-0.52,107237921160,9447850.0,120.0,20240322
066670,5500,5590,5500,5550,69540,385299280,1.09,103740144900,15444500.0,5560.0,20240322
110990,20700,20700,19220,19260,404605,7961857550,-5.59,364014000000,-672653280.0,-2555021040.0,20240322
263690,10080,10080,9950,10040,12418,124150520,-0.4,113709124400,4321060.0,19997080.0,20240322
214680,3490,3515,3420,3470,555998,1925711765,-0.43,254072636600,-139885705.0,-3998585.0,20240322
263720,22750,22950,22500,22700,51689,1171770250,-0.22,284305537100,8244900.0,6143550.0,20240322
376300,29150,29350,28850,28900,80456,2337365400,-1.03,686039933400,-534474650.0,-380961150.0,20240322
109740,5470,5600,5420,5540,30577,168385990,0.91,149718001400,38784470.0,723510.0,20240322
196490,0,0,0,1782,0,0,0.0,60377495904,,,20240322
066900,3030,3150,3000,3000,15752,47583640,-0.5,68233509000,-14701845.0,,20240322
127120,2990,3050,2850,3050,249978,750214090,2.01,56993995800,53767090.0,-692835.0,20240322
092070,23600,24900,23050,23650,574638,13768956950,3.73,273674441700,717266850.0,-438023700.0,20240322
039840,22600,23350,22600,23300,128443,2965044450,2.64,370044891500,18973500.0,132313300.0,20240322
219550,770,876,732,828,6282619,5068872666,-10.58,43293176460,485275395.0,1994852.0,20240322
310870,1597,1618,1589,1598,45428,72662457,0.0,33058259058,-3740277.0,-7965430.0,20240322
104460,19500,19590,18860,19320,77080,1471266910,-0.51,206987235000,322203340.0,-335092730.0,20240322
079810,13690,13940,13680,13700,123566,1699713020,0.07,301784887800,117907370.0,-15477270.0,20240322
113810,1061,1061,1046,1059,170858,179980351,-0.47,34553106009,-6581429.0,0.0,20240322
043360,2605,2660,2580,2605,10100,26470965,0.39,23445000000,-3975875.0,,20240322
197140,5040,5230,4890,5050,120029,606948515,1.81,48464112700,361625.0,0.0,20240322
068930,6460,6550,6400,6430,24852,160344680,-0.46,177952449060,44323890.0,-2730.0,20240322
033130,2000,2010,1990,2010,49239,98522445,0.5,74601686670,-4148662.0,,20240322
105740,8630,8640,8500,8630,70485,604140830,0.58,87650707190,-33634350.0,-198300.0,20240322
263020,2800,2805,2770,2790,30900,86263695,-0.36,42044828490,-2929125.0,-34721105.0,20240322
290550,9310,9310,9100,9240,46058,422402940,-0.43,172495748040,-26385800.0,-3192150.0,20240322
187220,4495,4565,4305,4400,122308,537589325,-1.35,51471292400,111540175.0,0.0,20240322
383930,11100,11250,10020,10120,791221,8183945870,-9.32,128832781440,-865143570.0,-37432560.0,20240322
131180,1105,1126,1105,1119,16237,18097037,0.45,32842650000,-331094.0,,20240322
315640,17290,17490,16920,17410,130893,2241087190,0.4,195177137940,217618940.0,-463430740.0,20240322
317120,3860,3860,3700,3730,8075,30126355,-1.06,36031800000,-2864450.0,,20240322
042510,2485,2490,2450,2460,220544,544673670,-0.61,137823642660,1246085.0,0.0,20240322
232680,9000,9030,8810,8890,41557,368551550,-1.22,111429340260,-55686170.0,-107367560.0,20240322
418420,6550,6610,6320,6480,163869,1058935650,-1.07,191461695840,-69289610.0,-1397900.0,20240322
300120,7500,7520,7200,7210,280885,2066385900,-3.22,150227646520,-159020360.0,-10.0,20240322
171120,3215,3255,3210,3235,22993,74347230,0.78,116142193600,11845570.0,,20240322
388790,2195,2195,2130,2150,213660,459469395,-2.05,64314949500,30832920.0,-1124030.0,20240322
069540,2300,2345,2190,2215,543857,1224332600,-1.56,63407507010,-151155735.0,-5272865.0,20240322
347700,2160,2240,2125,2170,141496,307859285,-0.46,33991986700,-860945.0,-432535.0,20240322
214260,17520,17710,17220,17610,32277,564957090,1.21,152448290760,160318350.0,175423640.0,20240322
200350,15230,15430,14420,14950,442621,6571103550,-3.24,100079740150,201593550.0,29855300.0,20240322
171010,4660,4700,4615,4660,22566,104991555,0.22,66190900960,-17453130.0,15.0,20240322
084650,3220,3325,3190,3230,1147863,3746773515,0.31,239795167700,427092535.0,-67434615.0,20240322
217500,3055,3095,3025,3050,86842,265061000,-0.16,97026600000,-36296130.0,,20240322
141080,71400,73700,69900,72600,1120642,80971407200,1.11,2041534506000,-2544702400.0,1523703800.0,20240322
038390,15590,15590,15500,15510,3620,56238060,-0.58,133222834800,2143200.0,5917280.0,20240322
294140,2555,2780,2235,2430,14638260,36605866325,12.5,102060000000,46276030.0,225570.0,20240322
443250,11700,12250,11600,12000,65713,779304580,1.95,133260312000,109285680.0,5896900.0,20240322
228670,16780,16980,16740,16930,45136,760718910,0.77,258758847990,41636800.0,-83160080.0,20240322
228850,8990,9050,8970,9010,9104,81823150,0.0,149485036140,-19245100.0,-6102720.0,20240322
412350,8640,8720,8550,8690,78568,677233640,1.88,75659241680,-60443440.0,0.0,20240322
199550,10400,10420,10090,10180,180024,1838874040,-0.88,115979039940,58812160.0,50.0,20240322
281740,26550,28300,26100,27550,2027779,55170216050,3.77,1810876597400,-126752850.0,-2072269500.0,20240322
277810,204000,209500,195500,195500,1266571,255817558400,-1.61,3792672239000,-3281012900.0,-777713200.0,20240322
215100,4775,4980,4770,4890,364323,1791911650,2.52,99503940060,198630275.0,223095.0,20240322
090360,36750,37450,35700,35800,492119,17989243150,-1.65,349050000000,-1163126300.0,8269500.0,20240322
108490,27400,27800,27150,27300,236528,6497562650,0.74,355860086400,-211483550.0,15799500.0,20240322
900260,743,907,740,803,4007788,3353042687,8.08,28933124264,-4316523.0,-194491.0,20240322
067730,3230,3290,3230,3280,18918,61737570,1.86,31730464160,2402095.0,,20240322
071280,9910,10060,9790,10060,117548,1165644690,0.0,153883826180,-149683810.0,-7608730.0,20240322
328130,62300,62800,62000,62100,285126,17764441000,-0.32,1785984201000,1619049800.0,-1192853300.0,20240322
038060,1101,1127,1099,1113,65992,73242107,1.18,53538715797,15174778.0,-16659365.0,20240322
060240,1505,1514,1451,1510,123234,184433798,0.8,38398218840,37587455.0,-95648.0,20240322
058470,248500,252500,246500,248000,90030,22402120000,-0.2,3780107760000,2916087500.0,-1751696500.0,20240322
019570,687,703,650,701,511633,348627790,1.45,36781498040,36380766.0,-1758.0,20240322
016100,2000,2045,1950,1979,9908,19767456,-0.65,37800669226,-377379.0,,20240322
012700,5560,5600,5540,5570,37212,206983710,0.18,147304971950,-70655600.0,190.0,20240322
302550,2880,2890,2820,2860,25246,72173685,-0.69,87624908800,2421610.0,,20240322
073570,7480,7570,7000,7080,2837516,20704435370,-1.8,249876733920,-735778370.0,-31541270.0,20240322
377450,9350,9380,9120,9370,36391,337254780,1.41,162382100000,59307200.0,90316610.0,20240322
277070,6040,6060,5940,6000,11683,69820600,-0.66,82152000000,-11418810.0,102000.0,20240322
042500,6370,6540,6300,6500,179750,1159768730,3.17,99819707000,123297690.0,34597080.0,20240322
219420,9500,10300,8650,8940,11887952,115684088220,2.52,102537392580,-1584059500.0,21189220.0,20240322
439090,20000,20050,19900,19970,585989,11056600890,-0.05,327073852200,6861243820.0,2284971130.0,20240322
195500,3050,3095,3020,3095,58220,178732745,1.81,49297160000,295565.0,,20240322
377480,27100,27200,26700,26850,52622,1416040950,0.37,165556643550,-73412450.0,8079950.0,20240322
305090,6290,6500,6150,6470,158096,1006634410,2.86,101169216080,-179648460.0,240153100.0,20240322
098120,10040,10170,9870,9980,91358,911742640,-0.1,82961404680,-220059940.0,-3258040.0,20240322
424980,12450,12450,12270,12290,11209,137897290,-0.73,72743158100,-19979830.0,,20240322
038290,22950,23500,22650,23250,76444,1765683400,1.53,252062550000,4429500.0,-787500.0,20240322
267980,39900,40300,39900,40050,4961,199211600,-0.12,314137701900,53000100.0,-12929900.0,20240322
005990,8020,8100,7970,8100,5050,40371450,1.5,111118262400,-1186860.0,-224080.0,20240322
093520,15500,15760,14960,15400,237214,3638367160,-0.06,248911616800,-39764500.0,-10960.0,20240322
377030,5770,5830,5570,5830,64203,369560850,2.1,114098242060,32541060.0,-1418720.0,20240322
100590,5160,5220,5140,5180,41914,216696250,-0.19,81999519140,7764910.0,-2146500.0,20240322
067280,35150,35500,35000,35350,3499,122823550,-0.14,209511637650,-9273450.0,350.0,20240322
072870,11270,11530,11120,11380,30834,346065930,0.18,135660513420,-45423460.0,-17952460.0,20240322
215200,56800,57500,56100,56300,51163,2893475900,-0.18,658398886200,-42761100.0,-441190700.0,20240322
133750,2880,2925,2810,2845,320680,919973870,-0.35,66593134065,76875720.0,0.0,20240322
446540,5510,5910,5320,5900,1113277,6321268240,8.06,122548900000,716769000.0,84415430.0,20240322
235980,15240,15610,15010,15270,379552,5804299720,0.2,512777212650,1092818600.0,-66020100.0,20240322
041920,6710,6820,6710,6720,67758,458359150,-1.03,124980058560,60780600.0,-83360690.0,20240322
014100,3690,3725,3285,3330,1559228,5417718325,-9.76,39294000000,2283280.0,176115.0,20240322
054180,794,809,775,796,512450,407337154,0.0,43622936464,-1782333.0,0.0,20240322
086900,141000,142100,140100,141100,41193,5813752000,0.21,1029813834800,1113502200.0,-130777200.0,20240322
078160,7290,7380,7180,7290,71525,520443320,0.0,249447652650,-1274760.0,-14520.0,20240322
065650,1410,1442,1338,1415,623202,875450059,-0.84,82860716150,-170376189.0,-272645.0,20240322
408920,2445,2445,2410,2435,49652,120442110,0.21,105271027925,11275890.0,8589085.0,20240322
021880,313,320,313,318,375219,118462797,1.27,48394641744,16353580.0,44305.0,20240322
140410,41850,43350,41350,42850,219319,9356046300,3.25,1268676618650,-326605800.0,-266856100.0,20240322
241770,8750,8800,8630,8700,4325,37744250,0.0,88675968000,-6849180.0,,20240322
059210,4490,4535,4420,4445,187510,840035605,0.11,106068150195,-26445055.0,-1657610.0,20240322
058110,3590,3930,3435,3615,3274693,12045383505,0.42,58022665950,-153485760.0,80.0,20240322
434480,5400,5400,5310,5360,27059,144674860,0.37,65232808000,4254620.0,,20240322
080420,2200,2225,2180,2220,18624,41190930,0.23,176982000840,-735050.0,,20240322
417970,15260,15430,15050,15300,8301,126038400,-0.07,97869510000,-8466890.0,-333360.0,20240322
080160,15610,15940,15460,15910,84420,1334472550,1.92,300699000000,393853610.0,73916900.0,20240322
087260,2335,2355,2290,2335,205526,476539300,-0.21,76010930435,164047630.0,0.0,20240322
101330,3505,3565,3475,3525,121243,427367560,0.57,81593277225,-40934275.0,0.0,20240322
012860,1980,1994,1960,1970,243064,479663181,0.31,144269910290,-33978877.0,0.0,20240322
363260,520,522,510,516,377306,193922352,0.39,82982525052,44428060.0,0.0,20240322
348030,8090,8190,8070,8130,7353,59494300,0.49,78078894000,-826080.0,,20240322
250060,4200,4230,4130,4140,522827,2170612155,-1.43,133189239960,-182382670.0,0.0,20240322
288980,2265,2280,2235,2250,219813,494795395,-1.1,75784077000,58786370.0,0.0,20240322
033200,3580,3665,3460,3580,13326,47396870,0.0,51305642300,-1186585.0,,20240322
333050,1298,1320,1271,1320,50803,65516951,3.29,32017200600,10179057.0,0.0,20240322
118990,14230,14370,14200,14270,135431,1929585450,-0.49,354780597300,-10485080.0,-105916230.0,20240322
006920,3830,3835,3760,3785,62843,238187165,-0.66,41332200000,11940875.0,0.0,20240322
001810,1798,1815,1770,1773,23245,41294369,-1.06,39249787500,-3952477.0,,20240322
279600,11440,11810,11260,11420,12311,141073600,-0.17,53500199020,44007960.0,,20240322
095500,18810,19580,18610,19180,481650,9274213260,-0.42,594771780820,-80941420.0,-41310940.0,20240322
254490,21200,21250,20550,20650,72529,1507225500,-3.05,298144700000,-15453100.0,-41203800.0,20240322
218150,4855,4900,4800,4885,162674,789729190,0.41,99731192770,99905870.0,83020.0,20240322
442900,9660,9700,9590,9630,51499,495166870,-0.31,73958400000,338850.0,-362485720.0,20240322
100790,5720,5890,5650,5860,110300,637102160,2.81,319530271000,3392000.0,185423840.0,20240322
412930,2135,2140,2125,2140,14113,30094555,0.23,13216640000,-1900025.0,0.0,20240322
446190,2160,2175,2145,2175,2069,4463405,0.23,10766250000,-88850.0,0.0,20240322
448830,2455,2590,2435,2445,67839,169257645,-0.41,12029400000,-243770.0,-54571330.0,20240322
049950,30350,30550,30000,30250,65970,1994847350,0.17,266740991000,193065050.0,-5048550.0,20240322
207760,2580,2635,2550,2550,509905,1316769435,-1.54,204853915950,-101776805.0,-290520.0,20240322
059090,12300,12450,11530,11920,1403864,16989891100,1.1,398327993760,-1415382630.0,830668430.0,20240322
214610,1709,1750,1698,1733,134505,232455339,1.4,75504981685,30414850.0,1018042.0,20240322
201490,2770,2830,2770,2815,69138,193153340,1.08,87990622550,19069030.0,-5630.0,20240322
418470,20650,20650,20000,20400,116598,2362793650,-0.49,171121095600,-12504250.0,-257763150.0,20240322
206640,14500,14890,14250,14300,328464,4792250870,-1.92,335857808000,26939830.0,-275565630.0,20240322
018700,1552,1650,1552,1619,211661,340202176,3.72,56858886583,68355959.0,148423.0,20240322
035620,645,656,638,648,179375,115541961,0.47,48236909400,395311.0,-6064.0,20240322
053030,15890,15900,15250,15250,1103591,17147284130,-4.75,484355982000,1014861090.0,-157168980.0,20240322
301300,7190,7190,6970,7010,45356,319537660,-0.57,86504844060,29249400.0,-35950.0,20240322
064550,30550,31250,30300,30850,432074,13321805600,3.18,796247477350,1007791100.0,123699050.0,20240322
314930,10200,10450,9850,10100,590726,5945242270,-2.7,300617440300,22985850.0,71807520.0,20240322
208710,714,716,708,710,58218,41358871,0.0,44446237140,-6657359.0,,20240322
086820,18050,18280,17710,18100,17221,310705260,-0.55,147396010600,34653350.0,-17970.0,20240322
038460,3515,3605,3480,3600,95057,337344760,1.98,77173642800,15416665.0,-3387980.0,20240322
251120,12720,12900,12700,12880,6327,80865800,0.39,112000616000,7481490.0,,20240322
199730,10950,11120,10950,11090,7420,82056510,0.36,53613130030,22748250.0,,20240322
086040,5880,6120,5840,6010,172347,1035517340,2.39,95909064470,-85037140.0,40.0,20240322
099430,6720,6740,6650,6700,142044,949138170,0.0,388136788800,145570870.0,-59601930.0,20240322
032980,970,970,926,926,229026,216948784,-3.94,37519579104,8551011.0,0.0,20240322
308080,4970,4995,4890,4995,43232,213882400,1.01,95732871300,58411480.0,,20240322
043150,30450,30800,30300,30450,11872,363069200,-0.16,452312095200,76407900.0,-24481100.0,20240322
323990,21350,21450,20800,21300,188232,3989015050,0.47,489755160000,333726050.0,-100896750.0,20240322
267790,7060,7060,7010,7030,13080,91978410,-0.42,55456155000,8590290.0,-3042860.0,20240322
046310,2875,2880,2815,2840,185062,524432990,-1.22,46628940440,-10765390.0,-880035.0,20240322
331520,911,919,904,914,42033,38302119,-0.65,46490052460,-4750062.0,,20240322
438700,7250,7520,7200,7480,43873,322127030,3.31,82702545200,8453760.0,29920.0,20240322
066410,0,0,0,1153,0,0,0.0,96978744678,,,20240322
382900,18470,18800,18230,18600,24777,460540960,1.58,162954600000,147776950.0,-130440.0,20240322
206400,4610,4795,4485,4670,269607,1253585405,0.54,140563674960,-200519615.0,132029725.0,20240322
019010,2050,2070,2040,2065,14428,29692870,0.0,99533000000,-96835.0,1861275.0,20240322
177350,527,609,525,570,7826198,4485567580,-10.94,45536153160,-32030506.0,-5706.0,20240322
299910,0,0,0,6880,0,0,0.0,32483121920,,,20240322
424760,1570,1585,1550,1585,23862,37237973,2.26,30780703170,-4289440.0,-7750791.0,20240322
225530,5510,5540,5490,5500,14222,78309550,-0.18,199862998500,8915700.0,-80.0,20240322
250000,11070,11230,11050,11050,9517,105660710,-0.99,74595599650,-3688750.0,120.0,20240322
310210,37750,38900,37400,38300,82525,3164997150,0.52,666374308100,-380585150.0,-226732800.0,20240322
006910,3190,3210,3160,3165,219509,696111585,-0.47,155495892960,10561120.0,79160.0,20240322
226340,2210,2265,2205,2250,181017,405383415,1.35,79623742500,63251100.0,,20240322
014470,2380,2395,2300,2350,435266,1019466915,-2.29,141122811000,11645940.0,0.0,20240322
008470,4315,4350,4265,4325,6988,30081790,0.23,36350760000,-13491115.0,,20240322
338220,35000,36450,34300,35150,585069,20714280850,2.78,481187998850,641071750.0,236537450.0,20240322
100120,28050,28450,28000,28400,11443,323637200,0.71,284052966000,80303750.0,-3779850.0,20240322
406820,13700,13890,13650,13890,4810,66458930,0.65,49087815600,32487410.0,-1367190.0,20240322
337930,5130,5270,5080,5180,108426,561709810,1.77,151600931020,-13956370.0,63476520.0,20240322
099390,7320,7440,7070,7400,18999,139540240,1.09,60741294200,181240.0,73991560.0,20240322
064480,7650,7820,7440,7470,134233,1015146090,-2.73,89285175000,-34055570.0,10.0,20240322
288330,3170,3400,3125,3385,242675,794107865,9.19,80025221665,201781785.0,-42013660.0,20240322
365900,4180,4390,4140,4305,20777,88894895,2.99,31470841500,-1902710.0,40.0,20240322
251630,9790,9860,9540,9580,134538,1307024730,-1.84,152732847880,-112865720.0,-4299340.0,20240322
018290,16400,16620,15680,16080,899708,14408954470,-1.77,575631952560,664468400.0,-1434602980.0,20240322
044480,877,883,854,860,105817,91927097,-2.49,29496918980,-7364672.0,0.0,20240322
439580,15110,15290,15020,15250,69345,1053891690,1.19,162855726000,166432720.0,547510.0,20240322
033560,3500,3550,3300,3480,77228,267301315,-0.57,59508000000,-15319825.0,38950790.0,20240322
369370,2305,2305,2265,2295,13310,30383410,1.32,113825417940,-1223845.0,,20240322
126340,44800,45700,44500,45100,17548,791690650,0.67,261733204700,207442550.0,-2202250.0,20240322
121800,0,0,0,3320,0,0,0.0,256309348520,,,20240322
148140,0,0,0,6140,0,0,0.0,120570191460,,,20240322
082800,3650,3990,3410,3525,1984310,7237319505,8.46,169946295375,6222025.0,172570.0,20240322
318410,11850,11850,11500,11750,16675,194579170,0.0,65274105250,-5731290.0,-80.0,20240322
419540,2290,2485,2230,2230,9206196,22010257030,1.83,51273299530,-120501870.0,-53305515.0,20240322
146320,22300,22550,22050,22200,68177,1514468800,0.45,284002890600,-304859200.0,59902950.0,20240322
200780,6860,6860,6740,6860,19481,132845550,0.73,61001754240,3665950.0,,20240322
413640,9000,9410,9000,9320,94268,875582200,3.9,67168680800,404665300.0,-10530680.0,20240322
141000,8090,8190,8080,8140,8984,72923620,0.25,98613739400,-10113920.0,,20240322
083650,9390,9550,9300,9370,447911,4217578140,-0.21,289948793750,-641862280.0,-152949670.0,20240322
445360,2110,2110,2090,2095,17027,35632990,-1.18,9029450000,-443810.0,-7320955.0,20240322
473370,2030,2040,2030,2040,39255,79954680,0.25,8588400000,-138320.0,8476380.0,20240322
142760,2600,2680,2475,2480,912916,2338971105,-4.8,80042101680,137365905.0,-3948230.0,20240322
065170,460,460,430,436,552323,244513352,-5.22,38791163724,-18522719.0,-345711.0,20240322
086670,11740,11790,11640,11690,21687,253806590,-0.43,106673284060,-32776530.0,-24232040.0,20240322
335890,8250,9340,8140,9340,6404291,57526952480,12.12,545634627500,-1962299820.0,2347098880.0,20240322
230980,0,0,0,229,0,0,0.0,21370407553,,,20240322
138580,13000,13020,12710,12940,27834,357496380,1.09,291876749220,-94330.0,-349370.0,20240322
082920,19100,19190,18760,18850,98438,1864429010,-1.57,426115560000,280202080.0,132149290.0,20240322
054220,546,546,535,540,141667,76335312,0.0,26546723460,248253.0,0.0,20240322
042370,8240,8300,8130,8160,216368,1773457330,-0.24,213792204000,72589710.0,-1056300.0,20240322
050090,1064,1064,1044,1064,25395,26920271,-0.09,21050958040,-2913291.0,,20240322
307870,1799,1799,1667,1710,603682,1041664281,-2.29,58136911740,-294906145.0,-3732727.0,20240322
357880,5170,5320,5100,5260,48081,251036290,1.54,54935208560,20911720.0,0.0,20240322
032850,6590,6600,6450,6520,168938,1102188480,-0.31,108383870360,47238470.0,20.0,20240322
148780,1519,1519,1451,1477,140342,208033486,-0.2,46445335825,-44380245.0,0.0,20240322
238200,5630,7200,5380,6610,4724818,31145611370,17.41,54069800000,-186432910.0,9570.0,20240322
093190,5510,5530,5480,5510,23795,131129230,0.0,106006366550,-3096120.0,-1050.0,20240322
065450,4890,5030,4890,4970,546864,2706153705,1.33,142404416000,334157910.0,5.0,20240322
210120,17290,17600,16990,17310,9311,160065410,0.12,54433199100,-4480100.0,,20240322
072950,6050,6140,5960,6000,311968,1884532410,0.17,48315660000,50753030.0,3600000.0,20240322
143240,18050,18100,17840,18040,21456,386150080,0.28,210766064520,274804570.0,-19499820.0,20240322
452430,37500,37500,34900,35050,411140,14627205050,-6.78,273420703800,-124583800.0,-2563645700.0,20240322
419120,9870,9980,9810,9930,44114,436479490,0.3,76975632180,-28779240.0,0.0,20240322
122350,1999,2020,1994,2015,51866,104006467,0.8,77253947420,37310960.0,,20240322
419050,3005,3130,2960,3035,1399745,4274670160,1.17,173590588400,264620335.0,-3020000.0,20240322
014970,3730,3740,3675,3680,8298,30690330,-1.08,55660000000,8521695.0,5020.0,20240322
018310,24200,24300,22900,23050,33566,780807100,-3.35,338835000000,-166489950.0,-1576600.0,20240322
053700,5330,5360,5260,5320,55771,295259600,0.57,121706650800,-38256690.0,0.0,20240322
009620,1220,1230,1130,1149,2630708,3080429963,-2.87,57514231398,-2845062.0,2736232.0,20240322
023600,10840,11040,10810,10990,19504,213211820,1.38,177708300000,91891870.0,-9527020.0,20240322
425290,2260,2270,2230,2265,21802,49036305,0.22,12502800000,-880340.0,1307900.0,20240322
439250,10000,10010,9990,10000,10762,107634150,0.0,35020000000,-249980.0,78925640.0,20240322
448740,9780,9810,9780,9800,13905,136221770,0.1,45707200000,-675630.0,55396180.0,20240322
468510,2050,2050,2035,2045,53199,108518190,-0.24,22597250000,-23120755.0,4122820.0,20240322
009300,16420,16560,16340,16540,15488,254890310,0.98,105359800000,35404700.0,-5900.0,20240322
225190,9250,9310,9170,9170,14701,135830060,-0.97,93072638960,-374120.0,4001480.0,20240322
361670,4525,4665,4475,4600,4087,18505150,0.66,26071226800,-267690.0,,20240322
054540,3985,4065,3960,4040,62003,249119660,1.76,52520000000,65681100.0,-5.0,20240322
065570,3150,3150,2975,3080,134105,410330415,0.65,39063627680,-16587300.0,-90655.0,20240322
032280,1839,1872,1833,1872,32943,60838395,1.63,30351840480,3439331.0,,20240322
002290,3640,3640,3610,3610,20180,73050180,-0.41,44764000000,-7843615.0,4050.0,20240322
037460,8420,8610,8400,8500,72925,621920990,1.19,138707437000,235407340.0,-4270080.0,20240322
032750,5160,5230,5110,5210,16023,83224080,1.17,42012741860,-2267120.0,,20240322
054090,1415,1423,1399,1412,164256,231036472,-0.21,35242435584,12703520.0,0.0,20240322
000250,87500,91900,78800,85500,1511659,130385433400,-1.84,2005613856000,-1381917400.0,853930100.0,20240322
024950,5330,5410,5330,5390,16449,88504120,0.56,71544580030,-5245890.0,419630.0,20240322
038500,3005,3015,3000,3010,67192,202026935,0.17,324828081060,42156305.0,363600.0,20240322
437730,45200,57500,44800,51400,7963053,417293137600,9.36,543256314600,950082700.0,-48226550.0,20240322
017480,5110,5120,5030,5050,10246,51889350,-0.98,79299594500,-4458080.0,25182710.0,20240322
046390,1674,1675,1651,1666,100292,166601059,0.0,71926106378,-13069621.0,0.0,20240322
027580,1870,1889,1827,1827,1537071,2844338062,-0.76,108124196733,-456905623.0,0.0,20240322
038540,3780,3795,3650,3750,55506,206989935,0.4,207481173750,45655165.0,-26600035.0,20240322
101000,3990,4165,3930,4145,398482,1632456135,2.47,77840811960,-28204930.0,-2756405.0,20240322
415580,2100,2100,2075,2080,5495,11448290,0.24,11044800000,62580.0,-5827365.0,20240322
452670,2010,2020,2010,2020,4042,8136950,0.0,10544400000,-2015.0,3704385.0,20240322
091580,19390,19390,18780,19170,222949,4251151460,-0.62,261252958230,511863240.0,-134289940.0,20240322
263810,4210,4280,4060,4205,109484,456837425,0.0,59899039190,92331415.0,0.0,20240322
089980,18980,19230,18960,19170,40863,779163250,1.0,306509839290,171100490.0,-47958680.0,20240322
042940,455,461,439,459,1276324,574931473,2.0,48403587501,-18239552.0,0.0,20240322
042600,25600,26900,25000,26500,43108,1134290750,3.72,329224711000,191070150.0,-7784150.0,20240322
107600,58600,59100,58400,59000,8702,511079500,1.2,286831155000,82119100.0,-117900.0,20240322
411080,8120,8120,7850,7850,60737,478300720,-1.13,118497618300,-172978890.0,0.0,20240322
252990,7000,7000,6800,6830,407125,2793674270,-2.01,361297335550,-217928260.0,97461580.0,20240322
378800,3490,3540,3355,3485,204458,705766825,-0.14,80402543035,56676120.0,0.0,20240322
294630,6280,6280,5880,5950,1709680,10296412850,-4.03,140053831050,-1376921610.0,0.0,20240322
038070,10050,10280,9960,10250,178427,1808133280,1.59,89181929000,86768490.0,9910.0,20240322
006730,7300,7380,7240,7340,110310,804176720,0.0,451874188940,329799280.0,-21963180.0,20240322
079650,1482,1489,1478,1489,11935,17711333,0.74,29780000000,378798.0,-3048.0,20240322
100660,4905,4970,4860,4910,51720,253296635,-0.81,61866000000,45888875.0,5.0,20240322
019770,4430,4460,4370,4445,52493,231564290,0.34,51784250000,44016290.0,-2212515.0,20240322
043710,626,634,619,623,44259,27712507,0.16,31273902240,-427868.0,0.0,20240322
092190,3500,3600,3480,3570,11654,41314660,0.99,163750127310,387370.0,3560.0,20240322
046890,10030,10040,9940,9960,134518,1341206500,-0.2,580721784000,-161330510.0,-70938700.0,20240322
063170,10300,10300,10170,10190,48481,494950890,-0.68,181119780730,-104374400.0,-1467250.0,20240322
027040,394,406,386,389,427281,168615498,0.0,27070061483,9665664.0,-12606030.0,20240322
018680,3470,3515,3425,3510,8425,29152385,1.3,40924209690,-1196810.0,,20240322
093920,5770,5800,5750,5780,14963,86441560,0.0,107508000000,5905370.0,0.0,20240322
189860,4220,4220,4175,4215,22385,93814895,-0.12,40880357700,11786450.0,5.0,20240322
178320,25150,25650,24550,24800,837854,21002698150,-0.2,931999921600,1864906900.0,-1447276750.0,20240322
122690,3640,3710,3465,3500,148239,529375300,-3.71,74298458500,-95250350.0,-1020960.0,20240322
140070,3750,3750,3685,3700,90663,336483425,-1.33,136855600000,21955430.0,-126799985.0,20240322
011370,842,851,839,850,193608,163769298,0.95,85760635250,-22937897.0,42261295.0,20240322
065710,19540,19540,19350,19500,3233,62790790,0.41,100425000000,2128390.0,10439740.0,20240322
035890,1326,1341,1300,1341,834805,1103660429,2.37,308173140837,125537679.0,-117366816.0,20240322
357550,64400,64400,63300,63300,10712,682708600,-2.16,345301500000,-161250400.0,700.0,20240322
003100,18510,18690,18400,18500,8729,161600160,-0.59,122100000000,-51653030.0,9208200.0,20240322
067370,9290,9410,9210,9300,20518,191643090,0.11,114516061500,-777210.0,-9286390.0,20240322
171090,39150,40500,37650,37850,399253,15560618500,-3.93,357363235250,1187586150.0,-624597450.0,20240322
086710,7850,7860,7760,7810,25752,200741490,-0.38,95307616800,-18048430.0,0.0,20240322
014620,11380,11460,11240,11390,188374,2139718630,0.09,325754000000,-472061570.0,101998190.0,20240322
037350,3970,3970,3930,3965,22692,89531845,0.0,61338550000,-11425370.0,,20240322
081580,2200,2200,2170,2200,33503,73095300,0.0,34117914600,-8371645.0,-200880.0,20240322
045300,3830,3845,3805,3825,20475,78203075,0.0,38095408800,-15195480.0,,20240322
015750,10050,10050,9720,9920,1953125,19308466220,0.2,793600000000,-198104840.0,96098780.0,20240322
365340,92400,92900,91800,92500,21435,1981846400,-0.22,1119702325000,-19653200.0,-175146700.0,20240322
080470,4605,4690,4565,4600,8264,37820220,-0.11,33580000000,294900.0,-649625.0,20240322
043260,1530,1536,1496,1516,207622,313956741,-0.92,80962562144,21633168.0,16688000.0,20240322
148150,9900,10090,9420,9810,684954,6752171270,-0.91,346811389830,1322771230.0,-354695140.0,20240322
188260,3800,3930,3750,3815,68050,260081545,0.39,25760169470,4240240.0,-347865.0,20240322
053060,1600,1611,1566,1585,155814,246676846,-1.61,27987009115,-73290951.0,0.0,20240322
340440,1703,1720,1689,1703,35374,59942379,0.0,48328353892,3555298.0,,20240322
017510,2925,2935,2895,2925,19606,57069525,0.17,44594550000,-2403435.0,-389010.0,20240322
011560,9380,9390,9300,9330,49089,458566760,-0.32,98244900000,-88230690.0,46624170.0,20240322
396300,4070,4100,4035,4080,108875,442809475,0.25,108077160000,121001015.0,4071845.0,20240322
100700,2850,2890,2830,2885,185193,529729685,0.87,126363000000,48256135.0,-20117785.0,20240322
024830,7250,7320,7230,7240,16131,116974500,-0.14,60454000000,-2158420.0,0.0,20240322
258830,382,383,360,375,2290567,850751854,-1.83,20762153250,56956166.0,-752.0,20240322
036630,639,639,631,634,290884,184467565,0.0,139480000000,22035102.0,,20240322
039310,2140,2160,2100,2140,43751,92871635,-1.61,38780367380,755050.0,0.0,20240322
067770,2670,2730,2630,2730,17483,46579475,2.25,22922698890,1675115.0,-385970.0,20240322
053450,7850,7880,7640,7690,259966,2004431000,-2.04,113756655070,-212517750.0,-23070.0,20240322
222810,1328,1349,1244,1250,2210965,2838774818,-6.02,94574187500,-96170620.0,-450631.0,20240322
252500,859,874,857,869,100100,86537142,1.28,36051672910,-189896.0,0.0,20240322
321370,5020,5020,4825,4870,844062,4136306880,-2.99,127254950600,-17017840.0,-1828510.0,20240322
347000,2970,3000,2955,2975,121262,360515265,-0.17,98189803600,40105540.0,0.0,20240322
331920,4465,4555,4400,4525,97489,436500180,0.33,36942769700,42843895.0,-687100.0,20240322
049180,1767,2000,1751,1924,3068242,5837756535,11.47,82356290900,241444399.0,6733927.0,20240322
299660,3895,4400,3840,4080,232437,974290265,4.75,55500146160,56601820.0,402775.0,20240322
268600,0,0,0,6680,0,0,0.0,244941204600,,,20240322
108860,19290,19410,19130,19350,255645,4929487760,0.78,520801186500,1438835970.0,-68654590.0,20240322
208370,5930,5970,5920,5940,105350,625221120,0.0,152542550160,37929100.0,-83160.0,20240322
318160,4130,4290,4090,4280,219200,922349205,3.88,39636656280,46237680.0,0.0,20240322
068760,115300,117800,113500,114400,355366,41008734300,-0.26,4531729030400,-2329813400.0,-249919500.0,20240322
068940,0,0,0,778,0,0,0.0,29766744466,,,20240322
060230,2555,3240,2535,3150,10401598,31484249495,25.0,124264189350,1180182105.0,11808610.0,20240322
290690,3845,4000,3610,3840,8461274,32398753565,-0.26,562524480000,-1858174195.0,-5372835.0,20240322
950200,6010,6050,5680,5770,323337,1883839830,-4.15,110992025810,-10736750.0,0.0,20240322
032680,720,723,703,710,1685824,1197737915,-1.25,74969442440,-20561360.0,0.0,20240322
032685,10450,10600,10450,10540,79,827700,0.86,3764276680,,,20240322
258790,1478,1510,1452,1490,75395,111257471,0.81,37237013160,-2660802.0,0.0,20240322
066910,3200,3390,3200,3340,869585,2875038100,5.2,112839425060,246358415.0,-1526820.0,20240322
043100,520,590,520,540,4210382,2340296930,3.85,35887972320,-19738537.0,4200.0,20240322
035610,4850,4885,4740,4785,148787,713945100,1.06,130850595645,67063185.0,33470000.0,20240322
357780,318500,318500,302000,305000,36934,11350331000,-2.71,2372462630000,391270000.0,-1979649500.0,20240322
036830,58600,59400,57300,58100,131540,7642940100,-1.19,1218011653600,1143842000.0,-488460300.0,20240322
304100,27400,28200,26800,27650,344739,9478090050,2.22,334393791200,-329649700.0,29864200.0,20240322
328380,1406,1432,1396,1409,622207,878350697,-0.42,48276254202,55878381.0,0.0,20240322
086980,3925,4170,3850,4130,3907170,15950976175,6.86,258694940000,864069835.0,3845090.0,20240322
050960,11980,13150,11640,12700,112239,1398300320,6.1,85737700000,51483280.0,594880.0,20240322
084180,607,620,598,620,265201,160897234,2.31,71820824180,16394366.0,-68003906.0,20240322
253840,7640,9120,7600,8100,10517621,89777275510,4.92,135453124800,72380870.0,-88943800.0,20240322
298830,5750,5750,5520,5540,279724,1564575170,-2.46,291509597940,-541118910.0,-879490.0,20240322
236200,24000,24550,23750,24150,40523,981027650,0.84,173717542950,183935050.0,-3177500.0,20240322
094840,7600,7720,7520,7700,85490,653527010,1.32,80633168000,-89199260.0,0.0,20240322
192440,30500,30650,30300,30350,5652,171765350,0.17,188666617050,-21268200.0,-3588650.0,20240322
424960,11690,11710,11510,11620,136415,1582497520,-1.19,179684010800,3656470.0,-39640280.0,20240322
136510,0,0,0,11600,0,0,0.0,666441355600,,,20240322
099440,3985,4260,3880,4170,3943310,16326242565,6.24,167814952980,1154498165.0,8950635.0,20240322
033790,1413,1441,1323,1323,24997,34505145,-6.37,22645923300,-1056700.0,,20240322
276040,8040,8140,7950,7990,78687,631103090,-0.75,100310247260,-67785630.0,23970.0,20240322
159910,918,920,817,819,724886,616437208,-3.65,29004945606,-70735032.0,-1187932.0,20240322
115570,2640,2665,2610,2650,6367,16782685,0.38,21158946200,-250295.0,,20240322
330730,5020,5250,4925,5170,946706,4866613495,2.99,93839791100,-44062695.0,-13750.0,20240322
352090,8070,8150,7940,8000,34791,279388260,-1.23,107491992000,-34040410.0,-741720.0,20240322
253450,43500,44200,43350,44150,55294,2423619550,1.38,1327082686700,387513900.0,-324539000.0,20240322
408900,34100,34150,31650,32450,124940,4065967250,-3.71,170649877200,-204231550.0,-123761700.0,20240322
204630,300,303,295,303,982655,294953302,1.68,37231787358,15516491.0,0.0,20240322
415380,15260,15440,15030,15100,67588,1022280710,-1.5,63805019800,71721610.0,-44834190.0,20240322
013810,3790,3860,3780,3845,85362,326755605,0.92,56350282150,63938915.0,20.0,20240322
203690,12690,13330,12220,13060,321276,4141273550,2.92,162242055320,-335217590.0,-2118090.0,20240322
049830,8880,8890,8760,8890,2156,19066880,0.0,54514475680,224840.0,-20.0,20240322
020710,4345,4435,4300,4425,58431,257324780,2.55,88712267250,40426180.0,-1170.0,20240322
033170,2045,2050,1952,1955,5418099,10762216663,-2.74,167598863645,-905262500.0,-928972.0,20240322
048870,3350,3370,3235,3245,1567856,5158484995,-5.26,268388576280,-87579210.0,-5185345.0,20240322
025320,10440,10640,10240,10250,2646905,27553521200,-2.47,859133844000,-1929581840.0,97956170.0,20240322
269620,0,0,0,889,0,0,0.0,132090012299,,,20240322
429270,9930,10070,9840,9980,22869,227374810,-0.2,44972375000,-28370870.0,1281720.0,20240322
418250,7410,7500,7180,7400,136679,996516400,-2.37,59063410800,195544970.0,12435780.0,20240322
131090,967,975,960,973,30127,29116324,0.52,42812000000,-796163.0,13196226.0,20240322
232830,3350,3355,3285,3300,64891,214803355,-1.49,38634657600,29028270.0,0.0,20240322
290520,3500,3520,3370,3440,44150,152697610,2.38,54797005280,-20685985.0,-263865.0,20240322
001000,1428,1438,1415,1432,12316,17570737,0.63,34765437280,819734.0,,20240322
025870,6910,7030,6880,7010,11567,80380520,1.45,28040000000,-5836410.0,,20240322
215600,5700,5990,5580,5770,2970356,17217913130,3.59,593543311250,1673780720.0,-116803810.0,20240322
065350,118400,120400,112400,116100,976365,113125802700,-3.57,3190886362800,-9840074200.0,21321200.0,20240322
416180,41800,51900,40600,49500,841835,39779284850,18.42,447469011000,1037737300.0,-782650.0,20240322
162300,3570,3640,3500,3530,237703,843255535,-0.28,146393978460,6830270.0,0.0,20240322
290560,11290,11520,11260,11260,6473,73179330,-0.44,40894923760,1167950.0,,20240322
002800,6520,6580,6400,6530,144041,935131900,0.15,99063365000,71889330.0,0.0,20240322
472220,2155,2155,2140,2150,5519,11838380,0.23,10083500000,,72760.0,20240322
419270,4450,4475,4345,4390,65966,289909945,-1.24,18898950000,-9550080.0,-285440.0,20240322
430220,2340,2340,2305,2340,4975,11499300,-0.21,15818400000,64820.0,-10206225.0,20240322
445970,2235,2240,2210,2225,6750,14969070,-0.45,11926000000,-29605.0,-9181395.0,20240322
017000,2835,2860,2810,2845,31600,89552965,0.35,33195536815,17186365.0,15.0,20240322
012790,7280,7460,7150,7390,64797,473803450,1.51,88579606850,44060380.0,-14351070.0,20240322
138070,2830,2920,2830,2885,59406,171136830,1.41,50496743540,20586385.0,10.0,20240322
226330,10480,10870,10090,10470,407267,4275570240,0.0,159756233250,-102612900.0,-67308770.0,20240322
418210,2410,2435,2385,2410,13636,32712125,-0.21,8820600000,290565.0,-7733360.0,20240322
452980,1978,1979,1972,1978,81181,160412115,0.1,37394090000,-118521.0,44399396.0,20240322
393360,2075,2090,2060,2080,202423,420685365,0.0,15288000000,-26985.0,-122920590.0,20240322
405640,3460,3460,3325,3400,104825,353722910,-0.44,15419000000,11463070.0,-55742680.0,20240322
056700,2210,2260,2195,2240,152887,338794090,0.45,65262603840,74553465.0,-538995.0,20240322
187270,4785,4820,4745,4750,30874,147192060,0.11,48183263750,9673480.0,0.0,20240322
243840,59500,59500,57300,59400,90686,5309409500,1.37,462358135800,398239900.0,-296040600.0,20240322
257720,10830,11590,10830,11540,5716774,65041466410,6.65,696891760360,1521298120.0,966300390.0,20240322
222800,31400,31450,30700,30800,594366,18478332350,-1.12,981107604400,-3376589650.0,-170670600.0,20240322
036710,2750,2750,2660,2715,94637,254994975,-0.55,131270643675,-55997925.0,0.0,20240322
160980,19900,20650,19820,19900,132062,2675845480,-0.5,217392435700,-187903610.0,160874290.0,20240322
356890,9380,9420,9250,9270,8661,80677840,-0.64,44185733100,-9670330.0,,20240322
217330,15400,15520,14860,14900,86597,1305153600,-3.99,332977958600,-396510840.0,-148730.0,20240322
010280,820,839,820,835,212974,177088941,1.58,54378361310,7185491.0,0.0,20240322
208640,351,357,348,354,200809,70744848,0.85,49291049916,-994112.0,344059.0,20240322
222420,1218,1219,1194,1204,66023,79353350,-1.07,54734118124,-6836163.0,0.0,20240322
037760,1335,1370,1331,1370,21326,28724935,1.93,46351101770,-936814.0,-2135616.0,20240322
099320,32650,34400,32650,34050,81178,2754141700,3.81,372891015900,745392100.0,-317703500.0,20240322
049960,12710,12710,12100,12470,74356,920376510,-0.24,117218000000,-274553150.0,33981660.0,20240322
088280,3790,3940,3770,3850,152801,589681405,1.58,66629986500,18232490.0,-50182330.0,20240322
050890,6220,6380,6180,6260,1867059,11715089910,0.64,383247466400,-254166570.0,75763600.0,20240322
109670,23950,29450,23500,28000,2936052,79617988150,21.21,159961788000,-589883250.0,50.0,20240322
066790,4415,5060,4400,4745,21817945,103878451845,-8.75,265838890720,244196690.0,1521145.0,20240322
222080,13820,13990,13550,13720,1038513,14297058710,-0.72,971405690080,-165309910.0,-863123950.0,20240322
352480,71300,73700,70400,73100,82541,5998734700,3.84,732019087100,2003450700.0,-315773100.0,20240322
264660,13140,13160,12830,13140,8783,115094390,0.61,122424525900,6605710.0,0.0,20240322
352700,3150,3155,3115,3150,53602,168012860,0.0,85922231850,2465235.0,-10961945.0,20240322
297090,8200,8260,8100,8210,87921,717667590,0.61,223886700000,25085050.0,58206700.0,20240322
900120,119,120,117,120,1176667,139797194,0.84,34587859920,-8629460.0,0.0,20240322
359090,1211,1224,1204,1215,68036,82398760,0.33,66730549545,-13541825.0,,20240322
115530,409,409,375,389,2755535,1069754920,-5.12,26437607000,-2313254.0,3004.0,20240322
115480,807,822,799,815,146811,118743197,1.37,39303014770,16844935.0,0.0,20240322
340810,6770,6870,6660,6820,23145,156637110,0.74,70572412020,21543700.0,,20240322
376290,3085,3225,3085,3225,11435,36315190,4.54,56945437500,-2595050.0,,20240322
189330,14090,14110,13530,13530,142050,1946498460,-3.63,82428602520,243196970.0,350.0,20240322
096530,24450,26400,24450,25850,729711,18667476400,2.58,1350041944900,1977533050.0,74182400.0,20240322
101240,4635,4700,4615,4685,40797,189563890,-0.32,47497392040,17563950.0,-672940.0,20240322
060590,8640,8750,8600,8650,59023,511184780,-0.69,209165823000,59226670.0,-17280.0,20240322
260930,4860,4955,4840,4955,35064,170973610,1.02,95837583405,64703315.0,-2114980.0,20240322
052300,501,503,487,502,796072,394952648,0.2,59563017860,-25216171.0,27798134.0,20240322
013990,5370,5500,5290,5310,799855,4284825130,-0.38,174632816160,-252262130.0,-36046200.0,20240322
123860,27550,27550,25100,25500,127539,3301796600,-5.38,309147082500,-970312000.0,-3568500.0,20240322
025980,6370,6540,6310,6430,890829,5750333450,2.06,582747543540,1508330890.0,-3577270.0,20240322
058220,0,0,0,275,0,0,0.0,10717917100,,,20240322
125210,11010,11050,10890,10930,61565,672241370,-0.64,180309914700,-102983700.0,-117270630.0,20240322
357580,10540,10540,10410,10500,13130,137703720,0.1,117812772000,36423870.0,,20240322
052710,7730,7740,7630,7700,25617,196403230,-0.39,112536339300,16803540.0,-7700.0,20240322
074430,1565,1585,1535,1585,586269,915689087,1.28,139205547740,79889578.0,-2439508.0,20240322
092040,8550,9010,8480,8730,5794048,50738645370,0.34,477594615510,-957368720.0,700109330.0,20240322
083930,16620,16650,16170,16290,109363,1782313710,-1.99,251074479420,496061960.0,6827940.0,20240322
149950,12440,12440,12140,12270,4133,50349490,0.66,191504025000,4998310.0,0.0,20240322
036010,12700,12700,12200,12310,241496,3017971590,-1.2,163636017540,-318378350.0,-1753540.0,20240322
050860,2250,2275,2225,2240,46671,104601145,-0.44,50400000000,-4621420.0,-1408920.0,20240322
136410,8800,9020,8700,8860,15416,136617100,0.68,97629279160,3305700.0,-9732660.0,20240322
246720,7100,7350,6990,7130,31354,223279070,1.86,94144199150,28475730.0,,20240322
067390,0,0,0,1113,0,0,0.0,47069206296,,,20240322
159010,10800,10800,10350,10370,30666,320046540,-2.99,138281243430,-150672600.0,-603680.0,20240322
127710,1310,1360,1310,1338,45764,61679117,-1.25,46701661716,-4197.0,0.0,20240322
154030,2710,2765,2600,2610,30953,81521265,-0.19,29025389790,-2389310.0,,20240322
227610,1780,1780,1744,1771,79943,140551777,-0.51,56055405098,-31726568.0,0.0,20240322
143160,19740,19990,19600,19850,16235,321986950,0.81,212720341500,82150860.0,-3041970.0,20240322
054800,11150,11190,10900,10980,19920,218304360,-0.54,113618360880,-56124310.0,10950.0,20240322
332370,3680,3735,3680,3730,9362,34811220,0.4,49510997980,559485.0,7390.0,20240322
339950,2140,2190,2090,2095,560524,1188410975,-2.33,94163242225,-2393125.0,0.0,20240322
099190,20350,20450,20000,20300,207326,4190674200,-0.25,558620941900,1054546350.0,-485435550.0,20240322
289010,3755,3795,3750,3760,42036,158263610,-0.27,48368779120,-24055360.0,,20240322
214430,41250,46800,40950,43500,443452,19767809050,5.45,309144060000,699879600.0,-24803850.0,20240322
040910,8420,8420,8160,8260,34443,283806910,-0.84,152519594920,-42646080.0,-18820480.0,20240322
368600,5580,5580,5230,5350,22585,119698990,0.0,93830151100,-12028080.0,,20240322
052860,2895,2935,2860,2880,112529,324792000,0.0,51445019520,-14767065.0,18407875.0,20240322
069920,2725,2830,2690,2740,60839,165341525,0.0,70764231880,35383425.0,,20240322
038880,430,430,415,420,951353,399330685,-1.18,123803043000,-36663359.0,-26160.0,20240322
307180,2805,2830,2765,2790,115842,323063210,-0.89,74497737420,-65246985.0,37750.0,20240322
101390,9290,9600,8370,8930,247617,2239969300,-0.11,80850050010,40716180.0,4540.0,20240322
451220,22600,22750,21250,21300,265956,5812172550,-3.84,167729214300,-662670450.0,-586443600.0,20240322
078860,4280,4280,3955,3955,182621,746173545,-7.27,19009007465,-25675025.0,5028875.0,20240322
090150,1274,1274,1235,1242,376141,468642230,-1.66,52009113906,-180356958.0,0.0,20240322
123010,1182,1185,1150,1175,57080,66335882,2.44,38373786850,23886520.0,,20240322
031310,2655,2690,2625,2675,78675,209851775,0.94,61105977300,10973090.0,,20240322
185490,3220,3245,3115,3205,241079,761518760,-1.69,86630457720,276950740.0,0.0,20240322
059100,5810,6920,5690,5800,842331,5313304280,1.05,41010988000,-232362510.0,-413520.0,20240322
262840,6600,6730,6470,6730,29600,194935660,1.97,66357800000,-53319690.0,-205250.0,20240322
175250,2070,2120,1980,2115,356299,728253789,2.17,79435948320,26522764.0,-1847176.0,20240322
052460,3730,3800,3685,3695,40419,149949305,-0.94,53976323520,-16002755.0,,20240322
119830,7960,8030,7830,7920,89301,705804410,-0.25,169759632240,-98578020.0,34278890.0,20240322
052770,1740,1857,1688,1835,814467,1467592917,4.98,78080936365,-218600222.0,0.0,20240322
124500,8620,8800,8230,8240,623752,5262003180,-6.89,189629402480,-234910090.0,-323495700.0,20240322
372800,6210,6250,6150,6250,4300,26751350,0.64,37668687500,-857670.0,,20240322
084850,21450,21800,21250,21800,18401,397527600,1.63,494487961200,-37856550.0,-24335450.0,20240322
114840,18490,18550,17460,18060,295219,5251967420,-2.33,310667108640,-1540085410.0,-1122089260.0,20240322
027360,2570,2600,2550,2550,134430,344286265,-1.35,308155785300,-55903360.0,86940.0,20240322
032080,1509,1509,1480,1490,49147,73394538,-1.32,32021633210,278427.0,0.0,20240322
013310,4215,4235,4155,4160,241107,1007675110,-1.65,161435381120,-14663645.0,0.0,20240322
059120,13380,14280,13260,13260,2647736,36646883490,-0.53,129266382960,242506890.0,630.0,20240322
158430,4400,4560,4340,4460,557170,2497142365,1.71,100691792100,343135785.0,211834935.0,20240322
067160,124700,128900,122700,126300,116530,14758900250,0.24,1451789072100,1908920500.0,500444300.0,20240322
001540,8070,8150,7980,8110,45482,367416370,0.87,105774026200,34401030.0,-3644270.0,20240322
053800,66900,67100,66500,66700,41039,2738513800,-0.15,667924128500,-162350900.0,-32824800.0,20240322
065660,14510,14760,14460,14650,7896,115056730,0.07,142564614450,28532840.0,-12439300.0,20240322
297570,1408,1414,1394,1398,49730,69676921,-0.71,48400462764,-2231883.0,0.0,20240322
260660,5400,5400,5300,5370,7281,39038780,0.0,82306102770,-7519580.0,1797030.0,20240322
354320,41650,42300,41150,41950,32551,1360107300,1.82,268118432950,298825550.0,-24048550.0,20240322
361570,3780,3805,3695,3785,66083,248327125,0.53,108384576435,-25020135.0,5325060.0,20240322
131370,4050,4050,3980,3980,265778,1063521030,-1.85,212002990340,-123043325.0,2320.0,20240322
140670,23150,23450,22250,22850,1373016,31508545600,-3.79,212576749000,368193150.0,177363500.0,20240322
096610,0,0,0,2965,0,0,0.0,51550708615,,,20240322
061040,3965,4015,3960,4010,78985,315356520,0.25,128677928590,94009335.0,33147850.0,20240322
148250,4925,4980,4700,4920,51545,247069690,-0.1,36364635120,15623900.0,23531070.0,20240322
347860,4925,4930,4660,4670,504315,2385125380,-5.18,100640237240,123519305.0,2501925.0,20240322
196170,199500,212500,198900,204000,1611678,332607448900,3.66,10814412912000,38211590300.0,1068356000.0,20240322
123750,2465,2485,2440,2450,88418,217437540,0.2,31228427650,-2174435.0,,20240322
085810,943,950,915,918,52827,48627652,-2.65,27251535942,-1092015.0,,20240322
117670,0,0,0,945,0,0,0.0,37461339405,,,20240322
314140,9950,9990,9710,9940,13613,134392320,-0.1,86143628340,-13099670.0,0.0,20240322
291650,3400,3410,3285,3300,265318,885401705,-3.79,56034831600,87244025.0,1435.0,20240322
293780,6200,6320,6090,6210,80001,497121400,0.16,138475957860,63499420.0,-6170.0,20240322
196300,16500,16700,15930,16250,49078,804101310,0.49,96481027500,61043620.0,-908260.0,20240322
310200,3600,3700,3565,3675,189092,689250250,2.8,166060960800,40832790.0,99351290.0,20240322
179530,3045,3060,2950,3045,19547,58761270,-1.14,27832651980,-5634885.0,,20240322
900100,1590,1620,1571,1608,80657,128581642,1.13,63442699320,5939766.0,,20240322
205500,1693,1779,1678,1725,170869,293524758,1.89,89576007000,2853510.0,-1132617.0,20240322
052790,10050,10070,9620,9670,68839,671007640,-3.3,109567269460,-110606070.0,-739770.0,20240322
290740,7410,7410,7300,7400,14904,109676140,-0.13,74481081400,5148570.0,,20240322
238090,3850,3890,3810,3845,68853,263909320,-0.13,90516310035,-22437590.0,-27892720.0,20240322
092600,1943,1951,1867,1910,231327,440048274,0.0,47909517470,27394241.0,0.0,20240322
129890,1049,1070,1015,1019,203171,211858172,-2.86,51605634790,20290249.0,-91464.0,20240322
174900,19110,19450,18750,19070,307776,5851885340,-2.51,313192731470,-726102990.0,192655840.0,20240322
255440,10190,10470,10170,10200,23452,240409270,-0.87,133191600000,-71072900.0,-3867440.0,20240322
030960,11500,11640,11430,11570,26987,311363260,1.49,184888600000,63599540.0,,20240322
102120,15820,15940,15070,15120,598380,9196731260,-4.42,268844985360,1035824010.0,39523890.0,20240322
263540,0,0,0,5950,0,0,0.0,85049841450,,,20240322
238120,4365,4475,4330,4445,149712,658662965,2.07,63914192720,105234050.0,1348035.0,20240322
019990,6700,6760,6610,6650,13957,92814060,-0.75,64877985200,2393970.0,50.0,20240322
270660,27200,28200,26500,26600,747564,20476838100,-2.56,324289697200,-710100300.0,28450.0,20240322
038680,5270,5290,5200,5230,98070,514060890,-1.51,102244810710,-43717320.0,0.0,20240322
217480,0,0,0,499,0,0,0.0,54756837359,,,20240322
121890,2110,2190,2065,2120,90510,191535685,-0.7,26894574400,-30758705.0,0.0,20240322
304360,9900,10220,9640,10100,115498,1145644250,2.02,114504467600,187654230.0,1266780.0,20240322
389500,35500,35950,35050,35600,39197,1391231900,0.71,219826582400,-42608000.0,7847050.0,20240322
042110,1525,1525,1509,1512,51831,78353177,-0.4,73074300768,-10217677.0,0.0,20240322
298060,2965,3135,2905,2980,318977,966804295,0.0,60992399040,67241520.0,-14975.0,20240322
065420,250,259,242,246,642020,159976908,-1.6,17608015554,-8853057.0,-159632.0,20240322
103230,4095,4095,4000,4085,41097,165717260,-0.24,29412000000,25421475.0,0.0,20240322
260970,24550,28400,24550,27550,681230,18708480200,12.22,111837021000,1348312000.0,-939533000.0,20240322
101490,47450,48050,46300,46950,208564,9824235000,-0.95,1007145436650,-219290750.0,-264952350.0,20240322
095910,1868,1880,1855,1873,64952,121010264,0.81,36531934119,9487016.0,-20064827.0,20240322
275630,4360,4455,4300,4455,10798,47339695,2.06,26810140995,779810.0,0.0,20240322
031330,2995,3015,2925,2995,523379,1555482670,0.0,299485225665,-85373090.0,370000720.0,20240322
060540,2410,2425,2365,2375,481842,1153564185,-5.94,62066601750,-101785840.0,0.0,20240322
351320,2420,2430,2370,2400,16527,39535845,-0.83,52838126400,-8902840.0,,20240322
056190,25750,26100,25600,25700,142370,3673234800,0.0,922855132000,545948050.0,-677897600.0,20240322
080000,2795,2795,2705,2750,110737,303133380,0.36,94387892500,43058790.0,-33510095.0,20240322
214310,0,0,0,306,0,0,0.0,22516276518,,,20240322
246250,5090,5200,5010,5160,12342,63065950,0.39,39598371480,-3218650.0,0.0,20240322
041510,76900,77600,75600,77000,60183,4616128000,-0.39,1816393194000,-742870200.0,1161208500.0,20240322
007820,5960,5970,5830,5910,123421,727568110,-0.67,118400620860,-86881280.0,-19360.0,20240322
109610,4600,4730,4515,4670,1974459,9187962750,1.74,228397558000,-129463775.0,56100000.0,20240322
365330,2860,2915,2850,2880,196009,564477290,0.17,88156800000,24277595.0,5780.0,20240322
031860,199,200,190,193,3063734,592949110,-4.93,25148578395,24823634.0,0.0,20240322
306040,7890,8000,7860,7980,11070,87712750,1.14,78729307440,20099600.0,60.0,20240322
457940,2315,2325,2250,2315,12272,28179110,0.0,7662650000,1571095.0,-10243875.0,20240322
472230,2085,2095,2085,2085,28864,60213610,-0.24,8663175000,,16690250.0,20240322
435870,0,0,0,2240,0,0,0.0,8332800000,,,20240322
455910,2220,2260,2195,2195,10335,22956540,-1.13,11018900000,142600.0,-9170905.0,20240322
096630,1829,1905,1810,1879,1248485,2340240003,1.9,145950466297,151365543.0,-2860381.0,20240322
069510,8550,8590,8400,8590,8718,74166880,2.26,93716900000,38302990.0,-24032830.0,20240322
041910,10870,11320,10760,10830,369147,4076506540,-0.37,128858188290,39866720.0,-373175620.0,20240322
234300,3955,3965,3935,3935,73926,291737425,-0.51,108339372270,57492680.0,,20240322
039440,36300,36650,34900,35050,416919,14795701700,-3.04,554841500000,-1708627300.0,-2030115400.0,20240322
098660,2050,2150,2050,2145,49910,105587250,4.63,26814593520,-1386575.0,,20240322
052020,5650,6300,5420,6160,623281,3616028430,7.32,287636573840,146641430.0,-91597160.0,20240322
237690,91900,94600,89500,89800,329503,30169007100,-4.37,1689027995000,218135500.0,-621188300.0,20240322
050760,1870,1879,1841,1849,36708,67980614,-1.12,30202819622,-5383887.0,-682017.0,20240322
288620,15150,15380,15150,15250,8747,133502120,0.46,106434569000,-1010690.0,-137450.0,20240322
443670,15960,16680,15390,15870,1278823,20407036160,-1.37,336396802620,-19940450.0,-272561470.0,20240322
317830,11090,11720,11020,11500,745675,8556753280,4.74,123898907000,340976000.0,252797900.0,20240322
058610,30450,30900,30250,30550,243382,7444946450,0.83,677518348000,-118132150.0,9772400.0,20240322
043340,700,700,691,694,26412,18322147,-0.29,65930000000,-759275.0,,20240322
187660,3550,3820,3455,3780,1432225,5317147400,6.63,82541025000,101311435.0,-3756005.0,20240322
054630,177,189,152,175,14569839,2464598670,0.0,13949155675,140502815.0,0.0,20240322
200710,40650,41150,39350,39800,410694,16441273000,-1.97,534397346200,1407007550.0,-622501100.0,20240322
096690,405,430,403,424,1858687,773754703,0.95,70971641952,-21013726.0,-546036.0,20240322
298380,26500,27050,26050,26300,1138065,30101900600,0.38,1259573775700,-6620762450.0,-775277700.0,20240322
203400,7650,7740,6320,6630,487900,3382898230,-14.34,146032333590,-267702280.0,-65440.0,20240322
195990,520,550,510,541,1788662,954629257,4.24,154017139061,99368398.0,698771.0,20240322
003800,26000,26050,25900,26000,1708,44346200,0.39,288340000000,-24914150.0,,20240322
088800,2135,2465,2135,2235,7779189,18224113215,8.23,156284773155,89745420.0,-18393195.0,20240322
241840,11140,11320,11060,11320,26318,294350670,1.62,107992732080,135404860.0,389480.0,20240322
453860,29000,30150,28700,29250,30933,914556000,0.86,165473538750,289843350.0,-163533400.0,20240322
312610,2230,2230,2085,2110,18913,40505230,-1.86,42742033680,-870655.0,,20240322
172670,20500,20800,20300,20800,80892,1659173200,1.22,186373387200,-90649250.0,-102473100.0,20240322
445090,63600,64100,60200,60800,496276,30605071000,-3.49,649246963200,-3817456300.0,-320370200.0,20240322
072990,10670,11200,10430,11140,75308,822467730,4.4,79880049540,70406150.0,114673330.0,20240322
227100,1467,1780,1430,1574,4859885,7899394029,12.67,24612069786,8678980.0,-106343.0,20240322
239610,16060,16060,15310,15790,1952,30456680,0.7,85141495850,-3203750.0,-15590.0,20240322
462020,2070,2085,2070,2080,5787,12036645,0.24,9037600000,-122370.0,0.0,20240322
148930,7180,7430,7130,7200,84088,611595290,0.28,73261533600,-2914600.0,0.0,20240322
044780,1618,1660,1618,1654,24868,40793653,1.22,30608571698,-2678234.0,,20240322
357230,4850,4875,4660,4690,81719,387405725,-0.21,99192210250,-41984265.0,-19161230.0,20240322
355690,13480,13600,13150,13150,41788,553903320,-3.02,70973443000,-181089710.0,-28896000.0,20240322
071670,10910,11030,10660,10740,179439,1944428520,0.28,107400000000,57594500.0,0.0,20240322
045660,16150,16780,15760,16670,229942,3764439540,3.22,137694200000,297871700.0,-570.0,20240322
224110,15580,15980,15200,15920,65156,1015615070,2.12,85012800000,39286020.0,-10604540.0,20240322
021080,2905,2925,2840,2860,271927,778824185,-1.72,137280000000,84920035.0,82940.0,20240322
089530,0,0,0,600,0,0,0.0,43367041800,,,20240322
200470,5410,5450,5180,5230,1140548,6058010190,-0.95,221553746390,-73894500.0,-2057200.0,20240322
262260,13100,13220,12850,12860,68277,885489160,-1.83,186060434720,-86116100.0,230.0,20240322
109960,739,769,705,725,3361243,2479338101,0.0,82760400100,-150358381.0,-4725543.0,20240322
397030,17120,18300,16850,17670,1589582,28037251110,3.58,382071872100,1132694000.0,-307466970.0,20240322
089970,15460,15840,15310,15310,60625,944047000,-1.42,367142909450,76622100.0,135227800.0,20240322
230240,14960,15500,14700,14930,126527,1904565810,-0.07,201391158180,-36757170.0,297145570.0,20240322
230360,12960,13230,12870,13050,193266,2527851380,0.38,422402778450,241600710.0,320382790.0,20240322
038870,5940,5940,5620,5670,227409,1297636220,-1.56,79464760830,11585600.0,-5650.0,20240322
097780,1039,1070,1035,1068,204398,216353721,2.79,72336000984,38368768.0,-51237.0,20240322
448280,32400,32750,31750,32100,44529,1434568750,-0.62,317053080300,-28468400.0,386100.0,20240322
101360,61200,61500,57800,59600,366616,21794873400,-2.13,682734866800,1768330700.0,296591100.0,20240322
128540,2385,2460,2385,2460,82597,199697580,2.07,65658531600,31309440.0,,20240322
086520,616000,645000,613000,628000,305701,193026530000,1.78,16722175504000,26314854000.0,662554000.0,20240322
247540,277500,280000,273000,277000,528708,146471785500,0.36,27090972288000,-10133208000.0,6598413000.0,20240322
383310,85500,89400,83800,83800,438586,37579853900,-3.57,1282553301600,-680235800.0,47800.0,20240322
038110,4790,4795,4740,4760,405098,1925399590,-0.63,195966201200,-193514920.0,0.0,20240322
073540,2100,2105,1766,1860,717527,1343481675,-16.78,21204000000,494071.0,-14250039.0,20240322
064850,6380,6770,6330,6630,95933,638081310,2.79,80090400000,-8824070.0,-72435330.0,20240322
036810,23750,23850,22900,22900,175318,4077229850,-3.58,498230468100,-969569550.0,-118038250.0,20240322
173940,3970,3995,3905,3910,10094,39749980,-1.51,60185879280,213630.0,20200.0,20240322
083500,13280,13280,12750,12940,133875,1728373980,-1.22,110969842680,-174047940.0,18707230.0,20240322
054940,794,824,791,820,198818,162091703,3.27,27202309360,131829.0,0.0,20240322
043090,498,501,462,475,327573,157460564,-2.26,33088319975,-7994855.0,0.0,20240322
950130,7790,8300,7630,7960,419237,3363702870,2.18,289472142120,-87139510.0,0.0,20240322
205100,2460,2500,2440,2460,609514,1504846700,0.0,177030040260,-23587605.0,7797975.0,20240322
356680,5880,5930,5790,5860,312526,1828530240,-1.35,167264863120,25067690.0,0.0,20240322
070300,2875,2930,2755,2915,46313,134074385,1.39,21472105710,-3193190.0,15775.0,20240322
317770,5070,5160,4940,5120,436606,2190339880,0.0,116641822720,111491290.0,0.0,20240322
092870,30500,33500,28850,29450,10441901,327965500050,3.33,319497071650,1276150050.0,-680101300.0,20240322
317870,19180,19550,19120,19200,28593,553872780,0.1,163329600000,44461540.0,96744640.0,20240322
067570,2480,2610,2470,2545,334118,841697760,2.62,107322650000,61249945.0,3174720.0,20240322
236810,6600,6700,6500,6700,84227,557044370,1.52,113735354200,-18698140.0,319460.0,20240322
333620,9400,9400,9110,9110,15072,138730720,-2.67,96168293840,-35289540.0,-350900.0,20240322
101400,592,595,586,590,273685,161440982,-0.34,34919872160,-1549993.0,0.0,20240322
391060,10290,10310,10290,10310,67852,699057650,0.1,52581000000,-3658250.0,-185500000.0,20240322
422040,2110,2135,2110,2115,7973,16878125,-0.24,15143400000,237450.0,-4753495.0,20240322
437780,2135,2145,2130,2145,4836,10350410,0.47,10789350000,147755.0,-1234485.0,20240322
438580,2280,2280,2255,2280,7318,16582825,0.22,6885600000,22565.0,0.0,20240322
439410,2060,2065,2055,2065,3001,6187955,0.73,18172000000,-22650.0,6185890.0,20240322
440820,2085,2085,2065,2070,11483,23794100,-0.48,16146000000,124980.0,-607110.0,20240322
451700,2015,2020,2010,2020,4737,9553520,0.25,28987000000,-38280.0,6062510.0,20240322
466910,2030,2040,2025,2030,23851,48500020,0.0,18473000000,-1202600.0,46737015.0,20240322
265740,8300,8350,8270,8340,4047,33661440,-0.24,74491212000,-3252480.0,,20240322
354200,4890,5290,4860,5230,136003,693924255,6.95,67410657210,38735615.0,1030310.0,20240322
419080,12470,13290,12000,13290,78987,1001326650,6.66,139781787930,237518280.0,-160206090.0,20240322
208860,0,0,0,2205,0,0,0.0,25233717915,,,20240322
183490,1960,1996,1911,1990,720796,1414884420,1.58,169280468380,107664095.0,-7960.0,20240322
182400,1666,1925,1666,1844,3577471,6549854480,-5.44,157696724364,289276764.0,-9447259.0,20240322
348370,225000,231500,223000,229500,327798,74664201500,1.1,4206152988000,13363360500.0,-1854031500.0,20240322
058450,3400,3820,3375,3675,259122,949827885,8.09,42433828500,3644640.0,1060865.0,20240322
069410,5100,5240,5080,5100,94594,488234910,0.39,52248602400,49466620.0,-3606810.0,20240322
227950,778,825,765,801,2598684,2092014672,4.84,82963999530,521575815.0,0.0,20240322
291230,3160,3160,3050,3060,251033,772379610,0.16,134895182580,-134371440.0,-72509920.0,20240322
198080,2455,2485,2405,2485,91580,223533035,1.22,53514934725,65924420.0,0.0,20240322
048830,1730,1745,1721,1745,18527,32088880,0.87,32673245635,28873.0,,20240322
096870,3065,3175,3040,3100,29067,89517545,1.14,20703040000,-4116935.0,-761300.0,20240322
290650,23150,23500,22850,23200,90079,2089229350,0.43,526289471200,552206850.0,-583536000.0,20240322
156100,8500,8700,8310,8590,55906,474745190,1.06,171256622370,56972390.0,22681860.0,20240322
073110,6200,6270,6130,6210,23370,144592240,0.0,55242638550,3921230.0,-2048430.0,20240322
083310,23350,23550,22500,22900,401677,9187579800,-1.93,407849755700,-1315237650.0,483734600.0,20240322
037950,1354,1354,1325,1331,1418331,1893140119,-0.89,112399647789,358127155.0,0.0,20240322
170920,12900,13350,12290,12720,180855,2276465620,-2.15,124727486400,634934020.0,-193242210.0,20240322
058630,5660,5690,5600,5620,51426,289704420,-0.71,109836588740,11215930.0,325990.0,20240322
058970,63100,66700,60500,60900,316315,20184005300,-4.25,682818108000,759890400.0,491551500.0,20240322
019590,0,0,0,921,0,0,0.0,104963185182,,,20240322
169330,2985,2985,2850,2910,14485,41786090,0.34,53127631380,-116570.0,39115.0,20240322
373170,13470,14260,13470,13980,19530,271320590,3.71,69728465400,77908080.0,-6944600.0,20240322
179290,6750,6780,6570,6650,149209,990439300,-1.48,214766258700,247478810.0,18423400.0,20240322
009780,5030,5040,4970,5020,18429,92027110,0.0,88352000000,823180.0,3913380.0,20240322
123040,4975,5020,4940,4990,194336,967944535,0.3,227834802230,29563035.0,-76595.0,20240322
323230,690,706,630,690,2955628,1991326006,-2.68,29858365170,-112096307.0,-3462280.0,20240322
032790,1400,1816,1397,1816,8935289,14892742857,29.99,75829918408,103660042.0,-24489106.0,20240322
033160,13970,14000,13700,13850,246567,3413003530,0.0,305618684350,355267700.0,24717050.0,20240322
347890,7640,7730,7580,7620,23934,182257530,-0.13,128878614480,24086610.0,10545830.0,20240322
033310,3065,3115,3050,3075,90259,278879785,0.33,124052360325,-22950020.0,-6150.0,20240322
259630,11210,11290,11100,11200,60297,674894230,-0.09,137562902400,125866370.0,-44383310.0,20240322
060850,8680,8760,8650,8700,3058,26597970,0.12,70739700000,1778140.0,,20240322
143540,897,911,874,905,83777,74601748,-0.11,40362904975,3908347.0,0.0,20240322
036560,12280,12280,11870,11890,86026,1028482750,-2.38,187267500000,-243306820.0,-254660700.0,20240322
265560,9000,9020,8920,8970,10662,95651620,0.34,95890914600,12516510.0,-796620.0,20240322
036000,1828,1834,1805,1825,18696,34070232,0.39,42037555525,-415158.0,,20240322
250930,723,736,717,717,24911,18035164,-0.83,23661315480,-125778.0,,20240322
053280,4915,4965,4910,4930,33220,163607740,-0.4,123250000000,-3136780.0,-16045.0,20240322
122640,21500,23150,20700,22500,851332,18802627650,8.17,428497695000,1524916850.0,1291905300.0,20240322
900300,79,80,77,80,2851383,224260782,2.56,19621078480,37373745.0,,20240322
045060,3155,3170,3125,3145,19246,60637180,-1.72,53282508230,1699330.0,0.0,20240322
080520,4665,4670,4600,4635,31119,143570970,-0.54,54445532715,-1195955.0,25.0,20240322
039830,7100,7110,6950,7020,21531,151031040,-1.13,75555487800,-35904950.0,-20088890.0,20240322
322310,34500,34500,33350,33700,95342,3215022500,-2.32,315652465400,-254241900.0,163372500.0,20240322
046120,3325,3325,3275,3320,194367,641874760,-0.15,89868495680,-31708380.0,89640.0,20240322
014940,3345,3355,3210,3325,221250,729206430,0.61,151532422825,21393835.0,-104830.0,20240322
065500,1465,1743,1450,1699,3105338,5097837440,17.74,53931207488,151538991.0,-17641367.0,20240322
010470,8240,8290,8000,8140,65721,530786030,-1.21,97476907000,-34996190.0,90.0,20240322
417860,16840,16960,16560,16580,13200,219949060,-0.54,64742413000,37687290.0,1674890.0,20240322
352910,8040,8220,8010,8180,40811,332833960,2.25,99753529440,114548130.0,0.0,20240322
053980,5000,5140,4945,5090,75531,380743875,1.8,96622365470,-2175020.0,0.0,20240322
036220,21650,25800,21300,23150,2523628,60470766950,4.99,326517230400,120927950.0,-31069450.0,20240322
052420,1419,1430,1412,1423,171963,244329040,0.14,119535772373,57648524.0,0.0,20240322
241790,11960,11980,11790,11890,23321,277045800,-0.08,118931318260,-54398190.0,-6171470.0,20240322
039200,29600,29600,28000,28100,523023,14949108950,-1.75,1067630416500,-3319531900.0,-599458550.0,20240322
226400,4950,5230,4895,5140,332818,1686938630,3.84,106200629140,452198710.0,-18176565.0,20240322
031510,1724,1724,1703,1719,43976,75116786,-0.35,48132000000,2996040.0,0.0,20240322
368970,5100,5170,5010,5070,15218,77009980,-0.59,47385031200,-13052580.0,0.0,20240322
138080,13970,14180,13700,13820,56898,790815100,0.0,146824992900,24422710.0,-23528900.0,20240322
080580,10150,10270,9850,9860,304465,3037991530,-1.69,174317878280,-76682570.0,120.0,20240322
067170,4110,4175,4100,4155,11799,48716940,0.36,63952118775,4573545.0,,20240322
353590,6130,6170,6090,6090,26541,162532180,-0.65,78412221300,36733640.0,-21156870.0,20240322
173130,9670,9670,9190,9270,246234,2294900620,-3.84,109946186100,155706900.0,1996460.0,20240322
440320,7000,7150,6480,6700,122417,834855170,-2.9,65693500000,-64387760.0,0.0,20240322
049480,2535,2565,2520,2540,144353,366091905,0.2,79812852820,-8647395.0,101631585.0,20240322
394280,30550,30950,29500,29650,946615,28402231650,-3.89,644158406500,-360948500.0,-1123743950.0,20240322
309930,3915,4020,3845,3845,69366,269598235,-2.66,81803874550,-109096040.0,0.0,20240322
244460,612,650,551,615,1448490,872692320,0.49,18974227845,41411415.0,-1867196.0,20240322
226950,15800,17230,15420,16860,263416,4403131290,7.8,277528936260,1071533140.0,-58650690.0,20240322
057540,858,871,858,869,115219,99798048,0.46,53399489495,7587012.0,744972.0,20240322
131030,5910,5960,5750,5870,86825,510710000,0.17,94819060940,44540820.0,0.0,20240322
082210,4820,4965,4710,4920,532610,2603772915,2.61,126075836400,162374995.0,-560005.0,20240322
109080,9430,9580,9430,9550,11800,112090160,1.27,53823800000,39106800.0,-579410.0,20240322
380540,1331,1384,1315,1349,143175,192155213,-0.3,38847282504,4561631.0,0.0,20240322
153710,6610,6980,6610,6920,112745,772206580,5.49,101516109360,-29443740.0,0.0,20240322
321820,14590,14590,13740,13980,177932,2493781260,-3.12,186863110800,-121976050.0,50.0,20240322
432430,12030,12410,12010,12150,150838,1841281110,0.58,194580063000,38699480.0,-279160.0,20240322
338840,12460,13260,12280,13200,985073,12642302110,6.97,194867983200,524729100.0,-493229290.0,20240322
122990,7810,7810,7650,7700,59193,455575290,-1.16,217039445700,102888740.0,89936210.0,20240322
112290,14830,15070,14050,14150,295878,4271163290,-4.59,143064211750,-205934290.0,-88492280.0,20240322
232140,7750,7920,7330,7420,5513904,41892969580,-3.13,608776497000,-1643436980.0,72613110.0,20240322
065530,2040,2315,1996,2145,9956487,21959820669,4.13,113384700000,201528359.0,-129595.0,20240322
067900,7000,7130,7000,7090,31740,223870020,0.85,129035582310,946090.0,23437660.0,20240322
007530,2735,2875,2735,2810,34692,97539645,2.37,53880210120,-4004630.0,,20240322
155650,4865,4890,4840,4875,52679,255770550,0.31,94937495250,11085030.0,-4605.0,20240322
273640,13600,13600,13430,13530,10182,137432560,0.52,148369980000,-18397010.0,94820.0,20240322
251370,12000,12030,11760,11900,14987,178426690,-0.83,194142121600,-84119470.0,-5248810.0,20240322
066430,633,668,597,600,1946206,1204052079,-1.32,23492085600,-20116706.0,-97790.0,20240322
193250,755,768,746,754,95352,71561551,1.07,47745826258,-2744681.0,0.0,20240322
273060,1424,1449,1350,1352,1527757,2109487053,0.07,68221354864,-138454044.0,0.0,20240322
019210,5750,5760,5690,5710,141944,812070640,-0.87,191706506490,-28920830.0,-313089180.0,20240322
122870,45750,45750,44400,44950,212726,9531247800,-1.32,840147819050,-2087342050.0,-979930750.0,20240322
332570,3290,3390,3275,3335,255740,849826120,-0.74,138703540445,-44874905.0,-5689545.0,20240322
079000,4860,4860,4815,4820,8682,42056005,-0.82,34704000000,-140760.0,-690165.0,20240322
403490,2400,2410,2360,2365,377201,896266745,-2.47,106246357360,-133004195.0,0.0,20240322
032820,1495,1508,1460,1460,2709618,4010765627,-2.34,224576122520,-457901308.0,-305600230.0,20240322
041190,8860,9080,8740,9020,2512994,22320062970,-1.31,757680000000,-170010570.0,90176690.0,20240322
115440,6780,6970,6770,6920,72690,500969740,2.52,74419333880,121904420.0,-3412590.0,20240322
046970,1613,1628,1601,1625,223655,361854187,0.87,71215623375,16891473.0,0.0,20240322
082850,3060,3070,2955,3020,844879,2545773300,-0.82,146278465560,256969575.0,-13795.0,20240322
215360,13900,14100,13810,13990,29066,406153090,0.65,127758960370,72110170.0,-70040880.0,20240322
072470,3945,3955,3825,3900,38413,149100005,-1.14,73660629900,-20897570.0,1189670.0,20240322
073560,1515,1520,1503,1520,70293,106463976,0.46,105241217360,2422624.0,-2907.0,20240322
037400,1622,1704,1618,1704,69992,117178848,5.06,44684581584,12128951.0,35915.0,20240322
153490,1116,1138,1111,1128,180841,203836994,0.98,58069440000,19631013.0,0.0,20240322
101170,6180,6310,6130,6220,109178,680841330,1.14,83970000000,-10190990.0,20.0,20240322
066590,3080,3200,3060,3115,586969,1838291530,3.15,121712718960,307966820.0,0.0,20240322
103840,4360,4640,4320,4510,540073,2421439760,3.44,73812590280,250601055.0,38570210.0,20240322
046940,3015,3020,2980,3015,28589,85751730,0.67,54494165250,21515875.0,,20240322
215380,1856,1880,1852,1863,18292,34031718,0.7,25410064338,182129.0,-27956.0,20240322
065680,16120,16120,15730,15890,17398,275514920,-0.63,151431700000,-88951240.0,6101320.0,20240322
018620,1115,1134,1115,1130,84315,94825917,0.36,32644901090,3157700.0,0.0,20240322
457550,27300,28000,25650,25800,865475,23316118700,-5.15,239200546200,-1765160600.0,-198818900.0,20240322
396470,10370,10440,9920,9980,478002,4853575240,-4.5,160877600000,-206484880.0,-6630.0,20240322
307280,1829,1829,1768,1772,116727,207594017,-1.5,65491371036,-83042434.0,-422659.0,20240322
032940,4010,4015,3870,3890,91098,358820995,-2.75,70771664700,-64470435.0,-661135.0,20240322
240810,38000,38000,35700,35750,832413,30497320100,-4.92,1754749460750,-1950349550.0,-5052291650.0,20240322
074600,33000,33050,31750,32000,447427,14417383850,-3.03,841216000000,-632884000.0,-1594025000.0,20240322
104830,35900,35950,34350,34700,67783,2369430800,-3.34,437497600000,119797100.0,-437798250.0,20240322
014190,1952,1991,1923,1984,360879,708738624,1.9,70233413504,-12987589.0,-3033846.0,20240322
217820,5880,5970,5780,5920,105998,621116730,1.02,280930989280,108023470.0,1429440.0,20240322
030530,4050,4065,3980,3995,185179,742886140,-0.87,308565734095,-49881435.0,-691835.0,20240322
012620,8460,8510,8420,8490,7622,64429680,0.0,37356000000,4007200.0,-3580.0,20240322
382840,19300,19450,19050,19320,56571,1085682580,-0.67,295046944920,-72755990.0,-2400010.0,20240322
336570,8330,8410,8180,8340,562327,4660024140,0.12,735370451100,117700690.0,-391869970.0,20240322
376980,8100,8100,7870,7900,52186,414904310,-1.99,75871473600,-52853450.0,-173820.0,20240322
008370,4190,4190,4150,4180,6618,27588305,0.0,50160000000,386405.0,333400.0,20240322
008290,702,712,695,702,39455,27627964,1.74,28566962658,-633924.0,,20240322
101160,25400,25450,24500,24600,329325,8220296950,-2.19,406170427800,-1446936100.0,-157723750.0,20240322
064090,3250,3270,3165,3240,53562,171897925,1.41,98974350360,-9307165.0,0.0,20240322
336060,1513,1513,1488,1505,191589,287667021,0.0,72473576000,14645739.0,0.0,20240322
095270,5140,5140,5010,5080,19335,98242800,0.0,76053980480,2734210.0,-6999440.0,20240322
065950,2860,2905,2815,2860,250858,718019490,0.0,80741523720,55110325.0,0.0,20240322
076080,2475,2545,2450,2480,129993,325275045,0.4,56033506880,128621870.0,-7440.0,20240322
043590,1234,1250,1215,1241,29594,36509111,0.81,33657641267,-5518502.0,,20240322
196700,1700,1857,1698,1790,201004,359149946,5.54,25711817760,17142532.0,-173668.0,20240322
069080,15870,16000,15860,15880,18373,291908330,0.13,555020037920,-4495270.0,-979940.0,20240322
053580,10180,10390,10120,10250,31508,323693850,0.69,139771542000,118329830.0,97400930.0,20240322
071460,0,0,0,613,0,0,0.0,22047951835,,,20240322
377460,0,0,0,1691,0,0,0.0,26030247855,,,20240322
044340,9300,9310,9180,9300,19215,177787470,0.0,166222852500,28068980.0,-2720.0,20240322
330350,9020,9670,8920,9260,953610,8885511210,1.2,122251807140,40652990.0,270.0,20240322
348350,9050,9090,8980,9060,10012,90195200,0.11,92263416000,10551730.0,,20240322
112040,73000,74300,68400,69700,2325300,163585465000,-7.93,2362688927200,-2586382800.0,-11681576600.0,20240322
101730,13950,14030,13400,13410,239784,3247896820,-5.36,446489865720,-114453110.0,567720.0,20240322
123420,12420,12430,11860,11890,84286,1009160020,-4.19,136376421380,10954140.0,251470.0,20240322
065370,8050,8210,8000,8080,23427,189050320,0.12,59662348320,2609350.0,,20240322
038620,785,789,779,784,153788,120540724,0.0,52172428560,-28781462.0,-2457493.0,20240322
299900,2500,2580,2495,2525,682273,1724895660,1.0,431898432100,67785430.0,-43449810.0,20240322
036090,825,842,821,839,923115,765876325,-0.71,99331126276,84916203.0,-11218.0,20240322
136540,12910,12940,12820,12910,10513,135464100,0.31,178986331420,-12838900.0,-8229710.0,20240322
320000,3245,3290,2950,2995,929301,2831859775,-7.7,55404948260,218014885.0,0.0,20240322
097800,1211,1253,1195,1224,852246,1038712650,1.41,72931423104,23057606.0,0.0,20240322
192390,3550,3590,3525,3535,17414,61702350,-0.42,38619843185,9200725.0,1550.0,20240322
313760,5790,6880,5640,6780,366515,2318886950,10.06,39248613180,162784780.0,2230000.0,20240322
335870,1540,1585,1540,1584,44937,70633634,2.86,26423372448,-10399304.0,0.0,20240322
900340,1192,1200,1158,1165,996930,1164053952,-2.18,55889043620,-44112794.0,1323.0,20240322
036200,9140,9160,8780,8920,743180,6662226870,-1.0,273524869160,-1405401650.0,-151537490.0,20240322
018000,1029,1040,1017,1021,392861,402789362,-0.97,128990950976,-60704161.0,496739.0,20240322
203450,3395,3430,3360,3425,37006,126076100,0.74,48220598975,-10675785.0,-870835.0,20240322
011320,4795,4830,4770,4810,21083,100990210,0.0,92932542950,-8275650.0,4830.0,20240322
086390,16150,16350,15880,15920,203458,3265512540,-1.42,336455285920,454768190.0,-47739830.0,20240322
241690,4305,4305,4245,4295,60289,257452150,1.06,105101682270,73452220.0,1109550.0,20240322
142210,6750,6850,6490,6530,505808,3344447370,-2.54,125676980760,-61341110.0,0.0,20240322
048430,7890,7890,7720,7790,15854,123307090,0.39,89740800000,-8717260.0,,20240322
206650,12740,13010,12550,12770,213067,2729969810,0.24,465527885390,763467820.0,-13927280.0,20240322
089850,18500,18500,18100,18350,36100,659563110,-0.22,136831068900,-32594570.0,7284560.0,20240322
084440,1348,1391,1324,1367,36134,49203990,1.41,26947397600,-3200791.0,1667150.0,20240322
032620,5350,5410,5300,5340,460936,2461033760,-0.37,278732722260,82668200.0,-303510.0,20240322
264450,17450,17810,17450,17710,18647,328058090,0.63,181451453260,93566920.0,-10587630.0,20240322
078070,12640,12700,12440,12610,12237,153766060,-0.24,235764479080,-2245920.0,2844740.0,20240322
024800,2150,2185,2125,2165,33326,71980030,0.7,80217172980,-3995740.0,,20240322
054930,29450,30000,29450,29700,13434,399505650,1.02,89100000000,27720450.0,-1514250.0,20240322
069330,1380,1405,1378,1386,34095,47312912,0.43,19668852126,3628557.0,0.0,20240322
049520,4885,5010,4805,4955,74851,369387245,1.23,107944357880,1781685.0,0.0,20240322
435380,2115,2120,2105,2110,10475,22081585,0.0,12090300000,69800.0,-11851585.0,20240322
444920,2095,2100,2090,2095,2781,5835150,0.24,10977800000,40.0,4198835.0,20240322
446150,2115,2115,2095,2115,6428,13537350,0.0,10088550000,71690.0,576115.0,20240322
449020,2015,2020,2010,2015,13958,28092135,0.0,19605950000,-316010.0,-3368840.0,20240322
450940,2080,2100,2080,2095,187,392500,-0.24,9511300000,-8340.0,0.0,20240322
473050,2015,2025,2010,2020,47684,96302690,0.25,14160200000,,51686805.0,20240322
430700,2190,2195,2170,2190,17233,37669070,-0.23,11475600000,67180.0,-12412275.0,20240322
263770,2705,2760,2685,2760,24610,66998975,2.03,65412474720,2487675.0,,20240322
388720,28250,28800,27450,27800,77033,2167520000,-1.24,248472118800,12993500.0,-487460500.0,20240322
340930,14700,15190,14300,14890,667802,9831134780,7.28,170760753500,-103175030.0,34985410.0,20240322
023410,3860,3860,3790,3805,269514,1026668520,-1.17,294167833715,-33963675.0,-114785770.0,20240322
056080,9640,10300,9590,9850,1796758,17962342200,3.14,369494697200,219380380.0,138693750.0,20240322
468760,2150,2150,2140,2145,32877,70427570,-0.23,9094800000,-5607420.0,21425000.0,20240322
388800,0,0,0,2440,0,0,0.0,12224400000,,,20240322
413630,3625,3675,3550,3590,221910,807345230,-0.14,21252800000,54216360.0,-226897615.0,20240322
442130,2340,2340,2310,2330,7896,18356795,-0.43,8061800000,-113665.0,-8566500.0,20240322
084370,41000,41000,39150,40000,477184,19050265600,-3.5,916641680000,-1835869050.0,100718500.0,20240322
240600,13230,13390,12460,12960,137572,1783778440,-2.7,89788836960,220971280.0,231340.0,20240322
221800,4380,4440,4315,4360,22131,96360475,-0.46,49212174560,-4815930.0,-156765.0,20240322
179900,32450,32650,31600,32200,57037,1829281900,0.31,524438019000,421663100.0,-87522700.0,20240322
263050,2685,2770,2665,2740,122523,334051895,1.48,100730222700,111387315.0,-5480.0,20240322
191410,2075,2130,2055,2130,35665,74779155,2.65,23786523660,185370.0,,20240322
372170,89400,90200,88400,88700,27742,2470977400,-1.0,707741557600,-77878700.0,-28700500.0,20240322
146060,1902,1912,1866,1874,108145,203949298,-1.47,40523218584,-16672322.0,-59604274.0,20240322
072770,2275,2350,2255,2255,468156,1077480770,-0.88,155871904980,113778225.0,0.0,20240322
039020,2505,2505,2440,2495,9752,24139020,-0.6,56348848955,-3060595.0,-177855.0,20240322
067920,6290,6340,6220,6300,32127,201171730,0.32,69275549700,17826210.0,-1051640.0,20240322
044960,5210,5270,5160,5210,44690,232506230,0.19,65864210430,4247890.0,-10.0,20240322
303530,12660,14470,12000,13110,747359,10133796120,3.55,96218209890,-241742760.0,-13630.0,20240322
296640,7200,7320,7080,7160,20011,143953950,0.56,37076284320,-3087530.0,14356490.0,20240322
302430,12800,12840,12480,12660,84399,1065700660,-1.63,124488413280,254904760.0,203810.0,20240322
274400,11080,11510,11030,11490,69427,785163130,4.17,89849800740,285834430.0,-48166880.0,20240322
056090,0,0,0,1180,0,0,0.0,110701701180,,,20240322
073490,29050,29600,28650,29100,168485,4920358200,0.52,221271918600,-618178550.0,47810400.0,20240322
215790,815,870,809,832,250157,211473556,2.97,33515579968,-1657869.0,196473.0,20240322
344860,2275,2295,2260,2275,54835,124558435,0.0,27368250000,-12534515.0,,20240322
246960,8930,9080,8830,8900,1589,14139980,-0.34,64407787000,-2472070.0,-200.0,20240322
088390,23050,23200,22100,22150,48584,1088097250,-4.32,207896444600,-131330650.0,-149965700.0,20240322
272290,31150,31300,29950,30100,223793,6786373100,-3.37,608069905800,648651250.0,-777315700.0,20240322
053350,3225,3350,3225,3325,15126,50260410,3.42,65804795700,-1775285.0,33292580.0,20240322
452400,23500,23750,22200,22400,169742,3862150250,-4.68,203199987200,-903531500.0,600.0,20240322
041520,7080,7620,6910,7200,218718,1592111290,4.05,87758856000,179546420.0,1266460.0,20240322
264850,8140,9180,8080,8330,23779049,207965475060,2.46,248653931960,384860780.0,0.0,20240322
054210,8900,8970,8810,8910,55639,494133690,0.34,225344681100,63396320.0,-80080.0,20240322
164060,6110,6110,5920,6100,117828,710168140,0.49,125735719300,140466430.0,-1042600.0,20240322
065440,1798,1827,1790,1824,116747,211780937,1.45,49749636480,19737604.0,-162064.0,20240322
115610,4020,4325,3970,4215,820259,3446012575,5.38,65507953590,482417940.0,3299775.0,20240322
078020,4475,4555,4425,4505,89601,404458080,0.78,249942760950,52492745.0,-20.0,20240322
131400,3050,3100,2990,3035,959398,2922291265,-0.33,180855291870,-436263085.0,0.0,20240322
351330,11550,12070,11400,11850,201507,2347449160,2.6,98218962000,10631410.0,-34300180.0,20240322
080010,5510,5530,5450,5520,13073,71917340,0.18,55200000000,12901720.0,8854440.0,20240322
086890,6650,6850,6510,6800,207297,1381707120,2.26,235356425200,-113047230.0,-13780.0,20240322
047560,27000,27300,25850,25950,364275,9636493200,-5.12,297603215400,-450467450.0,-75277750.0,20240322
900110,93,95,93,95,2153137,202613047,2.15,41033544750,15966796.0,,20240322
067010,3690,3700,3645,3670,20093,73831950,-0.14,45118980000,-2919065.0,,20240322
418620,21500,22200,21100,21450,413975,8935322900,0.23,206942671650,182335250.0,-108660000.0,20240322
102710,25400,25600,24700,24900,143236,3591258300,-0.2,355767116400,-437766750.0,-693809300.0,20240322
063760,3445,3785,3355,3370,2351564,8307373135,2.74,31425688100,-155565505.0,-30315.0,20240322
123570,3785,3860,3735,3760,199728,756799030,-0.79,83758053280,113765990.0,0.0,20240322
083470,2145,2200,2125,2160,186112,400899210,0.93,46095110640,-13210840.0,-811380.0,20240322
095190,2390,2415,2370,2410,69450,166045010,0.84,102620299170,34368975.0,-149220.0,20240322
091120,33100,33100,31900,32650,233510,7589461950,-1.21,559390360400,979247750.0,-46236350.0,20240322
039030,191000,191000,184100,190700,136364,25603219500,0.1,2349338185000,2699983000.0,-2857914300.0,20240322
294090,4530,4980,4520,4850,1002380,4823331085,6.83,147520931950,949148200.0,-7710640.0,20240322
088290,1711,1998,1675,1900,2596240,4890166169,14.11,58122772700,-37203876.0,6044563.0,20240322
181340,0,0,0,2705,0,0,0.0,54259503030,,,20240322
353810,3770,3770,3680,3755,59727,222582155,0.0,128389908600,20239380.0,-68786145.0,20240322
099750,17710,17820,17590,17780,21406,378116980,0.23,121522317280,-85516610.0,-17632380.0,20240322
377330,6820,6900,6810,6900,8523,58438960,1.02,55958682600,13000320.0,40.0,20240322
035810,3125,3215,3115,3195,209583,667639340,1.75,208140974775,175743545.0,159173165.0,20240322
160600,0,0,0,3100,0,0,0.0,106895911200,,,20240322
092130,13120,13140,13060,13130,3391,44444570,-0.15,158132468000,-10622970.0,-13080.0,20240322
096040,0,0,0,271,0,0,0.0,245561580945,,,20240322
134060,4935,5120,4935,5110,9662,48727910,3.55,24370867500,31260.0,-982855.0,20240322
001840,2845,2900,2835,2895,22725,65342920,0.87,57337675200,-5937150.0,5.0,20240322
024810,0,0,0,899,0,0,0.0,181597539712,,,20240322
041830,28650,29100,27850,29100,47890,1382219150,2.28,398198056200,343419400.0,396202500.0,20240322
352940,2995,3000,2960,2995,17559,52464365,0.0,32548851350,-1608440.0,1008305.0,20240322
079950,1048,1079,1032,1060,65196,68055826,0.95,24592000000,4095625.0,0.0,20240322
389470,12400,12720,12120,12630,118992,1482186120,2.27,106768412280,330915870.0,-174295260.0,20240322
277410,1729,1746,1710,1741,243915,421770669,0.64,66779169649,110944135.0,-12976824.0,20240322
060150,6890,6930,6840,6920,75954,523107250,0.58,322220195040,118483970.0,-56784160.0,20240322
033230,4070,4145,4050,4090,1063262,4339596680,0.49,160390904200,-165475810.0,0.0,20240322
450520,16500,17170,16310,16990,53963,908460220,3.28,83276926740,325310780.0,-2255040.0,20240322
037330,2070,2075,2025,2060,210684,430550935,0.73,90403561440,92153725.0,0.0,20240322
100030,18810,18810,18590,18700,978,18255530,-0.53,61405451800,-2411770.0,170.0,20240322
211050,21450,22400,21450,22000,11936,260402300,-0.23,226071120000,-76693750.0,22557900.0,20240322
083640,521,523,512,522,291237,150759627,0.19,40570023222,-3851677.0,0.0,20240322
216050,10100,10110,10020,10070,23133,232737160,-0.1,129331245540,-7310220.0,1599220.0,20240322
049070,31650,32050,31100,31300,397331,12536643450,-0.63,538360000000,188996250.0,-452942400.0,20240322
119610,30600,31950,27600,30700,747496,22873332800,-7.67,405745874600,387120200.0,-1576015400.0,20240322
017250,1252,1262,1247,1251,24548,30796995,0.08,26327879217,-1090037.0,-3291.0,20240322
051370,13860,14070,13420,13540,269353,3670657210,-1.96,315853970880,-459463790.0,-73642040.0,20240322
064290,38150,38150,36400,36700,244575,9105253250,-2.0,471153205400,-2722995200.0,-173088050.0,20240322
189300,54800,61200,54800,58300,671362,39738807600,6.97,625753372200,2715251300.0,567650600.0,20240322
150840,0,0,0,5850,0,0,0.0,230717208150,,,20240322
048530,7730,7860,7460,7700,253363,1950779100,0.0,262960867400,391684290.0,-63543780.0,20240322
175140,4820,5290,4645,5070,814351,4093633485,5.3,83086668210,-199480530.0,-27457615.0,20240322
115310,22450,22600,22200,22500,7733,173737400,0.22,71839867500,28662200.0,44046050.0,20240322
039290,10200,10280,10060,10230,30416,308831060,0.29,88939394940,-60965220.0,-1695930.0,20240322
071200,5320,5360,5270,5350,40684,215772020,0.56,130521050300,-51990990.0,-3988130.0,20240322
101930,12000,12160,11930,12120,8750,105552110,-0.41,113100264600,15416210.0,60.0,20240322
333430,3125,3125,3060,3095,134091,414597705,-0.64,95099281965,40219660.0,0.0,20240322
068330,1468,1474,1429,1474,271460,393268527,0.55,65174590360,-48073281.0,2565722.0,20240322
178780,0,0,0,8650,0,0,0.0,120790286750,,,20240322
019540,4685,4740,4615,4615,59319,275949960,-1.49,62364802500,-6200930.0,33927345.0,20240322
094820,12490,12690,12410,12520,109199,1366095050,0.0,188785436680,-205250150.0,75140.0,20240322
950140,11500,12060,11450,11900,150560,1790407370,3.93,236427605400,86549890.0,-84559390.0,20240322
049550,3655,3725,3615,3665,7239,26470285,-0.14,71857005205,-208965.0,-547185.0,20240322
389020,71500,76300,69500,71200,407721,29876220300,-0.97,441278376000,-529503600.0,10381100.0,20240322
254120,2440,2455,2380,2420,373808,906159890,-0.82,74425333400,-94459725.0,0.0,20240322
043910,1047,1056,1042,1053,249786,262258355,0.19,85705204221,39350369.0,-425342.0,20240322
234920,9020,9020,8550,8680,143006,1249603900,-2.8,117448298800,-12168630.0,0.0,20240322
289220,10440,10540,10300,10390,39091,407983540,-0.57,229844930550,-49051400.0,6813020.0,20240322
174880,0,0,0,2650,0,0,0.0,11610352250,,,20240322
049630,643,660,630,656,447508,288350076,3.47,54863396912,9689180.0,-2595100.0,20240322
417840,16500,16690,15900,15940,224876,3636367950,-2.57,114425688500,-200938330.0,-86879320.0,20240322
110020,8260,8500,8250,8300,81962,684911640,0.61,66791602300,192068290.0,0.0,20240322
208140,2870,2900,2845,2865,169375,486761070,-0.17,93640364790,-125042550.0,-18459255.0,20240322
040420,6930,6940,6900,6930,8915,61661060,0.0,108645435360,666030.0,-2522680.0,20240322
045510,1280,1292,1267,1277,15886,20289459,0.79,41131265884,-1077354.0,,20240322
217190,14580,14690,14050,14360,52545,747871450,-1.1,125925338640,-192474940.0,-77284980.0,20240322
095700,9070,9440,8890,9110,398358,3627843030,-0.65,378161511340,908912800.0,-41156220.0,20240322
072520,0,0,0,389,0,0,0.0,28849482466,,,20240322
122310,6740,6740,6680,6710,18806,126119090,-0.3,97656293240,-7184740.0,-804520.0,20240322
361390,16250,16770,16250,16600,61024,1013555150,2.53,124513097400,338988420.0,-144006880.0,20240322
187420,4200,4300,4110,4280,96022,402979105,1.9,97406080400,109305265.0,,20240322
225220,3930,3930,3820,3850,19511,74915980,-0.13,73881580850,-21412595.0,,20240322
123330,3720,4000,3560,3675,90798,335263305,-1.21,25725000000,20751585.0,-67600.0,20240322
159580,6250,6360,6220,6290,52934,332150640,0.8,126005280440,65169430.0,1324440.0,20240322
147830,3660,3740,3640,3690,130540,482302405,1.51,73800000000,-17545640.0,0.0,20240322
033100,34850,35350,32600,33100,969554,32628918000,-1.05,531665737900,-4506794450.0,436234900.0,20240322
079370,20150,20550,19520,19550,793698,15732224120,-3.46,606382154500,-3446345220.0,-952383180.0,20240322
054950,26050,26200,25200,25400,201859,5141456950,-2.31,307083256800,89604200.0,-2217136700.0,20240322
023440,1221,1332,1220,1300,765130,990086379,6.04,70621540600,292535333.0,404774.0,20240322
090470,9360,9530,9210,9520,105971,989403720,1.28,166377174880,-7190540.0,-237076480.0,20240322
287410,7460,7530,7390,7490,389367,2902479080,0.4,572755843450,463196000.0,-628424780.0,20240322
137950,6650,6670,6590,6630,45942,304158710,-0.3,147635606820,-467560.0,-2688430.0,20240322
033320,4405,4415,4360,4410,59591,261730965,0.34,84294645120,43252430.0,15.0,20240322
417500,4995,5040,4925,4995,193418,961936705,-0.3,163759796280,44289045.0,108731370.0,20240322
204270,12370,12370,11100,11640,1623089,18725530900,-5.9,673356144240,-1250658860.0,-977702730.0,20240322
026040,1990,2020,1977,2000,10305,20574053,0.2,33007580000,-90626.0,,20240322
452160,12220,12300,11770,11770,56459,677057400,-3.68,108454323670,-60015100.0,0.0,20240322
126880,4350,4435,4305,4385,59550,258793580,0.34,101753499655,-17886150.0,-201550.0,20240322
322510,13060,13170,12880,12950,118004,1531929730,-1.45,209734470400,47987680.0,-52874360.0,20240322
033050,1027,1033,1020,1027,48611,49876572,0.2,33458984234,-1160257.0,,20240322
094970,6630,6650,6380,6520,247083,1601878400,-1.81,109198524800,51881260.0,-352897230.0,20240322
418550,27300,27500,26650,26900,309450,8331540050,-1.47,849119293700,2039919850.0,-1917896000.0,20240322
089790,10170,10250,9840,9980,172922,1728152330,-1.87,102948819740,-623337640.0,-1639950.0,20240322
052670,0,0,0,2080,0,0,0.0,60588453120,,,20240322
199820,9990,10150,9960,10100,29041,291108600,0.8,112211000000,46881350.0,-157430.0,20240322
038010,7610,7610,7520,7600,12106,91581920,0.4,68400000000,-11233390.0,-656080.0,20240322
276730,1294,1600,1273,1494,8956706,13246677527,15.46,87330411954,-75308054.0,-23001.0,20240322
080220,25600,25950,24950,25250,1379207,35048611000,-1.17,869681533250,3539847700.0,-105403900.0,20240322
216080,14130,14640,14010,14290,25222,359384200,0.42,255201666110,94283700.0,-1048290.0,20240322
229000,3755,3785,3665,3765,205782,762366195,-0.79,54288483780,-47950740.0,-470220.0,20240322
082270,11980,12110,11910,12040,54777,659075510,0.5,481529854960,259959220.0,-94771040.0,20240322
064800,2800,2890,2640,2665,1242098,3351601955,-3.96,262155077275,256598715.0,30000.0,20240322
044060,0,0,0,732,0,0,0.0,70075958688,,,20240322
034940,1824,1911,1824,1873,109270,204567717,2.69,58025215971,30814991.0,-1015968.0,20240322
067000,2795,2795,2730,2735,207916,570764390,-1.62,191074465355,-95507040.0,82055.0,20240322
033340,0,0,0,2110,0,0,0.0,204565677380,,,20240322
036930,35750,36000,34700,35400,676183,23913268150,-1.39,1708022104800,-4932741450.0,-281823650.0,20240322
239340,2970,2985,2900,2915,204884,601443170,-1.85,78645633110,32184335.0,0.0,20240322
072020,10560,10670,10530,10650,33934,359994440,0.85,102865016550,51450870.0,-199650.0,20240322
000440,17430,17570,17390,17460,10301,179892940,-0.74,108725689800,130480.0,50.0,20240322
051980,4575,5230,4285,4600,10082923,48218238515,9.0,361108910200,1910005090.0,921008420.0,20240322
228760,22700,23100,22150,22350,344432,7782251950,-1.97,536675664900,-334652300.0,-66592300.0,20240322
314130,9620,9810,9480,9710,51176,494106360,0.1,145399074180,77370310.0,0.0,20240322
389030,1954,1998,1929,1996,205013,403214045,2.15,66424574620,132005193.0,906192.0,20240322
043610,3135,3135,3085,3130,68952,214220750,-0.16,181901320940,-24110380.0,5748770.0,20240322
263860,12870,12960,12660,12680,16319,207917570,-1.48,119757528000,-36902030.0,-981370.0,20240322
303030,2045,2050,1986,2040,264979,534196242,-0.24,72921162720,-7218221.0,-3106649.0,20240322
036180,606,666,592,651,4348937,2711575653,7.6,59543405775,204930320.0,29969.0,20240322
208350,0,0,0,3805,0,0,0.0,33630678945,,,20240322
144510,44400,45150,44000,44850,73019,3260551550,0.67,708645428400,788338200.0,2037950.0,20240322
358570,12710,13240,12500,13020,987653,12800166940,2.92,574710598980,-605612160.0,427581570.0,20240322
382480,3215,3265,3170,3225,211559,680103970,0.47,126926776500,-11290455.0,0.0,20240322
382800,5630,5640,5400,5430,297968,1627283990,-3.55,163464785160,-86590520.0,-8074070.0,20240322
051160,8130,8540,8010,8200,484573,4005235820,3.02,126890326000,1084321330.0,-1543754660.0,20240322
053050,3295,3295,3215,3240,152785,495488155,-1.37,97159814280,19884470.0,3250.0,20240322
119850,4860,5050,4805,4980,331459,1643089900,1.94,81915566820,257429700.0,75199545.0,20240322
065060,447,456,440,442,244727,109797641,-1.12,47739555448,-7396611.0,,20240322
204840,1389,1399,1341,1366,346034,470621150,-1.51,85901703646,-80947696.0,-673258.0,20240322
270520,3010,3060,2960,3030,2170734,6526423905,0.0,395789771610,-201112095.0,244029425.0,20240322
311320,13300,13480,13000,13040,54387,714255080,-1.95,164493862400,-153570780.0,155077390.0,20240322
388050,9480,9540,9260,9380,230736,2162875940,-1.05,175494519060,228663940.0,-75040.0,20240322
219750,0,0,0,2850,0,0,0.0,24704412750,,,20240322
018120,15190,15190,15050,15150,878,13282530,0.33,100309968000,-5386290.0,,20240322
109820,2970,3310,2890,3065,935650,2917125890,3.37,62506506600,125787115.0,-1564000.0,20240322
086060,4170,4195,4110,4140,31298,129393535,-0.72,35647830180,3855.0,-726000.0,20240322
036890,9870,9920,9750,9820,115569,1140534230,0.0,220775871760,-35956490.0,253084360.0,20240322
363250,7700,8130,7380,7530,608873,4693453900,-1.95,52596206640,-128295400.0,105783110.0,20240322
007370,5880,5910,5820,5870,15027,87977960,-0.51,70539067990,2741060.0,-9310.0,20240322
285800,3810,3850,3790,3830,72959,278041045,0.13,66937944100,-29314380.0,0.0,20240322
085660,19190,19240,18810,18980,292110,5552781090,-0.73,1068848128140,63633570.0,-124393280.0,20240322
261780,4975,5050,4825,5050,168629,839127115,2.33,134996998950,94668840.0,23646840.0,20240322
094850,7010,7200,7000,7130,30746,218268610,1.71,99820000000,104514980.0,28656900.0,20240322
004650,9130,9210,9130,9160,1787,16363610,-0.33,84188506600,2071840.0,10.0,20240322
278280,90200,90600,89000,90400,20499,1848600600,0.22,904000000000,38731900.0,-65273000.0,20240322
362320,7850,7920,7780,7850,29872,233801280,0.13,161327626500,44556930.0,-23550.0,20240322
066360,1169,1177,1142,1160,91949,106526904,-0.26,55624337400,-32285137.0,0.0,20240322
047820,0,0,0,5400,0,0,0.0,132051222000,,,20240322
094360,27900,27900,27000,27000,221350,6032097550,-2.53,562224348000,143705050.0,-420082150.0,20240322
016790,0,0,0,994,0,0,0.0,187340898626,,,20240322
016920,1503,1514,1490,1510,88699,133249008,0.47,40005242380,-490373.0,-571383.0,20240322
284620,3800,3800,3680,3720,19437,72278150,-1.59,103871313120,-2906455.0,,20240322
293490,23100,23300,22900,23200,143601,3318918750,0.43,1915998703200,162098800.0,-61032250.0,20240322
042000,18020,18080,17190,17490,306456,5417746540,-2.94,424185914460,745611560.0,-204304790.0,20240322
317530,4700,4765,4635,4695,13129,61589310,0.64,32729765220,-8160095.0,,20240322
071850,2480,2480,2380,2420,17736,42887555,-2.62,40097434960,-2295500.0,1742105.0,20240322
050110,1460,1605,1436,1497,3343823,5100650658,3.31,110514704646,-306193149.0,-4491.0,20240322
452300,4600,4650,4480,4515,254329,1153777330,-2.06,63484308825,-48310185.0,-1038960.0,20240322
119860,14400,14600,14070,14450,212239,3038825660,-0.69,675496794350,-387335900.0,-164450170.0,20240322
223310,1519,1580,1460,1537,166640,250717969,1.05,24177580227,-3205196.0,0.0,20240322
451760,15500,16670,15400,16540,320081,5219128350,6.71,241307286640,1461918300.0,111212890.0,20240322
900310,767,767,756,759,100839,76814514,-0.26,48607631325,-6384155.0,,20240322
078340,41450,41950,41050,41600,37652,1563464050,0.48,529890608000,96954200.0,-66338650.0,20240322
063080,37800,37800,36550,37350,66314,2464783150,-1.19,246330421200,-5013050.0,-19261650.0,20240322
307930,7670,7800,7540,7540,228070,1749113290,-1.57,117699400000,-96815980.0,30.0,20240322
079190,796,808,788,795,81821,65065419,0.76,30492633630,2641241.0,0.0,20240322
263700,4905,4935,4735,4850,116161,562751370,-1.02,94158870000,-11249810.0,5.0,20240322
214370,22850,23050,22300,22700,108327,2455498100,0.44,1219330500000,337265200.0,-69558650.0,20240322
221980,12110,12110,12020,12090,4118,49754240,0.33,48780732000,-410480.0,60450.0,20240322
038530,318,324,292,292,6012107,1835963349,-8.75,33788589324,37220359.0,-5413096.0,20240322
424140,2090,2090,2075,2080,17795,37001765,0.24,16036800000,706865.0,-1885190.0,20240322
436530,3940,4000,3920,3975,27227,107974640,0.76,20749500000,-7115310.0,-12000000.0,20240322
192250,1254,1260,1240,1249,111513,139059859,-0.48,88268399993,-7053514.0,0.0,20240322
115500,7550,7650,7490,7540,48877,369154350,-0.13,90480000000,-30509430.0,-70.0,20240322
089150,2940,2980,2930,2975,33917,100110495,1.19,51021250000,-3758640.0,-915.0,20240322
025880,2470,2490,2450,2475,28510,70426420,0.0,41371748550,29487415.0,,20240322
093320,101100,101200,98800,101100,28141,2806436100,0.7,493368000000,-553583200.0,144607700.0,20240322
093640,8060,8400,8060,8200,127003,1049296440,3.54,239549732400,-127945170.0,0.0,20240322
073010,3770,3945,3690,3745,268844,1022964510,-0.13,150516231250,-72288610.0,532075.0,20240322
105330,8500,8550,8220,8460,49183,413016180,0.12,135867836880,11633740.0,0.0,20240322
053080,19650,20350,19600,19730,361049,7202384950,1.81,256486192110,-36826750.0,20310.0,20240322
199430,24900,25900,24600,24600,626682,15772467450,-2.38,267345739800,-124328600.0,-50800000.0,20240322
432470,36950,37550,36000,37050,67451,2480620450,1.37,159306774900,-143054150.0,-50.0,20240322
272110,18300,19150,18090,18850,198644,3690926530,1.73,150336195750,8380000.0,-25412270.0,20240322
039420,2660,2685,2645,2675,73782,196140850,0.56,64613902750,41875570.0,387670.0,20240322
083550,4660,4700,4560,4560,21776,100358450,-2.15,53683461840,4915690.0,,20240322
032500,15450,16880,15270,15730,3358931,53695782200,3.08,626382489590,1045206230.0,60842730.0,20240322
225430,915,916,908,912,21171,19326267,-0.33,25432989600,-1789371.0,,20240322
102370,5200,5240,5100,5120,106624,547697770,-1.92,139131571200,-10889360.0,20.0,20240322
068100,9220,9220,8360,8370,1387873,11941554566,-9.71,83194569180,1158350039.0,-1417776992.0,20240322
036030,5570,5570,5520,5560,28335,156865770,-0.18,272547213480,-9508720.0,-3730.0,20240322
064820,4580,4620,4460,4540,21344,96014705,-0.77,140293845120,-24469970.0,17507060.0,20240322
256940,7250,7700,7160,7460,309331,2303224770,5.07,139864988680,183021770.0,139950110.0,20240322
024880,4625,4645,4585,4630,72733,334984860,0.22,95761354740,70290440.0,5515630.0,20240322
042040,415,431,415,429,882487,374833895,3.37,74843733393,60405092.0,-9925423.0,20240322
054410,4810,4850,4700,4770,11215,53596005,-0.83,27315137880,-8188105.0,,20240322
258610,3250,3250,3005,3045,239416,730553305,-6.31,81566819985,-150334955.0,0.0,20240322
274090,11600,11920,11530,11640,213224,2496185020,3.74,150309950640,566297540.0,-195642710.0,20240322
089010,23750,24050,23300,23600,107562,2548051000,0.21,357957248000,-159318100.0,-1061250.0,20240322
220260,8190,8220,7880,7880,587377,4691311630,-3.9,209279459160,-6376620.0,-370105900.0,20240322
052400,17320,17320,17000,17100,9511,162355580,0.12,254789982900,-2810420.0,-598510.0,20240322
402030,29700,30100,29000,29300,72986,2140371500,-1.35,334655458400,-22725250.0,-1054016400.0,20240322
391710,3290,3290,3145,3170,458840,1467141290,-1.4,131565213740,153242875.0,0.0,20240322
046070,0,0,0,257,0,0,0.0,10996016392,,,20240322
047770,1659,1694,1650,1694,19068294,32300673338,2.11,64105367788,5922788.0,0.0,20240322
080530,2525,2850,2465,2700,1193108,3231871095,7.57,86406415200,187255450.0,3743820.0,20240322
104540,10980,11050,10910,11050,14077,154841340,0.36,140968938500,31251000.0,-3900270.0,20240322
027050,2640,2700,2640,2670,265799,709846405,1.14,106800000000,216267260.0,-5845840.0,20240322
190650,5420,5420,5310,5380,1868,10014630,-0.19,34367440000,-264080.0,,20240322
123410,5820,5890,5560,5790,1714989,9899708990,1.58,161199760560,-645088680.0,151002970.0,20240322
036690,0,0,0,2885,0,0,0.0,45885746130,,,20240322
049430,8920,9050,8920,9020,5148,46189560,0.56,81612960000,538900.0,,20240322
183300,73000,74100,69100,70200,159302,11355117000,-3.84,734340016800,1124653600.0,-902754300.0,20240322
041960,4180,4295,4140,4255,146680,619350370,1.92,300421994320,153792815.0,-1870000.0,20240322
089890,17450,17480,16760,17380,363239,6214996240,0.46,288246639560,-23645150.0,-130842820.0,20240322
009730,3275,3275,3130,3130,715004,2273384555,-4.43,95642702620,204353410.0,0.0,20240322
360350,23300,24500,23200,23350,169496,4025399450,-0.64,132206999500,98678150.0,2374000.0,20240322
082660,343,360,290,298,11233826,3603117646,-20.74,25813018962,-290181783.0,-9601956.0,20240322
222040,4600,4690,4420,4540,223447,1015661770,-1.3,93651120000,119335260.0,-4624260.0,20240322
241710,33500,35150,32900,34100,221074,7583406300,3.33,364188000000,1178680050.0,-985200450.0,20240322
355150,8680,8890,8510,8700,14183,122909300,0.23,67048899000,-5724490.0,,20240322
166480,11000,11030,10350,10400,179861,1890120730,-3.08,341851910400,3147180.0,-588387800.0,20240322
045970,8260,8280,8050,8060,404739,3283382550,-3.93,212097900560,-396682250.0,-8060.0,20240322
196450,1201,1210,1188,1201,34589,41401796,0.08,54428817982,-2123530.0,,20240322
384470,16060,16250,15890,16150,121052,1943051820,-0.62,206617673600,315809760.0,-32422560.0,20240322
029960,6870,6880,6830,6870,28019,192037790,0.0,343500000000,21495950.0,-53166270.0,20240322
102940,25900,26100,23350,24650,171736,4194668600,-4.09,281314575400,-6485100.0,-12102750.0,20240322
950160,16900,16900,14450,15070,1996999,30791330120,-5.34,1097105494100,-842069700.0,1109097980.0,20240322
033290,3225,3225,3160,3200,259688,829581040,-0.16,179700163200,-149244025.0,15078320.0,20240322
056360,6150,6190,6040,6080,25651,156822020,-1.14,59564544000,6068490.0,20.0,20240322
282880,27350,27400,26950,27300,36659,996622100,0.74,295549335900,20416450.0,11734250.0,20240322
121850,1300,1318,1250,1313,94205,122633878,1.0,40196411775,20413530.0,-240928.0,20240322
448710,20200,22700,19970,21850,508690,11043087180,9.36,111037155200,2123491350.0,250086200.0,20240322
015710,4700,4725,4640,4690,28831,134904265,0.32,82218045000,43956035.0,,20240322
052330,7510,7600,7460,7600,25489,192745440,1.74,118366595200,8379460.0,9084160.0,20240322
322780,1812,1834,1787,1807,18663,33721702,0.06,68544231691,-7361140.0,,20240322
200130,14720,14910,14690,14800,39588,586613010,0.14,435350258400,157389520.0,-61470650.0,20240322
294570,18800,18800,18560,18680,17061,317851440,0.32,191557515800,92324040.0,-392390.0,20240322
317690,4260,4260,4180,4255,28682,121063775,0.95,70366683805,16798845.0,1057990.0,20240322
078940,0,0,0,2855,0,0,0.0,151584163690,,,20240322
432720,39300,39950,37350,37750,339818,12999106600,-3.82,411770960000,-1621561300.0,-624103150.0,20240322
365270,17610,18530,17040,17570,711588,12525614840,2.45,243438358940,-1026289720.0,37903210.0,20240322
348080,1969,2250,1937,2150,2806711,5959230612,10.26,90626821500,862398767.0,464015.0,20240322
060280,13930,14230,13900,14070,265507,3747055900,1.01,578065809300,330690420.0,-101008530.0,20240322
372320,35300,35850,34450,35350,228641,8033589750,0.28,481210217600,-505540200.0,573700.0,20240322
040350,433,484,425,469,2950740,1365892954,8.56,67054558368,70189788.0,-941773.0,20240322
051780,315,325,307,318,497365,158439260,0.95,43382339100,-4715556.0,-45214.0,20240322
115180,4840,4910,4720,4835,248317,1192182440,0.31,128623106840,97442850.0,-162247225.0,20240322
445680,39800,40750,38600,40200,123528,4929243800,2.81,322504178400,279216150.0,3838050.0,20240322
182360,15410,15700,15360,15500,52913,820614410,0.0,213972648500,78237040.0,-1098760.0,20240322
405100,32650,32900,31000,31250,288624,9111583800,-2.95,384040656250,775455400.0,-280575100.0,20240322
066310,9910,9920,9720,9840,21585,211505320,-0.71,91232750640,-10461510.0,20.0,20240322
016600,329,335,327,330,394258,130112476,0.0,58821546960,-3101927.0,72830.0,20240322
355390,35200,35850,34500,34700,89642,3142520550,0.0,143209363700,-58165800.0,-69917400.0,20240322
096240,17700,17820,17640,17790,22893,405938320,0.51,201706222200,48408560.0,-31364830.0,20240322
110790,7480,7590,7440,7580,13510,101950400,1.34,177606676800,-33055880.0,-7620.0,20240322
900250,1281,1285,1272,1273,668635,852262716,-0.78,154489529625,-41370721.0,0.0,20240322
045520,6770,6770,6610,6710,16081,107043590,0.0,43615000000,-1286770.0,-913720.0,20240322
036170,931,972,930,969,291999,279300463,3.86,59463291594,51198006.0,0.0,20240322
214150,35600,37150,35600,36350,398492,14524699450,2.25,2326382515650,2368801300.0,2292770050.0,20240322
352770,1670,1890,1600,1818,3522073,6117332832,16.24,60441706134,266396551.0,693045.0,20240322
237880,27400,27700,27100,27600,39326,1082095750,1.1,498769342800,-72937400.0,41187750.0,20240322
139670,5380,5600,5250,5450,132407,715885710,1.3,76531494200,-37095970.0,5040600.0,20240322
413600,2115,2135,2110,2135,69831,147377600,0.95,7323050000,308975.0,33704425.0,20240322
433530,2110,2120,2100,2120,3714,7822300,0.95,8702600000,-25330.0,-6497795.0,20240322
446840,2130,2130,2110,2130,517,1091720,-0.7,12524400000,-12750.0,-8370.0,20240322
054780,6130,6240,6130,6180,19096,117775490,0.82,120805360740,-29800.0,3225120.0,20240322
219130,38250,39100,37650,38050,107650,4130880850,-1.17,240258734500,-955025550.0,670602000.0,20240322
360070,71100,72000,70300,71800,62734,4464977400,1.41,577756147400,655743900.0,-25193400.0,20240322
065130,6120,6240,6050,6230,70072,432244690,1.14,107093587860,-27515160.0,-3508650.0,20240322
134580,3365,3365,3260,3305,16778,55621240,-1.78,72795159935,-22727495.0,5133905.0,20240322
023160,12970,13130,12830,12910,135797,1755009040,-0.69,342115000000,-56528990.0,-13265700.0,20240322
323280,4165,4445,4165,4390,1069616,4651430530,5.53,113353004700,598206025.0,109503180.0,20240322
053620,7210,7240,7210,7240,9021,65199700,0.42,62264000000,-317950.0,0.0,20240322
044490,18000,18260,17760,17850,53294,957475410,-1.05,357131750850,-73261290.0,27817200.0,20240322
124560,3230,3230,3160,3205,75461,240732835,0.16,123125151720,32668145.0,6350.0,20240322
191420,21300,22150,20750,21800,33102,713136950,2.35,176772581200,-39647400.0,550.0,20240322
073640,0,0,0,654,0,0,0.0,62514162216,,,20240322
066700,4410,4510,4375,4485,257044,1148882965,2.05,145647840975,161059550.0,1185405.0,20240322
095610,20750,20800,20150,20550,173861,3555537250,0.24,406237044300,-113622100.0,-443541950.0,20240322
064520,3700,3710,3585,3600,33812,121763605,-2.31,79221459600,-10290085.0,,20240322
089030,30700,31600,30000,31300,974336,30267948250,2.29,1169169088500,-960657150.0,5588440150.0,20240322
054450,29300,29350,28600,28600,494617,14238284550,-2.89,433125063800,-1297411400.0,-227166250.0,20240322
200230,798,840,785,823,1422887,1164974073,4.31,95463819983,84837397.0,-3292.0,20240322
393210,5140,5150,5010,5030,83646,422817410,-0.98,77243416320,38216440.0,-669400.0,20240322
215480,3620,3620,3545,3545,15212,54153145,-0.56,34085022565,-3921005.0,,20240322
051360,15750,15880,15400,15790,41837,656648720,1.22,256856845820,13013180.0,41623230.0,20240322
045340,5550,5880,5400,5780,266053,1489475160,4.9,49465471200,41604640.0,-4045960.0,20240322
108230,8070,8200,8020,8130,139792,1136662900,0.37,309128981850,226101300.0,724130.0,20240322
079970,445,450,396,425,3373218,1405083185,-3.85,33364626275,-147690084.0,-3318833.0,20240322
199800,92300,94900,68100,68400,3008114,221760559600,-29.63,542429647200,-578874400.0,-1023345300.0,20240322
417790,12000,12430,11960,12150,268882,3293063840,1.67,133645747500,313519460.0,400798860.0,20240322
105550,2440,2440,2330,2380,415881,984896365,-1.65,118564731320,-70547620.0,0.0,20240322
290090,11100,11360,11100,11260,8639,97074520,1.44,83636667680,-2314300.0,,20240322
026150,7510,7530,7390,7410,63930,474142000,-1.07,130018312710,31355830.0,-14220.0,20240322
322180,5330,5460,5170,5400,242734,1300689590,5.26,89205165000,39655490.0,0.0,20240322
117730,21850,22300,21200,21350,518210,11296103650,-1.61,380821231000,-204742650.0,41351050.0,20240322
033830,898,906,897,906,194234,174905825,0.55,90600000000,,-66686.0,20240322
057680,1513,1537,1470,1501,131668,196757451,-0.86,103110858776,-35600711.0,0.0,20240322
204610,1355,1380,1325,1343,1037270,1393699955,-0.81,90614519960,-116764796.0,0.0,20240322
064760,107000,115500,106600,110700,148274,16584944600,4.43,1292422500000,453489500.0,2387071600.0,20240322
246710,9120,9720,8940,9200,216920,2029923750,1.43,198019677600,13502550.0,-100150.0,20240322
340570,51300,51800,50500,50800,60050,3053511500,-1.55,412902400000,239765100.0,-228044500.0,20240322
043220,999,1128,988,1116,4165905,4549449893,11.71,121420419444,755529170.0,6679114.0,20240322
277880,8400,8400,8200,8280,95560,791659720,-0.96,166931688960,-102381660.0,-24840.0,20240322
131290,60600,61300,59000,59300,86812,5206421600,-1.66,655942739700,-159168500.0,-149421000.0,20240322
425420,42050,42050,40350,41500,102370,4222819900,-0.72,472311500000,-134754250.0,-252254000.0,20240322
131100,1919,1971,1901,1966,62563,120692359,2.45,55142863432,35663070.0,-12675561.0,20240322
356860,27100,28300,26450,26500,725410,19824066250,0.19,260564695000,-1200831900.0,-933935700.0,20240322
062860,0,0,0,5800,0,0,0.0,57261776000,,,20240322
321550,7970,8130,7790,7990,90542,721022210,0.25,202965982990,265298440.0,-138468900.0,20240322
425040,19310,19320,18520,18950,259941,4906106500,-0.79,402729606900,-608646800.0,-376028300.0,20240322
104480,1650,1664,1644,1658,97742,161108536,0.73,150704629572,7914786.0,-10496884.0,20240322
081150,2980,3040,2950,3025,172525,514329110,1.34,73411916050,77375180.0,0.0,20240322
130740,2925,3195,2910,2980,347460,1065478365,1.88,33604503420,192552060.0,1597055.0,20240322
084730,15380,15380,14850,15170,25065,378304580,-0.39,168529962080,3453380.0,-2084380.0,20240322
058530,0,0,0,1620,0,0,0.0,32527053360,,,20240322
440110,16700,17100,16070,16130,1397384,23124849650,-4.67,791536553860,839484560.0,-3180593910.0,20240322
034230,13580,13790,13500,13680,547380,7473307140,0.74,1255264146000,1876224720.0,374490230.0,20240322
033540,2310,2495,2240,2360,868461,2084166820,2.39,87874132720,37658575.0,-13415930.0,20240322
388870,15750,19500,15300,18900,12478811,228081865130,20.0,244168381800,-3328964890.0,-133681970.0,20240322
043200,620,642,615,625,133504,83787407,0.97,26127696875,-308655.0,0.0,20240322
214450,90800,92400,90500,91000,49333,4505294100,0.0,939158493000,293597000.0,-772837400.0,20240322
208340,0,0,0,2915,0,0,0.0,88036229820,,,20240322
177830,3485,3500,3430,3490,77639,269156370,0.14,49867747970,37195015.0,82447450.0,20240322
037070,10110,10210,10020,10200,24510,248555060,0.29,204000000000,14640930.0,5570.0,20240322
150900,6590,6620,6480,6590,38331,250694800,0.92,76885015980,43300620.0,-6153690.0,20240322
037030,2890,2910,2860,2870,50297,145091490,-0.69,59148983740,-16014520.0,0.0,20240322
047310,9630,9730,9300,9350,513377,4828689690,-1.99,334120782050,-252182640.0,-9370.0,20240322
368770,3240,3255,3210,3240,37249,120417525,0.15,106447689000,-24643950.0,-7920715.0,20240322
170790,12980,12980,12420,12550,56188,707585840,-3.98,86046941500,67199080.0,-223281820.0,20240322
049120,1455,1475,1405,1417,27040,38624092,-2.61,61534089370,-3859334.0,,20240322
038950,4665,4715,4620,4675,6243,29222020,0.21,47735326375,-4333625.0,25.0,20240322
441270,8970,9020,8780,8890,249855,2221053090,-1.0,328295814070,47187120.0,16787360.0,20240322
106240,1471,1500,1471,1494,36839,54890065,1.56,23789047158,4741963.0,7.0,20240322
131760,885,885,865,874,118680,103281026,-0.46,37959203542,5383177.0,0.0,20240322
065690,1284,1284,1214,1241,60566,74807390,-3.35,17435219771,-9182202.0,0.0,20240322
140860,160900,163600,159600,162000,24636,4000929700,0.68,1128809358000,1085279600.0,-295501200.0,20240322
091700,7920,7950,7860,7900,188257,1486166410,-0.5,465453890600,-75799730.0,-86276460.0,20240322
032800,366,368,335,345,13127706,4516440534,-5.74,40635926430,371060007.0,0.0,20240322
318010,6890,6960,6830,6850,7314,50395730,0.0,54315965300,61650.0,-1450350.0,20240322
027710,1576,1591,1574,1580,248019,392096782,0.32,176038228000,102121529.0,154840.0,20240322
225590,1093,1100,1077,1078,54029,58556570,-1.19,28714376614,-667622.0,27.0,20240322
054300,685,689,681,687,147671,101043736,0.29,46019309865,3282084.0,,20240322
068050,2900,2935,2860,2920,182892,529174120,0.69,80866701920,237721245.0,5810.0,20240322
222110,6180,6400,6160,6390,12935,81791400,3.73,68230055700,-4535790.0,380230.0,20240322
271830,3605,3605,3505,3520,129708,457812940,-1.12,101526015360,341980.0,0.0,20240322
263750,29400,29900,29100,29650,220156,6503840800,0.68,1904948900750,614923650.0,-59964300.0,20240322
251970,21800,22150,21500,21750,34742,757202150,-0.23,269700000000,157724900.0,-263218600.0,20240322
168360,11150,11150,10510,10670,385753,4157295520,-3.0,227145990280,65383260.0,-353330770.0,20240322
087010,25150,27800,24600,26800,1286438,34547300550,6.77,552799660400,3781976350.0,766394450.0,20240322
119500,3550,3630,3500,3610,168772,606377800,2.7,42768507520,60276790.0,5.0,20240322
389140,11790,12650,11540,12170,417926,5130901220,2.87,134761269950,252930300.0,893130.0,20240322
105760,13900,14020,13590,13790,194501,2665314740,-1.22,129012138150,107954400.0,-328110.0,20240322
009520,23750,24050,23600,23800,140892,3356692550,0.21,991096331400,-53624000.0,-42132150.0,20240322
189690,2905,2940,2880,2910,244400,710813430,0.34,79506929790,201583860.0,0.0,20240322
318020,0,0,0,18100,0,0,0.0,229187123200,,,20240322
256630,1208,1370,1208,1359,233480,303974661,11.39,78818020848,-773174.0,1193133.0,20240322
331380,2235,2265,2215,2240,70373,157592760,0.22,42668823680,-1361810.0,5461200.0,20240322
472850,6140,6310,6120,6290,113085,704306230,2.11,203443338570,240575820.0,6190.0,20240322
039980,2600,2685,2540,2545,3715280,9639432595,-3.23,131334984590,569022920.0,-143196480.0,20240322
234100,2020,2020,1992,2005,260417,520883679,-0.25,108960217240,-32324949.0,0.0,20240322
041020,7200,7270,7100,7160,930902,6668090320,-1.1,356034565680,215250810.0,6047440.0,20240322
114630,759,761,745,758,256914,193869238,0.53,58940221384,33128946.0,-294073.0,20240322
290720,6640,6790,6600,6750,25529,171798570,1.66,90470641500,52441060.0,-51751760.0,20240322
005670,4670,4695,4665,4675,3437,16066975,0.21,46750000000,-518275.0,-3015835.0,20240322
094940,8730,9010,8730,8850,193461,1720807810,1.14,73998266100,238937030.0,100.0,20240322
007330,9680,9680,9510,9550,38603,368899120,-0.73,144040740000,-84013350.0,0.0,20240322
093380,3660,3660,3610,3635,11052,40082905,0.41,35911302755,-666560.0,0.0,20240322
023900,12310,12490,12150,12340,100346,1235935800,0.82,155484000000,198862290.0,949440.0,20240322
371950,6210,6250,6110,6110,23960,147480450,-1.45,128557381680,-39525380.0,22179430.0,20240322
370090,24150,24350,23550,23650,41642,985448700,-1.46,193500279500,-14298300.0,-74392200.0,20240322
445180,12880,13050,12560,12570,191260,2436267010,-2.18,210788693160,-433873430.0,24629300.0,20240322
220100,10160,10200,9920,10010,156011,1565558630,-0.6,221242571550,-29408630.0,39456010.0,20240322
035200,3310,3360,3290,3350,14445,47893550,1.21,32597476500,6068425.0,4316805.0,20240322
334970,4860,4980,4825,4910,251808,1233262030,1.24,300678427790,244839220.0,3225150.0,20240322
321260,3050,3070,2980,3015,116530,350392285,-1.15,84999133260,-83893155.0,0.0,20240322
053610,49500,50000,48600,48800,66861,3295541550,-1.51,536800000000,36416700.0,-51011300.0,20240322
303360,2795,2795,2720,2750,36798,100899935,-0.72,35412341250,457990.0,-81955785.0,20240322
377220,2695,2745,2610,2700,83912,226113425,-0.74,38218500000,1421130.0,-5.0,20240322
335810,4970,5320,4970,5140,53933,279806165,3.42,59698663640,-7133200.0,186860.0,20240322
053160,11480,11550,11010,11450,124724,1411590250,-0.26,68700000000,19265620.0,11310.0,20240322
405000,2715,2745,2685,2730,56300,152615240,0.18,55240640910,7639040.0,0.0,20240322
041590,699,749,682,710,2737273,1958958671,0.0,93512218500,-458724165.0,0.0,20240322
367000,7790,7880,7750,7780,4546,35461610,-0.26,65260250460,-11989040.0,,20240322
075130,2435,2440,2385,2405,32578,78276105,-0.62,39976679600,-13211390.0,-517910.0,20240322
237820,7180,7340,7000,7000,197010,1397669900,-3.71,89789980000,-151503040.0,0.0,20240322
023770,5670,5830,5650,5720,30371,174563290,0.53,50146210400,4367270.0,,20240322
300080,26050,26150,25500,25850,72930,1875758650,0.0,142217704200,442252600.0,-822297000.0,20240322
032580,1609,1620,1582,1606,530444,846573871,-0.06,53210094784,11670895.0,0.0,20240322
051380,3460,3500,3405,3475,76413,264325190,-0.14,53306750200,-15670175.0,14760180.0,20240322
241820,1540,1560,1485,1544,367762,557930363,-0.71,83434854192,36383021.0,-84920.0,20240322
237750,5560,5610,5500,5560,78197,433273460,0.0,36121096000,25284980.0,0.0,20240322
319660,29300,29300,28050,28250,524691,14935196900,-3.58,818309670500,-3918554000.0,-1128181150.0,20240322
031980,46300,49400,45600,46150,725637,34088199400,1.88,995104529250,737685800.0,1657645800.0,20240322
002230,3490,3510,3450,3480,13359,46367280,-0.29,67409942040,-6450105.0,-143090.0,20240322
057880,0,0,0,17570,0,0,0.0,209792265760,,,20240322
043370,11230,11230,11060,11200,36513,406149100,-0.27,235200000000,-109204880.0,-15013600.0,20240322
239890,18590,18890,18500,18650,33372,622784490,0.92,185301830750,57711110.0,59566550.0,20240322
347740,2965,2965,2880,2930,106457,310944645,0.51,87930987680,13509030.0,55435050.0,20240322
137400,43850,44300,43500,44000,110706,4862096800,0.34,1000612712000,669860250.0,-154866250.0,20240322
257370,0,0,0,9210,0,0,0.0,107645199810,,,20240322
147760,6500,6640,6430,6560,70994,461014770,0.61,70978320960,93703450.0,1087030.0,20240322
128660,3630,3650,3535,3640,898374,3247838980,-1.49,90284263160,118425010.0,-370415.0,20240322
006140,6890,6930,6770,6930,72656,498338070,0.14,103950000000,6811570.0,0.0,20240322
376180,4085,4245,4080,4175,119795,499900690,2.2,76890382150,8855020.0,0.0,20240322
304840,3055,3155,2880,3010,201500,607183960,0.84,63479286640,-27349250.0,0.0,20240322
062970,1931,1987,1931,1951,86032,167847788,1.04,18160268935,11241812.0,-1694908.0,20240322
087600,9450,9550,9320,9520,28131,265022010,0.95,77745632160,32483920.0,-80.0,20240322
291810,3590,3630,3565,3575,28362,101906390,-0.42,40554485400,24306660.0,,20240322
378340,28550,30900,28500,30650,2129700,63861053850,7.36,650052233300,2958012450.0,548233150.0,20240322
161580,14650,15750,14650,15390,2798661,42905820490,6.28,349019991180,1150959480.0,104033600.0,20240322
347770,3900,3940,3810,3900,52071,200542010,0.0,89142463800,27134665.0,45.0,20240322
163730,9540,9540,9310,9350,29085,272967090,-1.79,87477393850,-76619860.0,-224310.0,20240322
417180,3705,3775,3630,3720,131303,486618635,0.13,61889636280,-4144920.0,0.0,20240322
446750,2170,2170,2150,2170,6512,14119530,0.0,13085100000,-127735.0,4132485.0,20240322
448370,2130,2130,2085,2110,9565,20058615,0.48,11858200000,-25240.0,2706790.0,20240322
454750,2130,2130,2095,2120,1976,4187600,0.71,15268240000,-76085.0,857365.0,20240322
454640,2175,2180,2155,2180,756,1641835,0.46,11774180000,-4330.0,-21800.0,20240322
469880,2065,2075,2055,2075,13395,27694185,0.73,15157875000,-38705.0,16087295.0,20240322
469900,2070,2070,2055,2070,46294,95451980,0.0,11602350000,,10334090.0,20240322
406760,0,0,0,2135,0,0,0.0,15820350000,,,20240322
418170,2155,2155,2140,2155,14631,31349775,0.0,12951550000,-417200.0,-4226935.0,20240322
430230,0,0,0,2360,0,0,0.0,18889440000,,,20240322
435620,9790,9800,9720,9800,13715,133985790,0.1,42159600000,-16859700.0,-33573190.0,20240322
299030,61000,62500,60300,62200,87541,5357193200,1.47,507589755400,150908700.0,-53831400.0,20240322
067310,27000,27000,25750,25800,2182813,57188034100,-5.32,1240171273200,-2333372100.0,-2243873800.0,20240322
166090,54500,54500,52000,52200,185698,9774729000,-2.61,1031089582800,441117500.0,-1405840700.0,20240322
136480,3000,3035,2995,3025,482062,1453802415,0.83,321284348550,533924715.0,245025.0,20240322
003380,7180,7320,7110,7190,219207,1582748570,-0.28,805320414990,551732990.0,-26622200.0,20240322
101670,7210,7240,6940,6960,1711236,12115680690,-2.11,350294517120,-1022580120.0,-95144230.0,20240322
365590,1404,1435,1395,1421,377124,533999357,1.21,203947484636,81570624.0,56882298.0,20240322
149980,7390,7590,7320,7530,110599,827020170,1.62,139985433390,-294796440.0,-3022110.0,20240322
013030,27000,27000,26450,26750,30599,818203500,-0.74,343899337500,-176096400.0,-90051500.0,20240322
126700,22200,22550,21800,22350,258593,5733389300,0.68,333956203200,844569450.0,-179962600.0,20240322
106080,4545,4860,4420,4785,74682,344380575,1.27,74040989385,-7491255.0,0.0,20240322
400840,2095,2095,2080,2095,8325,17326510,0.24,10726400000,-43810.0,-1008585.0,20240322
450050,2145,2150,2140,2145,3529,7569700,0.0,10755030000,-17140.0,2138550.0,20240322
221840,2375,2375,2300,2345,5758,13427505,0.43,43852815545,-57865.0,,20240322
106190,10110,10190,9950,10190,37373,378295510,0.79,108352032870,-43822580.0,135646100.0,20240322
373200,1269,1279,1143,1220,2322707,2806250808,-3.63,23090940000,-16479475.0,-1906561.0,20240322
066130,5180,5210,5090,5160,13323,68825950,-0.39,66048000000,-25878520.0,-100010.0,20240322
004590,4055,4065,3980,4035,17866,71763500,-0.25,60525000000,7179895.0,-816010.0,20240322
039340,5690,5750,5600,5730,9301,53203690,0.53,131790000000,-2378670.0,,20240322
034950,83800,84600,83200,84600,4151,349463700,0.95,384127484400,75896900.0,-85800.0,20240322
222980,4455,4560,4395,4435,27158,120772065,-1.33,48924627105,-12370185.0,4480.0,20240322
256840,9130,9260,8730,8840,8050862,72407302150,-2.75,600345996120,-3167566810.0,-16905530.0,20240322
025550,3595,3605,3550,3590,51126,182828090,-0.14,83647000000,-20669720.0,3023505.0,20240322
017890,11100,11180,11030,11160,42803,475703230,0.9,241120281600,17533110.0,21688110.0,20240322
080720,5300,5460,5060,5300,57768,301590890,0.19,41921039000,-4020870.0,0.0,20240322
063570,6020,6020,5660,5840,139163,819147650,-2.34,199422731520,-66922250.0,34453850.0,20240322
041460,4310,4390,4295,4300,86800,374047815,-1.04,81700000000,5395225.0,15.0,20240322
101680,2600,2745,2600,2690,18436,49718165,3.46,22606760000,1462005.0,,20240322
039740,3280,3445,3280,3440,26573,89286450,3.93,27583285680,144805.0,,20240322
053300,5170,5230,5140,5140,53144,275109980,-1.15,214730341340,-9514750.0,5188730.0,20240322
025770,8880,8890,8740,8780,17002,149962120,-0.23,328760699380,23757710.0,40107900.0,20240322
436610,0,0,0,2280,0,0,0.0,13725600000,,,20240322
458610,2175,2210,2175,2200,9692,21143455,0.46,9306000000,162485.0,0.0,20240322
464440,2125,2165,2125,2140,33903,72388275,0.0,9244800000,-307365.0,19877875.0,20240322
023760,641,641,631,640,127508,81183249,0.0,201990128640,-19174494.0,11998367.0,20240322
054040,6710,6850,6520,6800,124085,832703530,1.04,109284772000,-6513260.0,-197490.0,20240322
021650,2735,2740,2715,2740,37254,101556310,0.18,44800542620,8091740.0,2358640.0,20240322
053590,0,0,0,334,0,0,0.0,52484809098,,,20240322
032300,22550,23250,22400,22900,100604,2307105850,1.78,249763452900,247512000.0,-22500.0,20240322
037230,2035,2115,2035,2100,38633,79281855,0.24,62580686700,-478995.0,,20240322
030520,21300,21500,21000,21350,318050,6771332850,-0.23,516237534400,276551900.0,-73377850.0,20240322
052600,4570,4590,4520,4555,37491,170480775,0.11,52672653500,25739580.0,4535.0,20240322
256150,7400,7410,7330,7360,7147,52621550,0.0,61787200000,1652360.0,-51630.0,20240322
092460,6140,6260,6090,6140,9814,60327440,0.0,105053435200,766320.0,0.0,20240322
452190,8180,8260,8010,8070,212966,1727248960,-1.34,179532878430,106814810.0,0.0,20240322
047080,2215,2225,2165,2220,54616,119693085,1.37,55105643640,-7493410.0,,20240322
452280,6750,6960,6670,6900,85861,587844890,3.45,117317250000,155243890.0,-47865760.0,20240322
066980,3435,3550,3330,3515,1913114,6621578770,5.87,175874532935,408113000.0,377255.0,20240322
114810,0,0,0,13060,0,0,0.0,383339392440,,,20240322
070590,1691,1694,1640,1658,30274,50200788,-0.96,23012245818,-4379656.0,,20240322
226440,0,0,0,1530,0,0,0.0,100580954580,,,20240322
042520,14910,15090,14530,14870,64706,957264560,-0.27,201137077290,117382800.0,-208180.0,20240322
430690,14200,14500,13920,14230,27770,395657700,1.07,77520415250,57617830.0,-2970.0,20240322
078350,16830,16870,16100,16240,159896,2616271640,-3.51,247568763680,-460555490.0,-204454760.0,20240322
045100,17760,17920,17500,17850,128393,2281442620,0.51,321300000000,466349660.0,-15820310.0,20240322
091440,14350,14450,13970,14070,96955,1369498990,-1.95,205515860970,-258605710.0,440.0,20240322
024740,2385,2410,2350,2395,223542,532855195,0.63,75520447670,64967900.0,0.0,20240322
005860,4635,4680,4545,4655,558497,2582567430,0.43,183424153675,744572350.0,0.0,20240322
007770,15370,15420,15210,15370,9612,147326590,0.0,53948700000,18443130.0,,20240322
198940,2980,3000,2945,2995,31863,94866780,0.5,58210265925,-9559665.0,,20240322
079170,7690,7850,7680,7790,7639,59063830,0.13,40508000000,4600120.0,,20240322
054920,3350,3350,3265,3310,127908,421806855,-0.6,93398538110,-31153360.0,-5.0,20240322
002680,1019,1020,929,993,692191,681356238,-3.97,32090581407,4467829.0,0.0,20240322
386580,0,0,0,2040,0,0,0.0,8486400000,,,20240322
430460,2140,2155,2135,2145,5470,11690545,-0.69,12698400000,-102505.0,-10723565.0,20240322
455310,2085,2090,2075,2085,10759,22422260,0.0,10550100000,168905.0,6258830.0,20240322
034810,7800,7810,7710,7800,10656,82835770,0.0,253943484600,14793060.0,-15600.0,20240322
03481K,9200,9330,9070,9230,1084,9915240,1.1,12819750060,-1019730.0,,20240322
076610,1438,1499,1431,1492,123465,179851648,3.97,37976171416,36306187.0,-151014.0,20240322
059270,14570,14970,10010,10010,3807382,43069916230,-30.0,108087899920,-1751981290.0,-246134080.0,20240322
220180,3830,3840,3675,3815,133400,502023545,-0.52,74041520000,-21401895.0,-694030.0,20240322
900270,212,213,207,209,673712,140791686,-1.42,26236832556,11185373.0,,20240322
214180,13560,13650,13430,13510,11741,159050430,-0.37,179104569350,25321770.0,-5947890.0,20240322
234340,18930,18930,18400,18610,22483,419252810,-1.06,175920330000,44693620.0,-68564840.0,20240322
084990,4120,4245,4060,4185,179645,750716225,1.7,205332563790,134792430.0,10640605.0,20240322
170030,7650,7730,7550,7550,129765,989289930,-0.66,115817000000,-42847300.0,7610.0,20240322
319400,3170,3180,3125,3125,341656,1075743955,-0.79,367834571875,-55315765.0,708805.0,20240322
048410,20900,24150,20650,22850,2802636,64142924400,9.59,909827772800,-176262550.0,-74342300.0,20240322
052260,8930,9040,8910,9010,24241,216922020,0.78,135150000000,33691050.0,-2226580.0,20240322
041440,6640,6740,6580,6730,190383,1271340560,1.51,120574303120,113537280.0,6690.0,20240322
039010,6390,6490,6290,6400,49868,317486440,0.16,55200000000,2552210.0,16056110.0,20240322
090850,6110,6110,6010,6090,25834,156357530,0.0,144615338490,-27645520.0,-54080.0,20240322
460930,18700,19300,18390,18590,2089724,39405602980,1.09,647378160000,-705850560.0,-11924620.0,20240322
092300,3995,3995,3910,3920,43895,172741260,0.26,73197438720,-322270.0,-15700000.0,20240322
138360,1067,1067,1020,1039,168997,174731415,-1.52,35961851376,45464060.0,-350099.0,20240322
011080,807,809,800,806,36902,29745770,-0.12,20555710578,-2690396.0,,20240322
060560,1168,1168,1150,1154,179695,207128882,-0.43,147330631850,25159587.0,172500.0,20240322
064240,2690,2820,2670,2810,91619,252286310,4.46,98456813720,-3578785.0,-197400.0,20240322
039610,5560,5560,5500,5530,9591,53075170,-0.54,57569512000,1450530.0,20.0,20240322
126640,1552,1552,1543,1549,56543,87418126,0.26,56343150963,-1410672.0,-38494654.0,20240322
127980,8250,8250,8150,8250,17515,143480030,0.0,97685643000,-17098750.0,,20240322
061250,1694,1740,1685,1717,206243,353682616,1.36,114236862242,18206482.0,0.0,20240322
097870,7420,7580,7400,7560,28115,210677370,1.61,64184400000,-15810610.0,10.0,20240322
290270,4325,4380,4295,4340,23001,99701525,1.05,41697296480,6699610.0,-649920.0,20240322
353190,1096,1118,1085,1108,133851,147255538,0.09,43631289360,1304284.0,0.0,20240322
192410,505,615,487,530,21027327,12148478781,10.88,23064828320,-274080580.0,54870.0,20240322
090710,3300,3650,3250,3465,28739099,100967896055,23.31,245302228710,-286637000.0,4485900.0,20240322
078590,987,1220,982,1063,18634063,21297678699,9.59,57625590357,-252324612.0,12585015.0,20240322
205470,2065,2195,2050,2120,12416182,26418469385,3.92,274275019080,1222286200.0,185332715.0,20240322
115160,2845,2845,2815,2820,100117,282924450,-0.35,123995749680,-49050590.0,-5640.0,20240322
028080,4215,4225,4170,4190,5987,25112980,0.6,52699750140,3843220.0,,20240322
200670,28900,28900,28400,28650,30552,873208950,0.0,321737494500,-6202550.0,-72120700.0,20240322
065510,14110,14330,14070,14270,40230,572463650,1.13,173514224170,22792620.0,-117411090.0,20240322
215090,0,0,0,1505,0,0,0.0,120843123170,,,20240322
263920,1057,1074,1052,1054,97823,103681417,-0.38,51693571236,3706212.0,0.0,20240322
243070,34600,35350,34600,35100,22080,771841200,1.45,420486241500,91530450.0,-40242500.0,20240322
084110,22500,23650,22100,23200,32501,742569200,4.74,292818614400,162301900.0,2156400.0,20240322
145020,176200,179000,175900,177100,29842,5292919900,-0.45,2127660273200,513362500.0,-803296700.0,20240322
024060,9810,9830,9650,9680,402123,3910430170,-2.32,145200000000,-306690660.0,70.0,20240322
010240,5600,5650,5560,5600,11583,64865710,0.0,69007097600,-5332430.0,3301200.0,20240322
189980,2290,2460,2250,2460,1482684,3650334440,7.89,98739054420,58469060.0,0.0,20240322
037440,6840,6950,6800,6890,83040,570297540,0.73,95925852750,46534030.0,0.0,20240322
238490,6130,6180,6080,6170,20153,123283970,0.65,69796496120,31732070.0,-13847530.0,20240322
