code,open,high,low,close,volume,거래대금,등락률,시가총액,foreign_net,inst_net,date
060310,1877,1952,1877,1941,208394,401679703,1.89,99155290122,111936323.0,,20241213
054620,5490,5700,5490,5700,13216,74549970,1.6,113397059700,-21926260.0,48025930.0,20241213
265520,15510,15930,15510,15800,59657,941492870,1.28,241446451800,56139650.0,20257030.0,20241213
211270,12570,12800,12470,12660,146244,1849659760,0.24,190941968640,145090100.0,-14412930.0,20241213
109960,510,540,494,540,951674,497996682,5.88,108426205260,55188508.0,-20541.0,20241213
139050,0,0,0,2805,0,0,0.0,24247965555,,,20241213
126600,2620,2760,2620,2690,68582,186550775,1.7,168842958310,-34941205.0,2725.0,20241213
013720,904,930,888,924,117715,108288341,0.98,41236397664,6711894.0,,20241213
083790,2455,2495,2420,2490,153175,375933620,1.01,191466513180,12978800.0,-186598590.0,20241213
035760,59300,63100,59200,63100,101369,6278536900,7.68,1383729617400,2085266300.0,806420200.0,20241213
311690,10560,11740,10470,11210,404546,4572034110,7.79,102151147420,313188390.0,51073970.0,20241213
051500,17070,17180,16600,17070,17024,290968850,0.0,202647973020,-49493640.0,13734020.0,20241213
058820,1801,1890,1799,1874,466639,865333222,3.82,260284065256,40988195.0,362142.0,20241213
023460,0,0,0,109,0,0,0.0,4054800000,,,20241213
056730,718,720,710,713,48416,34563333,-0.7,52841275618,-49044.0,,20241213
065770,2250,2310,1914,2195,3800497,8001164060,1.39,42607430350,177315527.0,,20241213
083660,1001,1009,975,1000,22692,22534235,1.63,61247181000,-1020053.0,,20241213
456440,0,0,0,2275,0,0,0.0,12091625000,,,20241213
477760,2050,2050,2025,2030,5038,10234485,-1.22,11855200000,844150.0,1602625.0,20241213
099520,0,0,0,1284,0,0,0.0,58141862016,,,20241213
060900,1050,1078,1010,1037,50567,53030962,-1.24,26192783473,-717155.0,,20241213
290120,2315,2325,2260,2325,3937,9013535,0.43,36072695850,130405.0,0.0,20241213
025440,835,835,822,822,77167,63791911,-1.56,25302166128,5151919.0,,20241213
068790,5640,5710,5550,5680,143455,811560440,0.71,139574986480,-52892090.0,-2152810.0,20241213
241520,2935,3075,2885,3000,202428,607808655,2.21,82488375000,-55729445.0,-288000.0,20241213
180400,1723,2020,1723,1840,3157172,5990915726,7.04,90563754880,-631471306.0,-24656.0,20241213
245620,0,0,0,415,0,0,0.0,57474989665,,,20241213
037370,5750,5950,5710,5850,19277,111326010,0.0,50456086200,41298600.0,,20241213
050120,1859,1878,1783,1867,5579,10255664,0.43,25324148562,-401212.0,,20241213
214270,1842,1946,1830,1941,274616,517288575,4.81,64539148683,157960439.0,,20241213
130500,2580,2595,2540,2565,33734,86667860,1.38,37308058380,-8790235.0,2550.0,20241213
900290,3630,3630,3430,3430,82989,290980525,-5.51,231096250000,-104527870.0,-2133500.0,20241213
083450,15700,15930,15600,15890,189881,3000396560,0.44,295844151400,249053850.0,-15462680.0,20241213
297890,2815,2875,2770,2855,328281,928786860,1.42,208817309470,-4490265.0,7242430.0,20241213
440290,1622,1645,1622,1641,41652,68323963,0.0,44482603410,5092746.0,-2297575.0,20241213
078150,1810,1860,1807,1853,625435,1150058348,1.04,171802592348,21882229.0,7294902.0,20241213
195940,36900,37750,36650,37100,147411,5510789150,1.37,1051038956100,-101037100.0,128105900.0,20241213
028300,70500,72900,70500,72000,633655,45628288300,2.42,9459895176000,8207459400.0,-1942971900.0,20241213
278650,2020,2100,1990,2100,215787,445361728,3.45,182134236900,14586570.0,48043025.0,20241213
067630,9580,9900,9580,9800,403412,3945328150,3.59,1163062079200,692279410.0,-62999320.0,20241213
024850,2325,2460,2310,2445,658450,1586534245,4.71,230464558185,358885975.0,-156153870.0,20241213
047920,21350,22400,21350,22000,200253,4392507500,3.29,699929868000,244054000.0,44465850.0,20241213
115450,9910,10710,9910,10560,812795,8447141770,6.56,846277692480,2106656790.0,1492826570.0,20241213
046210,2805,2940,2805,2925,64043,184364115,4.09,124333902225,15252110.0,8855785.0,20241213
403870,26650,27250,26400,26850,423109,11403226400,0.19,2228522505600,-131077250.0,-1249393500.0,20241213
036640,4600,4625,4555,4615,23673,108731575,0.76,75477402000,398585.0,20.0,20241213
439730,0,0,0,2150,0,0,0.0,9266500000,,,20241213
442770,2125,2125,2100,2100,6335,13317120,0.0,8841000000,-60955.0,-11575640.0,20241213
448760,2135,2135,2105,2120,672,1421305,0.24,9391600000,-25320.0,0.0,20241213
467930,2090,2135,2090,2100,1710,3581850,-0.47,8883000000,-19015.0,0.0,20241213
469480,2090,2120,2070,2100,3660,7668720,0.48,8883000000,-1210650.0,5601320.0,20241213
095340,59500,62500,58400,61200,266359,16265772800,4.08,1297259949600,-2910592300.0,4795144900.0,20241213
950170,4130,4130,3990,4115,24746,100296250,0.0,212936222020,-8349625.0,15858055.0,20241213
067290,1525,1591,1511,1585,194842,305371815,3.93,80583780670,-5239763.0,,20241213
035900,72300,75100,71600,74300,810472,60099390800,2.77,2640064155600,-2548276100.0,5785098600.0,20241213
318000,4530,4725,4530,4655,17046,79595660,0.11,40685738065,-4575890.0,,20241213
024840,2010,2090,1915,1969,1675646,3293533555,1.65,68736212831,-801005627.0,-1424869.0,20241213
024120,3125,3165,3105,3135,15568,48820945,0.97,36052500000,3951985.0,10.0,20241213
455250,2060,2080,2055,2075,1399,2883660,0.97,8932875000,-28770.0,2434920.0,20241213
458320,2100,2150,2080,2135,60410,126614540,0.95,11753175000,-1278040.0,-19215.0,20241213
464680,1960,1960,1929,1943,301123,583703114,-0.87,25074415000,-8804081.0,-335297444.0,20241213
476470,0,0,0,2095,0,0,0.0,11532975000,,,20241213
478390,2025,2025,2000,2020,3943,7929965,-0.49,12564400000,-76905.0,4030835.0,20241213
486630,1994,2000,1994,1996,3017,6033050,-0.2,10598760000,-25873.0,5339972.0,20241213
492220,1913,1915,1906,1911,950134,1814472810,-0.05,11867310000,-1150.0,282623466.0,20241213
021320,4120,4140,4070,4070,4418,18107320,-1.21,87098000000,-131630.0,,20241213
036670,6750,6780,6710,6760,3929,26536600,0.15,76185200000,98770.0,-1346980.0,20241213
044180,710,789,695,789,7671290,5924235062,29.98,21080343411,-21468440.0,,20241213
046440,4710,4765,4695,4725,61100,289392935,0.0,183450808800,11149150.0,-61350.0,20241213
151860,4800,5000,4800,4845,85889,422723560,0.31,240326544690,-27324895.0,-61490590.0,20241213
035600,9540,9860,9460,9770,188823,1830603340,3.39,272626320180,-231564660.0,-48833440.0,20241213
226360,0,0,0,2555,0,0,0.0,60698450260,,,20241213
111870,0,0,0,8910,0,0,0.0,43928518590,,,20241213
060720,7820,8100,7770,8070,151535,1209031810,3.33,191076956940,90418770.0,-45776670.0,20241213
058400,883,905,860,900,746901,661892270,1.01,119186748000,,-3751052.0,20241213
101000,2460,2500,2430,2480,244606,602206080,1.64,74771055120,-83473485.0,0.0,20241213
122450,2935,3200,2925,3025,453505,1368663835,3.42,137141291100,157325715.0,-193165990.0,20241213
052900,853,865,837,857,181507,154082466,0.47,47227142069,14309844.0,-7844.0,20241213
376190,3665,3880,3665,3870,13688,52167645,4.59,95202000000,9301245.0,,20241213
061970,3490,3635,3490,3620,82091,294780995,1.97,158500223040,2431275.0,150315.0,20241213
309960,3130,3310,3130,3300,22679,73740305,2.96,76616888700,-787900.0,-75900.0,20241213
225190,2915,2970,2860,2950,1904306,5551381945,0.68,149707898000,-126377555.0,-694520.0,20241213
060370,14230,14690,14020,14690,426110,6123322040,3.23,479905465260,-194444690.0,414340490.0,20241213
417200,10900,11170,10750,11120,309841,3394766570,3.15,752297568080,576872210.0,-334196140.0,20241213
078020,3930,4040,3920,3985,10239,40672815,1.4,221092542150,-6446135.0,55.0,20241213
476080,16260,17350,16260,16570,2051775,34611429680,1.22,128997450000,504496190.0,-17379330.0,20241213
086960,911,930,906,930,275230,253791175,2.09,86324262840,51532350.0,923.0,20241213
038340,0,0,0,1233,0,0,0.0,39979891836,,,20241213
160550,2250,2295,2225,2290,28797,65305740,2.23,63904982740,13845460.0,,20241213
053290,3800,4165,3785,4060,798660,3218814365,4.91,67096806420,-77069785.0,-672550.0,20241213
060250,8300,8520,8280,8300,227574,1904013120,0.0,333333071300,405615710.0,-381011130.0,20241213
104200,2950,3045,2890,3020,11024,33144590,1.34,44779201000,4783320.0,15.0,20241213
222160,0,0,0,8040,0,0,0.0,79551289560,,,20241213
024940,10580,10900,9740,10060,3829850,38597971820,-9.78,100600000000,-982886220.0,52551460.0,20241213
218410,11980,12290,11780,12100,108267,1304782420,1.51,320461748200,-38856310.0,22341330.0,20241213
327260,4770,4845,4740,4800,20480,98142245,0.63,40479508800,8285325.0,,20241213
474610,3990,4095,3955,4000,137232,548676085,-0.5,50328252000,-27871965.0,12656390.0,20241213
091340,2495,2550,2480,2540,12089,30404815,1.8,29727451340,-1990740.0,,20241213
419530,13190,13390,12810,13280,50627,669551650,1.45,114087550400,115490810.0,20.0,20241213
019550,787,810,776,800,1057518,841876942,1.65,129653260000,101129066.0,-368000.0,20241213
950110,4965,4970,4960,4965,12660,62829975,0.0,119420861100,-26327685.0,0.0,20241213
036120,2155,2205,2155,2195,110289,240888660,1.86,77922500000,50490650.0,,20241213
246960,8470,8490,8370,8390,6967,58493460,-0.12,61107734390,3169790.0,-4164250.0,20241213
099220,1200,1307,1199,1297,2090199,2637392736,8.08,72854838867,445711677.0,,20241213
036540,3150,3225,3145,3190,346497,1105375920,1.43,524628366570,72901600.0,-9931570.0,20241213
255220,3030,3285,3020,3110,15428361,48872584635,4.01,299767644100,-747856335.0,-482145220.0,20241213
040610,1634,1634,1595,1603,115345,186183224,-2.2,54641775188,4988681.0,-816859.0,20241213
049470,282,290,281,284,172178,48922415,0.71,16716878716,3284582.0,-529045.0,20241213
184230,441,480,441,470,112349,51954222,4.21,29421605670,1678090.0,4621.0,20241213
016250,12570,12690,12370,12650,3546,44564680,2.26,41031350250,132090.0,,20241213
048550,1502,1613,1502,1605,293552,463046978,6.15,155226965100,74438119.0,68923602.0,20241213
063440,1317,1355,1309,1344,113230,150771668,2.05,61863182976,50021486.0,,20241213
067160,100800,104300,100000,102900,92695,9512751300,3.52,1182811524300,2095084100.0,-212672000.0,20241213
289080,1273,1346,1273,1333,185088,243206094,3.82,70960922000,37052269.0,-262601.0,20241213
089230,902,925,897,900,22264,20120263,-0.22,19694657700,2256441.0,-448467.0,20241213
032540,4965,4965,4910,4940,1866,9194410,0.82,68822148460,1019350.0,-2321770.0,20241213
022220,992,1026,980,1004,276432,277637638,1.21,52001757316,-1250574.0,730450.0,20241213
048770,1926,1964,1910,1963,11767,22888414,1.24,30815156333,-647754.0,,20241213
246690,1000,1039,964,1014,211140,209639593,-0.59,42058552068,-8831302.0,,20241213
317240,0,0,0,279,0,0,0.0,29920217238,,,20241213
057030,4215,4405,4060,4360,392267,1661524790,1.87,71123358920,212481240.0,1054585.0,20241213
040300,4065,4200,3960,4100,2291802,9382806210,-0.24,172200000000,-38140780.0,8195000.0,20241213
051390,3660,3715,3660,3695,1687,6229475,0.82,41958084760,-432805.0,-976240.0,20241213
052220,4420,4850,4205,4640,5883173,26905685035,1.31,106720000000,-16635045.0,,20241213
079940,16590,16600,15810,15880,109773,1759469670,-4.28,214946661920,-177561920.0,14901360.0,20241213
078890,3130,3150,3070,3150,37463,117159345,1.78,55231797600,30272645.0,-425510.0,20241213
399720,32800,33950,31900,33600,97410,3223631000,4.51,389669952000,4927100.0,67000350.0,20241213
036620,2910,2980,2885,2900,710684,2074917625,-1.53,265304574400,-100266405.0,50243020.0,20241213
198440,1172,1189,1167,1183,32781,38668367,-0.08,72082432968,12171456.0,,20241213
217730,2060,2200,1994,2160,734763,1544792914,4.1,121076961840,-12431320.0,24882250.0,20241213
114190,9760,9900,9410,9680,150618,1454570930,0.1,252871007840,167922710.0,-69087780.0,20241213
094480,8400,8870,8310,8860,1821629,15744541200,5.6,347576364680,2399708100.0,409623730.0,20241213
039240,4735,4750,4555,4750,615318,2883839625,-0.73,128153119000,-15956950.0,,20241213
053950,692,710,692,705,328321,231079807,0.86,55093887390,51951012.0,,20241213
011040,5990,6190,5990,6190,56707,344908500,2.65,190458661540,13641480.0,-10120.0,20241213
024910,2065,2090,2040,2085,57270,118201885,0.97,74682625425,7004360.0,,20241213
049720,10160,10480,10140,10460,112487,1169144000,2.95,149578000000,137778020.0,176760.0,20241213
014570,4495,4525,4255,4450,16328,72215430,0.0,48950000000,15265400.0,-182545.0,20241213
348150,5440,5540,5400,5510,46048,251742700,0.36,106749913500,85121660.0,,20241213
950190,9100,9100,8600,8980,7728,69023410,0.0,121947430160,3084410.0,,20241213
098460,8270,8540,8270,8510,351684,2975744670,3.15,584251965050,168623560.0,227210220.0,20241213
035290,416,430,409,427,101113,42538360,2.89,20357856960,3544469.0,,20241213
900280,0,0,0,97,0,0,0.0,19924215936,,,20241213
215000,70300,70300,69500,70200,14035,980946900,1.3,440534133000,26754300.0,-21451200.0,20241213
121440,3650,3695,3650,3680,25007,91972645,0.0,157639490240,-4134135.0,333475.0,20241213
366030,3790,3920,3790,3905,36504,141126090,1.03,88463284250,13047225.0,,20241213
014200,0,0,0,30200,0,0,0.0,91311391200,,,20241213
029480,2790,2790,2680,2695,226118,611896395,-3.41,148249478685,-47871925.0,-5636915.0,20241213
026910,2010,2020,1989,2020,7174,14333059,-0.25,12938918100,55743.0,,20241213
440790,2125,2125,2095,2100,1648,3455470,0.0,8505000000,-31490.0,1219290.0,20241213
456490,2090,2100,2080,2100,8647,18070750,0.48,8820000000,-401205.0,17912465.0,20241213
465320,2085,2090,2060,2070,13608,28336705,-0.96,7886700000,-1150995.0,22621275.0,20241213
482520,2005,2005,1998,1999,18466,36899610,-0.3,12193900000,-2002541.0,25977105.0,20241213
489210,1976,1980,1966,1967,62296,122695789,-0.46,10189060000,8200229.0,84575879.0,20241213
053270,1986,2020,1977,1992,20123,40266436,0.25,54601526760,8696698.0,,20241213
066620,17230,17550,17230,17550,10494,183344150,0.86,131625000000,35752830.0,40.0,20241213
043650,4545,4755,4535,4735,40407,188565500,4.18,84559069440,55072285.0,-16140.0,20241213
006050,2325,2340,2180,2245,5745672,12985722770,-5.47,78339820535,186656020.0,0.0,20241213
060480,1720,1761,1720,1752,26010,45084889,1.15,19429680000,714510.0,,20241213
078130,0,0,0,800,0,0,0.0,901924696800,,,20241213
307750,3495,3705,3495,3680,53905,196130080,3.52,180574909920,30347540.0,5.0,20241213
035080,13340,13630,13340,13450,10159,136784950,0.07,195396004800,15837040.0,-6530580.0,20241213
453450,16000,16670,15870,16490,44743,730688440,3.06,130975947500,91196350.0,-4229570.0,20241213
204020,2900,2990,2900,2985,87890,260107940,2.23,60140078550,16310120.0,27309730.0,20241213
402490,12470,13000,12210,12810,43983,558257390,2.73,105886742640,111779550.0,-12852650.0,20241213
114450,1694,1738,1662,1717,24240,41398589,1.3,34340000000,2959337.0,4.0,20241213
186230,8290,8380,8100,8360,32910,272275840,0.84,90456771680,15989540.0,49110.0,20241213
900070,410,424,400,415,39536,16467358,-0.48,22303746720,-830.0,,20241213
204620,3930,4165,3880,4130,795963,3236079370,5.09,252409224550,1175474215.0,547761730.0,20241213
019660,627,638,612,616,43272,26786513,-0.65,21431099536,-235608.0,,20241213
053260,4070,4075,4010,4055,9844,39900515,-0.37,75909600000,694105.0,19214620.0,20241213
282720,9730,10370,9730,10210,267267,2681872530,3.65,123740095000,138736350.0,9660.0,20241213
036190,25350,25450,25050,25450,3115,79059000,0.39,152700000000,-3892300.0,0.0,20241213
049080,542,562,538,550,126372,69536141,1.85,46685840850,9720773.0,4891263.0,20241213
420770,23500,24550,23500,24400,36285,878317300,1.88,309288495200,74622350.0,-15608250.0,20241213
035460,1730,1757,1729,1757,7125,12459861,1.56,25612386380,2835317.0,,20241213
308100,3090,3180,3010,3090,14119,43260830,0.0,20470424970,-6042200.0,-5.0,20241213
407400,8900,9440,8630,9190,674735,6115602750,3.49,112664566060,160530000.0,,20241213
187790,0,0,0,1025,0,0,0.0,31611850750,,,20241213
286750,1901,2055,1893,1995,455881,902915898,5.39,41285645205,168048065.0,230670.0,20241213
121600,66200,67300,65400,67200,60259,4011935900,1.36,819576441600,-227556500.0,501002400.0,20241213
247660,6220,6460,6160,6440,11136,70301560,3.54,27974844800,5094500.0,,20241213
039860,3335,3440,3335,3385,124167,418005085,1.5,108692627570,42237785.0,-8389870.0,20241213
091970,697,700,690,696,103249,71898949,0.58,26042575128,447540.0,,20241213
417010,7460,7700,7380,7540,175366,1326169430,1.07,148721433120,15426780.0,-15080.0,20241213
405920,3390,3420,3310,3375,45027,152430260,1.2,43463506500,-20135885.0,,20241213
051490,3765,3870,3765,3855,26391,100630910,1.05,54741000000,20362305.0,25.0,20241213
137080,3110,3475,3110,3445,29313,98051875,3.45,38099708790,-4186990.0,5.0,20241213
190510,12900,12900,12440,12500,79502,1003224140,2.04,203304800000,-184870900.0,44622480.0,20241213
242040,1480,1584,1480,1553,441362,674974138,3.88,53743527992,50401371.0,6204969.0,20241213
089600,14500,14810,14410,14640,18050,264894840,0.97,169357906320,103057790.0,-29801890.0,20241213
293580,1177,1480,1147,1362,41441267,56989167554,19.58,129294591900,-315699.0,-7780853.0,20241213
138610,16230,16440,15650,15710,270859,4344081710,-0.06,171130868070,146073970.0,-888829340.0,20241213
130580,4860,4870,4825,4860,7039,34183630,0.0,74844000000,-25318305.0,13155.0,20241213
036800,18710,18750,18550,18750,1389,25953500,0.21,187500000000,1869190.0,-5876020.0,20241213
267320,1900,1969,1887,1944,123060,236831767,2.53,84883018176,29226361.0,102845.0,20241213
111710,5330,5340,5240,5320,581,3076340,-0.37,109528160000,56500.0,,20241213
091590,4180,4235,4115,4195,21992,91851400,0.12,49249300000,-14635465.0,,20241213
168330,1524,1546,1480,1527,13985,21364793,0.2,48489732300,6500750.0,1210.0,20241213
094860,1038,1111,1036,1071,322410,348541925,3.18,22918938399,-951914.0,-116602.0,20241213
253590,9440,9490,9020,9390,563644,5214587700,0.11,411931449960,-1015218990.0,119390950.0,20241213
212560,7150,7760,7150,7760,17829,134406880,8.53,61109712880,29129490.0,613380.0,20241213
095660,20000,20600,19910,20050,172533,3500479840,1.73,438229160800,1280397540.0,-507882800.0,20241213
042420,21500,22150,21100,21500,37488,810473150,0.0,190422619000,-101434600.0,1831450.0,20241213
950220,1160,1198,1160,1192,247283,293519534,1.71,117850018280,87744611.0,,20241213
311390,5650,5670,5510,5670,11129,62218100,0.0,71746983630,-24206740.0,60.0,20241213
085910,3260,3275,3190,3250,7732,24973910,1.88,45288158500,-2090650.0,20.0,20241213
092730,11940,12060,11770,11950,41262,491818610,0.08,191534468550,31806840.0,-135862310.0,20241213
290660,845,887,837,864,32253,27664926,2.13,39745051488,-5574074.0,,20241213
306620,2245,2465,2245,2310,1540234,3653838425,1.32,99535400580,-321597260.0,,20241213
153460,7300,7300,6860,6920,2707,18856370,-1.14,45187696880,-420.0,0.0,20241213
007390,20500,21450,19710,21000,1318195,26998364230,0.96,1351500276000,1647848630.0,381223890.0,20241213
033640,6670,6950,6610,6740,136222,921978370,1.51,155419021480,244681300.0,-197218400.0,20241213
330860,10290,10590,10280,10300,33765,351287550,-0.39,125495663500,68708510.0,-106713580.0,20241213
089140,3000,3095,2990,3050,59614,180937820,0.99,37120375750,29316185.0,,20241213
389650,41000,42600,40350,41950,284313,11857302200,1.45,339236477700,-942390000.0,1442966450.0,20241213
137940,437,495,434,459,3223563,1505104230,4.79,35949335328,30906547.0,8725639.0,20241213
396270,11540,11880,11380,11600,473315,5481905460,2.75,209831704000,90408410.0,66902630.0,20241213
348210,51900,51900,50200,51000,37576,1917951100,0.0,532299750000,377856200.0,-289558000.0,20241213
225570,13430,14470,13410,14300,1180145,16651729800,6.72,941800488200,2388139720.0,578212290.0,20241213
217270,5360,5580,5310,5450,270937,1482154970,1.68,254385017500,293080780.0,9503800.0,20241213
104620,4720,4890,4685,4890,52402,253187660,2.95,77467996140,70679840.0,,20241213
473980,24950,25500,20800,22350,2667399,59779814600,-11.66,241192639950,-918053950.0,-6480408100.0,20241213
194700,7290,7410,7210,7380,34976,257160120,1.23,138410778240,-20856630.0,-4456630.0,20241213
285490,14300,15100,14000,15000,109444,1599854700,5.71,158637465000,72525790.0,189275060.0,20241213
145170,16140,16540,15960,16420,153452,2509058660,1.86,144985874280,157265880.0,150305070.0,20241213
106520,0,0,0,411,0,0,0.0,15904036272,,,20241213
376930,3180,3205,3065,3125,2307956,7209938840,-2.95,115459562500,-365451220.0,6118750.0,20241213
142280,3495,3570,3465,3560,55764,195588065,1.86,77401256560,6844590.0,-32684255.0,20241213
234690,9390,9710,9390,9630,41432,395747780,1.16,170954417880,-93139520.0,0.0,20241213
054050,7290,7340,7280,7330,8426,61663860,0.69,117504012130,3519930.0,4461750.0,20241213
069140,1271,1398,1270,1326,235311,310386682,4.41,17374237218,-3247212.0,0.0,20241213
040160,2650,2700,2645,2680,8025,21399660,1.32,32308833800,570895.0,,20241213
332290,990,1030,965,1012,55040,54286376,1.71,33785420636,1609325.0,,20241213
348340,22350,23300,21900,22900,83321,1895287550,0.44,241575993000,-213049200.0,242075150.0,20241213
060260,1058,1095,1050,1080,64664,68988895,1.89,14592969720,-4683347.0,,20241213
123840,0,0,0,175,0,0,0.0,51164768900,,,20241213
012340,498,501,495,500,62177,30999502,0.4,25453581000,-1489458.0,,20241213
270870,6050,6230,5940,6100,11774,71512330,0.66,56121366400,8891330.0,,20241213
144960,4445,4490,4360,4465,52822,234961400,0.34,195087566160,-73116810.0,3008910.0,20241213
085670,4795,4935,4525,4870,1609699,7633752530,9.81,119075206070,-623998050.0,-1973955.0,20241213
064260,2890,2970,2850,2950,345830,1013601025,2.25,203399668000,96026950.0,39486170.0,20241213
340360,2220,2280,1999,2165,6735971,14466358731,0.46,93935478980,-198216071.0,716170.0,20241213
039560,3540,3600,3490,3595,361110,1280215280,2.42,142024001695,-198019790.0,14843500.0,20241213
154040,1113,1113,1085,1085,14803,16334689,-2.43,19475851990,-2978819.0,,20241213
032190,10380,10630,10260,10600,79545,832971160,3.11,405980000000,295590950.0,-34783940.0,20241213
323350,4890,4890,4645,4835,11967,56673095,0.31,38732082620,10909395.0,,20241213
068240,9180,9730,9180,9680,189749,1799353670,6.37,369422070160,60999420.0,103476050.0,20241213
464580,5710,6160,5590,5890,321280,1893029850,3.15,53881413720,-39054430.0,66440970.0,20241213
020400,7100,7250,7020,7180,55371,393859120,1.27,22898211880,-13636240.0,,20241213
008830,14700,15390,14380,14940,2234980,33218724870,2.61,134273548800,-1072515910.0,14450.0,20241213
048470,3320,3380,3240,3380,72523,237949885,1.81,33800000000,105054295.0,-9325950.0,20241213
004780,4000,4045,3965,3990,68545,273281905,-0.25,63453764010,24300415.0,-5460005.0,20241213
017650,6700,6750,6660,6750,3379,22659180,1.5,60750000000,-134120.0,-4873970.0,20241213
007720,873,902,870,897,676710,602404535,0.56,90418003650,-89109736.0,-198381.0,20241213
389260,11430,12140,11430,11900,131410,1551187400,3.84,202895000000,398317260.0,-574336520.0,20241213
317850,8840,9010,8750,8950,123728,1101574530,3.35,74503559000,-141404940.0,-20.0,20241213
290670,12400,12870,12320,12710,10923,138850770,0.24,99870858600,4882290.0,-12670.0,20241213
078140,13740,14130,13680,13870,129579,1799154290,0.51,153770850730,350740360.0,-590827730.0,20241213
065150,0,0,0,145,0,0,0.0,18165948725,,,20241213
036480,9510,9730,9510,9610,12568,120358690,0.95,36518000000,14096830.0,,20241213
027830,1796,2320,1795,2135,40509962,86015671718,16.54,115290000000,301639372.0,-292495.0,20241213
104040,850,887,841,883,43434,37954948,3.88,41699663521,-3280183.0,,20241213
129920,3445,3540,3445,3500,13622,47521635,0.0,48002685500,11067040.0,,20241213
442310,2140,2140,2100,2120,720,1526225,0.24,14225200000,-29540.0,1061275.0,20241213
457390,0,0,0,2385,0,0,0.0,16778475000,,,20241213
457630,0,0,0,2095,0,0,0.0,15314450000,,,20241213
471050,2065,2065,2035,2040,9761,19924170,-0.24,12362400000,124675.0,11275010.0,20241213
478780,2010,2030,2010,2030,27441,55550385,1.0,16057300000,654610.0,2017230.0,20241213
482690,1998,2000,1994,1996,7018,14027489,-0.1,11207540000,-81844.0,9500033.0,20241213
020180,1044,1061,1020,1055,478586,500300204,0.86,40542505325,7408391.0,,20241213
045390,3055,3315,2990,3200,3469923,10994645105,6.67,225514806400,-80134245.0,,20241213
108380,11980,12280,11880,12270,24632,297171590,2.25,117391175910,87349360.0,11626430.0,20241213
007680,4170,4250,4155,4245,3118,13160315,1.8,57080282130,-2272625.0,,20241213
048910,7670,7930,7670,7900,40052,314439130,3.27,99373673400,27853760.0,2676570.0,20241213
005710,5860,6160,5810,5880,22375,132109650,0.34,117821088000,-3380480.0,-1255020.0,20241213
290380,0,0,0,2300,0,0,0.0,56841307600,,,20241213
120240,12960,13120,12960,13120,6357,82845640,1.23,94337929920,-1648780.0,30.0,20241213
003310,1438,1472,1431,1469,174358,253830633,1.59,51991362150,5419981.0,,20241213
078600,83800,84100,81100,81100,176297,14432847400,-2.87,1255476092300,-908935600.0,-5818016300.0,20241213
096350,329,329,314,320,291013,92161645,1.91,52403522880,5296782.0,0.0,20241213
140520,2045,2085,2040,2085,7526,15507810,1.96,44012771655,172295.0,,20241213
131220,4645,4685,4610,4645,8367,38881315,0.22,34626106050,6013075.0,-1781660.0,20241213
010170,731,776,722,771,532954,403937108,5.47,57448108986,38756342.0,6259948.0,20241213
054670,6920,7270,6920,7020,100695,712102070,2.48,100771538400,-102647050.0,539170.0,20241213
023910,26150,26550,26050,26550,3637,95786950,1.53,159300000000,38777200.0,-26359250.0,20241213
021040,916,1029,912,926,234349,223498833,1.65,20098620724,801990.0,,20241213
021045,2670,2825,2670,2825,1661,4499775,2.54,2396989900,,,20241213
067080,12570,12640,12360,12460,153614,1915422700,-0.88,231963459000,73485310.0,-353828980.0,20241213
298540,9380,9560,9380,9520,32747,310698880,-0.42,140570949120,42758830.0,-85944310.0,20241213
032860,1380,1431,1380,1423,101755,143915859,3.04,57483313049,13692078.0,,20241213
393890,12350,13100,12190,12570,351909,4486404500,2.53,423565231260,-1754818100.0,374864690.0,20241213
299170,1232,1242,1232,1242,17813,22024485,0.81,37294730046,-2135513.0,,20241213
224060,4105,4180,3995,4120,3537,14499185,0.37,19563399760,-548035.0,,20241213
043090,300,300,285,295,462626,134131806,0.34,21980346750,-19405352.0,-206591.0,20241213
213420,27000,27750,26600,27600,139038,3801475350,2.22,685340540400,-1019173950.0,879023650.0,20241213
317330,35000,35250,32850,33050,319415,10786672250,-6.64,676751101200,-1134323200.0,306135450.0,20241213
077360,3710,3850,3675,3835,148610,562796130,3.23,174250902670,774495.0,-733820.0,20241213
090410,1700,1711,1654,1660,423307,708491727,-2.01,76499597700,-15433788.0,,20241213
263600,4940,5000,4830,4995,15140,75096665,1.52,79571898450,2064640.0,9990.0,20241213
194480,30700,32250,30700,31300,106655,3380467700,1.95,376872345000,1183122750.0,-338361800.0,20241213
263800,4535,4720,4455,4700,129344,599105950,3.64,76231086000,148583250.0,,20241213
206560,8600,9060,8190,9060,1063654,9185702550,11.85,230230328160,-80040470.0,854545500.0,20241213
261200,5970,6260,5970,6150,19119,117697760,1.82,97229655000,-6637010.0,-8025050.0,20241213
067990,5100,5170,5070,5070,130899,669185820,-0.78,153020458500,-92190350.0,-931660.0,20241213
006620,4830,4930,4700,4915,79080,385172080,1.76,139905435680,70501490.0,-228255.0,20241213
100130,2290,2375,2260,2370,102918,240793860,3.72,135428910000,-15218935.0,-3663320.0,20241213
005160,4815,4815,4670,4775,131356,622151305,-1.04,259017401550,-66086145.0,-165685500.0,20241213
075970,2485,2535,2460,2535,82066,205667750,2.01,46644000000,37454540.0,,20241213
086450,16540,16780,16430,16590,58424,971028120,1.47,737591400000,140967080.0,-30778360.0,20241213
099410,2900,3185,2805,3025,196297,579950265,4.85,42350000000,99142875.0,226245.0,20241213
033500,14230,14910,14000,14640,591923,8607249060,3.03,439046192160,-303893090.0,1619200060.0,20241213
025950,65800,66500,56600,61800,2097542,128091931100,1.81,519120000000,166550900.0,-44800.0,20241213
088130,4040,4040,3915,3980,48956,193562810,-0.75,69591549720,-50807450.0,7560725.0,20241213
041930,5620,6090,5610,5740,65910,381606530,2.14,90692000000,-70105320.0,-20215220.0,20241213
060380,1360,1374,1360,1364,19569,26674141,0.29,26870800000,-560654.0,,20241213
079960,18470,18490,18270,18440,9456,173795050,0.22,144938400000,29603410.0,17970.0,20241213
228340,1727,1759,1720,1730,6671,11549099,0.58,34600000000,-147601.0,2617248.0,20241213
088910,1917,1935,1908,1930,52724,101062621,0.63,49855304520,13433997.0,13089.0,20241213
094170,19180,19730,19150,19320,238405,4634819630,0.73,368378458560,462048850.0,-132160.0,20241213
013120,2350,2420,2345,2370,23382,55680105,0.85,215215197000,-6202290.0,510390.0,20241213
109860,8160,8220,8060,8070,1910,15447090,-1.47,73437000000,-322340.0,,20241213
032960,10100,10350,10100,10350,2279,23433560,1.57,41258443050,-196470.0,-50.0,20241213
023790,1000,1099,1000,1080,17958,18686835,8.0,22508641800,294442.0,7343.0,20241213
005290,22150,22350,21200,21600,725011,15702676700,-2.48,1110553070400,4374231850.0,-9534739500.0,20241213
025900,8610,8910,8610,8870,39132,345478180,2.07,448443117950,32143770.0,-17097220.0,20241213
131970,27300,28050,26250,27750,129366,3570193950,1.83,536330854500,-1056045650.0,1119468950.0,20241213
073190,1958,2015,1958,1985,2353,4675307,-1.24,23756559400,-257641.0,-137818.0,20241213
030350,1376,1480,1275,1422,1472895,2106343149,2.16,19734223068,-20113729.0,-158443.0,20241213
203650,3695,3695,3550,3625,1392510,5035583885,-2.82,183445858250,214768010.0,,20241213
223250,2965,3050,2965,3025,92724,279112210,2.02,71992955100,26509645.0,-7175.0,20241213
060570,1603,1739,1603,1739,182094,307343169,7.61,131505915447,85529185.0,86520261.0,20241213
362990,1861,1905,1859,1890,14093,26511407,1.07,31753084860,8930965.0,,20241213
217620,0,0,0,3810,0,0,0.0,26803681470,,,20241213
016670,3480,3600,3265,3390,117970,394615540,-1.74,16752857940,406225.0,-4000360.0,20241213
187870,11700,12250,11700,12130,7113,85465450,2.71,85354067170,4131130.0,24062730.0,20241213
489730,1934,1945,1933,1940,72846,141229968,0.05,12284080000,-2544599.0,80009409.0,20241213
110990,11860,12470,11610,12280,91714,1119922700,4.51,232092000000,-359693420.0,123524280.0,20241213
263690,5550,5660,5540,5650,9845,54903860,1.8,63989696500,922400.0,,20241213
214680,2360,2390,2305,2390,403600,951430150,1.27,176882117060,-38192975.0,7179560.0,20241213
347850,46500,47850,45200,47350,360051,16862174300,0.53,499198218150,-40739350.0,367398950.0,20241213
263720,19220,20700,19190,20500,47171,946786030,6.55,256751696500,253691750.0,158352390.0,20241213
376300,35600,40500,35600,39550,798051,30989091750,12.04,938853957300,2212091600.0,2710533800.0,20241213
109740,4630,4810,4630,4780,16646,78335870,-0.62,122895664200,6236160.0,,20241213
196490,0,0,0,203,0,0,0.0,36245520080,,,20241213
066900,2340,2415,2330,2365,36076,85712180,1.07,53790749595,-667315.0,-788035.0,20241213
127120,4220,4220,4010,4050,128133,520687600,-4.03,91059564150,-337436265.0,,20241213
092070,8580,8780,8500,8660,35132,304648730,0.81,100212290280,48778030.0,7088320.0,20241213
039840,16390,16940,16390,16940,58969,984356580,3.04,253790929700,423136560.0,-190447590.0,20241213
219550,461,485,448,473,2289127,1076861756,1.28,47845525090,-65378269.0,,20241213
310870,1492,1544,1482,1497,76257,113997904,-0.86,30968844687,13373731.0,,20241213
104460,12400,12700,12310,12660,27971,348821070,0.96,135634492500,-27215230.0,-5664940.0,20241213
079810,5310,5370,5240,5300,62603,332965390,-0.19,116748898200,25671220.0,138330.0,20241213
113810,1617,1645,1385,1507,20156869,30145671580,-9.05,49170472857,-138748279.0,,20241213
043360,1961,2040,1955,1980,12025,23863860,0.0,17820000000,56314.0,,20241213
197140,2355,2395,2335,2375,14978,35438175,-1.04,30906240750,-472330.0,,20241213
068930,7420,7530,7360,7530,12337,92495360,0.94,208395325260,55917930.0,-3925560.0,20241213
033130,1750,1806,1739,1773,365552,648904131,0.34,65805368391,230709629.0,,20241213
105740,6920,7090,6860,7070,113175,788400430,2.91,71891386910,194884780.0,105063340.0,20241213
263020,3095,3125,2995,3040,74460,225496020,-0.65,44079486240,618660.0,5183090.0,20241213
290550,7660,7850,7580,7710,63863,491392080,0.13,154209483300,-36462920.0,14633000.0,20241213
066670,2870,2935,2870,2925,20541,59686205,0.86,54673860150,3105035.0,10.0,20241213
187220,3440,3535,3370,3450,186624,643069445,0.0,40358172450,56053880.0,,20241213
383930,7100,7400,6510,7150,1156647,8089672800,3.62,91309160800,557348130.0,-8155200.0,20241213
131180,825,859,825,851,29653,24957541,2.16,24976850000,-1446138.0,,20241213
315640,5980,6200,5880,6010,488439,2959345330,1.86,134751820680,-111990550.0,102122600.0,20241213
223310,1929,1947,1921,1946,76094,147278504,0.93,44445423750,32855239.0,,20241213
317120,2805,2890,2795,2850,12438,35510255,0.88,27531000000,1236850.0,,20241213
462510,8600,8910,8600,8840,37919,332394330,1.49,76472497400,59587420.0,-29854410.0,20241213
042510,1949,1999,1940,1985,329285,647606860,-0.55,111211353935,132278581.0,1154213.0,20241213
232680,6200,6320,6200,6280,9590,60255760,0.0,78714989520,3447030.0,,20241213
418420,2950,3140,2780,3010,236406,699744940,8.47,90626383330,-33179670.0,-213710.0,20241213
300120,3730,3890,3730,3800,95578,366020200,2.15,79268045600,-1122090.0,-5.0,20241213
171120,2680,2740,2565,2565,131025,340927070,-4.47,92088014400,-129733825.0,,20241213
388790,3120,3120,3035,3095,379529,1182376300,0.65,92583613350,340580.0,,20241213
347700,5160,5570,5080,5310,2410480,12807489850,-1.3,108228489030,319037460.0,1056766780.0,20241213
214260,16140,16140,15750,15860,28457,450374170,-1.86,141510263180,-109609590.0,100.0,20241213
171010,2820,2930,2820,2905,28376,81773470,1.57,41537874560,4005025.0,30.0,20241213
084650,2590,2740,2555,2625,2117894,5537444740,2.54,194879973750,-596008425.0,4621710.0,20241213
217500,1479,1516,1474,1503,29694,44545475,1.62,47813436000,3801177.0,,20241213
038390,8950,9030,8740,8890,73415,649381070,-2.52,148648107580,-21687240.0,-1069040.0,20241213
294140,3135,3225,3135,3210,48551,154440220,1.42,67410000000,-11048840.0,,20241213
443250,10920,11600,10000,11600,139730,1558162180,6.23,127660215600,-353974520.0,593908960.0,20241213
228670,5840,6000,5800,5990,66984,397384360,1.7,92816571460,119162560.0,-34520530.0,20241213
228850,6100,6260,6030,6210,10835,66194410,1.64,103030196940,-1261390.0,-4599040.0,20241213
412350,3555,3600,3500,3565,30103,106738075,0.28,31111655180,23716560.0,-40919190.0,20241213
199550,5280,5480,5080,5430,31731,171212790,1.88,63411252210,52532800.0,-7970260.0,20241213
281740,11050,11340,11010,11280,184818,2070728680,2.55,741440581440,80902160.0,-15146310.0,20241213
277810,131100,132800,129800,132400,57533,7569093300,1.38,2568541199200,482090800.0,-389497800.0,20241213
215100,3515,3775,3515,3665,147276,537511150,1.95,74577083910,-53008355.0,-5.0,20241213
090360,20250,20350,19610,20250,31372,628743630,1.76,197437500000,41293660.0,51701750.0,20241213
108490,18970,19420,18750,19260,110205,2101749890,1.69,251413587900,285393140.0,-259828600.0,20241213
900260,570,580,560,571,44625,25345011,0.71,20573865448,-86543.0,,20241213
067730,2865,2865,2770,2830,28156,79097035,-1.74,27377199260,-2310230.0,,20241213
071280,17730,18170,17470,18080,51524,920450130,1.18,276562582240,-208287940.0,460451300.0,20241213
328130,76500,80500,75900,77200,3581005,280906311800,3.62,2234391880000,-3601538500.0,3247375700.0,20241213
038060,1058,1082,1050,1059,116921,125451348,-1.21,50941150071,1531936.0,,20241213
474170,8770,8770,8410,8580,336239,2869003270,-2.17,152103631680,-36538240.0,26300980.0,20241213
141080,109100,112800,107200,110300,500772,55065920300,1.19,4038120281400,-2715511100.0,-908800.0,20241213
058470,174100,176000,171100,172600,93381,16121951700,0.99,2630833062000,3169893600.0,-3579646000.0,20241213
016100,2305,2410,2250,2265,46626,106430365,-3.62,43263524910,716475.0,,20241213
012700,4180,4215,4155,4185,26998,112923610,0.24,110677074975,6149820.0,6193555.0,20241213
302550,3735,3800,3660,3775,73369,273711965,1.21,115658752000,30125905.0,24857500.0,20241213
073570,1561,1631,1561,1610,251278,403136706,0.0,58265090170,48661179.0,,20241213
377450,12820,12820,12430,12540,61651,771782380,-2.87,217318200000,-319468450.0,50.0,20241213
277070,4140,5200,4060,4580,2460093,11845794220,11.84,62709360000,-65809655.0,13260.0,20241213
042500,4555,4785,4500,4745,295517,1391047705,0.32,90487785830,1580525.0,5202835.0,20241213
193250,610,687,540,687,9938902,6458083788,29.87,43503159999,24495763.0,,20241213
219420,5660,5790,5550,5710,248513,1418391120,1.78,65490884970,-20228050.0,,20241213
439090,15210,15380,15060,15340,77507,1184014150,0.59,251242508400,8062090.0,17551420.0,20241213
195500,2770,2870,2750,2855,63250,178503400,2.15,45617190000,67198570.0,,20241213
377480,14500,15290,14350,14900,148741,2210530010,3.26,92964765400,-37389990.0,1808610.0,20241213
305090,12000,12110,11550,11940,70975,838076130,-0.67,198653660400,-167546240.0,502680.0,20241213
098120,4630,4895,4630,4895,21632,103695965,3.82,40690989570,-1408200.0,,20241213
424980,6000,6070,5610,6070,23235,137198840,0.5,35927662300,40299800.0,,20241213
038290,16260,16690,16260,16640,42663,704939370,1.46,180400896000,191116750.0,-10120150.0,20241213
267980,34900,35400,34850,35250,14646,513340700,1.73,276488239500,190142400.0,-154546950.0,20241213
005990,8530,8630,8510,8600,3399,29256740,0.7,117977414400,129130.0,17245620.0,20241213
093520,8190,8370,8190,8280,48911,405280580,0.12,133830401760,123446890.0,-55882860.0,20241213
377030,1599,1599,1421,1443,1029810,1532045712,1.91,43680882726,-243118209.0,-89738322.0,20241213
100590,3385,3475,3350,3460,46703,160697720,1.17,54771879580,16843005.0,3519045.0,20241213
067280,29250,29650,29250,29450,5806,171504800,0.17,174543641550,17037100.0,-39369600.0,20241213
072870,11410,11540,11410,11500,13328,153143750,0.17,137091028500,18732180.0,-22180.0,20241213
215200,42700,43650,42200,43450,36963,1599864800,3.08,498021944750,536781100.0,-210070550.0,20241213
133750,2335,2430,2220,2430,898278,2146697930,3.18,56879197110,-114530365.0,,20241213
446540,3060,3160,3060,3105,47992,149307970,-0.48,64493955000,7377295.0,-1406360.0,20241213
235980,4330,4635,4300,4575,255385,1151759655,5.66,153631679625,141335265.0,-37866230.0,20241213
041920,4895,5040,4870,5000,38001,189141570,2.15,92991115000,51392915.0,,20241213
014100,3100,3340,2850,3230,547994,1717833730,1.25,38114000000,41642765.0,,20241213
054180,313,318,309,314,160310,50257982,0.32,18487780862,4662156.0,,20241213
086900,127100,129900,126200,129400,63537,8180954200,2.05,944425511800,983622400.0,915795200.0,20241213
078160,12080,14360,11710,14180,2413269,32362572340,19.56,485208191300,-1220044570.0,2478052460.0,20241213
408920,2075,2090,2070,2090,9341,19441250,0.0,90355830950,-2629145.0,-12495.0,20241213
021880,282,294,282,289,277756,80222372,2.48,43981293912,5125099.0,482255.0,20241213
140410,29600,35000,29600,32850,414176,13845568550,10.42,984295620450,1824408400.0,558971200.0,20241213
241770,7910,7910,7750,7860,5542,43287130,-0.63,80114150400,-653770.0,,20241213
059210,3710,3745,3650,3650,121445,448919010,-0.54,87097581150,25232135.0,-7972350.0,20241213
058110,1942,2075,1942,2065,73751,149529013,4.24,33144344450,13387239.0,-25.0,20241213
434480,3345,3495,3345,3490,83869,288007950,3.25,42764017000,85952525.0,,20241213
080420,1970,2025,1911,2010,38672,76318635,4.36,160240460220,909765.0,-202155.0,20241213
417970,8630,8950,8630,8910,4732,41672410,3.6,56994597000,6778890.0,120.0,20241213
080160,10240,10590,10240,10580,58172,610493360,2.82,199962000000,257710790.0,-8866280.0,20241213
087260,1979,2030,1979,2020,75948,152706925,1.46,65756779220,38396076.0,,20241213
101330,2645,2720,2630,2695,46650,124501895,1.89,62381243155,36360785.0,,20241213
012860,1427,1444,1410,1442,102423,146402853,1.05,105602644994,-7326926.0,,20241213
363260,1553,1583,1553,1574,147680,232039552,0.06,50625772406,3153152.0,,20241213
348030,5060,5320,5060,5180,7626,39491840,0.19,49747684000,-3825280.0,20.0,20241213
250060,2905,2940,2855,2905,297421,861284585,-0.34,93457667170,-96084475.0,,20241213
288980,1299,1334,1285,1330,61299,80853512,2.31,45960227460,18733026.0,,20241213
142760,1184,1228,1184,1199,33089,40008439,0.0,45244038389,-4295107.0,-448685.0,20241213
033200,2895,3085,2895,2995,4289,12668845,3.45,42921899075,-240670.0,70.0,20241213
333050,1458,1458,1366,1430,495863,705497738,1.78,34976836180,9501524.0,-128415.0,20241213
118990,9450,9780,9450,9710,120245,1163595940,1.57,241409922900,122868980.0,-20942630.0,20241213
006920,3110,3195,3105,3135,43397,137459290,-0.48,34234200000,-7829075.0,30580850.0,20241213
001810,1594,1630,1580,1620,32953,53004970,1.63,35862750000,-3364818.0,,20241213
279600,0,0,0,11300,0,0,0.0,52938025300,,,20241213
095500,8100,8180,8000,8070,127565,1032707890,0.0,250250691930,196901510.0,-287973100.0,20241213
254490,11090,11340,11080,11190,30479,341369770,-0.89,161561220000,-28242030.0,50.0,20241213
218150,3860,3915,3820,3915,83174,322514415,1.95,79927864830,61580525.0,-126365.0,20241213
442900,9950,9960,9930,9960,23361,232182060,0.1,76492800000,-256740.0,18807440.0,20241213
100790,5130,5410,5020,5290,1330746,7009365560,4.96,281029313860,372651990.0,-529710.0,20241213
412930,2230,2475,2225,2415,179119,427546810,7.57,14915040000,5944255.0,-2806520.0,20241213
446190,2115,2115,2080,2090,1240,2595690,0.48,10345500000,-39735.0,1048710.0,20241213
448830,2090,2090,2035,2080,19647,40734050,0.73,10233600000,258685.0,33496645.0,20241213
477380,1967,1993,1967,1989,5810,11518765,1.12,16110900000,-1129697.0,-1501016.0,20241213
477470,2005,2040,2005,2005,3169,6379200,0.0,10987400000,-292685.0,2245615.0,20241213
478440,1976,1977,1962,1976,6911,13601807,0.0,13693680000,-359327.0,-774538.0,20241213
482680,1977,1978,1959,1970,16445,32476603,-0.15,16183550000,-1863943.0,26274710.0,20241213
049950,15210,15760,15100,15700,22259,345863020,3.22,138440778800,1556610.0,172390.0,20241213
207760,1210,1217,1180,1217,220979,264897097,2.27,101108095911,-2450238.0,30044238.0,20241213
059090,7910,8150,7800,8120,159351,1277748200,2.01,271344237360,-115541440.0,2139090.0,20241213
214610,1605,1800,1529,1720,6024001,10054206564,5.01,74938585400,402852010.0,-1239419.0,20241213
201490,1810,1815,1782,1811,96934,174320400,0.61,55036456612,29283466.0,,20241213
452200,4670,4790,4670,4745,53479,253302025,0.42,105160113500,119790810.0,-22845630.0,20241213
418470,14500,15410,14330,15180,233583,3530338130,5.05,129019207020,255490300.0,288945900.0,20241213
206640,16640,17000,16430,16830,72990,1216540710,1.75,395278804800,1460070.0,75135060.0,20241213
018700,1027,1058,1022,1054,47431,49389706,2.63,37016223878,-3286454.0,,20241213
035620,407,443,407,440,295614,128264333,8.11,32753457000,543360.0,-11800.0,20241213
053030,17630,18600,17400,18310,954949,17299819920,2.92,598447482280,-1863612150.0,2703684810.0,20241213
301300,3950,4400,3950,4140,111103,463269305,2.6,51314724540,75548460.0,,20241213
064550,19100,20500,18900,20050,195492,3894452610,5.64,517496334550,372628030.0,185301310.0,20241213
314930,17200,17940,16900,17820,259883,4533730570,2.47,530396315460,-286190500.0,897075450.0,20241213
208710,408,422,397,399,160236,65162769,-1.48,26294364936,-367144.0,,20241213
086820,19350,19660,18750,19350,53445,1028402660,-1.28,157575293100,-70393740.0,-17329290.0,20241213
038460,3050,3185,3050,3175,62618,197227310,3.42,83072090650,-4258705.0,-3192250.0,20241213
251120,13710,14180,13710,14020,26177,366882160,1.3,121913714000,65758460.0,-21046390.0,20241213
199730,6540,6850,6540,6840,10775,73080410,2.55,33272270280,21206110.0,,20241213
086040,3310,3435,3305,3345,34586,116345345,0.15,53380336215,7997580.0,20.0,20241213
099430,6840,7220,6760,7160,2260166,15832783890,4.07,414784986240,149740280.0,2764407950.0,20241213
032980,746,746,699,729,223673,159620574,-1.88,32643154710,3153785.0,,20241213
308080,3175,3270,3135,3225,141988,454954290,0.31,62125561500,59717050.0,,20241213
043150,19460,20300,19460,19900,57054,1135157880,2.31,295599694400,292101990.0,6203430.0,20241213
323990,10930,11470,10800,11130,307943,3395863370,3.34,255914316000,577902220.0,-788823270.0,20241213
267790,4800,4870,4735,4870,18112,87098250,3.4,38416995000,-801000.0,253470.0,20241213
046310,2210,2285,2205,2280,40040,89518980,3.17,37434501480,17026500.0,59515.0,20241213
331520,635,648,619,648,91760,58440913,2.05,32960124720,1831625.0,,20241213
199480,4730,5580,4730,5580,849076,4700034625,15.29,56367140040,-142954190.0,1252170.0,20241213
438700,3070,3290,2880,2895,192830,591945310,3.39,32264456550,-82567660.0,-532095.0,20241213
066410,0,0,0,1153,0,0,0.0,99670679144,,,20241213
382900,12500,13170,12500,12810,27176,349954500,1.67,112228410000,117317760.0,-62385360.0,20241213
206400,3315,3560,3230,3450,304470,1029029385,4.07,126883499700,51471190.0,-29215725.0,20241213
019010,2250,2250,2215,2235,30539,68091925,-0.67,107727000000,15915540.0,-4056620.0,20241213
177350,204,212,202,208,613281,127597205,-0.48,18589384944,-876854.0,,20241213
424760,798,807,789,807,11709,9346300,0.62,15869656614,-130023.0,,20241213
225530,4370,4370,4205,4310,177338,757400850,-1.93,156619913370,3207345.0,6348520.0,20241213
250000,10090,10420,9970,10390,79788,814753350,3.9,70140115870,128966340.0,-10320.0,20241213
310210,77700,81900,75200,79500,219440,17390307800,2.58,1459349064000,-1225865300.0,667730900.0,20241213
006910,2500,2515,2465,2500,195050,486565255,0.0,122824560000,-55805310.0,34857030.0,20241213
226340,1325,1375,1325,1374,316650,431064061,1.85,57642625080,121526648.0,-51437717.0,20241213
014470,1792,1824,1740,1802,814107,1456646978,0.22,108214172520,67585648.0,,20241213
008470,3900,3905,3870,3880,1730,6728795,0.0,32610624000,0.0,,20241213
338220,25850,27600,25800,27100,327171,8834765650,5.24,376370680700,484808750.0,-48943050.0,20241213
100120,21000,21100,20650,21000,6802,142812250,1.2,210039165000,18412250.0,-3558450.0,20241213
406820,11590,11590,11210,11320,8481,96594030,0.18,40005332800,-12047190.0,,20241213
337930,6550,6550,6290,6390,483486,3087551260,-2.44,187300785330,-264470620.0,-46731820.0,20241213
099390,5220,5480,5080,5460,13209,70625770,4.6,44817225180,-11468340.0,,20241213
064480,5450,5670,5440,5610,107245,599791480,2.37,67053525000,123005090.0,5600.0,20241213
288330,3100,3170,2940,3060,554167,1674131740,-2.39,154259893800,-471628460.0,-9824310.0,20241213
365900,2880,2955,2880,2920,3237,9370005,1.39,21346076000,-1008560.0,20.0,20241213
089970,6710,6850,6470,6830,74268,492049720,2.25,164436313850,206757120.0,-232750460.0,20241213
251630,3840,4020,3805,3985,26919,105512715,4.73,63532400710,43277800.0,-43815.0,20241213
018290,41700,42850,41000,42700,1340371,56383053600,1.18,1528574898900,2867274200.0,325909100.0,20241213
439580,13090,13450,13000,13230,249340,3301655220,-0.53,147782023830,172640990.0,-537372820.0,20241213
033560,3060,3185,3040,3055,29767,91442630,-0.16,52240500000,-6033220.0,,20241213
369370,1699,1699,1603,1678,12131,20161772,-0.53,83685066658,33067.0,,20241213
126340,29600,30600,29150,30250,23910,721455100,2.02,184074819500,54923150.0,84503400.0,20241213
121800,0,0,0,3320,0,0,0.0,256309348520,,,20241213
082800,11310,11310,11310,11310,2529204,28605297240,30.0,566683772460,2962428300.0,2442960.0,20241213
318410,8090,8090,7780,8010,3990,31552620,0.5,44497496430,-305830.0,,20241213
419540,1795,1860,1783,1843,161516,294074489,1.94,42375197773,-27208562.0,36787761.0,20241213
146320,8350,8640,8310,8540,42642,362555540,2.28,109251562420,-20348210.0,-2565770.0,20241213
200780,4130,4680,4045,4400,81154,358176945,9.05,39126489600,1451015.0,,20241213
413640,8560,8890,8320,8810,16038,139590320,2.92,63493141400,9599880.0,,20241213
141000,6690,6900,6650,6900,17967,122147640,2.37,83591499000,948570.0,23271130.0,20241213
083650,13800,13810,13220,13240,1127064,15199712790,-4.68,409703525000,-37199930.0,-625155800.0,20241213
445360,2055,2065,2055,2065,11480,23591500,0.49,8900150000,-152070.0,3259230.0,20241213
473370,1999,1999,1965,1984,10204,20261479,0.05,8352640000,104417.0,3974251.0,20241213
065170,0,0,0,234,0,0,0.0,20819110806,,,20241213
086670,7580,7700,7470,7660,2917,22120030,1.59,69898832840,1247000.0,,20241213
335890,7890,8160,7850,8090,964811,7789939130,2.53,472610721250,468162850.0,557653260.0,20241213
230980,0,0,0,229,0,0,0.0,21370407553,,,20241213
082920,19860,20100,19740,19920,44889,892304600,-0.15,455614482960,-130956190.0,159974800.0,20241213
054220,500,520,489,512,637306,320649424,2.4,25170226688,-7023976.0,12699754.0,20241213
042370,6700,6760,6650,6740,70594,474523450,0.6,176588168500,-27688650.0,-8801970.0,20241213
050090,697,720,677,697,46205,32121753,1.75,13789960295,2769241.0,,20241213
148780,1002,1021,986,1015,74147,74386124,0.89,31917410875,4769647.0,,20241213
307870,992,997,955,957,235904,227957045,-4.59,43350070203,-18489016.0,,20241213
357880,2715,2890,2675,2790,1664792,4635409605,3.33,83760091020,273926810.0,-25230000.0,20241213
032850,4945,5040,4945,5010,56192,281227550,0.3,83282697930,97172560.0,5000.0,20241213
238200,2930,3025,2930,3020,12936,38656800,0.83,24703600000,3409060.0,-150260.0,20241213
093190,4285,4290,4265,4280,38213,163471430,-0.12,82342513400,13781885.0,-129605605.0,20241213
065450,4090,4120,4010,4120,231418,945336825,0.61,118049536000,145590035.0,8170.0,20241213
210120,24350,25650,23750,25400,18162,449065250,4.1,79873094000,138047700.0,-50300000.0,20241213
044480,501,513,499,502,43320,21765257,-0.4,20413191456,-1507817.0,,20241213
069540,1123,1123,1095,1114,200416,222646926,-0.8,50522327406,-20990114.0,,20241213
072950,3535,3625,3510,3575,10932,38987270,1.71,28788080750,554425.0,,20241213
451250,9630,9800,9420,9720,89383,860788350,0.93,98073604440,-17930700.0,2668910.0,20241213
143240,17750,18690,17730,18160,156995,2878023140,1.17,212640216080,256842230.0,120456490.0,20241213
466410,19500,20150,19210,19390,240073,4730865940,-0.05,97667875970,-27682430.0,282736590.0,20241213
452430,11300,12800,11270,11780,330591,3998014450,6.13,95376228120,-51653550.0,5962240.0,20241213
419120,5570,5750,5540,5740,16628,93907120,3.61,44624631240,7182600.0,,20241213
122350,1250,1257,1241,1250,76011,94867643,0.0,47924285000,-26945925.0,,20241213
419050,1750,1802,1719,1800,194313,346474654,0.67,102953232000,5995481.0,,20241213
014970,3310,3410,3250,3410,11159,37475975,3.02,51576250000,-1802445.0,271000.0,20241213
018310,21750,22100,21350,21850,20322,440385950,1.86,321195000000,37611400.0,60129500.0,20241213
053700,4680,4700,4570,4645,240025,1115417395,0.65,106264547550,30342955.0,-3801580.0,20241213
009620,1930,2450,1887,2225,1382872,3007149931,12.94,32834725500,73083377.0,1762141.0,20241213
023600,8250,8440,8210,8330,8497,70443620,0.36,134696100000,22939620.0,-16537100.0,20241213
425290,2090,2095,2085,2095,31025,64774885,0.24,11564400000,-179510.0,8558925.0,20241213
439250,10350,10370,10350,10360,8100,83927810,0.1,36280720000,1131210.0,-44131000.0,20241213
448740,10030,10040,10020,10030,4639,46520430,0.0,46779920000,-190420.0,-31060790.0,20241213
468510,0,0,0,2020,0,0,0.0,22321000000,,,20241213
009300,17140,17510,17140,17500,21270,369714520,2.1,111475000000,60674180.0,22620.0,20241213
361670,5060,5100,4910,5010,4244,21396280,-1.18,28394966580,-2482590.0,,20241213
054540,4070,4160,4030,4135,75169,308294880,0.61,53755000000,24773705.0,-15.0,20241213
065570,1565,1579,1515,1557,47875,74681300,-1.52,24794650467,-13104001.0,0.0,20241213
032280,2845,2845,2640,2730,685532,1858028320,-4.55,44263100700,-95585115.0,-432230.0,20241213
002290,3695,3700,3575,3675,171171,622066065,-0.54,45570000000,-3977345.0,3090.0,20241213
037460,8560,8620,8510,8580,27298,234056860,0.7,140012918760,83441960.0,-67606550.0,20241213
032750,3980,4015,3955,4000,7302,29134375,1.01,36124488000,2120615.0,-75770.0,20241213
054090,727,743,725,741,33029,24322761,2.21,18494790912,2131377.0,,20241213
000250,101100,104400,100800,102000,198005,20282877200,1.39,2392662144000,-1416692800.0,550046100.0,20241213
024950,3750,3820,3690,3810,27722,104347810,3.11,50572328370,20796880.0,-35970.0,20241213
038500,3000,3090,3000,3090,161240,491674745,3.17,333461385540,78739930.0,74586780.0,20241213
437730,6550,6600,6430,6500,140218,915993580,-0.76,206099185500,37827680.0,-3632560.0,20241213
017480,4705,4760,4680,4720,11192,52854535,0.32,74117640800,-1142060.0,4690.0,20241213
046390,1394,1440,1394,1426,68409,97571616,1.49,61564602458,53754316.0,,20241213
027580,1290,1305,1277,1294,535555,692302825,-0.69,76580575026,-25163453.0,,20241213
038540,1513,1536,1500,1511,69132,104808060,-0.07,83601080943,8406336.0,-29056682.0,20241213
452670,1977,1977,1960,1964,5577,10948378,-0.15,10252080000,9825.0,0.0,20241213
091580,7460,7680,7420,7630,40210,305062420,2.28,102457310970,-24694340.0,363850.0,20241213
263810,2725,2770,2705,2760,26567,72748835,1.28,39315421680,14409210.0,,20241213
089980,19200,19490,19000,19380,27564,530480940,1.63,309867537060,134412470.0,-95329180.0,20241213
042940,5170,5290,5000,5090,11232,56917490,-1.55,20267433260,1537500.0,,20241213
042600,10920,11000,10710,10990,7493,81311730,0.37,136535078260,-11441150.0,-5290500.0,20241213
107600,16670,17110,16620,16670,16871,283165970,-2.23,83042355150,1316780.0,-90157570.0,20241213
411080,6520,6970,6520,6950,208778,1422183370,4.04,105978034100,10561210.0,250263930.0,20241213
252990,4030,4140,3980,4070,174262,710326920,0.12,237639416410,-34980150.0,-49073425.0,20241213
378800,3320,3455,3225,3260,1442249,4781162870,1.09,98266281060,-787369895.0,,20241213
294630,3460,3465,3355,3420,274386,931924380,-0.58,82009749780,-28057005.0,,20241213
038070,8980,9870,8910,9200,1489133,13929074740,6.98,81886219200,476553730.0,-10.0,20241213
006730,5620,5640,5560,5620,96762,542438190,0.9,373319307260,218293720.0,-248780120.0,20241213
079650,1178,1268,1178,1239,22214,26372508,5.18,24780000000,-573877.0,-21094174.0,20241213
100660,3500,3630,3500,3620,42160,151240275,2.4,45612000000,-1309325.0,5.0,20241213
019770,3375,3400,3360,3390,14610,49428640,0.3,39493500000,2181330.0,5.0,20241213
043710,526,683,526,606,1910783,1211744148,15.21,30420521280,-3336385.0,,20241213
092190,3090,3160,3060,3125,24599,76342385,0.81,143338696875,12603170.0,1089890.0,20241213
046890,7330,7420,7280,7360,168847,1243196720,0.82,429127744000,118213250.0,-16896560.0,20241213
063170,6850,7190,6850,7170,132100,930476710,3.46,127441494390,31983540.0,12476830.0,20241213
027040,224,227,221,222,129105,28817399,1.83,15448724034,-914171.0,,20241213
018680,3440,3455,3370,3440,12624,43173965,1.47,40108057360,17443900.0,,20241213
093920,5650,5700,5620,5700,25493,144261180,0.88,106020000000,3903200.0,-485710.0,20241213
189860,3790,3860,3740,3800,39937,151462010,0.0,36855364000,32627620.0,-20.0,20241213
178320,30000,30700,29500,30200,768040,23138575800,0.67,1698688210800,363933550.0,1243316550.0,20241213
122690,1840,1880,1840,1875,10823,20238414,0.81,40958268750,1882835.0,,20241213
140070,2645,2695,2640,2690,31752,84952440,0.75,99497720000,29416475.0,,20241213
011370,820,836,816,836,177789,146921933,2.33,84348107140,-556701.0,,20241213
065710,22400,23000,22400,23000,27741,633738950,1.77,118450000000,262986350.0,275339350.0,20241213
035890,1620,1620,1596,1614,395356,636226071,-0.19,370910849598,-66701213.0,15473325.0,20241213
357550,41000,41250,40450,40900,2463,100614350,-0.97,223109500000,6804250.0,,20241213
003100,14520,14620,14370,14590,6284,91237620,0.41,96294000000,-2493250.0,,20241213
067370,7480,7690,7260,7480,11822,87539540,-0.27,92105391400,2254910.0,,20241213
171090,45900,46750,44450,46200,87304,3992289500,1.87,438641511000,-633563450.0,524516000.0,20241213
086710,9650,9650,9490,9620,31515,301680590,0.94,117395553600,-1920900.0,-66376810.0,20241213
014620,22350,24450,21600,23800,1859986,43577023000,8.18,664699418600,-2879138800.0,7042046800.0,20241213
037350,4415,4535,4360,4530,31795,142747870,2.14,70079100000,49605535.0,-11859860.0,20241213
458650,18920,19120,18540,18710,95959,1796254640,-2.04,281504485700,-65831330.0,33255160.0,20241213
081580,3470,3510,3395,3450,186668,646911190,-0.72,53503093350,-36903370.0,-27624345.0,20241213
045300,2615,2620,2505,2585,24975,63967000,-0.19,26241842055,-474050.0,2610.0,20241213
015750,5090,5200,5070,5150,352625,1809548820,1.58,412000000000,709444940.0,-30984550.0,20241213
365340,40350,41300,39700,40400,40600,1642601100,-0.25,490779200000,552753550.0,-261146700.0,20241213
080470,3605,3625,3530,3605,4860,17432505,0.0,26316500000,277285.0,,20241213
043260,1144,1174,1144,1163,155415,180715630,0.26,70945545807,36877758.0,-21897901.0,20241213
148150,7620,7980,7550,7720,863550,6678265880,0.0,276842511880,-561217070.0,256808840.0,20241213
188260,2590,2635,2505,2610,8946,23300360,1.75,18866306700,9952260.0,,20241213
053060,990,1000,987,995,20998,20870352,0.4,17569131905,3051699.0,,20241213
340440,1210,1245,1160,1188,124406,147886395,-2.78,33713496432,11504455.0,,20241213
017510,4400,4520,4360,4495,127612,566405135,1.12,68530770000,32216985.0,16910.0,20241213
011560,11930,11950,11480,11690,191092,2221457850,-2.99,123095700000,-159027080.0,-134598740.0,20241213
396300,2330,2420,2310,2420,67197,160000690,2.33,64104590000,20251240.0,-20.0,20241213
100700,2500,2520,2500,2505,18606,46766545,0.2,109719000000,5774720.0,,20241213
024830,5780,5900,5780,5900,149,869400,2.08,49265000000,-11560.0,29100.0,20241213
258830,0,0,0,412,0,0,0.0,22983976612,,,20241213
036630,408,411,402,409,180632,73343902,0.25,81800000000,-13046205.0,,20241213
039310,1510,1536,1493,1533,11112,16848555,1.52,27780515511,-345014.0,,20241213
067770,2260,2330,2185,2255,17168,38400695,-0.22,18934317215,988750.0,47180.0,20241213
053450,5200,5330,5140,5300,60066,315991510,2.32,78401855900,74191430.0,26239450.0,20241213
222810,0,0,0,1080,0,0,0.0,81712098000,,,20241213
252500,855,870,847,861,62591,53573897,0.7,35719781790,3127348.0,,20241213
321370,1604,1729,1591,1672,738742,1237521757,5.09,44046741640,-40093916.0,,20241213
347000,1935,1977,1914,1976,46884,91837003,2.7,65217832576,35109969.0,,20241213
331920,3240,3335,3220,3325,11057,36126000,2.62,27145792100,-1772385.0,,20241213
471820,6520,8840,6520,7960,19914568,162225128480,17.06,92686868840,-15202440.0,-4755269460.0,20241213
049180,2120,2225,2115,2180,488217,1058153325,0.69,112304675080,28701645.0,2140.0,20241213
299660,5420,5580,5330,5550,633352,3462135770,1.46,117121522350,-15636800.0,,20241213
268600,0,0,0,6680,0,0,0.0,248384003120,,,20241213
108860,13130,13700,13100,13560,977465,13171151980,3.91,364964552400,534061770.0,626296920.0,20241213
208370,4480,4565,4410,4550,328908,1477487370,3.17,117119566200,-176329725.0,18752865.0,20241213
318160,3375,3510,3330,3500,58975,204445905,3.7,32413153500,-106230630.0,173984735.0,20241213
308430,15440,16550,15120,15510,1419316,22447520040,-0.45,198543649590,-490084590.0,-1280680820.0,20241213
068760,54200,59900,53900,58100,621019,35858428100,8.6,2417168404700,3081396100.0,781129100.0,20241213
068940,0,0,0,778,0,0,0.0,29766744466,,,20241213
060230,1070,1149,1065,1082,913889,1006977240,-0.46,50877629798,14508824.0,18607018.0,20241213
290690,8310,8690,8220,8420,201603,1717054450,1.45,383651742800,31685550.0,,20241213
950200,4185,4295,4165,4210,20168,85035405,-0.36,80983783130,2493270.0,,20241213
032680,305,313,298,311,165310,51150042,1.97,32838727604,7362792.0,,20241213
032685,7640,7640,7510,7540,9377,70874740,-6.68,2692850680,-22720.0,,20241213
258790,1161,1172,1099,1149,333515,376724335,-1.96,28714985316,-7686475.0,,20241213
066910,1352,1431,1344,1380,177968,246786421,2.91,46622277420,17474208.0,,20241213
035610,3825,3865,3775,3855,18749,71890515,0.78,105418818435,9518890.0,,20241213
357780,179100,181100,176900,177900,20431,3660921600,0.28,1383806891400,672860100.0,-1252517500.0,20241213
036830,39200,39650,38200,39000,71889,2801167650,-0.51,817598184000,-1066841150.0,1225648600.0,20241213
304100,25000,25400,24150,24650,372697,9268449600,1.02,299018501200,-700909000.0,-193104800.0,20241213
328380,881,890,856,877,61867,53915211,-0.45,30048456306,6854858.0,,20241213
086980,3765,4060,3750,4060,1701718,6736428200,7.12,254310280000,-62697110.0,482317445.0,20241213
050960,20500,20500,17180,19450,568825,10692994470,1.51,131306950000,99255060.0,,20241213
084180,0,0,0,508,0,0,0.0,82173440936,,,20241213
253840,5280,5340,5200,5310,62028,327347740,0.38,88906392000,50271580.0,5280.0,20241213
298830,4410,4480,4350,4425,326683,1446443010,0.34,232839344925,-155717250.0,-3610820.0,20241213
236200,24400,26500,24400,25100,110445,2802509950,3.93,180551152300,280245250.0,-203388750.0,20241213
094840,7450,7690,7110,7500,739885,5529481480,1.35,78538800000,67468670.0,0.0,20241213
192440,19730,19900,19510,19710,7116,140117620,1.08,122524514730,-29186460.0,-9576840.0,20241213
424960,9640,9890,9400,9870,130994,1271966540,2.28,154488595800,81385740.0,-234640530.0,20241213
099440,3385,3425,3345,3385,388796,1317937950,0.0,136223888690,11149970.0,147900.0,20241213
276040,3200,3215,3025,3045,71884,224523510,2.53,38228373330,-39888760.0,,20241213
159910,619,625,613,619,73421,45306158,0.0,22537850662,11357595.0,0.0,20241213
060240,548,656,501,511,4043402,2386397182,-2.29,16512545469,-876683.0,,20241213
115570,2950,3230,2805,2880,441989,1281400090,-5.88,22995383040,98873535.0,,20241213
330730,3855,3935,3820,3910,59689,232399815,1.43,70969745300,60732975.0,-93890.0,20241213
352090,3075,3190,3075,3180,31666,99744495,2.25,85456133640,20919755.0,-6474905.0,20241213
253450,47250,49400,47250,47850,155396,7544477400,1.27,1438299129300,1517705550.0,27210300.0,20241213
408900,2540,2615,2520,2555,141966,365369120,-0.2,83564172370,73114035.0,-78582880.0,20241213
204630,0,0,0,4650,0,0,0.0,23668225650,,,20241213
415380,8090,8290,8090,8290,16211,132406150,2.35,35029378420,61044300.0,23773270.0,20241213
013810,3660,3750,3640,3725,142596,527992510,1.09,54591625750,56323915.0,3730.0,20241213
049830,7350,8400,7350,8190,101875,822911480,11.89,50221997280,-2604920.0,320.0,20241213
020710,4025,4200,3955,4110,649478,2670254875,2.49,82397156700,180382945.0,2536570.0,20241213
033170,777,799,777,795,206871,164165648,0.13,68154013605,33828381.0,,20241213
048870,2825,2920,2780,2910,870134,2478787505,0.0,240681281040,119022065.0,1759020.0,20241213
025320,6380,6520,6330,6510,520770,3353954600,2.2,545654763360,576954110.0,-342362640.0,20241213
269620,0,0,0,889,0,0,0.0,132090012299,,,20241213
056090,1031,1078,1031,1064,216606,228721220,1.33,109867614304,42518007.0,23971306.0,20241213
429270,4720,4800,4610,4785,7343,34528940,1.92,21562406250,8576285.0,-11352375.0,20241213
418250,0,0,0,6550,0,0,0.0,52279100100,,,20241213
131090,870,880,847,870,58714,50693831,2.72,38280000000,38587.0,1835852.0,20241213
232830,2660,2830,2390,2450,6416580,16677370430,4.7,28683306400,-88011485.0,,20241213
290520,2305,2630,2305,2440,105374,262817410,4.72,38867643280,54092985.0,,20241213
001000,1043,1055,1032,1042,67324,70238971,0.97,25297196680,11137774.0,,20241213
025870,7250,7400,6760,7400,94419,670449130,3.21,29600000000,35340740.0,,20241213
215600,2605,2715,2590,2590,1819301,4784270425,0.58,355780853750,367149465.0,-935245155.0,20241213
065350,87500,91400,86800,88000,529889,47056081400,-2.98,2418587424000,-3331929900.0,-835253400.0,20241213
416180,26000,26600,25950,26250,45476,1193650200,-0.94,237294172500,-2454350.0,-52662600.0,20241213
162300,2270,2325,2270,2305,22836,52503380,-0.22,95591535510,3795925.0,,20241213
290560,6150,6150,6050,6130,7360,44968300,1.16,23771968360,14565810.0,,20241213
002800,5480,5550,5400,5550,75281,411124550,0.73,84196275000,30921090.0,,20241213
472220,2095,2095,2035,2090,38195,78674935,-0.48,9802100000,-879980.0,34040690.0,20241213
430220,2095,2130,2085,2130,7629,15972170,1.67,14398800000,495490.0,4698695.0,20241213
445970,2100,2100,2085,2085,2883,6035075,-0.48,11175600000,-256565.0,1513160.0,20241213
017000,2960,2985,2805,2865,93425,268030915,-4.18,33428897355,-5899160.0,-15.0,20241213
012790,6450,6610,6450,6560,17231,112885670,0.92,78630882400,2138970.0,,20241213
138070,2855,2925,2705,2725,878030,2427193395,-7.0,47696230900,-168194575.0,-849390.0,20241213
226330,5300,5600,5180,5320,164590,872232910,-0.37,81175087000,86620410.0,-372954980.0,20241213
418210,0,0,0,2245,0,0,0.0,8216700000,,,20241213
452980,1950,1951,1943,1947,42030,81773696,-0.05,36808035000,-949853.0,-19942757.0,20241213
474660,2055,2055,2020,2040,4659,9459510,-0.97,11260800000,-183460.0,4877725.0,20241213
474930,2055,2125,2055,2055,12389,25538480,-0.24,7439100000,-477275.0,5899110.0,20241213
487830,2000,2000,1994,1999,2845,5678877,-0.05,8695650000,-231506.0,1869315.0,20241213
056700,1504,1577,1493,1577,53310,81823929,4.92,45946038507,4856740.0,,20241213
187270,2995,3000,2910,2990,19962,58839440,1.7,30330096550,1960910.0,25.0,20241213
243840,5210,5390,5210,5340,78192,414562020,1.33,207827646900,-82756260.0,-51734450.0,20241213
257720,28600,30250,28400,30100,1710809,50373502200,5.99,1832284343400,-5659935300.0,8767734800.0,20241213
222800,11340,11840,11230,11610,619879,7161403090,2.2,369826600230,1851465430.0,-2738679800.0,20241213
036710,1075,1098,1069,1096,43055,46639969,3.4,53400713784,7555433.0,,20241213
160980,8450,8750,8340,8600,160254,1361757280,4.88,93948489800,-295439430.0,-12813300.0,20241213
356890,2910,2940,2845,2880,23964,69635855,2.13,34319016000,4301245.0,,20241213
217330,4575,6060,4575,5800,1213650,7026750575,24.33,134151372600,-41580160.0,2991960.0,20241213
010280,631,643,610,636,58920,36987452,0.79,41418727896,-2579995.0,,20241213
208640,349,366,340,350,1820212,640133313,2.94,48734088900,72300924.0,-202670.0,20241213
222420,595,630,595,626,48675,29793427,4.16,28458104606,-1112254.0,,20241213
037760,1520,1534,1461,1523,16877,24956539,-0.46,51527538683,38887.0,,20241213
099320,40900,41650,39950,41400,54408,2221904400,1.35,453382909200,78771900.0,140160650.0,20241213
049960,14080,14540,14080,14450,20650,296348670,2.34,135830000000,46261270.0,22216820.0,20241213
088280,2230,2325,2225,2240,44770,101316880,0.9,38766537600,24936270.0,2175845.0,20241213
050890,5240,5400,5200,5300,1412664,7522330510,-0.56,323804724300,595543930.0,-108737220.0,20241213
394800,6330,7150,6170,6190,21220418,141116133760,-4.77,194638595220,1089221240.0,11192080.0,20241213
475400,20650,21400,19650,19680,1927234,39503580150,0.31,228453902400,-1160490080.0,320628040.0,20241213
109670,7890,8090,7810,8090,11030,87602130,2.53,47218110180,18301270.0,,20241213
066790,1753,2095,1735,1863,11197939,21492976618,5.02,121378248657,-93115688.0,,20241213
222080,7420,7820,7370,7820,417098,3154214120,6.11,560923337140,146806040.0,654765340.0,20241213
352480,41350,44350,40900,44250,152996,6561090500,7.66,443116889250,-755506400.0,1805218050.0,20241213
264660,9150,9320,9030,9320,8029,73881280,2.31,89731990720,1122390.0,-895130.0,20241213
352700,2910,2920,2800,2800,28334,81245190,-3.78,76375317200,-7356310.0,-322955.0,20241213
458870,9960,10860,9630,10580,157518,1651159140,6.33,132796774400,299897480.0,-399084150.0,20241213
297090,4225,4340,4165,4175,225566,951332180,-0.36,113852250000,422630875.0,-478947710.0,20241213
900120,68,70,67,69,1911084,130715914,2.99,20739871305,11362309.0,,20241213
359090,1132,1155,1083,1149,178422,202853845,0.79,65178048759,19248579.0,,20241213
115530,403,430,403,412,181021,75652106,-5.72,28000756000,-17675882.0,-1684.0,20241213
115480,634,654,632,653,118156,76394439,3.49,39587836374,1025892.0,,20241213
340810,3055,3135,2950,3040,22096,66960160,-1.46,32217503520,-2375145.0,,20241213
376290,2965,2965,2845,2880,17259,49555290,-0.17,50853600000,-2727240.0,,20241213
189330,5810,6280,5810,6090,15553,94108180,4.46,37102009560,-5218110.0,,20241213
096530,23500,23500,22850,23300,187930,4347677500,0.22,1216865660200,464972650.0,-754514950.0,20241213
101240,3930,4020,3895,3995,26363,104551860,1.78,41312083265,-426300.0,,20241213
060590,6630,6810,6620,6760,39486,265595990,1.35,163463695200,73527890.0,,20241213
260930,5150,5300,4860,5090,243233,1236283340,0.79,98448698190,-47730170.0,120797315.0,20241213
052300,323,323,304,307,178618,54973624,-1.29,51775989931,3019493.0,-22135259.0,20241213
413630,2280,2385,2190,2235,1557560,3181101880,0.45,86502154875,1716403465.0,791982370.0,20241213
013990,5670,6080,5580,6030,2392353,14005150520,7.3,198311842080,-662274050.0,308356410.0,20241213
123860,20750,21600,20250,20800,61671,1291241850,1.46,252167032000,91327450.0,-4676650.0,20241213
025980,5690,6090,5490,5870,4801388,27995413540,7.31,520255035860,-1353914600.0,-15965220.0,20241213
125210,5680,5860,5680,5840,67840,392414720,1.39,96341253600,56752750.0,-373150.0,20241213
357580,5220,5450,5220,5450,6778,36125710,4.41,61150438800,7165420.0,,20241213
052710,3370,3550,3325,3550,48716,168802730,5.34,51883636950,18183545.0,,20241213
074430,935,943,927,941,83694,78107393,1.18,82645060204,3322522.0,,20241213
092040,3580,3975,3580,3930,404849,1546459210,7.38,216222103710,37485620.0,9637665.0,20241213
083930,12330,12810,12330,12750,28010,353628970,2.49,190138174500,-122538590.0,125918460.0,20241213
149950,7990,8230,7990,8190,3425,27868640,2.5,127825425000,-2420180.0,,20241213
036010,4420,4650,4420,4595,16299,74329870,1.1,61081031730,23052915.0,9180.0,20241213
050860,2120,2130,2080,2115,63486,133590230,0.0,47587500000,4251695.0,,20241213
136410,6960,6980,6800,6840,9119,62631630,-1.3,75370685040,275880.0,242590.0,20241213
246720,4695,4695,4510,4655,7495,34676795,0.76,63155781500,-5134140.0,,20241213
067390,504,514,498,510,141547,71552605,1.19,178999006950,4298872.0,,20241213
159010,4180,4310,4130,4310,10951,46472965,3.73,57472725090,-5296495.0,-96530.0,20241213
127710,1589,1590,1510,1582,82486,127843927,-1.74,55218257724,2938294.0,-5119517.0,20241213
154030,1942,2045,1942,2045,14928,30056657,2.66,23704314840,1729602.0,,20241213
227610,1148,1157,1111,1148,70444,79838705,0.0,40849911956,16495005.0,,20241213
143160,14500,14790,14240,14700,12915,188247540,1.52,157530933000,5540170.0,9313850.0,20241213
054800,9160,9170,9070,9170,1624,14863840,0.11,94888922520,-2150050.0,,20241213
332370,3845,3845,3800,3820,1657,6326560,0.0,50705633320,1314030.0,-240860.0,20241213
339950,2180,2400,2140,2250,4318058,9911484395,2.04,101129973750,442685605.0,,20241213
469750,1140,1169,1125,1147,263895,300164003,-0.43,38925143707,44649940.0,,20241213
460470,4015,4140,3960,4115,228471,926469120,0.37,62072182550,-13398955.0,-100056340.0,20241213
099190,16980,17170,16730,16880,79460,1343453490,0.78,466584688240,252861690.0,-73387770.0,20241213
461300,12220,12500,12060,12350,42615,524713350,0.98,161487772550,99520280.0,-12853730.0,20241213
289010,2630,2760,2600,2720,79833,215934575,3.42,34990180640,15776535.0,,20241213
214430,38900,39400,38250,38550,20781,804639550,-0.9,273965598000,-134206700.0,-35777050.0,20241213
040910,4530,4600,4490,4535,11616,52874765,0.11,84234337125,-5538010.0,3873760.0,20241213
368600,2815,2895,2760,2870,60965,171528050,1.06,50335053020,13486230.0,,20241213
456010,6420,6420,6080,6300,470331,2929981410,-2.02,83297944800,475742220.0,52056210.0,20241213
052860,2115,2225,1954,2210,728316,1524873099,3.51,39476907340,77205647.0,,20241213
464500,3865,4005,3825,3900,226173,885167945,-0.76,54456725700,-27310890.0,0.0,20241213
038880,172,174,162,174,485340,82971291,0.58,54868238148,-11296123.0,-11891.0,20241213
307180,2660,2735,2635,2710,51476,138654210,0.93,73286063880,9104200.0,4719195.0,20241213
101390,2395,2500,2355,2490,55992,136158725,3.11,27798925230,49942575.0,,20241213
461030,10680,11740,10520,11450,203511,2294607580,6.61,160503237500,-151118300.0,650002540.0,20241213
451220,7280,7510,7280,7430,27978,207627390,0.95,58508359730,9766910.0,-2978740.0,20241213
090150,797,834,796,822,87232,71136454,2.75,34421490846,-2967673.0,,20241213
123010,705,739,671,723,366645,256426914,2.55,23612125866,2580554.0,,20241213
031310,1788,1865,1730,1864,356957,646916051,3.84,47223761504,-16199891.0,,20241213
185490,2800,2830,2780,2815,12661,35550255,1.26,76088841960,-3529715.0,,20241213
059100,4700,4790,4675,4705,27177,127750305,0.11,33268396300,7071610.0,,20241213
262840,2350,2445,2350,2430,33956,81696900,3.4,46874700000,-2776585.0,3621375.0,20241213
175250,1928,2325,1896,2145,6033144,12949476403,14.16,80562699360,-587898361.0,,20241213
052460,2055,2145,2045,2110,57165,120188370,1.69,30822744960,15634475.0,,20241213
119830,5060,5360,5030,5340,183048,956019520,5.53,114459145980,239661220.0,-4118940.0,20241213
052770,1074,1179,1073,1100,263430,295865844,2.52,53877940600,1561989.0,,20241213
124500,5680,5870,5530,5790,142620,808714500,1.94,134354211330,-134917690.0,,20241213
372800,4760,4955,4750,4830,7625,36588960,1.47,29110361700,718225.0,,20241213
084850,13910,14200,13740,13890,33747,471146970,0.8,315065953260,83976260.0,-85100570.0,20241213
114840,20600,20800,20000,20300,214603,4376942700,-2.17,350011463200,87037850.0,-901997550.0,20241213
027360,2620,2710,2580,2660,1664246,4410242320,0.57,321714779960,155358895.0,1126855.0,20241213
032080,1305,1344,1257,1319,210815,275958007,1.7,28346667251,-1632994.0,,20241213
013310,2470,2475,2435,2470,61568,151362965,0.0,95852257540,-9167690.0,,20241213
059120,6050,6090,5990,6010,35237,213076310,-0.66,58589061960,35754380.0,6080.0,20241213
203690,5110,5710,5000,5550,199472,1068483900,0.91,74025067500,58032510.0,-6672510.0,20241213
158430,6180,7240,6070,6300,27640274,183878037310,10.72,146302543800,-1974873570.0,-15220300.0,20241213
200350,15150,15970,14970,15550,908297,14057055770,1.97,155438188750,-375799360.0,448673870.0,20241213
321820,16290,18900,16290,17320,2325297,41373092340,4.27,231513149200,111363180.0,2026390.0,20241213
001540,6680,6740,6650,6700,16603,110842740,0.15,87384214000,32345480.0,-480970.0,20241213
053800,77900,80900,76600,79000,494619,38875593400,-0.88,878993974000,1028397500.0,47410500.0,20241213
065660,17090,17930,17090,17750,64570,1144870710,3.86,172731870750,-50234460.0,230.0,20241213
297570,735,787,734,770,191389,146258354,4.76,26658337860,15647203.0,,20241213
260660,3530,4385,3475,3755,3692594,15134336340,10.44,57552963855,-131579640.0,2352995.0,20241213
354320,23800,24250,23550,23950,17169,410199900,0.63,153073574950,25508500.0,4763400.0,20241213
361570,2685,2730,2620,2720,152772,411627980,3.42,78181751520,178590035.0,16567180.0,20241213
131370,2795,2815,2700,2815,118103,329272575,2.36,149946838645,72676470.0,-15390250.0,20241213
140670,10130,10370,10130,10200,98610,1007312650,-0.78,94892028000,294868030.0,-595792440.0,20241213
096610,0,0,0,2965,0,0,0.0,51550708615,,,20241213
061040,3785,3830,3775,3820,89520,340787380,0.0,122580969380,-111134420.0,19277105.0,20241213
148250,3720,3765,3670,3760,12359,45820510,1.08,27790859360,7547070.0,-19752550.0,20241213
347860,2040,2170,2040,2135,108175,228521760,5.17,50167512640,43383995.0,,20241213
196170,315000,320500,308000,317000,587113,185014820500,1.44,16902068476000,7091261500.0,12317854000.0,20241213
123750,1334,1373,1327,1367,10784,14523073,2.47,17424187999,50801.0,,20241213
085810,638,826,637,826,5592460,4514211164,29.87,25673698134,-151818078.0,-224747.0,20241213
043100,1808,1848,1787,1789,32825,59021323,1.25,14268920880,6699072.0,,20241213
117670,0,0,0,945,0,0,0.0,37743429465,,,20241213
314140,5100,5180,5040,5120,3923,20124990,-0.58,44371768320,497840.0,,20241213
291650,1487,1557,1478,1555,139509,214096326,3.53,26404291860,62063180.0,,20241213
293780,6150,6680,6150,6510,106828,696435510,3.33,174997653600,84407480.0,18560.0,20241213
196300,12280,12310,11800,12290,48882,588284810,0.08,73781626230,13678680.0,6089910.0,20241213
310200,2600,2690,2595,2675,107366,284485860,1.9,121768618825,58610090.0,-32771265.0,20241213
299910,0,0,0,6880,0,0,0.0,32483121920,,,20241213
179530,2405,2580,2405,2580,19486,49332520,6.61,23582345520,-3808395.0,,20241213
900100,1027,1078,1027,1039,117494,122413577,1.17,43843617061,51344729.0,,20241213
205500,2005,2005,2005,2005,414861,831796305,29.77,104115880600,0.0,,20241213
052790,7200,7550,7100,7270,56076,414827950,0.97,82373738260,-10846280.0,11298420.0,20241213
290740,5010,5060,4970,5060,4089,20538075,0.0,50928955660,-292560.0,,20241213
238090,3085,3235,3035,3135,18210,57153340,1.62,73801984905,14168805.0,,20241213
092600,1060,1084,1060,1078,26361,28169651,1.03,27040031326,918221.0,,20241213
129890,1028,1039,1020,1028,33441,34394875,0.0,52061425480,13142412.0,1034.0,20241213
174900,14380,14990,14210,14700,112094,1632008250,3.16,256149131700,101994830.0,-9091220.0,20241213
255440,8500,8510,8360,8500,9700,81846680,-0.12,110993000000,2764790.0,,20241213
030960,9820,9990,9600,9710,140412,1371717510,-1.92,155165800000,2826640.0,,20241213
102120,7710,7860,7650,7830,91989,716450800,0.9,139223295990,-1910.0,39150.0,20241213
238120,2980,3050,2970,3050,75786,227600515,2.18,43855632800,15288375.0,2229475.0,20241213
019990,4660,4855,4660,4845,22226,105949495,1.68,47268246360,8655545.0,30.0,20241213
270660,14530,15140,14530,15010,58106,865213690,1.62,184048747420,-3431450.0,174826330.0,20241213
038680,4245,4250,4130,4250,234172,984482480,-0.35,83086127250,80908015.0,25.0,20241213
217480,0,0,0,499,0,0,0.0,54756837359,,,20241213
121890,1257,1294,1250,1263,17435,22085940,0.32,16787096298,-163418.0,,20241213
304360,16950,17350,16720,17130,98064,1665642240,-0.17,201205485480,-53792700.0,39136830.0,20241213
389500,14040,14230,13870,14230,49729,697969960,0.07,87868883920,136818980.0,-316669700.0,20241213
042110,1400,1427,1387,1424,133758,188821000,0.64,68821299136,-2818484.0,,20241213
298060,1846,1925,1832,1918,103715,195051985,3.9,39256181664,58939876.0,,20241213
065420,214,222,214,220,295922,64540892,2.8,15747005780,-2058246.0,,20241213
103230,2875,3020,2800,2965,29645,87961685,1.37,21348000000,-16323905.0,,20241213
260970,43200,43900,41450,42650,41909,1775659650,-1.27,123375958100,271858400.0,-79025700.0,20241213
101490,26450,26800,25950,26100,173700,4583121550,-0.38,559882766700,-657604600.0,978512950.0,20241213
095910,1267,1351,1215,1338,120029,158690179,4.78,26097025014,2691174.0,,20241213
275630,3420,3510,3400,3430,4671,16018220,0.29,20641702270,-364295.0,,20241213
031330,2765,2790,2720,2785,303256,836730760,0.54,278486261595,187937785.0,-9541335.0,20241213
060540,1598,1598,1480,1532,325083,494357304,-1.54,40036224792,54516686.0,,20241213
351320,1400,1482,1400,1482,13715,20081249,4.81,32627543052,-438426.0,,20241213
056190,20300,20600,20050,20150,51986,1055535100,-0.74,723561514000,-125258700.0,-36823600.0,20241213
080000,0,0,0,1618,0,0,0.0,55534403660,,,20241213
214310,1550,1550,939,969,995509,1110722731,-39.44,3565076970,-14519797.0,0.0,20241213
246250,1990,2000,1940,1996,64834,127931409,1.42,30635019176,41965091.0,-11845240.0,20241213
041510,76900,83000,76700,81000,230107,18691770500,5.33,1891643787000,-2728104300.0,6848958700.0,20241213
007820,3965,3985,3930,3965,28274,111672255,0.0,79434595890,-1618415.0,-3531830.0,20241213
464080,8950,9450,8650,9340,3943324,36697871460,5.9,165148292200,517979800.0,1507834690.0,20241213
109610,3960,4035,3930,3965,547435,2173789100,0.63,193917841000,-149159330.0,,20241213
365330,8170,8470,8100,8120,8281641,68470228300,3.05,248553200000,-1328543220.0,-591565680.0,20241213
031860,1550,1575,1453,1453,159239,241204630,-4.09,21833295268,-1986484.0,,20241213
306040,5100,5100,4960,5080,19207,96293565,0.59,50118406240,6997705.0,-17469005.0,20241213
457940,2040,2070,2040,2060,2601,5335730,0.0,6818600000,-643995.0,3785150.0,20241213
472230,2025,2025,2015,2025,3874,7821195,0.5,8413875000,-80740.0,7802975.0,20241213
473000,2060,2070,2060,2060,1258,2591510,0.0,6818600000,-30900.0,2350460.0,20241213
473950,2000,2010,1997,2010,4934,9877086,0.5,8884200000,-567148.0,1971050.0,20241213
435870,2075,2085,2075,2085,856,1776210,0.0,7756200000,0.0,1079000.0,20241213
455910,2065,2065,2040,2050,1567,3210975,-0.73,10291000000,-40905.0,1174620.0,20241213
475660,6200,6270,6130,6260,47111,292738350,0.97,48714287100,-3754390.0,19994850.0,20241213
096630,663,770,629,721,5582016,4008278835,8.91,56996639805,17907391.0,145706.0,20241213
069510,10490,10690,10490,10690,2670,28306760,1.91,116627900000,3295920.0,,20241213
234300,3765,3855,3720,3855,124063,471589830,2.25,107206964040,-87051460.0,,20241213
039440,15520,15670,15420,15510,127817,1985898820,-0.06,245523300000,-118349910.0,250508120.0,20241213
098660,2785,2910,2675,2745,62062,176416760,-1.61,34315179120,-25060210.0,,20241213
052020,5650,7500,5650,7440,2037493,14320727780,28.94,505667821200,85146050.0,-102407420.0,20241213
237690,83700,85900,83300,85400,120779,10234786900,2.03,1719555474000,1244113200.0,-584005500.0,20241213
050760,1419,1439,1418,1421,1802,2571623,-0.56,23211577438,-438769.0,,20241213
288620,8510,8960,8450,8710,24709,216760490,2.23,60789842360,60699460.0,-17208160.0,20241213
443670,8290,9640,8160,9030,8680589,78843133930,10.12,218538569760,-640280310.0,150459250.0,20241213
317830,4080,4260,4080,4200,60797,254893240,0.12,45250035600,57655985.0,10.0,20241213
058610,19820,20400,19580,20250,113977,2285552560,2.17,449091540000,161885670.0,99420760.0,20241213
043340,494,505,488,497,59304,30908271,0.61,47215000000,-1110205.0,,20241213
163280,11200,11200,10450,10530,457204,4895135350,-5.73,86080528170,-80376720.0,15421620.0,20241213
054630,0,0,0,158,0,0,0.0,12594094838,,,20241213
200710,14130,15350,13900,15140,276560,4143859070,7.15,203494045080,-355847940.0,630036460.0,20241213
475580,9620,9720,9130,9220,893680,8405274150,-4.16,123097879600,-437871660.0,-590475190.0,20241213
096690,1715,1778,1691,1743,57229,98283102,0.75,58350740427,-625150.0,-6888432.0,20241213
298380,29800,30700,28900,30100,473162,14180980750,2.03,1453286454200,780655150.0,326089550.0,20241213
203400,8720,9430,7670,7900,1073108,9126516000,8.22,199552198800,-140844110.0,-117655730.0,20241213
195990,396,404,396,401,612537,247026568,0.0,114160578121,-2595671.0,-459088.0,20241213
003800,25750,25950,25650,25950,1302,33688700,0.39,287785500000,-851400.0,2373600.0,20241213
088800,814,845,809,820,227101,186265408,1.23,149200532580,9670527.0,-46764898.0,20241213
241840,8150,8480,7810,8430,37256,310768860,3.44,80422149420,51559770.0,82932020.0,20241213
453860,18720,19820,18550,19720,18422,358252360,5.29,111560279800,99099030.0,-35244430.0,20241213
312610,1225,1275,1225,1234,10650,13349167,-1.2,24996999792,-368211.0,,20241213
172670,7360,7380,7060,7270,402259,2900247160,-0.14,65141082930,48574840.0,10475220.0,20241213
445090,24350,27200,23600,26150,467397,12051859250,8.06,281679588900,1258263300.0,-10041750.0,20241213
295310,24700,25050,23900,24450,1325485,32309854800,-5.96,291002212950,-323139650.0,-1148153350.0,20241213
072990,8400,8590,8360,8430,13387,113140420,0.48,61432284630,17605970.0,,20241213
044990,15000,15680,14990,15680,12716,194965640,3.7,126005483520,107034510.0,-44606170.0,20241213
239610,12640,12640,12410,12440,4714,58954200,-1.58,67077910600,13880690.0,110.0,20241213
462020,1985,1995,1966,1995,6337,12491370,0.0,8668275000,-89235.0,-7061085.0,20241213
477340,1960,1960,1951,1959,2201,4302867,-0.46,14712090000,-54775.0,0.0,20241213
148930,3365,3515,3340,3495,9021,31131445,3.86,35562369435,1238510.0,,20241213
376270,14980,15070,14350,14500,74480,1084647480,-3.2,100949565500,-134840970.0,-1044820.0,20241213
044780,1091,1122,1091,1094,5813,6388711,-0.45,20245330978,-182592.0,,20241213
357230,2510,2560,2495,2530,62397,158107985,0.8,106486402110,28279020.0,-51083985.0,20241213
355690,5250,5440,5250,5350,7228,38424340,0.75,28916643000,-12133240.0,,20241213
071670,5140,5310,5100,5310,11682,61221520,2.31,53100000000,18647370.0,5260.0,20241213
045660,35700,38300,31000,37150,3811013,133636246950,9.43,306859000000,1597072550.0,71454950.0,20241213
224110,22600,23750,19900,22700,701686,15253037920,3.65,121218000000,1045073520.0,10118550.0,20241213
021080,2300,2470,2275,2305,1427387,3378906070,-0.65,110640000000,-957768285.0,,20241213
200470,2105,2230,2050,2190,170425,370431330,3.06,92772983670,20032625.0,147630.0,20241213
262260,5250,5410,5230,5380,34312,182644260,2.48,77838657760,35920550.0,-5380.0,20241213
397030,15910,16770,15670,16770,304054,4995250360,4.16,376244944920,-1030807990.0,1013284660.0,20241213
230240,14550,15950,14470,15680,414699,6371561910,6.81,208685120000,-638673350.0,1973958250.0,20241213
230360,9960,10270,9910,10200,34057,346304560,2.41,320973895800,117681250.0,-5560860.0,20241213
038870,3120,3210,3120,3200,52597,166732140,1.27,44847836800,56938650.0,3215.0,20241213
097780,827,853,824,852,51355,43300284,3.02,57706247976,1730332.0,59294.0,20241213
448280,16070,16950,16070,16400,27229,448903420,1.23,161983505200,94683610.0,-94591040.0,20241213
101360,24050,24900,23450,24800,202395,4914054200,3.12,441095627200,-735594300.0,1181524900.0,20241213
128540,1449,1481,1420,1467,120524,174195457,1.24,39154904820,57076433.0,,20241213
086520,71300,72600,70800,72200,750372,53853325100,1.12,9612588148000,4234587400.0,560406000.0,20241213
247540,134200,135000,131000,131000,488351,64636529600,-2.89,12811976064000,-2874510000.0,-18035228000.0,20241213
383310,34800,35300,34450,34850,48311,1687699750,-0.29,533376880200,219667500.0,-7250850.0,20241213
038110,2375,2440,2375,2430,131680,316912145,1.25,100041569100,54177400.0,1997045.0,20241213
073540,1280,1330,1280,1280,25639,33218983,0.0,14592000000,-1205120.0,,20241213
064850,8310,8330,8000,8100,31184,252583920,-3.8,92423689200,-118959090.0,,20241213
036810,15990,16150,15750,16100,76231,1219614640,1.64,350284302900,20875180.0,-123703190.0,20241213
173940,3050,3190,3040,3060,5124,15702550,-0.16,47101992480,-9185.0,,20241213
083500,7980,8400,7980,8400,35622,294484880,5.26,72036064800,3886650.0,-35154450.0,20241213
054940,709,728,690,727,73144,52308729,1.25,24117169396,642782.0,,20241213
950130,5390,5570,5390,5520,57051,313632180,1.28,208257632640,25912840.0,,20241213
373110,3895,5080,3895,4490,4012948,18811922910,13.81,49023894380,-421375150.0,-97590700.0,20241213
205100,1915,2040,1891,2010,1945620,3841784443,4.15,144646496310,451436825.0,181666632.0,20241213
356680,9300,9720,8450,8640,12284052,109155116890,-6.59,246615770880,-2665044100.0,-2492569220.0,20241213
070300,2990,3080,2950,3025,17199,51752510,1.17,25263644450,9668385.0,,20241213
317770,2560,2710,2560,2645,179202,473675165,1.93,62817710515,67254985.0,,20241213
373200,760,779,672,703,1516682,1094882715,0.86,53221076871,47000828.0,-145085.0,20241213
069920,991,994,935,979,70730,68698553,2.19,34455039564,7747387.0,,20241213
092870,9450,9800,9450,9710,102488,986001120,0.52,126723238870,169416920.0,24612720.0,20241213
317870,14920,14920,14550,14640,4106,60212580,-0.68,124538820000,-12250390.0,,20241213
067570,2380,2405,2370,2390,46610,111204565,0.0,100786300000,-19170950.0,8994875.0,20241213
236810,3190,3295,3150,3220,117216,375575580,-1.38,54660871720,44093845.0,-100103680.0,20241213
333620,7700,7950,7700,7860,5610,44001550,1.29,82972863840,-12750480.0,60.0,20241213
101400,401,405,401,405,34037,13749968,-0.25,25175777265,189965.0,,20241213
078860,7700,8180,7650,7990,21159,168480320,3.1,84143121460,2531110.0,-5441900.0,20241213
422040,2105,2115,2105,2105,95031,200210265,0.0,15071800000,6648105.0,24426335.0,20241213
437780,2080,2085,2075,2085,2185,4539705,0.48,10487550000,-33200.0,1000160.0,20241213
438580,2125,2125,2075,2110,50325,104814885,0.24,6372200000,-281965.0,95702345.0,20241213
439410,2070,2080,2070,2075,11768,24407955,0.0,18260000000,-258985.0,-6161065.0,20241213
440820,2060,2070,2060,2065,5510,11366490,0.24,16107000000,-929250.0,-1386550.0,20241213
451700,1985,1985,1973,1980,2985,5897759,-0.05,28413000000,-223590.0,-790127.0,20241213
466910,1960,1960,1954,1955,16199,31691301,-0.1,17790500000,-590515.0,1274205.0,20241213
481890,2005,2005,1986,2000,3824,7642160,-0.25,12690000000,-185708.0,6206489.0,20241213
265740,5580,5690,5210,5340,215990,1160502280,-6.15,47695812000,-64651740.0,,20241213
354200,2160,2260,2160,2260,82179,182525760,3.2,31048973840,-16167220.0,,20241213
455900,22650,23100,22450,22750,77597,1768690650,0.22,340007417750,-44818700.0,-19259100.0,20241213
419080,8470,9000,8460,8730,30677,268044740,2.11,91820542410,8426810.0,-43317590.0,20241213
208860,0,0,0,2205,0,0,0.0,67316270805,,,20241213
183490,1300,1362,1299,1345,204322,274123943,3.54,114413180890,10495028.0,-2745514.0,20241213
182400,0,0,0,2020,0,0,0.0,172748038620,,,20241213
348370,148000,148000,133500,136200,919038,125353032202,-8.53,2831178912600,-29892300300.0,-9196558498.0,20241213
069410,3705,3740,3615,3665,24477,89275925,-0.27,37547279960,6169710.0,-24658075.0,20241213
227950,451,455,435,450,495885,220005066,-0.22,46608988500,23529945.0,-4193526.0,20241213
291230,2350,2350,2050,2100,3364169,7381632765,0.72,92601127500,-984700245.0,,20241213
198080,2495,2540,2470,2520,26842,66913575,0.0,54268666200,1056835.0,,20241213
048830,1041,1052,1040,1049,18918,19778745,0.77,19641395227,-210857.0,,20241213
096870,2525,2590,2490,2490,13827,35157255,-1.39,16629216000,-1190575.0,,20241213
290650,19160,20150,19160,19800,222517,4371537960,4.32,449160841800,489593690.0,-562345000.0,20241213
156100,7000,7070,6900,7000,20823,145394380,-0.28,139557201000,-45585730.0,20905180.0,20241213
073110,6150,6230,6070,6220,703,4354720,1.14,55331596100,542240.0,-49440.0,20241213
083310,8300,8550,8300,8480,78132,662815970,1.19,151029079840,217339120.0,-59911330.0,20241213
037950,1035,1056,1030,1053,214351,224738047,1.06,88923237507,109467887.0,,20241213
170920,8070,8140,7940,8120,36398,292948670,0.62,79621634400,14659370.0,,20241213
058630,5650,5850,5570,5770,296553,1706557690,2.12,112768170290,98246720.0,116518390.0,20241213
058970,66000,70500,65900,68100,238294,16432041300,3.97,827810661000,83357500.0,-417371600.0,20241213
019590,0,0,0,921,0,0,0.0,104963185182,,,20241213
169330,1989,2045,1988,1991,5746,11515210,0.3,36349523738,-358006.0,,20241213
373170,7110,7110,6890,7070,2757,19259180,1.58,35618165100,278470.0,,20241213
179290,8310,8390,8100,8210,155992,1283596380,-1.2,265722216380,-255508720.0,273294840.0,20241213
009780,5490,5600,5480,5590,45497,251967970,1.08,98384000000,68075000.0,-47720.0,20241213
123040,2585,2670,2585,2665,79854,210157335,2.11,184343947645,18029750.0,208385.0,20241213
323230,0,0,0,161,0,0,0.0,6967193212,,,20241213
413390,6800,6910,6800,6890,79830,546796970,0.0,79787440200,-12149110.0,-6850.0,20241213
032790,999,1024,979,1020,63889,64021822,2.1,44255987460,9833480.0,,20241213
033160,6300,6470,6300,6450,28431,182192770,1.42,142327834950,4566590.0,644890.0,20241213
347890,5240,5370,5240,5350,11620,61760760,1.13,90485641400,-4637990.0,10642410.0,20241213
033310,1745,1779,1745,1766,36782,65073134,1.2,71244379946,3677451.0,,20241213
259630,7780,8130,7730,8050,35862,287558020,1.0,98873336100,-17644850.0,462170.0,20241213
105550,2795,2845,2660,2835,370886,1026553675,2.9,162098473320,41857825.0,,20241213
060850,5820,5970,5810,5880,11766,69234760,0.0,47810280000,-12056610.0,,20241213
143540,650,653,631,650,10910,7040804,0.62,28989931750,-639305.0,,20241213
036560,13710,13980,13490,13760,68506,936391450,-1.57,216720000000,-8877910.0,-10.0,20241213
265560,6990,7040,6930,7040,8202,57776470,0.57,75258867200,-2677140.0,10.0,20241213
036000,1976,2045,1976,2040,212600,428753046,1.75,46989925080,94826065.0,,20241213
250930,516,554,445,455,2655873,1245447281,-7.33,15015200200,28918103.0,,20241213
053280,5060,5350,5000,5100,1234290,6393054410,1.59,127500000000,-9029340.0,714400.0,20241213
122640,8700,8740,8560,8710,79962,692405970,0.11,182301240680,-44688070.0,-19563020.0,20241213
900300,520,530,518,529,308580,161443609,0.38,25820089018,-6680644.0,,20241213
045060,2555,2580,2535,2540,11763,30047240,-0.59,43032613960,1925565.0,,20241213
080520,3050,3070,3030,3060,10748,32738335,0.33,35944623540,-820635.0,12165015.0,20241213
039830,6290,6300,6190,6250,5484,34118270,0.64,67268062500,-2126210.0,,20241213
322310,16930,17040,16520,16760,65194,1092413000,-0.89,156983243920,-223248180.0,79437690.0,20241213
046120,1932,1939,1917,1935,56633,109200000,0.31,53114755410,23017196.0,3.0,20241213
014940,4865,4935,4710,4930,997690,4820221980,2.39,224678148730,348774030.0,73608455.0,20241213
065500,6260,7070,6020,6700,29312998,193869364020,23.16,212677510400,-476552090.0,,20241213
010470,7480,7940,7170,7710,227920,1732673410,3.07,92327635500,108149760.0,-120.0,20241213
417860,8270,8540,7810,8430,9026,75510220,0.84,37350076020,4942930.0,,20241213
352910,6060,6210,6000,6190,6630,40729620,3.69,78227994380,-3165770.0,,20241213
053980,3395,3510,3395,3445,36312,125866590,0.44,65395687435,32081280.0,,20241213
036220,11740,11960,11410,11850,19272,226069250,2.33,171699579600,83422650.0,-12140.0,20241213
052420,1443,1484,1443,1477,1870566,2746247154,2.71,127487538584,516845865.0,175816316.0,20241213
039200,22850,23650,22650,23300,178468,4148518000,1.75,891170850800,-1134298550.0,1180265650.0,20241213
226400,5740,5800,5570,5730,315468,1795075680,-0.52,118390973730,190426480.0,-15190000.0,20241213
031510,1301,1319,1295,1312,14490,18894240,0.85,36736000000,-19515.0,,20241213
368970,2780,2920,2780,2900,13620,39267960,1.05,27103864000,1401355.0,,20241213
138080,9750,9910,9740,9900,12664,124105360,0.81,105178540500,27768520.0,-66579940.0,20241213
080580,4245,4400,4245,4360,48807,210835985,1.75,77081739280,23537025.0,1689140.0,20241213
067170,3180,3260,3110,3190,29562,93802390,0.31,49099219950,-29764305.0,,20241213
353590,4075,4190,4035,4175,18513,76626735,2.08,53755504750,21483375.0,5.0,20241213
173130,8860,9250,8170,8960,2151366,18881726610,1.13,116896398080,1384088990.0,16959000.0,20241213
440320,6590,7900,6360,7070,4075920,30034102090,7.12,69321350000,-83020680.0,,20241213
049480,2645,2700,2600,2675,1369249,3618898545,-1.29,84054874525,40443675.0,266309775.0,20241213
394280,10700,12500,10630,12490,834902,10098823270,16.4,273203224930,649147240.0,571976670.0,20241213
309930,2470,2515,2410,2475,43417,108124160,0.81,52695200250,589910.0,,20241213
244460,6160,6240,5890,6010,31244,189082510,-4.6,24214728730,-13131250.0,,20241213
226950,24800,25400,23050,24450,461754,11290525350,-2.98,421474552350,-765666150.0,1467500000.0,20241213
057540,806,838,788,834,696036,568977767,3.99,51248762070,12748242.0,-1263786.0,20241213
131030,5390,5490,5360,5470,23849,129907770,1.48,88357796140,4945790.0,,20241213
082210,1660,1722,1649,1694,26095,44104614,2.05,56227851064,-3860667.0,,20241213
109080,7440,7590,7370,7380,13929,103689510,-1.2,41593680000,3865540.0,-201470.0,20241213
380540,1270,1371,1270,1350,252997,334789470,4.57,40202454600,7787388.0,,20241213
153710,4725,4820,4650,4820,10439,49702170,1.9,70709197560,-951215.0,,20241213
432430,4330,4425,4225,4300,116259,500578230,-1.6,70693376000,97678170.0,-163481235.0,20241213
338840,7760,8270,7720,8190,103113,834000360,4.6,121068806040,-75188650.0,,20241213
122990,5480,5570,5400,5540,20646,113693850,1.65,153300292820,-2523100.0,5740860.0,20241213
232140,9620,10500,9500,10200,1989735,20071329950,4.51,836862570000,-779097910.0,4400011730.0,20241213
112290,12360,12640,12360,12570,32856,411975630,0.08,127089550650,26305840.0,-62809680.0,20241213
065530,1290,1314,1283,1314,58633,76014596,2.42,69458040000,5363976.0,,20241213
067900,6060,6120,6050,6080,13009,79205240,0.33,110653926720,16079090.0,6130.0,20241213
007530,2220,2290,2160,2180,9320,20722300,0.0,41800305360,-2068405.0,,20241213
155650,3210,3340,3210,3320,36965,121002400,1.22,64654868560,-5087470.0,1210.0,20241213
273640,11180,11350,11130,11310,8238,92337040,0.53,124025460000,5858740.0,18827750.0,20241213
251370,11300,11490,11080,11090,71774,807790950,-0.81,180927405760,-298167580.0,395399300.0,20241213
066430,514,530,509,513,120703,62248970,1.18,20085733188,471303.0,,20241213
209640,12760,12990,12410,12880,576407,7346126780,1.26,183173860240,-158344590.0,0.0,20241213
273060,798,823,798,817,116676,94882697,2.38,41225478494,11853249.0,,20241213
019210,5160,5220,5120,5210,34023,176156270,0.97,174919596990,24698460.0,12002110.0,20241213
122870,45850,48900,43500,48250,385884,18492323600,6.04,901843114250,1298383500.0,5502456150.0,20241213
332570,2380,2455,2305,2450,182812,432787320,2.08,103472932500,-79326765.0,-59334020.0,20241213
079000,5510,5730,5460,5620,29434,164035920,2.0,40464000000,649190.0,,20241213
403490,1535,1570,1528,1564,122294,189259182,2.36,70712293696,42266435.0,,20241213
032820,1735,1740,1700,1715,2837900,4862801992,-1.44,272443267320,-545716437.0,54243735.0,20241213
041190,8240,8240,8020,8130,1518871,12346291910,-1.69,682920000000,-852435010.0,-81885250.0,20241213
115440,7000,7230,6890,7000,269176,1874795440,-1.69,75279673000,98011610.0,8021620.0,20241213
046970,1445,1449,1349,1361,3605610,5001583034,-9.02,59645823639,-107956853.0,,20241213
082850,2785,2850,2765,2830,700500,1970081965,1.62,137132115740,-48673715.0,-442960.0,20241213
215360,9820,9950,9720,9850,14097,138414820,0.2,89951805550,16795300.0,-2437060.0,20241213
072470,2395,2420,2350,2420,12691,30147220,0.83,45707365220,-3207505.0,,20241213
073560,1288,1330,1281,1330,117969,153615690,3.26,92086065190,33922820.0,-319924.0,20241213
037400,1085,1104,1080,1096,39228,42765172,1.01,28740787216,177152.0,607215.0,20241213
153490,674,686,674,684,34680,23575546,1.48,35212320000,3739498.0,,20241213
101170,4710,4815,4665,4800,42840,204357235,0.84,64800000000,7153650.0,15.0,20241213
066590,3010,3025,2995,3015,54736,165031065,0.17,117805408560,35676610.0,,20241213
103840,3210,3230,3125,3230,82658,264008835,2.38,52863562440,73827005.0,,20241213
046940,2410,2625,2405,2625,427249,1082299295,8.25,47445168750,242285110.0,,20241213
215380,1685,1710,1653,1667,56276,94826868,-1.07,26471253192,1543518.0,,20241213
065680,13450,13500,13200,13450,3620,48392150,0.0,128178500000,-13355870.0,-7584100.0,20241213
018620,886,909,886,906,36074,32394892,1.23,26173699458,1501188.0,,20241213
457550,14520,14630,14280,14360,87984,1269863030,-1.98,133136428040,-229543480.0,,20241213
396470,7400,7630,7350,7590,205768,1544519340,1.2,122350800000,133370390.0,7443840.0,20241213
307280,1155,1169,1106,1165,47943,55003373,2.19,43057250145,519914.0,,20241213
032940,3355,3415,3320,3385,92980,314561870,0.45,61584083550,65475950.0,,20241213
240810,23050,23100,22250,22400,164854,3716764100,-1.32,1099479382400,365120500.0,-1438815900.0,20241213
074600,18350,18600,18180,18440,119675,2205718340,1.21,484750720000,-131325950.0,1419660.0,20241213
104830,18530,18850,18160,18280,74591,1380811730,-1.51,230474240000,66019440.0,-110726110.0,20241213
014190,1450,1482,1433,1469,250843,366236704,1.24,52002461914,-3947946.0,-146868.0,20241213
217820,2290,2445,2290,2435,123475,295267935,4.28,115551851165,71608995.0,-2776950.0,20241213
030530,2355,2415,2340,2395,308225,734953645,1.7,184984964495,99057505.0,1030055.0,20241213
012620,7120,7250,7120,7250,2518,18141290,1.83,31900000000,-273060.0,-8711060.0,20241213
382840,9880,10060,9780,10000,46317,460352190,1.01,152715810000,-82833960.0,8880540.0,20241213
336570,4370,4835,4370,4820,1235970,5745278700,10.3,430621783580,-107413505.0,589318855.0,20241213
376980,6730,7200,6420,6620,291555,1971000760,-0.75,64578060280,-38608040.0,-1644100.0,20241213
008370,4200,4215,4000,4150,41224,169139395,-0.36,49800000000,11898865.0,1259275.0,20241213
008290,461,484,450,482,79709,37228102,-0.41,19614353278,145311.0,,20241213
101160,16200,16550,16200,16480,45836,752348070,0.61,272101164640,-42318860.0,-100328580.0,20241213
336060,1235,1290,1210,1290,679830,853930044,3.2,62120208000,128864227.0,,20241213
095270,3695,3795,3690,3730,11589,42937130,0.95,55842784880,-4881905.0,,20241213
289930,7570,7570,7390,7430,157620,1174468760,-2.49,92537625990,-73134840.0,26642640.0,20241213
065950,2025,2100,2015,2065,68591,142089495,0.73,58297638630,41020835.0,,20241213
076080,1009,1024,1005,1020,18003,18236279,0.0,23046039120,-5676278.0,,20241213
043590,605,620,576,594,89152,52934388,-1.82,16119236628,-1202044.0,,20241213
196700,1131,1138,1121,1130,18329,20714698,-0.09,16231482720,-2013796.0,,20241213
069080,15160,16000,15080,15890,190359,2994257170,5.65,555369546760,1244852590.0,-821691710.0,20241213
053580,10390,12380,9370,10980,4150291,46745690740,9.58,149726003040,186353010.0,-55777160.0,20241213
071460,0,0,0,613,0,0,0.0,22047951835,,,20241213
377460,0,0,0,1691,0,0,0.0,26030247855,,,20241213
044340,4870,4900,4785,4900,5112,24871060,1.14,87579782500,4116640.0,15735.0,20241213
330350,6420,6820,6300,6790,40973,268255720,7.1,89642523810,-39390570.0,0.0,20241213
348350,7540,7750,7490,7660,48255,367512010,0.92,78006376000,19875210.0,,20241213
112040,41650,42500,40600,40900,256033,10602209600,-1.68,1388492954700,-1142687350.0,-62245350.0,20241213
101730,8450,8940,8450,8640,94421,824413410,0.12,287671322880,40171780.0,-2991860.0,20241213
123420,7310,7750,7310,7480,64771,485309260,0.94,85794418160,243398320.0,-60380370.0,20241213
065370,8390,9580,7260,7630,4636355,39640826930,0.0,56339569020,-492496290.0,-2165750.0,20241213
038620,811,959,783,887,9157811,8129690012,5.97,59026714455,1873678.0,-5553632.0,20241213
299900,1762,1790,1702,1790,3541173,6190286650,2.93,306177502360,-119715190.0,228307856.0,20241213
036090,779,779,756,772,964104,739270363,-1.03,91398843248,-52441988.0,-19961193.0,20241213
459100,13640,13780,12820,12890,1680350,22332853330,-7.99,160042240000,-581233270.0,,20241213
136540,12800,13130,12690,12850,28480,366635210,0.47,157794736100,102364180.0,-35190340.0,20241213
097800,660,700,660,695,750474,513825823,2.96,80932909155,16317133.0,,20241213
192390,4780,4780,4365,4545,678925,3057085805,-5.9,50141480805,67816755.0,,20241213
335870,1242,1277,1242,1246,15838,19768988,0.32,20785051812,9486772.0,,20241213
900340,1838,1883,1787,1844,855207,1567938384,0.05,92243201232,-199147309.0,,20241213
036200,5920,5960,5840,5940,103239,610166270,0.17,182145484620,113981600.0,-207223280.0,20241213
018000,815,935,800,893,6810444,5974393414,11.07,150373666652,234027509.0,1137627.0,20241213
203450,2845,2845,2720,2840,25768,72531665,-0.18,39984379880,-2765800.0,,20241213
011320,3450,3585,3440,3585,108085,380116525,3.61,69264691575,123332670.0,49310.0,20241213
086390,8600,8810,8500,8690,55698,485293850,-0.34,183655554940,-45529120.0,-19540750.0,20241213
241690,2925,3020,2925,2995,56116,166847095,1.53,73289764470,-19913445.0,-2159615.0,20241213
142210,4690,4770,4625,4730,62228,291923890,2.05,91034015160,-1226400.0,-236000.0,20241213
389680,949,956,925,943,855446,803330453,0.43,37732069457,-82481108.0,,20241213
088340,11110,12140,11080,11270,494320,5782816680,-0.53,48799866360,-286997170.0,931670.0,20241213
048430,7110,7730,7000,7500,557529,4143994700,3.88,86400000000,279334090.0,7502490.0,20241213
206650,12290,13150,12250,12900,335189,4278860870,4.62,471292560300,595039310.0,-78027370.0,20241213
089850,6310,6470,6310,6430,22441,143361160,0.0,94715179570,-22204590.0,4783020.0,20241213
084440,923,1015,920,979,346008,337058703,5.27,19298831200,1521934.0,,20241213
032620,3610,3660,3595,3630,218557,793608665,0.28,189475614570,275134460.0,5030690.0,20241213
264450,7650,7870,7650,7870,13128,101993090,2.21,117407674210,33711610.0,8191300.0,20241213
078070,9630,9670,9600,9640,4307,41482950,0.1,174972748000,3267660.0,30.0,20241213
024800,1896,1926,1891,1926,5733,10938161,1.58,71361789912,337374.0,,20241213
054930,23750,24750,23750,24550,34643,838710500,3.59,73650000000,120848000.0,0.0,20241213
069330,1284,1323,1265,1313,83409,109076702,2.26,18632902483,-4060539.0,,20241213
049520,5100,5200,5060,5120,28835,147759990,0.39,111538872320,-3192020.0,216370.0,20241213
435380,2075,2075,2070,2070,2487,5153105,0.0,11861100000,-49680.0,0.0,20241213
444920,1986,2000,1985,1999,4132,8209871,-0.05,10474760000,-119442.0,-774268.0,20241213
446150,2025,2025,2020,2020,8178,16525835,0.0,9635400000,8120.0,11460920.0,20241213
449020,2010,2015,2005,2005,6590,13214485,0.0,19508650000,-152380.0,-9339295.0,20241213
450940,2010,2080,2010,2020,13184,26779575,-0.74,9170800000,497065.0,20675090.0,20241213
473050,1974,1974,1945,1947,9645,18880133,-0.92,13648470000,908340.0,-2576020.0,20241213
474490,1999,1999,1950,1965,19358,37809196,0.2,10827150000,-141056.0,-17709932.0,20241213
430700,2080,2090,2075,2090,11869,24647735,0.48,10951600000,-47910.0,0.0,20241213
263770,1872,1930,1872,1930,9378,17919228,1.47,45741331960,-3256780.0,,20241213
388720,26450,28050,25900,27600,74944,2038038750,6.15,316114778400,-301324800.0,182879800.0,20241213
340930,1326,1475,1311,1447,172661,242143399,9.7,49493839150,34618332.0,,20241213
023410,3325,3375,3315,3375,97948,327760120,1.5,260924162625,-20817965.0,-7413685.0,20241213
056080,6010,6200,5970,6100,203294,1237414390,1.5,228824127200,-71236570.0,198707460.0,20241213
468760,2040,2090,2040,2085,11556,23743020,0.48,8840400000,-1909210.0,14155920.0,20241213
488060,1999,1999,1995,1999,19749,39431454,-0.05,9435280000,-389051.0,29913105.0,20241213
442130,2115,2115,2095,2105,1359,2852760,0.48,7283300000,29545.0,615930.0,20241213
084370,34050,35150,33750,33900,168810,5800111000,-0.15,776853823800,116725900.0,-525307800.0,20241213
240600,4940,5040,4845,5000,18696,93216895,1.11,34640755000,19120505.0,,20241213
221800,2650,2760,2650,2700,36314,97433690,1.5,30475429200,14425535.0,-135325.0,20241213
179900,21650,21700,21100,21600,38804,830563000,0.93,351796932000,14388650.0,-115057200.0,20241213
263050,1989,2040,1951,2025,90058,181008286,0.75,74517687450,69305730.0,,20241213
191410,1479,1494,1479,1493,8954,13264698,0.95,16727952715,27533.0,,20241213
372170,38600,40000,38350,38900,33987,1329266550,0.78,310384967200,77100000.0,266566800.0,20241213
146060,1072,1110,1065,1106,90512,98830562,3.17,26561248070,15750896.0,,20241213
072770,1355,1389,1288,1297,504979,661521874,-4.28,91099002468,-132117635.0,,20241213
039020,4295,4430,4255,4385,254471,1103891150,1.27,99033948965,-48831255.0,36180.0,20241213
067920,5100,5150,5050,5140,16208,82922690,0.78,56520051660,12151360.0,-17900460.0,20241213
044960,4575,4635,4570,4625,53432,246247570,0.43,58468708875,46190880.0,4615.0,20241213
303530,6770,7800,6730,7100,382749,2835748510,4.72,52109022900,-74104060.0,-100.0,20241213
296640,6830,7200,6640,6910,125619,863605450,0.44,35781721320,9355760.0,42448660.0,20241213
302430,7460,7850,7460,7740,9457,72723260,1.57,76109029920,20890740.0,7792690.0,20241213
462350,17650,18650,17150,18620,132112,2363823280,5.38,174575422280,60407840.0,84019910.0,20241213
274400,4105,4315,4100,4190,24483,102748345,3.2,32765070940,4126890.0,-88595.0,20241213
073490,19650,20400,19550,20050,44893,901660660,1.78,152457112300,88239790.0,-1897020.0,20241213
215790,465,490,465,471,229227,109978311,0.21,18973363179,-3903723.0,,20241213
344860,1564,1604,1522,1555,35605,55393909,-0.58,18706650000,-133771.0,,20241213
088390,7680,7750,7510,7750,5894,44967760,3.06,72740291000,-1564880.0,0.0,20241213
272290,20600,20950,20300,20550,108672,2242888400,1.23,415678371900,92839650.0,-279839900.0,20241213
053350,3760,3910,3670,3755,11574,43078570,-0.27,74314889580,-898905.0,,20241213
452400,9130,9500,9130,9500,10898,101628670,2.81,86178566000,20582920.0,,20241213
264850,4170,4245,4155,4220,141121,593654420,0.6,127843262640,-29247280.0,,20241213
054210,4730,5040,4730,4975,112440,554366890,4.08,125823769750,26418190.0,-25445410.0,20241213
009730,1011,1026,998,1012,804413,816592367,0.0,56298806784,102766453.0,,20241213
065440,1505,1558,1492,1557,341226,522305692,4.5,42467206140,126599811.0,,20241213
115610,2865,3000,2630,2815,675731,1890378400,-7.7,45756516025,-365195610.0,-69124495.0,20241213
478110,1991,1999,1982,1999,5949,11799540,0.4,10034980000,-240.0,,20241213
131400,1890,1949,1883,1925,227758,435603542,1.21,114710522850,40802361.0,,20241213
351330,6240,6360,6160,6330,32786,205001590,-0.16,52466331600,43160110.0,,20241213
080010,5220,5240,5140,5190,5683,29480100,-0.76,51044018490,-273440.0,-62400.0,20241213
086890,4480,4760,4480,4700,92181,432183380,2.96,168740805300,83309020.0,-79257360.0,20241213
047560,26650,29300,26450,28300,5847663,165765266950,7.2,328392973600,1913886550.0,2483364350.0,20241213
900110,65,71,64,69,16028200,1096047057,6.15,29803311450,209337834.0,,20241213
239340,2220,2310,2155,2290,547465,1233337385,6.76,61783361860,-687515.0,,20241213
067010,2935,2990,2920,2960,11273,33155650,0.34,36390240000,1491090.0,,20241213
418620,7970,8690,7920,7940,67429,547219840,-0.5,76624787380,-13324170.0,,20241213
456070,14920,15530,14730,15310,716355,10904024590,2.34,163796744870,752891920.0,67518280.0,20241213
102710,17110,17110,16810,16860,40814,692069530,-0.47,240892914960,-257212750.0,120263270.0,20241213
041520,4930,5000,4745,4915,4471,22066805,2.72,59907607950,-1747330.0,,20241213
063760,2055,2140,1998,2135,97284,201046532,4.4,19909152550,5744215.0,,20241213
123570,2400,2400,2350,2355,26049,61617555,-1.88,52460163690,4962400.0,,20241213
083470,1265,1328,1231,1322,95185,124451354,7.48,28211914938,2133255.0,,20241213
095190,1714,1777,1714,1770,85220,149745434,2.97,80215996440,28449825.0,-4880925.0,20241213
091120,25650,25700,24800,25100,113585,2859865100,-2.71,430036693600,-114350050.0,-153884650.0,20241213
039030,135600,136700,129800,130500,143575,18919820600,-4.54,1607701275000,-3434390900.0,-3828109600.0,20241213
294090,3995,4300,3610,3900,5872062,23043963485,-3.47,118699070100,-80059795.0,540743210.0,20241213
088290,931,975,920,966,80443,76688452,3.76,30266392254,3132994.0,,20241213
353810,4305,4355,4245,4325,124457,537183650,0.58,147879189000,83755760.0,11052550.0,20241213
099750,17980,18250,17530,17950,11834,212140090,-0.39,122684229200,-29681460.0,,20241213
377330,4600,4640,4400,4590,7451,33914900,0.0,37362388860,4243575.0,10.0,20241213
035810,2860,2905,2860,2900,40046,115578800,0.69,188922950500,20844185.0,-2353340.0,20241213
160600,0,0,0,3100,0,0,0.0,163573177100,,,20241213
092130,13370,13370,13300,13350,5292,70572600,-0.15,160782060000,10201330.0,-591000.0,20241213
096040,0,0,0,271,0,0,0.0,245561580945,,,20241213
134060,4100,4185,4085,4180,2813,11575735,2.83,19935465000,85900.0,-1059565.0,20241213
001840,3095,3375,2955,3330,1762407,5627663080,7.77,65953180800,115877550.0,3065.0,20241213
024810,0,0,0,899,0,0,0.0,196834827360,,,20241213
041830,22350,23100,22350,23100,18940,431648400,2.9,316095364200,99311900.0,41646900.0,20241213
352940,2130,2145,2095,2125,19906,42422305,-0.23,23093926250,-174715.0,-273365.0,20241213
079950,741,810,741,774,189046,145982096,4.88,17956800000,-20091122.0,,20241213
389470,13530,13690,13360,13450,208364,2810528990,-3.79,134931395300,-208963930.0,-2377810.0,20241213
277410,1290,1322,1290,1301,50103,65495618,-0.38,49902182489,-1821174.0,,20241213
060150,4910,5180,4910,5160,123405,628538950,4.98,240268237920,56101020.0,-6663855.0,20241213
033230,1875,1926,1875,1913,316914,602411313,1.0,96635921940,121903998.0,,20241213
450520,3720,4500,3700,4160,6330041,26999108175,13.04,61171044480,-261708110.0,20445.0,20241213
465480,8100,8310,7850,8180,212926,1725609310,0.86,82926974960,-58132830.0,,20241213
037330,1372,1409,1372,1409,18125,25328162,2.03,61834280616,-82999.0,,20241213
100030,17120,17550,17120,17420,4442,76979200,1.87,57202297880,33280950.0,2662440.0,20241213
211050,6130,6160,5960,6150,87782,531956420,0.33,315985770000,61013990.0,60927240.0,20241213
083640,272,279,272,277,88322,24330067,1.84,21528537227,-2918919.0,,20241213
064090,3335,3475,3335,3375,30349,102459515,0.45,167881764375,11212925.0,,20241213
216050,7430,7430,7300,7390,18181,133847030,-0.14,94911410580,37449460.0,8179230.0,20241213
049070,16890,17150,16780,17030,40958,695669200,1.67,292916000000,180835310.0,-43260610.0,20241213
119610,0,0,0,24900,0,0,0.0,329090302200,,,20241213
017250,981,995,981,994,28387,28048288,1.12,20919194198,-364411.0,-1262626.0,20241213
051370,8650,8870,8600,8870,52278,459108950,2.54,206914676640,35399960.0,-48807270.0,20241213
064290,9280,9720,9280,9330,72036,684376260,-0.74,120020765460,51881910.0,-91206820.0,20241213
189300,38350,38450,37500,37850,52687,1998533850,0.0,406256691900,136401400.0,-97473100.0,20241213
150840,0,0,0,5850,0,0,0.0,251537720850,,,20241213
048530,5690,5880,5520,5850,223746,1284660920,5.22,199781957700,91668040.0,316678290.0,20241213
115310,19900,19900,19540,19710,1806,35564800,-0.2,62931723930,3393990.0,5879100.0,20241213
039290,6830,7130,6630,6960,162255,1126017320,4.98,60510086880,-48716570.0,-120.0,20241213
071200,4260,4440,4260,4300,30611,132817325,0.94,104904769400,-25502900.0,78350.0,20241213
101930,30000,30850,28750,30650,44899,1342786900,3.37,294722216450,118652250.0,89459250.0,20241213
333430,3820,4060,3700,3885,1419619,5517617770,1.97,119373412095,-387563480.0,,20241213
068330,1050,1076,1041,1069,70205,74693420,1.81,47267053660,2637891.0,0.0,20241213
178780,0,0,0,8650,0,0,0.0,145788786750,,,20241213
019540,3685,3750,3640,3725,13518,50126670,1.09,50337787500,-9087470.0,2602465.0,20241213
094820,7840,7990,7770,7870,80910,637636240,-0.88,118669439830,-179498420.0,108244070.0,20241213
950140,6980,7260,6950,7170,269690,1909606400,2.43,142452599220,-280069280.0,127211430.0,20241213
049550,3640,3690,3605,3635,2678,9756260,-0.14,71268816895,284750.0,,20241213
389020,37200,37550,36050,36750,232374,8574288700,1.52,227766577500,-534345350.0,-49123100.0,20241213
254120,1300,1333,1299,1333,59199,78204696,1.6,40995441910,8170709.0,,20241213
043910,583,625,583,620,821268,497873157,4.91,70302703340,96838173.0,,20241213
234920,4990,5080,4920,5080,87771,437284960,1.8,68737022800,17738975.0,,20241213
289220,7090,7300,6180,6250,912748,6060418840,4.69,138260906250,-396639710.0,108508740.0,20241213
174880,0,0,0,2650,0,0,0.0,11610352250,,,20241213
049630,651,715,651,705,1239627,853386247,8.13,58986297435,110345683.0,-90258.0,20241213
417840,5960,6490,5960,6370,61963,386842240,6.88,46177244750,80537230.0,-37021910.0,20241213
110020,2480,2510,2440,2455,12914,31744075,-1.01,22239260710,-2938075.0,-61545.0,20241213
208140,2870,2925,2855,2920,289232,837226315,1.92,95437998320,92506455.0,111115.0,20241213
040420,6570,6590,6540,6590,13732,90231710,0.3,103315067680,8710850.0,-3288550.0,20241213
045510,724,732,720,731,10010,7276019,1.39,23544992452,12191.0,,20241213
217190,6730,6950,6650,6860,12822,87931270,1.03,60156533640,-14887800.0,378760.0,20241213
095700,5540,5840,5450,5710,189578,1077788990,3.82,260036220740,-18212370.0,69663600.0,20241213
072520,0,0,0,389,0,0,0.0,28849482466,,,20241213
122310,5600,5620,5550,5620,9396,52496910,0.36,81792603280,6751150.0,-9711440.0,20241213
361390,13940,14220,13750,14220,30966,433451420,2.01,106661219580,-10219790.0,610830.0,20241213
187420,4310,4370,4075,4175,316630,1335150625,-0.48,100982457625,-66219945.0,-289126210.0,20241213
225220,2220,2345,2200,2310,50916,116185900,3.82,44328948510,-6420685.0,,20241213
123330,19340,20150,19120,19880,115974,2266663880,2.79,158417358400,67631200.0,97357560.0,20241213
381620,24100,24450,23850,24150,20664,497954700,-1.23,105599256000,-23886000.0,-12889700.0,20241213
159580,5900,6140,5720,6060,524043,3117857640,3.77,121397774160,-225738490.0,16873590.0,20241213
147830,5300,5500,5250,5390,165471,885420640,1.13,107800000000,-122555650.0,,20241213
033100,43900,45350,43650,44350,250109,11173206450,1.03,712367839150,598922150.0,-915767900.0,20241213
079370,11250,11470,11150,11470,157730,1787502820,1.24,355764875300,205400730.0,-389170760.0,20241213
054950,18910,19100,18800,18920,48675,922138050,-0.68,228740756640,67966520.0,-293076160.0,20241213
023440,1780,1880,1710,1868,732818,1300476779,6.8,115066743332,213267058.0,-521078661.0,20241213
090470,5290,5430,5070,5310,46141,243469150,-0.56,92800714140,-60015340.0,,20241213
137950,3785,3860,3735,3855,30437,115865470,3.21,85842422970,23012865.0,0.0,20241213
033320,5630,5670,5480,5550,1512758,8513944800,-1.25,106085097600,-228695310.0,10.0,20241213
417500,3000,3070,2960,2990,97260,294037665,-0.33,98026384560,-42762845.0,66048020.0,20241213
204270,19690,19690,19040,19180,296706,5724956480,-2.69,1109533577880,-1375223500.0,44308250.0,20241213
026040,2975,2975,2460,2605,1888492,5115236365,10.38,42992372950,-6227525.0,,20241213
452160,4445,4535,4320,4485,10471,46599910,0.9,43134608595,4814275.0,,20241213
126880,3235,3290,3195,3255,29961,96801470,1.88,75531959265,-1043835.0,-2681215.0,20241213
322510,8120,8320,7980,8160,543456,4438146220,3.42,208315758720,-528647690.0,859303170.0,20241213
033050,806,821,801,821,39297,31622349,1.86,26747639782,-388795.0,,20241213
094970,2800,2820,2750,2810,61867,172518710,0.36,47062554400,68119155.0,,20241213
418550,14370,15800,14370,15800,381357,5798853320,10.88,505879233400,672078040.0,1181411250.0,20241213
420570,9410,9570,9260,9500,13210,124635050,0.0,54461666500,45528970.0,0.0,20241213
089790,3645,3770,3540,3690,52860,193781225,1.37,38064242970,5698680.0,18396595.0,20241213
052670,0,0,0,2080,0,0,0.0,60588453120,,,20241213
412540,6730,6900,6650,6900,104156,707545400,2.99,142144588500,230692030.0,-204273260.0,20241213
199820,8400,8550,8240,8520,275284,2327873190,0.71,189314400000,-63135970.0,56080.0,20241213
038010,5940,6010,5800,6010,22177,131528530,1.18,54090000000,13317750.0,59210.0,20241213
276730,2835,3145,2830,3025,133765,405268750,5.77,35956980125,65133765.0,,20241213
080220,8960,9250,8830,9170,448790,4079807310,3.15,315840778610,156999130.0,12490910.0,20241213
216080,16640,16780,16290,16370,101329,1674064740,-1.33,292896279830,199338190.0,514637840.0,20241213
229000,1356,1410,1356,1410,101351,140106017,1.95,21494047050,31058201.0,-31838510.0,20241213
082270,15000,15150,14370,14370,351341,5158893150,-3.04,574716280380,-486035070.0,-242427100.0,20241213
044060,0,0,0,732,0,0,0.0,70075958688,,,20241213
034940,862,879,862,871,44940,39160921,0.11,26983429317,13298.0,,20241213
067000,1658,1794,1647,1756,500847,878908651,5.53,122750451176,37993328.0,5702930.0,20241213
033340,690,778,678,726,6176478,4442623343,8.36,70386105108,23315393.0,-115861369.0,20241213
036930,29800,30600,29600,30200,2066143,62359574050,1.85,1427503294200,-893237400.0,2607623150.0,20241213
072020,9600,9850,9600,9850,9811,95713920,1.34,95138066950,-4024050.0,-28730.0,20241213
000440,16770,16850,16540,16790,15202,253903120,0.0,104553512700,37100190.0,-160.0,20241213
051980,8420,8480,7960,8280,964477,7855725510,-2.47,827677104840,-1046323870.0,388811530.0,20241213
228760,22750,23100,21950,22800,780143,17567227450,0.44,555461192400,-374187950.0,-277622250.0,20241213
314130,2780,2865,2740,2855,172786,487505295,3.25,88460327815,8102635.0,46963090.0,20241213
389030,1503,1516,1414,1511,237710,349710325,0.53,50394637795,-26916527.0,8235886.0,20241213
043610,2080,2155,2060,2155,121054,257134030,3.61,125238768890,27746800.0,70951340.0,20241213
263860,9620,9760,9530,9740,9706,93706750,1.46,88435304000,-2572650.0,-80.0,20241213
303030,853,895,842,854,100497,86770853,0.47,30526800472,257357.0,,20241213
036180,0,0,0,577,0,0,0.0,53929030348,,,20241213
208350,2790,2900,2780,2850,6861,19361225,3.07,25189864650,1224105.0,,20241213
144510,24500,24700,23750,24650,44795,1090018000,3.79,389478479600,-2417300.0,34283500.0,20241213
358570,10400,10520,10080,10330,784730,8039806500,-2.09,457668573670,1098605380.0,-2365711060.0,20241213
382480,1973,2005,1968,1989,78368,155114733,0.81,78281351460,55301460.0,,20241213
382800,2910,3110,2910,3090,135374,409808745,5.1,97739916690,3114395.0,-1259635.0,20241213
051160,8770,8820,8580,8720,28328,247423840,0.58,134937029600,59536500.0,0.0,20241213
053050,3190,3280,3155,3210,199639,638264490,0.78,96260186370,15571735.0,-46030.0,20241213
119850,9970,10050,9120,9300,1029370,9662727710,-6.06,152974853700,270412750.0,-613331950.0,20241213
065060,233,241,230,234,124485,29415637,0.0,25273882296,4320166.0,,20241213
204840,996,1012,944,995,259548,257439263,-1.19,76480879970,7431983.0,,20241213
270520,1800,1838,1663,1687,4758603,8184945151,-3.05,267880055982,-557251211.0,28051352.0,20241213
311320,7700,8880,7470,8630,483687,4022333450,12.66,108863652800,119643190.0,-7500.0,20241213
388050,7400,7790,7370,7400,915838,6860539820,-6.68,138449833800,-980969310.0,-37805470.0,20241213
018120,16780,16780,16470,16700,1622,27040990,0.54,110572704000,-382490.0,90.0,20241213
109820,2680,2830,2660,2770,191442,526427605,2.59,56490382800,92410840.0,35259810.0,20241213
086060,3275,3355,3275,3340,32193,107235745,1.98,28759360580,22603910.0,,20241213
036890,9040,9120,8930,9120,104300,941516090,1.45,205038284160,11344010.0,-197470540.0,20241213
363250,8490,8810,7790,8810,105148,857228450,4.38,61727185710,53919290.0,-139939430.0,20241213
007370,6060,6130,6000,6080,125403,761207760,0.16,76919131840,108230940.0,7018810.0,20241213
285800,2145,2175,2135,2165,22535,48470815,0.93,37838289550,4000705.0,,20241213
085660,14870,15750,14870,15450,380385,5848804880,5.46,870058144350,765476290.0,2019640.0,20241213
261780,3205,3285,3100,3265,23540,76203665,2.83,87582802220,5969815.0,,20241213
351870,9620,11650,9550,11230,2332603,25729371710,14.83,125002129470,435040800.0,,20241213
094850,5210,5480,5200,5480,75757,409722390,3.98,76720000000,35796680.0,130560.0,20241213
004650,9070,9200,9070,9190,5484,50144820,0.77,84464233150,5355130.0,0.0,20241213
278280,41700,41900,39500,39500,62369,2505537400,-4.24,395000000000,104609450.0,-1654366800.0,20241213
362320,5320,5420,5300,5360,172367,922789980,0.37,110154914400,44015170.0,59150.0,20241213
066360,820,837,814,818,22225,18300809,-0.24,39224748270,-294020.0,,20241213
047820,0,0,0,5400,0,0,0.0,132051222000,,,20241213
094360,12720,13380,12720,13110,116462,1523080520,2.58,272991155640,491444910.0,-365114080.0,20241213
016920,2490,2690,2115,2650,3425583,8317923085,8.83,70207875700,618603035.0,10330.0,20241213
284620,2250,2295,2130,2270,371947,829354300,-0.44,63970400110,52287575.0,,20241213
293490,17730,22500,17730,20900,8208317,171610971290,18.28,1731252106100,1403897590.0,-5375664210.0,20241213
140430,2230,2330,2230,2295,61188,139507215,0.66,43839592605,25193710.0,,20241213
042000,36550,37750,35600,37500,993958,36607376400,2.46,909489525000,-1312711000.0,1144862650.0,20241213
313760,5700,5800,5250,5510,45278,249630160,-3.84,42294633270,-23006390.0,,20241213
317530,4800,5300,4630,5300,494069,2497368095,11.46,53209106200,128155355.0,,20241213
071850,2040,2060,1990,2015,18987,38116073,1.41,48885790070,3070773.0,-2267621.0,20241213
050110,840,895,840,880,676745,592030144,2.68,64965223840,72725241.0,,20241213
452300,2710,2930,2705,2920,253783,724167645,6.96,41161429600,47805685.0,-109175.0,20241213
451760,9800,10020,9630,9880,149764,1469887250,0.0,148115782880,184533170.0,-325979460.0,20241213
900310,566,572,550,569,40880,23166423,0.53,36439713075,5207677.0,,20241213
078340,49350,51700,49300,51300,111540,5677438100,4.59,653446831500,678894600.0,431576150.0,20241213
063080,36800,38900,35750,38200,341897,12822254750,2.41,251936334400,-345079950.0,2048869500.0,20241213
307930,4900,5110,4900,5050,56454,283256770,2.02,78830500000,106368390.0,-116180.0,20241213
079190,512,664,512,664,5723517,3663121359,29.94,25468061296,-66466587.0,,20241213
263700,2225,2370,2215,2355,47172,109218985,5.84,45720441000,-679725.0,-4471385.0,20241213
214370,24250,24850,23900,24300,95933,2338988500,1.04,1305274500000,433318800.0,-462615050.0,20241213
221980,11390,11400,11250,11350,5692,64256180,-0.18,45794980000,-26380.0,-37746700.0,20241213
038530,234,242,226,242,632490,148472056,4.31,28002871974,30073078.0,,20241213
424140,2080,2080,2070,2075,23233,48212220,0.24,15998250000,-495995.0,8634075.0,20241213
192250,7580,7860,7510,7850,19283,148163600,3.56,55476931250,53769350.0,,20241213
431190,5140,5560,4855,4855,688523,3532001000,3.63,36346675910,-261624255.0,-214369665.0,20241213
115500,10540,10700,9790,10130,1954035,19647945700,-5.33,121560000000,614679660.0,-80.0,20241213
089150,2540,2550,2460,2540,100355,252249025,0.0,43561000000,18266930.0,-17995.0,20241213
025880,2680,2720,2645,2700,114232,306514720,0.75,45132816600,35692955.0,,20241213
093320,68800,70500,68100,69200,24285,1681815100,-0.43,337696000000,182074500.0,-304027000.0,20241213
093640,4210,4275,4085,4090,42787,176970585,0.0,133361501160,-11486505.0,,20241213
073010,3995,4045,3925,4040,238649,950148810,0.75,162372650000,134491630.0,-415475.0,20241213
105330,3195,3280,3190,3245,20530,66517520,0.62,52114790860,-2276245.0,-7765285.0,20241213
053080,12580,12700,12350,12620,66456,835616230,0.16,164057564340,104626600.0,66465700.0,20241213
199430,6050,6570,6050,6270,50442,313846330,1.46,68140560510,72262500.0,-7858720.0,20241213
432470,11540,11560,11260,11530,14952,171331450,-0.09,100017630680,8044380.0,70.0,20241213
272110,13090,13590,12950,13580,50415,671375010,3.43,108713264100,180601730.0,-385992920.0,20241213
039420,2545,2710,2535,2650,173696,460588450,3.92,64010034500,-25423260.0,0.0,20241213
083550,2995,3050,2985,3050,32085,96937875,2.18,37741389300,45517665.0,,20241213
032500,7840,8070,7680,7950,88305,697698720,2.45,316576019850,179601050.0,-149436640.0,20241213
225430,657,677,655,655,22275,14793192,-2.24,18266017750,-79760.0,,20241213
102370,3605,3735,3605,3735,76123,280736255,1.77,101701099350,86597550.0,-10.0,20241213
068100,3045,3165,3045,3150,15877,49378605,2.44,31309784100,11842295.0,,20241213
036030,3590,3730,3590,3730,53688,198449965,3.18,182841925590,55525210.0,-252170.0,20241213
064820,5610,5880,5580,5830,134782,781131390,2.46,180157074240,151524090.0,0.0,20241213
256940,4645,4880,4645,4775,30314,145111750,1.7,89524841950,3002550.0,215935.0,20241213
024880,3680,3710,3645,3660,12265,44964360,0.0,75699040680,7622545.0,-3714335.0,20241213
042040,310,319,290,319,6948924,2179565205,29.67,55653032523,20522346.0,-156142.0,20241213
054410,3195,3310,3185,3235,2539,8146685,1.57,18525046340,-11385.0,,20241213
258610,1256,1318,1191,1191,65050,80266372,-1.98,31903475403,-4133642.0,,20241213
274090,9850,9900,9600,9800,92734,901423910,-1.31,126549614800,-164779080.0,910990.0,20241213
089010,14810,15470,14810,15360,68985,1055380380,2.33,235535554560,-5284170.0,-176300.0,20241213
220260,3220,3315,3135,3275,41225,134408845,0.31,86978455425,2990570.0,30.0,20241213
052400,25550,28550,25100,28400,1062885,29018330800,12.25,423159971600,2084435450.0,2918273600.0,20241213
402030,21000,21300,20400,20800,100972,2099702300,1.96,238220070400,-60112750.0,-149747850.0,20241213
391710,1459,1483,1436,1476,35007,51382112,0.75,62088066936,17658984.0,,20241213
046070,0,0,0,10280,0,0,0.0,146172317160,,,20241213
047770,1441,1496,1426,1493,329502,482010963,3.61,56499004786,93223935.0,,20241213
080530,1206,1206,1186,1200,15704,18788551,0.5,51960512400,-3534314.0,,20241213
104540,5400,5570,5300,5300,16428,88889570,-2.39,67764422000,3168420.0,-6111890.0,20241213
027050,2565,2600,2480,2550,751134,1904338145,-1.92,102000000000,137874455.0,-3402780.0,20241213
190650,5620,5630,5450,5600,7059,39158270,-0.18,35772800000,-500780.0,,20241213
123410,4815,4845,4770,4845,166624,801540055,0.62,134889955080,-2356850.0,17708865.0,20241213
036690,0,0,0,2885,0,0,0.0,45885746130,,,20241213
049430,12060,12150,11400,11780,502695,5898035600,-5.46,106585440000,-195010850.0,-18578430.0,20241213
183300,36300,36800,36000,36000,60920,2207029150,-0.83,376584624000,5273800.0,-594838300.0,20241213
041960,3845,3925,3845,3925,68199,265783810,1.29,277192264525,88648510.0,-42785435.0,20241213
089890,7290,7290,6850,6990,49444,346664960,1.3,115928884380,-119219470.0,97587450.0,20241213
360350,7780,8070,7620,7980,57734,455268340,2.57,45445860600,117856810.0,-901650.0,20241213
082660,0,0,0,480,0,0,0.0,47827617120,,,20241213
222040,3060,3190,3000,3130,35353,110402855,3.81,64565640000,57835450.0,-1562440.0,20241213
241710,53100,55400,52500,54700,129801,7045858000,2.63,584196000000,-65511100.0,752582100.0,20241213
355150,5020,5160,4740,5040,29041,147103810,0.8,39298644000,19806760.0,-5522420.0,20241213
166480,12100,15000,11880,14360,1506391,21280116690,19.77,472018599360,1608593180.0,-106466340.0,20241213
045970,3740,3985,3720,3900,90633,353031220,4.14,102628016400,-69574730.0,,20241213
196450,839,991,811,811,5407602,5170240959,6.29,36754181002,-23343735.0,,20241213
384470,7250,7440,6900,7210,150622,1074200450,1.55,92519181440,414626230.0,-626106000.0,20241213
029960,9000,9010,9000,9000,34910,314223930,0.0,450000000000,14686250.0,-18359990.0,20241213
102940,20400,25700,20350,25000,475396,11359294550,22.55,310584675000,494216550.0,5083000.0,20241213
950160,24000,28600,23500,27600,1680335,45548802150,13.58,2193272916000,3147874600.0,71419500.0,20241213
033290,2055,2135,2050,2115,71501,150548760,3.17,118770576615,3985360.0,-126025.0,20241213
056360,5070,5070,4670,4840,414085,2007644340,-3.59,47416512000,19862100.0,-60.0,20241213
282880,13560,13740,13440,13580,68663,933981840,0.22,151305739060,171902330.0,135450.0,20241213
121850,2150,2230,1955,2125,4185025,8737036129,0.47,65055121875,44178017.0,,20241213
448710,14500,14800,14210,14550,41386,596748720,0.34,75377569950,-3230090.0,-25044460.0,20241213
126730,9490,9770,9430,9700,19705,190509610,1.78,82483562000,58405170.0,8371810.0,20241213
015710,4360,4465,4340,4415,122727,540296125,1.26,77397157500,6982505.0,,20241213
052330,7760,7770,7710,7760,4960,38357780,0.39,120858523520,28478450.0,-185750.0,20241213
322780,869,910,867,909,117613,104927228,3.77,34480745217,19108965.0,-19292530.0,20241213
200130,11490,11830,11490,11780,161334,1882060920,2.61,346515273240,502866960.0,-515438240.0,20241213
294570,16000,16780,15910,16330,79964,1316470740,2.96,167459006050,-148128940.0,-8074320.0,20241213
317690,6330,6530,6030,6460,185199,1184313300,0.47,106831675060,-95910240.0,66664740.0,20241213
078940,0,0,0,2855,0,0,0.0,151584163690,,,20241213
227100,690,690,645,649,335404,220363334,-4.56,15663084118,-12881497.0,,20241213
432720,7100,7250,6950,7200,67066,478151370,1.41,100249862400,9977820.0,-496120.0,20241213
365270,6100,6470,6090,6260,217492,1370355760,2.29,86851039680,109722040.0,92870.0,20241213
348080,564,669,564,633,652999,406688871,9.9,36690492912,66667878.0,-68517269.0,20241213
060280,6440,6670,6340,6670,221586,1447803350,5.21,274070233300,427579160.0,-320865970.0,20241213
372320,25400,27650,24900,27000,202667,5291489350,6.72,381054348000,178912200.0,-754278450.0,20241213
051780,0,0,0,111,0,0,0.0,15142891950,,,20241213
115180,4400,4540,4345,4450,39470,175513610,1.25,143702385950,-18059825.0,,20241213
445680,19190,20200,18850,20050,135887,2673553500,4.48,322739596900,437425120.0,-15189220.0,20241213
182360,16660,17710,16530,17450,649478,11265086010,6.21,254273669650,1911609650.0,655944090.0,20241213
405100,11040,11290,10860,11210,46390,516679750,1.91,137763064210,15445830.0,33160520.0,20241213
066310,6900,7010,6710,6950,23974,164368590,0.72,64437765950,-19075270.0,-1914010.0,20241213
016600,241,245,240,243,270006,65344207,1.67,43314048216,6027482.0,1412995.0,20241213
355390,16080,19590,15900,18100,660810,11882938120,14.2,80880012900,646400310.0,43344630.0,20241213
096240,15350,15440,15300,15440,19555,300528940,0.52,171973499200,82301580.0,-28516910.0,20241213
040350,551,583,545,579,316337,180407323,5.08,108044482017,71310450.0,0.0,20241213
110790,5910,5970,5880,5960,13159,77839650,0.0,139648521600,-38114540.0,-40.0,20241213
900250,887,899,875,892,319475,283947934,1.83,116530883568,74829323.0,,20241213
045520,4220,4380,4220,4360,12489,53980935,3.32,28340000000,-707230.0,-1865.0,20241213
036170,858,875,857,863,125782,108635005,0.47,52958535238,-4301077.0,,20241213
214150,46500,47950,45750,47600,298968,14110726306,3.14,3118069368400,150125000.0,1132914100.0,20241213
466100,6240,6480,6240,6410,580499,3716310820,1.91,157398498680,-30546630.0,-216639100.0,20241213
352770,514,668,514,581,9110108,5798097846,13.04,22592831653,61448720.0,-3306606.0,20241213
237880,17390,17630,17240,17630,67105,1169944430,1.73,318597953390,371052630.0,-376926520.0,20241213
139670,3265,3480,3195,3300,402898,1345562250,2.96,46592073000,89024445.0,,20241213
489480,1932,1932,1911,1925,542685,1042007092,-0.41,12705000000,-92.0,183470655.0,20241213
413600,2100,2205,2100,2205,45393,98181315,5.0,7563150000,3648810.0,1600795.0,20241213
433530,1923,1957,1895,1957,50155,97486665,1.61,8033485000,-2079540.0,35251965.0,20241213
446840,0,0,0,2130,0,0,0.0,12524400000,,,20241213
054780,4850,5300,4830,5180,231646,1189297220,6.8,101257567740,190193220.0,109106590.0,20241213
219130,13670,13990,13570,13780,29443,403300290,-0.14,87010916200,-25111410.0,86468840.0,20241213
336680,9620,10050,9550,9910,88820,874453740,3.23,193966239890,-41229740.0,9515160.0,20241213
360070,29400,31700,27650,29500,217162,6418328400,9.46,238263918500,-571940000.0,194701850.0,20241213
065130,4570,4850,4310,4840,90052,423508590,5.68,83199512880,-50278885.0,,20241213
134580,1488,1577,1488,1505,22067,33253964,1.21,33148779335,-266654.0,,20241213
023160,16060,16940,15800,16500,556996,9197385190,1.54,437250000000,-1635670020.0,215570170.0,20241213
323280,25300,25700,24200,25500,300802,7526741250,1.8,658428615000,746075650.0,90712700.0,20241213
053620,6310,6560,6310,6540,5883,38296230,2.83,56244000000,-2773030.0,30.0,20241213
044490,10060,10370,10040,10290,44927,460063410,1.28,205875950490,15533870.0,-13135120.0,20241213
124560,2880,2930,2875,2930,76898,223529510,1.21,112560591120,51357755.0,6004730.0,20241213
191420,13580,14950,13200,14900,38815,561384670,9.72,120821626600,44384670.0,13970.0,20241213
073640,0,0,0,654,0,0,0.0,62514162216,,,20241213
066700,3165,3295,3165,3295,123563,399004455,2.81,107003263325,-2799410.0,-7429125.0,20241213
095610,14570,14950,14470,14750,55857,826171320,1.44,291581333500,-70816950.0,157106680.0,20241213
064520,1972,1972,1777,1884,36945,68330902,1.24,42109400808,-357386.0,,20241213
089030,32950,34450,32000,34350,1040880,34972921300,5.21,1283097705750,756502250.0,4394311900.0,20241213
054450,11560,12070,11470,11810,133032,1570454540,3.05,178853391730,123540180.0,-123805970.0,20241213
200230,0,0,0,598,0,0,0.0,71909640530,,,20241213
393210,4340,4475,4340,4410,136192,598861170,0.68,68860139040,55638645.0,,20241213
475960,14550,15140,14290,14670,600177,8859430430,0.89,186766615980,-475802690.0,254222290.0,20241213
215480,2965,3100,2850,3100,92263,279698875,3.33,29140000000,-4719215.0,,20241213
051360,17750,17870,17540,17770,59193,1046731860,0.11,287288620660,45727920.0,-12236710.0,20241213
045340,10510,11030,9300,11030,1141849,11618862490,9.64,94395181200,829395300.0,,20241213
108230,4595,4660,4350,4610,46408,213926235,-0.32,175287159450,19899970.0,0.0,20241213
079970,1005,1032,994,1021,36652,37394483,2.72,9485600500,5039769.0,,20241213
199800,41000,42000,41000,41100,32173,1334206150,-0.72,350897004000,179314550.0,97216700.0,20241213
417790,9710,9850,9610,9820,53886,527984590,1.24,108016563000,215144050.0,-45562200.0,20241213
290090,7530,7980,7490,7700,2691,20767450,1.32,57228463600,-1231570.0,7480.0,20241213
026150,6500,6950,6450,6850,665997,4494921960,4.26,120192367350,493486610.0,-409260.0,20241213
464280,13690,14330,13690,14070,110942,1557725710,1.59,77807100000,-89233170.0,-39628870.0,20241213
322180,4845,4945,4700,4835,30625,146595070,1.68,101085243465,31077035.0,,20241213
117730,7050,7520,7050,7480,210906,1526342220,3.6,135929267760,447935960.0,-468885680.0,20241213
033830,902,941,880,914,527301,472211573,-0.11,91400000000,,-115558181.0,20241213
057680,1246,1259,1201,1220,1195803,1462391524,-4.24,86923171220,-139284212.0,,20241213
204610,1570,1585,1525,1544,712556,1105627968,-1.66,98695135680,-270853399.0,-3693169.0,20241213
064760,70500,72600,69700,70600,91411,6457986700,0.0,824255000000,3416279000.0,-4806588700.0,20241213
246710,5110,5470,5110,5330,24541,129232110,1.72,114844593240,-17925620.0,,20241213
340570,61000,64000,61000,63000,89295,5618477900,2.61,512064000000,386919800.0,582487000.0,20241213
043220,356,391,343,389,1665340,621631928,8.06,56103199407,104424282.0,-1266710.0,20241213
277880,4920,5060,4915,5060,19742,98291970,2.85,102013809920,40992750.0,-27426660.0,20241213
131290,38650,39700,37900,39200,63345,2482344600,1.42,433608016800,-492906500.0,644472400.0,20241213
425420,14640,15680,14640,15160,50314,773904760,4.05,172535960000,221203910.0,125041190.0,20241213
131100,1393,1405,1366,1396,113179,156147008,0.22,39155359792,-1487434.0,9019098.0,20241213
356860,12040,12750,12040,12630,82062,1028051820,3.69,124186116900,221589330.0,-61138940.0,20241213
321550,4065,4215,3990,4215,49203,202161645,3.56,109781757210,53025035.0,-25908765.0,20241213
425040,7640,7740,7510,7610,96577,735217870,-0.13,162215231820,159408720.0,-230769110.0,20241213
241790,4760,4825,4615,4680,79940,372449790,-1.27,46812327120,34013625.0,-236767605.0,20241213
104480,1341,1363,1313,1358,123158,165906018,1.27,123435999372,30073487.0,10331492.0,20241213
081150,2995,3025,2955,3010,197875,593049440,0.5,73047890020,59170660.0,,20241213
130740,2160,2250,2060,2250,597576,1297946660,2.27,25372527750,8281885.0,,20241213
084730,8850,9160,8850,9050,14877,133859990,1.0,100540287200,-2747990.0,62030.0,20241213
440110,14970,15280,14780,15150,124798,1876924060,2.16,747610019400,102525110.0,-282484380.0,20241213
033540,1789,1870,1644,1644,4152893,7294639862,0.98,62062747572,-133842151.0,,20241213
388870,7880,8060,7600,7990,52068,414030110,0.38,103318386380,88187730.0,-43480190.0,20241213
043200,535,536,511,533,40601,21608252,0.57,22281699895,-1511594.0,,20241213
214450,231000,248500,229500,245000,188884,45636686500,5.83,2574852000000,1066516000.0,-1879863000.0,20241213
208340,0,0,0,2915,0,0,0.0,233786229820,,,20241213
177830,3050,3065,3010,3020,26879,81857540,-0.66,43152034060,-24031595.0,60432075.0,20241213
037070,5040,5140,5040,5120,9742,49590920,0.59,102400000000,-6683750.0,970.0,20241213
150900,4945,5140,4915,5080,41444,209963570,2.73,59361943760,-32246690.0,10160.0,20241213
037030,2260,2290,2240,2290,23760,53943205,1.33,50102850460,-7816895.0,,20241213
047310,5900,6000,5770,5940,462928,2734198700,-0.67,217467884700,-198529340.0,5940.0,20241213
368770,4010,4065,3910,4025,266925,1071278575,-0.62,132238255625,69025635.0,,20241213
170790,8360,8560,8360,8500,8436,71415020,0.47,58278805000,8761090.0,,20241213
049120,1049,1076,1016,1074,16802,17632344,3.77,50105893368,-850037.0,,20241213
038950,2945,3210,2945,3150,9035,28105335,6.24,32163909750,-4022405.0,-35.0,20241213
441270,4540,4625,4430,4595,128309,582582970,1.21,169959405095,-41959945.0,-842530.0,20241213
106240,811,811,763,790,126987,98786443,1.02,12579215030,350838.0,25.0,20241213
131760,734,755,720,735,84174,61520572,0.14,31922213505,-5670366.0,,20241213
065690,1017,1079,1002,1036,198280,204995537,1.87,14555106916,18765355.0,,20241213
140860,206500,215000,202500,213000,44241,9373969000,4.67,1487927901000,-983865500.0,2794647500.0,20241213
091700,7280,7480,7270,7450,227987,1688221140,2.34,438940694300,660000090.0,-13114440.0,20241213
032800,570,585,564,582,142834,81949495,2.11,26747007756,21340588.0,,20241213
318010,4100,4170,3700,3980,112515,449881875,-2.57,31558765240,-33539575.0,3097665.0,20241213
027710,1124,1175,1124,1170,193632,223381859,2.81,130357422000,44427478.0,-671533.0,20241213
225590,973,974,939,953,71760,68449899,0.63,25384787489,670645.0,-438929.0,20241213
054300,488,507,480,503,254417,125499722,3.71,33693905185,2726408.0,,20241213
068050,2110,2205,2080,2195,125771,273767735,4.03,60788496820,-28230010.0,83349310.0,20241213
222110,5480,5500,5080,5280,85036,443310800,-3.12,68102480160,24453320.0,526660.0,20241213
271830,1515,1575,1494,1574,63065,96196526,3.89,46417577948,24074615.0,,20241213
263750,35350,37500,30000,30100,3639261,115729546450,-14.25,1933860435500,-6278714550.0,-14729327700.0,20241213
251970,41350,43000,41000,41300,67244,2794588600,-0.96,512120000000,77638100.0,3410200.0,20241213
168360,5800,5820,5680,5690,396935,2278701730,-3.89,121130335960,-586714240.0,-331650.0,20241213
087010,107400,110000,102500,107200,1694435,180539344100,1.23,2497475920000,-3572513400.0,3179716800.0,20241213
064800,1275,1305,1250,1274,369946,470780441,0.24,162826497652,-56448964.0,7506227.0,20241213
119500,3245,3430,3240,3375,289827,959054730,-0.3,39984408000,15789045.0,-726715.0,20241213
389140,4775,4885,4555,4600,102993,480622880,0.99,51118581000,85706035.0,-133855205.0,20241213
105760,6090,6400,6090,6210,38070,236634460,0.81,58768086600,49110430.0,,20241213
009520,13010,13190,12880,13060,91447,1192247420,0.38,543853701180,147057050.0,-60226890.0,20241213
189690,2100,2110,2050,2100,99398,207169035,0.0,57376134900,8090535.0,,20241213
318020,2900,2930,2845,2930,7228,20971010,2.63,37100456960,4175330.0,,20241213
256630,1170,1190,1170,1184,16842,19962181,0.34,68668533248,-444921.0,,20241213
331380,1997,1997,1870,1910,516538,984904306,-4.36,43405613320,106763689.0,-49161812.0,20241213
472850,5130,5290,5130,5250,62626,327207470,0.38,169805648250,63260390.0,,20241213
039980,3410,3480,3315,3410,13230928,45095753245,0.59,246533602040,-1671400960.0,66366845.0,20241213
041910,5580,5700,5410,5700,30037,167286360,2.33,76959159900,4571920.0,27340.0,20241213
234100,1124,1163,1124,1158,87504,100405481,1.76,63010500654,34981376.0,,20241213
041020,5670,6040,5610,6040,2916936,17236857130,5.96,300342007920,837698380.0,176159680.0,20241213
114630,513,522,512,522,85566,44071775,0.19,40589440056,-2075747.0,,20241213
290720,3320,3380,3095,3205,79720,253240295,-3.46,42956800890,-38673035.0,,20241213
005670,5220,5400,5160,5190,21753,113763150,-0.57,51900000000,3116160.0,-3665910.0,20241213
094940,6970,7670,6930,7480,1107304,8107186280,9.2,62543167280,526971590.0,7160.0,20241213
057880,0,0,0,8790,0,0,0.0,216061434720,,,20241213
007330,8510,8840,8510,8840,16556,144648820,2.55,133331952000,22272520.0,,20241213
093380,2345,2410,2340,2365,14374,33892775,0.0,23364575245,1047445.0,-355730.0,20241213
023900,9310,9630,9310,9550,15769,149376720,0.84,120330000000,31366820.0,1719230.0,20241213
371950,7910,8290,7850,8250,23094,186297910,4.17,173584026000,49495450.0,-10.0,20241213
370090,25600,25600,24450,25300,426140,10942387500,0.6,215475799000,-931471400.0,54636850.0,20241213
445180,5120,5320,5060,5250,34152,179730100,2.54,88038237000,21570560.0,15030290.0,20241213
151910,0,0,0,640,0,0,0.0,121645902080,,,20241213
220100,16880,17140,16470,16850,425298,7142691300,-1.12,372421311750,-449455300.0,-1263034340.0,20241213
035200,3510,3860,3410,3710,207146,758287475,3.49,36100488900,16546545.0,-53969770.0,20241213
334970,5130,5140,4900,5060,128778,647361815,0.4,391733243220,-81353560.0,1816440.0,20241213
321260,2015,2045,2000,2035,61467,124019820,0.0,57370890940,22767500.0,0.0,20241213
053610,22500,23450,22500,23050,34422,796344500,1.54,253550000000,-86339400.0,-52528400.0,20241213
303360,2690,2710,2690,2700,12618,34177170,0.75,34768480500,-1791550.0,,20241213
377220,1982,1982,1924,1928,17646,34466935,-1.33,54581680000,-355908.0,8.0,20241213
335810,2825,2935,2825,2920,14579,42394325,2.46,33914415920,5173040.0,-604755.0,20241213
053160,16960,17490,15330,16720,720324,11930359510,1.52,100320000000,196755790.0,-660.0,20241213
405000,1220,1291,1220,1285,29296,37206807,3.96,33508744540,343026.0,,20241213
041590,0,0,0,789,0,0,0.0,103917099150,,,20241213
367000,3965,4120,3965,4115,7405,30202030,1.48,34517471805,-1720055.0,,20241213
075130,2815,3095,2650,2920,2869032,8444712875,7.55,48537174400,168256250.0,-6031990.0,20241213
237820,6430,6450,6250,6260,174055,1097702720,-3.1,80297896400,-84959460.0,,20241213
023770,3770,3770,3615,3735,40640,150568580,2.05,32744072700,17777315.0,,20241213
019570,295,306,285,299,232230,69179798,0.67,19527702558,15024365.0,,20241213
300080,19610,21400,19430,20400,295107,6075653970,2.72,112237066800,60359290.0,-797306300.0,20241213
033790,6000,6050,5420,6040,242035,1391602190,-0.17,137849712000,-499506350.0,-8199950.0,20241213
032580,1207,1255,1207,1247,227790,282081868,1.14,41315683808,48194776.0,,20241213
051380,2480,2525,2415,2505,68414,169344620,1.01,38426880360,56200210.0,84225.0,20241213
241820,601,661,601,655,138541,89925625,2.66,38757638385,7479325.0,,20241213
237750,3915,3990,3870,3990,15218,59788765,1.92,25921434000,2144395.0,-35.0,20241213
460940,8220,8570,8220,8550,47808,401384300,3.01,55333377000,99229350.0,-28563460.0,20241213
319660,17670,17910,17420,17770,190318,3373545190,0.57,514738507780,-371045590.0,198336730.0,20241213
031980,30700,31200,30250,30700,316629,9705958350,-1.13,661965526500,1201980700.0,-2782348200.0,20241213
002230,3935,3955,3805,3945,15939,62758680,0.25,76417304985,-2792450.0,43350.0,20241213
043370,9860,10050,9850,10020,9987,99406880,1.52,210420000000,9422280.0,-7769800.0,20241213
239890,7080,7210,6980,7100,35283,249689600,0.28,70543860500,12158590.0,-10879660.0,20241213
347740,2100,2160,2095,2135,139173,296010400,1.67,64072579760,39495795.0,,20241213
137400,41800,42350,41550,41850,157730,6599974850,-0.36,993648149100,-378959150.0,202193800.0,20241213
257370,3990,4140,3945,4055,35155,140924065,0.62,50707211355,-10771980.0,-624470.0,20241213
147760,2905,2985,2875,2935,15034,43774855,0.0,31756306710,15579645.0,,20241213
128660,3010,3030,2980,3025,47341,142437040,1.0,75030191225,24893535.0,,20241213
006140,4290,4470,4270,4345,12996,56528790,0.58,65175000000,-4385280.0,,20241213
376180,2435,2500,2250,2465,69431,168182765,1.65,45581246770,-520805.0,,20241213
304840,3325,3440,3315,3340,131503,442533205,-0.45,70438809760,-21397970.0,,20241213
087600,5740,6100,5740,5990,14390,85715790,2.39,48917682420,-5653380.0,,20241213
291810,1780,1835,1767,1834,15103,27317346,2.46,20830043808,5105310.0,,20241213
378340,12770,12890,12580,12880,103785,1326259110,0.86,274162160160,32722510.0,-142947040.0,20241213
161580,15810,16470,15500,16000,274051,4370947860,1.33,365490880000,-156864600.0,-12143580.0,20241213
347770,1804,1825,1710,1800,14541,25944838,0.22,41142675600,4528106.0,11.0,20241213
163730,9080,9480,9040,9440,243552,2261663320,3.28,88411339520,-12088900.0,37875070.0,20241213
417180,2650,2700,2650,2695,63371,169845750,0.56,45319683255,2411145.0,,20241213
446750,2065,2065,2040,2055,1346,2752240,-0.24,12391650000,-24505.0,0.0,20241213
448370,2075,2075,2040,2050,1580,3234140,-0.49,11521000000,-65415.0,411510.0,20241213
454750,1999,1999,1983,1995,1525,3031338,-0.2,14367990000,-37718.0,427958.0,20241213
454640,2080,2080,2015,2075,18897,38763575,-0.24,11207075000,-412015.0,27645310.0,20241213
469880,1983,1983,1955,1956,8743,17106108,0.05,14288580000,532165.0,-6025012.0,20241213
469900,2010,2010,2000,2010,15216,30454690,0.5,11266050000,-152000.0,26746500.0,20241213
475240,2095,2100,2075,2100,1983,4147885,0.24,6720000000,-64380.0,1759145.0,20241213
475250,2070,2070,2045,2070,2909,5991180,0.49,7659000000,-86420.0,5662010.0,20241213
484130,2000,2000,1997,1997,262,523737,-0.15,9026440000,-23989.0,90000.0,20241213
406760,0,0,0,1575,0,0,0.0,11670750000,,,20241213
418170,0,0,0,1898,0,0,0.0,11406980000,,,20241213
435620,10350,10360,10350,10350,3393,35125710,0.0,44525700000,-155250.0,9936000.0,20241213
299030,18330,19280,18050,19170,61305,1155358150,4.58,153262424700,219449150.0,12356160.0,20241213
067310,9380,9660,9340,9640,403185,3850936350,3.21,633780797440,372705900.0,-197018080.0,20241213
166090,24150,24550,23550,23750,135759,3270482700,-1.04,469719757500,3333850.0,-797256100.0,20241213
136480,2840,2895,2840,2890,550057,1577629020,1.4,306946038780,630593990.0,-3885825.0,20241213
003380,6100,6270,6060,6150,415238,2568305270,1.65,688834569150,429762630.0,7356110.0,20241213
450330,7380,7500,7290,7440,19452,143518620,-0.13,58299906960,32822390.0,-41992510.0,20241213
101670,2130,2200,2080,2165,704943,1513146740,1.17,117277985050,185899400.0,,20241213
365590,603,622,603,608,178985,109556206,1.0,87823963872,22701049.0,-50761837.0,20241213
149980,6390,6620,6360,6510,67605,439160200,1.72,121049303130,26875640.0,65378940.0,20241213
013030,25300,25500,24750,24950,224937,5615740450,-1.96,306771277900,2050332250.0,-4057055800.0,20241213
126700,17220,17570,17220,17450,142309,2484418770,1.39,260739854400,33493330.0,493756370.0,20241213
106080,3940,3990,3655,3675,161092,602557015,-6.73,57827833875,-234565490.0,,20241213
450050,2050,2060,2045,2060,5663,11609205,0.49,10328840000,-110345.0,11471335.0,20241213
160190,9020,9270,8980,9120,300074,2744517720,-0.22,281698560000,-383511990.0,-24462550.0,20241213
221840,1446,1570,1430,1566,29316,43937274,8.3,29285078526,-285627.0,,20241213
106190,13890,13890,13330,13660,10908,148128360,-0.29,145249143180,-36881010.0,170.0,20241213
065650,1252,1283,1239,1270,437552,553020119,0.63,135485794560,107909650.0,,20241213
066130,5550,5730,5540,5720,201225,1134182760,2.51,73216000000,78493980.0,-3010530.0,20241213
004590,4110,4135,4075,4130,26846,110336245,-0.12,61950000000,-15952180.0,-468140.0,20241213
039340,6030,6100,6010,6030,327400,1976371390,0.17,138690000000,-215718190.0,1266479360.0,20241213
034950,88200,89200,88200,89100,2347,208757800,1.02,404559797400,58068600.0,16897600.0,20241213
222980,3410,3495,3395,3425,40203,137649520,-0.58,37782829275,9472030.0,10.0,20241213
256840,4035,4150,4035,4130,416994,1714370085,1.1,280478389590,283754250.0,65996775.0,20241213
219750,0,0,0,967,0,0,0.0,63267797795,,,20241213
025550,4065,4170,3990,4120,777943,3155559690,-0.84,95996000000,-46583725.0,4090000.0,20241213
017890,7900,8000,7890,8000,17063,135717000,1.01,172846080000,28984530.0,-1086780.0,20241213
080720,0,0,0,2725,0,0,0.0,21562456300,,,20241213
063570,4785,4805,4740,4780,15035,71802990,-0.21,163226139840,9927675.0,-2140.0,20241213
041460,2875,2985,2875,2960,56329,166175240,2.78,56240000000,29432680.0,2975.0,20241213
101680,2110,2180,2110,2180,28225,60883605,3.32,18320720000,-7669630.0,,20241213
039740,2705,2725,2600,2700,45284,120806875,-1.82,21649671900,-4398710.0,-8085.0,20241213
053300,4300,4360,4220,4310,118101,507462705,0.94,182922265910,35499670.0,-785355.0,20241213
025770,7600,7870,7560,7840,48305,374493180,3.7,293563084640,48240640.0,112065790.0,20241213
458610,2100,2100,2080,2100,6173,12869180,0.0,8883000000,164655.0,11803620.0,20241213
464440,2070,2085,2070,2080,3101,6419240,0.48,8985600000,-115930.0,6381810.0,20241213
477530,1962,2070,1954,1956,37981,75715126,-0.41,9408360000,1175113.0,-9234704.0,20241213
479880,2000,2000,1989,1998,16090,32123411,0.1,13726260000,-908172.0,16999064.0,20241213
062970,1890,1895,1724,1833,179061,323796912,-3.27,18088793697,-35760272.0,,20241213
023760,556,562,551,562,112258,62494526,1.44,177372581712,133080.0,1319134.0,20241213
054040,5170,5260,5070,5230,150837,779349630,0.38,84052846700,12835510.0,-54684190.0,20241213
021650,2035,2085,2015,2085,6078,12523240,1.46,34090923855,-245185.0,,20241213
032300,15550,15940,15550,15760,29151,461032150,0.77,171889607760,92357840.0,1051130.0,20241213
037230,1915,1950,1860,1875,31722,60985521,-2.34,55875613125,-3108153.0,,20241213
030520,22400,23950,22300,23000,1851859,42981280250,3.37,556134112000,-1610993750.0,968861750.0,20241213
052600,4440,4550,4405,4550,100451,451107615,2.25,52614835000,87494100.0,-20.0,20241213
256150,5990,6040,5990,6020,1823,10971560,0.5,50537900000,2729100.0,0.0,20241213
092460,7770,7790,7630,7760,37346,288261350,0.78,132771116800,75400610.0,,20241213
452190,3170,3325,3165,3310,170712,557712480,3.28,76668725670,133191820.0,,20241213
047080,1260,1298,1250,1283,92678,118751840,1.74,31847090446,33652560.0,,20241213
452280,6690,6690,6450,6570,110340,721149520,-1.05,112587462000,-192267910.0,2220.0,20241213
066980,1720,1768,1680,1732,132306,230495510,0.12,89951636500,64424912.0,,20241213
114810,6170,6300,6130,6280,64487,401862750,1.78,182830732720,-63613360.0,-287650.0,20241213
070590,970,1004,970,991,24909,24492366,2.16,13754605311,-808569.0,,20241213
226440,0,0,0,1530,0,0,0.0,100580954580,,,20241213
042520,7660,9090,7660,9030,80027,688452140,16.52,122143094010,92973130.0,3756480.0,20241213
430690,3950,4085,3935,4085,62595,251100645,2.38,44507410795,45900870.0,-1440300.0,20241213
078350,8260,8440,8260,8330,40024,334242910,0.0,126985702060,-25916720.0,-3073950.0,20241213
045100,16450,17190,16450,17100,60789,1030632560,4.27,307800000000,65940130.0,500665250.0,20241213
214870,0,0,0,6920,0,0,0.0,64765809320,,,20241213
320000,2620,2705,2610,2685,41924,110864485,2.68,75087708495,18379715.0,,20241213
091440,4760,4760,4470,4620,30059,136258010,0.0,67482820020,28496640.0,,20241213
024740,2115,2135,2060,2105,834613,1753304585,-0.94,69248288145,68009480.0,,20241213
005860,3570,3685,3565,3685,170130,618777450,2.22,145202579225,200340500.0,,20241213
007770,11490,11610,11210,11530,11604,131967150,0.35,40470300000,-7873940.0,,20241213
198940,787,793,777,793,29653,23283466,1.15,30865921554,-3893531.0,,20241213
058450,1820,1832,1800,1831,29916,54309675,1.05,27087120051,-8113798.0,,20241213
107640,22200,22200,21400,21900,80478,1747586350,-1.35,198171917400,22821250.0,-419840750.0,20241213
079170,6750,6780,6610,6770,8666,58014910,0.89,35204000000,-1186220.0,,20241213
054920,2940,3050,2940,3045,305339,920260285,1.84,85921011645,177722420.0,5.0,20241213
457370,9290,9600,9010,9040,336665,3125245130,0.44,72565291360,-381312420.0,-242406090.0,20241213
002680,725,745,721,740,94641,69359235,2.64,23914431260,1280.0,,20241213
455310,2000,2020,2000,2015,7040,14120715,-0.25,10195900000,-184000.0,-1788710.0,20241213
034810,5740,5820,5710,5800,17252,99395980,1.05,188829770600,26545530.0,,20241213
03481K,6980,7100,6970,7080,1222,8546810,1.58,9833567760,60.0,,20241213
059270,5930,6190,5520,5900,533132,3107217220,1.9,65730714100,146537040.0,-581138950.0,20241213
076610,893,910,884,897,31494,28250633,0.45,22831518606,-1955552.0,25422.0,20241213
220180,2795,2900,2795,2885,19082,54801755,0.35,55992080000,5102695.0,,20241213
900270,305,310,299,305,3213277,975969430,-0.97,46446112480,153051016.0,,20241213
214180,12300,12580,12300,12570,12671,158160820,0.96,166642815450,57260700.0,-40258790.0,20241213
234340,14460,14750,14000,14750,41531,600065010,3.95,139431750000,65599250.0,-13030.0,20241213
084990,2770,2805,2725,2805,43275,120420685,1.81,129290295585,45779815.0,-165.0,20241213
187660,1599,1599,1557,1568,50717,79900252,-1.94,34239240000,-5851725.0,,20241213
170030,4905,5030,4905,5020,18459,92057435,1.83,77006800000,34917335.0,10.0,20241213
319400,3215,3300,3200,3285,844961,2763102740,2.34,386779375530,883356190.0,484244015.0,20241213
048410,14810,15250,14500,14950,214963,3212323230,0.74,595333039600,379348130.0,-202679060.0,20241213
052260,4250,4355,4235,4295,94576,404319155,0.47,128850000000,58295105.0,-11282765.0,20241213
016790,0,0,0,994,0,0,0.0,187340898626,,,20241213
041440,8270,8400,8210,8290,686453,5694006930,1.59,148523175760,-876523700.0,-10.0,20241213
039010,6220,6380,6130,6230,68688,429947170,0.16,53733750000,13302590.0,-1749920.0,20241213
090850,5420,5500,5400,5460,88224,480647790,-0.36,129655131060,126842010.0,9675340.0,20241213
460930,12420,12850,12170,12800,214218,2678042510,3.06,453021068800,-102955130.0,8667710.0,20241213
092300,2500,2650,2500,2630,77118,199119860,4.16,49109506080,-4092465.0,,20241213
138360,714,730,703,724,39893,28484787,1.4,35004131552,-95477.0,,20241213
011080,1026,1080,907,1034,4918740,4873803789,4.44,26370478376,-37773980.0,,20241213
060560,796,810,782,809,227761,181582487,4.25,103284645725,-6558394.0,-8040340.0,20241213
064240,2415,2645,2380,2525,87544,222806080,4.77,88470980300,6098970.0,-278065.0,20241213
039610,7500,7570,7230,7330,512573,3749792960,-3.3,76308232000,-271319980.0,138361130.0,20241213
126640,1179,1263,1170,1227,179346,217944948,3.02,44630759349,-8272497.0,,20241213
127980,5800,6080,5800,5990,7728,45840890,2.04,70925697160,-1647240.0,,20241213
061250,1258,1305,1258,1284,753762,969060691,2.23,106411054452,260026164.0,-52951000.0,20241213
097870,5640,5770,5600,5760,49711,291339050,2.13,48902400000,-2641820.0,10.0,20241213
290270,3400,3440,3345,3440,12846,43577305,1.18,33050391680,6685985.0,-546720.0,20241213
353190,690,699,670,691,790736,552536199,-0.43,27210488220,12846923.0,,20241213
192410,1982,2375,1982,2350,249566,561463151,18.03,33453495500,102002581.0,,20241213
090710,1414,1432,1401,1417,1122137,1588847008,-0.77,155336024805,121514845.0,,20241213
078590,525,540,525,529,149291,79455052,0.76,28677269331,-4062212.0,,20241213
205470,1816,1835,1800,1823,1390804,2525271896,-0.76,235850641407,-31953709.0,-186833229.0,20241213
115160,1049,1090,1033,1083,377172,399874170,3.14,47619644292,-102368804.0,,20241213
028080,1829,2140,1829,2030,269218,531461970,8.61,25532337180,59502518.0,,20241213
175140,4790,4925,4770,4810,28071,135509880,-0.72,103488554520,18144160.0,,20241213
200670,35750,36100,35200,35400,89344,3182454850,-0.98,397539522000,45904400.0,-96806000.0,20241213
065510,7470,7750,7450,7650,34887,267554450,1.19,93019188150,44059860.0,-14885360.0,20241213
215090,0,0,0,1505,0,0,0.0,149972154360,,,20241213
263920,971,979,962,979,14586,14180216,1.03,48015186186,-775226.0,,20241213
243070,24000,24600,24000,24450,13678,334685900,1.88,292902809250,-41670600.0,-1647450.0,20241213
084110,42600,42800,40100,40800,97060,3981329150,-4.23,514956873600,-656490650.0,-24891100.0,20241213
145020,278000,283500,272500,274000,89026,24644582500,-1.62,3453505042000,-4451701500.0,5232836000.0,20241213
024060,13000,13240,12840,13240,168941,2204547680,1.69,198600000000,272499260.0,12550.0,20241213
010240,5430,5520,5320,5510,68371,370867630,2.04,67898054960,-31174400.0,-5311480.0,20241213
189980,1571,1613,1571,1613,20101,32055335,2.67,64742314951,10576199.0,,20241213
037440,5010,5140,4975,5120,237963,1204184170,3.02,71283072000,41010695.0,,20241213
238490,3540,3650,3510,3645,7228,26039205,2.97,41233100220,6355445.0,,20241213
