code,open,high,low,close,volume,거래대금,등락률,시가총액,foreign_net,inst_net,date
060310,2870,3330,2850,3230,15234104,49074600695,12.94,156773353660,5577995240.0,28091760.0,20240404
054620,7220,7340,7090,7200,35984,259037500,-0.69,146838391200,-4743740.0,0.0,20240404
265520,21700,22350,21700,22250,122999,2723762300,2.77,340011617250,383482250.0,25010600.0,20240404
211270,17520,17700,17160,17410,243109,4222993750,0.06,262582912640,-344720110.0,-13912500.0,20240404
139050,3675,3755,3125,3155,657000,2224377395,-16.31,27273558405,204225970.0,,20240404
126600,4110,4120,4040,4045,77020,313807135,-1.46,218564597375,-68474750.0,4100.0,20240404
013720,1571,1600,1540,1552,194706,304988637,-1.52,66478659776,-63003955.0,,20240404
083790,3560,3585,3450,3500,114961,401685090,-1.69,269129637000,-46355010.0,,20240404
035760,81900,82400,79300,80800,110872,8930606600,0.0,1771875643200,1649835700.0,-1843970800.0,20240404
311690,15430,15600,15280,15480,9398,145187950,0.32,141061530960,-19715300.0,0.0,20240404
051500,24700,25100,24300,24900,44430,1101096450,0.81,295602491400,-237898300.0,574400.0,20240404
058820,2230,2235,2185,2200,236859,521222850,-0.9,305562936800,-81019675.0,-2205.0,20240404
023460,1790,1839,1780,1838,7670,13689630,2.51,68373600000,-132081.0,,20240404
056730,1260,1275,1220,1271,54416,68787692,1.11,94195317406,-20226488.0,,20240404
065770,1300,1345,1287,1290,52404,68795364,-4.09,25040357700,1025772.0,,20240404
083660,1240,1254,1211,1239,43637,53373488,0.08,75885257259,-4099924.0,,20240404
456440,2240,2240,2200,2230,26589,58685935,-0.45,11852450000,1818235.0,0.0,20240404
060900,1469,1485,1451,1454,53527,78294350,-1.22,36725464966,-1240499.0,,20240404
290120,3095,3130,3065,3115,22244,69000955,0.0,48329654870,-730070.0,-6175.0,20240404
025440,2380,2425,2305,2400,53180,126203810,1.69,73874937600,-4462900.0,,20240404
068790,6600,6640,6480,6520,98248,640712200,-0.76,160216357720,19318970.0,-194718410.0,20240404
241520,3995,4080,3975,3985,169377,682384320,-0.13,109572058125,-48907745.0,-2036990.0,20240404
180400,4805,4905,4580,4740,106634,507795575,-1.35,143240107680,-34577335.0,1760915.0,20240404
245620,455,456,436,438,1792731,793531245,-3.74,60660350538,-8144336.0,-438.0,20240404
037370,9010,9180,8790,8810,45567,408830120,-0.34,75986003320,-27853290.0,18233640.0,20240404
050120,2600,2600,2545,2600,6003,15419895,0.0,35266623600,-366885.0,,20240404
214270,2410,2450,2385,2415,159485,384010955,0.21,80299868145,32924415.0,,20240404
130500,2790,2830,2790,2790,26517,74418645,0.0,40580695080,1760970.0,,20240404
900290,3530,3655,3425,3475,184010,648859100,-1.42,234128125000,-131932505.0,4050490.0,20240404
083450,45650,47450,45350,46600,589246,27430329750,4.13,434206917000,2380666350.0,203778550.0,20240404
297890,5800,5890,5510,5660,6199752,35241888160,3.28,413827039880,-902816570.0,-3759040.0,20240404
440290,2870,2885,2795,2810,136891,387054375,-0.71,75496298100,-72944835.0,,20240404
078150,3340,3555,3115,3220,84164958,279684094615,11.81,298545249520,-1040069505.0,-697389640.0,20240404
195940,37700,37700,36950,37050,63167,2345896050,-0.67,1049622461550,118011750.0,-673814350.0,20240404
028300,97500,99600,89500,91400,3326465,311000714100,-5.77,11956220547400,8711770200.0,-8830773900.0,20240404
278650,3990,4145,3850,3910,1915274,7634032215,-1.88,334436696620,129556265.0,236504330.0,20240404
067630,18020,18240,16700,16900,2444263,42283357370,-5.27,1806531279800,1827973080.0,-1603742630.0,20240404
024850,5090,5460,4960,5080,3298691,17137642275,0.0,367680519400,-1529968460.0,-14790740.0,20240404
047920,32750,33450,30000,30400,1598289,50219317500,-6.75,963377672000,6179018550.0,-146328200.0,20240404
115450,14050,15400,13690,14370,6611170,96945153600,2.28,1083045661140,5655151030.0,116630260.0,20240404
046210,4460,4620,4335,4385,461656,2055683410,-1.35,179848700895,-53033885.0,2606210.0,20240404
403870,49250,49850,47400,48150,1911752,92191565950,-1.53,3993279033600,4935346600.0,-8671523850.0,20240404
036640,5390,5460,5380,5390,43842,237077240,0.0,88152372000,-83512530.0,0.0,20240404
439730,2530,2545,2455,2530,7767,19414050,-0.2,10904300000,98715.0,-11207680.0,20240404
442770,2450,2475,2425,2470,885,2170285,0.61,10398700000,-61560.0,-490000.0,20240404
448760,2435,2435,2415,2420,10437,25310285,-0.62,10720600000,-48300.0,0.0,20240404
467930,2245,2270,2210,2235,8169,18122865,0.22,9454050000,673875.0,67510.0,20240404
469480,2215,2220,2200,2220,3731,8252665,0.23,9390600000,-61660.0,0.0,20240404
095340,95800,100800,95800,98500,514404,50712736900,4.79,2087910213000,3243831300.0,941929700.0,20240404
099520,0,0,0,1284,0,0,0.0,58141862016,,,20240404
950170,4860,4860,4730,4780,38184,181861615,-1.65,240379617940,-41132645.0,,20240404
067290,1998,2005,1982,1984,189282,376765281,-0.7,100869539968,-113628591.0,-1984.0,20240404
035900,70700,70800,68200,68300,890841,61333362100,-4.21,2426869203600,-25928925800.0,-4301744700.0,20240404
318000,7840,7930,7700,7820,64664,504472440,-0.26,68348543860,-36857520.0,,20240404
024840,1371,1479,1371,1425,400322,576947918,3.86,48382359525,33277156.0,,20240404
024120,4490,4550,4470,4545,37995,171603420,0.66,52267500000,-1210655.0,,20240404
455250,2200,2205,2180,2200,8789,19326180,-0.23,9471000000,10925.0,-11910825.0,20240404
458320,2445,2445,2350,2425,26151,63260375,1.04,13349625000,-5392170.0,-11512880.0,20240404
464680,2000,2005,1996,1999,34563,69106219,0.0,25797095000,-9990.0,40001997.0,20240404
021320,4530,4565,4470,4505,6133,27642900,-0.44,96407000000,-194170.0,,20240404
036670,7620,7630,7450,7540,6867,51502000,-0.53,84975800000,-3931060.0,0.0,20240404
044180,632,641,623,635,253380,159704425,-0.94,16965802365,-16908448.0,,20240404
151860,9140,9180,8990,9030,183621,1661655980,-0.88,325080000000,-123506700.0,-285470.0,20240404
046440,5000,5050,4950,4975,69166,344695340,-0.4,193157200800,-131333010.0,-74625.0,20240404
035600,11520,11540,11320,11430,89811,1024003740,0.09,318947680620,28222960.0,-131745270.0,20240404
226360,0,0,0,319,0,0,0.0,60627181021,,,20240404
111870,0,0,0,2970,0,0,0.0,41572037430,,,20240404
060720,15710,16070,15640,15840,205815,3261884230,1.8,375050681280,261673890.0,17526950.0,20240404
058400,914,918,909,909,248099,226590447,-0.98,120378615480,,-436314.0,20240404
122450,4770,4815,4705,4790,32425,153779940,-0.52,217159267560,1149655.0,7173515.0,20240404
052900,1481,1517,1474,1490,970196,1453691706,0.54,82110200330,-54513360.0,5446.0,20240404
376190,7290,7540,7180,7400,54569,405269700,3.06,182040000000,32546060.0,-39160.0,20240404
061970,7880,8290,7880,8230,1174630,9548487660,5.65,360347192160,91498980.0,816806100.0,20240404
309960,4255,4280,4200,4260,20834,87953495,0.12,98905438140,-13829155.0,-38340.0,20240404
060370,9420,9660,9420,9600,66895,638922140,1.48,249007027200,90327270.0,-373310.0,20240404
417200,25650,26150,25150,25650,1041240,26853666450,0.2,1735290703350,1047294800.0,14951300.0,20240404
086960,1775,1794,1754,1761,986129,1743694554,-1.07,154307910282,-17788548.0,1786.0,20240404
038340,0,0,0,1283,0,0,0.0,33979354334,,,20240404
160550,3250,3265,3135,3150,157463,499837710,-2.93,87904233900,-34342080.0,-14089610.0,20240404
053290,4615,4690,4610,4640,50699,235150495,0.54,76682064480,-8911970.0,4665.0,20240404
060250,11870,11980,11530,11600,475303,5539536780,-1.36,465863087600,562128890.0,-911142650.0,20240404
104200,4665,4735,4625,4675,30356,141653990,0.21,69318796250,-8245965.0,30.0,20240404
222160,0,0,0,8040,0,0,0.0,79551289560,,,20240404
024940,4745,4770,4660,4660,87421,410930360,-1.79,46600000000,-64734035.0,,20240404
218410,15640,16040,15570,15880,85421,1347921600,1.53,420572938960,207019450.0,-284909780.0,20240404
327260,9070,9200,8980,9190,16257,147378860,0.22,77501392890,10651770.0,,20240404
091340,2340,2385,2330,2380,34139,80634220,0.85,27854855980,468045.0,,20240404
419530,14200,14390,14200,14220,18920,269639670,-0.28,122163024600,-5235090.0,-4131860.0,20240404
019550,841,855,839,848,453221,382217180,0.47,137432455600,87259567.0,-188955.0,20240404
950110,3785,3790,3730,3760,2431,9119090,-0.13,90437550400,75200.0,-1180400.0,20240404
151910,0,0,0,640,0,0,0.0,121645902080,,,20240404
036120,2910,2945,2870,2905,76715,223250580,-1.02,103127500000,-19097560.0,444410.0,20240404
099220,1238,1418,1238,1373,20131355,27326071981,11.9,77123896503,270929581.0,0.0,20240404
036540,5960,6240,5960,6180,3731880,22989388080,5.1,1016364672540,4197728060.0,116024120.0,20240404
255220,2090,2130,2060,2065,1482672,3101969550,-2.13,123072750675,-174448090.0,-256985.0,20240404
040610,1653,1664,1643,1646,31763,52427095,-0.42,56107524616,-8527390.0,7606727.0,20240404
049470,415,424,413,420,77105,32192048,0.48,24722144580,-276889.0,-2702870.0,20240404
184230,723,730,714,721,74318,53391803,-0.69,43188987989,-8447013.0,-5222.0,20240404
016250,15730,15840,15390,15500,5901,91622780,-1.46,50275567500,-18653080.0,15920.0,20240404
048550,1715,1739,1702,1702,272778,467815975,-0.76,164594667240,-12733204.0,1923924.0,20240404
063440,1716,1717,1708,1714,90375,154754316,-0.12,78893969956,-18628252.0,,20240404
289080,2040,2080,2025,2040,178615,364265000,0.0,108597360000,12097980.0,-195820.0,20240404
089230,2095,2220,2040,2105,207070,438936115,2.68,42154447930,-32887145.0,4057110.0,20240404
161570,0,0,0,366,0,0,0.0,7721265564,,,20240404
032540,5870,5890,5790,5840,10621,61851100,-0.51,81360596560,-14379790.0,0.0,20240404
022220,1112,1129,1112,1123,18509,20721553,0.18,58165312217,-286050.0,101.0,20240404
048770,3560,3630,3520,3540,62156,220793440,-0.42,55570888140,11014540.0,,20240404
246690,1323,1340,1321,1324,51112,67875584,0.08,54916689288,7107208.0,1023452.0,20240404
317240,379,393,372,389,1521925,584960890,2.64,37578421125,-21192238.0,-1571715.0,20240404
057030,3980,4100,3940,4020,47850,190974415,1.01,65577041940,-9791890.0,,20240404
040300,4360,4395,4240,4370,129557,558610445,0.0,183540000000,43837815.0,,20240404
051390,3750,3750,3705,3710,21414,79570275,-1.07,42128415280,-418315.0,-10635.0,20240404
052220,3160,3160,3085,3155,65298,203570320,0.48,72565000000,-19206875.0,,20240404
079940,21050,21600,20550,21150,259627,5448115000,0.71,286279716600,-567821500.0,30940500.0,20240404
078890,6420,6540,6270,6280,328290,2094648670,-3.09,107345013400,11516220.0,-2151840.0,20240404
399720,109000,112500,104300,107400,840735,91538038400,0.09,1233845568000,-10187877000.0,1738802500.0,20240404
036620,3675,3745,3575,3635,740747,2702026685,-1.09,329652973760,-237132730.0,91929225.0,20240404
217730,2500,2535,2365,2415,1689832,4113556335,-4.55,135090088875,224886370.0,-28635.0,20240404
114190,19300,19650,18750,18950,122615,2336074290,-1.81,495031570100,235725730.0,-180630550.0,20240404
094480,7640,7800,7450,7450,175622,1333251290,-2.49,292262293100,-27730790.0,6390.0,20240404
039240,3395,3440,3365,3400,299912,1020665335,0.0,91730653600,206378350.0,-17580.0,20240404
053950,1313,1325,1265,1266,561238,724751885,-0.71,45061246932,-196158014.0,0.0,20240404
011040,6350,6420,6300,6360,23275,148010960,0.16,195689351760,-46016420.0,-14320.0,20240404
024910,2565,2620,2455,2475,1257370,3178981910,-5.53,88652037375,111249135.0,10969415.0,20240404
198440,1785,1810,1785,1802,33497,60317001,-0.17,57627887920,-1724085.0,,20240404
049720,11460,11470,11140,11200,70878,795498050,-0.53,160160000000,-102994790.0,45090.0,20240404
014570,6790,6880,6730,6810,28277,191905660,0.0,74910000000,-40161710.0,-1887390.0,20240404
348150,7940,8000,7840,7990,63781,504387010,-0.13,150788941920,30527990.0,14242270.0,20240404
950190,11160,11160,10650,10910,23177,250499410,-1.09,148156621720,-15625620.0,0.0,20240404
098460,17980,18390,17980,18220,825402,15054544340,1.79,1250889636100,1910838730.0,-100231750.0,20240404
035290,654,672,627,636,348270,223463912,-2.75,29542558704,-39903727.0,,20240404
900280,112,115,110,112,3389500,378465507,-0.88,23005280256,-1376955.0,,20240404
215000,81900,81900,81000,81400,8744,711057900,0.12,510818781000,-48741000.0,-144903100.0,20240404
121440,3915,3920,3850,3865,55055,213161650,-1.4,165564301570,-82686245.0,-5666560.0,20240404
366030,5620,5650,5500,5540,78148,435127410,-1.42,125305659000,-47506040.0,112200.0,20240404
014200,0,0,0,1006,0,0,0.0,91250936176,,,20240404
029480,3895,3935,3785,3815,830009,3191036540,-2.18,182765979445,-108171640.0,-7148265.0,20240404
026910,3490,3500,3460,3495,5014,17431130,-0.57,22386890475,-399560.0,,20240404
421800,2500,2535,2465,2535,47823,119900580,1.4,15159300000,570585.0,12062330.0,20240404
440790,2240,2255,2235,2255,13707,30805360,0.0,9132750000,-730390.0,-3245585.0,20240404
456490,2190,2205,2175,2200,28323,61822035,0.0,9240000000,294500.0,25079855.0,20240404
465320,2175,2185,2150,2165,9934,21515175,-0.46,8248650000,-17115.0,7422185.0,20240404
053270,2720,2735,2685,2690,82659,223611595,-0.74,73733989450,-19839035.0,,20240404
066620,14430,14570,14400,14470,3242,46958490,0.28,108525000000,-1494090.0,,20240404
043650,5690,5800,5580,5600,31321,176895990,-1.58,100006502400,-7165190.0,2822580.0,20240404
006050,1179,1195,1175,1178,113274,134104873,-0.93,41106596254,-1566788.0,,20240404
060480,2435,2540,2420,2475,156256,387924665,2.27,27447750000,47033585.0,1660.0,20240404
078130,0,0,0,800,0,0,0.0,901924696800,,,20240404
307750,6020,6070,5870,5900,205369,1217067880,-1.99,289508687100,-272382580.0,10.0,20240404
035080,16550,16950,16120,16180,130451,2156751660,-2.82,235056309120,-100608940.0,544510.0,20240404
204020,2935,2955,2910,2940,110904,325776115,-0.68,59233444200,-16607795.0,,20240404
402490,27450,27500,26100,26100,255801,6823749600,-4.4,215741138400,-333985800.0,-1006581850.0,20240404
114450,2105,2165,2085,2115,50063,106134965,-2.53,42300000000,-1580280.0,,20240404
186230,10550,10690,10150,10660,78203,812047150,1.04,115343204080,-75254460.0,10.0,20240404
900070,490,499,490,494,64973,32090664,-1.0,26549520192,-200981.0,,20240404
204620,6280,6470,6170,6400,2349590,14880131020,1.91,363442227200,-1493910530.0,2354659210.0,20240404
019660,829,844,818,824,24354,20162875,0.0,28667574704,-4066254.0,,20240404
053260,5010,5060,5000,5040,9590,48208700,0.8,94348800000,-1303640.0,0.0,20240404
282720,14630,16400,14310,14750,4891770,75588746440,-0.81,178762625000,-280696450.0,-876142190.0,20240404
036190,28000,28000,27500,27950,6213,172232350,0.0,167700000000,-34853850.0,300.0,20240404
049080,901,913,869,873,666003,589735511,-3.64,74103161931,-201408869.0,-1239056.0,20240404
420770,68100,79300,67700,79000,1870855,141423070800,16.69,1001384882000,-1493634300.0,735476000.0,20240404
035460,2395,2420,2370,2400,37585,90087345,-0.41,34985616000,-2959530.0,,20240404
308100,4265,4290,4255,4290,11215,47854620,0.0,28420104570,-1748075.0,,20240404
407400,8720,8870,8600,8660,79573,690200430,-0.69,106167044840,-147633310.0,,20240404
187790,1137,1190,1137,1179,194616,228127292,3.69,36361338570,-29678544.0,,20240404
286750,2005,2115,1999,2090,131830,271303725,4.24,43251628310,30457595.0,,20240404
121600,125400,126800,121700,123500,149443,18472634700,-0.4,1501744933000,166294900.0,-2657840500.0,20240404
247660,9940,10000,9750,9900,7562,74741200,-0.5,43004808000,-22603140.0,,20240404
039860,3485,3550,3450,3500,73888,256911675,0.43,93826694500,-8492550.0,3475.0,20240404
091970,683,716,678,716,114208,79174843,4.83,26790924988,10598379.0,,20240404
417010,14990,14990,14100,14230,101022,1458414250,-3.33,280677187440,-482190810.0,-14731660.0,20240404
405920,4950,5000,4920,4920,43401,214886625,-1.3,63360133920,-29606410.0,,20240404
051490,5440,5450,5350,5360,52133,280994350,-1.47,76112000000,-2615010.0,0.0,20240404
137080,7000,7210,6840,7060,75372,530336870,1.88,78079519320,-107052380.0,-8710.0,20240404
190510,14640,15490,14630,15190,389935,5914554160,4.26,246964852960,961078300.0,5879190.0,20240404
242040,2290,2320,2280,2280,182552,418497320,-0.44,78902281920,3363050.0,-1503640.0,20240404
089600,20700,20900,20300,20700,34474,713602050,0.0,239460974100,36962950.0,66956000.0,20240404
293580,989,1010,973,985,276510,271616042,-1.3,94333450000,-50501964.0,-51220.0,20240404
138610,18360,18390,17940,17960,71054,1283343240,-1.16,183744144280,-99135850.0,4137320.0,20240404
130580,6020,6020,5890,5890,9263,54940840,-2.16,90706000000,230070.0,2101310.0,20240404
036800,21450,21600,21050,21500,10679,228243100,0.94,215000000000,276400.0,106149300.0,20240404
267320,3045,3080,3005,3025,440499,1341158630,-1.14,132083914600,-231843660.0,280680.0,20240404
111710,5580,5580,5500,5540,2367,13082930,-0.36,114057520000,-38930.0,,20240404
091590,5140,5150,5050,5110,32603,166420170,-0.58,59991400000,-33883780.0,,20240404
168330,2455,2455,2305,2400,56606,134722475,-0.83,76211760000,1851450.0,-1606865.0,20240404
094860,1790,1898,1785,1822,49791,90421492,0.05,38990014718,-4671005.0,-6709546.0,20240404
253590,14020,14310,13750,13810,2218017,30959184280,0.0,604664801220,-565245890.0,-4220570.0,20240404
212560,10610,10850,10310,10750,55785,592506400,1.42,84655852250,16048680.0,0.0,20240404
095660,21250,21500,21000,21150,116055,2454088550,-0.24,466013156850,104401500.0,-95350100.0,20240404
042420,21350,21800,20900,21150,29658,627515200,-1.86,187322715900,91387550.0,-269364050.0,20240404
950220,1602,1627,1578,1594,250685,399582134,-0.5,157594739210,-126729790.0,,20240404
311390,6160,6340,6160,6210,8230,51235240,-0.96,68180502870,3921970.0,30.0,20240404
085910,3320,3960,3320,3375,5543545,20748754975,1.81,47030010750,-205150090.0,19245.0,20240404
092730,24000,24450,23850,24150,41242,990430100,-0.62,198207768150,182618450.0,-440535900.0,20240404
290660,1250,1290,1220,1236,102444,127959059,0.9,47770112088,-20798241.0,,20240404
306620,2885,2900,2825,2835,182068,522649405,-0.53,118258075845,-21016765.0,,20240404
153460,7030,7460,6860,7100,5089,36211110,0.57,46363099400,-105990.0,,20240404
007390,8290,8590,8190,8490,542131,4572999210,2.91,544694254440,-445101430.0,-166287850.0,20240404
033640,18270,19270,17520,17900,1654305,30268327820,5.42,412759715800,734379300.0,220891610.0,20240404
330860,32950,35250,32900,34300,910464,31151943450,6.36,417912743500,2907960350.0,295445300.0,20240404
089140,4350,4395,4305,4355,29043,126203225,0.11,40952394925,-40218655.0,0.0,20240404
137940,381,400,378,390,429860,165886966,2.63,30545186880,1338993.0,2771.0,20240404
396270,11950,12280,11800,12190,177158,2134394420,1.92,220037301600,406790960.0,2851970.0,20240404
348210,70600,72100,69800,70200,171874,12151000700,-0.43,721538906400,681522900.0,-2993219700.0,20240404
225570,14000,14000,13610,13630,164365,2252018510,-1.8,896864495100,-381260510.0,-368359960.0,20240404
217270,6490,6490,6180,6320,75254,471118420,-2.02,294399188000,-56444150.0,152100.0,20240404
104620,6900,6970,6800,6850,54754,375135270,-1.3,108518563100,-161950230.0,3610.0,20240404
194700,10030,10040,9770,9820,117850,1159077630,-2.09,184172607360,-781230.0,-475000580.0,20240404
285490,19450,19630,18870,19170,44996,860896610,-1.19,202738680270,34645760.0,20460.0,20240404
106520,0,0,0,411,0,0,0.0,15904036272,,,20240404
376930,2670,2675,2555,2575,270428,703506810,-2.46,95138679500,-31508315.0,2958825.0,20240404
142280,4195,4220,4155,4165,25159,104859650,-0.83,88032318815,-28180285.0,-378950.0,20240404
234690,10170,10170,9560,9800,95711,932902100,-2.0,173972304800,80857940.0,-153525750.0,20240404
065560,0,0,0,11540,0,0,0.0,189726555040,,,20240404
054050,8050,8050,7990,8030,20279,162285440,0.25,128725404830,7169550.0,-432440.0,20240404
069140,1490,1495,1478,1493,75832,112711978,0.2,19562395299,6947530.0,-221407.0,20240404
040160,3460,3530,3445,3510,42752,148545405,1.3,42314927850,26590520.0,,20240404
332290,1656,1684,1653,1672,86393,143977334,0.91,55819390616,-16556273.0,,20240404
348340,36700,37050,36050,36300,116723,4255346750,-0.95,382299621000,-222111900.0,21116600.0,20240404
060260,624,624,617,617,178312,110674874,-1.12,25642547765,4239319.0,,20240404
123840,393,402,393,397,307786,121941702,-0.25,111057178588,-7407661.0,,20240404
012340,886,887,836,880,72871,64092402,-0.68,44798302560,-2121260.0,,20240404
214870,0,0,0,1383,0,0,0.0,64719014598,,,20240404
270870,9020,9510,9010,9420,69131,643982370,4.67,86666110080,72709340.0,-30822140.0,20240404
144960,6030,6380,5650,5870,3685730,21812013690,5.39,256475702880,182888110.0,134443570.0,20240404
085670,7140,7920,7140,7600,3003610,22838583490,5.85,185825783600,2870478420.0,-136245240.0,20240404
064260,4020,4055,3965,3965,380614,1518297860,-1.61,273382943600,-396122855.0,-53330235.0,20240404
340360,2475,2475,2290,2310,1132148,2670530840,-6.67,100226769720,-1024199990.0,-440.0,20240404
039560,3695,3695,3640,3680,67064,245712075,0.55,145382010080,-17364485.0,-2435280.0,20240404
154040,1646,1653,1610,1634,58649,96186936,-1.15,29330453596,-471360.0,,20240404
032190,12200,12300,12130,12230,129946,1585136740,0.49,468409000000,114981610.0,-3637120.0,20240404
068240,13170,13270,12940,13070,146107,1909864680,0.15,447823121590,-262837570.0,45210880.0,20240404
020400,8560,8770,8560,8610,14127,122360040,-0.12,27458719260,-8143090.0,-182090.0,20240404
008830,11150,11550,11090,11120,362975,4086638390,0.18,99941222400,-824328780.0,110.0,20240404
048470,3790,3920,3790,3855,48398,185893310,1.72,38550000000,4437970.0,40638480.0,20240404
004780,4125,4140,4105,4135,14044,57965755,0.24,65759727865,783015.0,-939195.0,20240404
017650,8480,8760,8330,8570,5453,46277430,0.82,77130000000,-1215200.0,-1432650.0,20240404
007720,530,532,529,532,97025,51461886,-0.56,53625839400,-135698.0,0.0,20240404
389260,13880,14700,13810,14210,248476,3557382080,2.97,242280500000,337017820.0,4321210.0,20240404
317850,8990,9090,8800,8830,91910,821079170,-1.78,73504628600,-128201170.0,16550.0,20240404
290670,28350,28700,27850,27950,28603,804594950,-1.41,219621597000,-38767100.0,8543250.0,20240404
078140,10090,10230,9900,10020,105376,1056899000,-0.69,111087521580,-5078500.0,-7500.0,20240404
065150,169,176,169,169,212488,36495609,-0.59,21172726445,-1633893.0,,20240404
036480,10580,10600,10500,10550,7690,80971120,-0.38,40090000000,-5937820.0,,20240404
027830,1837,1905,1825,1892,713965,1341581804,3.11,102168000000,137108391.0,38770319.0,20240404
104040,999,1010,990,998,50468,50451528,-0.5,31238678438,-153898.0,,20240404
129920,5570,5610,5500,5540,37789,209124280,-0.72,75981393620,-80677490.0,-1461780.0,20240404
438220,0,0,0,2275,0,0,0.0,12831000000,,,20240404
442310,2245,2245,2220,2240,14074,31512025,-0.22,15030400000,-57820.0,28717985.0,20240404
457390,2215,2215,2195,2200,13241,29099020,0.0,15477000000,-105795.0,13958705.0,20240404
457630,0,0,0,2620,0,0,0.0,19152200000,,,20240404
471050,2335,2370,2320,2325,10710,24910315,-0.43,14089500000,-2593145.0,5612080.0,20240404
020180,1120,1124,1112,1119,174087,194354085,-0.36,43001955885,-75750711.0,,20240404
045390,3080,3120,3080,3115,191622,594591815,1.3,219524569355,239211750.0,-3115.0,20240404
108380,13020,13090,12910,12950,15688,203466520,-0.61,123896962350,-31042730.0,-5852550.0,20240404
006580,7650,7660,6610,6820,27821,196256490,-6.83,183117000000,-16960970.0,-41982870.0,20240404
007680,4770,4800,4700,4800,4261,20192770,0.1,64543075200,-305345.0,188600.0,20240404
048910,10870,10920,10720,10790,17009,183705200,-0.46,135726827340,-34170230.0,865880.0,20240404
005710,6250,6390,6250,6340,19702,124743120,0.48,127038384000,-1234040.0,-1172410.0,20240404
290380,0,0,0,2300,0,0,0.0,56841307600,,,20240404
120240,16880,16950,16720,16840,16350,275077630,0.0,121086184440,-39588410.0,30.0,20240404
003310,1715,1731,1706,1723,167578,287631995,0.53,60981019050,47443089.0,,20240404
078600,88800,89400,86100,88100,195900,17123394500,0.23,1363840243300,3981907600.0,-3709443700.0,20240404
096350,473,473,457,463,655646,303097067,-0.86,75821347167,-31077057.0,,20240404
140520,2450,2470,2435,2465,11830,29043365,0.41,52034283995,151255.0,,20240404
131220,6080,6080,5970,6020,21422,128859860,-1.79,44876029800,-2121280.0,-3210.0,20240404
010170,1115,1130,1100,1124,184610,206170866,2.65,83750550584,23344111.0,-1481295.0,20240404
054670,8200,8200,8110,8170,20139,164047590,0.25,117279696400,-63909870.0,0.0,20240404
023910,28200,28250,28000,28150,3497,98128150,-0.18,168900000000,-18207700.0,-6200.0,20240404
021040,4065,4080,4065,4080,746,3033290,0.12,44277738960,-77235.0,,20240404
021045,8050,8600,7900,8480,117,943890,5.34,3597606080,,,20240404
067080,10350,10450,10130,10140,70228,718343510,-2.41,188772831000,-246164620.0,2195320.0,20240404
298540,15470,15630,15210,15440,57169,878466620,-0.19,227756613440,-174585220.0,350684000.0,20240404
032860,0,0,0,3640,0,0,0.0,147040941320,,,20240404
393890,38850,39550,38300,39250,202531,7845488100,1.82,1322588331500,-83216200.0,-1823639400.0,20240404
299170,1998,2005,1960,1990,42363,83583543,0.0,59755646370,-21990314.0,-2016.0,20240404
224060,5720,5830,5720,5800,6123,35456960,1.05,27540708400,5584280.0,,20240404
213420,37750,38850,37300,38500,85590,3285709100,3.22,956000391500,1149174300.0,1975750.0,20240404
317330,39100,39950,37400,37700,564983,21850935450,-4.19,695970199600,-2409677850.0,-531650.0,20240404
077360,6700,7020,6700,6900,308029,2134465650,2.68,313515313800,213646730.0,15140.0,20240404
090410,1863,1870,1845,1858,207366,384367454,-0.27,85624248510,-35538601.0,,20240404
263600,7630,9550,7630,8600,6481641,57602852030,12.71,137000666000,-95438750.0,-957190150.0,20240404
194480,48800,49350,46800,47050,72585,3460392900,-3.59,564523779000,-63459750.0,-915089000.0,20240404
263800,7350,7630,7270,7600,2601719,19700934530,1.47,123244488000,-387844000.0,125590.0,20240404
206560,8050,8050,7740,7770,59903,468543730,-2.02,197449188720,-115153930.0,4878740.0,20240404
261200,8920,9060,8860,9050,83731,751715350,1.46,143077785000,-13188860.0,55752000.0,20240404
067990,5420,5610,5420,5490,198675,1100570220,1.1,171186709500,-54566100.0,-5570.0,20240404
006620,6060,6170,6010,6020,153508,928745520,-1.15,171359251840,-114406060.0,12220530.0,20240404
100130,3080,3085,3020,3040,105654,322044075,-0.98,173714720000,-31345425.0,2939240.0,20240404
005160,9350,9350,8740,9070,893242,8053283420,-3.92,491997451740,-1123545210.0,-3651680.0,20240404
075970,3290,3335,3290,3290,81999,270450625,-0.3,60536000000,23697545.0,,20240404
086450,16920,16920,16510,16620,168409,2799641050,-0.84,738925200000,-139217550.0,242128990.0,20240404
099410,2710,2775,2665,2750,176252,479955775,2.04,38500000000,-30904435.0,-955200.0,20240404
033500,12380,12410,12130,12350,148352,1817825570,-0.16,370370250900,-526863050.0,463459360.0,20240404
025950,27600,27800,23750,24100,348433,8750278650,-11.88,202440000000,-93252150.0,7650.0,20240404
088130,8150,8530,8150,8470,106023,884857780,3.93,90315084860,26035380.0,2058240.0,20240404
041930,7370,7400,7350,7370,18192,134369220,0.0,116446000000,-6297970.0,-204820.0,20240404
060380,1887,1891,1835,1864,37189,69599316,-1.22,36720800000,-514008.0,2809000.0,20240404
079960,21200,21400,20900,21300,29025,613060250,-0.23,167418000000,-33946300.0,-11975450.0,20240404
228340,2425,2610,2360,2415,405158,1011591370,0.63,48300000000,-10074490.0,,20240404
088910,2655,2670,2605,2625,176175,463575270,-1.13,67808380500,-101759115.0,-4594925.0,20240404
094170,20650,21250,20400,20750,230545,4801593900,1.22,393270205750,748086250.0,-27572500.0,20240404
013120,2665,2735,2665,2730,47534,128712615,2.06,247906113000,-8751285.0,2211575.0,20240404
109860,9270,9300,9210,9290,6634,61364500,0.43,84539000000,-7582940.0,,20240404
032960,11470,11610,11320,11580,31369,359260620,1.58,44079142620,37744450.0,,20240404
023790,982,992,964,984,44455,43358544,0.2,19397264328,-8923873.0,-86667.0,20240404
005290,47950,49200,47600,48000,1660547,80239117350,1.8,2467895712000,-5803048200.0,3547732700.0,20240404
025900,59400,61300,58200,58200,110369,6585031100,0.69,1176535989000,166308600.0,-377975500.0,20240404
131970,48400,51500,48250,50500,432724,21689863200,5.54,858831583000,973279750.0,1691147350.0,20240404
073190,2700,2735,2675,2700,27690,74908630,0.0,32313708000,-4810495.0,-12030905.0,20240404
030350,503,512,498,506,315530,159236348,0.6,35110820338,8853068.0,,20240404
203650,3585,3610,3550,3575,233963,837302025,-0.28,180915570550,-111885260.0,,20240404
223250,2935,2950,2880,2910,72628,211250950,0.0,68994004800,-61432470.0,-2515620.0,20240404
060570,2945,3000,2945,2950,50775,150515255,0.17,223083640350,14837525.0,1775650.0,20240404
362990,2860,2930,2860,2865,69842,200928355,-0.87,47249482590,6917200.0,0.0,20240404
217620,0,0,0,381,0,0,0.0,22001687010,,,20240404
016670,223,227,219,222,586821,130730820,-1.33,22612481328,-11539991.0,-2836.0,20240404
187870,15570,16150,15550,16140,31919,509870980,3.66,113570869260,128722200.0,-300.0,20240404
066670,5300,5410,5300,5350,52674,281821370,0.94,100001761300,-1943210.0,26840.0,20240404
110990,18150,18990,17300,18700,382081,7063508460,4.18,353430000000,458419630.0,218639530.0,20240404
263690,10020,10200,9970,10200,23090,232518170,1.8,115521222000,4491970.0,35345440.0,20240404
214680,3185,3215,2950,3115,836721,2608087415,-1.27,229659941420,-292857925.0,-526090.0,20240404
263720,24250,24500,23450,23800,95316,2274968500,-1.86,298082457400,-246401050.0,-63177450.0,20240404
376300,29600,29850,28750,29000,63810,1848867650,-1.02,688413774000,-570533750.0,-253624100.0,20240404
109740,5730,5900,5700,5880,63287,364261080,2.62,151177093200,36607940.0,,20240404
196490,0,0,0,518,0,0,0.0,87754048480,,,20240404
066900,2950,3025,2950,3010,5234,15681125,2.03,68460954030,-2197955.0,,20240404
127120,2960,2970,2875,2955,14219,41467145,-0.51,55218772980,752305.0,,20240404
092070,23200,25500,22950,24850,586603,14425347750,8.28,287560671300,2491534150.0,243382700.0,20240404
039840,22400,22400,21800,22200,41400,910128600,-0.22,352574961000,-261819150.0,1572500.0,20240404
219550,753,940,753,826,9955517,8758894133,-0.6,43188603570,327343434.0,,20240404
310870,1482,1516,1479,1505,45321,67547050,1.14,31134342855,-3984905.0,,20240404
104460,21900,22400,21250,21600,102911,2239698000,0.0,231414300000,-299838700.0,253385900.0,20240404
079810,12900,13080,12600,12690,169281,2162223490,-1.63,279536512860,55370370.0,-5945070.0,20240404
113810,1014,1027,1010,1011,160906,163356501,-0.3,32986959561,-11225261.0,,20240404
043360,2500,2545,2465,2505,32670,82473385,-2.72,22545000000,-86890.0,,20240404
197140,4805,4870,4750,4760,48150,229332270,-1.45,45681025040,42352240.0,,20240404
068930,6610,6820,6510,6810,101791,680691930,2.41,188469079020,39318140.0,95714700.0,20240404
033130,2015,2030,1999,2005,55672,111880289,0.3,74416110335,27354150.0,,20240404
105740,8500,8600,8410,8490,48962,414941570,-0.12,86228795370,-62699710.0,-16520.0,20240404
263020,2830,2850,2790,2800,46944,132222005,-1.06,42195526800,-2734820.0,1075.0,20240404
290550,9220,9340,9060,9330,36753,338183530,1.19,174175901430,-4592300.0,-1507030.0,20240404
187220,3975,3985,3830,3870,109734,425704895,-2.64,45271341270,-47440585.0,,20240404
383930,7360,7420,6940,7080,443938,3143037960,-3.41,90132024960,-126456500.0,-41932300.0,20240404
131180,1080,1087,1080,1082,20381,22084837,0.19,31756700000,-842670.0,,20240404
315640,17810,17880,16960,17380,163141,2826464510,-2.25,194840818920,-394442880.0,-392283190.0,20240404
317120,3800,3820,3755,3805,13987,52793795,0.13,36756300000,3076540.0,,20240404
042510,2465,2490,2450,2470,165258,407116390,0.2,138383901370,-29775365.0,,20240404
232680,8690,8980,8580,8940,72816,641448220,1.82,112056051960,162985950.0,-64640210.0,20240404
418420,6120,6300,6120,6170,112894,699037350,0.98,182302262860,148198840.0,-9084120.0,20240404
300120,7100,7290,7070,7240,124463,894549350,1.83,150852726880,68146300.0,50.0,20240404
171120,3055,3090,3050,3085,61946,189222480,0.16,110756929600,353655.0,,20240404
388790,1998,2005,1937,1960,115226,225983250,-1.8,58631302800,-35810101.0,-450891.0,20240404
069540,2320,2450,2305,2310,550222,1303555875,-0.22,66127016340,88777850.0,-1048300.0,20240404
347700,2025,2085,1995,2015,128427,258173507,-1.47,31563987650,-23304858.0,,20240404
214260,16660,16840,16350,16450,13939,229546570,-1.26,142406268200,-122099980.0,37506000.0,20240404
200350,13040,13140,12750,13020,114068,1475166200,0.15,87159746940,38288540.0,-120.0,20240404
171010,4570,5910,4565,5910,3424033,18918428415,29.89,83945970960,-63410370.0,-5910.0,20240404
084650,2895,2940,2805,2835,1135715,3237709120,-2.41,210470371650,698266655.0,-145234535.0,20240404
217500,2880,2950,2880,2950,57243,166953935,2.43,93845400000,6181305.0,,20240404
141080,66400,67300,65000,65100,619457,40839274600,-1.66,1830632181000,3620741700.0,-777411900.0,20240404
038390,15480,15580,15400,15500,2190,33998090,0.26,133136940000,-838480.0,931190.0,20240404
294140,2070,2070,1900,1920,307738,599782454,-0.88,80640000000,-129467872.0,,20240404
443250,11210,11310,11100,11160,14753,165088510,0.18,123932090160,-23227510.0,-461530.0,20240404
228670,16510,17020,16500,17000,169136,2844482390,3.6,259828731000,291221630.0,1043190.0,20240404
228850,8940,8980,8930,8940,9371,83853510,0.11,148323665160,-2121440.0,76930.0,20240404
412350,9440,9890,9360,9560,841916,8084814000,-1.14,83233872320,199410.0,-109270.0,20240404
199550,9340,9500,8990,9030,187891,1719260410,-3.73,102877281990,-68534540.0,,20240404
281740,26150,28400,26050,26800,2976971,81389781000,0.19,1761578686400,4709286150.0,-769932250.0,20240404
277810,182500,182900,178300,179400,149593,27005720400,-0.22,3480334525200,-1804067800.0,-220397700.0,20240404
215100,4625,4675,4625,4645,38891,180812405,0.43,94518568830,5640370.0,4650.0,20240404
090360,32950,33650,32250,32450,110224,3608137600,0.46,316387500000,16888850.0,3668050.0,20240404
108490,25950,26300,24850,25050,141927,3599170400,-3.09,326530958400,93157450.0,12955750.0,20240404
900260,823,833,798,813,153279,124615680,-2.4,29293437144,-85334.0,,20240404
067730,3145,3200,3145,3175,14284,45454025,0.0,30714702350,1406850.0,,20240404
071280,11420,12300,11180,12190,294858,3500728990,8.55,186465590570,212851010.0,433396480.0,20240404
328130,57800,58300,56100,56400,293309,16640877800,-2.08,1622053284000,1402626900.0,-569256900.0,20240404
038060,1119,1130,1110,1111,109257,121925742,-0.71,53442509659,8630765.0,-3972678.0,20240404
060240,1652,1656,1614,1614,68373,111172176,-2.77,41042864376,-23448435.0,-134942.0,20240404
058470,265500,278500,256000,263000,255341,68168420500,-1.5,4008743310000,-5128995000.0,-3831949500.0,20240404
019570,722,722,670,686,216515,148462125,-0.58,35994447440,-17661940.0,,20240404
016100,2550,2570,2340,2390,260448,630048060,-7.18,45651136660,10134595.0,,20240404
012700,5430,5540,5430,5470,27488,150355570,0.18,144660358450,-16500630.0,35650.0,20240404
302550,2735,2760,2705,2710,36350,99003280,-1.63,83029196800,-2098725.0,,20240404
073570,7440,7840,7440,7530,2263696,17277343180,1.35,265758729720,518079650.0,-75979260.0,20240404
377450,9670,10100,9550,10020,262366,2591307270,4.48,173646600000,193049430.0,873577560.0,20240404
277070,5450,5580,5270,5390,46157,248538780,-2.0,73799880000,23063110.0,-87320.0,20240404
042500,7900,8380,7760,7850,1458708,11698703850,-2.24,120551492300,-201561980.0,-121343580.0,20240404
219420,8650,9130,8620,8950,866210,7736223590,1.24,102652087650,-275846570.0,-3931560.0,20240404
439090,20100,20150,18850,19030,560323,10779054130,-4.42,311678287800,-1830179590.0,-10176640.0,20240404
195500,3115,3165,3105,3135,37639,118314155,-0.32,49934280000,-6757675.0,,20240404
377480,23900,24250,23800,24150,66713,1596521750,1.26,148908489450,-23509150.0,4587000.0,20240404
305090,7910,8080,7330,7550,163808,1243541030,-5.15,118056813200,-53049130.0,-276265320.0,20240404
098120,9450,10320,9450,10140,257236,2584682220,7.42,84291447240,682407710.0,32775360.0,20240404
424980,14780,14850,14140,14620,142577,2071645580,-1.28,86534171800,59294180.0,65866970.0,20240404
038290,21250,21500,21150,21200,22814,484653850,0.24,229837680000,-149289750.0,-3955300.0,20240404
267980,40750,40750,40150,40250,5157,207648650,-0.12,315706429500,-27994500.0,-48113950.0,20240404
005990,8080,8130,7990,8020,4225,34024730,-0.74,110020798080,-905810.0,-91040.0,20240404
093520,14100,14590,14100,14480,126287,1820723370,2.84,234041572160,398635920.0,533820.0,20240404
377030,5510,5530,5430,5430,38768,212092520,-1.45,106269889260,-18085090.0,-53910.0,20240404
100590,5060,5100,5050,5090,28244,143184240,0.59,80574817070,-38938310.0,-822440.0,20240404
067280,36500,36500,35000,35600,4142,147230600,-2.47,210993332400,-11127900.0,250.0,20240404
072870,10860,11000,10860,10940,7699,84124290,-0.45,130415291460,6300010.0,11180.0,20240404
215200,54000,54200,53000,53600,44912,2402482700,0.56,626823806400,443392700.0,-729580400.0,20240404
133750,2620,2650,2580,2590,98672,256590305,-1.52,60624329430,19705845.0,,20240404
446540,5560,5790,5430,5570,420097,2379113140,1.27,115694470000,242094070.0,429220.0,20240404
235980,11990,12120,11420,11420,365312,4299238640,-1.81,383491536900,-630826060.0,9281900.0,20240404
041920,6880,7060,6810,7020,195893,1363588790,2.03,130559525460,90698090.0,3026780.0,20240404
014100,3130,3230,3130,3180,54145,172219595,1.27,37524000000,-27288195.0,,20240404
054180,795,795,761,765,89734,68868287,-0.26,43720643520,-12226839.0,,20240404
086900,144200,145600,140800,141700,48589,6913010600,-1.73,1034192915600,-333044700.0,-217733500.0,20240404
078160,7240,7240,6990,7060,68258,481721960,-1.12,241577562100,-180839890.0,20452300.0,20240404
065650,1402,1420,1359,1398,407030,560979481,-0.14,84140696244,-107755815.0,-166043834.0,20240404
408920,2440,2480,2440,2465,44214,109067490,1.02,106568001575,13766975.0,0.0,20240404
021880,331,335,326,327,258296,85217400,-1.21,49764301416,-14792555.0,879272.0,20240404
140410,39100,39100,37750,38100,151713,5774360250,-1.04,1131555560100,342549650.0,-2156861650.0,20240404
241770,8760,10700,8760,9500,850949,8568136700,9.57,96830080000,-180407580.0,2195600.0,20240404
059210,4190,4265,4160,4195,286850,1206360215,0.24,100102562445,110829855.0,-169851950.0,20240404
058110,3040,3085,3010,3070,102270,310960480,1.15,49275127100,-8285800.0,3015.0,20240404
434480,7290,7500,7100,7240,1866056,13600624120,-5.97,88112972000,1235877700.0,-27436240.0,20240404
080420,2110,2220,2110,2175,18334,39638185,-0.68,173394527850,-612085.0,,20240404
417970,15150,17640,14890,15550,958404,15898712720,3.46,99468685000,-210770760.0,-27070.0,20240404
080160,16050,16200,15760,16150,106230,1698044170,1.64,305235000000,-151141850.0,325797560.0,20240404
087260,2270,2295,2250,2280,183837,417004250,0.44,74220523080,-81132835.0,,20240404
101330,3455,3470,3425,3445,73712,253782080,-0.14,79741514905,12174660.0,0.0,20240404
012860,1865,1885,1852,1861,114557,213435368,0.11,136287463477,-27795094.0,,20240404
363260,499,505,496,501,246404,123113230,-0.2,80570242347,1289649.0,,20240404
348030,7980,8090,7910,7990,7027,55950060,0.25,76734362000,-10747540.0,,20240404
250060,3790,3860,3770,3785,319161,1213593205,-0.53,121768423490,-67972750.0,,20240404
288980,2745,2845,2690,2750,3703899,10211135260,-3.0,92624983000,628430965.0,,20240404
033200,3815,3950,3750,3900,41525,158792955,2.09,55891621500,-14332830.0,,20240404
333050,1384,1395,1373,1391,54221,75049184,0.22,33739337905,-834181.0,21028341.0,20240404
118990,13400,13770,13280,13340,167058,2250827260,-0.3,331658946600,31260640.0,-89803880.0,20240404
006920,3720,3745,3710,3730,25274,94224755,0.27,40731600000,-4435250.0,,20240404
001810,1785,1801,1785,1801,8680,15540658,0.33,39869637500,-60878.0,,20240404
279600,14450,14450,13180,13180,17413,236374200,-5.65,61745413580,-29558530.0,360.0,20240404
095500,17240,17410,16800,16970,511711,8733535910,-1.51,526239683030,-696763330.0,-106915360.0,20240404
254490,21450,22300,21450,21650,321669,7042369400,2.12,312582700000,666788350.0,-262228650.0,20240404
218150,5110,5160,4945,4975,531307,2679962770,-2.83,101568614950,-110975450.0,-9915.0,20240404
442900,9630,9630,9610,9630,5056,48638380,0.31,73958400000,809040.0,19239850.0,20240404
100790,5690,5850,5650,5720,75180,430059280,0.53,311896442000,-73459760.0,-427130.0,20240404
412930,2200,2205,2180,2195,40448,88731190,0.0,13556320000,22635.0,49348610.0,20240404
446190,2180,2180,2170,2175,3061,6648790,0.0,10766250000,2175.0,5626475.0,20240404
448830,2530,2530,2475,2500,13465,33524855,0.6,12300000000,-4970.0,-22918140.0,20240404
049950,27250,27700,27100,27300,36354,994183650,0.37,240728233200,-160639700.0,-9611400.0,20240404
207760,2710,2805,2665,2675,1353144,3690983105,-0.93,214895774575,-105073430.0,868680.0,20240404
059090,12420,12800,12240,12390,518259,6467847240,0.73,414033879420,-300550610.0,242189370.0,20240404
214610,1716,1785,1700,1735,362864,628611986,1.88,75592119575,-12488445.0,58499.0,20240404
201490,2745,2775,2715,2755,53081,145109985,0.36,86115156350,485835.0,,20240404
418470,18720,19420,18610,19230,125430,2388677480,3.11,161306797470,300981580.0,62555710.0,20240404
206640,14000,14350,13920,14300,57483,812017790,2.14,335857808000,-285339110.0,71723510.0,20240404
018700,1586,1594,1571,1588,44317,70062148,-1.0,55770174116,-23744437.0,,20240404
035620,629,639,623,628,37523,23560685,0.0,46748115900,-2205022.0,77010.0,20240404
053030,13700,13950,13530,13570,560360,7664512200,-1.24,430997421360,-124884560.0,-79402240.0,20240404
301300,6470,6670,6330,6340,43197,277002420,-2.01,78236906040,-43395240.0,-44380.0,20240404
064550,27900,28300,27050,27200,143220,3943937700,-2.33,702039915200,-122072750.0,-232692850.0,20240404
314930,9030,9400,8940,8940,127375,1152706420,-1.0,266091080820,-99444470.0,-221208680.0,20240404
208710,656,665,647,661,290439,189760650,0.15,41378820774,990678.0,0.0,20240404
086820,16870,16890,16420,16880,16627,276888170,0.06,137461030880,-83327130.0,,20240404
038460,3610,3870,3550,3780,749180,2816225115,6.78,81032324940,24455435.0,-695230.0,20240404
251120,12610,12900,12600,12800,13535,172618780,1.35,111304960000,-52796710.0,70.0,20240404
199730,10820,10950,10630,10670,19974,214742920,-2.29,51582695890,-41044000.0,44754850.0,20240404
086040,5950,6020,5880,5890,115477,685148730,-0.84,93994074830,-116346850.0,,20240404
099430,6800,7100,6780,6920,633569,4391556880,2.37,400881578880,65197600.0,-392870.0,20240404
032980,879,905,836,840,236335,202865623,-4.44,34035039360,4028875.0,,20240404
308080,5010,5010,4920,4985,18236,90192045,0.1,95541213900,-14445325.0,,20240404
043150,31600,31650,30700,31150,22450,696637500,0.0,462710074400,-38064850.0,-113300400.0,20240404
323990,18850,18960,18360,18630,189631,3527677920,-0.43,428363316000,-487147180.0,-122583220.0,20240404
267790,6370,6430,6290,6300,22814,144806200,-1.1,49697550000,-14511710.0,,20240404
046310,2750,2770,2720,2745,63413,173551155,-0.18,45069169545,1414720.0,-1903765.0,20240404
331520,871,871,846,855,51543,43944835,-1.16,43489053450,-2440044.0,,20240404
438700,7020,7200,6990,7020,22730,159950220,-0.14,77616559800,553210.0,,20240404
066410,0,0,0,1153,0,0,0.0,96978744678,,,20240404
382900,19000,19750,18740,19090,132120,2541272080,1.27,167247490000,-287244350.0,1934870.0,20240404
206400,4335,4400,4170,4210,85468,362984160,-3.44,126718002480,-105598190.0,,20240404
019010,2055,2110,2055,2085,21987,45879910,0.48,100497000000,125805.0,0.0,20240404
177350,520,527,511,520,918687,475227473,0.0,41793462360,12815451.0,,20240404
299910,0,0,0,6880,0,0,0.0,32483121920,,,20240404
424760,1591,1650,1591,1650,21411,34486806,1.16,32043003300,-5877930.0,8140128.0,20240404
225530,5500,5570,5450,5510,15742,86445910,0.0,200226385770,-1506120.0,-15140.0,20240404
250000,10940,11070,10870,11000,14449,158454640,0.55,74258063000,-32894010.0,50.0,20240404
310210,33450,33900,32400,32700,73094,2409610200,-1.36,568940988900,-286766650.0,-71985800.0,20240404
006910,3085,3220,3080,3190,417066,1309310245,3.57,156724138560,140640875.0,98895.0,20240404
226340,2400,2600,2380,2560,2125519,5366057345,5.35,90594124800,-30256105.0,793605375.0,20240404
014470,2200,2200,2145,2145,131002,283523680,-1.38,128812097700,-82998900.0,,20240404
008470,4410,4435,4370,4430,5873,25906045,0.0,37233264000,-560420.0,-2414350.0,20240404
338220,33400,33450,31600,31950,295347,9521994200,-4.34,437381410050,-1503520450.0,-2033926300.0,20240404
100120,28500,28750,27800,28000,13213,370884250,-1.75,280052220000,-121173500.0,-4089850.0,20240404
406820,13530,13780,13400,13500,8543,115493770,-0.15,47709540000,-16463310.0,,20240404
337930,5030,5100,5010,5030,66650,336493130,0.0,147210942670,-58746910.0,29146760.0,20240404
099390,7270,7400,6750,7220,27024,192946020,-0.96,59263803260,-9860350.0,710.0,20240404
064480,7400,7520,7270,7310,72005,528713940,0.0,87372775000,-126701020.0,30.0,20240404
288330,5810,6030,5540,5540,633455,3650801760,-9.33,130971854660,20831470.0,-5313030.0,20240404
365900,4355,4390,4355,4380,3766,16489375,-0.45,32019114000,108715.0,,20240404
251630,9500,9680,9280,9550,217030,2053406630,-0.1,152254561300,154068110.0,-16838380.0,20240404
018290,21450,22200,20600,21350,2549166,54792328900,-4.04,764287449450,2454250.0,1477917400.0,20240404
044480,894,916,877,877,100123,89587544,-1.9,30079997611,1245078.0,0.0,20240404
439580,13640,13860,13640,13740,48737,669619230,0.73,146730339360,32668350.0,905820.0,20240404
033560,3630,3630,3490,3535,14811,52301745,0.14,60448500000,-8873570.0,6781900.0,20240404
369370,2210,2275,2160,2195,7225,15805195,-1.57,108865704740,-879135.0,,20240404
126340,45200,45450,44900,45100,10532,474738100,-0.22,261733204700,-137640350.0,-2632400.0,20240404
121800,0,0,0,3320,0,0,0.0,256309348520,,,20240404
148140,0,0,0,6140,0,0,0.0,120570191460,,,20240404
082800,3335,3375,3230,3295,82421,273086060,-0.45,158857600925,-33718275.0,,20240404
318410,12970,12980,12670,12700,40559,520867040,-2.08,70551586100,-138885810.0,0.0,20240404
419540,2150,2175,2125,2140,242050,518839875,-0.7,49203973540,-121876365.0,,20240404
146320,22450,23350,22400,22800,108165,2472511100,2.47,291678644400,381789600.0,-431412150.0,20240404
200780,6610,6680,6590,6630,6058,40214170,-0.3,58956505920,-3563970.0,,20240404
413640,9370,9370,9130,9140,24663,227313390,-1.51,65871431600,-33348100.0,-4216950.0,20240404
141000,8210,8940,8210,8370,373091,3217270540,1.7,101400122700,-67356830.0,1926590.0,20240404
083650,9100,9270,8800,9070,652310,5904191450,1.8,280665481250,-17472600.0,400051080.0,20240404
445360,2095,2095,2085,2085,9643,20150370,-0.48,8986350000,422240.0,-425510.0,20240404
473370,2030,2030,2020,2030,32403,65661760,0.0,8546300000,12992000.0,20250000.0,20240404
142760,2545,2595,2500,2580,246951,630582725,0.98,83269605780,-9388500.0,-70.0,20240404
065170,461,466,434,451,313208,141547520,-2.8,40125722109,-6882769.0,-1177.0,20240404
086670,13110,13350,12750,13240,372782,4886571900,-2.72,120817303760,83401030.0,355440560.0,20240404
335890,10550,10800,10240,10250,3031555,31619380710,-3.76,598796031250,2274684320.0,-1458293320.0,20240404
230980,0,0,0,229,0,0,0.0,21370407553,,,20240404
138580,12720,13120,12660,13110,45066,583962560,3.07,295711296930,180880860.0,25990.0,20240404
082920,18010,18300,17880,18150,66541,1207847960,0.78,410291640000,-105283250.0,-3310550.0,20240404
054220,511,522,510,511,71000,36515204,-0.97,25121066089,-4548050.0,,20240404
042370,8040,8310,8040,8310,298261,2449716810,3.62,217722207750,136396280.0,-431360.0,20240404
050090,1170,1456,1131,1317,11463949,15828452383,17.59,26056495995,-16135595.0,-62932.0,20240404
307870,1508,1533,1490,1511,194431,292238615,0.2,51371271134,-39711669.0,,20240404
357880,4750,4770,4460,4535,117865,540076770,-4.63,47363340460,75508025.0,,20240404
032850,6320,6320,6180,6180,194159,1209312330,-2.22,102731950740,6536470.0,6260.0,20240404
148780,1421,1448,1415,1431,171130,244445765,0.7,44998832475,-32589710.0,,20240404
238200,5590,5610,5450,5450,34365,189257960,-2.5,44581000000,-12079310.0,,20240404
093190,5420,5450,5330,5450,34323,185164460,0.55,104852032250,-24886960.0,-7075740.0,20240404
065450,4880,4880,4760,4785,677153,3250599980,-2.15,137103648000,-533262600.0,9620.0,20240404
210120,17940,17990,16400,16700,31034,528302100,-5.17,52514987000,-122719580.0,4440320.0,20240404
072950,6330,6420,6140,6330,466305,2926925780,-1.09,50973021300,-148492200.0,-4770.0,20240404
143240,18000,18060,17850,18050,11053,198655160,0.11,211352197150,77887840.0,-12597360.0,20240404
452430,28400,28550,26100,26300,356861,9631301350,-6.57,205163038800,563454300.0,-683764200.0,20240404
419120,9370,9530,9180,9330,29740,274845690,-0.43,72324536580,-12353620.0,-83206120.0,20240404
122350,1974,1980,1967,1972,63666,125493786,-0.1,75605352016,-32558050.0,,20240404
419050,2815,2865,2795,2810,254179,714752500,0.0,160721434400,-116376775.0,,20240404
014970,3660,3685,3660,3665,3795,13919080,-0.68,55433125000,55185.0,-1230.0,20240404
018310,22800,22800,21000,21550,103531,2260844700,-4.22,316785000000,445582000.0,-233767150.0,20240404
053700,5090,5140,5070,5090,64841,330378140,0.0,116444897100,27754320.0,-3972310.0,20240404
009620,765,791,765,779,918238,713727137,1.83,38993547658,23859931.0,-304326.0,20240404
023600,10810,10810,10470,10540,62354,662185940,-2.68,170431800000,-133717420.0,-15509590.0,20240404
425290,2240,2250,2215,2245,15043,33732530,0.22,12392400000,-52640.0,,20240404
439250,10000,10020,10000,10020,6450,64538520,0.1,35090040000,1972030.0,-640000.0,20240404
448740,9800,9820,9790,9800,7523,73716880,0.1,45707200000,-137210.0,25752640.0,20240404
468510,2030,2040,2025,2035,51949,105508460,0.0,22486750000,-4061975.0,34847715.0,20240404
009300,16250,16380,16140,16300,11699,189902050,0.0,103831000000,-21981200.0,17680.0,20240404
225190,9550,9650,9500,9600,28639,274457970,0.1,97437004800,8605920.0,9770.0,20240404
361670,4520,4545,4445,4520,6649,29913700,-0.99,25617814160,-833465.0,,20240404
054540,4020,4055,3915,3925,371772,1471979435,-1.38,51025000000,-76554235.0,,20240404
065570,2810,2910,2810,2885,70827,203137645,2.12,36590443460,-2694090.0,,20240404
032280,1801,1835,1801,1826,30781,55851882,1.39,29606015340,3995501.0,,20240404
002290,3595,3610,3535,3605,36101,129009245,-0.14,44702000000,-15162015.0,1300.0,20240404
037460,8900,8910,8700,8760,49475,434409870,-1.79,142950252720,-112607760.0,-1465130.0,20240404
032750,5080,5140,5020,5060,18600,94072710,-0.59,40803161960,-1506260.0,,20240404
054090,1447,1452,1416,1420,105850,151588194,-2.0,35442109440,-26804013.0,,20240404
000250,111500,116100,104600,111400,4023260,444341553500,1.83,2613162380800,-1712749200.0,-10556909600.0,20240404
024950,5540,5540,5420,5460,24692,135028630,-1.97,72473730420,-21255700.0,-690.0,20240404
038500,2990,2990,2950,2970,78223,231634150,0.0,320511428820,-69294985.0,610745.0,20240404
437730,42650,43150,40550,40550,210388,8746185300,-4.92,428580613950,23773550.0,536900.0,20240404
017480,5130,5130,5010,5090,9562,48367140,0.39,79927710100,4565530.0,8577000.0,20240404
046390,1659,1662,1615,1631,179670,292339199,-1.63,70415053723,6198074.0,-170.0,20240404
027580,1726,1738,1693,1700,846090,1445376847,-1.51,100608174300,163483008.0,,20240404
038540,3495,3550,3415,3425,44781,154726795,-1.86,189499472025,-30548965.0,-13920.0,20240404
101000,2865,2865,2580,2805,833056,2277453555,-2.26,52676351640,158767010.0,,20240404
415580,2090,2090,2080,2090,5744,11968670,0.0,11097900000,-25015.0,-7286650.0,20240404
452670,2015,2025,2010,2025,14722,29720165,0.25,10570500000,-375605.0,,20240404
091580,17450,18000,17070,17330,188379,3264454600,-0.69,232711035270,63011950.0,-265819950.0,20240404
263810,4265,4680,4265,4425,3361919,15284514260,3.87,63032877150,152784050.0,-10485050.0,20240404
089980,19660,19830,19130,19150,42370,818755750,-1.79,306190058550,-187070940.0,-90894890.0,20240404
042940,413,420,407,413,454678,187214239,-0.24,49334683720,-30616488.0,,20240404
042600,23750,24200,22950,23450,22931,536370000,-1.26,291332810300,-11376050.0,-40101650.0,20240404
107600,54600,55200,52200,52200,28756,1525536200,-4.4,253772649000,-171366900.0,-178548600.0,20240404
411080,10280,10510,10020,10120,357516,3648487900,-2.97,152763808560,404782710.0,,20240404
252990,7100,7280,7050,7130,565005,4036237270,1.57,377166911050,584542860.0,54399420.0,20240404
378800,3670,3670,3435,3470,231709,812431975,-3.48,80056477570,-76587485.0,-851170.0,20240404
294630,5430,5700,5410,5480,618087,3412136740,0.74,128990755320,85623440.0,,20240404
038070,9300,9370,9210,9240,55348,511994050,-0.65,80394246240,-20581110.0,50.0,20240404
006730,7500,7500,7310,7350,91893,676077420,-0.81,452489821350,-80637880.0,-126636600.0,20240404
079650,1467,1546,1467,1476,75827,114476733,-0.07,29520000000,-4152678.0,-824396.0,20240404
100660,4725,4740,4600,4630,48598,225841995,-2.01,58338000000,-24332415.0,,20240404
019770,3800,3860,3795,3795,75564,288268105,-0.13,44211750000,-52428490.0,,20240404
043710,617,637,604,607,73320,45144328,-1.62,30470720160,-247008.0,,20240404
092190,3500,3510,3435,3500,15104,52247145,-0.28,160539340500,2235315.0,20.0,20240404
046890,10170,10210,10060,10130,157030,1589625070,0.7,590633702000,287379570.0,-224944060.0,20240404
063170,9880,9900,9710,9760,46750,456990690,-1.21,173476845920,-74876530.0,-37716720.0,20240404
027040,388,392,387,391,147610,57452234,0.77,27209239177,-3928979.0,,20240404
018680,3430,3490,3400,3490,2716,9380645,1.6,40691023310,-1465765.0,,20240404
093920,5760,5760,5710,5750,18537,106056420,-0.17,106950000000,-5488130.0,-3070.0,20240404
189860,4195,4385,4195,4355,70600,305553595,2.83,42238186900,10630710.0,35.0,20240404
178320,24500,24800,24000,24300,1708755,41538693350,0.0,913209600600,801404650.0,-621139300.0,20240404
122690,3150,3390,3145,3210,145305,466691755,0.94,69391725600,-31258395.0,96050.0,20240404
140070,3890,4260,3805,3885,2359261,9449424465,2.64,143698380000,-683467025.0,2355.0,20240404
011370,885,900,877,890,139556,124731271,0.56,89796429850,-21352472.0,44720864.0,20240404
065710,19200,19300,19000,19270,5071,96895930,1.1,99240500000,17096610.0,-32820.0,20240404
035890,1349,1362,1346,1358,271710,368450189,0.0,312079884606,-90387101.0,-52400.0,20240404
357550,60000,61400,59200,61400,11176,670313700,1.99,334937000000,63795800.0,-4300.0,20240404
003100,17780,17930,17530,17720,20359,358936100,-0.28,116952000000,-67010140.0,20.0,20240404
067370,8650,8720,8570,8570,17329,149040550,-0.35,105527166350,-8659070.0,,20240404
171090,39050,41850,38350,41850,232906,9295473550,7.31,395129495250,-713257400.0,75481450.0,20240404
086710,8120,8160,7990,8080,28925,233896900,-0.49,98602502400,-48965720.0,-12298750.0,20240404
014620,11100,11290,10900,11290,226386,2516668030,2.08,322894000000,-631609080.0,782686330.0,20240404
037350,3885,3905,3880,3905,12968,50463940,0.26,60410350000,-8931525.0,,20240404
081580,2115,2165,2115,2125,41961,89577750,0.71,32954803875,5979780.0,,20240404
045300,3800,3890,3780,3870,47009,180511460,2.38,38543590080,18029465.0,,20240404
015750,9080,9240,9000,9190,788759,7192132250,1.43,735200000000,-1300111350.0,-108015640.0,20240404
365340,88200,88600,85600,86400,70453,6097561100,-1.59,1045862496000,-1124042500.0,-554826600.0,20240404
080470,4605,4655,4550,4600,12822,58895465,-0.11,33580000000,2159155.0,,20240404
043260,1990,2180,1968,2075,4130123,8699536497,4.43,110816171800,-6848818.0,-10069790.0,20240404
148150,9730,9990,9680,9930,341886,3377654270,2.06,351053730990,425663790.0,17987660.0,20240404
188260,3755,3805,3670,3745,17069,63740925,-0.27,25287505810,-5625220.0,-108390.0,20240404
053060,1453,1453,1417,1419,349089,501203571,-2.94,25055877561,13470632.0,,20240404
340440,1785,1885,1785,1870,250336,466767710,5.06,53067540680,373800.0,,20240404
017510,2930,3000,2920,2990,57300,170816110,2.93,45585540000,5910210.0,-10140.0,20240404
011560,9490,9550,9320,9430,74397,699669370,-1.26,99297900000,-151303020.0,-8554340.0,20240404
396300,4000,4025,3875,3880,193361,760823830,-2.14,102779260000,-109562265.0,3885.0,20240404
100700,2835,2845,2800,2810,116410,327904640,-0.88,123078000000,-23670145.0,,20240404
024830,7270,7300,7200,7250,3370,24377350,0.69,60537500000,-87240.0,,20240404
258830,0,0,0,412,0,0,0.0,22810685704,,,20240404
036630,632,636,628,634,152335,96187317,0.16,139480000000,-34828248.0,,20240404
039310,2065,2070,2015,2030,27155,55219865,-2.17,36786984010,68655.0,,20240404
067770,2655,2680,2640,2680,6257,16648075,0.0,22502869240,5680.0,-657695.0,20240404
053450,6910,7090,6890,6980,126010,880967170,1.31,103253764940,80058590.0,-1960260.0,20240404
222810,1220,1249,1019,1080,3900923,4301806645,-11.48,81712098000,142893488.0,0.0,20240404
252500,1215,1341,1066,1066,33366074,41386260895,-6.82,44224491740,-21276566.0,163780.0,20240404
321370,4585,4665,4545,4625,257985,1190095010,0.0,120853007500,-200139255.0,,20240404
347000,2925,2995,2900,2925,157138,462641815,0.52,96539554800,-12647055.0,-32568825.0,20240404
331920,4300,4390,3820,3930,131262,526910690,-8.6,32085101640,-9239005.0,-855240.0,20240404
049180,1769,1820,1757,1785,119528,214569549,0.9,76406434125,24011349.0,-240925.0,20240404
299660,4190,4265,3970,4070,75810,307458735,-2.86,55364116390,-26624160.0,-241625.0,20240404
268600,0,0,0,6680,0,0,0.0,244941204600,,,20240404
108860,17720,18190,17620,17730,297463,5306516440,0.17,477199226700,-422657000.0,-139437640.0,20240404
208370,5330,5420,5290,5310,152755,814107670,-0.38,136363794840,-92356650.0,1066910.0,20240404
318160,4145,4330,4120,4290,226846,959000270,3.37,39729265290,130435245.0,24947345.0,20240404
068760,98500,99600,97100,98000,148807,14550643900,-0.1,3882075568000,-2175759400.0,-716684100.0,20240404
068940,0,0,0,778,0,0,0.0,29766744466,,,20240404
060230,2960,2985,2790,2790,557806,1585237930,-5.58,110598247710,8968120.0,,20240404
290690,2705,2850,2660,2810,3690424,10281033030,4.46,411639007500,1562753525.0,0.0,20240404
950200,5100,5150,5000,5010,25798,129937170,-2.72,96372625530,-8613050.0,,20240404
032680,710,712,700,703,1217436,856083655,-0.99,74230307092,-130238733.0,,20240404
032685,10270,10270,10270,10270,41,421070,-0.19,3667848340,0.0,,20240404
258790,1383,1424,1375,1397,145794,195137701,1.01,34912823748,-2539280.0,,20240404
066910,2980,3050,2900,2990,134043,396500025,-0.33,101014934410,-11582475.0,16000.0,20240404
043100,477,492,472,484,543195,262142042,1.47,32166256672,-39373733.0,0.0,20240404
035610,4905,4925,4800,4800,88290,428010175,-1.23,131260785600,-113230465.0,,20240404
357780,310500,318500,309500,312000,50146,15742038500,0.65,2426912592000,-4204248500.0,1745727000.0,20240404
036830,62900,67900,62000,64600,624295,40912402600,2.87,1354278017600,-2223221300.0,-119239400.0,20240404
304100,25400,25650,25000,25250,129303,3264033900,-0.39,305368652000,-21274700.0,16204550.0,20240404
328380,1463,1484,1437,1459,1005155,1464814579,-0.14,49989393102,-261162782.0,,20240404
086980,3835,3875,3730,3765,498405,1890879725,-1.7,235832070000,-529510260.0,68597835.0,20240404
050960,11470,11470,10970,11050,68791,765969190,-3.66,74598550000,116643760.0,33255410.0,20240404
084180,627,670,621,628,582899,371549637,0.8,72747544492,-17057475.0,-22656206.0,20240404
253840,6280,6420,6170,6260,122904,769399910,-0.16,104683526080,-103849280.0,-22590.0,20240404
298830,5080,5130,4985,5090,257147,1297887675,0.99,267831020490,-36298155.0,-133527665.0,20240404
236200,23850,24200,23300,23450,64247,1517076500,-1.68,168682251850,347496300.0,-578495650.0,20240404
094840,7150,7210,7030,7080,66756,474120830,-0.98,74140627200,16063590.0,,20240404
192440,30100,30350,29850,30150,6203,186532850,0.33,187423344450,-26692400.0,32967650.0,20240404
424960,11500,11790,11440,11470,94840,1093423910,-0.17,177364509800,-91449690.0,-43597450.0,20240404
136510,0,0,0,11600,0,0,0.0,666441355600,,,20240404
099440,3850,3890,3745,3775,416488,1579262800,0.0,151918812350,-290206920.0,,20240404
033790,1418,1539,1415,1539,236309,353134627,8.53,26343216900,12375896.0,,20240404
276040,7700,8090,7670,7740,186647,1468968280,3.2,97171628760,96392260.0,1387980.0,20240404
159910,804,804,795,803,48363,38709289,-0.12,28438304422,-1492208.0,,20240404
115570,2625,2650,2565,2635,7803,20392880,-0.57,21039178580,-345065.0,,20240404
330730,4625,4715,4610,4715,44210,206769650,1.29,85581163450,35073600.0,13955.0,20240404
352090,7670,7750,7490,7500,43797,331657300,-2.22,100773742500,-28533540.0,805970.0,20240404
253450,45550,45700,44250,44450,81598,3640903600,-1.55,1336100236100,-514359750.0,-459970200.0,20240404
408900,35650,36000,34750,35900,141226,5003258550,1.7,188792930400,-365009200.0,672068550.0,20240404
204630,300,304,296,299,1396344,417544606,-0.33,36740278614,2923363.0,,20240404
415380,13120,13300,12770,12830,78229,1014220580,-2.21,54213139340,-119914980.0,-45469800.0,20240404
013810,3875,3875,3745,3815,276684,1051942560,-1.55,55910618050,-185043600.0,10.0,20240404
203690,10520,11450,10520,11430,100773,1125013890,6.82,141992855460,-87543470.0,,20240404
049830,8680,8730,8570,8590,2734,23685660,-1.26,52674842080,33780.0,,20240404
020710,4420,4430,4360,4395,35259,155048420,-0.45,88110828150,-27509100.0,419785.0,20240404
033170,1846,2035,1845,1999,12965629,25669231420,9.41,171370909681,3561118608.0,168476877.0,20240404
048870,3165,3165,3010,3025,484441,1485655540,-4.27,250192740600,-233489435.0,5195710.0,20240404
025320,8530,8700,8360,8480,1528782,12986028540,-0.24,710776097280,-1728131910.0,-85836410.0,20240404
269620,0,0,0,889,0,0,0.0,132090012299,,,20240404
429270,9820,10000,9800,9860,14779,146077190,-0.1,44431625000,10234800.0,4965140.0,20240404
418250,6710,6920,6660,6810,37797,257476120,0.59,54354301020,16374720.0,-22250.0,20240404
131090,983,994,974,988,46579,45885412,0.51,43472000000,-4425305.0,-4773.0,20240404
232830,3190,3200,3095,3130,44318,138729650,-2.34,36644387360,-8497155.0,,20240404
290520,3520,3830,3520,3780,124207,460787135,5.15,60212988360,115020515.0,136140.0,20240404
001000,1467,1467,1449,1466,19092,27800679,-0.07,35590873640,510088.0,,20240404
025870,6860,6860,6700,6800,18237,123466950,-0.87,27200000000,-18337100.0,0.0,20240404
215600,4830,4890,4700,4740,668536,3195203845,-1.25,487590172500,-305830995.0,-153015615.0,20240404
065350,109600,111300,108300,108700,317747,34820684800,-0.91,2987505147600,-226258200.0,-504280100.0,20240404
416180,40500,42350,40300,41050,87618,3609056000,1.86,371082886900,-4182300.0,123350.0,20240404
162300,3365,3460,3265,3420,329777,1106669170,2.09,141832126440,-30662695.0,,20240404
290560,11340,11340,11050,11180,9765,109055220,-0.45,40604373680,-13567280.0,14509000.0,20240404
002800,6110,6190,6060,6130,68946,421077700,0.49,92995165000,-34351950.0,,20240404
472220,2150,2170,2145,2155,1752,3772370,-0.46,10106950000,,0.0,20240404
419270,4800,5200,4685,5200,547322,2719512385,7.66,22386000000,190429320.0,22080570.0,20240404
430220,2370,2375,2365,2370,1398,3316080,-0.21,16021200000,-312920.0,0.0,20240404
445970,2260,2265,2225,2255,5854,13101410,0.0,12086800000,844560.0,-8215495.0,20240404
017000,3200,3200,2900,2980,111969,337483805,1.71,34770720460,-47004865.0,20.0,20240404
012790,7360,7400,7270,7400,30443,223238440,0.54,88699471000,-31574870.0,0.0,20240404
138070,2800,2870,2785,2870,52591,147973540,1.77,50234195480,37425570.0,2825.0,20240404
226330,10870,11050,10470,10600,125563,1343588760,-2.57,161739835000,-72984470.0,8996730.0,20240404
418210,2435,2490,2400,2475,12517,30630025,1.43,9058500000,188450.0,-7253325.0,20240404
452980,1970,1975,1965,1973,35923,70751067,0.2,37299565000,6252876.0,19745996.0,20240404
393360,2065,2065,2055,2060,94542,194744915,0.0,15141000000,-407875.0,0.0,20240404
405640,3540,3565,3460,3535,93460,327758420,-0.14,16031225000,-43929510.0,-52714660.0,20240404
056700,2065,2085,2010,2040,106841,217726055,-1.21,59435585640,-10023610.0,,20240404
187270,4970,5130,4650,4965,1017375,5003321225,-1.1,50364190425,651390685.0,2655.0,20240404
243840,59800,61100,58100,59500,98877,5841752200,-0.67,463136516500,1132883500.0,-444658700.0,20240404
257720,12700,12880,12150,12450,1688004,20974205330,-3.56,751845963300,-1875548260.0,-3267351880.0,20240404
222800,32200,33200,32150,33100,502784,16462452500,4.42,1054372133300,646657600.0,646966950.0,20240404
036710,2990,2995,2860,2915,1088199,3173225265,0.0,140940672675,-426518090.0,-3908875.0,20240404
160980,19300,19860,19230,19650,138121,2709371520,2.72,214661374950,345903820.0,13128010.0,20240404
356890,9450,9550,9430,9530,8278,78651110,1.06,45425030900,448920.0,,20240404
217330,13500,13500,12230,12830,63841,827264990,-3.1,287688398660,-105062800.0,-9373830.0,20240404
010280,784,790,783,785,156584,122899619,0.26,51122172010,432610.0,,20240404
208640,381,391,363,368,271414,101211317,-3.41,51240413472,-8014770.0,281865.0,20240404
222420,1144,1147,1133,1133,41696,47559905,-0.87,51506441723,4072621.0,,20240404
037760,1323,1332,1323,1331,19393,25731846,-0.45,45031617851,0.0,,20240404
099320,42350,44300,41850,44300,158421,6802281150,4.48,485141615400,1935600.0,232063100.0,20240404
049960,11850,11880,11740,11860,14349,169735810,0.08,111484000000,-38762900.0,0.0,20240404
088280,3725,3775,3700,3765,26779,100097555,1.35,65158934850,-20831300.0,9027380.0,20240404
050890,5920,6150,5910,6000,525212,3164141810,1.87,367329840000,-323191860.0,-21357070.0,20240404
109670,19780,24950,19390,22400,1235977,28729013960,13.13,127969430400,-338661170.0,-12058550.0,20240404
066790,4735,4785,4600,4610,5444485,25476571175,-2.02,258275508160,-778854220.0,260275.0,20240404
222080,12100,12230,11900,11990,752291,9039626440,-0.75,856576103240,254391490.0,-179802130.0,20240404
352480,81000,84500,79100,84300,137662,11453908100,3.69,844175226300,-1575524400.0,2761053400.0,20240404
264660,13330,14660,13330,14050,432873,6088343140,8.33,130902936750,33489410.0,-11048920.0,20240404
352700,3310,3360,3290,3345,56298,187630795,0.6,91241227155,-19477395.0,-72690.0,20240404
297090,8500,8750,8430,8590,215844,1853800420,2.02,234249300000,-43059850.0,56972960.0,20240404
900120,117,118,114,116,1155921,133637545,-0.85,33434931256,-12164574.0,,20240404
359090,1661,1785,1575,1603,19152398,32016517334,-4.41,88040387589,-376593709.0,-412974744.0,20240404
115530,354,369,345,357,627915,222077112,0.56,24262791000,-39522432.0,-277752.0,20240404
115480,777,785,765,769,196136,151381616,-1.03,37084685102,-4727338.0,,20240404
340810,6200,6200,6000,6040,36152,220653280,-2.11,62501080440,-71339550.0,9186440.0,20240404
376290,3115,3145,3065,3115,10404,32258265,-0.95,55003112500,545520.0,,20240404
189330,12460,12700,12360,12670,33921,424776720,1.12,77189238280,793420.0,-7500.0,20240404
096530,23100,24150,23000,23100,340865,7991194850,0.22,1206420461400,-739358150.0,-855330300.0,20240404
101240,4665,4700,4610,4620,38081,177182730,-1.7,46838410080,-30484915.0,,20240404
060590,8520,8680,8460,8510,44014,374921160,0.0,205780480200,8878240.0,-8510.0,20240404
260930,4890,5090,4880,5070,98405,489876735,3.26,98061866370,-73798005.0,43205205.0,20240404
052300,487,511,485,492,791664,391802451,1.03,58376503560,-56402176.0,3366915.0,20240404
013990,4915,4980,4830,4840,521855,2550169465,-0.92,159175674240,-93500455.0,4101195.0,20240404
123860,23400,23550,22250,22550,125235,2838457900,-3.84,273383008250,87360000.0,99900.0,20240404
025980,6380,6390,6300,6320,381275,2412831720,0.0,572778300960,-589968980.0,-96933530.0,20240404
058220,0,0,0,275,0,0,0.0,10717917100,,,20240404
125210,10900,10960,10770,10780,86186,932253660,-0.74,177835396200,-40181550.0,-68200170.0,20240404
357580,10450,10770,10450,10730,32100,339842690,2.68,120393432720,91053170.0,,20240404
052710,7640,7800,7540,7710,15400,118531010,0.65,112682490390,2463680.0,35203130.0,20240404
074430,1547,1548,1501,1517,371671,564878567,-0.39,133233322348,-64079388.0,,20240404
092040,8060,8350,7950,7980,846765,6865462780,-0.75,436564150260,-790911010.0,44840200.0,20240404
083930,16840,16840,16130,16430,109865,1794460590,-0.48,253232271140,24580800.0,1976120.0,20240404
149950,12280,12450,12020,12410,25505,311385990,1.8,193689075000,-31143620.0,0.0,20240404
036010,12880,13200,12710,13060,239998,3116757450,1.4,173605718040,76687850.0,283270.0,20240404
050860,2235,2245,2210,2235,40030,89031040,0.0,50287500000,-15597525.0,,20240404
136410,8300,8320,7970,8070,53105,427550860,-3.0,88924185420,-13590320.0,-173030640.0,20240404
246720,6350,6410,6010,6300,29790,185052460,0.8,83184916500,-20535820.0,-2310.0,20240404
067390,1224,1224,1178,1178,160780,191198030,-3.92,49383458676,-42037632.0,,20240404
159010,11460,11940,11430,11860,149553,1759175680,3.67,158150004540,-132698300.0,59369400.0,20240404
127710,1326,1343,1299,1318,15676,20619744,0.0,46003580076,80526.0,,20240404
154030,2630,2740,2630,2705,16118,42960715,2.85,30081869495,-1903120.0,,20240404
227610,1755,1771,1746,1747,32480,57014994,-0.46,55295760986,-5930253.0,,20240404
143160,19720,20150,19700,19970,12439,246638670,0.2,214006308300,-86137350.0,-26570.0,20240404
054800,10530,10590,10530,10580,2625,27694570,0.47,109479258480,-16064270.0,,20240404
332370,3455,3800,3455,3675,53795,197847370,4.4,48780943050,-953900.0,916835.0,20240404
339950,1961,1995,1944,1961,252400,494039366,-0.46,88140390455,103835477.0,,20240404
099190,20600,20700,20200,20400,134641,2748028500,0.25,561372769200,-91799950.0,-161873800.0,20240404
289010,3720,3770,3720,3740,19616,73243595,-0.13,48111498380,-11323000.0,,20240404
214430,45900,49500,45800,46800,238015,11342610050,4.0,332596368000,-655588950.0,-312242750.0,20240404
040910,8860,9580,8500,9120,2576847,23577426670,2.59,168399359040,-1640935490.0,-264803020.0,20240404
368600,5290,5400,5030,5380,70539,368844390,3.46,94356301480,-118176570.0,,20240404
052860,2515,2590,2515,2580,100726,256974245,1.98,46086163320,70210250.0,-1382765.0,20240404
069920,2775,2775,2620,2675,43419,115143975,-1.11,69085518350,-13346165.0,,20240404
038880,403,418,403,408,761907,311674025,0.74,120265813200,-13106958.0,359864.0,20240404
307180,2730,2730,2570,2600,34192,89027320,0.0,69424414800,-21851780.0,2152160.0,20240404
101390,8300,8920,8300,8570,241421,2102740640,4.64,77590697490,92461910.0,3493370.0,20240404
461030,38850,39850,30300,30800,7922806,274123562950,-14.44,430972850000,128709100.0,-234001850.0,20240404
451220,23350,24350,22200,24150,1291512,30269169350,6.39,190171855650,-92732850.0,16655350.0,20240404
078860,4815,4890,4710,4770,63779,306049835,-1.45,22926160710,-47647900.0,5028265.0,20240404
090150,1230,1253,1218,1242,158116,194821636,0.98,52009113906,-1202802.0,,20240404
123010,1142,1167,1131,1147,41639,47459842,0.44,37459347674,-1048905.0,,20240404
031310,2520,2560,2450,2480,137505,342422680,-1.39,56651522880,24583840.0,,20240404
185490,3375,3410,3305,3330,40700,136118940,-1.33,90009180720,-38280525.0,,20240404
059100,5350,5480,5200,5350,16532,87581770,0.0,37829101000,-12998560.0,,20240404
262840,7260,7950,6410,6790,546095,3968693130,-4.9,66949400000,12948290.0,123186920.0,20240404
175250,2225,2230,2105,2135,264807,569941035,-4.26,80187115680,-83385485.0,-632255.0,20240404
052460,3425,3440,3355,3360,55295,187147670,-1.9,49082664960,-39242585.0,,20240404
119830,8450,8450,8230,8300,134457,1119469370,-1.43,177904665100,-146236630.0,-13208510.0,20240404
052770,1725,1800,1702,1764,251154,440763640,2.2,76319819856,97523335.0,,20240404
124500,6200,6380,6080,6190,313840,1940200910,-1.12,142452184630,110408540.0,33600.0,20240404
372800,5950,6010,5930,6000,4101,24441430,1.35,36161940000,-2300430.0,,20240404
084850,20450,20450,19660,19830,34325,682743860,0.41,449802581220,-59613610.0,50737410.0,20240404
114840,23000,24300,21450,23700,206113,4781562500,1.5,407686072800,-131719950.0,801460750.0,20240404
027360,2490,2645,2490,2585,376241,976784170,3.82,312385374510,220258075.0,-255590.0,20240404
032080,1456,1477,1456,1477,17611,25872412,0.68,31742249833,-3006516.0,,20240404
013310,3910,3950,3865,3880,260310,1015223030,-1.15,150569538160,-111029540.0,-6834710.0,20240404
059120,11660,11860,11350,11420,213770,2471124860,-0.09,111328966320,-437895810.0,4550460.0,20240404
158430,4195,4250,4165,4200,80287,336580265,0.12,94821867000,-2820255.0,41987630.0,20240404
067160,117800,120900,114600,114900,85952,10032140900,-1.88,1320748728300,-261448100.0,-1272804400.0,20240404
001540,7940,7980,7880,7980,13626,107877770,-0.37,104078511600,-37168170.0,-1673640.0,20240404
053800,69000,69100,66800,67200,71572,4840582200,-2.47,672931056000,-61875800.0,-224182500.0,20240404
065660,14060,18270,14000,18270,706808,12564243480,29.94,177792184710,-515329860.0,28087600.0,20240404
297570,1338,1355,1335,1346,39787,53549291,0.15,46600159428,4393265.0,,20240404
260660,5260,5300,5210,5250,8106,42412490,-0.19,80466860250,-4123630.0,-11620.0,20240404
354320,40550,41150,40300,40400,19606,795630500,-0.49,258211792400,-179300950.0,-10220000.0,20240404
361570,3770,3920,3740,3775,907240,3461383686,0.13,108098223525,125024675.0,1968325.0,20240404
131370,4000,4000,3800,3820,471732,1833818985,-3.54,203480257060,-344339535.0,-8543835.0,20240404
140670,18830,19000,18070,18270,479079,8846180180,-0.71,169968367800,311341430.0,4239910.0,20240404
096610,0,0,0,2965,0,0,0.0,51550708615,,,20240404
061040,4080,4090,4015,4050,71372,288823515,-0.49,129961498950,-52264080.0,-2600780.0,20240404
148250,4750,5000,4595,4840,49728,237055385,1.57,35773340240,-6783295.0,-642305.0,20240404
347860,4225,4310,4060,4115,125059,519703275,-2.6,88679780780,-127760745.0,1536750.0,20240404
196170,170400,173300,164800,166500,1438742,242955867500,-2.4,8826469362000,-7493209500.0,-2172315100.0,20240404
123750,2345,2365,2305,2320,32183,74903390,-1.9,29571409040,-11455305.0,,20240404
085810,984,992,978,983,98840,97116739,0.0,29181110927,-2391993.0,,20240404
117670,0,0,0,945,0,0,0.0,37461339405,,,20240404
314140,10100,10100,9650,9690,38970,382115170,-0.31,83977038090,-54111690.0,87638670.0,20240404
291650,3125,3175,3085,3100,25294,78857630,-0.64,52638781200,-12236425.0,0.0,20240404
293780,6570,6630,6240,6400,84904,538383480,-2.44,142712742400,103776840.0,-465620.0,20240404
196300,16850,16850,15800,16210,15773,255133550,-0.55,96243535740,-18760020.0,273370.0,20240404
310200,3530,3530,3415,3415,156081,536990820,-1.16,155454143285,-175702730.0,1188080.0,20240404
179530,2875,2890,2835,2875,11107,31723655,-0.86,26278776500,-5197720.0,5700000.0,20240404
900100,1632,1683,1632,1682,78886,130272419,3.06,66362326030,17754808.0,-18298.0,20240404
205500,1720,1720,1659,1676,19504,32670387,-0.77,87031529120,-622259.0,,20240404
052790,9080,9360,8940,8970,53775,487409250,-1.32,101635822860,-95927860.0,28510.0,20240404
290740,7450,7550,7340,7510,15929,119435560,0.81,75588232610,-57088260.0,,20240404
238090,3870,4080,3790,4040,247015,982194180,6.32,95106864120,171097075.0,-48295.0,20240404
092600,1862,1930,1862,1889,81377,154467276,1.56,47382763613,3163946.0,0.0,20240404
129890,1199,1210,1161,1206,872958,1032351134,2.12,61075952460,-112372113.0,58742284.0,20240404
174900,18210,18470,17770,17770,147232,2668147370,-2.15,291842414170,-113067990.0,-1860680.0,20240404
255440,10260,10740,9920,10410,192551,1984748420,2.16,135933780000,241847320.0,-226733940.0,20240404
030960,11310,11400,11220,11250,16223,183519540,-0.97,179775000000,-51713390.0,,20240404
102120,17930,19330,17910,18100,3261181,60532309680,3.02,321831629300,-952642530.0,-55336760.0,20240404
263540,0,0,0,5950,0,0,0.0,85049841450,,,20240404
238120,4435,4560,4435,4515,148194,668833715,0.78,64920715440,-13446255.0,-13880.0,20240404
019990,6180,6410,6160,6410,34713,217053240,3.39,62536524080,25656510.0,23330.0,20240404
270660,23500,23500,21800,21950,307821,6894408050,-1.13,267599956900,-1260672950.0,5492400.0,20240404
038680,6010,6120,5850,6030,437762,2609861340,-0.33,117884552310,-13250330.0,-7027360.0,20240404
217480,0,0,0,499,0,0,0.0,54756837359,,,20240404
121890,2330,2470,2300,2420,160280,385227505,2.76,30700410400,2944530.0,19519055.0,20240404
304360,14740,15000,13970,14600,980832,14198340620,3.84,165521309600,127877450.0,218655690.0,20240404
389500,33250,33250,31950,31950,39446,1268865600,-2.44,197288182800,-3283550.0,5784800.0,20240404
042110,1540,1592,1527,1538,129140,198907384,-0.06,74330869432,-23371703.0,,20240404
298060,2855,2920,2825,2830,64933,185153130,-2.41,57922311840,-17438570.0,,20240404
065420,249,249,243,244,208981,51415840,-2.01,17464860956,-1496970.0,-80636.0,20240404
103230,3910,3970,3860,3900,36686,142903920,-1.02,28080000000,-31347715.0,,20240404
260970,27700,28000,27500,27650,50702,1399585000,-0.18,112242963000,-363928500.0,185072850.0,20240404
101490,44800,45450,43800,44050,322452,14364929700,-0.9,944936240350,-1598051250.0,-1218830600.0,20240404
095910,1870,1940,1870,1939,168623,324626966,3.69,37819231317,72421696.0,,20240404
275630,4250,4440,4240,4415,13752,59272825,2.91,26569421435,-1501550.0,21590545.0,20240404
031330,3360,3470,3260,3300,1077035,3615544275,0.3,329983721100,-303401675.0,-20761780.0,20240404
060540,2340,2360,2270,2275,478845,1102643055,-5.99,59453271150,-165036975.0,,20240404
351320,2255,2275,2230,2235,22371,50132315,-0.89,49205505210,4234390.0,,20240404
056190,26400,26500,26150,26400,128286,3377827000,0.96,947991264000,133312100.0,-192003250.0,20240404
080000,2600,2650,2595,2605,66622,174177400,0.19,89411076350,-21691865.0,,20240404
214310,0,0,0,306,0,0,0.0,22516276518,,,20240404
246250,5070,5070,4880,4950,11981,59060370,-1.59,37986809850,-100590.0,0.0,20240404
041510,82000,82200,80000,81300,87294,7051818000,-0.73,1917828138600,644113400.0,-1088669300.0,20240404
007820,5870,5970,5850,5890,112429,661537300,0.34,117999941940,4299950.0,-35650.0,20240404
109610,4605,4650,4550,4585,1081391,4974857120,-0.11,224240429000,-332445855.0,,20240404
365330,2895,2895,2810,2815,144911,411437265,-1.75,86167150000,-83857705.0,11335.0,20240404
031860,173,179,172,173,1538341,269083836,0.58,22542508095,8965842.0,,20240404
306040,7900,7980,7750,7860,24559,191702790,-0.51,77545408080,-20285230.0,90.0,20240404
457940,2320,2390,2295,2380,32087,75559005,0.85,7877800000,3756630.0,-2547715.0,20240404
472230,2095,2110,2090,2110,60744,127361020,0.96,8767050000,-10187330.0,29339500.0,20240404
435870,0,0,0,2240,0,0,0.0,8332800000,,,20240404
455910,2275,2275,2220,2270,3885,8712435,-0.22,11395400000,-291495.0,0.0,20240404
096630,1726,1750,1707,1707,988431,1697396284,-2.01,132590444901,-64949941.0,-10952411.0,20240404
069510,8410,8490,8290,8350,10628,88466430,-1.65,91098500000,-3265800.0,,20240404
041910,9200,9480,9060,9420,108321,1006141920,3.63,112081637460,-14528190.0,-105889350.0,20240404
234300,4250,4260,4130,4140,249941,1042298230,-2.01,113983481880,-288769175.0,,20240404
039440,34800,36450,34650,36000,820029,29375650700,6.19,569880000000,4588253400.0,2472345200.0,20240404
098660,2145,2185,2145,2165,16914,36572860,0.23,27064613040,-747170.0,,20240404
052020,5290,5400,5080,5190,201063,1038845970,-1.52,242343152310,-78257130.0,,20240404
237690,78900,80200,78000,79800,157045,12448022100,1.4,1500940245000,535291500.0,-516277000.0,20240404
050760,1807,1820,1801,1805,30808,55706890,-0.39,29484093790,490018.0,-341493.0,20240404
288620,14550,14600,14380,14400,7601,109653840,-0.55,100502150400,-26890440.0,1224110.0,20240404
443670,14860,15220,14110,14210,653673,9504900130,-4.89,301209739460,-155422560.0,14490.0,20240404
317830,10230,10330,10050,10070,63286,642593780,-0.69,108492347260,-17768530.0,2568430.0,20240404
058610,28800,29350,28800,29050,182674,5309997400,1.93,644252308000,239621800.0,9609150.0,20240404
043340,690,695,677,677,21157,14444805,-1.88,64315000000,816764.0,,20240404
187660,3300,3370,3250,3350,185267,610356995,1.82,73151437500,-107684370.0,,20240404
054630,169,178,157,168,2771387,467446677,2.44,13391189448,10187438.0,-113257.0,20240404
200710,38900,41700,38750,40350,744422,30278035000,5.49,541782234150,1895811300.0,879694950.0,20240404
096690,415,418,410,416,284404,117423894,0.24,69632554368,-23770163.0,-557.0,20240404
298380,25150,25250,23950,24100,775392,18839525200,-3.02,1154210189900,2264664300.0,-1876049100.0,20240404
203400,6110,6180,5940,6060,96024,580624520,0.0,133477517580,-47122360.0,,20240404
195990,551,560,546,553,378386,208680478,0.36,157433415713,-33200271.0,-26761.0,20240404
003800,26000,26150,25700,26000,5376,139255600,0.0,288340000000,-3038950.0,,20240404
088800,2015,2065,2000,2010,385025,775734819,0.25,140551406730,-107632905.0,-2921240.0,20240404
241840,11400,11490,11200,11260,19003,214246330,-1.23,107420332440,-67564150.0,904620.0,20240404
453860,31500,31950,30750,31500,97096,3057234250,1.78,178202272500,-238229050.0,392086900.0,20240404
312610,2340,2400,2260,2265,22627,51888670,-3.41,45881851320,2887935.0,,20240404
172670,21100,22950,20900,22100,1054545,23367978950,8.07,198021723900,-1054760850.0,760009750.0,20240404
445090,60000,60400,57700,58900,479156,28384347000,0.17,628957995600,-1669469500.0,1313110400.0,20240404
072990,10210,10210,10000,10170,12861,129861350,0.2,72924605370,12686330.0,-333690.0,20240404
227100,1704,1792,1689,1712,462742,799332906,2.27,26769925968,-15545704.0,-235895.0,20240404
239610,15070,15500,15070,15270,1868,28460220,-0.26,82337596050,1137780.0,,20240404
462020,2085,2085,2065,2075,1406,2910960,-0.48,9015875000,-145950.0,0.0,20240404
148930,6870,6960,6840,6910,60669,418024550,2.67,70310721830,64393590.0,133908540.0,20240404
044780,1561,1576,1554,1573,63678,99674534,0.77,29109602951,4441242.0,,20240404
357230,4095,4120,4025,4040,134282,543896790,-1.46,167607338600,137289505.0,-151043120.0,20240404
355690,11220,11410,10900,11040,72000,797090570,-2.39,59585308800,-36019340.0,-27801290.0,20240404
071670,10200,10290,10180,10180,21662,221260000,0.3,101800000000,5522630.0,,20240404
045660,19270,19390,15020,15300,1030144,17175596410,-19.9,126378000000,-1039753020.0,-5616000.0,20240404
224110,17470,17470,15370,15650,170462,2778830990,-9.59,83571000000,100077700.0,-30715790.0,20240404
021080,2885,2930,2860,2900,99130,287104200,0.52,139200000000,33062390.0,-223185.0,20240404
089530,0,0,0,600,0,0,0.0,57896956200,,,20240404
200470,6290,6380,6010,6010,2552800,15739710690,-4.3,254596178930,-2436741170.0,9872810.0,20240404
262260,11960,12090,11740,11850,69266,823635970,-0.84,171447601200,-266411330.0,-154824290.0,20240404
109960,616,643,610,625,650134,404697668,1.46,71345172500,43654303.0,-19048.0,20240404
397030,15230,15400,14590,14700,404696,6029194910,-3.42,317852661000,947372490.0,-982402160.0,20240404
089970,14310,14830,14200,14630,96216,1398849050,3.25,350836104850,52348990.0,250449250.0,20240404
230240,14260,14510,14140,14400,44205,633540790,0.98,194241974400,82383450.0,-119477700.0,20240404
230360,13200,13250,12820,13000,220948,2864955940,-1.14,416884377000,577310750.0,-32916360.0,20240404
038870,5800,5890,5720,5730,273193,1585403610,-3.54,80305657770,49892360.0,-5730.0,20240404
097780,1034,1034,1020,1024,66295,67752169,0.2,69355866112,-12522437.0,-180508.0,20240404
448280,30000,30450,29600,29750,34405,1027710350,-0.5,293842029250,36622900.0,386750.0,20240404
101360,49800,55500,49550,51900,795803,42260905700,6.9,594529187700,273584450.0,-1006954900.0,20240404
128540,2525,2620,2525,2565,65964,170220685,1.79,68461029900,-3637080.0,,20240404
086520,567000,573000,542000,564000,573469,320494790000,-0.35,15018004752000,5925789000.0,-2867310000.0,20240404
247540,248500,251000,236000,246500,859930,209351370500,0.41,24108031296000,-3302038000.0,-24279918000.0,20240404
383310,75500,76900,72300,74600,308687,22967758300,-1.19,1141747927200,2121027100.0,-731219200.0,20240404
038110,4445,4470,4350,4400,380418,1673585465,-0.9,181145228000,-16870800.0,-8900.0,20240404
073540,1856,1874,1841,1860,44790,83545623,0.22,21204000000,1950520.0,,20240404
064850,7100,7430,7100,7430,34997,256744650,3.92,89754400000,138390240.0,-44188390.0,20240404
036810,22700,23550,22600,23200,252061,5862848200,3.11,504757504800,742467850.0,-229013450.0,20240404
173940,4090,4125,4055,4115,2664,10898385,0.73,63341404920,189290.0,-5975.0,20240404
083500,12500,13950,12340,13470,1686815,22489920190,9.69,115514975340,-474094650.0,-134011130.0,20240404
054940,819,831,813,828,183850,151456020,0.85,27467697744,-2449203.0,,20240404
043090,500,506,492,493,93536,46490949,-1.99,34342193153,-14851516.0,-111316.0,20240404
950130,7150,7270,7120,7130,100264,718531530,-0.83,259288489110,-103267800.0,,20240404
205100,2370,2435,2330,2350,1028234,2441974990,-0.21,169114062850,-197670860.0,5353250.0,20240404
356680,5980,6240,5960,6160,624257,3837586340,3.7,175827910720,620552160.0,,20240404
070300,3025,3100,2880,2880,56970,169390070,-4.79,21214293120,7600240.0,24155.0,20240404
317770,4850,4955,4810,4890,143648,698742625,0.1,111402053340,-42819230.0,,20240404
092870,31550,33750,30600,32250,5856838,188727448300,3.53,349873703250,-1203672850.0,221283400.0,20240404
317870,21400,21400,19820,20750,48883,1002258090,-2.12,176515062500,-99937110.0,-1918600.0,20240404
067570,2515,2530,2500,2520,28546,71740325,0.0,106268400000,-18204475.0,-5153200.0,20240404
236810,6940,7000,6770,6870,91840,629868400,0.59,116621176620,-182239330.0,884330.0,20240404
333620,8560,8740,8560,8640,9922,85845350,0.0,91206812160,-12086960.0,50.0,20240404
101400,592,604,585,589,384844,226895142,-0.67,34860685936,649218.0,,20240404
391060,10320,10330,10320,10320,24067,248603160,-0.1,52632000000,288960.0,-229150390.0,20240404
422040,2130,2140,2110,2130,13950,29483550,0.0,15250800000,-19170.0,21089130.0,20240404
437780,2145,2150,2135,2140,12532,26865535,-0.23,10764200000,-182335.0,-5516290.0,20240404
438580,2290,2330,2290,2305,923,2120190,0.44,6961100000,-9260.0,-1698300.0,20240404
439410,2060,2065,2055,2065,5230,10775785,0.24,18172000000,-16480.0,7276855.0,20240404
440820,2080,2085,2075,2085,8743,18187495,0.24,16263000000,45760.0,5888490.0,20240404
451700,2015,2020,2010,2020,14761,29757340,0.25,28987000000,-4025.0,14107000.0,20240404
466910,2015,2020,2010,2020,28994,58333345,0.25,18382000000,637400.0,25801470.0,20240404
265740,8250,8280,8160,8260,11291,92847480,0.12,73776668000,2444490.0,,20240404
354200,6200,6750,6070,6680,355178,2318316190,7.74,86100036360,17743760.0,-285980.0,20240404
455900,62500,63300,59300,59400,1258767,77152126200,0.51,832489574400,-436928700.0,,20240404
419080,13530,14270,13530,14150,55158,770953150,3.97,148827110550,107323240.0,-45250.0,20240404
208860,0,0,0,2205,0,0,0.0,25233717915,,,20240404
183490,1794,1832,1763,1787,261558,466060910,-0.28,152012159294,-126124876.0,-1787.0,20240404
182400,0,0,0,2020,0,0,0.0,172748038620,,,20240404
348370,310500,345000,310000,335500,1578308,525152163000,5.84,6172685007500,28630123000.0,-13080358000.0,20240404
058450,3960,4100,3880,4040,31288,123615750,2.02,46648344800,9574310.0,-236770.0,20240404
069410,5060,5060,4930,4970,38402,190535345,0.4,50916775280,-64129225.0,-947365.0,20240404
227950,788,788,750,762,382581,290425212,-1.55,78924553860,-40589480.0,-31778.0,20240404
291230,3010,3070,2985,2990,258563,781388880,0.0,131809345070,342820.0,,20240404
198080,2620,2620,2500,2520,140923,359437230,-3.08,54268666200,-123378075.0,,20240404
048830,1672,1672,1655,1660,57334,95145681,-0.72,31081712180,248170.0,,20240404
096870,3090,3100,3010,3050,23021,70270400,-1.61,20369120000,2535360.0,,20240404
290650,21700,22450,21100,21300,156028,3357832300,-1.84,483188178300,733765750.0,-983537700.0,20240404
156100,8400,8630,8320,8630,29573,252078730,2.74,172054092090,11446260.0,40166500.0,20240404
073110,6110,6210,6110,6150,19151,117856500,-0.32,54708893250,45725000.0,-113110.0,20240404
083310,22100,23200,22000,22800,680433,15524108250,4.59,406068752400,3909717650.0,-291878300.0,20240404
037950,1451,1513,1422,1425,12309558,18065396069,1.06,120337714575,370203688.0,1511031.0,20240404
170920,13440,14970,13440,14840,963991,13836055300,15.04,145515400800,199376650.0,837948770.0,20240404
058630,5680,5740,5620,5630,73844,417835010,-0.88,110032027510,3455300.0,5809530.0,20240404
058970,63200,64800,61600,62800,94043,5881003400,-0.32,704121136000,-365061500.0,-417039600.0,20240404
019590,0,0,0,921,0,0,0.0,104963185182,,,20240404
169330,2900,2950,2880,2950,6208,18112160,1.72,53857908100,-5800.0,-486380.0,20240404
373170,13070,13190,12700,12710,8579,110117010,-2.61,63394048300,-23472700.0,6416080.0,20240404
179290,7400,7400,7000,7020,229020,1629339130,-5.14,226715659560,-252094700.0,-62397510.0,20240404
009780,5220,5500,5170,5330,112731,600636100,2.11,93808000000,-59163040.0,72420.0,20240404
123040,4745,4805,4635,4715,213781,1003616480,-0.63,215278776055,124036160.0,11833160.0,20240404
323230,631,692,620,620,822375,538553475,-1.74,26829255660,-89804307.0,401446.0,20240404
032790,2475,2475,2245,2245,5316655,12927197210,17.79,93743483935,-106950260.0,0.0,20240404
033160,13430,13720,13240,13380,270538,3646918840,0.75,295247508780,829693010.0,-4160.0,20240404
347890,7510,7590,7490,7530,34960,262950100,0.27,127356426120,-40818930.0,43077340.0,20240404
033310,2980,2995,2915,2945,45592,134248015,-1.17,118807870295,-46230705.0,,20240404
259630,11320,11440,11190,11260,55148,622498840,-0.53,138299846520,-81782980.0,1371980.0,20240404
060850,8620,8700,8590,8680,5409,46786520,-0.34,70577080000,-7311190.0,,20240404
143540,1399,1399,1053,1089,17702610,21423219133,-7.16,48569285655,-170729666.0,-4820025.0,20240404
036560,11670,11800,11600,11760,43567,510115840,0.68,185220000000,-31408540.0,28217750.0,20240404
265560,8860,8890,8780,8810,22242,196043340,-0.56,94180485800,-31346480.0,20.0,20240404
036000,1864,1899,1838,1870,31497,59006411,-0.69,43074097990,395622.0,0.0,20240404
250930,665,804,665,696,1740992,1310406089,4.98,22968306240,22600842.0,,20240404
053280,4630,4900,4610,4745,59791,281494390,2.04,118625000000,2858480.0,-1745675.0,20240404
122640,21700,23150,21000,22700,962675,21418928600,4.85,432306563400,-2107205300.0,-28913900.0,20240404
900300,93,93,87,90,8016995,712202058,-3.23,22073713290,-115276783.0,,20240404
045060,3130,3220,3080,3165,18137,56866300,1.12,53621347710,-1166810.0,0.0,20240404
080520,4510,4595,4510,4595,13516,61691740,1.88,53975668355,12433385.0,15.0,20240404
039830,6620,6680,6590,6620,22518,149105550,0.0,71250331800,-23323380.0,,20240404
322310,34600,35950,34600,35750,218513,7757806950,4.69,334853876500,1132881300.0,24228200.0,20240404
046120,3230,3255,3205,3245,154099,498645225,0.0,87838333880,-27630735.0,561395.0,20240404
014940,3285,3330,3250,3250,135518,442941395,-1.37,148114398250,-77360360.0,4121655.0,20240404
065500,1747,1762,1520,1549,717190,1158545032,-11.23,49169770688,79553354.0,-18155726.0,20240404
010470,8200,8200,7920,7920,29225,234223500,-2.82,94842396000,-136575770.0,80.0,20240404
417860,15550,16500,15100,15100,17700,275043620,-3.39,58963235000,-69776830.0,,20240404
352910,7810,7940,7560,7570,55451,424865050,-3.44,92314696560,-20162430.0,-44300420.0,20240404
053980,4800,5110,4800,4845,147268,721445135,1.57,91971583635,-3127080.0,,20240404
036220,17560,21600,17360,17830,1238858,24563018090,1.77,251481737280,-46171310.0,-14089680.0,20240404
052420,1390,1407,1361,1370,377229,520349547,-0.65,115563659320,-67764036.0,0.0,20240404
241790,11720,12390,11720,12350,157781,1917142530,5.38,123532529900,494163010.0,65304190.0,20240404
039200,27950,29000,27300,28350,374768,10609538250,3.47,1077128907750,1986100850.0,-425314450.0,20240404
226400,4735,4785,4360,4395,868099,3910207845,-7.18,90807736395,355360005.0,-1521008590.0,20240404
031510,1590,1590,1550,1558,118575,185593798,-2.44,43624000000,5733645.0,0.0,20240404
368970,4870,4950,4805,4900,13307,64514295,0.82,45796184000,-13316965.0,,20240404
138080,13200,13200,12700,12740,22215,283746650,-1.09,135350970300,-74791790.0,-2170130.0,20240404
080580,9190,9420,9100,9100,239559,2217157740,0.11,160881611800,-82249400.0,-1991060.0,20240404
067170,4155,4155,4100,4145,10022,41459570,-0.24,63798202725,-3981065.0,,20240404
353590,5620,5640,5550,5550,20745,115737130,-0.89,71459413500,1115070.0,-10366740.0,20240404
173130,8700,8890,8410,8540,166766,1434373050,-1.84,101288072200,-195369410.0,-18351610.0,20240404
440320,6410,6460,6230,6270,42192,266626470,-1.72,61477350000,-56221170.0,9525080.0,20240404
049480,2655,2685,2620,2630,474376,1258495395,0.77,82640867290,-76877130.0,164445.0,20240404
394280,27500,29000,27250,28600,810261,22907279300,5.15,621346726000,1486986400.0,-175129600.0,20240404
309930,3400,3435,3300,3375,46610,155870190,-0.74,71804441250,8269535.0,,20240404
244460,572,720,572,576,2910605,1883472676,0.7,17770984128,-218422201.0,768.0,20240404
226950,15450,15470,14840,15170,50079,756882970,-1.81,249710199470,-145871750.0,95651260.0,20240404
057540,881,923,880,913,556298,502706412,3.4,56103261115,42425785.0,-862189.0,20240404
131030,6390,6460,6060,6150,1016249,6298368010,-3.3,99341946300,507030100.0,,20240404
082210,4600,4695,4535,4580,159131,731143125,-0.43,117363278600,27000660.0,,20240404
109080,9550,9620,9500,9570,7985,76203150,0.21,53936520000,-691030.0,,20240404
380540,1366,1416,1337,1389,252484,347590519,3.19,39999166344,62936844.0,359.0,20240404
153710,6720,7000,6720,6880,9745,67009320,2.38,100929311040,-8060510.0,,20240404
321820,13780,13930,13280,13290,129688,1746368190,-4.59,177640253400,-254516550.0,-1748510.0,20240404
432430,13430,14140,13300,13980,393298,5447872680,5.11,223887183600,660913170.0,22705940.0,20240404
338840,10850,10950,10210,10380,229326,2395002020,-2.44,153237095880,10627690.0,-53047840.0,20240404
122990,8270,8440,8240,8380,144886,1207513940,1.33,236206565580,192698430.0,-38126350.0,20240404
112290,23200,29400,22400,29400,5723863,152112030900,29.8,297250023000,-2152233450.0,-55365500.0,20240404
232140,7420,7820,7400,7700,3320325,25360800330,4.19,631749195000,2162432030.0,273504810.0,20240404
065530,1927,1952,1906,1922,63511,122199308,-0.26,101596920000,-40414467.0,,20240404
067900,6920,6950,6890,6910,40359,278809690,-0.72,125759643690,-24544470.0,-82965260.0,20240404
007530,2800,2840,2800,2805,3787,10638240,0.18,53784337860,-238025.0,,20240404
155650,4975,5190,4910,4995,160002,804398330,0.4,97274418210,-169102395.0,154905395.0,20240404
273640,13000,13280,12890,12950,17702,231098490,-0.38,142009700000,-11548140.0,-64545480.0,20240404
251370,12250,13230,11910,12750,329763,4205606990,8.33,208009416000,-441392210.0,-33554430.0,20240404
066430,620,620,592,603,215517,130800292,1.52,23609546028,-3386994.0,,20240404
193250,750,777,749,753,51196,38629056,-1.57,47682502881,-4547027.0,,20240404
273060,1274,1290,1251,1259,254038,321129969,-1.33,63528613738,61094098.0,,20240404
019210,5780,5780,5670,5700,78339,446407500,-0.52,191370768300,-65983970.0,-3562220.0,20240404
122870,43350,43600,42450,42600,196896,8433061400,-1.62,796224629400,694405800.0,-1476160500.0,20240404
332570,3065,3125,3050,3050,84227,259269355,-0.49,126850314350,-21875055.0,-1987260.0,20240404
079000,4865,4930,4860,4880,7282,35619425,-0.31,35136000000,-176730.0,,20240404
403490,2315,2355,2295,2320,221606,514903290,0.43,104892916480,4486885.0,,20240404
032820,1451,1578,1451,1537,15365250,23395946570,6.88,236420205694,1362587715.0,514635050.0,20240404
041190,8220,8290,8080,8120,1222692,9973742960,-1.58,682080000000,-207395950.0,-170418970.0,20240404
115440,7100,7120,6950,6950,26903,188402690,-1.56,74741961050,-82928590.0,-1064970.0,20240404
046970,1596,1615,1595,1601,168540,269939201,0.06,70163823399,-13337535.0,,20240404
082850,3000,3005,2885,2915,514933,1513196655,-0.51,141192624870,-105367220.0,-11625205.0,20240404
215360,16310,16430,15270,15650,566192,8907501540,-5.55,142918350950,-643414770.0,-83896260.0,20240404
072470,3825,3950,3800,3900,175840,680874450,1.17,73660629900,126540360.0,-579560.0,20240404
073560,1532,1540,1516,1530,119776,182995676,-0.58,105933593790,-12793562.0,14948.0,20240404
037400,1553,1570,1517,1519,264298,405579877,-2.13,39833262574,-4376546.0,-1318775.0,20240404
153490,1145,1152,1139,1140,200253,228953716,-0.26,58687200000,-7454106.0,,20240404
101170,6020,6090,5960,6000,47534,284935130,0.17,81000000000,-54436120.0,20.0,20240404
066590,2960,3010,2920,2935,87858,259332850,-0.17,114679560240,-41523170.0,,20240404
103840,4600,4665,4500,4580,249165,1145099590,2.58,74958240240,371604355.0,122247590.0,20240404
046940,2980,3010,2935,2960,44319,131278200,-1.66,53500076000,-12489105.0,,20240404
215380,1851,1869,1840,1856,27465,50720448,0.27,25314589056,-6566690.0,-11248090.0,20240404
065680,21650,22100,20300,21150,192702,4044267150,0.24,201559500000,223526550.0,-1722142000.0,20240404
018620,1143,1167,1142,1154,31088,35869213,0.61,33338244122,-6129486.0,,20240404
457550,26450,28150,26200,27800,799492,21780664650,7.75,257743224200,307356350.0,-17883450.0,20240404
396470,10580,11320,10500,10960,1574306,17274262810,1.95,176675200000,607541610.0,-33544150.0,20240404
307280,1787,1795,1751,1752,91268,161742737,-1.96,64752190776,-68866908.0,,20240404
032940,3835,3885,3790,3845,94032,359861450,0.26,69952969350,-115539700.0,-31131770.0,20240404
240810,42400,42450,40400,41150,780135,32244651900,-2.02,2019802526150,-2929730800.0,-238254850.0,20240404
074600,33950,35250,33650,33900,684824,23482521500,1.95,891163200000,-2615003600.0,1529142550.0,20240404
104830,37800,38650,37000,37550,76452,2897950700,0.27,473430400000,-154285750.0,208228050.0,20240404
014190,1798,1833,1784,1809,167193,302440062,0.78,64038429954,31187090.0,-25073506.0,20240404
217820,5670,5750,5540,5600,177048,997191840,-1.23,265745530400,-188782540.0,13880900.0,20240404
030530,3915,4080,3875,4070,415825,1640979685,4.49,314358582670,563066315.0,-39720.0,20240404
012620,8510,8520,8420,8460,7913,66867200,-0.47,37224000000,-3195300.0,8630.0,20240404
382840,16980,17180,16670,16860,60124,1012864120,-0.53,257478855660,-92299430.0,-5369740.0,20240404
336570,10780,11100,10590,10940,2918512,31700980350,0.83,964622630100,-776477250.0,1890746700.0,20240404
376980,7680,7690,7470,7510,47442,357796210,-2.21,72125919840,-81019720.0,998490.0,20240404
008370,4095,4135,4095,4135,8670,35591730,0.36,49620000000,-4164080.0,1736590.0,20240404
008290,670,735,668,706,148245,103678371,4.59,28729737374,-5010716.0,,20240404
101160,25350,26150,25300,25600,310516,7954070350,2.4,422681420800,-214084150.0,209835950.0,20240404
064090,3565,3690,3565,3630,23671,85915805,-0.27,110887929570,-12097600.0,,20240404
336060,1487,1505,1474,1477,165152,244763400,-0.61,71125230400,-134267786.0,,20240404
095270,5180,5180,4995,5040,9088,45775010,0.0,75455130240,-1220320.0,-6615600.0,20240404
065950,2745,2775,2705,2710,184361,502914815,-1.45,76506828420,-140194585.0,,20240404
076080,2440,2500,2320,2405,155779,373911425,-1.43,54338945180,49240725.0,260060.0,20240404
043590,1105,1127,1072,1124,109730,119768044,1.72,30484438988,-3487379.0,,20240404
196700,1831,1875,1785,1870,46106,84618905,1.63,26860949280,-847970.0,118.0,20240404
069080,16100,16220,16000,16020,17184,275616510,-0.5,559913161680,-42123240.0,12024700.0,20240404
053580,9520,9600,9220,9420,17475,163387710,0.11,128453456160,-68418290.0,19290.0,20240404
071460,0,0,0,613,0,0,0.0,22047951835,,,20240404
377460,0,0,0,1691,0,0,0.0,26030247855,,,20240404
044340,9170,9220,9140,9180,11632,106579820,-0.22,164078041500,-35831860.0,-67640.0,20240404
330350,8930,8980,8630,8630,66555,582904230,-2.49,113934459570,-195852140.0,50.0,20240404
348350,8790,8790,8640,8740,7238,62900610,0.46,89004664000,1239790.0,-32296500.0,20240404
112040,57000,57600,55200,55500,521371,29225001600,-0.89,1881337668000,-3474285400.0,689061100.0,20240404
101730,11630,11840,11500,11520,78849,916296620,-0.86,383561763840,-170491970.0,-173030.0,20240404
123420,10870,10940,10510,10530,32575,348102160,-1.96,120777436260,-84966760.0,-42120.0,20240404
065370,7500,7580,7320,7470,31376,232264450,-0.4,55158136380,-1641080.0,,20240404
038620,781,781,774,780,57545,44736003,-0.13,51906242700,2097353.0,-2632.0,20240404
299900,2440,2480,2415,2430,423943,1032065825,-1.02,415648788120,-113360505.0,5948605.0,20240404
036090,797,813,790,790,464624,370503919,-1.37,93529904360,-69936894.0,7408.0,20240404
136540,12850,12850,12650,12740,8982,114081470,0.24,176629423880,-57738550.0,-5103090.0,20240404
320000,3290,3300,3170,3235,293466,946393145,0.0,59844743780,-148171445.0,38377870.0,20240404
097800,1444,1520,1379,1407,2556450,3653045309,0.36,83835385872,-352178735.0,94836.0,20240404
192390,3505,3510,3430,3460,27762,96328005,0.14,37800468860,-19664135.0,-568075.0,20240404
313760,6100,6240,5880,6050,63644,379769030,-0.82,35022730050,-34948850.0,,20240404
335870,1673,1673,1573,1615,39987,64833971,0.87,26940496530,-7648232.0,,20240404
900340,1740,1825,1472,1589,28859431,47529429188,0.0,76229777092,-65380899.0,-1707.0,20240404
036200,9000,9400,8970,9270,994809,9203043070,4.16,284257347210,1004134820.0,-10830870.0,20240404
018000,1090,1101,1060,1074,502524,541441410,-1.92,135686857344,-71492631.0,3786586.0,20240404
203450,3450,3520,3415,3450,54224,186851675,0.0,48572574150,-499635.0,8970000.0,20240404
011320,4725,4785,4655,4675,44848,210440515,-1.06,90324249125,-24630595.0,4740.0,20240404
086390,15260,15780,15190,15460,224647,3482632930,2.72,326733587960,755024530.0,-222053420.0,20240404
241690,3960,3995,3885,3885,72304,283592365,-1.02,95068692810,-3025785.0,-5987065.0,20240404
142210,6150,6380,6150,6270,195232,1227256030,1.95,120672996840,347843480.0,-24100.0,20240404
048430,8960,9240,8420,8480,889580,7950539260,-3.64,97689600000,300656710.0,-23229760.0,20240404
206650,12090,12090,11750,12030,159464,1903717910,0.5,438551328210,-177705320.0,9532500.0,20240404
089850,9460,9890,9300,9510,58226,562315860,0.53,70913540340,70459360.0,42077860.0,20240404
084440,1298,1302,1291,1296,19820,25651684,-0.15,25547788800,-3534247.0,,20240404
032620,5070,5140,4990,4995,479752,2417387545,-2.44,260724709305,219675630.0,9892335.0,20240404
264450,17070,17070,16770,16930,14877,251351590,-0.29,173459802580,-45512940.0,-1462150.0,20240404
078070,12420,12480,12210,12460,5364,66413540,0.0,232959984880,-1690700.0,1912850.0,20240404
024800,2145,2160,2130,2150,18998,40691870,0.23,79661395800,-1593490.0,,20240404
054930,28800,29000,28250,28400,14863,422718150,-1.05,85200000000,-17214900.0,900.0,20240404
069330,1276,1308,1276,1289,52878,68032339,0.47,18292316299,14072627.0,,20240404
049520,4950,5230,4835,5150,106733,544072850,5.1,112192420400,12843480.0,48017380.0,20240404
435380,2120,2130,2115,2125,13991,29678900,0.47,12176250000,-4235.0,-13749595.0,20240404
444920,2085,2100,2080,2095,2499,5228525,0.24,10977800000,-4195.0,0.0,20240404
446150,2115,2115,2065,2065,62569,130487395,-2.36,9850050000,585775.0,-65467345.0,20240404
449020,2030,2035,2020,2035,17571,35666485,0.0,19800550000,-4060.0,7653105.0,20240404
450940,2090,2100,2090,2090,8382,17540955,0.0,9488600000,121800.0,13954055.0,20240404
473050,2005,2015,2005,2015,34576,69405105,0.25,14125150000,,18855680.0,20240404
430700,2330,2340,2325,2335,16671,38844830,0.0,12235400000,-2330.0,-23300515.0,20240404
263770,2770,2795,2750,2775,16753,46413875,0.18,65767977300,-12779775.0,,20240404
388720,30200,31450,30150,31150,186375,5776212800,2.98,278413902900,164853350.0,255815050.0,20240404
340930,14590,14710,14060,14270,150165,2153509600,-2.26,163650500500,97391110.0,19982890.0,20240404
023410,3605,3630,3550,3560,212446,759845830,-1.25,275226672280,-194196315.0,-7976780.0,20240404
056080,9210,9550,9060,9060,365017,3391983680,0.33,339860097120,-33597540.0,247391480.0,20240404
468760,2145,2145,2135,2145,21532,46062170,0.23,9094800000,-3845615.0,12006560.0,20240404
388800,0,0,0,2440,0,0,0.0,12224400000,,,20240404
413630,3895,3970,3765,3850,169447,646948380,-1.28,22792000000,-6528890.0,-114369765.0,20240404
442130,2345,2345,2300,2315,3081,7115985,-0.86,8009900000,-13920.0,,20240404
084370,42850,46850,42700,46500,785499,35521617850,10.98,1065595953000,6603341450.0,1702715800.0,20240404
240600,11660,11970,11220,11410,103356,1199561830,-2.06,79050202910,26742070.0,359780.0,20240404
221800,4220,4540,4160,4240,54693,231980935,0.47,47857711040,-13698575.0,5820.0,20240404
179900,31650,32300,29150,32150,273745,8473616700,-1.68,523623674250,1218594850.0,-2068035300.0,20240404
263050,2630,2695,2600,2620,74329,194754215,-1.13,96318680100,135145.0,,20240404
191410,2150,2180,2140,2170,24619,53232605,-0.23,24233218940,-4996740.0,,20240404
372170,77500,78200,75200,76400,56929,4345026900,-0.91,609599267200,-96170700.0,-235616700.0,20240404
146060,1713,1736,1649,1659,235846,396028891,-3.55,39841872105,38232195.0,-63608166.0,20240404
072770,2510,2655,2435,2575,633854,1603919505,0.59,177991199700,-72003880.0,,20240404
039020,2320,2370,2305,2350,25371,59108620,0.21,53074066150,2174905.0,-8985.0,20240404
067920,6530,6570,6430,6530,63572,412360870,0.0,71804657070,-123924140.0,-1640740.0,20240404
044960,5210,5260,5200,5210,47570,248183590,-0.57,65864210430,-9150400.0,5230.0,20240404
303530,11620,11850,11520,11620,35442,412543880,0.17,85282654380,3674090.0,-1290.0,20240404
296640,7440,7590,7430,7510,16836,126305070,0.13,38888672520,-1844280.0,,20240404
302430,12530,12980,12100,12450,79099,982301970,-0.64,122423439600,151346150.0,448730.0,20240404
274400,10430,10590,10200,10200,52907,546221590,-2.21,79762225200,-110928860.0,-265200.0,20240404
056090,0,0,0,1180,0,0,0.0,110701701180,,,20240404
073490,28850,29150,28700,28900,34906,1007117250,0.17,219751149400,1782500.0,40307850.0,20240404
215790,810,887,802,819,155808,129819801,0.0,32991899031,-6713554.0,,20240404
344860,2310,2425,2310,2385,90018,213483050,3.47,28691550000,15237480.0,-23535380.0,20240404
246960,8380,8510,8380,8400,1460,12264810,0.6,60789372000,-50950.0,333480.0,20240404
088390,20750,20900,20000,20750,58813,1203009700,1.47,194756263000,-267394700.0,-99758450.0,20240404
272290,28200,29250,28150,28550,200711,5759656950,1.6,576757335900,1828163250.0,-1167869650.0,20240404
053350,3525,3580,3320,3465,41003,142015515,-1.98,68575523940,-1736195.0,24536780.0,20240404
452400,20100,20500,20000,20200,52461,1056508250,0.5,183242845600,64034650.0,-11979050.0,20240404
041520,7860,8090,7860,8020,26137,209080640,0.25,97753614600,-17299690.0,-360800.0,20240404
264850,7480,7680,7040,7170,2219197,16377750880,1.99,214027454040,-961644130.0,1592250.0,20240404
054210,8290,8350,8250,8310,61237,507733180,-0.12,210169955100,24661870.0,-49760.0,20240404
164060,6420,6450,6190,6210,155843,981991650,-2.82,128003084730,-302164400.0,-687560.0,20240404
065440,1862,1862,1814,1823,95578,175024919,-1.35,49722361460,-80505635.0,1771103.0,20240404
115610,3710,3750,3660,3675,136586,503894130,-0.54,57115475550,27206390.0,,20240404
078020,4495,4525,4410,4420,181587,808822310,-1.12,245226859800,82492455.0,8945.0,20240404
131400,2870,3040,2835,2845,1243342,3612647400,0.0,169533214290,-143159545.0,0.0,20240404
351330,12880,14940,12730,13940,3486467,49769706170,8.48,115541968800,420614240.0,4056730.0,20240404
080010,5630,5660,5580,5620,17324,97126520,-0.53,56200000000,-10716860.0,0.0,20240404
086890,6470,6500,6310,6380,46766,301387600,-1.69,220819704820,-50434590.0,-6380.0,20240404
047560,25350,25450,24750,25100,127605,3202813700,0.4,288354623200,-23027050.0,-2712850.0,20240404
900110,95,95,93,95,1259760,118715368,0.0,41033544750,-9869905.0,,20240404
067010,3495,3510,3475,3475,27345,95419900,-0.57,42721650000,-6791345.0,0.0,20240404
418620,18820,19180,18280,18310,141349,2634622380,-2.66,176648965870,42854090.0,,20240404
102710,25600,26450,25600,26000,86117,2241060200,2.56,371483736000,216362500.0,-5299500.0,20240404
063760,2975,3015,2915,2930,91350,271742365,-1.51,27322630900,33898535.0,,20240404
123570,3825,3870,3760,3800,195040,742795335,-1.3,84649096400,-29605055.0,,20240404
083470,1955,2080,1953,1963,179214,360727477,0.62,41891065827,57392929.0,23601.0,20240404
095190,2630,2645,2555,2575,83688,216702690,-2.09,109646170275,-81101915.0,-50625.0,20240404
091120,32650,33200,32150,32550,117582,3822253950,-0.46,557677066800,-262562000.0,-182053800.0,20240404
039030,222500,266000,220000,259000,1335396,329445790000,20.19,3190763450000,6947274500.0,7482196000.0,20240404
294090,4345,4750,4320,4335,860029,3829931780,-0.12,131856338145,1031542665.0,-41521815.0,20240404
088290,1647,1674,1587,1614,106890,171775193,-2.0,49373765862,-33887288.0,-326949.0,20240404
181340,0,0,0,2705,0,0,0.0,54259503030,,,20240404
353810,3670,3780,3660,3740,97926,363792380,1.08,127877032800,-11593925.0,,20240404
099750,17320,17450,16810,16860,15120,258271980,-3.55,115234323360,-19375590.0,,20240404
377330,6850,7060,6810,6880,5772,39676710,0.44,55796483520,-8343540.0,20.0,20240404
035810,3255,3265,3185,3240,165080,534254005,-0.46,211072537800,60075630.0,162392395.0,20240404
160600,0,0,0,3100,0,0,0.0,106895911200,,,20240404
092130,12990,13020,12970,12990,5665,73632240,-0.08,156446364000,-15720620.0,13030.0,20240404
096040,0,0,0,271,0,0,0.0,245561580945,,,20240404
134060,5230,5270,5220,5270,3464,18139850,0.0,25133947500,-126380.0,0.0,20240404
001840,2820,2850,2800,2840,20140,56713195,0.89,56248358400,-8361415.0,5.0,20240404
024810,0,0,0,899,0,0,0.0,181597539712,,,20240404
041830,28750,28900,27550,27750,38502,1072463550,-3.65,379724950500,-229903850.0,-226993350.0,20240404
352940,2985,3030,2935,2980,19539,57995075,-0.67,32385835400,-10637285.0,165.0,20240404
079950,1055,1100,1055,1087,57948,62629011,0.56,25218400000,3702265.0,,20240404
389470,11680,11740,11100,11130,99831,1124675830,-4.79,94088078280,-17872190.0,2395110.0,20240404
277410,1725,1743,1714,1743,340421,599375604,0.81,66855883227,-65320320.0,,20240404
060150,6760,6760,6700,6710,52668,353608880,-0.45,312441836520,-44685170.0,-67554400.0,20240404
033230,3815,3890,3735,3750,2614273,9932037415,-4.82,147057675000,685795115.0,1490.0,20240404
450520,16560,16910,16390,16400,46233,761622280,-0.97,80385026400,-150203740.0,-73153120.0,20240404
037330,1905,1944,1891,1900,122252,233022696,-0.26,83381925600,69695.0,-1912752.0,20240404
100030,18010,18400,17750,18140,7545,135217230,-0.22,59566571960,-33854110.0,-7270220.0,20240404
211050,20900,21000,20400,20650,22933,474769700,-0.96,212198574000,-70959200.0,-149806250.0,20240404
083640,499,509,490,492,321789,159726765,-1.2,38238412692,-10334336.0,,20240404
216050,10020,10100,9960,10020,31152,311909690,0.0,128689084440,-70021560.0,5505590.0,20240404
049070,29350,29950,29250,29750,200768,5941131000,1.36,511700000000,719866000.0,5992050.0,20240404
119610,28200,29650,27850,29550,118517,3417957150,5.35,390546924900,-737779050.0,-260504350.0,20240404
017250,1296,1315,1296,1309,52646,68706983,1.0,27548516303,-1894987.0,228673.0,20240404
051370,13800,15270,13800,15140,1549812,22909126130,10.75,353177926080,1101953360.0,30251670.0,20240404
064290,36000,37000,35750,36400,350549,12762388300,2.54,467301816800,-621680800.0,-238896950.0,20240404
189300,60600,60600,58100,58400,119265,7002629900,-2.01,626826705600,152623100.0,-1814993800.0,20240404
150840,0,0,0,5850,0,0,0.0,230717208150,,,20240404
048530,7090,7170,7010,7140,82203,583666440,0.71,243836440680,20872290.0,13437570.0,20240404
175140,4745,4960,4745,4760,244192,1181054960,-0.1,102412789920,-14499120.0,-244920.0,20240404
115310,22200,22250,22000,22250,2623,58119050,0.23,71041646750,-9236750.0,28467000.0,20240404
039290,9580,9770,9580,9600,19104,184137750,-0.41,83462188800,-10715500.0,9660.0,20240404
071200,5440,5500,5310,5370,79638,428717940,-1.29,131008979460,-138617390.0,382450.0,20240404
101930,12460,12460,12010,12250,29201,355343450,0.0,111074094250,69738920.0,,20240404
333430,3080,3120,3065,3120,121820,376329090,1.79,95867450640,106756785.0,3090000.0,20240404
068330,1386,1400,1365,1370,48803,67155686,-1.37,60576111800,-3833332.0,-85379.0,20240404
178780,0,0,0,8650,0,0,0.0,120790286750,,,20240404
019540,4750,4760,4575,4595,97995,454451305,-2.85,62094532500,-75734695.0,-60600.0,20240404
094820,12590,13100,12540,13000,541638,6981302340,4.17,196023217000,506817630.0,-293750.0,20240404
950140,12080,12510,11580,12220,641952,7691073830,-4.16,242785322520,-547860620.0,-407704340.0,20240404
049550,3685,3695,3630,3665,7362,26903540,-0.41,71857005205,-69565.0,,20240404
389020,94600,106800,94000,99000,1591119,158845459000,8.32,613575270000,2731272200.0,-2958076000.0,20240404
254120,2330,2340,2265,2265,312456,714005905,-2.79,69658421550,-162213470.0,,20240404
043910,1063,1070,1047,1047,407462,430925195,-1.41,85216855479,-114975363.0,,20240404
234920,8130,8130,7720,7840,51374,403830610,-0.13,106082334400,15233190.0,-41580.0,20240404
289220,10000,10030,9900,9940,41342,411096810,0.0,219890145300,-50651240.0,3325580.0,20240404
174880,0,0,0,2650,0,0,0.0,11610352250,,,20240404
049630,638,648,626,648,199359,126542720,2.53,54194331096,18751524.0,2481506.0,20240404
417840,15880,16170,15710,15710,309107,4926795370,0.71,113884539250,344982790.0,,20240404
110020,7300,7660,7300,7370,38828,289871260,0.96,59307723970,-1160790.0,0.0,20240404
208140,3025,3045,2950,2980,333345,1002077420,-2.13,97399053080,-52177510.0,168614020.0,20240404
040420,6940,6940,6860,6920,20587,141801730,0.0,108488659840,-20279240.0,-3480620.0,20240404
045510,1276,1301,1269,1284,24070,30862992,0.16,41356730928,969579.0,,20240404
217190,14150,14780,14150,14480,72083,1048338820,3.43,126977639520,256107950.0,14640.0,20240404
095700,8280,8340,7960,8010,152782,1237815600,-2.32,332499857940,-217177240.0,-134895820.0,20240404
072520,0,0,0,389,0,0,0.0,28849482466,,,20240404
122310,6610,6620,6550,6610,19858,130545590,0.0,96200908840,-41333110.0,-2530.0,20240404
361390,16940,16940,16580,16660,25917,432045390,-0.06,124963144740,-151810510.0,83480.0,20240404
187420,3910,4065,3880,3985,64503,254264025,1.92,90692343550,-16768240.0,,20240404
225220,3690,3915,3650,3735,49541,185830160,1.08,71674728435,-48804240.0,-5525640.0,20240404
123330,3530,3540,3430,3465,26789,93116890,-2.81,24255000000,-8971530.0,,20240404
159580,5680,5740,5560,5570,124267,698657340,-1.94,111581782520,147642110.0,49283140.0,20240404
147830,3910,4090,3910,4080,587619,2358018190,4.62,81600000000,61856345.0,,20240404
033100,48550,55500,48400,53000,3370262,178441960050,10.53,851307677000,8219191800.0,-7855578800.0,20240404
079370,17760,18470,17760,18120,814513,14761941960,2.84,562027858800,2034480030.0,-795747750.0,20240404
054950,31000,32150,30300,31850,267993,8441293300,1.92,385063060200,-387869400.0,1193170550.0,20240404
023440,1260,1260,1206,1211,207840,253082454,-1.06,65786681282,-78487588.0,,20240404
090470,9030,9190,9020,9060,68404,620243370,0.33,158337941640,79976310.0,-90681800.0,20240404
287410,9030,9450,8900,9100,2895272,26565981930,2.25,697404425900,-3655260550.0,-1514115790.0,20240404
137950,6510,6650,6510,6530,44370,291676050,-0.15,145408825420,20736390.0,-743490.0,20240404
033320,4215,4270,4125,4135,69926,291214435,-1.66,79038176320,-1310270.0,25.0,20240404
417500,4630,4680,4560,4570,193437,891289730,-0.65,149826280080,54295505.0,,20240404
204270,14210,15050,14020,14740,920942,13583203580,3.95,852686388840,278669870.0,842151140.0,20240404
026040,1989,2010,1976,2010,33428,66359041,0.0,33172617900,-221777.0,,20240404
452160,10190,10400,10040,10040,26749,271082960,-1.47,92513288840,22004510.0,-4900.0,20240404
126880,4355,4430,4290,4350,64971,281380575,-0.34,100941328050,-88782335.0,-307010.0,20240404
322510,11850,11850,11090,11550,201885,2282336490,-1.95,187060473600,159681120.0,-416085120.0,20240404
033050,1010,1022,1000,1011,64985,65818362,0.6,32937714762,1515334.0,,20240404
094970,6210,6400,6060,6400,334630,2079199520,2.56,107188736000,160500090.0,101212280.0,20240404
418550,25500,26300,25150,25300,277329,7102382300,-0.78,798614056900,-886109750.0,-746417900.0,20240404
420570,15630,15940,15060,15100,172677,2655622810,-3.7,84169136500,19774400.0,,20240404
089790,10360,11050,10210,11030,424735,4565736700,7.61,113780108390,256517600.0,-26453530.0,20240404
052670,0,0,0,2080,0,0,0.0,60588453120,,,20240404
199820,9870,10120,9850,10100,25167,252271050,2.33,112211000000,25957540.0,-13778910.0,20240404
038010,7160,7240,7030,7050,41343,293968590,-1.54,63450000000,-35264450.0,14340.0,20240404
276730,1403,1480,1351,1475,451802,638594981,4.61,86219784225,-149720849.0,,20240404
080220,26900,28650,26700,28450,7115341,198305553350,8.17,979898598850,6989606700.0,145754700.0,20240404
216080,14360,14420,14150,14200,28009,399533350,-0.56,253594377800,-98424510.0,2548460.0,20240404
229000,3365,3460,3270,3360,224154,754303745,0.9,48448686720,121225345.0,-17634770.0,20240404
082270,11780,11820,11300,11510,195368,2242346740,-2.21,460332942740,-805935740.0,-127560170.0,20240404
064800,2775,2895,2765,2765,638775,1790562180,-1.95,298276081005,-147484090.0,,20240404
044060,0,0,0,732,0,0,0.0,70075958688,,,20240404
034940,1803,1826,1775,1784,37106,66160857,-1.05,55268011368,-5059604.0,,20240404
067000,2695,2725,2620,2630,356039,945886570,-1.68,183846062980,-324613200.0,17190750.0,20240404
033340,0,0,0,2110,0,0,0.0,204565677380,,,20240404
036930,35500,38200,35400,37400,1754425,65034777250,5.95,1804520528800,6341034150.0,-1274330900.0,20240404
239340,2885,2930,2865,2890,164437,473400810,0.17,77971142260,-109714825.0,,20240404
072020,10670,10670,10500,10560,34048,358679360,0.0,101995734720,-71121620.0,-13420.0,20240404
000440,18220,18590,18000,18180,83446,1520417450,-2.26,113209223400,135433290.0,18330.0,20240404
051980,5130,5290,4985,5140,1585952,8155549505,-1.15,403499956180,-409306660.0,37275010.0,20240404
228760,24200,24350,22800,22800,908634,21349865000,-2.98,547481215200,-1007108950.0,5628200.0,20240404
314130,8850,8960,8660,8700,85569,748997470,-2.58,130275174600,-225177190.0,10947460.0,20240404
389030,1996,2020,1940,1981,199514,392418268,-0.6,65925391945,-170960980.0,,20240404
043610,3105,3135,3090,3120,51035,158499980,0.48,181320166560,-35332650.0,2012670.0,20240404
263860,12240,12410,12130,12180,24179,295854280,-1.46,115035228000,-80951880.0,-3449290.0,20240404
303030,1995,2045,1982,2015,216400,434728847,1.0,72027521020,84902756.0,-195869.0,20240404
036180,645,667,634,655,386442,251480014,1.08,59909263875,-23431268.0,,20240404
208350,0,0,0,3805,0,0,0.0,33630678945,,,20240404
144510,39950,40250,39300,39500,44626,1768965100,-0.5,624113588000,-196067900.0,-182178600.0,20240404
358570,13630,14320,13200,13930,907043,12571507800,2.2,614878544070,578306360.0,854081410.0,20240404
382480,3050,3115,3010,3015,195026,593488210,-2.11,118661777100,-12977405.0,,20240404
382800,5280,5480,5280,5430,203783,1099252460,2.26,163464785160,252019280.0,-1713930.0,20240404
051160,7750,7830,7560,7680,48751,374986040,-1.03,118843622400,-49793020.0,7680.0,20240404
053050,3475,3550,3450,3520,844687,2969808810,-0.42,105556341440,32585180.0,0.0,20240404
119850,7100,7880,7070,7480,2271538,17176266210,4.32,123037839320,205981250.0,700481010.0,20240404
065060,432,432,419,430,196376,83093930,-0.69,46443458920,-1437397.0,,20240404
204840,1310,1326,1281,1285,222057,287149696,-1.91,98558721290,-135942862.0,,20240404
270520,2900,2960,2765,2865,2102755,6051614680,-1.04,374236863255,31928240.0,8987240.0,20240404
311320,12610,13170,12600,13120,80329,1046586330,4.13,165503027200,309208970.0,69943020.0,20240404
388050,8820,9530,8820,9100,3228106,29969716430,4.12,170255876700,-351520090.0,-995620.0,20240404
219750,0,0,0,2850,0,0,0.0,24704412750,,,20240404
018120,15000,15030,14930,14930,3705,55463450,-0.47,98853321600,-9165690.0,-19362730.0,20240404
109820,2795,2905,2720,2810,36319,102882910,0.9,57306128400,-3741255.0,,20240404
086060,4070,4090,4015,4050,60096,242818040,-0.74,34872877350,-32261530.0,,20240404
036890,10450,10700,10390,10510,135516,1427196880,1.45,236288636680,25618140.0,103017670.0,20240404
363250,8070,8620,7850,8060,107513,873093120,-0.12,56298197280,-33884930.0,26835630.0,20240404
007370,5780,5820,5740,5740,25554,147328250,-1.71,68976873980,2636870.0,2913850.0,20240404
285800,3795,3830,3755,3760,70777,266856005,-0.92,65714535200,-44300800.0,,20240404
085660,18410,18500,17890,17950,365656,6618476980,-1.75,1010844251850,-290636420.0,-271001810.0,20240404
261780,4975,5050,4885,4895,123064,606873550,-1.51,130853526705,-187233320.0,,20240404
094850,7120,7190,7040,7080,21878,154856060,-0.56,99120000000,-52481990.0,,20240404
004650,9150,9220,9110,9130,2349,21488670,-0.54,83912780050,1014000.0,110.0,20240404
278280,83700,84800,82500,83500,24902,2074508300,0.48,835000000000,-44894500.0,-90879500.0,20240404
362320,8130,8210,7920,8050,79708,639430370,-0.74,165437884500,-150955860.0,5795650.0,20240404
066360,1101,1123,1101,1116,50425,56237763,0.36,53514448740,1116761.0,,20240404
047820,0,0,0,5400,0,0,0.0,132051222000,,,20240404
094360,25800,26550,25800,26550,188895,4936538400,4.12,552853942200,135222150.0,-257847300.0,20240404
016790,0,0,0,994,0,0,0.0,187340898626,,,20240404
016920,1614,1631,1587,1629,152341,244647136,0.99,43157973402,31280752.0,38718.0,20240404
284620,3075,3155,2525,2740,1540837,4163503575,-11.47,76507365040,221957270.0,44005.0,20240404
293490,23000,23150,22200,22250,443320,9984076300,-3.26,1838424428250,-2050315800.0,-1845684150.0,20240404
042000,17740,17750,17020,17220,124078,2140188840,-1.15,417637589880,-287814030.0,-4345980.0,20240404
317530,4615,4650,4595,4650,11289,52104730,0.76,32416061400,-6747465.0,,20240404
071850,2155,2235,2105,2160,11027,23597720,0.23,35789446080,-910135.0,333760.0,20240404
050110,1457,1480,1457,1470,242075,355324313,0.89,108521453460,73467514.0,,20240404
452300,4555,4930,4555,4585,458695,2149750980,0.66,64468561675,24517150.0,-95.0,20240404
119860,14010,14010,13710,13770,41161,569220940,-0.65,643708709910,39715010.0,-96048560.0,20240404
223310,1409,1419,1403,1409,40932,57701400,0.0,22164092739,-2785843.0,,20240404
451760,20700,20800,19800,20350,577096,11668035870,-0.49,296892580600,-504262780.0,-1069559440.0,20240404
900310,788,790,775,777,100049,78049121,-1.65,49760381475,-5080538.0,,20240404
078340,40700,40850,40000,40050,44659,1797267300,-0.74,510147087750,-384163200.0,-416616000.0,20240404
063080,32250,33200,31950,32050,40638,1317801850,-0.62,211375903600,-27467750.0,3854350.0,20240404
307930,7090,7220,7030,7160,92852,660608180,1.56,111767600000,145215180.0,60.0,20240404
079190,797,808,795,803,83734,66957803,0.75,30799477742,3750776.0,,20240404
263700,4415,4455,4265,4320,98998,427845315,-2.15,83869344000,80023670.0,-25.0,20240404
214370,22450,22450,21650,21800,163869,3594268900,-1.58,1170987000000,545666300.0,-183447750.0,20240404
221980,11850,12010,11680,11860,13608,160312950,-0.25,47852728000,615770.0,,20240404
038530,304,340,300,319,4869017,1561762655,4.93,36912876693,46105297.0,501973.0,20240404
424140,2080,2100,2075,2085,8543,17754825,-0.71,16075350000,-20900.0,31420.0,20240404
436530,4415,4595,4380,4560,117476,526411230,2.36,23803200000,-8404265.0,0.0,20240404
192250,1325,1339,1321,1332,693556,920310996,0.53,94134114324,61148793.0,,20240404
115500,7110,7230,7050,7090,47840,340446150,-0.28,85080000000,-49355430.0,20.0,20240404
089150,2855,2905,2810,2820,48661,138702770,-1.23,48363000000,-3259455.0,1590.0,20240404
025880,2530,2540,2500,2520,44304,111694930,-0.4,42123962160,982645.0,,20240404
093320,92000,93800,91800,93700,19483,1814727800,2.29,457256000000,277034600.0,-166657200.0,20240404
093640,8350,8400,8250,8260,29685,246548910,-1.08,241302535320,-10149950.0,,20240404
073010,3845,3910,3720,3865,277042,1061213600,0.52,155339181250,-195986190.0,105250.0,20240404
105330,8060,8100,8010,8050,10475,84185140,-0.62,129283225400,22727530.0,-618280.0,20240404
053080,20500,20700,19610,20250,536027,10836450930,1.3,263246091750,-1261228220.0,2015000.0,20240404
199430,23600,23850,22000,22150,502409,11391597750,-4.94,240719842950,-145760350.0,,20240404
432470,32950,33050,31250,31550,52549,1673287300,-4.1,136841120900,-168583850.0,-95769600.0,20240404
272110,19040,19830,18850,19630,281238,5462344290,5.94,156557003850,228523000.0,396461950.0,20240404
039420,2685,2730,2680,2720,94049,254671100,1.3,65700865600,54196780.0,-13600000.0,20240404
083550,4500,4560,4405,4410,43418,194024085,-2.76,51917558490,-1388920.0,,20240404
032500,16060,16160,15470,15580,332169,5224271980,-2.01,620409357140,616241920.0,-421407410.0,20240404
225430,890,899,885,898,83810,74744687,0.34,25042570900,-1014977.0,,20240404
102370,4455,4520,4395,4430,81666,362590465,-0.56,120625400300,58364005.0,8875.0,20240404
068100,7120,7340,7010,7020,95337,679963260,-1.4,69776090280,-6239820.0,,20240404
036030,5450,5490,5370,5410,22301,120439950,-0.73,265194321030,-27612890.0,-25790.0,20240404
064820,4900,4970,4900,4955,37115,183367045,1.12,153118062240,-19959325.0,-4930500.0,20240404
256940,7000,7010,6850,6850,32777,225130250,-2.14,128428307300,4659720.0,1093730.0,20240404
024880,4465,4475,4415,4450,94944,421183875,-0.22,92038451100,-19647625.0,7971500.0,20240404
042040,397,415,397,401,194632,78762120,1.01,69958827717,-10077172.0,-16240.0,20240404
054410,4715,4740,4700,4715,13757,64820200,0.0,27000183460,-7337995.0,,20240404
258610,3195,3195,3000,3010,122227,372687265,-3.37,80629270330,-5611690.0,-9024685.0,20240404
274090,11600,11790,11300,11370,63585,727001760,-1.98,146823379620,-110385170.0,-141996610.0,20240404
089010,22800,28450,22500,28050,6801531,182569599750,24.67,425453424000,6527680300.0,-1788093000.0,20240404
220260,7160,7250,7010,7240,257147,1833903030,1.26,192282142680,75968240.0,56540.0,20240404
052400,19430,19990,19420,19880,41796,824318500,0.91,296211980120,-100701520.0,98201640.0,20240404
402030,27200,27450,26950,27200,24858,674606200,-0.91,310669913600,6509050.0,6854600.0,20240404
391710,3550,3565,3460,3465,716166,2512785850,-2.53,143808664230,93444755.0,3487855.0,20240404
046070,0,0,0,257,0,0,0.0,10996016392,,,20240404
047770,1723,1726,1702,1707,62154,106227752,-0.93,64597321614,4346926.0,,20240404
080530,2350,2350,2150,2255,386999,865743725,-3.22,72252087435,-91982930.0,-1037185.0,20240404
104540,10790,10860,10590,10620,50845,542316920,-1.76,135483269400,-82118420.0,1787820.0,20240404
027050,2860,2865,2775,2810,432454,1214651175,-1.23,112400000000,-128165340.0,74415825.0,20240404
190650,5300,5320,5230,5300,3818,20203430,0.0,33856400000,-63030.0,,20240404
123410,5760,5870,5680,5830,841545,4868069460,1.04,162313403120,370145900.0,13833330.0,20240404
036690,0,0,0,2885,0,0,0.0,45885746130,,,20240404
049430,8760,8830,8690,8770,19932,174371800,-0.34,79350960000,-3037740.0,,20240404
183300,74500,79300,73800,74900,225286,17241293700,1.08,783505231600,-1210522400.0,3218721400.0,20240404
041960,4500,4570,4335,4350,129274,570255720,-2.47,307129418400,-108092345.0,-73443520.0,20240404
089890,16480,16630,15680,16300,543854,8794743100,0.49,270334880600,483335800.0,-6222420.0,20240404
009730,2905,2945,2850,2880,394840,1141897275,0.35,88003509120,-86774000.0,,20240404
360350,18010,18030,16880,17040,209399,3633679360,-5.33,96479968800,-46813800.0,238703190.0,20240404
082660,279,288,266,267,1382756,373602421,-3.96,23127772023,-115701543.0,,20240404
222040,4770,4770,4590,4660,88762,412253445,-2.31,96126480000,-48414615.0,-120543265.0,20240404
241710,36900,37250,34550,36800,308590,11205898150,-3.92,393024000000,-535342100.0,-1348763700.0,20240404
355150,8570,9290,8420,9200,79937,712693760,9.65,70902284000,242558490.0,-71256210.0,20240404
166480,10210,10440,9870,10120,199285,1996095830,-0.78,332648205120,210719350.0,-795833390.0,20240404
045970,7030,7160,6900,6940,227960,1598618940,-1.0,182625239440,-9320990.0,-7750090.0,20240404
196450,1214,1214,1185,1210,50606,60576759,-0.33,54836694220,-5124046.0,,20240404
384470,16790,16880,15900,16110,336835,5445653380,-3.59,206105927040,-587224280.0,5517140.0,20240404
029960,6770,6830,6770,6790,17531,119098490,0.3,339500000000,167130.0,-57340.0,20240404
102940,22800,22800,22200,22450,6248,139980600,-0.44,256207392200,-21567350.0,-706100.0,20240404
950160,12620,12630,12190,12260,86939,1068757950,-1.84,892535723800,-161411740.0,-99426530.0,20240404
033290,3105,3145,3050,3055,249452,767960765,-1.29,171557499555,-124428670.0,-149195270.0,20240404
056360,6230,6230,6050,6140,29343,179508050,0.0,60152352000,-11172750.0,50.0,20240404
282880,25900,26150,25350,25500,46253,1184750150,-1.35,276062566500,-47113750.0,-82857450.0,20240404
121850,1259,1267,1244,1245,61828,77204356,-0.72,38114647875,-20362458.0,-1260.0,20240404
448710,21750,22900,21350,21850,152636,3375739200,1.63,111037155200,223999650.0,175749600.0,20240404
015710,4470,4480,4395,4405,35880,158860900,-1.12,77221852500,-4196095.0,,20240404
052330,7700,7880,7640,7830,158647,1235650220,3.03,121948742160,195412610.0,-72936020.0,20240404
322780,1775,1789,1756,1769,69358,122802727,-0.34,67102792397,-39114185.0,33198779.0,20240404
200130,15400,15970,15220,15660,124149,1940594060,1.95,460647638280,-33946600.0,535529970.0,20240404
294570,19660,19990,19420,19450,11625,228422520,-1.72,199453623250,-55727630.0,-6858180.0,20240404
317690,4060,4065,3915,3915,77391,307991480,-3.45,64743964065,-33529925.0,,20240404
078940,0,0,0,2855,0,0,0.0,151584163690,,,20240404
432720,38800,39850,37600,39750,418421,16413026350,4.06,433586640000,1373799350.0,63803400.0,20240404
365270,16710,20250,16190,18000,4613571,85813389970,3.87,249396156000,-1153146150.0,1457213540.0,20240404
348080,1901,1935,1822,1863,158070,294101366,-2.0,78529194630,-35037185.0,1854938.0,20240404
060280,13020,13150,12660,12820,414726,5314716780,-1.16,526709571800,1041946240.0,-415447210.0,20240404
372320,32050,32350,30800,31000,125094,3911990650,-2.97,421994816000,-271202250.0,66666950.0,20240404
040350,422,429,417,421,293191,123132657,-0.24,60191831712,-20948002.0,1086496.0,20240404
051780,310,320,306,309,49480,15329562,-0.32,42154537050,-6241192.0,-703.0,20240404
115180,4415,4500,4170,4350,215907,922470235,-1.47,118560946500,-3751585.0,-67305865.0,20240404
445680,47000,47000,44350,45450,154576,7021640400,-2.36,364622261400,-52927550.0,-373590750.0,20240404
182360,16560,17470,16290,17340,264625,4455188370,4.46,239373272580,324689660.0,517535740.0,20240404
405100,29450,30450,28900,30000,341871,10175043300,2.21,368679030000,-57911150.0,-103678050.0,20240404
066310,9540,9670,9500,9630,23835,228305130,1.05,89285710230,23499130.0,13750.0,20240404
016600,317,319,315,317,346495,109748799,-0.31,56504334504,6698971.0,1049265.0,20240404
355390,30400,31100,29300,29750,114382,3413797600,-1.98,122780362250,113601000.0,-3723400.0,20240404
096240,18450,18450,18200,18360,18004,329177080,-0.16,208168984800,-18808440.0,-43672110.0,20240404
110790,8050,8190,8020,8170,19208,155617770,2.64,191430943200,3174850.0,2358020.0,20240404
900250,1240,1240,1218,1220,801292,982557306,-0.49,148057522500,-20162430.0,,20240404
045520,6860,7050,6850,6960,37482,262112100,1.31,45240000000,34762530.0,-221930.0,20240404
036170,966,973,964,971,94411,91452371,0.52,59586022846,3222757.0,,20240404
214150,37200,37850,37000,37650,181971,6804336400,0.94,2409581890350,1056164950.0,-497124700.0,20240404
352770,1754,1778,1706,1750,296854,515077520,-1.02,58180960250,-44238590.0,,20240404
237880,30200,30400,29000,29900,116668,3473209700,-1.64,540333454700,78430700.0,-223469400.0,20240404
139670,5790,5840,5410,5480,170730,953744480,-5.19,77371078800,35477530.0,,20240404
413600,2145,2180,2145,2180,14164,30761855,1.63,7477400000,43295.0,14180385.0,20240404
433530,2110,2135,2110,2135,12293,26072355,1.18,8764175000,-38260.0,13390905.0,20240404
446840,2090,2105,2090,2105,2636,5528545,0.72,12377400000,317230.0,1342355.0,20240404
054780,6080,6150,6010,6070,48136,291355310,-0.16,118655103510,-19938130.0,1566650.0,20240404
219130,36900,37350,32700,34700,500218,17286788600,-6.22,219105863000,-1031537400.0,969655100.0,20240404
360070,61700,62500,59500,60200,85762,5201710600,-2.59,484534328600,-36989000.0,-82552500.0,20240404
065130,7020,7250,6720,6940,779492,5530968710,2.36,119298475080,-203210190.0,-15618390.0,20240404
134580,3505,3505,3360,3460,58537,200099475,1.17,76209153820,-62478670.0,,20240404
023160,12380,12540,11950,12530,298060,3629530400,1.79,332045000000,822962580.0,-527873150.0,20240404
323280,4100,4160,4055,4085,447416,1836089370,1.11,105477682050,-11052540.0,-107476065.0,20240404
053620,7250,7250,7190,7230,1116,8034290,-0.28,62178000000,,928570.0,20240404
044490,18970,19900,18970,19590,124390,2421212710,3.38,391944593790,139478500.0,90860780.0,20240404
124560,3420,3455,3350,3435,398358,1353639125,-0.15,131960966040,66855480.0,-2052655.0,20240404
191420,23650,25250,22650,25000,103134,2502412800,6.84,202720850000,195210400.0,-1384550.0,20240404
073640,0,0,0,654,0,0,0.0,62514162216,,,20240404
066700,4230,4240,4150,4175,103806,433887030,-1.3,135580766125,-129134375.0,6852210.0,20240404
095610,24850,25650,24400,25350,1611407,40412956300,4.54,501124529100,748750900.0,167161900.0,20240404
064520,3735,3830,3720,3775,32368,121400150,1.07,83072502775,41607125.0,,20240404
089030,33550,36350,33000,35050,1734206,60591999800,6.7,1309245257250,-1064562300.0,6982833400.0,20240404
054450,27400,27800,27000,27750,223657,6144745050,2.97,420252465750,452264550.0,1529050.0,20240404
200230,769,776,760,772,124803,96003961,0.65,89548079012,-7365108.0,,20240404
393210,5600,5800,5400,5670,672715,3763507630,0.89,87071604480,143910130.0,-40329160.0,20240404
215480,3620,3665,3605,3655,19860,72357370,0.0,35142667835,4365060.0,,20240404
051360,16300,16670,16200,16570,104192,1723529960,1.22,269545151060,156119370.0,-18380980.0,20240404
045340,6380,6380,5750,5800,202517,1218954940,-9.09,49636632000,-161976630.0,0.0,20240404
108230,8350,8370,8080,8140,107124,875717830,-1.45,309509214300,-194299360.0,20.0,20240404
079970,359,362,338,344,586639,205122926,-3.91,27005721032,-38150197.0,,20240404
199800,64200,66200,62000,62100,72068,4582553700,-3.27,492469021800,-483877800.0,-10672000.0,20240404
417790,10960,11000,10510,10740,111738,1193812850,-0.28,118136241000,45499470.0,-437358270.0,20240404
105550,2300,2315,2245,2255,164272,372232255,-1.96,128536001220,-113172920.0,1137500.0,20240404
290090,11280,11280,11120,11140,2323,26028800,-1.24,82748677520,-766300.0,,20240404
026150,7500,7640,7370,7420,85815,638069380,-1.07,130193776020,-38363350.0,44970.0,20240404
322180,5310,5420,5290,5320,66161,351978400,-0.75,87883607000,7463430.0,,20240404
117730,21250,21250,20600,20900,254173,5306566850,0.0,372794554000,-362842150.0,182777350.0,20240404
033830,910,923,909,915,48582,44512108,0.33,91500000000,,1952.0,20240404
057680,1341,1373,1311,1331,179569,238119747,-0.3,91432746856,40308036.0,,20240404
204610,1254,1265,1211,1223,682400,843968833,-2.47,82517913560,-131679010.0,,20240404
064760,132300,136200,128100,130400,62833,8265468000,1.16,1522420000000,-1603201700.0,2299241400.0,20240404
246710,8010,8180,7900,7960,53366,425686860,-2.09,171330068880,-4979860.0,-7960.0,20240404
340570,55600,58500,54600,57100,166552,9459458000,1.78,464108800000,-1124788500.0,2816600500.0,20240404
043220,1102,1150,1033,1037,1578093,1721578481,-1.43,112825246383,-392103226.0,2155543.0,20240404
277880,8040,8200,7950,8040,72136,578821870,0.0,162093089280,-135080770.0,,20240404
131290,61000,69200,61000,67400,809422,53570252900,13.85,745540314600,4598031000.0,4106155700.0,20240404
425420,35550,37150,35300,36000,107905,3900415250,2.56,409716000000,-160481500.0,-555347450.0,20240404
131100,1865,1865,1845,1846,28881,53489101,-1.12,51777073192,1238060.0,1800864.0,20240404
356860,29550,31000,28100,30750,1466749,44004391850,6.4,302353372500,59765450.0,5915452300.0,20240404
062860,0,0,0,5800,0,0,0.0,57261776000,,,20240404
321550,7930,7950,7690,7830,120345,934021760,-0.76,200467567170,-256567960.0,-127836470.0,20240404
425040,21550,22300,21000,21450,675030,14631523850,0.47,455860161900,-70497500.0,-775103500.0,20240404
104480,1613,1620,1610,1613,105638,170423493,0.06,146614335042,-12311005.0,-1610.0,20240404
081150,2810,2825,2780,2815,111369,312155040,-0.35,68315551630,-35439085.0,,20240404
130740,2795,2850,2730,2755,99105,275736150,-1.61,31067250645,-86430535.0,-544510.0,20240404
084730,15450,15660,15150,15250,72056,1105694070,-0.91,169418716000,-145250050.0,20938470.0,20240404
058530,0,0,0,1620,0,0,0.0,32527053360,,,20240404
440110,19010,19450,18350,18500,834270,15720885390,-2.68,907837957000,58747400.0,79812850.0,20240404
034230,14940,15180,14590,14980,965115,14423349650,1.22,1374550943500,-261360430.0,3340996370.0,20240404
033540,2365,2385,2320,2345,127959,299372355,-0.85,87315610690,-59879930.0,,20240404
388870,16720,17790,16380,17450,710833,12189676130,4.43,225435886900,475057770.0,6393220.0,20240404
043200,675,684,660,681,143336,96222286,0.89,28468738515,-3029720.0,,20240404
214450,108500,114200,108500,109900,252392,28173066900,1.38,1134214487700,-7928331400.0,4827934400.0,20240404
208340,0,0,0,2915,0,0,0.0,88036229820,,,20240404
177830,3415,3475,3415,3465,39776,136979090,1.02,49510529145,3880550.0,27947415.0,20240404
037070,10210,10210,10050,10070,42197,425945790,-1.66,201400000000,-105336170.0,-30217720.0,20240404
150900,6550,6590,6450,6480,144385,939446470,-0.77,75601654560,-214251480.0,56583830.0,20240404
037030,2885,2915,2845,2865,52774,150992855,-1.21,59045936730,-37649565.0,,20240404
047310,8780,8960,8750,8800,289321,2564092620,0.57,314466618400,145861220.0,30260.0,20240404
368770,3125,3145,3080,3115,41246,128070355,0.0,102340910875,-28008940.0,,20240404
170790,13510,13780,13200,13290,37945,508557420,-2.28,91120625700,-76884380.0,26440.0,20240404
049120,1453,1453,1394,1411,10565,14810985,0.14,61402491233,-356678.0,,20240404
038950,4635,4635,4590,4600,5200,23940440,-0.97,46969519000,-2201420.0,4620.0,20240404
441270,8510,8940,8510,8870,340511,2992443590,3.14,327557240810,560734300.0,472958670.0,20240404
106240,1428,1449,1428,1433,47920,68611276,0.35,22817740681,-4517682.0,-1.0,20240404
131760,850,850,837,844,109765,92200939,-0.71,36656256052,-3568673.0,,20240404
065690,1145,1173,1118,1170,37941,43727164,2.18,16437717270,10402583.0,,20240404
140860,165800,173000,165500,170500,46163,7840518300,3.33,1188037009500,1224701700.0,-136589400.0,20240404
091700,7960,8110,7930,8070,304925,2455524860,1.89,475469986980,1238418390.0,-202307650.0,20240404
032800,257,332,252,332,70348625,22375998633,29.69,39104717608,-192310349.0,3044984.0,20240404
318010,7030,7120,6960,7060,5910,41623130,0.57,55981126280,21200.0,10193580.0,20240404
027710,1591,1599,1586,1591,264537,420921902,0.0,177263810600,-44550307.0,-9546.0,20240404
225590,1059,1066,1053,1060,44233,46908781,0.09,28234915780,-1741439.0,95323.0,20240404
054300,673,680,668,668,52324,35232651,-0.89,44746577860,-2572209.0,,20240404
068050,2875,2875,2795,2805,104306,293610670,-1.92,77681883180,-91713635.0,461780.0,20240404
222110,5810,6110,5730,6080,14303,85202400,4.47,64919990400,-6615140.0,1097380.0,20240404
271830,3400,3815,3400,3620,3320257,12268665250,6.94,104410277160,362860265.0,-32035.0,20240404
263750,30400,30500,29750,29800,218212,6554597050,-1.0,1914586079000,-2110022300.0,178365200.0,20240404
251970,22500,22800,22200,22800,51546,1158031600,0.44,282720000000,124081800.0,-383131800.0,20240404
168360,10580,11040,10450,10930,358010,3879041590,5.6,232680944120,1418469260.0,-95641690.0,20240404
087010,27100,27250,26000,26450,269013,7152244150,-2.4,545580261850,-147508050.0,293899800.0,20240404
119500,3665,3770,3640,3650,259453,959260160,-0.41,43242396800,-53708125.0,60.0,20240404
389140,10770,10850,10110,10150,260303,2698177530,-4.43,112393335250,368949800.0,-20881330.0,20240404
105760,12200,12300,11700,11810,153482,1826753000,-2.32,110488277850,-131853950.0,12918530.0,20240404
009520,21500,21800,21000,21250,290048,6175978200,-1.16,884907438750,512654000.0,-184154150.0,20240404
189690,3005,3040,2955,2960,376000,1122410055,-1.99,80873028240,-177974770.0,-11007435.0,20240404
318020,0,0,0,18100,0,0,0.0,229187123200,,,20240404
256630,1691,1873,1689,1851,673620,1228962238,8.88,107352580272,16880768.0,71101023.0,20240404
331380,2145,2185,2140,2150,70002,150970040,0.23,40954451300,-19056000.0,0.0,20240404
472850,5850,5900,5720,5750,130949,754847660,-1.37,185977614750,110647970.0,-136421430.0,20240404
039980,2090,2115,2040,2075,2104825,4350546625,-0.72,148730308275,-4983450.0,14604200.0,20240404
234100,1902,1905,1883,1886,139116,263061062,0.0,102493251728,-9059549.0,,20240404
041020,6250,6280,6100,6180,918164,5670865790,-0.32,307303577640,-272235370.0,3244010.0,20240404
114630,744,744,723,728,232272,168949487,-1.62,56607494944,-54939479.0,,20240404
290720,6010,6250,6010,6180,16139,99748050,2.15,82830898440,-6388150.0,-356280.0,20240404
005670,4885,4890,4570,4730,45702,217109075,-3.17,47300000000,-168270.0,-2401230.0,20240404
094940,8130,8250,8110,8110,32255,262996690,-0.12,67810840460,-22358960.0,10.0,20240404
007330,9030,9160,9030,9070,34878,316441990,0.33,136800996000,20886280.0,,20240404
093380,3680,3680,3630,3640,30949,112936190,-1.09,35960699320,-295450.0,2510860.0,20240404
023900,12050,12100,11950,11980,22825,274113090,-0.83,150948000000,-57223040.0,-1273290.0,20240404
371950,5990,6100,5990,6050,15220,91529870,0.83,127294952400,10376420.0,-1125810.0,20240404
370090,22250,22700,22050,22650,33662,755056450,1.8,185318449500,-11721950.0,213355350.0,20240404
445180,12440,13850,12330,13850,3209761,42733552340,12.6,232253253800,1629623630.0,-33931900.0,20240404
220100,10040,10050,9750,9820,105103,1033875350,-2.19,217043162100,-112532030.0,13032670.0,20240404
035200,3375,3425,3330,3335,279947,944705610,-1.33,32451517650,4153880.0,100066000.0,20240404
334970,4405,4450,4325,4350,99027,431542770,-0.68,266385165150,-117779400.0,18095.0,20240404
321260,3015,3100,3010,3020,157908,481095555,0.5,85140093680,85353700.0,,20240404
053610,47250,47650,40500,46000,1162031,51011590450,-6.6,506000000000,269234500.0,-1789101300.0,20240404
303360,2830,2880,2825,2840,12088,34320315,-0.53,36571290600,757845.0,,20240404
377220,2365,2705,2365,2500,1094914,2790142725,5.71,35387500000,203738725.0,157245.0,20240404
335810,4810,4810,4755,4800,15613,74504165,0.0,55749724800,-3010560.0,-6138970.0,20240404
053160,13010,14040,13010,13730,90939,1241104940,5.53,82380000000,-47342880.0,-3942240.0,20240404
405000,2665,2710,2665,2700,52184,140004860,0.75,54633600900,-1837230.0,-57372545.0,20240404
041590,0,0,0,789,0,0,0.0,103917099150,,,20240404
367000,7430,7540,7310,7500,18025,133450050,0.0,62911552500,-8454860.0,,20240404
075130,2330,2355,2315,2325,56107,130518695,-1.06,38646894000,-8437920.0,,20240404
237820,6570,6700,6410,6640,135144,882955690,-0.15,85172209600,72803210.0,7909530.0,20240404
023770,5920,5950,5830,5900,20272,119208930,1.37,51724238000,3127330.0,,20240404
300080,26250,26600,25800,25900,35100,915483950,-1.89,142492786800,-67179500.0,2668300.0,20240404
032580,1721,1849,1702,1815,7232485,12941572749,6.14,60134696160,376828591.0,3170777.0,20240404
051380,3740,3915,3700,3850,753060,2883021215,1.58,59059277200,331684140.0,-3805.0,20240404
241820,1415,1488,1312,1326,173558,237376999,-6.29,71654544468,-11084342.0,540150.0,20240404
237750,5420,5600,5400,5580,42119,232367100,2.95,36251028000,-6188660.0,-30.0,20240404
319660,31400,31550,30600,31200,411182,12779337950,0.48,903761476800,-2549758950.0,1148045800.0,20240404
031980,43050,46900,42600,45850,358234,16143335750,8.78,988635810750,-99900250.0,1425397900.0,20240404
002230,3625,3670,3510,3550,21777,77546490,-3.01,68765889150,-1230145.0,,20240404
057880,0,0,0,17570,0,0,0.0,209792265760,,,20240404
043370,10950,10950,10700,10850,42488,458899880,-0.09,227850000000,-73576630.0,-1478880.0,20240404
239890,16710,17260,16710,16950,97463,1659865300,1.5,168411047250,456975350.0,58324420.0,20240404
347740,2820,2865,2785,2830,88557,249686035,0.35,84929930080,-72639905.0,56524700.0,20240404
137400,40600,41050,39700,40300,191869,7722372450,-0.62,916470279400,678890300.0,-159942400.0,20240404
257370,0,0,0,9210,0,0,0.0,107645199810,,,20240404
147760,6880,6960,6710,6850,133718,911234160,-0.72,74116082100,-71137430.0,29455500.0,20240404
128660,3440,3530,3440,3530,72079,251852025,2.77,87555892570,24786190.0,,20240404
006140,6540,6670,6460,6510,46042,299992700,-1.36,97650000000,23253090.0,560.0,20240404
376180,3985,4100,3940,3965,73945,293576620,-0.25,73022841970,-111379490.0,,20240404
304840,3005,3045,2945,2990,116845,347848360,-1.81,63057497360,-61630840.0,,20240404
062970,1902,1959,1902,1909,26947,51640195,-0.57,17769325165,-2920702.0,,20240404
087600,9340,9750,9340,9510,34335,329190770,1.82,77663966580,133437690.0,-21910.0,20240404
291810,3590,3625,3560,3580,14079,50462320,-0.28,40611204960,-20090075.0,,20240404
378340,31700,32150,29950,30300,1001193,30907659600,-4.87,643795674600,-1028133700.0,-485438100.0,20240404
161580,28000,31000,27000,29850,14554993,425306662800,9.14,676949105700,4958958350.0,5852559900.0,20240404
347770,3810,3950,3790,3920,36125,140051010,1.95,89599604640,1526130.0,25.0,20240404
163730,8800,8930,8740,8740,37263,327743300,-1.13,81770312540,-41344400.0,17490.0,20240404
417180,4000,4010,3880,3955,202423,795377840,-1.13,65799331045,-159837630.0,,20240404
446750,2175,2200,2155,2190,3504,7593125,-0.45,13205700000,596075.0,-6168965.0,20240404
448370,2155,2155,2125,2135,2682,5721240,-0.93,11998700000,0.0,-1557430.0,20240404
454750,2080,2115,2080,2100,30635,63800725,1.2,15124200000,-290395.0,-15943190.0,20240404
454640,2110,2130,2100,2100,3085,6486215,-0.47,11342100000,132875.0,-6144870.0,20240404
469880,2075,2100,2075,2085,7389,15372560,0.48,15230925000,-226915.0,13540950.0,20240404
469900,2070,2075,2065,2070,21967,45474855,0.0,11602350000,2918045.0,21750180.0,20240404
475240,2220,2250,2220,2235,141265,315176260,0.0,7152000000,20165405.0,14816275.0,20240404
406760,0,0,0,2135,0,0,0.0,15820350000,,,20240404
418170,2180,2180,2155,2180,10423,22513650,1.4,13101800000,289830.0,-4118950.0,20240404
430230,0,0,0,2360,0,0,0.0,18889440000,,,20240404
435620,9760,9790,9680,9750,12198,118562500,-0.1,41944500000,166080.0,50910190.0,20240404
299030,59900,60000,58100,60000,69504,4095864800,1.35,489636420000,-243124000.0,-128399100.0,20240404
067310,28300,34500,28200,33300,29965507,971845642900,21.09,1736144617500,64576607950.0,7745001950.0,20240404
166090,57900,61000,57400,59400,528924,31467669600,7.22,1173308835600,760046700.0,2207701800.0,20240404
136480,3050,3065,3020,3030,334109,1014776565,-0.49,321815397060,-113148210.0,-3065.0,20240404
003380,6590,6620,6470,6560,249877,1631219230,0.15,734756873760,69990710.0,-117086050.0,20240404
101670,6750,6930,6600,6670,934076,6285265850,-1.77,335698912240,-205394410.0,-96368080.0,20240404
365590,1353,1368,1301,1310,552082,728871628,-3.03,188016329960,-101398069.0,-2428669.0,20240404
149980,8090,8850,7910,8590,903096,7656234990,6.44,159691218170,577337750.0,560578340.0,20240404
013030,25850,26150,25300,26000,70628,1812731750,0.19,334257300000,-338177200.0,656958850.0,20240404
126700,22500,23050,22400,22800,145766,3306857050,1.79,340680153600,-150875750.0,-85334050.0,20240404
106080,4900,4955,4780,4950,45415,220624540,0.0,76594126950,-121336870.0,-39125.0,20240404
400840,2090,2090,2065,2085,64354,133140010,-0.24,10675200000,2372665.0,5262900.0,20240404
450050,2150,2150,2150,2150,5,10750,0.0,10780100000,,0.0,20240404
221840,2350,2385,2340,2380,14127,33435895,1.28,44507335180,1488175.0,0.0,20240404
106190,9560,9970,9560,9870,15995,156471860,2.28,104949417510,-3559370.0,-9031050.0,20240404
373200,1443,1448,1396,1412,1605936,2272863578,-2.08,106896387684,-565005369.0,,20240404
066130,5020,5070,5010,5040,9773,49227040,0.4,64512000000,-811530.0,193640.0,20240404
004590,4240,4400,4150,4225,164982,698829200,-1.97,63375000000,28436560.0,106630.0,20240404
039340,5740,5790,5680,5720,7889,44987130,0.35,131560000000,-11420.0,,20240404
034950,85700,86100,85500,85600,2330,199888000,-0.12,388667998400,68250700.0,-15500.0,20240404
222980,4495,4555,4350,4350,49765,220669405,0.35,47986951050,-32658605.0,-5.0,20240404
256840,6790,6910,6370,6580,2615972,17186208540,-2.95,446863874940,2455774930.0,14688910.0,20240404
025550,3535,3655,3535,3610,67511,243307910,1.55,84113000000,67406780.0,316210.0,20240404
017890,10600,10840,10600,10710,25615,273912260,1.04,231397689600,-31313120.0,-5190370.0,20240404
080720,5650,5650,5500,5610,7434,41248850,0.54,44374140690,-809340.0,,20240404
063570,5890,5890,5830,5850,62933,369077250,-0.51,199764208800,-21534850.0,-23479280.0,20240404
041460,4100,4185,4085,4115,68604,281893400,0.49,78185000000,-20950940.0,5.0,20240404
101680,2620,2620,2525,2600,12514,32256780,-1.33,21850400000,-2922135.0,,20240404
039740,2980,2995,2950,2990,38423,114021390,-0.5,23975007030,-283460.0,,20240404
053300,5080,5120,5080,5110,13429,68469190,0.79,213477051410,-899840.0,5110.0,20240404
025770,9010,9010,8810,8910,26776,238144670,0.56,333628454610,-39313420.0,-19590870.0,20240404
436610,0,0,0,2280,0,0,0.0,13725600000,,,20240404
458610,2180,2200,2170,2190,7594,16529510,0.0,9263700000,-89230.0,0.0,20240404
464440,2150,2150,2140,2140,222,475140,0.0,9244800000,-10715.0,0.0,20240404
023760,613,618,607,609,215981,131795520,-0.65,192206231784,-2508974.0,-5033.0,20240404
054040,6190,6290,6150,6260,120908,751730180,1.29,100606275400,-58220010.0,-2118400.0,20240404
021650,2715,2715,2690,2690,22687,61137425,-0.92,43983014470,61585.0,1809750.0,20240404
053590,0,0,0,334,0,0,0.0,52484809098,,,20240404
032300,21000,21600,20700,20700,32215,673130500,-1.66,225768710700,-152469900.0,1887750.0,20240404
037230,2085,2100,2080,2100,12722,26610940,0.72,62580686700,-823055.0,,20240404
030520,20650,21100,20400,20500,346969,7151793300,0.24,495684752000,230705950.0,-132377600.0,20240404
052600,4650,4800,4555,4560,359783,1685332455,0.22,52730472000,104183870.0,4700.0,20240404
256150,7300,7360,7280,7330,5078,37104550,0.41,61535350000,-4519520.0,-58560.0,20240404
092460,6250,6380,6110,6210,35897,223682490,-1.27,106251112800,-17835940.0,0.0,20240404
452190,7320,7400,6540,6590,1918198,12856655070,-9.97,146607393910,-69338460.0,-2372241570.0,20240404
047080,2100,2105,2070,2100,38102,79561100,-0.24,52126960200,1723985.0,,20240404
452280,6410,6480,6130,6200,97550,610735410,-4.02,105415500000,-152724520.0,0.0,20240404
066980,3170,3245,3075,3080,713126,2243076640,-4.2,154109121320,-20805405.0,4420995.0,20240404
114810,13530,14170,13530,14100,417514,5824696850,4.91,413865653400,114834620.0,719509090.0,20240404
070590,1671,1724,1671,1699,39878,67766118,1.74,23581306179,-9283731.0,,20240404
226440,0,0,0,1530,0,0,0.0,100580954580,,,20240404
042520,14200,14340,14090,14280,23334,331699240,0.99,193156520760,-95645360.0,-3160170.0,20240404
430690,16500,16500,15270,15300,478842,7572627850,-10.26,83349427500,130365780.0,-909716580.0,20240404
078350,20250,21900,20050,21700,1217259,25675882490,10.55,330803089400,-620761300.0,1732829000.0,20240404
045100,18520,18820,18460,18820,126868,2369052560,1.95,338760000000,258028380.0,-24442000.0,20240404
091440,13220,13500,12810,12900,32874,426578200,-0.77,188426055900,-92211140.0,,20240404
024740,2390,2390,2345,2360,220953,521253470,-1.26,74416808560,-117420505.0,,20240404
005860,5220,5370,5150,5190,2410676,12664925480,-0.57,204505125150,512242600.0,,20240404
007770,14370,14530,14220,14380,4097,59026870,0.35,50473800000,-18251620.0,,20240404
198940,2705,2815,2670,2790,40889,111146440,3.14,54225923850,-6491190.0,,20240404
079170,7700,7800,7650,7740,8830,68206400,0.52,40248000000,4250960.0,,20240404
054920,3285,3650,3215,3370,1028778,3544884570,3.69,95091562970,-143151515.0,-15449360.0,20240404
002680,1009,1029,1000,1005,216784,218296243,-1.18,32478382995,32434225.0,,20240404
386580,0,0,0,2040,0,0,0.0,8486400000,,,20240404
430460,2155,2155,2130,2135,13697,29398435,0.23,12639200000,-1315830.0,-4286625.0,20240404
455310,2095,2095,2080,2085,7874,16414710,0.24,10550100000,-19065.0,8342000.0,20240404
034810,7720,7730,7650,7730,14480,111585060,0.13,251664504610,-9855980.0,15460.0,20240404
03481K,8900,8930,8760,8810,1114,9816410,-0.68,12236402820,,,20240404
076610,1429,1461,1425,1433,77052,111306763,0.42,36474432734,-24921.0,11891649.0,20240404
059270,8530,8530,8050,8320,494655,4086158550,-0.48,89839293440,-668500460.0,-54290980.0,20240404
220180,3730,3730,3500,3695,84782,305066310,-0.27,71712560000,-62428620.0,,20240404
900270,209,210,204,205,477793,98544568,-1.91,25734692220,-1586659.0,,20240404
214180,13400,13410,13260,13310,12050,160519300,-0.45,176453132350,18274590.0,26303000.0,20240404
234340,17870,18190,17700,18050,27862,501236820,2.21,170626650000,-30914770.0,-16329600.0,20240404
084990,4295,4375,4180,4345,128404,547759555,0.46,213182793230,-65631290.0,1164035.0,20240404
170030,7470,7520,7450,7460,82318,614448410,-0.13,114436400000,-30078310.0,12150.0,20240404
319400,3070,3100,3050,3070,205675,631814115,0.0,361360683410,46912410.0,797680.0,20240404
048410,20750,20950,19740,20150,357678,7238275460,-1.47,802320771200,-859119000.0,-292449190.0,20240404
052260,9170,9360,9060,9190,98519,904337810,0.22,137850000000,-169558630.0,92417990.0,20240404
041440,6640,6650,6520,6580,128413,845229280,-0.9,117886911520,-255170010.0,31690.0,20240404
039010,6700,6750,6500,6550,98094,647343680,-1.5,56493750000,-264838980.0,31019340.0,20240404
090850,5940,5960,5750,5840,174063,1010131840,-1.85,138678748240,-77962380.0,-309769610.0,20240404
460930,18600,18790,18080,18140,654038,11987816010,-2.05,631707360000,-1334647050.0,2534320.0,20240404
092300,3825,3875,3760,3835,127979,487962010,0.39,71610249360,62663880.0,,20240404
138360,965,1200,950,979,7612777,8416970020,4.82,33885132336,-213305525.0,19304624.0,20240404
011080,902,950,880,939,223827,207272121,4.1,23947657857,-1137777.0,,20240404
060560,1172,1181,1162,1171,144949,169333621,-0.17,149501013775,-24647590.0,0.0,20240404
064240,2620,2685,2560,2605,78556,204553915,0.0,91274021260,-79907535.0,13940.0,20240404
039610,5310,5320,5250,5300,14058,74211450,-0.75,55175120000,-8422620.0,30.0,20240404
126640,1519,1547,1499,1504,256145,387598603,-0.73,54706326048,8880742.0,-17579375.0,20240404
127980,8500,8700,8440,8660,41606,357296760,3.22,102540323440,105133870.0,,20240404
061250,1610,1623,1592,1600,226887,363911246,-0.93,106452521600,-127455417.0,,20240404
097870,7430,7540,7400,7450,27287,203378030,-0.67,63250500000,-31865710.0,30.0,20240404
290270,4735,4755,4570,4640,41715,196371685,-2.01,44579598080,-48224145.0,-5598705.0,20240404
353190,1081,1089,1054,1084,103972,112235772,-0.46,42686207280,-848581.0,,20240404
192410,477,488,476,478,209840,100640562,0.63,20801864032,-12637561.0,,20240404
090710,2990,3055,2980,2995,424339,1276403870,0.17,212028910530,-126593455.0,,20240404
078590,948,968,946,948,269462,256969063,-1.15,51391401372,18055.0,,20240404
205470,2040,2040,1929,1942,3027052,5968948696,-4.1,251246267478,-2234496766.0,-49273987.0,20240404
115160,2635,2660,2610,2650,76097,200098690,0.76,116520828600,-33733760.0,,20240404
028080,4005,4125,3985,4010,16078,64794680,-0.99,50435799060,-9296065.0,,20240404
200670,28150,29300,28100,29300,60653,1750880100,4.09,329036949000,-257468050.0,557960100.0,20240404
065510,13000,13300,12880,12990,53601,698573930,0.85,157950229290,-119604740.0,-40269800.0,20240404
215090,0,0,0,1505,0,0,0.0,120843123170,,,20240404
263920,1150,1205,1142,1195,288436,340303191,2.84,58608935130,20124002.0,,20240404
243070,35650,35950,35350,35650,14160,504526850,-0.14,427075057250,-90878150.0,-70339100.0,20240404
084110,22300,22450,22200,22400,7742,172741150,0.45,282721420800,-31651900.0,22300.0,20240404
145020,204500,207000,200500,201000,45151,9169742000,-0.5,2414792292000,-3712696000.0,1971671500.0,20240404
024060,13500,14470,13390,13850,9284375,130234928360,0.0,207750000000,380289180.0,67903530.0,20240404
010240,5520,5550,5450,5530,18644,102166470,-0.18,68144508880,4691200.0,1701630.0,20240404
189980,2255,2280,2235,2250,106182,241246555,-0.44,90310110750,-63682380.0,,20240404
037440,6690,6880,6650,6730,151077,1019522100,0.9,93698256750,-135640880.0,,20240404
238490,5970,6050,5950,6040,20470,122947780,1.17,68325905440,13231830.0,-9290.0,20240404
