code,open,high,low,close,volume,거래대금,등락률,시가총액,foreign_net,inst_net,date
060310,1888,1916,1851,1862,471186,879595693,-1.48,95119603404,-96742314.0,,20241205
054620,5660,5840,5650,5710,25519,147074250,0.88,113596001910,-24835500.0,86598900.0,20241205
265520,15520,16040,15440,15770,83961,1327372900,1.61,240988009170,-62111110.0,-20951310.0,20241205
211270,12310,12390,11910,12130,216960,2639235130,-1.78,182948347520,537094190.0,-579950590.0,20241205
109960,472,489,431,437,773045,352067652,-5.62,87744910553,-33222047.0,-115093915.0,20241205
139050,0,0,0,2805,0,0,0.0,24247965555,,,20241205
126600,2800,2825,2680,2680,163999,446695465,-4.8,168215289320,-58948075.0,2730.0,20241205
013720,911,942,885,900,377040,340826880,-2.07,40165322400,25811223.0,,20241205
083790,2545,2560,2440,2480,78250,194835880,-1.78,190697571360,15907515.0,-37307310.0,20241205
035760,62600,63000,60400,61200,75916,4655760400,-2.39,1342064224800,655785300.0,-1171082700.0,20241205
311690,10990,11110,10390,10700,120485,1299942820,-2.73,97503771400,22172390.0,-60.0,20241205
051500,17950,17950,17270,17540,47328,831479970,-2.23,208227618440,-320775260.0,200541520.0,20241205
058820,1848,1853,1794,1794,796938,1438939741,-2.66,249172685736,-99350930.0,4883978.0,20241205
023460,0,0,0,109,0,0,0.0,4054800000,,,20241205
056730,732,775,730,737,6879,5056286,-0.41,54619944082,-124034.0,,20241205
065770,1400,1638,1292,1293,8684262,12870684620,2.54,25098591090,-33548999.0,,20241205
083660,1025,1044,945,970,103408,100930368,-6.37,59409765570,3685231.0,,20241205
456440,0,0,0,2275,0,0,0.0,12091625000,,,20241205
477760,2030,2050,2030,2050,2965,6047905,0.0,11972000000,-83700.0,4790660.0,20241205
099520,0,0,0,1284,0,0,0.0,58141862016,,,20241205
060900,1012,1032,1005,1006,42896,43472823,-2.33,25409778374,-3586053.0,,20241205
290120,2325,2335,2290,2295,8963,20746470,-1.29,35607241710,-350930.0,1792485.0,20241205
025440,839,869,817,845,124141,105134270,0.72,26010134280,-9207774.0,,20241205
068790,5780,5840,5650,5710,85500,493080370,-1.89,140312178310,-144609270.0,-2497620.0,20241205
241520,2845,2955,2780,2825,200936,572881850,0.18,77676553125,-129817720.0,84337660.0,20241205
180400,1684,1750,1659,1669,518320,868583206,-2.85,82147232008,-11920397.0,,20241205
245620,0,0,0,415,0,0,0.0,57474989665,,,20241205
037370,6100,6130,5950,6010,20903,126282500,-1.31,51836081720,-15997780.0,,20241205
050120,1647,1670,1592,1609,7629,12433840,-3.07,21824614374,-2576313.0,,20241205
214270,1891,1899,1829,1874,156632,291046033,-0.9,62311367662,-65122157.0,,20241205
130500,2520,2540,2465,2465,25604,63843580,-1.99,35853553180,-9908965.0,-5.0,20241205
900290,3510,3570,3485,3485,41222,144966170,-0.57,234801875000,-9407985.0,-748795.0,20241205
083450,15870,16170,15590,15710,558143,8887556310,0.06,292492864600,914457150.0,-90260900.0,20241205
297890,2745,2795,2675,2775,500533,1376877870,1.83,202966036350,206666035.0,5050270.0,20241205
440290,1570,1583,1560,1580,18300,28760272,0.32,42829075800,-5610906.0,1140760.0,20241205
078150,1772,1799,1713,1772,899231,1584917588,0.85,164292603152,237597179.0,-5316.0,20241205
195940,37350,37400,36450,36500,196495,7216317750,-2.41,1034041021500,-649830650.0,34123850.0,20241205
028300,71400,73900,71300,73100,519155,37601133100,1.53,9604421352300,-2438103500.0,-1328670000.0,20241205
278650,2015,2040,1990,1995,335040,671359883,-0.99,173027525055,-64276842.0,2971398.0,20241205
067630,9950,10180,9900,10040,301072,3005138350,0.6,1191545232160,-13860890.0,-91068560.0,20241205
024850,2630,2645,2545,2560,409682,1056544060,-2.66,241304404480,-217093260.0,-105902345.0,20241205
047920,21400,21750,21050,21600,116467,2498741650,0.93,687203870400,-274603800.0,-1981400.0,20241205
115450,10150,10350,10080,10260,401579,4088170000,1.08,822235712580,-248972850.0,-140641560.0,20241205
046210,2795,2835,2770,2795,41766,116810930,0.0,118775529015,-36119290.0,13930.0,20241205
403870,26550,27900,26350,27900,1219055,33295039750,6.9,2315671430400,2205113500.0,1335174950.0,20241205
036640,4765,4820,4555,4600,114035,529678625,-3.87,75232080000,-22680345.0,-123895.0,20241205
439730,0,0,0,2150,0,0,0.0,9266500000,,,20241205
442770,2105,2145,2105,2130,10289,21932985,0.71,8967300000,-764320.0,21320955.0,20241205
448760,2100,2145,2100,2105,5279,11174425,-0.71,9325150000,-313245.0,635975.0,20241205
467930,2125,2125,2085,2095,38012,79642400,0.24,8861850000,424140.0,-19282160.0,20241205
469480,2090,2090,2080,2090,29301,61227430,-0.24,8840700000,725400.0,-34495945.0,20241205
095340,51400,58100,51400,56800,326849,18350568500,12.03,1203992894400,2977381200.0,3569599500.0,20241205
950170,3925,4020,3925,3950,30830,122502270,-1.13,204398074600,-8186595.0,12891790.0,20241205
067290,1410,1410,1382,1403,54054,75472273,0.21,71330627306,-10315106.0,,20241205
035900,75000,75800,71500,72500,1049077,76658128800,-1.89,2576105670000,15495569900.0,-2711714200.0,20241205
318000,4580,4590,4400,4400,57223,253943210,-4.66,38456981200,-34074320.0,-17369630.0,20241205
024840,2065,2075,1981,1989,1784325,3597911307,-5.29,69434396811,161510509.0,1728730.0,20241205
024120,3130,3135,3030,3035,21290,65184835,-3.34,34902500000,-4737280.0,25.0,20241205
455250,2040,2065,2040,2065,12645,26009140,1.23,8889825000,744890.0,10101700.0,20241205
458320,2090,2200,2090,2135,44823,96013495,1.18,11753175000,-1174305.0,-33877375.0,20241205
464680,1980,1980,1966,1967,21664,42659912,-0.41,25384135000,728806.0,-28861907.0,20241205
476470,0,0,0,2095,0,0,0.0,11532975000,,,20241205
478390,2005,2025,2005,2025,7987,16147530,0.0,12595500000,-102685.0,15579590.0,20241205
486630,2000,2025,2000,2010,16959,34112560,0.0,10673100000,-474905.0,24999675.0,20241205
021320,4130,4185,4040,4040,1444,5886515,-1.94,86456000000,233935.0,,20241205
036670,6550,6610,6500,6510,8452,55117550,-1.66,73367700000,-22841550.0,,20241205
044180,450,459,382,409,2047505,847720132,-12.04,10927579791,26924290.0,,20241205
046440,4600,4650,4515,4520,67430,309591775,-1.74,175491567360,-69027200.0,-2238600.0,20241205
151860,4985,5020,4765,4800,116980,567264585,-3.52,238094409600,-161602455.0,-477095.0,20241205
035600,9170,9200,8960,9000,116922,1056502390,-2.6,251139906000,-594308400.0,-26905030.0,20241205
226360,0,0,0,2555,0,0,0.0,60698450260,,,20241205
111870,0,0,0,8910,0,0,0.0,43928518590,,,20241205
060720,8290,8310,8050,8070,113376,923051800,-3.0,191076956940,-77670360.0,-117789300.0,20241205
058400,790,806,770,773,1078001,841356159,-2.15,102368173560,,3871863.0,20241205
101000,2200,2230,2130,2165,96662,210181040,-2.48,65273925135,-63190765.0,32311200.0,20241205
122450,3200,3200,3140,3155,38374,121403330,-0.94,143034966420,2970440.0,-3794000.0,20241205
052900,853,876,843,860,57533,49085161,0.82,47392464620,-6525039.0,18230.0,20241205
376190,3800,3815,3730,3730,4440,16693765,-1.84,91758000000,-3005585.0,,20241205
061970,3480,3485,3395,3420,76817,264558900,-1.01,149743304640,9294750.0,4246140.0,20241205
309960,3455,3530,3355,3360,66071,224335910,-2.75,78009923040,12778385.0,876960.0,20241205
225190,3105,3235,2860,3105,8830994,27343883770,1.14,157573906200,448697215.0,11248175.0,20241205
060370,14240,14470,13710,13900,353763,4993522880,-1.77,454097070600,-61641750.0,-26959840.0,20241205
417200,11000,11060,10400,10400,323403,3441340190,-5.37,703587653600,-172277620.0,-395167330.0,20241205
078020,3910,3910,3840,3845,41114,158951675,-1.66,213325175550,-60574945.0,-15.0,20241205
476080,15290,16520,14950,16520,1718083,27208968450,7.41,128608200000,-720124010.0,2699730.0,20241205
086960,921,924,896,901,432662,391991936,-1.42,83632430988,24535841.0,4552.0,20241205
038340,0,0,0,1233,0,0,0.0,39979891836,,,20241205
160550,2240,2295,2185,2185,54352,120664830,-2.46,60974841610,-41947165.0,,20241205
053290,3400,3495,3355,3385,191142,652706945,0.45,55941549195,70820885.0,0.0,20241205
060250,7800,7820,7570,7610,178008,1362715500,-2.81,305622249710,-60300960.0,-11933690.0,20241205
104200,3055,3090,3030,3040,22727,69338765,-1.94,45075752000,-3727505.0,15.0,20241205
222160,0,0,0,8040,0,0,0.0,79551289560,,,20241205
024940,7300,7420,6660,6880,2084025,14641007500,-12.24,68800000000,318002080.0,,20241205
218410,11900,12090,11610,11900,115064,1362818810,-0.08,315164859800,-19196310.0,-21737540.0,20241205
327260,5620,5630,5290,5290,258822,1398538830,-7.19,44611791990,44164270.0,,20241205
474610,5460,5560,4835,4850,877282,4481492250,-11.17,61023005550,-24292680.0,26179400.0,20241205
091340,2465,2515,2410,2420,27062,66639185,-2.02,28323004820,-744320.0,,20241205
419530,13020,13100,11900,12140,119402,1469859520,-6.76,104293890200,-31368960.0,5753560.0,20241205
019550,864,864,793,793,5827421,4836545547,-4.46,128518793975,-330629908.0,5401299.0,20241205
950110,4965,4965,4955,4960,32708,162180265,0.1,119300598400,-2791485.0,0.0,20241205
036120,2035,2065,2025,2025,45244,92069725,-1.94,71887500000,-20115120.0,,20241205
246960,8420,8560,8250,8540,6255,52490850,1.07,62200244540,500530.0,1706410.0,20241205
099220,1070,1091,1010,1019,855988,902726863,-9.26,57239075409,-39353664.0,,20241205
036540,3125,3170,3075,3135,333060,1041743765,0.48,515583049905,162925295.0,-32925320.0,20241205
255220,2895,2975,2750,2845,5033937,14358811220,-2.23,274224741950,-213828330.0,-44770400.0,20241205
040610,1508,1551,1502,1549,165336,253797765,2.31,52801066604,-8183409.0,258398.0,20241205
049470,281,309,280,305,517579,152116758,9.32,17952985945,30009302.0,-6314909.0,20241205
184230,495,495,470,475,123294,58935414,-4.04,29734601475,-9080747.0,-1074013.0,20241205
016250,13500,13800,13330,13650,1609,21904590,-0.07,44274935250,-395280.0,,20241205
048550,1600,1600,1553,1553,186091,291798269,-2.45,150197804860,-46020823.0,-8717322.0,20241205
063440,1375,1420,1350,1370,530200,737310364,0.22,63059940980,35933060.0,,20241205
067160,106000,111300,105300,106100,116578,12584773600,1.05,1219594778700,-1272499900.0,2382659800.0,20241205
289080,1387,1390,1340,1350,119070,161239963,-2.39,71865900000,-62852964.0,3767850.0,20241205
089230,937,961,870,879,240602,214699414,-6.79,19235115687,16642062.0,-7555449.0,20241205
032540,4620,4950,4620,4855,40381,192088885,4.18,67637961695,-3311730.0,-47065155.0,20241205
022220,950,985,919,920,115724,107913500,0.11,47651012680,-20866391.0,-236096.0,20241205
048770,2025,2050,1952,1975,50140,99995409,-3.42,31003532225,6396113.0,,20241205
246690,906,1057,887,915,4897867,4907520565,1.1,37952243730,-10593252.0,,20241205
317240,0,0,0,279,0,0,0.0,29920217238,,,20241205
057030,3600,3650,3480,3480,281365,1001236685,-5.82,56768185560,-92354215.0,,20241205
040300,3205,3475,3200,3220,1312088,4326075530,-6.26,135240000000,186576765.0,,20241205
051390,3695,3715,3670,3690,7949,29314240,-0.14,41901307920,85240.0,911790.0,20241205
052220,2845,3350,2780,2825,11893753,36101038805,-8.43,64975000000,348272725.0,17530000.0,20241205
079940,14000,15500,13820,15200,242691,3652361830,8.57,205742396800,857945710.0,10215940.0,20241205
078890,3265,3320,3235,3260,51093,167202585,-0.61,56757111820,-15637035.0,-22840.0,20241205
399720,30450,31350,30050,30750,74294,2289644750,1.82,356617590000,621718050.0,-20890950.0,20241205
036620,2700,2700,2565,2630,366312,957859895,0.0,240603803680,-193107010.0,521790.0,20241205
198440,1237,1237,1196,1208,86099,103692615,-0.9,73605730368,-5124522.0,,20241205
217730,2165,2265,2145,2180,574354,1259817455,0.0,122198044820,-125080425.0,,20241205
114190,10590,11090,10410,10510,110467,1187982990,-1.78,274553129380,-46831230.0,-28766610.0,20241205
094480,8780,8850,8410,8410,1624186,14021947620,-6.76,329922937580,-495869240.0,201511670.0,20241205
039240,3170,3170,2915,3005,1588724,4763101720,-11.75,81073710020,-327112375.0,5135.0,20241205
053950,724,724,693,693,311206,218604547,-3.48,54156119094,22255129.0,,20241205
011040,5970,5970,5920,5930,34139,203026250,-0.67,182458782380,-80254870.0,-4218770.0,20241205
024910,2035,2035,1850,1927,122628,238553592,-2.82,69023222635,5399892.0,,20241205
049720,10210,10240,10040,10150,42288,427677570,-0.68,145145000000,-16307570.0,-40389480.0,20241205
014570,4425,4425,4345,4360,9623,41973210,-0.23,47960000000,-9496825.0,2985960.0,20241205
348150,5520,5600,5410,5440,50893,278119570,-1.81,105393744000,-30071190.0,,20241205
950190,9400,9400,9110,9170,4564,42032040,-2.34,124527609640,-19118540.0,,20241205
098460,8090,8170,8020,8020,220900,1786877890,-0.74,550611135100,36457390.0,-100857660.0,20241205
035290,400,406,390,396,89460,35485391,-1.0,18879886080,-6584097.0,,20241205
900280,0,0,0,97,0,0,0.0,19924215936,,,20241205
215000,71200,71400,70100,70500,16587,1171657700,-1.4,442416757500,-85039100.0,59508400.0,20241205
121440,3600,3610,3525,3610,59869,213340525,0.28,154640912980,-69998830.0,2633790.0,20241205
366030,3690,3725,3600,3605,37652,138026080,-2.3,81667129250,-63609050.0,,20241205
014200,0,0,0,30200,0,0,0.0,91311391200,,,20241205
029480,2785,2815,2555,2665,254671,687994425,-4.14,146599206195,-212863830.0,,20241205
026910,1944,1957,1921,1950,5618,10851767,0.1,12490539750,86311.0,,20241205
440790,2130,2130,2105,2110,3623,7666895,0.0,8545500000,14860.0,6352225.0,20241205
456490,2060,2085,2060,2080,6166,12813575,0.0,8736000000,-171270.0,12092360.0,20241205
465320,2045,2080,2045,2075,35381,73393530,-0.24,7905750000,-99645.0,17860985.0,20241205
482520,2030,2030,2010,2025,7936,16049195,-0.25,12352500000,-218045.0,12555000.0,20241205
489210,1979,1985,1976,1980,86281,170700352,0.05,10256400000,10426463.0,58206685.0,20241205
053270,2035,2060,1990,1994,74780,150398368,-2.25,54656347570,-25954470.0,,20241205
066620,16820,16820,16640,16680,7740,129279160,-0.83,125100000000,49331870.0,5202960.0,20241205
043650,4540,4560,4465,4495,55083,247986450,-1.21,80273076480,-96929340.0,2101020.0,20241205
006050,2085,2145,1991,2145,4675140,9600975403,-1.38,74850296235,-151314119.0,-7746675.0,20241205
060480,1694,1794,1694,1716,34520,60148108,1.3,19030440000,-16186630.0,,20241205
078130,0,0,0,800,0,0,0.0,901924696800,,,20241205
307750,3710,3740,3625,3630,84944,310680150,-2.29,178121446470,-128484465.0,3665.0,20241205
035080,13890,13930,13700,13810,40934,566357330,0.15,200625935040,75549070.0,174697960.0,20241205
453450,15860,16260,15580,15610,58571,927587320,-0.06,123986327500,73635280.0,11684890.0,20241205
204020,2810,2870,2810,2855,36041,102831400,0.35,57520912650,-23876760.0,53488580.0,20241205
402490,13170,13170,12480,12480,73034,928932400,-3.03,103158981120,42842110.0,-471060.0,20241205
114450,1670,1740,1641,1651,49776,82527999,-0.54,33020000000,-26860603.0,-13898380.0,20241205
186230,9060,9760,9010,9750,133150,1268916870,6.09,105496833000,437604270.0,90.0,20241205
900070,402,404,378,404,32480,12956859,-0.49,21712563072,-1254.0,,20241205
204620,4000,4060,3585,3625,1742685,6514002915,-9.49,221545626875,-589110235.0,212115680.0,20241205
019660,566,620,564,568,97807,56792475,-4.38,19761143728,3072889.0,,20241205
053260,4055,4070,4035,4035,8056,32596445,-0.37,75535200000,-1837325.0,12165.0,20241205
282720,9430,9440,8790,8790,163489,1472575940,-5.59,106530405000,24990060.0,200.0,20241205
036190,25350,25350,24800,24950,19075,476375200,-0.99,149700000000,107086600.0,5108950.0,20241205
049080,571,584,545,548,241063,134227528,-4.03,46516074156,-17952447.0,-13149.0,20241205
420770,22900,24100,22750,23450,67607,1585026500,2.18,297246525100,467631600.0,-375939200.0,20241205
035460,1661,1695,1661,1673,38811,65032312,-0.54,24387889820,-7841968.0,,20241205
308100,2800,2810,2580,2585,50910,137052400,-8.33,17124934805,11491560.0,10.0,20241205
407400,6420,6880,6170,6200,492694,3217354560,-5.49,76008738800,-35247730.0,-445380.0,20241205
187790,0,0,0,1025,0,0,0.0,31611850750,,,20241205
286750,1496,1550,1481,1513,206558,312458029,3.0,31310867767,-62749906.0,,20241205
121600,65900,66500,63600,63800,53939,3489213200,-3.19,778109776400,408042900.0,-320203600.0,20241205
247660,6600,6700,6460,6530,13152,86286010,-2.54,28365797600,-5105630.0,,20241205
039860,3325,3330,3190,3195,282488,912106410,-3.77,102591711990,58145540.0,3250.0,20241205
091970,716,728,695,700,96435,69097964,-3.58,26192245100,-1489623.0,,20241205
417010,8350,8360,7700,7900,496479,3951619700,-4.59,155822191200,187416110.0,-117348770.0,20241205
405920,3560,4035,3495,3505,713391,2670157795,0.43,45137656380,63467215.0,-219815.0,20241205
051490,3725,3765,3600,3600,81435,298385600,-3.36,51120000000,16080230.0,371800.0,20241205
137080,3245,3245,3050,3185,36876,116419230,0.31,35224259070,-21749435.0,10.0,20241205
190510,12250,12630,12010,12190,57720,713807780,0.83,198262840960,18218720.0,237068970.0,20241205
242040,1485,1516,1451,1494,134646,198792683,0.61,51701758416,-6883084.0,-16434.0,20241205
089600,14500,14550,14260,14530,10486,151406470,-0.14,168085408390,-15313400.0,46337610.0,20241205
293580,949,949,913,940,494386,459948349,-6.37,89234153000,-14964056.0,10346114.0,20241205
138610,17200,17400,16220,16260,884587,14860942430,0.68,177122082420,-665929020.0,-806266140.0,20241205
130580,4970,5020,4930,5010,6685,33148605,1.01,77154000000,-2957900.0,504085.0,20241205
036800,18180,18270,18020,18040,3722,67329090,-0.77,180400000000,-6351120.0,521600.0,20241205
267320,1855,1885,1822,1847,94224,173615099,-0.38,80647600088,-38968001.0,-114473.0,20241205
111710,5400,5450,4945,5440,32077,165322905,3.42,111998720000,556030.0,-56700.0,20241205
091590,3950,4030,3810,3870,22754,88864490,-1.53,45433800000,5336330.0,,20241205
168330,1522,1539,1496,1517,36998,55749528,-1.56,48172183300,1535222.0,371538.0,20241205
094860,1192,1192,1112,1138,350171,396660548,-4.93,24352709522,-150918.0,-152245.0,20241205
253590,9410,9840,9390,9580,589585,5700959160,1.91,420266591120,1659830780.0,130990310.0,20241205
212560,7230,7550,7200,7320,29203,212190280,1.1,57644729160,42158030.0,6793750.0,20241205
095660,19950,23100,19790,20100,1898786,41005656050,-0.5,439322001600,-1803112650.0,-676635250.0,20241205
042420,19200,24350,18510,24350,647326,14962754250,29.87,215664687100,-421530370.0,-82310.0,20241205
950220,1164,1180,1157,1168,184299,215332607,0.34,115477199120,-1846065.0,,20241205
311390,5790,5790,5410,5710,28238,157971620,-0.52,72253135190,-9397690.0,-5540.0,20241205
085910,3205,3250,3145,3185,23283,74016895,-1.24,44382395330,-1744405.0,30.0,20241205
092730,11860,12000,11600,11890,66729,782417250,-0.92,190572789210,-281965110.0,135283100.0,20241205
290660,781,803,751,755,53160,40428672,-3.33,34730918835,-2644431.0,,20241205
306620,2375,2435,2280,2315,568383,1328709010,-2.53,99750845170,117292365.0,0.0,20241205
153460,6340,6930,6210,6640,5430,34682960,3.75,43359292960,-920.0,5635220.0,20241205
007390,23300,23350,21700,21700,998236,22319705300,-5.65,1396550285200,-4321198350.0,-110447550.0,20241205
033640,6370,6700,6310,6320,83441,537657050,-2.62,145734156640,137185760.0,-17806470.0,20241205
330860,9890,10340,9870,10050,36094,363836380,1.62,122449652250,81860330.0,983650.0,20241205
089140,3100,3125,2950,3065,118969,358175105,-0.33,37302934975,-91686480.0,334665.0,20241205
389650,41050,41700,39050,39100,428251,17156809450,-5.9,316189422600,1626976850.0,-1353282800.0,20241205
137940,355,419,355,369,6860956,2658665033,4.53,28900446048,-27349065.0,-84069.0,20241205
396270,13070,13350,12830,12930,288794,3779974190,0.78,233889994200,-43396630.0,1642090.0,20241205
348210,55900,56800,54500,55600,49689,2767595600,-1.07,580311100000,-86296200.0,356240900.0,20241205
225570,14110,14140,13440,13800,541267,7397976750,-2.2,908870401200,-2184658790.0,285151560.0,20241205
217270,5530,5530,5150,5320,155025,825522600,-4.49,248317118000,-44629250.0,1230050.0,20241205
104620,4770,4775,4590,4620,75293,349827475,-3.35,73190622120,-67529875.0,,20241205
473980,22800,22800,21600,21700,221476,4866317050,-6.06,232398688900,-199776800.0,-119460050.0,20241205
194700,7320,7350,7000,7060,139934,992573990,-3.55,132409226880,5587110.0,-294922430.0,20241205
285490,12820,12900,12450,12450,42276,532347240,-3.94,131669095950,-67954400.0,570.0,20241205
145170,19980,21400,18850,18900,2426567,49120559660,2.89,171608862600,2028977230.0,-2758560.0,20241205
106520,0,0,0,411,0,0,0.0,15904036272,,,20241205
376930,3565,3615,3150,3170,9333536,31789364895,-16.14,117122180200,78263840.0,-63709430.0,20241205
142280,3480,3560,3440,3440,71806,249406710,-1.01,74792225440,-20575415.0,-24485605.0,20241205
234690,9450,9660,9380,9590,85019,808891830,0.1,170244326840,-28017240.0,-187492200.0,20241205
054050,7270,7270,7190,7190,9351,67565870,-1.1,115259733590,-9838610.0,30.0,20241205
069140,1124,1132,1106,1114,35155,39252866,-1.59,14596455702,-332518.0,753850.0,20241205
040160,2640,2675,2610,2660,7304,19353670,0.38,32067723100,-1198745.0,,20241205
332290,967,967,910,910,25771,24501191,-5.89,30380170730,-43881.0,,20241205
348340,23000,23100,22100,22600,139277,3146318150,2.03,238411242000,-388238200.0,-1379250.0,20241205
060260,1035,1072,1016,1018,111436,115658653,-1.64,13755225162,-28811145.0,,20241205
123840,0,0,0,175,0,0,0.0,51164768900,,,20241205
012340,500,503,493,495,29174,14533090,-0.2,25199045190,-656004.0,,20241205
270870,5700,5730,5560,5620,28832,162330040,-1.4,51705258880,-24687690.0,-563000.0,20241205
144960,4575,4595,4425,4465,146636,658882905,-1.43,195087566160,65949585.0,9066145.0,20241205
085670,4530,4530,4415,4445,160212,714960940,-1.44,108683632645,-9179115.0,-3346690.0,20241205
064260,3000,3245,2890,2920,1597661,4849477710,-1.52,201331196800,-466277690.0,-1300620.0,20241205
340360,1909,1986,1887,1889,952450,1831675056,-0.58,81960332468,52109164.0,16770371.0,20241205
039560,3520,3640,3465,3505,358279,1269101530,-0.85,138468463405,-40609305.0,-45540.0,20241205
154040,1089,1095,1051,1057,25114,26910960,-2.94,18973249358,-4982051.0,,20241205
032190,10520,10520,10290,10300,199912,2073926610,-3.01,394490000000,19574150.0,-14576920.0,20241205
323350,5070,5150,4975,5110,5930,29899340,-0.58,40935044920,-1410950.0,,20241205
068240,9780,9860,9600,9650,155575,1506727330,-1.63,368277167050,-234325290.0,-55601320.0,20241205
464580,6490,6590,6110,6220,232559,1469060940,-2.05,56900236560,15167480.0,14652140.0,20241205
020400,7840,7970,7280,7410,161373,1229581690,-2.88,23631720060,-20868350.0,-300430.0,20241205
008830,14380,15240,14070,14190,6453298,94967875900,2.38,127532908800,80813040.0,-36794940.0,20241205
048470,3410,3410,3300,3340,52716,175624905,-1.04,33400000000,-59315055.0,10.0,20241205
004780,4020,4020,3955,3965,15723,62511705,-0.38,63056184035,-3655540.0,10543665.0,20241205
017650,6770,6820,6580,6760,12816,85531600,-0.15,60840000000,-2900900.0,-1225210.0,20241205
007720,773,859,745,773,3937550,3144021324,2.11,77918747850,-481250526.0,-843496.0,20241205
389260,10800,10870,10170,10170,43720,455668020,-6.78,173398500000,-112141660.0,-1817680.0,20241205
317850,8870,8990,8440,8480,199285,1719570730,-4.83,70591081600,2755280.0,-150.0,20241205
290670,12250,12460,11500,11840,35087,413418760,-3.27,93034694400,27895600.0,-70.0,20241205
078140,14000,14030,13630,13690,79847,1101092070,-1.51,151775266510,225185450.0,9227800.0,20241205
065150,0,0,0,145,0,0,0.0,18165948725,,,20241205
036480,9570,9590,9300,9370,12456,116602280,-2.09,35606000000,-12898850.0,,20241205
027830,1443,1444,1405,1407,191519,270733594,-2.29,75978000000,-85251556.0,2358132.0,20241205
104040,864,875,860,861,121175,104752793,-1.37,40660713807,-11055523.0,,20241205
129920,3530,3605,3440,3500,40437,141063930,-0.71,48002685500,-35680035.0,,20241205
442310,2175,2175,2120,2125,845,1799905,0.71,14258750000,-97780.0,1065260.0,20241205
457390,0,0,0,2385,0,0,0.0,16778475000,,,20241205
457630,0,0,0,2095,0,0,0.0,15314450000,,,20241205
471050,2025,2055,2025,2045,700,1422535,0.74,12392700000,335320.0,0.0,20241205
478780,2015,2015,2000,2005,3504,7030345,-0.25,15859550000,-233685.0,1005000.0,20241205
482690,2000,2000,1998,1999,10837,21662852,0.0,11224385000,-121868.0,16471564.0,20241205
020180,925,965,875,885,850207,788843350,-3.91,34009589775,-8883373.0,,20241205
045390,2755,2760,2605,2610,672558,1791518010,-5.95,183935513970,-333264255.0,22099710.0,20241205
108380,12080,12100,11670,11890,54657,647778950,-0.5,113755589370,148511290.0,-198334910.0,20241205
007680,4305,4525,4285,4375,11044,47618650,1.27,58828323750,814510.0,,20241205
048910,7330,7530,7200,7350,50500,374367300,0.96,92455253100,47031700.0,-8550.0,20241205
005710,5930,5930,5770,5820,11068,64560200,-1.85,116618832000,-1037060.0,-6061810.0,20241205
290380,0,0,0,2300,0,0,0.0,56841307600,,,20241205
120240,12780,12800,12640,12640,4313,54746870,-1.56,90886542240,-15308870.0,12780.0,20241205
003310,1378,1378,1355,1363,122318,167377859,-1.16,48239773050,-41853801.0,43775222.0,20241205
078600,92100,92200,87500,88000,109048,9734248400,-4.56,1362292184000,-1495027600.0,-414943800.0,20241205
096350,339,339,317,319,283535,91581271,-3.92,52239761871,-24472546.0,,20241205
140520,2090,2130,2090,2090,8422,17659290,-0.24,44118317870,-63975.0,,20241205
131220,4445,4455,4395,4400,6239,27529730,-1.79,32799756000,-6291420.0,85.0,20241205
010170,740,755,724,724,126810,92517396,-2.16,53946084184,-6952613.0,-17368.0,20241205
054670,6810,6880,6690,6690,68106,459416400,-2.19,96034414800,1178980.0,-7011820.0,20241205
023910,26550,26850,26100,26250,8440,222476500,-1.5,157500000000,-35175800.0,26894900.0,20241205
021040,1069,1081,1046,1062,25270,26833418,-0.65,23050469988,482861.0,,20241205
021045,2670,2800,2635,2785,748,1985050,2.96,2363050220,,,20241205
067080,13050,13320,12300,12930,359871,4610320610,-0.54,240713284500,-781988990.0,-8367840.0,20241205
298540,9670,9740,9320,9430,53551,505823550,-3.48,139242022080,-13959780.0,-25402920.0,20241205
032860,1480,1494,1327,1327,269420,376776775,-4.87,53605310201,-10518889.0,,20241205
393890,11990,12090,11610,11650,155961,1842015030,-2.84,392564434700,-59621770.0,-495191970.0,20241205
299170,1311,1319,1277,1277,23788,30731023,-2.59,38345708751,-4305460.0,,20241205
224060,4180,4275,4140,4160,1074,4474225,-0.48,19753335680,-414645.0,,20241205
043090,316,340,310,310,287692,90329774,-3.43,23097991500,1142684.0,,20241205
213420,23900,24250,23550,23650,70552,1675231100,-1.66,587257383350,684884850.0,-703094250.0,20241205
317330,33500,33500,30900,31100,148326,4684430200,-3.86,636821762400,205754100.0,21341550.0,20241205
077360,3595,3635,3520,3545,79844,285888710,-1.25,161074172090,-1363450.0,-7262205.0,20241205
090410,1571,1573,1514,1535,229215,351960846,-2.85,70739085825,-173162176.0,11934395.0,20241205
263600,4960,5090,4900,4920,48745,241458035,-1.8,78377125200,-55783835.0,-19905.0,20241205
194480,33400,33450,32350,32650,106601,3502745700,0.0,393127222500,-573350500.0,46790750.0,20241205
263800,4625,4670,4380,4405,136074,605788490,-4.55,71446368900,30096845.0,,20241205
206560,8050,8080,7400,7400,359111,2720618770,-6.8,188046846400,-317369690.0,-46424350.0,20241205
261200,6100,6140,5910,5990,23457,139998730,-1.32,94700103000,-58589650.0,,20241205
067990,4900,5070,4900,5030,262097,1312219530,2.76,151813196500,199040955.0,-2688385.0,20241205
006620,4905,4915,4815,4815,59001,286382470,-1.83,137058936480,-32351485.0,-192580.0,20241205
100130,2305,2305,2210,2275,74532,167626780,-1.3,130000325000,-41678890.0,14523770.0,20241205
005160,5030,5050,4900,4900,122063,604220305,-2.2,265797961800,-283308685.0,-25537250.0,20241205
075970,2660,2660,2565,2590,146839,380486640,-2.63,47656000000,-18582685.0,21514255.0,20241205
086450,16380,16410,16160,16200,75217,1224285950,-1.34,720252000000,-193861300.0,-80015050.0,20241205
099410,2790,2840,2665,2725,118830,330220445,-0.18,38150000000,-104506025.0,23973825.0,20241205
033500,13740,14160,13630,13900,280187,3880865020,-0.07,416853966600,363303650.0,176881550.0,20241205
025950,35250,35250,33350,35250,1576125,54941043500,29.83,296100000000,40479650.0,28731550.0,20241205
088130,3880,3925,3705,3795,41443,158366695,-0.39,66356766630,-13048310.0,3863105.0,20241205
041930,5660,5710,5500,5500,29007,161832580,-3.68,86900000000,-34439700.0,-166820.0,20241205
060380,1361,1361,1296,1335,52794,69548648,-1.91,26299500000,-1825429.0,,20241205
079960,18570,18750,18440,18650,9542,177329350,-0.27,146589000000,1756140.0,-5296600.0,20241205
228340,1770,1774,1724,1730,4353,7604128,-1.65,34600000000,-200875.0,,20241205
088910,1920,1936,1901,1901,38209,73140522,-1.91,49106183364,-5206855.0,957995.0,20241205
094170,17780,18170,17650,17720,265180,4736254140,-0.34,337870925760,-599112710.0,627830730.0,20241205
013120,2415,2415,2350,2355,39206,92633690,-2.48,213853075500,-51281430.0,-5019285.0,20241205
109860,8160,8340,8090,8150,2553,20770990,0.0,74165000000,-137790.0,,20241205
032960,10300,10400,10280,10280,1824,18805980,-0.77,40979400440,-2147600.0,,20241205
023790,1061,1062,1040,1050,22496,23688299,-1.78,21883401750,-18431.0,,20241205
005290,21900,22200,21650,21900,258262,5674267650,0.92,1125977418600,-165102450.0,87634500.0,20241205
025900,8820,8880,8420,8470,51002,437851140,-3.86,428220203950,-126014940.0,-17219200.0,20241205
131970,24550,25550,24400,24800,90129,2244817000,0.0,421762836800,70460250.0,175942200.0,20241205
073190,2005,2050,1985,2005,6420,12869755,0.0,23995920200,-172301.0,-3394871.0,20241205
030350,991,998,940,957,183842,178971914,-4.4,13281048858,-6211088.0,,20241205
203650,3165,3175,3080,3095,364086,1133831285,-2.52,156624808630,7506700.0,90080160.0,20241205
223250,2975,2985,2845,2870,164667,476379980,-2.71,68304059880,63467065.0,482955.0,20241205
060570,1589,1600,1541,1541,54253,84675444,-3.08,116532843993,-20077825.0,-3044654.0,20241205
362990,1884,1950,1837,1919,73664,138103066,1.05,32240301506,-3592054.0,,20241205
217620,0,0,0,3810,0,0,0.0,22001687010,,,20241205
016670,3880,3975,3820,3820,9639,37589945,-3.29,18877851720,-9810695.0,-161175.0,20241205
187870,12100,12100,11820,11920,2898,34539000,0.42,83876379280,570820.0,20.0,20241205
489730,1950,1954,1945,1951,104594,203899994,0.05,12353732000,-1986.0,64975690.0,20241205
110990,11310,11700,10900,11440,109104,1240138930,0.0,216216000000,-264075580.0,118761100.0,20241205
263690,5930,5970,5610,5690,14871,85539440,-4.69,64442720900,7325730.0,-9372940.0,20241205
214680,2315,2320,2200,2230,908897,2047234700,-2.83,165040636420,240127035.0,20160.0,20241205
347850,42800,46600,42450,44100,610877,27421807150,4.75,464934348900,325266600.0,1610010350.0,20241205
263720,19160,19330,18400,18400,36277,678923110,-3.87,230450303200,-23039060.0,7227810.0,20241205
376300,34350,36200,34250,35050,124368,4408348400,1.15,832031130300,-51200100.0,722209950.0,20241205
109740,4715,5030,4715,4880,7962,39012405,2.95,125466703200,-13116015.0,,20241205
196490,0,0,0,203,0,0,0.0,36245520080,,,20241205
066900,1966,1966,1897,1900,12342,23599962,-3.36,43214555700,-281351.0,,20241205
127120,4290,4390,4180,4340,140840,601712610,-0.23,97579878620,-7930465.0,-57430980.0,20241205
092070,8270,8500,8200,8400,19855,165863490,0.6,97203607200,53842030.0,218820.0,20241205
039840,16450,16930,16450,16750,79117,1327879910,1.95,250944396250,180997280.0,425881360.0,20241205
219550,515,515,480,491,1967481,976551895,-4.66,49644332420,-18493337.0,,20241205
310870,1440,1482,1433,1460,82274,120292080,1.39,30203415660,852851.0,,20241205
104460,12260,12280,11560,11630,43447,511273450,-4.67,124599458750,-219255790.0,6412230.0,20241205
079810,5340,5350,5120,5140,108710,564190740,-3.02,113224403160,90471430.0,445340.0,20241205
113810,588,590,549,549,567446,322682443,-6.95,17912799999,-3810496.0,,20241205
043360,1825,1843,1809,1814,14081,25625935,-0.6,16326000000,-1562.0,,20241205
197140,2630,2695,2435,2630,45733,116574940,-2.41,34224595020,-5907495.0,,20241205
068930,7650,7650,7070,7400,42597,314082310,-2.89,204797530800,25247670.0,-93298960.0,20241205
033130,1640,1653,1605,1614,517693,839049185,-3.24,59904040938,98357298.0,,20241205
105740,6780,6980,6500,6570,286004,1919187260,-1.65,66807130410,-281817550.0,165404080.0,20241205
263020,3005,3070,2910,2970,106149,315726035,-1.16,44757398070,-69229930.0,-406210.0,20241205
290550,7180,7190,6730,6750,206736,1416847440,-4.53,135008302500,354521330.0,-192248960.0,20241205
066670,2915,2980,2895,2935,34802,101602730,-0.17,54860779330,-2075040.0,-5.0,20241205
187220,3820,3830,3555,3600,703161,2583621665,-10.78,42112875600,-84168870.0,,20241205
383930,5880,6440,5720,5760,721298,4341181020,-14.29,73558149120,-186113650.0,,20241205
131180,847,862,830,838,38260,32108085,-0.95,24595300000,-37823.0,,20241205
315640,6770,6790,6420,6530,613801,4063754950,1.71,146410880040,-106786550.0,4783810.0,20241205
223310,2505,2545,2340,2405,887180,2147628810,-9.59,54928696875,6375405.0,,20241205
317120,3135,3135,2950,2970,31377,93777395,-1.0,28690200000,-15396565.0,,20241205
462510,9050,9250,8820,8830,57558,515533400,-2.86,76385990050,-75464680.0,-263610.0,20241205
042510,1820,1839,1778,1786,173981,312890948,-1.49,100062205606,15212255.0,-123234.0,20241205
232680,6740,6900,6520,6590,18286,121247130,-2.23,82600602060,-28536900.0,53285020.0,20241205
418420,2805,2840,2725,2825,50836,141798545,1.07,85056323225,31505265.0,-141250.0,20241205
300120,3670,3680,3485,3560,40835,145811520,-2.47,74261642720,-11498120.0,-5.0,20241205
171120,2550,2550,2455,2495,40771,100947270,0.4,89574891200,-14861015.0,,20241205
388790,3265,3310,3085,3090,597020,1884192025,-5.36,92434043700,-26746440.0,-31524970.0,20241205
347700,3695,4050,3510,3915,1130624,4337102575,5.95,79795580895,85496760.0,,20241205
214260,15540,16390,14890,16310,96824,1544127600,7.73,145525371530,-185738340.0,303259030.0,20241205
171010,2990,3035,2925,2950,21643,63896080,-1.34,42181318400,-17363735.0,-10.0,20241205
084650,2525,2530,2440,2460,980355,2434124820,-1.99,182630375400,378431485.0,5738390.0,20241205
217500,1518,1525,1489,1489,21999,33011631,-1.97,47368068000,-3722571.0,,20241205
038390,9000,9100,8750,8870,12663,112492510,-2.31,74156845570,14104190.0,-2334610.0,20241205
294140,3315,3370,3130,3165,131498,421354305,-4.38,66465000000,35338495.0,,20241205
443250,10640,10670,9900,9920,120088,1215734590,-4.98,109171494720,135159690.0,-217229920.0,20241205
228670,5630,5840,5530,5700,71127,403721510,1.24,88322947800,-40106900.0,-28202990.0,20241205
228850,6330,6330,6180,6250,14309,89127470,-1.26,103693837500,-20450880.0,7714580.0,20241205
412350,3610,3680,3470,3520,44630,158491415,-2.36,30718941440,32073080.0,,20241205
199550,5620,5630,5250,5250,124374,675589720,-6.91,61309221750,-57674840.0,2625900.0,20241205
281740,11100,11160,10690,10740,305464,3320562300,-3.68,705946085520,8409910.0,-145523140.0,20241205
277810,134000,134900,130700,131400,132391,17514888700,-1.72,2549141341200,1516125900.0,-1620708000.0,20241205
215100,3825,3850,3635,3670,240043,888659485,-3.8,74678826180,150815325.0,-3760.0,20241205
090360,20550,20700,20150,20300,33903,689032050,-1.46,197925000000,-52137500.0,3956100.0,20241205
108490,20550,20750,19780,20450,116957,2369304580,0.25,266947449250,103242780.0,88028090.0,20241205
900260,604,604,591,601,48191,28794567,-0.5,21654804088,-28678.0,,20241205
067730,2760,2775,2690,2710,32213,87870910,-2.52,26216328620,204035.0,,20241205
071280,14710,15100,14440,14610,41158,603423980,-0.68,223483369830,30543330.0,50581190.0,20241205
328130,64000,68400,61700,62000,4328311,281228459100,2.65,1794459800000,-3906895200.0,3816598300.0,20241205
038060,1063,1063,960,1009,73736,76314368,-3.44,48535996621,-18428476.0,,20241205
474170,10230,10390,9240,9290,756214,7315242550,-8.29,159367125840,367139250.0,-735154110.0,20241205
141080,106500,108300,103500,105500,477900,50803434600,-0.94,3862390659000,-7263579300.0,10552705300.0,20241205
058470,157600,163900,153700,161600,93515,14959439600,2.21,2463166992000,459628300.0,-54185600.0,20241205
016100,2700,2700,2585,2605,4651,12117845,-2.07,49757828870,-425105.0,,20241205
012700,4240,4245,4175,4200,15505,65239440,-1.18,111073767000,-6130090.0,-1756620.0,20241205
302550,3825,3875,3620,3765,82665,307936510,-1.05,115352371200,-42446200.0,,20241205
073570,1704,1707,1620,1620,418356,690652186,-4.93,58626985140,42375550.0,-40896.0,20241205
377450,12910,14200,12620,12900,646200,8704923190,-0.77,223557000000,-301020810.0,-97229670.0,20241205
277070,3325,3395,3305,3365,13236,44102160,-1.32,46073580000,-6078560.0,498020.0,20241205
042500,4180,4200,4085,4090,52414,215999145,-2.04,77996848060,-100451755.0,-231260.0,20241205
193250,409,409,392,398,144895,57802838,-3.16,25202704046,-1373012.0,,20241205
219420,5940,6400,5440,5650,1407469,8406315770,-3.58,64802714550,206246810.0,-1022220.0,20241205
439090,16190,16190,15800,15830,98266,1566986870,-1.25,259267855800,-221959000.0,6632720.0,20241205
195500,2765,2790,2720,2740,112783,310107860,-0.72,43779720000,-46126065.0,6698555.0,20241205
377480,15210,15880,14610,15020,194372,2974309710,0.87,93713474920,75195520.0,12936850.0,20241205
305090,11710,12180,11500,11990,58600,695350540,2.57,199485543400,5236090.0,-2327740.0,20241205
098120,4570,4715,4480,4620,19756,89917995,1.09,38404978920,-2523475.0,-2829775.0,20241205
424980,5570,5820,5450,5450,18502,104033200,-1.8,32257950500,11920160.0,,20241205
038290,16620,17000,16050,16050,48556,801117290,-3.08,174004470000,72991880.0,3006080.0,20241205
267980,36500,36700,36000,36150,11288,408799700,-1.9,283547513700,-201807200.0,-19124100.0,20241205
005990,8530,8590,8530,8550,7738,66244720,-0.35,117291499200,311110.0,19457160.0,20241205
093520,7960,8140,7800,7800,97820,778071650,-1.52,126072117600,185436820.0,1229720.0,20241205
377030,1386,1386,1282,1293,429000,565720618,-5.62,39140250426,-35794738.0,-104111802.0,20241205
100590,3610,3610,3370,3370,138041,475815820,-6.26,53347177510,-43199800.0,-6715.0,20241205
067280,30350,30350,29800,30100,4368,131156150,-0.5,178396047900,-71328050.0,13679800.0,20241205
072870,11330,11350,11240,11280,16502,186210820,-0.44,134468417520,-16402330.0,9110190.0,20241205
215200,41950,42600,41800,41800,24687,1041034900,-2.34,479109719000,285724500.0,-295021550.0,20241205
133750,1927,1927,1850,1858,119693,223848513,-3.58,43490349066,-37317886.0,-442867.0,20241205
446540,3010,3065,2955,2955,73817,220987670,-2.48,61378305000,-42909115.0,24750905.0,20241205
235980,4785,4825,4635,4650,127564,595749720,-2.82,156150231750,-26220075.0,-4171635.0,20241205
041920,4980,5010,4880,4935,17923,88019735,-0.9,91782230505,-4911535.0,398250.0,20241205
014100,1897,1945,1895,1922,17732,33696336,1.32,22679600000,-1599712.0,,20241205
054180,323,329,318,318,135121,43508093,-1.55,18723293994,-3845135.0,,20241205
086900,124000,127200,123300,125000,33964,4244666700,0.81,912312125000,433309800.0,483580700.0,20241205
078160,10740,10740,9810,9810,399544,4060149190,-7.8,335676470850,-469986020.0,-107967740.0,20241205
408920,2100,2125,2090,2115,17056,36071255,0.71,91436642325,-528255.0,-457650.0,20241205
021880,272,285,271,275,456692,125521087,-0.72,41850712200,-4684294.0,-3088417.0,20241205
140410,29250,29800,28850,29100,57975,1697404750,-1.52,871933106700,-184450100.0,-119631550.0,20241205
241770,7600,7610,7400,7440,12174,90907210,-2.75,75833241600,6921370.0,,20241205
059210,3450,3515,3380,3465,140523,485164600,1.02,82683046215,16281385.0,,20241205
058110,2115,2160,2050,2075,68829,143628915,-1.66,33304849750,-23001070.0,2085.0,20241205
434480,3450,3450,3200,3290,74511,247412725,-2.66,40313357000,-35349975.0,,20241205
080420,1744,1762,1728,1743,11368,19787875,-0.06,138954787146,-2267346.0,,20241205
417970,8600,8720,8350,8380,10753,91316580,-2.56,53604346000,1175670.0,8550.0,20241205
080160,10130,10200,9970,10010,84840,851958780,-1.96,189189000000,32424620.0,-9985150.0,20241205
087260,2060,2070,2000,2020,211109,428475200,-1.7,65756779220,34146245.0,,20241205
101330,2745,2760,2700,2710,54591,148569195,-1.81,62728448590,-27049390.0,-331840.0,20241205
012860,1485,1499,1435,1454,176932,257551356,-2.02,106481446478,-49480443.0,,20241205
363260,1661,1693,1611,1612,310744,509984560,-2.77,51847995628,65687515.0,,20241205
348030,4935,5370,4770,5360,27815,144249855,8.5,51476368000,1250350.0,130.0,20241205
250060,2930,2935,2795,2815,666235,1889953090,-3.92,90562248910,-83993045.0,,20241205
288980,1423,1430,1380,1380,110008,153082849,-2.82,47688055560,-11821129.0,736162.0,20241205
142760,1218,1289,1196,1226,36845,44767716,0.66,46262878286,-1593403.0,120940.0,20241205
033200,3000,3045,2965,2995,1282,3863320,-0.17,42921899075,-11560.0,25.0,20241205
333050,1298,1323,1293,1322,7090,9236232,0.38,32315398972,-72524.0,,20241205
118990,10200,10210,9870,9880,191898,1915382560,-3.14,245636461200,-208318700.0,-27570470.0,20241205
006920,2760,2975,2635,2770,218446,607883835,-1.77,30248400000,-10262725.0,151743550.0,20241205
001810,1584,1584,1500,1500,51478,78641530,-5.3,33206250000,-844975.0,,20241205
279600,0,0,0,11300,0,0,0.0,52938025300,,,20241205
095500,7850,7950,7640,7700,140389,1086562850,-1.53,238776992300,71540800.0,-30126130.0,20241205
254490,11100,11820,10890,11210,65998,746739460,1.82,161849980000,78193730.0,-11360250.0,20241205
218150,3995,4005,3820,3835,160494,629115505,-3.76,78294600670,-150168735.0,-82420.0,20241205
442900,9990,10000,9980,10000,5335,53295160,0.1,76800000000,10.0,47442510.0,20241205
100790,4850,5110,4690,4725,1404863,6867407300,-0.84,251013895650,-176293790.0,7691515.0,20241205
412930,2405,2460,2245,2245,234583,540254175,-7.42,13865120000,35399340.0,33611880.0,20241205
446190,2160,2160,2100,2110,501,1056305,0.0,10444500000,-12645.0,21160.0,20241205
448830,2095,2095,2090,2095,213,446230,0.0,10307400000,0.0,419000.0,20241205
477380,1998,1998,1982,1992,3778,7496977,-0.15,16135200000,-37877.0,0.0,20241205
477470,2010,2020,2005,2010,4547,9143180,0.0,11014800000,493780.0,7822920.0,20241205
478440,2000,2000,1990,1996,10847,21586493,0.66,13832280000,-33946.0,19929945.0,20241205
482680,1983,1983,1976,1978,7095,14039517,-0.05,16249270000,-146381.0,4002538.0,20241205
049950,15220,15670,15000,15070,23881,362999980,-0.99,132885511880,109206540.0,-1546600.0,20241205
207760,1184,1192,1152,1153,293620,341973687,-2.45,95790989799,41867844.0,-3294447.0,20241205
059090,7670,7850,7500,7670,120040,924551070,0.26,256306687260,101226860.0,6855590.0,20241205
214610,1799,1850,1470,1528,6125819,10326460676,-9.48,66573347960,-1566694624.0,-5154573.0,20241205
201490,1774,1840,1759,1823,68770,123680919,2.7,55401137716,10642441.0,,20241205
452200,4940,4955,4800,4805,117677,570853460,-2.73,105447166500,28364995.0,1945000.0,20241205
418470,14740,15180,14290,14580,148821,2178875430,-1.02,123919633620,-308267650.0,277125850.0,20241205
206640,16540,17480,16360,17120,157201,2686352970,3.51,402089907200,47422080.0,146058230.0,20241205
018700,1028,1036,949,1007,92291,92648702,-2.04,35365595299,-1891594.0,,20241205
035620,429,431,392,400,245429,101593275,-6.76,29775870000,723417.0,3334019.0,20241205
053030,17840,17840,17150,17420,499804,8729107440,-0.46,569358554960,-67923480.0,229874730.0,20241205
301300,4000,4050,3770,3795,22160,86654870,-4.17,47038497495,852450.0,,20241205
064550,19070,19130,17740,18450,189646,3542048660,-3.25,476199868950,515587680.0,-76436580.0,20241205
314930,17520,17780,17010,17400,200650,3507068510,0.0,517895392200,136501780.0,-33978030.0,20241205
208710,368,371,350,358,183376,65897183,-3.24,23592437712,-3112559.0,,20241205
086820,16080,16860,16080,16700,11520,191587560,3.99,135995214200,18195660.0,,20241205
038460,3040,3050,2970,3000,83739,251880570,-0.66,78493314000,-24447170.0,2011850.0,20241205
251120,14140,14420,13800,13900,39841,562798720,-1.49,120870230000,-24098800.0,-42015160.0,20241205
199730,6690,6870,6530,6730,9403,63168760,0.45,32737189910,-6678830.0,,20241205
086040,3170,3185,3065,3150,30446,95417475,-1.41,50268478050,-61194990.0,15.0,20241205
099430,5730,5940,5550,5920,555623,3215717530,3.32,342950714880,90295190.0,1471230.0,20241205
032980,817,837,775,775,107667,87230069,-5.14,34702942250,-21687230.0,,20241205
308080,2590,3390,2525,3390,558038,1865714790,29.89,65304078600,-79534980.0,,20241205
043150,19600,19950,19510,19640,19351,379446300,-1.8,291737587840,-4159700.0,-18277360.0,20241205
323990,12050,12160,11830,11950,62899,752263910,-1.57,274768740000,87598430.0,-47473000.0,20241205
267790,4620,4700,4600,4680,16536,76671145,1.3,36918180000,7185395.0,4019720.0,20241205
046310,2180,2190,2130,2145,32768,70729810,-1.61,35217984945,-17953955.0,-3810.0,20241205
331520,599,617,582,587,158061,93969533,-2.0,29857396930,-9314728.0,,20241205
199480,5300,5300,5080,5140,158130,816846680,-2.84,51922419320,35748870.0,36260.0,20241205
438700,2770,2885,2730,2790,18077,50434295,-0.53,31094243100,-730455.0,,20241205
066410,0,0,0,1153,0,0,0.0,98705827990,,,20241205
382900,12670,12990,12210,12230,43292,538988610,-3.93,107147030000,-38951210.0,123180.0,20241205
206400,3250,3330,3060,3260,503456,1581702595,-1.95,119895712760,478693730.0,,20241205
019010,2215,2240,2180,2200,24526,53899810,-1.12,106040000000,-13659035.0,8707130.0,20241205
177350,214,219,205,208,1108604,232536861,-3.7,18589384944,-34093292.0,,20241205
424760,796,800,760,768,39870,30837452,-4.0,15102721536,-939722.0,,20241205
225530,3640,3685,3530,3540,50492,179895510,-2.75,128639093580,6374120.0,2991815.0,20241205
250000,9700,9800,8990,9260,105180,973486450,-3.74,62511787580,-167357170.0,30.0,20241205
310210,81200,81600,78400,80300,156962,12615208100,-0.86,1474034337600,-1166725100.0,251194400.0,20241205
006910,2660,2710,2595,2625,450205,1195094425,-0.76,128965788000,40608790.0,8010.0,20241205
226340,1333,1345,1297,1315,291388,383010738,-1.35,55167432300,-129951721.0,,20241205
014470,1787,1868,1710,1735,1595492,2833186141,-10.43,104190671100,-99674307.0,,20241205
008470,3930,3930,3755,3800,4389,16702585,-1.68,31938240000,7445.0,,20241205
338220,27450,28200,26950,27150,309965,8531817950,3.23,377065091550,200476750.0,-29669750.0,20241205
100120,20900,21100,20600,21050,5623,117303900,0.72,210539258250,4203400.0,16539200.0,20241205
406820,10850,11090,10550,10790,9521,102837420,-0.46,38132291600,820070.0,,20241205
337930,5600,5630,5440,5500,283863,1564448110,-1.79,161213508500,278202670.0,15610000.0,20241205
099390,5100,5210,4930,5050,50614,253047790,-2.13,41451829150,2094685.0,,20241205
064480,5250,5370,5180,5260,56055,295195480,-0.57,62870150000,17488850.0,-40.0,20241205
288330,3080,3080,2810,2960,814032,2388262120,-2.79,149218720800,-12773280.0,-24191970.0,20241205
365900,2780,2905,2765,2905,5165,14577375,0.87,21236421500,-953305.0,40.0,20241205
089970,5870,6250,5780,6150,87712,528109440,4.77,148064909250,53434180.0,4247500.0,20241205
251630,3925,3960,3845,3845,23251,90445945,-2.04,61300396670,-5734755.0,-1139290.0,20241205
018290,36800,37900,36350,37250,1323186,49239817400,-0.13,1333475760750,4705576750.0,2021043200.0,20241205
439580,12930,13410,12650,13070,189756,2490987650,0.77,145994788470,532839530.0,199960.0,20241205
033560,3350,3350,3165,3170,6116,19768770,-3.94,54207000000,-1567400.0,,20241205
369370,1658,1703,1620,1672,10653,17698218,-0.18,83385835192,37023.0,,20241205
126340,24650,24850,23900,24400,14580,353110300,-2.01,148476879200,-72797650.0,-8249850.0,20241205
121800,0,0,0,3320,0,0,0.0,256309348520,,,20241205
082800,7770,8100,7480,7750,1021345,7945675220,1.44,388311161500,434750250.0,7841150.0,20241205
318410,7960,7960,7830,7830,4292,33738690,-2.13,43497552690,-10676240.0,,20241205
419540,1618,1630,1580,1581,118505,188702878,-2.29,36351159891,-23400515.0,,20241205
146320,8240,8300,7900,7950,81546,656219690,-2.57,101703737850,211664750.0,-96989230.0,20241205
200780,4015,4085,4000,4060,6848,27611665,1.5,36103079040,558270.0,,20241205
413640,8540,8710,8410,8440,27447,234706770,-0.94,60826573600,-7466990.0,,20241205
141000,6500,6820,6500,6640,28728,193260820,1.37,80441674400,1494200.0,106644460.0,20241205
083650,15010,15580,13790,14830,5124263,76122910410,1.02,458905081250,1719880960.0,3641359030.0,20241205
445360,2065,2065,2055,2065,2139,4396345,0.0,8900150000,-141795.0,0.0,20241205
473370,1988,2000,1988,1992,2113,4209973,-0.1,8386320000,93700.0,943134.0,20241205
065170,188,209,186,198,1654151,327607859,4.76,17616170682,5203428.0,78390.0,20241205
086670,7910,7950,7650,7650,14159,109858790,-3.29,69807581100,3255840.0,-16939870.0,20241205
335890,7580,7640,7410,7430,622867,4684127260,-1.85,434054098750,-4293690.0,-83723120.0,20241205
230980,0,0,0,229,0,0,0.0,21370407553,,,20241205
082920,20250,20250,19420,19700,59600,1179036950,-1.5,450582596100,-300869170.0,171632230.0,20241205
054220,443,452,429,449,254906,110460320,0.9,22073108951,922154.0,-4882286.0,20241205
042370,6920,6970,6800,6820,84744,581908680,-1.3,178684170500,-100322310.0,-409820.0,20241205
050090,643,663,636,641,34617,22294728,-0.31,12682015135,1155675.0,,20241205
148780,1002,1030,986,1030,64773,64953945,2.08,32389096750,-9505710.0,,20241205
307870,1020,1026,981,988,157779,156699062,-2.95,44754304452,-19980936.0,,20241205
357880,3065,3175,2970,2970,2165400,6624846540,-3.88,89163967860,-268796110.0,,20241205
032850,5060,5080,4835,4885,57519,286195035,-3.08,81204786305,-76722710.0,-16151165.0,20241205
238200,3030,3160,3030,3065,6647,20235130,0.16,25071700000,-19315.0,151750.0,20241205
093190,4160,4165,4085,4150,75382,311097030,-0.24,79841455750,-8560965.0,-272354750.0,20241205
065450,4235,4260,4090,4115,395610,1637078670,-3.63,117906272000,-333522740.0,4170.0,20241205
210120,24850,26800,24800,26500,47737,1243219600,6.85,83332165000,214362750.0,-350.0,20241205
044480,508,527,470,500,200021,99433363,-1.38,20331864000,-5663502.0,,20241205
069540,1193,1213,1137,1137,265532,311463027,-4.61,51565376358,-18536284.0,,20241205
072950,3520,3585,3470,3470,9138,32037470,-3.21,27942556700,-4416515.0,,20241205
451250,10150,10400,9670,9690,203564,2022784230,-5.0,97770908130,-74839990.0,,20241205
143240,14620,14710,14340,14510,22942,332106840,-1.89,169901406130,-118040050.0,76067310.0,20241205
466410,20050,21000,19050,19510,574620,11703932420,-0.71,98272318730,28751900.0,571562440.0,20241205
452430,11000,11050,10630,10810,24916,269025990,-1.1,87522667740,17570660.0,,20241205
419120,5690,5750,5490,5490,15675,87445300,-4.52,42681049740,-19044660.0,,20241205
122350,1268,1458,1257,1283,2068259,2813569412,1.34,49189486124,-126719422.0,,20241205
419050,1743,2165,1738,1850,13339458,26918946542,5.84,105813044000,48375879.0,,20241205
014970,3310,3310,3270,3295,3903,12802500,-0.6,49836875000,-134685.0,2705720.0,20241205
018310,20200,21250,19860,20750,36900,762220140,3.23,305025000000,265654690.0,-393480.0,20241205
053700,4100,4105,3940,3995,189228,760541295,-4.43,91394374050,-38153320.0,24125.0,20241205
009620,0,0,0,238,0,0,0.0,17561044676,,,20241205
023600,8480,8480,8170,8170,34017,281116010,-4.56,132108900000,-13311400.0,-16548720.0,20241205
425290,2090,2095,2085,2090,22938,47873960,0.0,11536800000,-250535.0,25658010.0,20241205
439250,10360,10370,10350,10370,1534,15888770,0.1,36315740000,140.0,0.0,20241205
448740,10060,10070,10050,10070,10426,104838710,0.1,46966480000,-281540.0,0.0,20241205
468510,0,0,0,2020,0,0,0.0,22321000000,,,20241205
009300,16920,16990,16580,16580,21612,361065900,-1.95,105614600000,-41938100.0,-1284740.0,20241205
361670,5050,5190,4980,5020,4588,23211160,-0.79,28451643160,-9535210.0,,20241205
054540,3995,4000,3850,3865,112052,435960920,-2.4,50245000000,-89761160.0,420615.0,20241205
065570,1499,1535,1438,1440,96547,142998758,-4.95,22931468640,-19214652.0,,20241205
032280,1630,1659,1604,1628,50042,81526654,-1.87,26395724520,165714.0,,20241205
002290,3250,3570,3215,3215,391092,1309565565,-0.92,39866000000,13334340.0,-405.0,20241205
037460,8510,8510,8380,8390,24539,206060420,-0.47,136912399580,-67950160.0,34414730.0,20241205
032750,4115,4135,4050,4070,6420,26217830,-1.81,36756666540,-6055545.0,0.0,20241205
054090,730,745,698,698,101970,73206363,-5.29,17421543936,-2011838.0,,20241205
000250,98700,99100,94800,97900,259055,25037324900,0.41,2296486508800,2204258800.0,-1217539700.0,20241205
024950,3700,3700,3550,3560,21124,76317045,-3.39,47253934120,-10449445.0,-401380.0,20241205
038500,3125,3125,3025,3025,181420,553748395,-1.63,326446825650,2135970.0,63215.0,20241205
437730,7700,7750,7040,7090,556058,4006465860,-7.56,224806650030,113921830.0,,20241205
017480,4490,4495,4470,4495,6101,27357565,0.11,70584490550,-3140485.0,17215145.0,20241205
046390,1438,1438,1351,1353,134106,184355284,-3.29,58412978349,-5794373.0,,20241205
027580,1335,1428,1313,1388,11995773,16652732351,3.97,82143615252,296754192.0,0.0,20241205
038540,1543,1558,1511,1528,66745,102001503,-1.99,84541662264,-37909928.0,-457945.0,20241205
452670,1993,1993,1977,1982,7338,14514029,-0.05,10346040000,-104992.0,-1981394.0,20241205
091580,7400,7450,7130,7140,56083,404636070,-3.51,95877483660,-68066510.0,-596580.0,20241205
263810,2765,2940,2745,2745,91437,254849970,-3.17,39101750910,20983585.0,,20241205
089980,19650,19780,19150,19380,26029,503793630,-0.97,309867537060,-47401030.0,4920080.0,20241205
042940,5460,5490,5350,5350,11906,64602740,-3.78,21302704900,-6522160.0,,20241205
042600,10680,10790,10280,10450,13152,138832620,-2.15,129826348300,-39601550.0,-10090.0,20241205
107600,17020,17340,16610,16610,22106,372969250,-4.21,82743462450,-64804670.0,-781010.0,20241205
411080,6640,6920,6410,6700,198543,1316581330,1.67,102165874600,52341890.0,1303490.0,20241205
252990,3830,3990,3805,3910,189724,742797255,2.09,228297326330,70579140.0,1162950.0,20241205
378800,3320,3375,3180,3255,997086,3252063845,-1.96,98115565905,39832385.0,,20241205
294630,3460,3500,3280,3300,363184,1210088940,-5.58,79132214700,-667413500.0,,20241205
038070,7440,7660,6770,7040,1414611,10135822950,-14.36,62660759040,101371300.0,150.0,20241205
006730,5560,5710,5470,5530,109113,602385520,-1.43,367340884190,58141350.0,-144568510.0,20241205
079650,1201,1239,1182,1190,17469,21154481,-1.98,23800000000,-66275.0,13496487.0,20241205
100660,3640,3690,3565,3565,56216,202561215,-2.86,44919000000,-24778325.0,-3625.0,20241205
019770,3410,3460,3395,3400,27723,94428485,-0.29,39610000000,-13941925.0,3440.0,20241205
043710,582,598,565,565,74045,42328204,-2.75,28362367200,4699375.0,,20241205
092190,3070,3120,2985,3080,24505,73829530,0.33,141274619640,-17325210.0,29795.0,20241205
046890,6990,7030,6880,6920,176132,1221847730,-1.14,403473368000,155188570.0,-69643570.0,20241205
063170,7510,7530,6970,6980,337249,2404645550,-7.79,124064383660,-233895700.0,1950970.0,20241205
027040,235,235,229,234,83178,19305770,-1.27,16283790198,232420.0,,20241205
018680,3330,3420,3305,3350,17295,57976050,0.6,39058718650,-572000.0,,20241205
093920,5600,5650,5580,5630,13779,77323590,-0.18,104718000000,-2909750.0,-415640.0,20241205
189860,4050,4050,3845,3955,58041,229301725,-0.38,38358674900,20430100.0,20.0,20241205
178320,27550,27900,27200,27400,297102,8173038650,-0.54,1541193939600,-871299000.0,123536100.0,20241205
122690,1948,1967,1937,1937,16167,31446136,-1.58,42312622170,-5640841.0,,20241205
140070,2685,2685,2525,2580,72216,188519250,-1.15,95429040000,-16107965.0,,20241205
011370,813,813,790,795,64741,51425311,-1.12,80211417675,-1367191.0,,20241205
065710,22700,22950,22050,22550,18198,410852300,-1.1,116132500000,-103975850.0,233791800.0,20241205
035890,1544,1597,1544,1569,1087761,1714344149,3.36,360569469033,202648431.0,439866384.0,20241205
357550,40450,40800,39200,40450,7774,309633800,-0.12,220654750000,26073850.0,0.0,20241205
003100,14750,14860,14700,14830,4026,59471970,-0.2,97878000000,-8464990.0,,20241205
067370,7760,7760,7020,7340,23249,172849880,-0.81,90381493700,-6218400.0,,20241205
171090,44250,44700,43300,44250,23246,1025439500,0.0,420127421250,-29143800.0,25009400.0,20241205
086710,9100,9230,8900,9030,57101,514689310,-0.44,110195618400,-16271070.0,-112752760.0,20241205
014620,22100,22600,20950,21150,807885,17485026950,-2.31,604890000000,1008786600.0,-1260141350.0,20241205
037350,4380,4380,4255,4340,41406,179221230,-0.91,67139800000,-62732300.0,-4588560.0,20241205
458650,20700,20900,19990,20000,117271,2373301460,-1.72,300913400000,-151224120.0,-20774300.0,20241205
081580,3450,3450,3225,3290,93377,309800890,-3.24,51021790470,2384805.0,-33118120.0,20241205
045300,2420,2465,2390,2450,17061,41408345,0.41,24871378350,-455665.0,-5.0,20241205
015750,5040,5090,4975,4990,336903,1686656345,-1.96,399200000000,-417737665.0,-10135185.0,20241205
365340,41200,41900,39750,39850,30489,1226242250,-4.67,484097800000,-296000950.0,-57969350.0,20241205
080470,3595,3595,3525,3530,6778,24021890,-2.08,25769000000,1381720.0,,20241205
043260,1148,1194,1106,1185,590876,686286796,4.31,72287593965,53615890.0,,20241205
148150,6850,6850,6350,6500,392984,2592896080,-6.2,233092788500,-532698890.0,-37234430.0,20241205
188260,2490,2500,2405,2410,36702,89911015,-2.43,17420612700,-28351225.0,,20241205
053060,983,987,951,952,70428,68345409,-3.15,16809862888,-1834521.0,,20241205
340440,1191,1201,1168,1174,41689,49131478,-2.25,33316199336,-559872.0,,20241205
017510,4310,4380,4200,4280,94474,404834105,-0.47,65252880000,101256025.0,-9515.0,20241205
011560,10040,10100,9880,9950,40475,401911970,-0.6,104773500000,-50719750.0,11191700.0,20241205
396300,2345,2365,2270,2320,92402,214472695,-1.07,61455640000,-46561740.0,-5.0,20241205
100700,2525,2525,2460,2465,42407,105044765,-2.95,107967000000,-43291685.0,,20241205
024830,5930,5940,5830,5930,1639,9618960,-1.0,49515500000,-91870.0,118200.0,20241205
258830,0,0,0,412,0,0,0.0,22983976612,,,20241205
036630,420,434,420,427,156933,67106756,1.18,85400000000,-1935278.0,,20241205
039310,1440,1473,1433,1453,13418,19345913,-1.02,26330782151,-290926.0,,20241205
067770,2225,2225,2150,2160,20865,45901770,-2.92,18136640880,-1938855.0,535120.0,20241205
053450,5180,5180,5030,5030,58795,299457380,-2.9,74407799090,-109167020.0,,20241205
222810,0,0,0,1080,0,0,0.0,81712098000,,,20241205
252500,856,857,808,822,210491,174351241,-3.97,34101812580,-16130562.0,,20241205
321370,1870,1977,1820,1866,608139,1128298990,-1.79,49157428170,26627946.0,,20241205
347000,1888,2140,1836,1909,197955,385539077,0.16,63006499184,-78421261.0,0.0,20241205
331920,3310,3355,3200,3310,30720,99538760,0.0,27023329880,-31075085.0,,20241205
049180,2110,2120,2015,2065,520781,1074495510,-2.36,106380345890,197105770.0,-15.0,20241205
299660,6350,6680,5920,5970,2115389,13276469330,-5.24,125984772690,-31913190.0,,20241205
268600,0,0,0,6680,0,0,0.0,248384003120,,,20241205
108860,13530,13710,13160,13220,798210,10719771600,-0.45,355813523800,-657646380.0,-44214480.0,20241205
208370,4695,4745,4565,4615,532762,2471450820,0.11,118792702860,-218327675.0,1552880.0,20241205
318160,3370,3405,3055,3055,51371,163316070,-9.35,28292052555,8474835.0,32866410.0,20241205
308430,15080,18140,14540,17300,13035493,217845670920,23.4,220817355700,290950500.0,424062790.0,20241205
068760,57100,57200,53500,53600,283969,15541149500,-6.29,2229952263200,-6269831000.0,-695684100.0,20241205
068940,0,0,0,778,0,0,0.0,29766744466,,,20241205
060230,995,1023,980,986,125602,124471760,-1.5,45421795780,-20063986.0,,20241205
290690,8170,8550,8050,8490,266590,2215552200,3.41,386841246600,444298710.0,,20241205
950200,4300,4300,4105,4150,41114,171579130,-1.66,79829619950,-38379895.0,,20241205
032680,310,312,303,306,395587,121532704,-1.29,32310773784,-21062596.0,,20241205
032685,7500,7500,7300,7470,1107,8129680,-1.45,2667850740,0.0,,20241205
258790,943,958,921,935,166590,156048016,-0.85,23366850540,12759331.0,,20241205
066910,1333,1339,1298,1318,75353,98594625,-1.13,44527653362,-11590917.0,0.0,20241205
035610,3755,3775,3650,3725,48866,181617020,-2.36,101863838825,29475.0,,20241205
357780,167000,170900,165800,168200,22733,3838523600,-0.18,1308354801200,498639200.0,-642522700.0,20241205
036830,35200,37150,35000,35950,82776,3006809600,1.99,753657813200,73630950.0,-52094750.0,20241205
304100,24300,25650,23700,25150,394549,9737515650,5.67,305083785200,-352119700.0,399345700.0,20241205
328380,909,931,872,890,106460,94999802,0.45,30493872420,-7370956.0,,20241205
086980,4075,4080,3725,3810,1115288,4288569770,-5.81,238650780000,-253887270.0,-11332125.0,20241205
050960,13000,14000,10310,10310,1561962,18974100040,-9.56,69602810000,-90976830.0,-43420690.0,20241205
084180,0,0,0,508,0,0,0.0,82173440936,,,20241205
253840,5280,5310,5170,5200,52034,271952000,-1.7,87064640000,9119330.0,-50.0,20241205
298830,4725,4735,4500,4505,631701,2905076415,-4.05,237048869805,-72446725.0,27212455.0,20241205
236200,23850,23950,23300,23650,12555,296178900,-0.84,170120906450,77068550.0,-7198450.0,20241205
094840,6440,6600,5850,5890,407394,2506784180,-14.51,61679137600,-3734060.0,,20241205
192440,19440,19440,19040,19110,14901,285017640,0.0,118794696930,18835730.0,-67062880.0,20241205
424960,10700,11190,10330,10490,348987,3802826580,-0.19,164193046600,105326000.0,75665860.0,20241205
099440,3260,3280,3180,3265,370335,1197649575,0.46,131394681410,-84918965.0,-393205.0,20241205
276040,2890,2890,2765,2785,20088,56169775,-3.63,34964210090,-6326975.0,,20241205
159910,611,619,603,606,74097,45009212,-0.66,22064519388,-3437494.0,0.0,20241205
060240,411,430,411,420,30649,12887469,-0.24,13571955180,-1671656.0,,20241205
115570,2525,2525,2340,2465,81857,197477235,-2.57,19681812220,-7509380.0,,20241205
330730,3880,3880,3795,3825,38910,148734775,-1.03,69426924750,-65012705.0,1116965.0,20241205
352090,3160,3200,3095,3150,24469,76672425,-1.56,84649943700,-28387805.0,-5745.0,20241205
253450,46700,47450,46000,46300,99766,4643237150,-1.7,1391708457400,1108023000.0,-287367900.0,20241205
408900,2630,2650,2505,2595,213374,548940380,-1.14,84872417730,50079295.0,-8042245.0,20241205
204630,0,0,0,4650,0,0,0.0,23668225650,,,20241205
415380,8270,8350,8120,8190,70797,583532020,0.12,34606828620,-42722630.0,248121230.0,20241205
013810,3875,3875,3670,3770,323378,1210817570,-2.08,55251121900,-83837355.0,3775.0,20241205
049830,7640,7700,7040,7670,4370,32607340,0.66,47033299040,-207990.0,60.0,20241205
020710,3440,3470,3165,3165,328275,1087526955,-14.46,63451825050,46057770.0,4014240.0,20241205
033170,757,760,736,751,274249,201462594,0.13,64381967569,4149713.0,,20241205
048870,2540,2725,2520,2620,1204944,3189663210,4.38,216695861280,455148235.0,38140.0,20241205
025320,6210,6350,6080,6310,559956,3485069720,1.94,528891176160,578931050.0,-82226210.0,20241205
269620,0,0,0,889,0,0,0.0,132090012299,,,20241205
056090,1063,1083,1047,1070,263540,279742664,-1.02,110487168520,8208687.0,,20241205
429270,4750,4800,4625,4675,17501,81742340,-2.5,21066718750,1493050.0,-11581105.0,20241205
418250,0,0,0,6550,0,0,0.0,52279100100,,,20241205
131090,848,865,840,855,55588,47789914,0.12,37620000000,423626.0,15795470.0,20241205
232830,1821,1839,1790,1790,34612,62281382,-2.19,20956374880,-6341550.0,,20241205
290520,2385,2385,2350,2375,9304,21964015,-0.42,37832234750,-2979250.0,,20241205
001000,936,975,936,939,36585,34549173,-0.21,22796610060,-1451265.0,,20241205
025870,6730,6730,5950,6130,83578,517411160,-9.85,24520000000,28375720.0,99040.0,20241205
215600,2890,3065,2820,3025,1011542,2974433530,4.67,415535553125,-117323310.0,-59341570.0,20241205
065350,77700,78100,71700,73800,497690,36838030000,-5.87,2028315362400,-4824705300.0,502600.0,20241205
416180,25700,26000,24300,24700,62059,1545824700,-3.52,223282516600,-417702150.0,2438450.0,20241205
162300,2345,2410,2300,2310,67154,156248780,-1.7,95798892420,-33568190.0,,20241205
290560,5570,5890,5550,5610,5093,28649220,0.18,21755422920,-756060.0,,20241205
002800,5310,5310,5100,5100,39219,202404990,-2.49,77369550000,-48613900.0,,20241205
472220,2055,2100,2055,2090,12791,26657205,1.46,9802100000,114495.0,22282955.0,20241205
430220,2115,2115,2110,2110,6,12665,0.24,14263600000,-2115.0,0.0,20241205
445970,2095,2100,2090,2100,8381,17533100,0.24,11256000000,412715.0,5321140.0,20241205
017000,2690,2750,2660,2695,23440,63151380,0.56,31445332765,-4233220.0,78320.0,20241205
012790,6470,6500,6380,6420,23683,152160870,-0.77,76952784300,-13984110.0,,20241205
138070,2640,2730,2600,2635,300862,798830435,-0.19,46120942540,50077945.0,-5070905.0,20241205
226330,5950,6230,5400,5400,225841,1302681350,-8.94,82395765000,28169360.0,3761990.0,20241205
418210,0,0,0,2245,0,0,0.0,8216700000,,,20241205
452980,1950,1956,1947,1950,29393,57271826,0.1,36864750000,1213315.0,-22410497.0,20241205
474660,2040,2060,2030,2035,1907,3890125,-1.21,11233200000,-474245.0,883580.0,20241205
474930,2070,2135,2070,2070,49144,102114785,-0.48,7493400000,1124585.0,-10415250.0,20241205
487830,2005,2005,2000,2005,7629,15291570,0.3,8721750000,1395540.0,12459000.0,20241205
056700,1505,1506,1486,1501,23411,35040750,-0.27,43731771591,-1281814.0,,20241205
187270,2940,2980,2895,2905,26530,77370090,-2.52,29467869725,-9201895.0,-295760.0,20241205
243840,5370,5470,5110,5210,125515,656694320,-2.98,202768172350,15051250.0,-309430.0,20241205
257720,27350,27600,26150,26250,1329688,35713710600,-2.78,1597922392500,-6922184750.0,1975577800.0,20241205
222800,10830,10980,10580,10650,173047,1865023030,-1.02,339246622950,160922770.0,-37393060.0,20241205
036710,1098,1098,1064,1069,38875,41675833,-2.64,52085185251,-3009678.0,,20241205
160980,8000,8200,7880,8040,25094,202924010,0.25,87830913720,51074840.0,-66560630.0,20241205
356890,2850,2935,2830,2830,11046,31660840,-1.57,33723199750,-3304450.0,,20241205
217330,4540,4840,4060,4485,336352,1497019510,-1.43,103736018295,-89291115.0,-347715.0,20241205
010280,629,637,610,612,143783,88693877,-2.7,39855757032,1505056.0,,20241205
208640,395,397,356,372,3528643,1317778630,-5.82,51797374488,22745391.0,-4260447.0,20241205
222420,694,694,672,686,16473,11219259,-0.58,31185718466,-250126.0,,20241205
037760,1439,1470,1423,1441,5104,7325407,0.14,48753239161,-168138.0,,20241205
099320,42000,42500,39850,41900,76778,3166042000,0.0,458858548200,270217700.0,-94867700.0,20241205
049960,13890,14000,13360,13500,14109,192494100,-2.81,126900000000,-84158500.0,9916110.0,20241205
088280,2190,2265,2140,2170,14592,31748465,-0.91,37555083300,-5914515.0,17685.0,20241205
050890,4840,4860,4590,4590,519797,2444616655,-5.17,280427110290,-266726100.0,-71729615.0,20241205
394800,5830,5920,5240,5300,4040935,22189742770,-8.15,166653401400,-20284200.0,-244029180.0,20241205
475400,18350,19640,17590,19370,1102253,20925614710,5.73,224855289100,238249960.0,1274879160.0,20241205
109670,8410,8550,8230,8410,21710,181585390,0.0,49085822820,-5124080.0,,20241205
066790,1252,1263,1190,1192,1050434,1265690006,-5.47,77661230488,-131003446.0,,20241205
222080,8130,8250,8060,8080,340884,2770049160,-0.49,579572962160,-240408380.0,-191280530.0,20241205
352480,44500,45250,41700,42050,174687,7515880050,-3.67,421086219050,-1323437100.0,-750365050.0,20241205
264660,9590,9590,9100,9240,8930,82056930,0.11,88961759040,-17322670.0,-775960.0,20241205
352700,2850,2865,2800,2860,50733,142882515,0.0,78011931140,-18885605.0,-165065.0,20241205
458870,10190,10200,9750,9820,27384,271530360,-2.39,123257497600,-16035050.0,15389370.0,20241205
297090,4220,4325,4080,4130,174296,728245380,-3.5,112625100000,-215957100.0,-8195820.0,20241205
900120,69,69,67,68,1633038,111229158,-1.45,20439293460,-32257432.0,,20241205
359090,1107,1116,1086,1086,91260,100088065,-1.81,61604317626,-23018212.0,13281462.0,20241205
115530,373,395,365,371,288976,107651117,-0.54,25214273000,11474662.0,2035601.0,20241205
115480,623,631,617,623,41410,25768521,-0.8,37769099634,-3184952.0,,20241205
340810,2920,2955,2880,2885,14465,41849200,-2.37,30574834755,-4384300.0,,20241205
376290,2990,2995,2920,2960,11636,34258230,-0.84,52266200000,-296750.0,,20241205
189330,6350,6400,6180,6180,10404,65289500,-2.37,37650315120,-14965130.0,,20241205
096530,23350,23500,22500,22650,269732,6154485950,-3.0,1182918764100,1308535100.0,-982313850.0,20241205
101240,3765,3825,3680,3750,56410,211748550,-0.4,38778551250,-60866100.0,813025.0,20241205
060590,6690,6790,6550,6700,76378,509199500,0.15,162012834000,24545670.0,-6700.0,20241205
260930,5600,5660,5140,5430,54312,288436180,-2.34,105024839130,-4909020.0,,20241205
052300,316,318,311,315,102945,32381279,-0.32,53125201395,-1576685.0,-14551078.0,20241205
413630,2400,2420,2250,2305,126170,295810770,-5.53,89211394625,-12380280.0,2758090.0,20241205
013990,4650,4695,4440,4440,966197,4397514610,-7.11,146020659840,-771333445.0,337306595.0,20241205
123860,19270,19890,19110,19600,23744,464656070,1.77,237618934000,126946300.0,5733780.0,20241205
025980,5300,5300,4935,4935,1614942,8195062540,-7.93,437386473930,-2567185095.0,-72960515.0,20241205
125210,6010,6090,5760,5780,82693,486937200,-5.25,95351446200,-88708820.0,1203480.0,20241205
357580,5550,5680,5490,5490,22481,124553530,-3.0,61599249360,-17642800.0,5580.0,20241205
052710,3020,3275,3010,3200,74814,235421370,6.31,46768348800,7480925.0,46408070.0,20241205
074430,966,973,930,937,231173,218087029,-2.9,82293752828,-40604780.0,,20241205
092040,3420,3500,3325,3390,182569,620369320,-0.44,186512196330,-2350640.0,2742980.0,20241205
083930,12500,12650,12360,12440,43227,539037210,-0.32,185515207120,-214047190.0,249043260.0,20241205
149950,7940,8190,7840,7840,12336,97583770,-3.69,122362800000,-40703520.0,-39564480.0,20241205
036010,4500,4500,4320,4385,14673,64750595,-2.01,58289515590,-10451030.0,-4400.0,20241205
050860,2090,2125,2060,2125,16804,34947425,2.41,47812500000,-1822845.0,2164225.0,20241205
136410,6840,7050,6660,6840,20965,141890660,0.0,75370685040,-7062210.0,-32219220.0,20241205
246720,4575,4620,4490,4550,1872,8491860,-1.52,61731215000,-2140375.0,,20241205
067390,490,501,490,496,88445,43973458,-0.4,173791916288,-15368869.0,,20241205
159010,4325,4415,4260,4270,17273,74162390,-3.94,56939335530,-4768560.0,1363340.0,20241205
127710,1473,1490,1469,1480,64883,95674804,0.0,51658041360,-1005257.0,34241267.0,20241205
154030,1992,2020,1983,2020,11403,22765762,1.41,23414531040,6424865.0,,20241205
227610,1254,1369,1215,1254,156580,201201496,1.37,44621767938,-68934083.0,-87778.0,20241205
143160,13740,14310,13680,14280,14675,207391880,3.63,153030049200,54848160.0,-1942340.0,20241205
054800,9080,9130,9020,9020,2546,23068910,-0.22,93336759120,-15012510.0,0.0,20241205
332370,3615,3770,3600,3730,23471,86666285,2.61,49510997980,4607150.0,103185.0,20241205
339950,1988,1988,1851,1865,358599,683954832,-6.23,83825511575,53634146.0,-13000509.0,20241205
469750,1137,1154,1095,1120,330113,368868563,-1.23,38008858720,23976262.0,,20241205
460470,5000,5490,4610,4990,4164989,21125138815,-0.4,75271006300,-472866740.0,735890.0,20241205
099190,16320,16330,16060,16070,60239,973706930,-1.53,444195257110,-89733630.0,-85087150.0,20241205
461300,13030,13600,13000,13230,155885,2078656010,3.12,172829218590,38632880.0,447842890.0,20241205
289010,2500,2515,2445,2470,30069,74005090,-2.56,31774171390,-5758430.0,,20241205
214430,41350,42000,39400,39900,95283,3888526800,-2.09,283559724000,-51094850.0,-42081800.0,20241205
040910,4680,4730,4505,4550,18861,87011385,-3.29,84512951250,-17818310.0,8090455.0,20241205
368600,2985,3220,2915,2960,111573,338994875,-0.84,51913504160,-14539145.0,,20241205
456010,5890,5930,5590,5610,133834,766294500,-4.59,74174836560,99289070.0,,20241205
052860,1528,1637,1506,1571,64372,102003581,1.88,28062543634,-5239415.0,,20241205
464500,4560,4830,4335,4590,2798812,12945704030,1.55,64091377170,139517055.0,-693655.0,20241205
038880,163,166,156,163,904206,144276491,0.0,51399556426,3723768.0,-6413.0,20241205
307180,2665,2940,2600,2615,138777,373945940,-2.24,70716995220,-81864895.0,-43015.0,20241205
101390,2455,2485,2305,2305,73283,174587005,-7.62,25733543235,-21643220.0,,20241205
461030,10600,11170,10310,10650,129561,1399266490,0.85,149289037500,125334410.0,11040.0,20241205
451220,7130,8170,7040,7230,425959,3244055860,1.97,56933437530,47540.0,2986820.0,20241205
090150,772,795,750,750,136097,104274389,-5.54,31406469750,-7318455.0,,20241205
123010,644,655,603,621,418602,261945242,-3.57,20280954582,25311650.0,,20241205
031310,1576,1590,1570,1570,23995,37826128,-0.7,39775378520,-1602150.0,,20241205
185490,2830,3000,2760,2870,56544,163507805,1.41,77575480080,-22722825.0,,20241205
059100,4780,4800,4610,4700,12204,57308695,0.0,33233042000,248100.0,,20241205
262840,2365,2465,2305,2400,60061,145253330,0.84,46296000000,-13229290.0,24694590.0,20241205
175250,1873,1874,1819,1838,80931,149105779,-0.97,69032280384,-24880518.0,,20241205
052460,2085,2085,2030,2040,45061,92344410,-2.16,29800189440,-14986735.0,,20241205
119830,5080,5150,4805,4840,124473,613524370,-4.54,103741997480,-62378625.0,2555910.0,20241205
052770,1225,1237,1201,1221,86824,105652355,-0.33,59804514066,-18693712.0,,20241205
124500,5820,5840,5450,5450,202147,1124132140,-7.31,126464672150,-325080060.0,,20241205
372800,5060,5190,4750,5020,28802,139666550,-3.28,30255489800,-12206260.0,,20241205
084850,13980,14330,13750,14250,20058,279906410,0.64,323231809500,1306660.0,-6680630.0,20241205
114840,19400,19400,17990,18100,229441,4254427920,-6.07,312079186400,-70596360.0,251634320.0,20241205
027360,3005,3250,2675,2700,24291745,74482369520,-7.38,326552596200,301907665.0,2501990.0,20241205
032080,1103,1110,1077,1079,19713,21428818,-2.09,23188820291,-680378.0,,20241205
013310,2420,2420,2290,2300,82408,192146980,-2.54,89255138600,-68972315.0,-18400.0,20241205
059120,6530,6670,6330,6550,24588,160220130,0.31,63853303800,-22940100.0,-58830.0,20241205
203690,4885,4890,4705,4840,26579,127052530,0.0,64555194000,4948730.0,,20241205
158430,5400,5400,4895,5230,2514935,12906746155,-5.42,118210939020,27111270.0,-923485.0,20241205
200350,17300,17550,16760,16910,484301,8329191220,-5.74,169032782750,-78802560.0,-33880.0,20241205
321820,17600,17630,16930,16930,160392,2753673280,-3.64,226300093300,27864630.0,-185930.0,20241205
001540,6800,6800,6720,6730,8472,56956050,-1.03,87775486600,-11844430.0,-50550.0,20241205
053800,63000,63000,60200,60600,121686,7417889100,-7.2,674266263600,-887643100.0,-80008600.0,20241205
065660,16000,16700,15950,16680,19083,312854640,4.45,162319301640,-33560780.0,0.0,20241205
297570,748,748,700,731,339410,244231809,1.11,25308110358,-20299541.0,,20241205
260660,3475,3545,3420,3420,36220,125788460,-1.44,52418411820,-1364910.0,7204495.0,20241205
354320,25050,25250,24100,24100,33943,829651700,-3.41,154032282100,-117773850.0,14731000.0,20241205
361570,2525,2560,2470,2535,97778,245464695,0.0,72864242685,-16845810.0,74712095.0,20241205
131370,2875,2875,2705,2715,202031,558717700,-4.06,144620130345,-123010365.0,13906240.0,20241205
140670,10430,10500,10090,10380,62593,646865950,1.27,96566593200,176977120.0,3047420.0,20241205
096610,0,0,0,2965,0,0,0.0,51550708615,,,20241205
061040,3875,3880,3695,3725,128737,488507445,-4.24,119532489775,-62338405.0,8750.0,20241205
148250,3820,3830,3745,3805,4120,15623155,-0.65,28123462730,-838435.0,-7610.0,20241205
347860,2045,2160,1999,2050,108502,224031983,1.49,45140319400,-22871284.0,,20241205
196170,321000,324500,309500,311000,640971,202693684500,-2.2,16582155508000,-6214155000.0,835791000.0,20241205
123750,1397,1435,1397,1422,13276,18792406,-0.21,18125234334,-168735.0,,20241205
085810,616,643,595,618,251955,154425833,0.49,19208650662,8394827.0,,20241205
043100,1909,1909,1750,1804,173585,315287259,-5.5,14388559680,-8543074.0,,20241205
117670,0,0,0,945,0,0,0.0,37743429465,,,20241205
314140,5370,5400,5210,5260,3862,20359660,-2.05,45585058860,-7999210.0,,20241205
291650,1494,1553,1444,1513,419886,623984371,1.27,25691121276,-19492407.0,0.0,20241205
293780,6710,6710,6430,6440,59039,385104700,-2.28,173115958400,-69594700.0,-119710.0,20241205
196300,13270,13290,12710,12880,49182,632405370,-2.94,77323624560,-7980530.0,3945500.0,20241205
310200,2555,2650,2500,2630,134305,340940335,3.14,119720174770,-142825205.0,-5703355.0,20241205
299910,0,0,0,6880,0,0,0.0,32483121920,,,20241205
179530,2695,2710,2600,2630,15804,41856590,-3.31,24039367720,8669360.0,,20241205
900100,1141,1150,1100,1122,81247,90669203,-1.67,47346042678,-279370.0,,20241205
205500,1009,1009,981,1005,31313,31145084,-0.4,52187760600,-784077.0,,20241205
052790,6730,6780,6550,6650,27721,184144730,-1.19,75348742700,52599400.0,,20241205
290740,5070,5080,4955,5020,14586,73093740,-1.57,50526355220,-6873250.0,,20241205
238090,3070,3220,3020,3215,52624,162829465,1.74,75685289145,20277890.0,,20241205
092600,1052,1053,988,1030,46797,48089353,-2.09,25836022510,-682587.0,,20241205
129890,1050,1060,1030,1030,28184,29400358,-2.83,52162712300,-7774492.0,1052.0,20241205
174900,14280,14280,13800,13920,27341,383957830,0.14,242557545120,-1654440.0,-56100.0,20241205
255440,9390,9390,8910,9040,5339,48692920,-1.09,118044320000,-3663790.0,,20241205
030960,8500,8700,8360,8360,44410,376702140,-1.88,133592800000,28018410.0,,20241205
102120,7540,7550,7260,7390,127497,941154230,0.0,131399764670,215506450.0,-3339330.0,20241205
238120,3010,3035,2880,2960,147695,437027785,-1.66,42561532160,-60267855.0,-3515490.0,20241205
019990,5070,5220,4995,5000,57262,289015800,-1.19,48780440000,29219340.0,20.0,20241205
270660,15840,15850,15390,15390,59813,931807180,-1.41,188708209380,-133115580.0,5194360.0,20241205
038680,4095,4125,3910,3950,297867,1196258020,-3.19,77221224150,24180515.0,1449030.0,20241205
217480,0,0,0,499,0,0,0.0,54756837359,,,20241205
121890,1110,1110,1050,1050,19074,20433274,-5.41,13956018300,1050792.0,,20241205
304360,18900,19690,18580,18580,101277,1928090650,-1.69,218236889680,-129989590.0,,20241205
389500,15070,15200,14680,14800,29982,445269910,-2.63,91388579200,40989030.0,1613270.0,20241205
042110,1373,1385,1335,1348,58767,79238393,-2.67,65148252272,-12200809.0,,20241205
298060,1802,1852,1780,1825,52655,94786519,0.0,37352727600,-21116771.0,,20241205
065420,213,219,210,213,245045,52427922,-0.93,15245964687,-5026663.0,,20241205
103230,2845,2860,2690,2745,33702,92556240,-4.02,19764000000,-9810890.0,,20241205
260970,36050,41800,34950,39600,293918,11527865850,8.79,114553058400,101165750.0,55811200.0,20241205
101490,24050,26000,23550,25600,545825,13702050000,8.47,549157043200,138881500.0,1550611200.0,20241205
095910,1223,1235,1203,1205,39712,48313370,-1.47,23502926115,-2504439.0,,20241205
275630,3305,3410,3305,3395,4474,15043825,-0.44,20431072655,-212270.0,5638715.0,20241205
031330,2700,2730,2670,2700,229963,619646060,0.19,269986680900,-101626765.0,22737575.0,20241205
060540,1395,1400,1362,1394,48257,66710920,0.0,36429828564,-2057801.0,,20241205
351320,1430,1476,1408,1440,18915,27272687,-0.55,31702875840,-19379.0,,20241205
056190,20350,20550,19970,20250,74215,1504382610,-1.46,727152390000,-380728230.0,579444310.0,20241205
080000,0,0,0,1618,0,0,0.0,55534403660,,,20241205
214310,0,0,0,6120,0,0,0.0,22516275600,,,20241205
246250,1899,1914,1836,1897,90082,168780914,-0.94,29115546782,-39527737.0,-166978.0,20241205
041510,82000,83500,78300,78500,176109,13988785000,-4.62,1833259719500,2705272600.0,-2895222600.0,20241205
007820,4055,4075,3945,4005,96347,382753585,-1.23,80235953730,43479050.0,5677370.0,20241205
464080,8870,9060,8350,8400,2111193,18430730380,-2.67,148527372000,311061310.0,35294480.0,20241205
109610,4070,4120,3870,3955,729995,2902796820,-2.71,193428767000,418297735.0,-158325.0,20241205
365330,7130,7410,6780,6930,5019006,35684597540,-2.39,212127300000,-2222203180.0,-33626680.0,20241205
031860,1405,1449,1268,1275,314231,418740648,-9.12,19158603900,-9301542.0,-368838.0,20241205
306040,5240,5290,5100,5180,12382,64342150,-0.38,51104989040,-10621840.0,5190.0,20241205
457940,2070,2090,2050,2080,24988,52009355,0.48,6884800000,-568670.0,51578660.0,20241205
472230,2020,2035,2020,2035,2335,4741225,-0.25,8455425000,-40500.0,-111925.0,20241205
473000,2075,2080,2060,2075,5809,12053965,0.0,6868250000,-22660.0,11827960.0,20241205
473950,2015,2020,2010,2020,1508,3040930,0.0,8928400000,-46185.0,0.0,20241205
435870,2090,2090,2085,2085,20,41705,0.48,7756200000,,0.0,20241205
455910,2055,2060,2035,2060,9253,18997240,0.24,10341200000,-294300.0,16614605.0,20241205
475660,6940,7300,6450,6520,307499,2114525860,-5.51,50737564200,104680510.0,-13503060.0,20241205
096630,582,596,571,580,238498,139151501,-0.85,45850278900,3503095.0,,20241205
069510,10340,10440,10200,10310,5399,55799390,-0.29,112482100000,215380.0,768540.0,20241205
234300,3650,3680,3575,3610,131177,472583825,-1.1,100393551280,-9621230.0,-32046285.0,20241205
039440,14800,15560,14700,15180,205919,3140353130,3.27,240299400000,221191700.0,344394670.0,20241205
098660,2670,2690,2455,2685,45978,118957160,0.0,33565120560,-25014465.0,,20241205
052020,5120,5120,5000,5030,105289,531570760,0.0,248814508150,-53445840.0,,20241205
237690,86700,88900,85300,87400,86783,7600789200,0.34,1759496945600,1070419100.0,-409987800.0,20241205
050760,1290,1310,1261,1310,21271,27205457,1.55,21398428180,297273.0,,20241205
288620,8610,8690,8490,8580,12774,109277830,-0.58,59882531280,-923500.0,-145400.0,20241205
443670,7970,8220,7660,8130,788127,6307009390,4.23,196757316960,360638320.0,,20241205
317830,4620,4640,4405,4435,61430,275585815,-3.9,47781882830,21673310.0,-4500.0,20241205
058610,20650,20800,20100,20250,145119,2950620450,-1.7,449091540000,-195204400.0,-54103800.0,20241205
043340,484,504,481,497,256345,124628986,2.69,47215000000,-115684.0,,20241205
163280,11350,11570,10580,10760,530638,5889934810,1.51,87960729640,-944710.0,4258670.0,20241205
054630,0,0,0,158,0,0,0.0,12594094838,,,20241205
200710,13550,14120,13550,13770,98464,1366558870,1.85,185080118940,276570470.0,3169990.0,20241205
475580,11210,11740,10120,10170,4590352,51094811510,-9.28,135781500600,-335816060.0,-263037730.0,20241205
096690,1347,1465,1310,1459,299584,421499483,8.31,48843218751,-6845857.0,-6305495.0,20241205
298380,29150,30000,28100,29300,1016463,29791695850,2.45,1414660900600,-3872133700.0,2138697750.0,20241205
203400,7120,7300,7000,7210,28657,204092560,1.69,182122956120,23080670.0,,20241205
195990,414,420,405,411,732060,301292276,-1.67,117007475331,-15291284.0,-517186.0,20241205
003800,25600,25600,25150,25500,792,20060300,-0.39,282795000000,120650.0,2937850.0,20241205
088800,784,784,711,711,154957,116037900,-7.78,129367778859,-8262689.0,-17645.0,20241205
241840,8550,8550,8230,8230,52126,436060330,-3.06,78514150620,-39573260.0,4219230.0,20241205
453860,18800,19360,18160,18280,12982,239486380,-3.84,103413890200,-95368370.0,13014220.0,20241205
312610,1317,1355,1270,1340,2616,3468896,0.45,27144229920,-131129.0,,20241205
172670,6190,6320,6100,6200,10207,63378230,0.0,55553605800,-643940.0,6944840.0,20241205
445090,27150,28150,26700,26700,232165,6366676100,0.56,287604016200,828107250.0,-4465250.0,20241205
295310,20200,20500,18720,19490,646300,12706640670,-1.42,231968635190,1122937720.0,222523240.0,20241205
072990,8350,8400,8170,8290,13471,111770400,-0.72,60412056890,-1632670.0,23809210.0,20241205
044990,16290,16370,15850,16100,24244,390422170,-0.12,129380630400,35277570.0,76811290.0,20241205
239610,12300,12350,11850,12000,14655,176618090,-2.44,64705380000,-11473640.0,100.0,20241205
462020,2000,2000,1994,2000,106,211970,0.0,8690000000,0.0,0.0,20241205
477340,1983,1983,1971,1974,565,1114686,0.0,14824740000,63104.0,-278485.0,20241205
148930,3720,3725,3505,3580,11433,40982525,-0.97,36427262540,-8274755.0,,20241205
376270,12900,12990,12290,12340,56621,705931100,-4.49,85911561260,-37855650.0,-753460.0,20241205
044780,1051,1090,1051,1055,27099,28647018,-0.19,19523605285,-509061.0,,20241205
357230,2650,2665,2600,2635,28678,75080655,-1.13,110905798245,-8133980.0,-13695910.0,20241205
355690,5530,5530,5190,5210,18046,95706400,-7.13,28159945800,-6242630.0,-179900.0,20241205
071670,5440,5440,5260,5300,16127,85850880,-2.57,53000000000,-10871260.0,10.0,20241205
045660,23550,24400,22350,24400,5070793,120549276100,29.99,201544000000,365297450.0,-19164800.0,20241205
224110,18000,19700,16730,18490,3550297,65657413930,21.41,98736600000,-219604400.0,-35083740.0,20241205
021080,2455,2500,2345,2355,678072,1626755855,-6.73,113040000000,-322617150.0,,20241205
200470,1956,1999,1914,1971,202615,397973271,0.77,83495685303,66861857.0,3685022.0,20241205
262260,5480,5500,5210,5300,28408,151052220,-2.03,76681205600,-5769290.0,64980.0,20241205
397030,15930,15990,15280,15580,344621,5368242110,-2.14,349546585680,170348580.0,4287530.0,20241205
230240,12200,12600,11480,12560,102938,1245439800,4.49,167161040000,165905330.0,-16799640.0,20241205
230360,9960,10080,9890,10000,43453,433020470,-0.3,314680290000,-36225770.0,46748730.0,20241205
038870,3075,3150,3020,3020,58787,180081970,-3.67,42325145980,20600355.0,5.0,20241205
097780,757,778,746,746,17364,13039860,-1.45,50526832148,-3819322.0,-383731.0,20241205
448280,15710,16190,15210,15250,19962,308814920,-2.93,150624905750,-6783280.0,13150220.0,20241205
101360,25850,25850,24500,24900,194837,4884523200,-2.16,442874238600,292794050.0,-73721650.0,20241205
128540,1525,1540,1410,1455,196559,290829710,-5.21,38834619300,15527064.0,,20241205
086520,72000,72500,69400,69700,710617,50356250400,-2.24,9279742298000,2129923900.0,-1772764100.0,20241205
247540,135000,135900,128800,128900,368463,48569024700,-3.88,12606593241600,-1770731200.0,-2572988700.0,20241205
383310,35400,35800,34300,34300,73679,2579793600,-2.56,524959167600,73418000.0,-170314950.0,20241205
038110,2675,2690,2360,2360,920186,2306130680,-8.88,97159713200,-561533595.0,0.0,20241205
073540,1268,1280,1262,1278,12542,15927060,0.79,14569200000,-400859.0,,20241205
064850,8000,8180,7780,8130,48841,391988090,1.75,92765999160,131539540.0,,20241205
036810,15550,16390,15400,16180,149458,2381961620,4.39,352024846020,802619200.0,-76997760.0,20241205
173940,3270,3425,3185,3230,1158,3733600,-1.22,49718769840,-113310.0,,20241205
083500,7810,8120,7720,7800,33590,265599250,-0.13,66890631600,-101341730.0,-44439160.0,20241205
054940,703,710,674,678,119355,82360441,-2.73,22491665544,-3588712.0,,20241205
950130,5390,5420,5250,5270,98708,522698980,-2.23,198825674640,-42490830.0,,20241205
373110,4230,4280,4015,4015,261152,1064693355,-4.86,43837624930,58358175.0,,20241205
205100,1880,1880,1770,1771,327066,586851779,-1.61,127447236301,-57594354.0,5412801.0,20241205
356680,5920,6050,5600,5610,2689485,15710087080,-2.43,160128990120,7492240.0,23800000.0,20241205
070300,3000,3165,2850,2860,44477,131579185,-4.67,23885627480,-14351540.0,,20241205
317770,2730,2820,2700,2780,211921,582191215,0.36,66023907460,-19284335.0,-47918185.0,20241205
373200,653,809,651,809,7274878,5603854744,29.86,61245876513,10118331.0,,20241205
069920,912,912,866,885,132179,116599596,-2.85,31146792660,-15609131.0,,20241205
092870,9650,9940,9650,9690,121789,1194331910,-0.51,126462222930,-31345970.0,11203650.0,20241205
317870,14850,15250,14420,14920,15951,234700070,0.13,126920710000,-2194470.0,,20241205
067570,2305,2305,2250,2295,63797,145456720,-1.08,96780150000,-61187125.0,0.0,20241205
236810,3345,3385,3260,3280,64636,213233650,-2.09,55679397280,-13378160.0,-415700.0,20241205
333620,7970,8010,7730,7750,18594,146199220,-2.76,81811666000,-42950200.0,11128470.0,20241205
101400,391,403,391,393,128361,50404410,0.51,24429828309,-2248077.0,,20241205
078860,8080,8080,7840,8030,5474,43539210,-0.62,84564363620,-14026700.0,-20120.0,20241205
422040,2110,2110,2105,2105,13994,29457555,0.24,15071800000,-2095.0,0.0,20241205
437780,2095,2095,2085,2090,1570,3278615,0.0,10512700000,-12510.0,0.0,20241205
438580,2095,2120,2095,2120,428,897940,0.0,6402400000,-4220.0,0.0,20241205
439410,2110,2110,2070,2085,7100,14736010,0.72,18348000000,804260.0,8019875.0,20241205
440820,2060,2075,2060,2065,7191,14834425,0.0,16107000000,140760.0,11781695.0,20241205
451700,1978,1987,1977,1982,5607,11094734,0.15,28441700000,-21780.0,9910.0,20241205
466910,1980,1980,1968,1969,14501,28563364,-0.05,17917900000,-317009.0,-23747438.0,20241205
481890,1999,2010,1994,2005,14238,28471817,-0.25,12721725000,-152350.0,19023467.0,20241205
265740,4810,5050,4760,4760,74035,363891995,-1.24,42515368000,63545.0,476240.0,20241205
354200,2430,2430,2195,2195,199098,453564525,-8.73,30155972380,4367940.0,,20241205
455900,23050,23250,22250,22500,117476,2657833700,-1.75,336271072500,112363500.0,-51235650.0,20241205
419080,8800,9000,8640,8800,12953,113572520,-0.68,92556789600,10035910.0,,20241205
208860,0,0,0,2205,0,0,0.0,67316270805,,,20241205
183490,1191,1191,1130,1131,116085,133836931,-2.92,96209150622,-13080942.0,-122910.0,20241205
182400,0,0,0,2020,0,0,0.0,172748038620,,,20241205
348370,169500,175700,157300,158700,333559,54983899900,-5.42,3298884680100,-4808867900.0,-630998700.0,20241205
069410,3500,3640,3445,3450,12303,43482295,-0.43,35344642800,-19257175.0,-13800.0,20241205
227950,444,446,418,424,937971,397719640,-4.07,43916024720,47821140.0,,20241205
291230,2180,2190,2065,2065,427950,899382970,-5.71,91057775375,14788045.0,,20241205
198080,2575,2600,2430,2475,129208,324227975,-3.7,53299582875,-67567605.0,9038330.0,20241205
048830,1098,1104,1033,1086,25330,27333686,-2.16,20334180378,140.0,,20241205
096870,2425,2470,2405,2450,9697,23438050,1.87,16362080000,351080.0,,20241205
290650,16230,18610,16130,18590,239862,4252372220,13.49,421712123690,222008450.0,-317297200.0,20241205
156100,6460,6580,6410,6430,24698,159750590,-1.23,128193257490,4393410.0,19310.0,20241205
073110,6090,6250,6050,6200,10719,66251330,0.0,55153681000,-14936360.0,-9741830.0,20241205
083310,8030,8200,7890,8000,49092,395542350,0.63,142480264000,39826530.0,6907890.0,20241205
037950,1028,1032,1005,1020,408905,415003873,-0.78,86136469380,20822670.0,,20241205
170920,9150,9290,8880,9100,18520,166971070,-0.66,89231142000,8241100.0,,20241205
058630,5610,5650,5310,5370,252922,1363435090,-5.79,104950619490,-457405450.0,-129060.0,20241205
058970,63300,68100,60700,67700,286810,18519461600,7.29,822948337000,723472700.0,842992100.0,20241205
019590,0,0,0,921,0,0,0.0,104963185182,,,20241205
169330,2040,2040,1980,2000,4800,9552020,0.5,36513836000,-196032.0,,20241205
373170,6690,6890,6430,6710,5035,33721970,0.3,33804510300,-10778500.0,,20241205
179290,7990,8000,7660,7940,99047,777801150,0.25,256983483320,-73811130.0,-143744520.0,20241205
009780,5580,5580,5380,5410,116421,633776520,-2.7,95216000000,-42327470.0,5537690.0,20241205
123040,2615,2615,2420,2455,197690,488504115,-3.73,169817782915,1281120.0,-7410315.0,20241205
323230,0,0,0,161,0,0,0.0,6967193212,,,20241205
413390,7550,7700,7150,7580,365069,2691216280,0.93,87777764400,33529110.0,27826380.0,20241205
032790,1040,1040,980,1010,49958,49952775,-0.69,43822105230,-18700086.0,,20241205
033160,6260,6260,6040,6090,95013,580693160,-1.77,134383955790,106423060.0,-99250.0,20241205
347890,5370,5500,5330,5340,17045,91911670,-2.02,90316509360,-65301190.0,53377920.0,20241205
033310,1850,1860,1825,1833,31943,58487366,0.11,73947309423,-12681437.0,,20241205
259630,8370,8620,8110,8200,78095,649934490,-4.98,100715696400,-180995560.0,414160.0,20241205
105550,3700,3950,3660,3950,1735930,6641349610,9.72,225851488400,-4539340.0,22887885.0,20241205
060850,6380,6380,6210,6210,8845,55539820,-2.66,50493510000,-4223940.0,,20241205
143540,630,660,624,654,186609,119818556,3.81,29168331330,-2470563.0,,20241205
036560,16300,16350,14700,15270,259675,3983067140,-4.62,240502500000,-292582190.0,16124770.0,20241205
265560,7060,7120,6710,6710,12809,88948090,-4.96,71731107800,-8114960.0,60.0,20241205
036000,2085,2185,1950,1970,979870,2003165011,-4.14,45377525690,-170522588.0,6911617.0,20241205
250930,398,407,395,398,66282,26473626,0.0,13134175120,710077.0,,20241205
053280,5510,5540,5310,5540,433267,2362452320,2.59,138500000000,-182165920.0,953260.0,20241205
122640,8210,8660,8080,8510,154046,1305895710,3.15,178115219080,241392210.0,-2616710.0,20241205
900300,662,689,616,617,1253448,788221230,-9.0,30115302314,-61840566.0,-4732.0,20241205
045060,2580,2610,2570,2570,13826,35744230,-0.39,43540873180,-2695275.0,,20241205
080520,3000,3010,2970,3000,10336,30867775,-0.5,35239827000,-2411090.0,15.0,20241205
039830,6170,6250,6100,6150,7727,47907940,0.33,66191773500,-1096680.0,,20241205
322310,13490,17530,13230,17530,741723,12376099640,29.95,164195481260,-841121410.0,958940940.0,20241205
046120,2045,2095,2010,2065,129055,264997245,0.49,56683188590,4174735.0,2055.0,20241205
014940,4790,4845,4400,4435,2423799,11077246725,-7.89,202119186535,1892066185.0,-780419110.0,20241205
065500,1911,1911,1911,1911,1938629,3700037481,30.0,60660704832,1287658554.0,,20241205
010470,6950,7490,6820,7120,272835,1929622150,-7.77,85262356000,-185133440.0,180.0,20241205
417860,8960,9430,8800,8950,15213,136782750,0.22,39653995300,-3100280.0,,20241205
352910,6420,6510,6330,6400,4570,29399600,-0.31,80881932800,-7171290.0,,20241205
053980,3510,3510,3330,3340,132969,448502130,-4.57,63402495220,-165726855.0,-7190645.0,20241205
036220,11270,11270,10700,10730,27869,302515450,-3.51,155471433680,-87625110.0,10880.0,20241205
052420,1381,1388,1349,1349,974680,1329521727,-2.32,116439194008,76100395.0,306456.0,20241205
039200,23050,23850,22950,23400,108874,2539218950,0.65,894995618400,192383150.0,-107675550.0,20241205
226400,5030,5060,4800,5040,142153,703795125,1.41,104134469040,-163641835.0,4698600.0,20241205
031510,1269,1330,1233,1307,49761,64119988,2.99,36596000000,-1452608.0,23670560.0,20241205
368970,2870,2890,2780,2780,22223,62445700,-3.14,25982324800,-2800045.0,,20241205
138080,10190,10270,9880,9960,16820,169922870,-1.39,105815986200,-33461330.0,-39680.0,20241205
080580,4230,4320,4135,4245,84698,358156925,0.59,75048620010,56935295.0,-73215.0,20241205
067170,3410,3970,3400,3450,91097,336358565,0.29,53101037250,-31880860.0,,20241205
353590,3965,4045,3950,4020,15663,62306560,1.64,51759791400,-12028010.0,-10.0,20241205
173130,7900,9720,7810,8830,9356406,83603559410,2.08,115200356590,100308960.0,36439270.0,20241205
440320,4550,4595,4260,4395,88925,393876705,-7.38,43092975000,-41827845.0,,20241205
049480,2330,2340,2285,2315,86307,199905850,-0.64,72742816645,-363665.0,36652005.0,20241205
394280,10290,10840,10240,10600,143068,1516253770,3.01,231861824200,411788750.0,-35478660.0,20241205
309930,2520,2605,2500,2525,75108,192115390,-0.98,53759749750,-39908770.0,,20241205
244460,6560,6700,6420,6420,34531,224700810,-2.13,25866648660,-18948140.0,,20241205
226950,24950,25950,23500,24900,347079,8715284300,-1.19,429231752700,-1105134850.0,1858545900.0,20241205
057540,699,759,699,731,1406255,1032996554,4.58,44919478505,57190754.0,-106421.0,20241205
131030,5300,5380,5240,5300,29651,156638340,0.0,85611758600,-25721940.0,,20241205
082210,1738,1738,1640,1651,15738,26314486,-2.54,54800579756,-8827664.0,,20241205
109080,7250,7340,7130,7240,5162,37500310,-0.14,40804640000,-338070.0,3541580.0,20241205
380540,1245,1294,1223,1224,100499,127084891,-2.63,36450225504,-26487364.0,,20241205
153710,4750,4750,4600,4675,4314,20070165,-0.85,68582053650,2155615.0,,20241205
432430,4400,4440,4235,4250,68669,295669295,-2.19,69871360000,35750465.0,-585240.0,20241205
338840,7820,7860,7500,7500,50115,382602590,-4.46,110868870000,-72562160.0,22840.0,20241205
122990,5460,5460,5370,5410,15461,83861800,0.19,149702993530,-9683860.0,3134670.0,20241205
232140,8930,10100,8890,9630,3505642,33997255780,8.57,790096720500,2699967990.0,740305680.0,20241205
112290,12770,12920,12390,12560,45248,571785100,0.08,126988445200,63968650.0,-3837000.0,20241205
065530,1311,1311,1295,1296,21812,28351659,-1.14,68506560000,-593262.0,,20241205
067900,6120,6150,6040,6090,19782,120292320,-0.49,110835923310,7626920.0,12330.0,20241205
007530,2080,2130,1951,1985,58541,117736318,-4.8,38061287220,-1446588.0,,20241205
155650,3360,3445,3210,3230,81343,267784690,-4.3,62902176340,-8672275.0,689260.0,20241205
273640,11140,11490,11020,11030,26323,294720680,-0.9,120954980000,-45523730.0,56216590.0,20241205
251370,10600,10700,10300,10480,25825,270499570,0.0,170975582720,-90187090.0,-94080.0,20241205
066430,504,508,499,504,60808,30648700,0.0,19733351904,-2729795.0,,20241205
209640,12840,13140,12480,12500,557105,7134119090,-0.64,177769662500,-336744030.0,,20241205
273060,863,863,826,843,149209,125288397,-1.29,42537427626,-23460812.0,,20241205
019210,5210,5230,5090,5150,58931,302857980,-0.39,172905167850,-69181110.0,-11352630.0,20241205
122870,48000,48500,45300,45600,427401,19685430750,-4.9,852311834400,4905828300.0,-5987749450.0,20241205
332570,2195,2220,2115,2165,69409,149783515,-1.37,91436285250,-24464695.0,-25990.0,20241205
079000,5470,5580,5050,5200,54591,285044440,-6.81,37440000000,1901560.0,,20241205
403490,1614,1628,1511,1511,371362,577909586,-6.38,68316033104,-62059631.0,,20241205
032820,1951,1997,1855,1912,5739373,11092792207,-1.95,303738499776,334774756.0,-8436494.0,20241205
041190,9820,9820,7650,8670,37458803,320664696920,-8.74,728280000000,-1310074310.0,-2370219850.0,20241205
115440,6770,6800,6640,6640,94314,631003600,-1.92,71408146960,-41946500.0,34000280.0,20241205
046970,1314,1315,1217,1217,576824,733086395,-7.38,53335023783,-1496602.0,,20241205
082850,2910,2925,2810,2815,1475977,4193897770,-3.43,136405267070,856775655.0,7937135.0,20241205
215360,10040,10400,9640,9860,41292,404824840,-1.79,90043127180,-50941250.0,1974340.0,20241205
072470,2435,2435,2305,2395,20982,49874255,-1.84,45235181695,-289295.0,,20241205
073560,1300,1311,1279,1295,126014,162680078,-0.46,89662747685,-3258326.0,3842647.0,20241205
037400,1090,1102,1086,1086,50216,54810748,-1.45,28478553756,-6867937.0,1340.0,20241205
153490,652,667,651,652,110364,72531548,-0.76,33564960000,754515.0,,20241205
101170,4570,4620,4470,4505,99184,450792675,0.33,60817500000,66195790.0,-3789870.0,20241205
066590,3010,3010,2960,3000,99833,298519075,0.5,117219312000,-111740070.0,5828000.0,20241205
103840,3120,3175,2985,3000,165542,500035165,-3.54,49099284000,-45455140.0,,20241205
046940,2290,2305,2220,2220,177506,399029955,-2.63,40125057000,33768210.0,-411430.0,20241205
215380,1679,1694,1612,1617,100804,164883102,-3.69,25677274392,-20416630.0,,20241205
065680,13000,13140,12420,13110,56951,744133680,0.85,124938300000,20815230.0,-6968790.0,20241205
018620,904,918,891,915,52633,47316765,1.55,26433703095,-5657946.0,,20241205
457550,15740,16000,15130,15420,265134,4136741860,-0.32,142964047380,149277280.0,-1533550.0,20241205
396470,7880,8170,7580,7790,932954,7375168040,-2.01,125574800000,-298333150.0,11561150.0,20241205
307280,1124,1127,1106,1112,79567,88667573,-1.07,41098422456,-399375.0,,20241205
032940,3210,3235,3085,3085,161924,509560810,-3.74,56126114550,-58953795.0,,20241205
240810,22000,22500,21750,21800,203934,4476943350,-1.58,1070029041800,847297650.0,-1437483500.0,20241205
074600,17950,18190,17820,18030,160000,2884215360,0.45,473972640000,420945430.0,-736703860.0,20241205
104830,17240,17640,16960,17580,51583,898479610,2.15,221648640000,113186770.0,-20198080.0,20241205
014190,1629,1630,1530,1553,678580,1067383164,-7.89,54976054018,21930128.0,31561717.0,20241205
217820,2345,2380,2280,2290,99217,228037755,-3.17,108670940110,-94676295.0,913750.0,20241205
030530,2555,2555,2380,2385,796385,1954057705,-5.54,184212584685,-47454305.0,-7402865.0,20241205
012620,7060,7280,7010,7070,4342,30689680,0.14,31108000000,1049760.0,-319220.0,20241205
382840,10020,10110,9620,9710,72745,717079870,-2.51,148287051510,-49986300.0,-43220.0,20241205
336570,4190,4190,4075,4095,410186,1687475930,-2.03,365849834805,-27437555.0,-36850555.0,20241205
376980,4555,4615,4410,4410,80124,360323520,-5.67,43019523540,-21267865.0,472510.0,20241205
008370,4615,4800,4560,4605,10715,50090390,-0.22,55260000000,-11320495.0,148725.0,20241205
008290,455,473,430,467,340217,151593192,-2.1,19003948093,-5147650.0,,20241205
101160,15320,16170,15320,15830,118276,1876350600,3.33,261369019190,91785560.0,431239760.0,20241205
336060,1184,1195,1152,1175,366948,432458345,-0.59,56582360000,93047379.0,,20241205
095270,3720,3785,3670,3720,6745,25049965,-0.8,55693072320,-2533975.0,,20241205
289930,9490,9570,8200,8200,789515,6996423840,-12.3,102127662600,-51224600.0,13243600.0,20241205
065950,2030,2045,1980,1980,143239,286376367,-2.46,55897977960,-127699960.0,,20241205
076080,1120,1132,1065,1120,26843,29853041,-1.06,25305454720,-13058183.0,,20241205
043590,579,730,578,647,4123521,2751779033,13.11,17557485014,-18446698.0,,20241205
196700,1100,1104,1087,1093,29212,32060020,-1.0,15700009392,-1178210.0,,20241205
069080,15750,15750,15430,15580,82508,1284013170,-2.07,544534772720,79641760.0,-41234840.0,20241205
053580,6670,6790,6670,6680,17181,115176810,-1.76,91090136640,-43124980.0,-25884640.0,20241205
071460,0,0,0,613,0,0,0.0,22047951835,,,20241205
377460,0,0,0,1691,0,0,0.0,26030247855,,,20241205
044340,4865,4960,4820,4825,18630,90654155,-2.62,86239275625,-3345690.0,837945.0,20241205
330350,6320,6320,6070,6080,29818,184086080,-3.8,80269005120,-35471430.0,74370.0,20241205
348350,9220,9580,8290,8550,311451,2744465370,-3.61,87069780000,-28314670.0,16620.0,20241205
112040,46050,46550,44600,46400,443224,20268823350,1.75,1575209611200,3103279850.0,-1661100150.0,20241205
101730,9380,9730,9120,9550,150110,1418676800,2.69,317970038600,-46860390.0,3904370.0,20241205
123420,7660,7900,7490,7700,91713,704768500,0.79,88317783400,-63446750.0,1197960.0,20241205
065370,4695,4940,4600,4750,30133,144277530,1.71,35073781500,-2241430.0,7446020.0,20241205
038620,597,602,595,599,100154,59870855,0.34,39861332535,-7519055.0,-3526.0,20241205
299900,1780,1800,1631,1631,1723694,2909767982,-6.96,278980729804,-305032485.0,-25342522.0,20241205
036090,769,845,750,777,30322302,24399239104,3.32,91990804668,-327656706.0,-69326.0,20241205
459100,10510,13750,10510,13000,11206437,141378974570,21.84,161408000000,493027330.0,-84450.0,20241205
136540,12470,12650,12460,12530,10661,133734950,0.08,170961349860,-31073680.0,20233050.0,20241205
097800,637,653,626,639,891924,571483796,0.31,74411696331,-14210474.0,,20241205
192390,3900,3945,3745,3795,203964,778452175,-2.69,41867309055,-5628895.0,-9762790.0,20241205
335870,1348,1391,1340,1349,34755,47110065,-0.07,22503238278,1244641.0,,20241205
900340,2145,2320,2120,2260,1792076,4008349470,7.11,108419947280,208749735.0,,20241205
036200,5670,5830,5570,5740,125957,721545270,2.87,176012640020,168921470.0,47177350.0,20241205
018000,729,771,709,709,1407977,1038929430,-4.19,119389618876,-91175485.0,-44367.0,20241205
203450,2610,2650,2500,2535,32905,83683990,-2.87,35690282745,-1689990.0,,20241205
011320,3670,3670,3465,3555,52168,185039575,-2.6,68685070725,-50619395.0,-5.0,20241205
086390,8420,8570,8270,8270,87327,733634240,-1.78,174779222020,45162970.0,-32183440.0,20241205
241690,3025,3025,2875,2875,118583,347145605,-3.36,70353279750,49819795.0,-357430.0,20241205
142210,4805,4850,4695,4700,114954,545795800,-1.98,90456632400,1399455.0,0.0,20241205
389680,1047,1060,972,973,1802414,1803941568,-6.71,38932453427,5125635.0,,20241205
088340,9650,11430,9500,11090,1674149,18352590810,14.92,48020454120,1830440.0,-136546150.0,20241205
048430,6540,6950,6470,6800,106206,718294950,1.19,78336000000,37622920.0,,20241205
206650,12350,12890,12240,12660,415276,5245556640,2.51,462524326620,243632040.0,257169240.0,20241205
089850,6600,6600,6390,6540,8681,56071310,-0.15,96335501460,-19839440.0,,20241205
084440,916,916,876,882,103626,92148606,-3.82,17386689600,-823549.0,,20241205
032620,3570,3590,3400,3400,535068,1857486580,-3.68,177470272600,-5771060.0,-6684885.0,20241205
264450,7920,8000,7640,7800,25761,200533790,-2.5,116363387400,-49731240.0,-22740.0,20241205
078070,9620,9630,9390,9570,6660,63299220,-0.52,173702199000,-982290.0,90.0,20241205
024800,1965,1965,1912,1937,9215,17734485,-1.42,71769359844,169078.0,,20241205
054930,23250,23250,22100,22450,20298,458339850,-1.75,67350000000,-63431450.0,50.0,20241205
069330,1254,1254,1233,1246,14721,18268354,-0.64,17682099386,-504638.0,,20241205
049520,4470,4560,4325,4390,35103,154980150,-1.68,95635869040,-56096030.0,0.0,20241205
435380,2070,2075,2070,2075,17306,35823640,0.24,11889750000,-140760.0,0.0,20241205
444920,1994,2005,1994,2005,3654,7291985,0.3,10506200000,-119703.0,-549562.0,20241205
446150,2030,2045,2030,2040,16137,32780395,-0.24,9730800000,-351540.0,18933350.0,20241205
449020,2015,2020,2015,2015,14144,28500830,0.25,19605950000,-340440.0,-5037500.0,20241205
450940,2015,2045,2010,2040,13342,27054170,0.49,9261600000,-305225.0,20325725.0,20241205
473050,1969,1978,1967,1978,5839,11500478,-0.25,13865780000,-625636.0,-8546948.0,20241205
474490,1989,1999,1973,1984,8034,15883542,-0.75,10931840000,-792.0,552313.0,20241205
430700,2085,2085,2075,2085,13874,28791435,0.48,10925400000,,0.0,20241205
263770,1890,1890,1862,1877,6122,11478686,-0.16,44485222844,-15150.0,,20241205
388720,27900,28950,27600,27950,56186,1578206550,0.18,320123480300,349295250.0,-36988500.0,20241205
340930,1293,1293,1125,1147,276555,325309251,-9.69,39232504150,-8192815.0,,20241205
023410,3405,3420,3360,3370,106574,359539275,-1.32,260537608310,-155300205.0,-1638760.0,20241205
056080,6170,6350,5880,5960,414912,2503486420,-3.4,223572425920,226710120.0,105500.0,20241205
468760,2040,2090,2040,2070,10570,21878110,0.73,8776800000,410035.0,20926775.0,20241205
488060,2005,2010,1999,2010,24262,48563294,0.0,9487200000,805045.0,31412750.0,20241205
442130,2145,2145,2125,2125,3925,8341050,0.0,7352500000,573750.0,0.0,20241205
084370,35000,38150,35000,37100,260707,9657118900,6.15,850185158200,1011679000.0,1870068050.0,20241205
240600,4795,4850,4650,4720,14803,70530130,-1.56,32700872720,-31790695.0,,20241205
221800,2870,2925,2680,2680,98882,273163500,-6.78,30249685280,-77532005.0,-15365.0,20241205
179900,22050,23000,21600,22700,58722,1309287500,1.57,369712516500,56930650.0,314027100.0,20241205
263050,1990,1990,1850,1893,114435,217679585,-0.99,69660238194,-33358792.0,,20241205
191410,1528,1534,1485,1485,22735,34326516,-2.81,16638318675,-5050183.0,,20241205
372170,39700,40200,38400,38400,29355,1141466250,-3.27,306395443200,-110003300.0,-61227150.0,20241205
146060,1124,1146,1113,1120,76386,85726728,-0.36,26897466400,-7005673.0,-9271718.0,20241205
072770,1580,1585,1511,1512,141939,217182182,-3.88,106200224928,-32117398.0,,20241205
039020,3705,3875,3705,3860,547085,2068200400,4.89,87176976740,140847275.0,-11735.0,20241205
067920,5050,5180,4995,5070,36872,186567155,-0.39,55750323330,-8032470.0,,20241205
044960,4640,4655,4550,4565,80267,369230810,-1.93,57710195895,-141069035.0,11945455.0,20241205
303530,6760,6850,6640,6640,20670,138801400,-3.07,48732945360,-18416830.0,40.0,20241205
296640,5780,5780,5670,5730,4045,23153790,-1.21,29671383960,128020.0,,20241205
302430,7860,8020,7700,7790,5789,45606390,-0.38,76600690320,-11305210.0,7880900.0,20241205
462350,18640,18650,17400,17970,106426,1912539850,-1.59,168481221180,105484310.0,-538709830.0,20241205
274400,4495,4495,4120,4200,22994,98074925,-2.67,32843269200,759010.0,,20241205
073490,19860,19950,19400,19690,49841,980027500,-0.15,149719727740,-143203980.0,8140670.0,20241205
215790,442,450,437,439,91746,40458032,-0.68,17684302411,-116114.0,,20241205
344860,1472,1492,1420,1443,55582,81062303,-1.97,17359290000,2207200.0,-378028.0,20241205
088390,8000,8020,7820,7880,8506,67249940,-2.11,73960450720,-9851380.0,-15820.0,20241205
272290,20550,20650,20100,20400,97962,1992943050,-0.73,412644223200,44189000.0,-87469400.0,20241205
053350,3690,3740,3620,3730,2753,10150765,1.36,73820116680,-666655.0,,20241205
452400,9440,9570,9050,9180,46007,425598960,-3.77,83275709040,3054950.0,,20241205
264850,4200,4250,4055,4170,277200,1158163110,0.0,126328532040,241694240.0,-33600.0,20241205
054210,4670,4675,4410,4410,160440,722021535,-5.36,111534236100,79147300.0,-33230.0,20241205
009730,1027,1045,1019,1029,456748,470482745,-0.48,57244537728,-93564420.0,,20241205
065440,1458,1477,1433,1465,257397,375624283,0.48,39957904300,-541131.0,14811065.0,20241205
115610,2225,2305,2185,2265,269886,608352770,2.95,36816521775,-50180045.0,,20241205
478110,1997,2010,1997,2005,144,287641,0.35,10065100000,-3994.0,0.0,20241205
131400,1978,2000,1925,1940,394172,774257936,-1.87,115604371080,-45054369.0,,20241205
351330,6750,6820,6500,6790,30322,200768490,-0.29,56279050800,-6748540.0,-54000.0,20241205
080010,5170,5170,4985,5080,48566,244084290,-1.74,49962160680,-135250.0,-2148055.0,20241205
086890,4620,4705,4440,4475,64383,289800710,-2.51,160662788025,-63279815.0,-4475.0,20241205
047560,22550,25150,20800,25150,7356409,172353450100,15.1,291840398800,-1900844050.0,870157550.0,20241205
900110,64,65,63,64,3644644,231090626,0.0,27643651200,701440.0,,20241205
239340,2340,2395,2230,2335,920420,2140665475,2.41,62997445390,-4317025.0,,20241205
067010,2830,2900,2820,2900,14522,41628825,2.47,35652600000,-2785710.0,28710085.0,20241205
418620,8420,9140,7950,7950,77970,639655100,-5.58,76721292150,-78964990.0,,20241205
456070,14980,16250,14850,15780,1430457,22410973140,6.41,168825123060,-200459140.0,-881350.0,20241205
102710,15740,16280,15500,16010,65559,1049102730,2.3,228748254360,210522120.0,-7494970.0,20241205
041520,4925,4955,4825,4915,5922,28854195,-0.81,59907607950,-1465675.0,,20241205
063760,2020,2025,1999,2010,8082,16203935,-0.25,18743511300,-579110.0,,20241205
123570,2385,2385,2305,2345,68588,160110295,-1.47,52237402910,-42701670.0,,20241205
083470,1181,1208,1178,1200,52960,63091859,-0.66,25608394800,-4528.0,,20241205
095190,1710,1722,1629,1665,208584,344948154,-2.06,75457420380,-34755625.0,-1190713.0,20241205
091120,23000,23300,22500,23000,91293,2088452600,-0.65,394057528000,-34791450.0,-59177600.0,20241205
039030,126000,145400,125400,141600,343603,47741338100,13.83,1744448280000,-5266384800.0,7838157800.0,20241205
294090,5380,5380,5380,5380,141478,762460340,-29.95,163743845420,-1076000.0,5380.0,20241205
088290,950,980,924,950,104237,99980930,0.0,29765085550,2189877.0,,20241205
353810,3845,3895,3810,3865,59429,228169280,-0.39,132150997800,-23997520.0,-17617745.0,20241205
099750,17830,17830,17310,17440,8455,147817210,-0.8,119198493440,214720.0,819960.0,20241205
377330,4710,4710,4510,4525,13543,61882115,-3.1,36833291850,-15076855.0,20.0,20241205
035810,2860,2880,2800,2815,126603,357860915,-1.57,183385553675,-81924220.0,318125.0,20241205
160600,0,0,0,3100,0,0,0.0,163573177100,,,20241205
092130,13090,13210,13040,13160,9997,131122810,0.77,158493776000,3674460.0,303830.0,20241205
096040,0,0,0,271,0,0,0.0,245561580945,,,20241205
134060,3985,4080,3965,4075,3991,16009130,1.88,19434693750,-357165.0,-1213710.0,20241205
001840,2795,2950,2760,2890,738146,2121945205,4.9,57238646400,10751625.0,-35.0,20241205
024810,0,0,0,899,0,0,0.0,196834827360,,,20241205
041830,22150,22150,21700,21800,13669,299598700,-0.91,298306447600,-75860800.0,37325900.0,20241205
352940,2150,2165,2110,2150,9799,20990190,0.0,23365619500,-680245.0,-8590.0,20241205
079950,688,708,680,683,38247,26274606,-1.01,15845600000,-280900.0,,20241205
389470,14050,14050,13360,13760,109705,1493625970,-1.15,138041338240,-269203780.0,6804870.0,20241205
277410,1252,1260,1213,1216,38243,47197382,-2.88,46641855424,-13089455.0,,20241205
060150,4855,4940,4730,4770,85735,411956600,-2.35,222108429240,-10233490.0,9494155.0,20241205
033230,1846,1866,1798,1798,307250,558398304,-2.28,90826653240,22656837.0,,20241205
450520,4065,4080,3740,3820,586474,2258082755,-4.26,56171487960,-18150550.0,4796465.0,20241205
465480,8980,9370,8400,9170,696999,6309781270,2.12,92963369240,237118680.0,,20241205
037330,1367,1400,1366,1392,30764,42231598,0.14,61088231808,-2384739.0,,20241205
100030,17060,17420,17000,17120,4643,79189040,-0.12,56217183680,13057430.0,49987370.0,20241205
211050,6330,6570,6290,6450,116166,748771460,1.42,331399710000,49088620.0,31220830.0,20241205
083640,281,291,281,283,154950,44095506,-1.05,21994859333,-3496786.0,,20241205
064090,3260,3390,3110,3290,128110,409267885,-0.6,163653631050,-4818040.0,,20241205
216050,7470,7510,7350,7500,17469,129248460,-0.13,96324165000,-27874460.0,-1595650.0,20241205
049070,16740,16960,16520,16670,71582,1195341760,-0.77,286724000000,419338830.0,13295110.0,20241205
119610,0,0,0,24900,0,0,0.0,329090302200,,,20241205
017250,973,1009,972,977,43860,43187038,-1.71,20561421259,-618298.0,3170912.0,20241205
051370,8260,8460,8220,8400,68255,570502750,1.2,195950764800,182431000.0,-326040.0,20241205
064290,9100,9470,9020,9320,32788,303813440,1.86,119892125840,-31453360.0,-13114100.0,20241205
189300,35600,36900,34700,36250,70663,2539907500,2.4,389083357500,-295281050.0,287256400.0,20241205
150840,0,0,0,5850,0,0,0.0,251537720850,,,20241205
048530,5350,5500,5250,5330,44834,239628970,-0.37,182023561460,9822130.0,-42840.0,20241205
115310,19890,19890,19500,19510,8228,161085060,-2.45,62293147330,34387130.0,-1264430.0,20241205
039290,6890,6930,6360,6370,151826,988773850,-8.21,55380639860,-60442930.0,-90.0,20241205
071200,4415,4445,4230,4285,65473,280971245,-2.39,104538822530,-10171610.0,4432180.0,20241205
101930,28000,28000,26600,26650,30898,835251450,-4.65,256259284450,-97524100.0,81532650.0,20241205
333430,3960,3990,3670,3705,928925,3521793175,-5.0,113842597635,384068685.0,,20241205
068330,1085,1095,1030,1044,81343,85574832,-2.7,46161650160,-15752382.0,0.0,20241205
178780,0,0,0,8650,0,0,0.0,124120536750,,,20241205
019540,3710,3760,3640,3745,22529,82870250,-0.53,50608057500,-12022450.0,-4672230.0,20241205
094820,8320,8400,8020,8050,145209,1191918110,-2.42,121383607450,32198520.0,16567830.0,20241205
950140,7390,7390,7080,7190,103766,746834550,-2.71,142849956540,-190974330.0,85602640.0,20241205
049550,3710,3710,3570,3595,20734,74649575,-1.51,70484565815,-652055.0,,20241205
389020,38500,45000,38500,40800,1777610,75624044700,5.29,252867384000,1046634400.0,10871750.0,20241205
254120,1332,1333,1280,1300,190724,247112926,-2.4,39980551000,-2624466.0,-1206789.0,20241205
043910,588,593,574,575,588292,341988141,-2.54,65200087775,-82136213.0,-1725.0,20241205
234920,5510,6100,5440,5610,1021814,5862855740,7.27,75908405100,-34474270.0,,20241205
289220,6400,6400,5950,5950,50297,305094100,-4.65,131624382750,-27200530.0,-11601850.0,20241205
174880,0,0,0,2650,0,0,0.0,11610352250,,,20241205
049630,625,636,620,620,254365,159527097,-2.36,51874474340,-50338223.0,11655738.0,20241205
417840,5910,5930,5700,5810,22603,131420900,-1.36,42117706750,24521510.0,-23384260.0,20241205
110020,2355,2590,2335,2460,39826,98852545,2.29,22284554520,-4030370.0,20935495.0,20241205
208140,2815,2840,2740,2745,957614,2659227155,-5.51,89718255270,-253363505.0,-37716360.0,20241205
040420,6570,6600,6490,6520,34375,224680820,-0.76,102217639040,-4726960.0,5135200.0,20241205
045510,759,898,711,722,412455,334970142,-5.99,23255108824,519117.0,,20241205
217190,6570,6740,6370,6600,33708,222532730,0.46,57876548400,22083550.0,-32830.0,20241205
095700,5710,5800,5560,5560,209112,1174344560,-2.97,253205146640,-257537300.0,7217020.0,20241205
072520,0,0,0,389,0,0,0.0,28849482466,,,20241205
122310,5660,5660,5490,5530,15236,84395290,-2.47,80482757320,-31280830.0,-113100.0,20241205
361390,14920,14950,14010,14100,129877,1853849930,-5.43,105761124900,324713860.0,990590.0,20241205
187420,4005,4300,3995,4195,332661,1396916860,5.8,101466205925,-46746130.0,-139093755.0,20241205
225220,2205,2225,2130,2180,39696,86078115,-2.02,41834245780,-40632885.0,,20241205
123330,16500,17750,16200,17150,279832,4730196100,6.85,136662862000,38539750.0,208931720.0,20241205
381620,25150,25800,24300,24850,28570,714082850,0.61,108660104000,8874100.0,,20241205
159580,4635,4810,4500,4585,236487,1098769875,-2.96,91849636060,-25861370.0,43770.0,20241205
147830,5100,5140,4945,5030,187862,947511600,-0.59,100600000000,171896880.0,,20241205
033100,40400,41800,39500,40400,289886,11818683900,2.02,648921323600,23685400.0,498077100.0,20241205
079370,10950,11620,10870,11300,316402,3568175220,4.44,350491987000,-72488140.0,280131200.0,20241205
054950,18140,18140,17800,17960,40625,729214680,-0.99,217134460320,-126624500.0,54487950.0,20241205
023440,2030,2075,1983,2015,319629,641974987,-0.74,119530648315,-162302650.0,,20241205
090470,4800,4870,4655,4655,34069,161641150,-3.02,81353545070,5264955.0,,20241205
137950,3855,3915,3840,3910,30106,117153725,0.26,87067152740,-22257815.0,15.0,20241205
033320,5210,5490,5020,5330,3671672,19321138660,2.5,101879922560,-473559310.0,-140.0,20241205
417500,2825,3025,2800,2940,124353,369735325,4.07,96387147360,26078580.0,96236950.0,20241205
204270,20400,20500,19390,20350,386011,7731390950,2.57,1177216283100,254914110.0,-42361390.0,20241205
026040,1828,1857,1800,1831,9800,17980155,0.16,30218439490,-1228997.0,,20241205
452160,4895,4925,4760,4770,12559,60618210,-2.45,45875603790,-7208400.0,,20241205
126880,3210,3210,3110,3160,38477,121185970,-1.56,73327493480,-26839675.0,-416965.0,20241205
322510,7380,7860,7360,7470,564247,4273320020,4.77,190700823240,63177040.0,-226354460.0,20241205
033050,850,850,829,829,28563,23901588,-2.47,27008274518,-567375.0,,20241205
094970,2755,2770,2660,2660,56680,152480395,-3.45,44550318400,-9637090.0,,20241205
418550,15350,15400,14410,14410,214003,3165078450,-6.12,461374667930,-400709170.0,-102814370.0,20241205
420570,9600,9600,9000,9000,18032,167842470,-4.26,51595263000,31314790.0,5200920.0,20241205
089790,3385,3405,3300,3310,25201,83813040,-2.22,34144348030,9874890.0,-6248530.0,20241205
052670,0,0,0,2080,0,0,0.0,60588453120,,,20241205
412540,7440,7460,7080,7080,72694,523925280,-4.84,145852708200,8138680.0,-16894340.0,20241205
199820,9030,9270,8850,8900,503049,4552984060,0.56,197758000000,226346800.0,61350.0,20241205
038010,6280,6280,6000,6050,74964,456098750,-4.57,54450000000,-20517100.0,-17472790.0,20241205
276730,3040,3155,3005,3055,65972,203422450,0.33,36313578275,-21544575.0,,20241205
080220,8800,8900,8620,8640,288833,2530605660,-1.37,297586077120,282073280.0,-40194960.0,20241205
216080,20100,20250,19780,20050,81944,1693762830,-0.25,358739792950,-245356560.0,-70599680.0,20241205
229000,1620,1634,1315,1317,537443,774324237,-19.4,20076354585,53799539.0,-1377427.0,20241205
082270,16780,17720,16350,17260,514126,8760037020,1.83,690299443240,732066620.0,-93047570.0,20241205
044060,0,0,0,732,0,0,0.0,70075958688,,,20241205
034940,932,958,925,925,23249,21682543,-0.75,28656339975,-835764.0,,20241205
067000,1630,1780,1629,1677,1256195,2148207236,4.23,117228078942,4715128.0,-16853.0,20241205
033340,621,621,597,597,401046,241242556,-4.94,57879483126,-573804.0,0.0,20241205
036930,28200,29550,28200,29400,586304,17115875650,5.38,1389688637400,2101832250.0,2444370850.0,20241205
072020,9870,9870,9630,9730,26013,253006470,-1.32,93979024510,-86589850.0,-7250.0,20241205
000440,16830,17020,16390,16800,36096,602365840,-1.29,104615784000,111426100.0,-80.0,20241205
051980,9240,9390,8700,8770,1041315,9315222600,-5.09,876657996310,-1222171770.0,9200000.0,20241205
228760,19020,19030,17670,18320,728285,13376689610,0.0,446317940560,-223195270.0,-1214030.0,20241205
314130,2770,2840,2705,2725,124965,342676195,-1.62,84432361925,15955375.0,,20241205
389030,1298,1372,1257,1360,161053,212322377,6.67,45358509200,21505232.0,576504.0,20241205
043610,2140,2160,2030,2030,244053,506553015,-5.14,117974339140,-97385815.0,-581925.0,20241205
263860,10010,10070,9750,9860,11050,109269650,-1.2,89524856000,-20833320.0,,20241205
303030,835,840,823,825,95797,79654515,-1.2,29490176100,4969292.0,-6301529.0,20241205
036180,0,0,0,577,0,0,0.0,53929030348,,,20241205
208350,2845,2870,2810,2825,3232,9178370,-0.7,24968900925,-344830.0,,20241205
144510,23850,24000,23050,23200,76998,1792662350,-2.52,366567980800,-8703450.0,-152896250.0,20241205
358570,11020,11720,10950,11330,287807,3266655580,2.81,501973372670,270377250.0,-361634810.0,20241205
382480,2005,2015,1976,1998,78583,156391778,-1.82,78635565720,-50095891.0,,20241205
382800,2640,2655,2540,2560,118275,306255545,-2.85,80975464960,-22722950.0,6313805.0,20241205
051160,8450,8540,8150,8360,23539,197060970,-1.65,129366234800,-50119040.0,22245350.0,20241205
053050,3330,3345,3195,3255,661346,2156470875,-2.25,97609628235,418706930.0,286130.0,20241205
119850,8750,8950,8530,8880,368826,3221684450,1.6,146066311920,462073110.0,67632660.0,20241205
065060,239,239,232,232,71963,16908866,-3.33,25057866208,1448319.0,,20241205
204840,1057,1057,981,992,823089,823324360,-7.98,76250284352,9329639.0,,20241205
270520,2025,2060,1655,1888,10073661,18887039011,-1.15,299797003968,-1197527120.0,-3540436.0,20241205
311320,6250,6290,6170,6170,13341,82822350,-1.28,77831835200,-10136630.0,-6210.0,20241205
388050,8430,8820,8170,8400,897454,7672818270,0.36,157159270800,929202810.0,1457200.0,20241205
018120,17190,17190,16650,16980,1256,21166670,-0.06,112426617600,161130.0,8308280.0,20241205
109820,2655,2655,2550,2570,80408,208104840,-3.2,52411654800,13553055.0,,20241205
086060,3290,3330,3125,3150,274144,870571900,-4.98,27123349050,-124950650.0,476395.0,20241205
036890,9080,9110,8820,8930,120911,1080446380,-0.78,200766653240,-12897970.0,-13708820.0,20241205
363250,9640,9850,9550,9660,22433,216948030,0.21,67682703060,-3131930.0,,20241205
007370,5800,5800,5590,5640,50564,285961240,-1.4,71352615720,-39067610.0,5251930.0,20241205
285800,2255,2550,2175,2210,173180,409065790,-2.0,38624766700,-13917025.0,,20241205
085660,14750,14890,14350,14460,187786,2734407480,-2.1,814306845780,155968660.0,-110269080.0,20241205
261780,3440,3445,3225,3225,143707,474779315,-6.11,86509812300,29259760.0,,20241205
351870,10200,12520,10200,12100,3875616,45700576710,17.36,134686176900,75570280.0,-24330720.0,20241205
094850,5520,5520,5200,5240,190431,1008999000,-5.07,73360000000,16338620.0,,20241205
004650,9170,9200,9090,9100,12728,116006500,-0.55,83637053500,-7252070.0,40.0,20241205
278280,42150,42500,40000,40100,25488,1040818350,-5.87,401000000000,-312563700.0,-127236050.0,20241205
362320,4900,5080,4770,5000,196804,979839355,1.94,102756450000,38781530.0,52581555.0,20241205
066360,838,842,825,841,29359,24468318,0.36,40327644615,-1759167.0,,20241205
047820,0,0,0,5400,0,0,0.0,132051222000,,,20241205
094360,12870,13300,12700,13030,85424,1112111920,1.01,271325305720,191673660.0,109575670.0,20241205
016920,1323,1779,1300,1481,11174058,17690364677,1.3,39236929778,-13692416.0,-60074.0,20241205
284620,2905,2940,2750,2780,92708,263971400,-4.47,78342604540,-77749540.0,,20241205
293490,19170,19200,17860,18190,501171,9183700810,-6.29,1504040677510,-983210350.0,224697900.0,20241205
140430,2315,2345,2210,2220,231696,521733715,-4.31,42406926180,43179645.0,,20241205
042000,33800,35650,33650,34650,966792,33605249050,3.9,840368321100,505947400.0,1307037700.0,20241205
313760,6210,6210,5590,5760,59664,345498000,-3.52,44213627520,-18853300.0,,20241205
317530,3830,3830,3730,3730,7639,28767635,-2.61,37447163420,-8639590.0,,20241205
071850,1800,1800,1754,1799,25440,45186376,-3.59,43645427462,-3598155.0,-4297335.0,20241205
050110,865,867,797,812,950348,781070045,-6.34,59945183816,-5020857.0,,20241205
452300,2770,2835,2675,2825,98529,272830085,1.25,39822273500,-8733790.0,38255.0,20241205
451760,10340,10350,9820,9820,124147,1236383880,-4.2,147216294320,14917810.0,-485414300.0,20241205
900310,585,591,569,582,97870,56591419,-1.36,37272254850,-7627661.0,,20241205
078340,50400,51100,48000,50300,262299,12981907850,-1.18,640709076500,-53745050.0,770392700.0,20241205
063080,42200,46200,42150,42500,1314366,58482045350,4.04,280295660000,1121647500.0,828683800.0,20241205
307930,4990,5270,4800,4850,167832,836587230,-2.22,75708500000,-178961700.0,1227040.0,20241205
079190,543,565,539,541,105200,57387755,-0.92,20750333074,-1346709.0,,20241205
263700,2390,2400,2305,2305,28150,65793765,-2.74,44749731000,-5539550.0,5.0,20241205
214370,24250,24500,23050,23750,114395,2690274650,-3.06,1275731250000,480126850.0,-764069950.0,20241205
221980,11910,11910,11630,11710,1270,14852720,0.0,47247508000,-714590.0,225910.0,20241205
038530,231,235,231,232,275831,64049820,0.43,26845728504,-2624216.0,,20241205
424140,2070,2075,2070,2075,10920,22652010,0.0,15998250000,-182160.0,8428650.0,20241205
192250,7530,7660,7410,7470,16237,121950180,-2.48,52791423750,9375480.0,,20241205
431190,4825,4890,4685,4820,60770,289347970,-0.1,36084650440,-55256005.0,-912615.0,20241205
115500,7620,7780,7180,7250,358173,2673352350,-4.73,87000000000,14854420.0,-20.0,20241205
089150,2490,2500,2360,2430,143109,348210080,-2.41,41674500000,-29336920.0,11090.0,20241205
025880,2800,2840,2765,2835,62572,174888710,0.71,47389457430,38282870.0,-4015100.0,20241205
093320,72100,72800,69000,69300,38398,2702110700,-4.02,338184000000,357251400.0,-122871000.0,20241205
093640,4100,4200,3980,4000,32387,131138885,-1.72,130337280000,-36441560.0,,20241205
073010,3940,4015,3905,3935,131693,521363975,-0.63,158152568750,-6241255.0,205485.0,20241205
105330,3305,3345,3200,3215,48775,158280080,-0.62,51632990020,7571085.0,,20241205
053080,12950,13040,12610,12900,67437,867430630,-0.31,167697510300,-39620140.0,0.0,20241205
199430,6390,6500,6100,6180,28048,175832980,-3.13,67162466340,-23301550.0,,20241205
432470,11860,11900,11410,11410,39780,459461770,-3.63,98976683960,-65496720.0,,20241205
272110,11820,12870,11820,12400,108593,1353362380,4.91,99266898000,208213600.0,-66573440.0,20241205
039420,2500,2510,2485,2495,27949,69742325,-0.2,60266051350,-2982135.0,0.0,20241205
083550,2910,2910,2805,2810,29278,83113555,-1.75,34771575060,-582680.0,,20241205
032500,7910,8190,7730,7770,71766,570510510,-3.36,309408260910,-40974690.0,-36876710.0,20241205
225430,671,688,667,669,18091,12179631,-1.76,18656436450,-630507.0,,20241205
102370,3980,3980,3620,3625,245895,918536435,-8.46,98705886250,-170807810.0,-50.0,20241205
068100,3130,3180,2940,2945,68078,206052040,-5.91,29272163230,3886210.0,,20241205
036030,3730,3730,3660,3690,36422,133996755,0.0,180881154270,-16511260.0,1023940.0,20241205
064820,5440,5440,5150,5210,74048,388839710,-3.34,160998002880,-107378990.0,-18249160.0,20241205
256940,4760,4800,4640,4725,51250,240268095,-0.74,88587409050,-89472350.0,-3526700.0,20241205
024880,3665,3670,3590,3590,35137,127241915,-1.64,74251244820,-28177170.0,0.0,20241205
042040,249,250,238,239,381837,92573195,-3.24,41696159163,-46602782.0,-360.0,20241205
054410,3250,3280,3210,3210,3081,9937425,-1.23,18381885240,-58610.0,,20241205
258610,1157,1158,1138,1151,6741,7763915,-0.52,30831990083,-2101560.0,,20241205
274090,10520,10630,10000,10020,293987,2984990960,-4.75,129390524520,181383030.0,271490.0,20241205
089010,14850,14990,14580,14600,80896,1196234890,-1.68,223881451600,51916110.0,3552620.0,20241205
220260,3385,3490,3315,3315,53379,178803390,-2.93,88040787705,-35054160.0,20115.0,20241205
052400,18600,22350,17170,18630,2499648,49767849360,-0.96,277586981370,-798695820.0,-258700100.0,20241205
402030,23250,23550,22100,22700,110682,2532519500,0.0,259980557600,-58752000.0,19456650.0,20241205
391710,1486,1492,1443,1466,90201,130650675,-1.35,61667416076,45038286.0,-47552.0,20241205
046070,0,0,0,10280,0,0,0.0,146172317160,,,20241205
047770,1386,1415,1350,1368,241126,331626407,-2.15,51768679536,-61430092.0,,20241205
080530,1182,1182,1134,1135,39069,44867013,-4.06,49145984645,-3100220.0,,20241205
104540,5060,5140,4800,5050,9141,45624060,-0.98,64567987000,-1848175.0,5050.0,20241205
027050,2290,2305,2205,2210,207500,464083320,-3.91,88400000000,-18876820.0,,20241205
190650,5600,5630,5460,5460,4972,27453090,-2.15,34878480000,-768120.0,,20241205
123410,5130,5140,4880,4885,185004,916194485,-4.22,136003597640,-314505560.0,-19540.0,20241205
036690,0,0,0,2885,0,0,0.0,45885746130,,,20241205
049430,9860,10000,9500,9610,93081,899522790,-2.63,86951280000,56411990.0,16604650.0,20241205
183300,35650,36000,35150,35300,100017,3563952450,-0.98,369262145200,-133251950.0,-36549100.0,20241205
041960,3945,3945,3885,3940,75427,295387045,-0.13,278251598020,-78967265.0,-62810.0,20241205
089890,6280,6340,6040,6180,63803,393928730,-0.32,102495065160,2673560.0,62105040.0,20241205
360350,7640,8170,7390,8080,81035,644802540,5.35,45829517600,-7991780.0,,20241205
082660,0,0,0,480,0,0,0.0,47827617120,,,20241205
222040,3265,3265,3085,3170,15739,49139400,0.32,65390760000,-17393865.0,-19485430.0,20241205
241710,53200,53200,49650,49750,132212,6656207250,-5.24,531330000000,14683400.0,-1932705900.0,20241205
355150,5590,5630,5190,5260,202058,1071821930,-9.31,41014061000,51972160.0,31597430.0,20241205
166480,10700,12760,10690,12360,387778,4673606480,13.5,406277847360,787178410.0,-84933910.0,20241205
045970,3685,3740,3530,3545,72194,259651760,-3.8,93286235420,-42374445.0,-110095.0,20241205
196450,815,835,780,799,30517,24409520,-1.96,36210346018,-2053389.0,,20241205
384470,7250,7480,7100,7170,67437,488891170,0.42,92005898880,-62172430.0,4696810.0,20241205
029960,9000,9010,9000,9000,65885,593020960,0.0,450000000000,5230720.0,16974860.0,20241205
102940,19160,20800,19160,20000,66955,1344952870,3.9,248467740000,-16456940.0,-89160.0,20241205
950160,19860,22250,19860,22200,1598154,34376928710,12.98,1764154302000,704432520.0,716025850.0,20241205
033290,2005,2005,1916,1916,139032,271021047,-4.2,107595472716,-105940994.0,6999127.0,20241205
056360,4370,4395,4330,4385,9768,42583900,-0.45,42958968000,-3700745.0,20.0,20241205
282880,13600,13600,12800,12940,72651,953808690,-3.07,144174982580,-108909540.0,-147640.0,20241205
121850,1237,1267,955,955,5445886,6095847116,-8.44,29236537125,-129451139.0,-1443153.0,20241205
448710,15410,15430,14850,15120,36065,544747950,-1.75,78330505680,-96982700.0,76732960.0,20241205
126730,9190,9370,8910,9000,25864,235480050,-2.07,76531140000,-62948530.0,24504710.0,20241205
015710,4585,4635,4410,4470,269724,1201944660,-2.4,78361335000,64462090.0,,20241205
052330,7530,7660,7490,7550,27065,204301270,-0.4,117587867600,7630540.0,-1251740.0,20241205
322780,889,889,845,848,106545,91258490,-1.62,32166855824,-22093466.0,,20241205
200130,11710,11890,11560,11600,125574,1463484840,-1.69,341220472800,-52141020.0,2690360.0,20241205
294570,15280,15500,14690,14790,30133,456620430,-0.67,151666791150,-76962040.0,8148280.0,20241205
317690,6850,7390,6180,6940,1247155,8647956650,3.43,114769632340,284002440.0,533740.0,20241205
078940,0,0,0,2855,0,0,0.0,151584163690,,,20241205
227100,0,0,0,987,0,0,0.0,23820437634,,,20241205
432720,6930,7330,6800,7150,125695,894693310,3.62,99553682800,92460700.0,1556890.0,20241205
365270,5630,5850,5540,5700,45715,258809350,1.24,79081617600,-7075870.0,505740.0,20241205
348080,625,645,602,602,309867,190909117,-3.68,34893644128,-16885249.0,-6183947.0,20241205
060280,6600,6700,6480,6620,120832,795764050,-0.45,272015733800,43417480.0,-50750020.0,20241205
372320,23000,23200,21400,21450,97719,2142661700,-6.54,302726509800,126749200.0,-208321650.0,20241205
051780,0,0,0,111,0,0,0.0,15142891950,,,20241205
115180,4530,4605,4350,4350,61598,273388430,-3.97,140473118850,1347855.0,0.0,20241205
445680,18190,20650,17880,19710,526510,10312047300,7.82,317266705980,1136158930.0,-416560450.0,20241205
182360,16200,16260,15170,15170,225241,3501113340,-5.95,221050519690,83683760.0,-93726080.0,20241205
405100,11000,11180,10810,11100,41811,460582340,1.65,136411241100,28159680.0,-11100.0,20241205
066310,5890,6020,5850,5860,26496,156889740,-1.01,54331699060,-3738060.0,119170570.0,20241205
016600,249,249,243,243,525495,128380689,-2.8,43314048216,760928.0,-634638.0,20241205
355390,15000,15420,14400,15150,73802,1103613910,0.93,67697911350,48158040.0,1040830.0,20241205
096240,15290,15290,15150,15270,19971,303852060,-0.13,170080008600,-52925740.0,-30448420.0,20241205
040350,545,560,521,556,126082,69153390,1.46,103752559588,-3478243.0,0.0,20241205
110790,6210,6240,6150,6200,1360,8439560,-0.48,145271952000,911960.0,100.0,20241205
900250,902,909,876,876,442977,392453549,-2.23,114440643504,-25730426.0,,20241205
045520,4595,4690,4555,4600,6521,30051525,0.0,29900000000,-540310.0,489235.0,20241205
036170,840,840,778,813,320929,256183049,-3.33,49890253938,-1296376.0,,20241205
214150,45850,46150,44500,44900,227181,10220340670,-2.81,2941204089100,1016683150.0,-1226133600.0,20241205
466100,7300,7320,6850,6850,962646,6795931030,-4.86,168202763800,-148109650.0,-19014280.0,20241205
352770,552,572,505,513,318206,168972019,-8.39,19948575969,-43246528.0,,20241205
237880,17490,17560,16830,17030,73487,1251675410,-2.29,307755141590,3614140.0,-342837730.0,20241205
139670,2405,2555,2375,2400,39935,97206665,-0.21,33885144000,-28855.0,,20241205
413600,2070,2120,2035,2090,19921,40869505,1.21,7168700000,583785.0,-1035000.0,20241205
433530,1999,1999,1945,1963,8496,16639355,-0.61,8058115000,-356406.0,978000.0,20241205
446840,0,0,0,2130,0,0,0.0,12524400000,,,20241205
054780,5020,5080,4900,4970,83751,416871665,-1.58,97152531210,-77252700.0,-758670.0,20241205
219130,12960,13720,12950,13350,30604,410588480,1.06,84295771500,94115420.0,4663000.0,20241205
336680,10180,10380,10010,10040,90734,921189270,0.0,196510701160,-20558610.0,-1706950.0,20241205
360070,27350,27850,26850,26850,23218,630520800,-1.83,216860549550,82737100.0,-15936800.0,20241205
065130,4250,4250,4090,4090,29533,122235420,-3.31,70307026380,13994425.0,,20241205
134580,1664,1699,1615,1640,27241,44640127,-1.62,36122257880,2101716.0,,20241205
023160,16350,16390,15750,15860,367276,5895919470,-1.31,420290000000,871339980.0,-219344030.0,20241205
323280,25500,26300,24400,25400,386125,9688236800,0.0,655846542000,273483450.0,9014450.0,20241205
053620,6150,6210,6110,6150,623,3826780,0.0,52890000000,-60.0,0.0,20241205
044490,9950,10210,9800,10040,67288,672651350,0.1,200874105240,168900430.0,-139060.0,20241205
124560,2870,2930,2850,2890,89217,257122695,0.7,111023927760,9823560.0,-466705.0,20241205
191420,12050,12070,11400,12070,28386,331547350,0.08,97873626380,70643140.0,,20241205
073640,0,0,0,654,0,0,0.0,62514162216,,,20241205
066700,3160,3175,3050,3175,126623,390880365,0.47,103106331125,-72352070.0,-16190840.0,20241205
095610,14000,14400,13900,14290,68881,977710420,2.07,282487949540,134517460.0,28749520.0,20241205
064520,1770,1770,1710,1713,24313,41814952,-1.61,38287369206,-1548927.0,,20241205
089030,35500,40750,35500,39550,2041174,80220726450,12.36,1477336659750,3746436900.0,9924435000.0,20241205
054450,11340,11440,10950,10950,61139,685499640,-3.35,165829351350,13994030.0,-12803950.0,20241205
200230,552,578,539,548,309900,171175287,-0.18,65897128780,-13206079.0,,20241205
393210,4820,4940,4635,4660,174981,829607555,-3.32,72763775040,100817205.0,-41089330.0,20241205
475960,12830,13400,12310,13400,313759,4057536350,6.43,170597999600,70204300.0,-161826640.0,20241205
215480,2385,2385,2310,2325,14142,33021290,-2.52,21855000000,-2373120.0,,20241205
051360,17500,17580,16670,16680,184815,3139932810,-5.28,269666527440,-281933380.0,94260420.0,20241205
045340,7100,8100,6590,7160,2740209,20262041240,12.76,61275566400,-134984350.0,65116600.0,20241205
108230,4690,4690,4470,4470,45455,205330765,-3.56,169963905150,9270995.0,-49170.0,20241205
079970,975,979,940,942,48760,46731122,-2.89,8751651000,-5616865.0,,20241205
199800,41500,41500,40150,40250,12894,523623900,-1.59,343640010000,26320950.0,-54055050.0,20241205
417790,9510,9640,9260,9390,19984,187705100,-1.16,103286713500,-93620090.0,4082530.0,20241205
290090,6960,8480,6960,7350,34126,265864060,6.21,54627169800,-5442560.0,7080.0,20241205
026150,5900,6000,5650,5800,108794,632072700,-3.33,101768719800,-107609830.0,1483360.0,20241205
464280,15110,15820,15000,15390,313013,4819476420,1.25,85106700000,583240610.0,,20241205
322180,5060,5150,4955,4970,59159,296932325,-1.78,103907685630,-74046390.0,,20241205
117730,7090,7490,6810,7380,159941,1159917170,5.28,131637502800,171418640.0,376290.0,20241205
033830,849,856,806,822,145872,119149688,-4.2,82200000000,,565980.0,20241205
057680,1240,1510,1153,1390,20296048,28356738703,19.11,99035416390,1376407651.0,1701115.0,20241205
204610,1472,1487,1400,1455,908904,1304687008,-1.02,93006102600,154369218.0,-109340173.0,20241205
064760,68400,69500,68200,69000,29781,2049100800,0.29,805575000000,390971500.0,-639384400.0,20241205
246710,5660,5700,5350,5400,43736,238981530,-4.26,116352871200,-61424620.0,,20241205
340570,62000,62300,60200,60400,42664,2598338700,-1.95,490931200000,-636953100.0,23706100.0,20241205
043220,415,418,400,409,443729,181417197,-1.45,58987682667,-10249842.0,-940631.0,20241205
277880,5040,5050,4910,4945,22012,109696460,-2.27,99695314240,-28701570.0,6585930.0,20241205
131290,35800,39150,35800,38550,128394,4882112400,8.74,426418087950,693213000.0,738671700.0,20241205
425420,14530,15470,14530,15000,34738,527416740,3.16,170715000000,88886540.0,153019520.0,20241205
131100,1449,1449,1403,1439,152806,217085406,-0.69,40361434628,-1494874.0,17350417.0,20241205
356860,12100,12240,11830,11920,49427,593845790,0.08,117204949600,13743070.0,-4939100.0,20241205
321550,3960,4130,3850,3980,100376,393915890,0.51,103581462140,33215650.0,-131655810.0,20241205
425040,7370,8050,7270,7810,201894,1572311620,5.97,166478444220,403813170.0,244388530.0,20241205
241790,4620,4760,4605,4670,19179,89691600,1.08,46712300780,7246385.0,,20241205
104480,1302,1315,1290,1293,153048,198356683,-0.69,117527796162,-8494714.0,21015.0,20241205
081150,3020,3055,2965,2970,666236,2005151280,-2.62,72077153940,126737425.0,,20241205
130740,1841,1841,1710,1739,85294,150425966,-5.59,19610144781,3316649.0,,20241205
084730,9080,9290,8920,8990,22216,200080280,-1.96,99873721760,-95317790.0,2035310.0,20241205
440110,16290,17070,16020,16370,134012,2200699560,1.87,807813598520,248960240.0,-27628890.0,20241205
033540,1500,1572,1381,1411,1012386,1505355284,-3.42,53266749893,-52532188.0,,20241205
388870,8140,8270,7940,7960,47924,385476020,-1.97,102930457520,-23919230.0,1557360.0,20241205
043200,517,537,513,521,48136,25086186,-0.38,21780048115,-3765692.0,,20241205
214450,215500,227500,213500,219500,150610,33286293500,1.15,2306857200000,-2232051500.0,2563385000.0,20241205
208340,0,0,0,2915,0,0,0.0,233786229820,,,20241205
177830,2875,2935,2820,2935,58508,167138830,2.09,41937490055,-19194335.0,13970465.0,20241205
037070,5170,5170,5000,5060,15217,76724330,-1.17,101200000000,-32296690.0,6360.0,20241205
150900,4800,4870,4715,4745,38773,185677780,-1.45,55447327390,-44395755.0,1851010.0,20241205
037030,2240,2240,2190,2200,32151,71192850,-1.79,48133742800,1032720.0,,20241205
047310,5680,5680,5320,5400,414997,2249147870,-4.59,197698077000,-483674280.0,-33430.0,20241205
368770,4030,4030,3625,3845,658963,2509586370,-2.66,126324495125,274512785.0,15994545.0,20241205
170790,8370,8490,8030,8400,11139,92534120,1.33,57593172000,-3476800.0,,20241205
049120,1044,1079,1010,1030,12282,12529976,-1.34,48053137960,-379302.0,,20241205
038950,3190,3190,3100,3150,7988,24884995,-1.25,32163909750,-1640135.0,3110.0,20241205
441270,4395,4830,4315,4395,463085,2128266720,0.11,162561824895,55729100.0,-298215770.0,20241205
106240,812,812,800,811,31898,25762966,-0.12,12913599227,-3215763.0,799.0,20241205
131760,740,813,738,744,243736,188276388,0.54,32313097752,-8986313.0,,20241205
065690,1159,1190,1129,1135,220309,255191551,-2.49,15945990685,-11288267.0,,20241205
140860,203000,208500,203000,207500,25062,5166654500,2.22,1449507227500,1779671500.0,88762000.0,20241205
091700,7010,7060,6800,7030,309774,2147156410,-0.42,414195044420,-239619360.0,-10242690.0,20241205
032800,605,607,590,592,172662,103099750,-2.47,27206578336,-13320732.0,,20241205
318010,4205,4275,4125,4125,10766,45037465,-1.9,32708519250,-345935.0,13956300.0,20241205
027710,1156,1156,1124,1124,219155,248208264,-2.52,125232258400,-119294064.0,-153264.0,20241205
225590,919,924,892,918,69444,63350715,-0.11,24452502534,-884345.0,-284496.0,20241205
054300,458,462,448,459,32945,15064207,0.88,30746525805,-155113.0,,20241205
068050,2025,2050,1991,2015,92462,185947536,-0.49,55803563140,-9214201.0,-458987.0,20241205
222110,5020,5270,4870,4900,54241,272538155,-2.0,62598832800,-36996275.0,53130.0,20241205
271830,1662,1665,1592,1595,98432,158881781,-4.03,47036872190,-37789880.0,,20241205
263750,38100,38350,36300,36400,518368,19074824000,-5.21,2338621922000,1858871950.0,-669834400.0,20241205
251970,38700,39450,37600,38200,65832,2531032700,0.0,473680000000,137858950.0,538031800.0,20241205
168360,6110,6300,5800,5870,478081,2880132540,-3.93,124962227080,-460137850.0,13382780.0,20241205
087010,99600,99600,92700,94000,622530,59710383300,-4.18,2189950900000,-7889966300.0,-2346372900.0,20241205
064800,1312,1326,1253,1275,818562,1047329700,-2.37,162954304950,90089154.0,9017271.0,20241205
119500,2705,2710,2620,2655,95420,252888105,-3.45,31454400960,-873260.0,21564295.0,20241205
389140,4930,5170,4750,4790,42202,205322550,-2.64,53230000650,-53740945.0,-411620.0,20241205
105760,6060,6090,5940,5980,31175,187331630,-0.83,56570710300,-21577340.0,,20241205
009520,13390,13480,12950,12950,117756,1545385370,-3.29,539273003850,78942950.0,-50577930.0,20241205
189690,2060,2110,2060,2065,38886,80952455,-0.72,56419865985,-9797685.0,,20241205
318020,2950,3000,2860,2935,22163,64573710,-0.51,37163768320,-7302285.0,,20241205
256630,1140,1149,1115,1137,27542,31007440,-1.04,65942670864,-7931791.0,,20241205
331380,2225,2235,2150,2195,96114,210252270,-1.35,49882367140,53039465.0,,20241205
472850,5270,5300,5080,5110,99047,509655990,-2.48,165277497630,-114128310.0,,20241205
039980,2940,3040,2830,2900,15074125,44411466545,0.17,209662007600,9365785.0,87323965.0,20241205
041910,5400,5450,5320,5330,28455,152906870,-2.02,71963565310,-17190130.0,905430.0,20241205
234100,1141,1165,1127,1127,78266,89388173,-1.91,61323691051,-22373671.0,,20241205
041020,6110,6240,5950,6120,2298927,14001399250,2.86,304320047760,-347035860.0,15506050.0,20241205
114630,504,508,502,505,66044,33277812,0.0,39267561740,-7165031.0,,20241205
290720,2960,3095,2895,2960,25180,74243480,0.0,39673051680,-23224175.0,,20241205
005670,5090,5110,4960,4975,14914,74684140,-2.26,49750000000,-11761525.0,544975.0,20241205
094940,6570,6600,6040,6040,204444,1272930780,-8.62,50502771440,-29135320.0,10.0,20241205
057880,0,0,0,8790,0,0,0.0,216061434720,,,20241205
007330,8760,8810,8670,8710,12331,107348970,-0.57,131371188000,-41959250.0,,20241205
093380,2430,2480,2390,2440,12049,29075855,0.0,24105523720,-535710.0,1158915.0,20241205
023900,9690,9750,9510,9510,12481,119421750,-1.86,119826000000,765290.0,-138890.0,20241205
371950,8300,8330,7870,8000,20734,165254650,0.13,168323904000,16545140.0,30.0,20241205
370090,26600,27050,24950,24950,568129,14404817200,-5.31,212494908500,-530555150.0,2470942550.0,20241205
445180,5650,5650,5320,5340,37343,203031300,-2.91,89547463920,-38824110.0,15652160.0,20241205
151910,0,0,0,640,0,0,0.0,121645902080,,,20241205
220100,17000,19900,16990,18610,3390105,63604462820,13.61,411321104550,912159060.0,759420880.0,20241205
035200,3180,3375,3090,3355,265356,866605545,7.02,32646129450,-38663930.0,-9107245.0,20241205
334970,5510,6170,5300,5810,449254,2567607770,5.83,449796470970,-199933390.0,-140388630.0,20241205
321260,2055,2080,2000,2000,123471,250194903,-2.68,56384168000,-32968075.0,95680265.0,20241205
053610,21150,23650,20750,23250,123046,2800769050,9.93,255750000000,327879900.0,498408950.0,20241205
303360,2710,2710,2580,2630,16866,44385515,-2.23,33867075450,176860.0,,20241205
377220,1928,1967,1910,1950,59491,115144770,-0.86,55204500000,-4747576.0,-6.0,20241205
335810,2810,2895,2705,2785,7851,21699460,-0.89,32346454910,-2840495.0,-2737015.0,20241205
053160,13730,14100,11820,12030,1466270,18822319120,-19.59,72180000000,-1110292980.0,-360.0,20241205
405000,1276,1320,1250,1271,36760,46862298,0.24,33143668724,851688.0,,20241205
041590,0,0,0,789,0,0,0.0,103917099150,,,20241205
367000,3950,3995,3850,3995,12925,50689645,-0.87,33510886965,-3374870.0,,20241205
075130,2140,2155,2060,2070,350767,736537140,-7.17,34408202400,-117640685.0,812235.0,20241205
237820,6430,6450,6070,6080,171728,1071517810,-4.4,77989011200,40974960.0,,20241205
023770,3760,3800,3670,3730,27132,101141185,-1.45,32700238600,43388995.0,,20241205
019570,294,296,282,290,226375,65544740,-2.03,18939912180,-8571576.0,,20241205
300080,17980,18990,17430,18870,110254,2019434980,5.6,103819286790,65571690.0,3195150.0,20241205
033790,5400,5410,5010,5080,96359,493010200,-6.27,115939824000,49721740.0,,20241205
032580,1272,1370,1262,1290,1091915,1433982723,2.71,42740362560,148707245.0,,20241205
051380,2450,2465,2385,2425,78569,189850690,-1.02,37199674600,6667310.0,34040165.0,20241205
241820,640,640,602,607,154173,94151266,-5.16,35917383969,-14245297.0,,20241205
237750,3910,3935,3705,3710,34327,129182580,-5.72,24102386000,-6605640.0,-698330.0,20241205
460940,8840,8960,8430,8600,69638,596141660,-3.48,55656964000,15271150.0,5268450.0,20241205
319660,16530,17530,16530,17330,223516,3848419680,4.4,501993153620,-71127920.0,727323220.0,20241205
031980,29450,32450,29200,31000,545431,17064702550,7.08,668434245000,936198500.0,2348092050.0,20241205
002230,3920,3980,3910,3910,15654,61539150,-1.14,75739331430,89145.0,2161290.0,20241205
043370,9880,9990,9810,9900,29808,295119570,0.2,207900000000,-36645750.0,100132540.0,20241205
239890,7430,7570,7120,7280,45781,335932220,-3.45,72332296400,-25688290.0,54004750.0,20241205
347740,2085,2110,2045,2050,40624,83888535,-1.68,61521680800,-24695065.0,,20241205
137400,42550,42900,41050,41100,200274,8359432300,-3.18,975840834600,352085150.0,64955300.0,20241205
257370,4250,4250,3950,4000,90232,363980320,-6.87,50019444000,-14610575.0,,20241205
147760,2855,2910,2780,2780,26904,75794120,-2.8,30079227480,16801770.0,,20241205
128660,2980,2995,2935,2945,96273,283918875,-1.51,73045921705,15576605.0,,20241205
006140,4345,4400,4275,4390,21203,92156500,1.04,65850000000,-2910495.0,,20241205
376180,2480,2490,2380,2380,102415,247834630,-4.03,44009479640,-3088675.0,,20241205
304840,3730,3745,3550,3600,185630,671864450,-3.23,75922070400,-23752485.0,,20241205
087600,5800,5970,5570,5700,13213,75439110,-1.72,46549380600,-3236870.0,,20241205
291810,1815,1870,1805,1844,11101,20183791,1.6,20943620928,236514.0,,20241205
378340,12730,12890,12460,12490,106053,1340368090,-1.73,265860666180,-33232610.0,-45681860.0,20241205
161580,15570,15770,15110,15410,172388,2669682510,0.59,352013403800,354057830.0,-24012590.0,20241205
347770,1811,1829,1759,1765,49834,88652510,-3.55,40342679130,1333768.0,22.0,20241205
163730,10750,10780,9650,9670,838882,8391197540,-11.69,90565429360,-737802300.0,-360570.0,20241205
417180,2355,2365,2275,2345,89570,208177460,-0.85,39434010105,-52076870.0,-8793640.0,20241205
446750,2060,2060,2040,2060,1047,2142130,0.24,12421800000,-2050.0,1438200.0,20241205
448370,2035,2035,2030,2035,18635,37921955,0.0,11436700000,793920.0,-8286520.0,20241205
454750,1995,2000,1995,1996,5421,10820120,0.05,14375192000,0.0,-10419120.0,20241205
454640,2040,2070,2040,2065,4606,9491055,0.24,11153065000,-82430.0,5978410.0,20241205
469880,1942,1999,1942,1982,6927,13651687,-0.55,14478510000,-136322.0,-7847852.0,20241205
469900,1997,2005,1997,2005,3207,6409353,0.25,11238025000,-237662.0,-4297616.0,20241205
475240,2050,2085,2050,2085,22978,47724570,0.72,6672000000,-415550.0,1690540.0,20241205
475250,2040,2085,2040,2070,16717,34372165,0.49,7659000000,1438650.0,30472040.0,20241205
484130,2000,2005,1999,2005,8082,16172064,0.25,9062600000,-5491119.0,13085929.0,20241205
406760,1604,1609,1500,1575,206100,324189198,-1.5,11670750000,-407567.0,32860810.0,20241205
418170,0,0,0,1898,0,0,0.0,11406980000,,,20241205
435620,10360,10370,10360,10370,10738,111247730,0.0,44611740000,798630.0,-80538540.0,20241205
299030,18830,19090,18300,18370,31063,578811390,-3.26,146866496700,-74439090.0,-24804160.0,20241205
067310,9080,9300,8940,9120,289029,2641636370,0.55,599593451520,249263900.0,-88605660.0,20241205
166090,22450,23350,22400,23050,64163,1473815700,2.67,455875385700,372931100.0,-48805400.0,20241205
136480,2840,2840,2800,2805,371544,1044345265,-0.88,297918214110,-233437335.0,-893260.0,20241205
003380,5790,5900,5730,5850,100426,584204490,0.17,655232882850,61770970.0,-113917930.0,20241205
450330,8000,8080,7780,7840,21270,167705260,-1.88,61434310560,-39961870.0,6531990.0,20241205
101670,2415,2415,2270,2405,955571,2225018715,-0.21,130278777850,359478335.0,138995.0,20241205
365590,690,715,677,678,60023,40870177,-0.73,97935275502,-23282737.0,,20241205
149980,6110,6250,6000,6170,110027,675845930,3.18,114727219710,30281450.0,309165830.0,20241205
013030,25100,25300,24700,24700,29114,726589300,-1.2,303697417400,62058450.0,-75330850.0,20241205
126700,16250,16320,15950,16100,173666,2793013950,-0.06,240568003200,-481517560.0,145151780.0,20241205
106080,3590,3730,3320,3395,285512,983471745,-5.03,53421903675,259172775.0,,20241205
450050,2040,2060,2035,2040,860,1755855,0.0,10228560000,41070.0,1173400.0,20241205
160190,9600,9840,9000,9340,398350,3754472720,-2.71,288493920000,82785300.0,14735160.0,20241205
221840,1501,1501,1416,1441,19952,29367557,-4.0,26947508401,-200814.0,,20241205
106190,14200,14200,13410,13610,32357,440317230,-1.09,144717484530,-22431210.0,,20241205
065650,1290,1290,1237,1258,227020,287245880,-2.48,134205613824,-74070584.0,,20241205
066130,5220,5230,4960,5060,191987,971228500,-5.07,64768000000,-181034465.0,-3779395.0,20241205
004590,4045,4045,3945,3945,21211,84427130,-1.62,59175000000,1725800.0,883810.0,20241205
039340,6000,6070,5940,6000,280787,1683940330,0.84,138000000000,74572820.0,1372798150.0,20241205
034950,89400,89400,87400,88500,2760,244345000,-0.78,401835489000,-37639200.0,6130800.0,20241205
222980,3570,3745,3545,3720,98992,381054060,3.05,41037116760,38326910.0,3570.0,20241205
256840,4055,4070,3920,3920,528416,2114732290,-2.73,266216776560,-91175020.0,-427650.0,20241205
219750,0,0,0,967,0,0,0.0,63267797795,,,20241205
025550,3120,3145,2810,2910,831564,2463971940,-9.77,67803000000,123621825.0,,20241205
017890,8290,8380,8230,8270,21772,180394280,-0.72,178679635200,-5448300.0,-442720.0,20241205
080720,0,0,0,2725,0,0,0.0,21562456300,,,20241205
063570,4730,4780,4655,4675,39059,184283585,-1.27,159640628400,-56726260.0,50212925.0,20241205
041460,2990,3020,2945,2945,39532,117376185,-2.0,55955000000,-48847010.0,101710.0,20241205
101680,2150,2185,2065,2070,36551,76576355,-3.72,17396280000,-14359475.0,,20241205
039740,2325,2380,2250,2250,15103,34381040,-3.23,18041393250,-634765.0,,20241205
053300,4150,4150,4010,4065,139612,571481470,-1.93,172524132465,-43009065.0,244866770.0,20241205
025770,7980,8070,7920,8050,11364,90392760,-0.12,301426381550,-2116060.0,35784690.0,20241205
458610,2120,2120,2065,2090,545,1132575,0.0,8840700000,-10515.0,0.0,20241205
464440,2050,2085,2050,2075,7768,16050665,1.22,8964000000,33110.0,15758895.0,20241205
477530,2030,2030,2000,2005,37704,75440375,-1.23,9644050000,-443355.0,-29063460.0,20241205
479880,2000,2010,1995,2000,27360,54616225,0.1,13740000000,127205.0,20403900.0,20241205
062970,1690,1704,1534,1624,314401,508187666,1.75,16026296216,-106656472.0,,20241205
023760,550,552,546,546,81458,44598408,-0.73,172322828496,-1008703.0,-117731.0,20241205
054040,5060,5130,4910,4980,90589,452279180,-1.58,80035024200,-116398610.0,58092575.0,20241205
021650,2130,2130,2070,2070,14867,30983680,-2.82,33845665410,-216675.0,,20241205
032300,15860,16100,15640,15650,35457,560145630,-1.32,170689870650,-38763080.0,3565310.0,20241205
037230,1781,1781,1705,1725,20545,35479589,-3.09,51405564075,-979.0,,20241205
030520,22900,23150,21750,22550,1887730,42539821250,1.35,545253227200,-1536526450.0,327951500.0,20241205
052600,4365,4370,4155,4250,253622,1075482710,-2.75,49145725000,-16414350.0,3171365.0,20241205
256150,6200,6200,6010,6070,6124,37246130,-1.46,50957650000,-1003330.0,6144860.0,20241205
092460,7430,7450,7150,7170,41861,304304100,-3.89,122676405600,-81802420.0,13706970.0,20241205
452190,3450,3450,3210,3265,195605,647069310,-3.55,75626401605,78722135.0,-1945740.0,20241205
047080,1270,1279,1240,1243,87191,108845520,-2.13,30854195966,15636008.0,-5725265.0,20241205
452280,7030,7200,6740,6780,397447,2758720130,0.0,115276950000,-199451970.0,10640.0,20241205
066980,1652,1680,1645,1660,107486,178579496,0.0,86212307500,-19504795.0,,20241205
114810,5580,6190,5470,5690,965053,5650791800,1.97,165653960060,-276156900.0,516010.0,20241205
070590,934,962,917,917,32286,30219624,-1.82,12727520757,-1480031.0,,20241205
226440,0,0,0,1530,0,0,0.0,100580954580,,,20241205
042520,7690,7790,7480,7630,30101,230076430,-0.91,103206180210,14572660.0,7630.0,20241205
430690,4360,4360,4060,4065,102025,422527845,-4.47,44289504255,15843515.0,398395.0,20241205
078350,8100,8370,8020,8080,101794,830636850,-0.25,123174606560,224751430.0,-1338420.0,20241205
045100,16050,16200,15900,15910,34264,547524250,-1.49,286380000000,-262639620.0,13049830.0,20241205
214870,0,0,0,6920,0,0,0.0,64765809320,,,20241205
320000,2745,2860,2745,2820,95734,269092390,2.73,78863068140,40970510.0,,20241205
091440,4550,4625,4400,4415,22763,101827545,-2.97,64488452465,-2035720.0,,20241205
024740,2520,2530,2340,2495,2248401,5477699460,-2.16,82078137255,685565035.0,-147290.0,20241205
005860,3750,3750,3600,3615,242566,883313175,-2.95,142444321275,-146787890.0,-7230.0,20241205
007770,10260,10710,9830,9920,19346,197572700,-2.55,34819200000,-2031660.0,,20241205
198940,771,784,764,764,44131,34126432,-0.91,29737155192,-1537274.0,,20241205
058450,1842,1852,1780,1828,11521,20911503,-0.92,27042739188,-6133527.0,,20241205
107640,20500,23850,20400,21000,925458,20683678950,2.44,190027866000,-1987975650.0,-391575500.0,20241205
079170,6660,6660,6450,6570,17635,115433970,-1.35,34164000000,-22734800.0,2492470.0,20241205
054920,2775,2860,2695,2795,300210,833184745,1.08,78866741395,25379265.0,2755.0,20241205
457370,11400,11800,11010,11600,612946,7060153720,0.43,93114754400,7930390.0,-872570.0,20241205
002680,700,733,700,722,50271,35778880,1.83,23332728878,-3597921.0,,20241205
430460,0,0,0,1542,0,0,0.0,9128640000,,,20241205
455310,2000,2025,2000,2005,5280,10586285,-0.5,10145300000,-64405.0,-3605710.0,20241205
034810,5810,5810,5720,5730,8469,48775610,-1.21,186550790610,-15658060.0,,20241205
03481K,7040,7070,6930,6930,515,3598040,-1.7,9625229460,-14080.0,,20241205
059270,5020,5560,4875,5500,339850,1813696100,11.45,61274394500,459934360.0,2860780.0,20241205
076610,953,977,892,892,121664,111368073,-5.11,22704252616,-1688230.0,1192434.0,20241205
220180,3040,3040,2905,3030,37012,109408110,-0.33,58806240000,-627955.0,,20241205
900270,325,328,300,301,7883966,2463752618,-7.1,45836983136,50052772.0,,20241205
214180,12640,12720,12370,12470,19440,242563670,-1.97,165317096950,-30419550.0,3695300.0,20241205
234340,14290,14340,13900,14080,20638,289793050,-1.12,133098240000,-9872550.0,1271780.0,20241205
084990,2955,2995,2875,2915,70444,206970965,-1.35,134360503255,2142540.0,2702765.0,20241205
187660,1510,1515,1470,1470,91736,136268555,-2.65,32099287500,-22341362.0,7247567.0,20241205
170030,4950,4995,4880,4880,24877,122391415,-1.41,74859200000,-63880230.0,5.0,20241205
319400,2775,2850,2720,2735,274979,759449300,-1.44,322021793630,-68102235.0,86920.0,20241205
048410,13250,13290,12750,12960,306590,3965606840,-2.34,516088039680,353911190.0,-88142040.0,20241205
052260,4235,4240,4140,4195,68935,288442965,-0.94,125850000000,-114338675.0,15583225.0,20241205
016790,0,0,0,994,0,0,0.0,187340898626,,,20241205
041440,8300,8370,7890,7990,944544,7640516870,-3.73,143148392560,165823380.0,8040.0,20241205
039010,5950,5950,5730,5910,28932,168244510,-0.34,50973750000,-11532940.0,26611120.0,20241205
090850,5290,5350,5160,5320,99309,524243520,0.0,126330640520,28238440.0,-1764840.0,20241205
460930,12900,13040,12360,12670,271911,3434236750,-2.54,448420073570,800487500.0,-498610.0,20241205
092300,2390,2395,2355,2370,28683,68056530,-0.42,44254573920,-1736680.0,,20241205
138360,746,762,732,744,45276,33630093,-0.13,35971096512,423082.0,,20241205
011080,629,773,609,649,8035136,5591810646,-1.82,16551683236,-54945457.0,,20241205
060560,0,0,0,770,0,0,0.0,98305534250,,,20241205
064240,2500,2515,2445,2480,54033,133483295,-0.8,86894269760,888540.0,278020.0,20241205
039610,7950,8780,7800,7900,5592938,46439178450,5.33,82242160000,-188485260.0,-17099480.0,20241205
126640,1165,1170,1151,1160,23595,27352612,-0.09,42193708920,75783.0,,20241205
127980,6200,6310,6000,6310,6757,41597350,2.77,74714716040,-2841740.0,,20241205
061250,1144,1148,1113,1115,382197,428585462,-2.45,92405238095,-37821914.0,,20241205
097870,5670,5810,5610,5650,42007,236950060,-0.7,47968500000,4937970.0,20.0,20241205
290270,3400,3440,3275,3320,17363,58477305,-2.5,31897471040,3925260.0,10157940.0,20241205
353190,704,704,680,698,37904,26037900,-0.85,27486137160,-2482389.0,,20241205
192410,2020,2115,1969,2015,68439,139022757,1.05,28684592950,26940303.0,,20241205
090710,1432,1459,1370,1433,1914444,2726452715,0.07,157089995445,162251657.0,,20241205
078590,540,546,533,534,244090,131240823,-1.11,28948321026,-7464096.0,,20241205
205470,1890,1910,1808,1827,3139828,5818287519,-2.51,236368141443,124554781.0,376735.0,20241205
115160,1067,1150,1025,1053,353705,379163385,-1.31,46300540572,-12415047.0,,20241205
028080,2065,2065,1870,1897,185534,353725872,-5.15,23859528882,56532492.0,,20241205
175140,5390,5390,5100,5210,50655,261108700,-0.76,112094671320,6054450.0,-15301010.0,20241205
200670,32800,34000,32700,32850,158889,5331960100,0.15,368903200500,149403650.0,463235850.0,20241205
065510,7380,7460,7160,7250,43223,313015980,-2.16,88155439750,19692780.0,14530.0,20241205
215090,0,0,0,1505,0,0,0.0,149972154360,,,20241205
263920,955,965,953,955,23102,22096201,0.21,46838102970,-262443.0,,20241205
243070,24150,24200,23850,23850,15180,364370600,-1.24,285715010250,-132792700.0,-1695100.0,20241205
084110,34200,35600,33950,34400,104415,3622519550,1.47,434179324800,-619810150.0,-660906050.0,20241205
145020,260000,279000,254000,270000,205375,55582260500,3.05,3403088910000,-1959593000.0,2498610500.0,20241205
024060,13400,13640,12980,13520,261215,3492208710,0.9,202800000000,989447520.0,13520.0,20241205
010240,4975,5020,4810,4970,28315,138136650,-1.39,61243799120,4133650.0,-1154170.0,20241205
189980,1633,1634,1604,1604,24897,40179401,-1.53,64381074508,-12143113.0,,20241205
037440,5120,5170,4870,4925,306638,1524065490,-3.81,68568189375,278883975.0,-1077305.0,20241205
238490,3545,3575,3505,3505,15563,54947710,-1.68,39649387180,-9238560.0,,20241205
