code,open,high,low,close,volume,거래대금,등락률,시가총액,foreign_net,inst_net,date
060310,3060,3180,2970,3030,3134464,9595732890,-2.57,147066025260,461307105.0,4029545.0,20240201
054620,7820,7830,7490,7650,95676,728490360,-2.17,156015790650,190730620.0,635050.0,20240201
265520,21450,21550,21050,21250,70790,1502646400,-0.47,324730196250,-216371700.0,36084800.0,20240201
211270,14220,14560,14070,14270,203494,2899023200,-0.9,215224478080,-298906830.0,-160613780.0,20240201
139050,7300,7500,7190,7240,72819,531939210,-0.82,60164436200,-121898120.0,,20240201
126600,4685,4905,4630,4785,235554,1129905370,1.38,258549220875,132416685.0,9570.0,20240201
013720,1609,1650,1400,1616,950126,1451874736,-2.18,69220047808,267567164.0,,20240201
083790,2730,2730,2610,2720,131787,352630690,-0.37,209152175040,-71871370.0,-177560.0,20240201
035760,71400,74000,70100,73900,109245,7933701400,3.36,1620564480600,-433776600.0,2093237300.0,20240201
311690,14430,14620,14120,14620,15050,215334490,0.62,133224779240,4561340.0,-14700.0,20240201
051500,24350,25900,24200,25900,77290,1964406650,5.71,307474077400,251552900.0,132240950.0,20240201
058820,2215,2230,2180,2210,257498,566619390,-0.23,306951859240,-74777620.0,13210.0,20240201
023460,1791,1828,1782,1790,5576,10024944,-0.06,66588000000,116391.0,,20240201
056730,1257,1274,1245,1270,15043,18933972,-0.39,94121206220,-1277004.0,,20240201
065770,1216,1223,1206,1215,106585,129233658,0.0,23584522950,4991465.0,,20240201
083660,1200,1283,1182,1190,26448,31879795,-0.42,72884145390,-1611163.0,,20240201
456440,2330,2345,2200,2255,87379,196344505,-1.74,11985325000,9421230.0,-57744635.0,20240201
060900,1449,1450,1400,1408,122524,172340094,-2.96,35563586432,14920683.0,-47787.0,20240201
025440,2040,2065,2000,2050,26029,52726790,0.49,63101509200,1647130.0,,20240201
068790,6250,6340,6200,6300,58691,367264550,0.64,154810284300,-75843100.0,-2844950.0,20240201
241520,3235,3335,3215,3290,321192,1047360000,1.7,91499515870,115480715.0,-9248535.0,20240201
180400,5090,5190,4980,5060,79349,402200825,-0.59,152910325920,37650495.0,-10120.0,20240201
245620,500,517,465,467,5590236,2704535766,-12.38,55125181558,-1977708.0,995926.0,20240201
037370,10120,10350,10000,10350,32229,328705510,1.97,89268460200,50353660.0,20.0,20240201
050120,2770,2805,2730,2730,16909,46523785,-2.67,37029954780,864460.0,,20240201
214270,2830,3400,2820,3245,33399277,107863356455,12.67,107897752435,76212930.0,13574275.0,20240201
130500,2640,2765,2575,2620,33349,87264220,0.38,38108036240,-3972065.0,5.0,20240201
900290,3690,3760,3615,3700,225229,833069145,0.54,249287500000,10736385.0,-1230265.0,20240201
083450,34450,35400,28050,29000,2721771,84337697350,-12.78,270214605000,-71284250.0,-3113476850.0,20240201
297890,4300,4525,4235,4345,4190654,18379298555,1.05,317681711710,-2031197050.0,,20240201
440290,3910,4170,3700,3925,2442224,9575148445,-2.0,105453014250,-17597835.0,-4225590.0,20240201
078150,2090,2150,2090,2125,840734,1780216945,0.71,197021321500,-209874390.0,0.0,20240201
195940,41950,42300,40900,41200,171963,7100295750,-1.67,1167191509200,1189617650.0,-1275647350.0,20240201
028300,66000,67500,63000,64900,3494768,227378050200,-4.28,8471426983800,-3042304700.0,9413109000.0,20240201
278650,3505,3585,3405,3410,2212739,7684216375,-4.35,270922211890,224530290.0,6820.0,20240201
067630,14910,16000,14750,15580,4572281,70705612940,-1.39,1587751240820,6355147630.0,2081437380.0,20240201
024850,3260,3305,3135,3150,792648,2547650835,-6.11,209497777650,-45277910.0,-1323510.0,20240201
047920,17600,18700,17330,17700,1453462,26273019550,-3.33,546357900600,1608121380.0,-753870050.0,20240201
115450,6390,7030,6390,6800,1541901,10524676370,3.82,503418042000,235643390.0,-6974060.0,20240201
046210,4310,4440,4205,4210,717071,3069130335,-4.43,172629058670,566820575.0,2330530.0,20240201
403870,44950,46250,44300,44900,1122368,50659164150,-0.11,3723418438600,-867453750.0,770409800.0,20240201
036640,5240,5290,5210,5270,55282,289676440,0.38,86189796000,44379800.0,0.0,20240201
426550,0,0,0,6300,0,0,0.0,32004000000,,,20240201
439730,2515,2515,2400,2455,11464,28046455,-2.39,10581050000,-3310.0,-3349295.0,20240201
442770,2380,2390,2360,2380,10921,25968105,0.0,10019800000,-133680.0,-3200740.0,20240201
448760,2350,2350,2315,2345,7076,16463935,-0.21,10388350000,-268095.0,2749640.0,20240201
467930,2190,2200,2150,2185,36004,78199790,-0.23,9242550000,-25860.0,8656990.0,20240201
469480,4865,4985,2100,2125,39845782,136872140915,6.25,8988750000,-7048650.0,-12228406735.0,20240201
095340,76000,77400,70600,71600,402315,29225697300,-7.01,1517709352800,946877000.0,-11308559800.0,20240201
099520,0,0,0,1284,0,0,0.0,58141862016,,,20240201
950170,4095,4095,3925,3940,87318,347750040,-3.43,198137174620,17729880.0,,20240201
067290,2070,2080,2005,2055,154589,316087615,-0.48,104479286610,-4833670.0,2055.0,20240201
035900,75300,76300,74500,76000,340614,25652884200,0.93,2699329392000,-1273127400.0,114021600.0,20240201
318000,7860,7920,7760,7850,50079,392139430,0.0,68610750550,23874550.0,0.0,20240201
024840,1350,1399,1350,1396,138266,191333538,3.41,47397736068,39951595.0,,20240201
024120,4245,4350,4230,4290,12207,52223020,0.35,49335000000,7203750.0,,20240201
455250,2155,2160,2145,2160,4150,8928585,0.23,9298800000,6465.0,-2523595.0,20240201
458320,2055,2075,2055,2075,21884,45301045,0.48,11422875000,32925.0,11135850.0,20240201
464680,1917,1917,1900,1905,69965,133281701,-0.31,24584025000,3360677.0,2957124.0,20240201
021320,4850,4950,4785,4915,19934,97116815,1.76,105181000000,22591445.0,,20240201
036670,7210,7280,7160,7210,4288,30863980,0.0,81256700000,-898260.0,0.0,20240201
044180,647,653,630,643,97676,63014296,-0.62,17179544757,-1867321.0,,20240201
151860,10610,11620,10600,11210,1258687,14247600280,4.67,403560000000,901917210.0,-32189560.0,20240201
046440,5160,5300,5140,5270,114349,593952670,1.93,204610743360,133254370.0,-131770.0,20240201
035600,12260,12590,12250,12340,221738,2747991240,0.73,344340715560,361669900.0,-274949420.0,20240201
226360,0,0,0,319,0,0,0.0,59619054891,,,20240201
111870,0,0,0,2970,0,0,0.0,38800038420,,,20240201
060720,12800,13040,12640,12800,229609,2935922900,-0.23,303071257600,-100249930.0,-273474350.0,20240201
058400,990,995,980,985,413895,407972761,0.0,130443274200,,-1198143.0,20240201
122450,4975,4985,4845,4900,18938,92719055,0.82,222146223600,-4450720.0,2708440.0,20240201
052900,1306,1361,1294,1324,537780,711900251,-0.82,72962352508,-159240355.0,-6552188.0,20240201
376190,7280,7500,7160,7460,323922,2377357510,0.95,183516000000,-4178800.0,8823560.0,20240201
061970,7710,7840,7430,7540,1234463,9335694580,-2.96,330135823680,833805440.0,-43627580.0,20240201
309960,4790,4795,4600,4695,131921,615381675,-1.16,109004937105,-126220525.0,-85385.0,20240201
060370,10200,10450,10150,10170,122415,1256693490,-0.29,263791819440,-112379690.0,3474860.0,20240201
417200,30800,32850,29650,32700,2524770,79888896000,4.81,2212241949300,4060514700.0,45302300.0,20240201
086960,1665,1728,1634,1695,1403038,2360651151,0.77,148445618520,-20377809.0,-5910495.0,20240201
038340,0,0,0,1283,0,0,0.0,33979354334,,,20240201
160550,4145,4170,4060,4075,84565,346069965,-2.4,113717381950,16928640.0,-17474560.0,20240201
053290,5250,5480,5250,5360,309748,1663216540,0.56,88581005520,49167200.0,5420.0,20240201
060250,12040,12200,11200,11290,1954881,22588507350,-7.84,453413298190,-506795510.0,-858561010.0,20240201
104200,4470,4545,4405,4455,92323,410781880,-1.44,66056735250,61628015.0,15.0,20240201
222160,7170,7340,6530,6960,145231,994368860,-3.73,57387747360,88708620.0,57340.0,20240201
024940,7110,7330,7100,7270,45258,325957030,2.25,72700000000,10445960.0,,20240201
218410,17630,17910,17070,17580,250053,4347784710,-0.06,465596490360,1275865580.0,-868248150.0,20240201
327260,9910,10740,9720,9790,270091,2724624010,-1.31,82561331490,-239541140.0,,20240201
091340,2820,2865,2795,2805,24805,69889560,-1.06,32828937405,3317815.0,,20240201
419530,16550,16830,15210,16360,115301,1879996960,-2.5,140547614800,103000610.0,-233908950.0,20240201
019550,849,852,833,840,384838,323476884,-1.06,136135923000,19995892.0,176400.0,20240201
950110,4180,4240,4145,4150,4065,16972690,-1.19,99818041000,49905.0,,20240201
151910,291,292,272,272,775767,218462265,-6.53,51236923424,7312320.0,288.0,20240201
036120,3760,3900,3630,3695,1773664,6696921170,-1.99,131172500000,372550410.0,,20240201
099220,1168,1187,1160,1167,207583,242069664,-0.68,65552503437,43610006.0,,20240201
036540,6430,6510,6120,6220,4371171,27528530100,-2.35,1022943084660,916118110.0,-881612230.0,20240201
255220,1496,1496,1400,1406,481232,691006282,-6.02,70448947422,32854783.0,-329532510.0,20240201
040610,1703,1733,1690,1707,306793,526040483,0.23,58186843572,11726007.0,53724.0,20240201
049470,549,559,545,555,59117,32596187,-0.72,32668548195,-715626.0,1242605.0,20240201
184230,730,738,727,733,39865,29135262,-1.08,39719235192,-2531870.0,1958.0,20240201
016250,18470,19100,18460,18790,4263,80126160,0.32,60946962150,19330320.0,,20240201
048550,1786,1790,1767,1771,193109,342051889,0.06,171267424020,-31780421.0,3172785.0,20240201
063440,1850,1865,1811,1850,120566,222056994,0.0,85153934900,-4420403.0,,20240201
289080,2110,2160,2090,2125,390081,822680040,0.24,113122250000,-115292895.0,-105130605.0,20240201
089230,0,0,0,215,0,0,0.0,39916927090,,,20240201
161570,0,0,0,366,0,0,0.0,7721265564,,,20240201
032540,5600,5680,5540,5670,10286,57540980,1.25,78992223030,-6505640.0,2165280.0,20240201
022220,1166,1167,1148,1167,28067,32529659,0.09,60444273693,-3038442.0,-65928.0,20240201
048770,4055,4165,3885,4010,653434,2625056280,-1.72,62948943910,126301590.0,5368820.0,20240201
246690,1276,1290,1259,1268,71182,90436316,-0.63,52593929016,4032695.0,0.0,20240201
317240,350,399,348,372,3401252,1264396636,7.2,35936176500,46647119.0,,20240201
057030,4680,4680,4500,4580,154999,711810600,-2.76,74712152260,169090765.0,,20240201
040300,5510,5700,5450,5500,251544,1388041980,-2.31,231000000000,-27937980.0,,20240201
051390,3705,3705,3640,3700,42960,157785395,-0.67,42014861600,-3018645.0,18395605.0,20240201
052220,3105,3240,3100,3225,520947,1677430115,4.03,74175000000,216916435.0,,20240201
079940,17030,17760,16780,17250,63871,1100107740,-0.12,233490549000,178128860.0,174020810.0,20240201
078890,5340,5510,5200,5330,371933,1983748160,-0.19,90458889170,91853110.0,-139200.0,20240201
399720,59900,60900,56600,57800,656741,38212960300,-4.78,664024896000,2182143600.0,-543875700.0,20240201
036620,2660,2730,2580,2730,1252227,3297974530,2.63,247579812480,170010730.0,-862342040.0,20240201
217730,2010,2010,1890,1966,154397,298664555,-0.46,109973960550,-6348869.0,1966.0,20240201
114190,12910,13140,12750,13140,113372,1470581600,0.84,343256719320,256218150.0,268125300.0,20240201
094480,9310,9320,8710,8840,849165,7633752200,-6.06,346791767920,-577481130.0,-488249390.0,20240201
039240,3025,3055,3025,3040,30284,92043975,0.0,82017996160,-6650435.0,3030.0,20240201
053950,1255,1286,1255,1278,378544,481818696,-0.31,45488367756,22864094.0,,20240201
011040,6310,6370,6280,6340,30904,195690980,0.96,195073976440,48762860.0,4464410.0,20240201
024910,2290,2370,2265,2350,79897,184983895,3.3,84174661750,66839300.0,,20240201
198440,1733,1763,1725,1756,67040,117154702,-0.11,56156809760,-506704.0,,20240201
049720,10880,10880,10250,10310,204812,2138958480,-3.64,147433000000,118308780.0,8372700.0,20240201
014570,6750,6870,6640,6820,25286,169696570,1.04,75020000000,-9334110.0,1010070.0,20240201
348150,9310,9480,9130,9400,93559,869399960,-0.11,177398755200,120021400.0,,20240201
950190,12960,13040,11990,12190,169942,2089951400,-6.23,165538883480,154390690.0,-371425520.0,20240201
098460,17450,18000,16590,17110,2668283,45852498950,-1.95,1174682858050,2318045680.0,-1840366960.0,20240201
035290,502,523,495,514,158156,80508434,2.39,23875589896,2662452.0,,20240201
900280,116,152,114,152,131754112,18978437311,29.91,31221451776,-283127558.0,10400620.0,20240201
215000,79500,81000,79000,80800,28765,2297186700,0.75,507053532000,389287700.0,-540380600.0,20240201
121440,3725,4450,3705,4030,5107300,21480418090,8.19,172632376540,27053315.0,-330587990.0,20240201
366030,6160,6680,6090,6360,2113775,13616138730,1.11,143852706000,-107963710.0,,20240201
014200,0,0,0,1006,0,0,0.0,91250936176,,,20240201
029480,2260,2265,2110,2210,612358,1335983035,-0.67,105832239110,174876020.0,,20240201
026910,3595,3625,3585,3600,8445,30373125,-0.69,23059458000,204360.0,,20240201
397880,3745,3750,3165,3220,462868,1576905150,-17.65,14296800000,-32586950.0,-63599915.0,20240201
421800,2255,2255,2245,2255,4227,9528060,0.0,13484900000,-24740.0,-4875905.0,20240201
440790,2225,2230,2205,2205,2376,5266945,-1.34,8930250000,0.0,-120395.0,20240201
456490,2180,2200,2180,2200,11874,26062595,0.0,9240000000,-54600.0,7331370.0,20240201
465320,2135,2140,2125,2140,8491,18097690,-0.47,8153400000,-10685.0,7761720.0,20240201
053270,2820,2915,2780,2855,303712,868003430,0.88,78256706275,156520835.0,-25726930.0,20240201
066620,14700,15270,14690,15250,32479,487162050,2.83,114375000000,28887230.0,28004710.0,20240201
043650,6120,6330,6120,6280,93867,588008010,1.62,112150149120,173267340.0,855780.0,20240201
006050,1285,1295,1269,1289,129190,164740257,0.0,44979968227,-552585.0,,20240201
060480,2410,2455,2370,2450,32350,78232930,0.82,27170500000,-12176150.0,,20240201
078130,0,0,0,800,0,0,0.0,102093978400,,,20240201
307750,5690,5800,5690,5770,103247,592913250,0.87,283129682130,-299850.0,5800.0,20240201
035080,13220,13700,13200,13630,58653,794579410,2.71,198010969920,200847820.0,-2524870.0,20240201
204020,3070,3090,3010,3010,79444,242749825,-3.53,60643764300,-11654980.0,-17634055.0,20240201
402490,24800,24950,22650,23100,360811,8488011450,-8.51,189049106400,-238707800.0,-845272050.0,20240201
114450,2090,2135,2080,2125,20014,42288820,-0.23,42500000000,-11835670.0,21252170.0,20240201
186230,8050,8490,7990,8270,27612,225206040,2.73,89482954760,-20982060.0,60.0,20240201
900070,514,526,513,520,126933,65772929,-0.95,27946863360,-543.0,,20240201
204620,4430,4430,4155,4200,1355305,5757836245,-4.33,235397857800,1440346435.0,-2311022075.0,20240201
019660,879,910,810,812,387224,328578111,-7.62,28250085752,-3164713.0,-123718.0,20240201
053260,5150,5310,5100,5240,400116,2116798180,0.58,98092800000,13046250.0,0.0,20240201
282720,10490,10650,10300,10300,31471,326153010,-1.81,124830850000,20668560.0,10350.0,20240201
036190,25500,26300,25400,26100,10523,272790400,2.15,156600000000,-115189900.0,867650.0,20240201
049080,1230,1253,1222,1238,475341,587749097,0.08,105085583586,8403520.0,-156262.0,20240201
420770,69500,69600,63600,65300,243764,16026164200,-6.04,827726997400,-586933700.0,-4205761700.0,20240201
035460,2450,2465,2405,2430,101416,246503770,-1.02,35422936200,10799840.0,,20240201
308100,4400,4565,4300,4505,20301,90636105,2.39,29844422165,-731205.0,15.0,20240201
407400,10070,10190,9740,9980,134012,1332275460,-1.29,122349550520,186923730.0,-19640340.0,20240201
187790,1277,1304,1252,1279,122099,155002012,0.16,39445421570,-18934431.0,,20240201
286750,2405,2455,2370,2415,68008,163011910,-0.41,49977359985,2136695.0,-16490855.0,20240201
121600,95600,99100,94200,98600,86362,8353150300,3.14,1198963970800,-655998900.0,2296019400.0,20240201
247660,12100,12100,11690,11880,19292,227688530,-0.25,51605769600,18541160.0,-84047860.0,20240201
039860,3360,3410,3330,3335,68256,229156160,-1.77,89403436045,1993885.0,3360.0,20240201
091970,790,790,757,787,27064,20900055,-0.38,29447566991,3503740.0,,20240201
417010,12000,12500,11990,12270,74791,914046220,2.08,235023604560,158668400.0,62310060.0,20240201
405920,5660,5840,5620,5680,149272,854814130,-2.74,73147471680,6120900.0,28438560.0,20240201
051490,5480,5560,5400,5560,39027,213800540,1.46,78952000000,1534240.0,5470.0,20240201
137080,6690,6690,6470,6480,38989,254155550,-2.56,71665054560,-21868310.0,-20700.0,20240201
190510,18700,18860,17280,18470,3907525,70327135950,-3.65,300181532480,1422527000.0,-1404970620.0,20240201
242040,2225,2290,2220,2230,534068,1201600140,-1.33,77171968720,151290780.0,-122040.0,20240201
089600,23300,24350,23250,23650,74425,1765865200,1.28,273587054950,-27029700.0,-125441850.0,20240201
293580,1048,1064,1047,1059,302895,318982004,0.28,101420430000,74713398.0,-127199.0,20240201
138610,17280,17450,16410,16720,104258,1742476970,-3.91,171058022960,109104460.0,-597524550.0,20240201
130580,5940,6040,5870,6040,7930,46976710,1.85,93016000000,-16480.0,1943790.0,20240201
036800,21350,22100,21300,21950,21900,475823200,1.15,219500000000,-264522500.0,15043650.0,20240201
267320,3105,3115,3025,3040,390343,1192612465,-2.56,132738876160,-24441885.0,-268384030.0,20240201
111710,5930,6040,5930,6030,5730,34238920,0.5,124145640000,1215700.0,-2559710.0,20240201
091590,5840,5980,5790,5950,30386,179321670,1.88,69853000000,368880.0,,20240201
168330,2080,2245,2080,2175,94721,206892240,3.33,69066907500,-6673785.0,117375.0,20240201
094860,0,0,0,406,0,0,0.0,42410668650,,,20240201
253590,10530,10630,9870,10180,3063023,31341801660,-3.14,445152678980,756471310.0,-426890840.0,20240201
212560,9330,9550,9110,9180,108828,1010658250,-1.92,72292160340,31243200.0,-52526690.0,20240201
095660,25350,25450,24650,25150,191919,4795058450,-1.37,554148032850,-136027050.0,-167081100.0,20240201
042420,26400,27350,26100,27100,36913,990821600,2.26,240021068600,-81826850.0,213196100.0,20240201
950220,1600,1620,1568,1595,166892,265503612,-0.68,157693606675,-13919918.0,,20240201
311390,6110,6310,6080,6290,20080,123959940,2.28,50675982550,2441220.0,40.0,20240201
085910,3535,3610,3515,3540,20258,71724870,0.14,49329255720,-1602305.0,-10.0,20240201
092730,26300,26750,25750,26250,38431,1005180100,-0.19,215443226250,-230415850.0,-76675900.0,20240201
290660,1251,1252,1183,1201,881526,1062688263,-4.38,46417398558,18903598.0,172796.0,20240201
306620,2610,2620,2540,2565,104420,267985615,-1.72,106995401955,-12757495.0,,20240201
153460,7050,7190,6900,7170,2999,21347120,-0.14,46820200380,518200.0,,20240201
007390,7970,8260,7700,8050,1062167,8496300490,5.09,516465105800,-1128153900.0,573547690.0,20240201
033640,17990,18490,17900,18340,227513,4119245670,-0.33,422905764680,-405821030.0,210814710.0,20240201
330860,24200,25300,24000,24350,130850,3194551150,-0.81,296681495750,-167595300.0,-385549050.0,20240201
089140,4185,4215,4110,4140,54059,224078550,-1.08,38930634900,75137255.0,1236000.0,20240201
137940,530,577,530,551,820958,450405066,1.47,43154866592,70032013.0,128621.0,20240201
396270,12100,12440,11560,11930,449032,5329602350,-2.61,215344135200,1093311380.0,-1701438730.0,20240201
348210,72000,72100,67500,68800,172631,11867408000,-4.58,707149241600,-1111824900.0,-949734000.0,20240201
225570,14620,15220,14620,14720,197150,2909616570,-1.6,968499014400,-501683230.0,489735630.0,20240201
217270,6690,6730,6500,6610,51854,339803900,-1.2,307908011500,17643110.0,2817410.0,20240201
104620,7730,8090,7650,7980,114110,900797890,3.23,126420165480,54411840.0,1050.0,20240201
194700,10660,10700,10150,10400,278986,2907245750,-1.98,195050419200,662880730.0,-415349690.0,20240201
285490,22350,22450,21600,21800,42614,937001250,-2.46,230553115800,31237100.0,8464800.0,20240201
106520,0,0,0,411,0,0,0.0,15904036272,,,20240201
376930,3200,3290,3110,3190,329405,1049231170,0.0,117861121400,167611255.0,-27949740.0,20240201
142280,4545,4605,4440,4505,67458,305172020,-0.88,95218630555,-11864680.0,951960.0,20240201
234690,8490,8710,7830,8110,313092,2531863740,-5.92,143970958360,678076340.0,-1119137520.0,20240201
065560,0,0,0,11540,0,0,0.0,189726555040,,,20240201
054050,8000,8150,8000,8050,9728,78333850,0.75,129046016050,-4473800.0,5130.0,20240201
069140,1834,1852,1651,1686,705322,1194454818,-8.07,22091224698,104474023.0,479682.0,20240201
040160,4060,4255,3950,4080,132003,538047170,0.37,49186582800,18779570.0,-17581435.0,20240201
332290,1655,1698,1651,1675,127882,213635510,-0.06,55919545025,-5333295.0,,20240201
348340,35500,37200,35500,37200,363183,13320828350,4.2,391778124000,1037098300.0,249608850.0,20240201
060260,784,799,774,791,83279,65429219,0.89,32873995595,3455471.0,,20240201
012340,1016,1022,1004,1009,70338,71068233,-0.69,51365326458,-6138493.0,,20240201
214870,0,0,0,1383,0,0,0.0,45813404598,,,20240201
270870,7110,7110,7020,7100,36013,253716630,-0.14,65321590400,16507840.0,461660.0,20240201
144960,5200,5230,5030,5140,118151,604019020,-1.15,224580087360,62306790.0,31840.0,20240201
085670,11500,11500,9600,10270,3494686,36200516380,-13.62,251109315470,269021550.0,-5260120260.0,20240201
064260,3960,4040,3920,3945,659583,2606656510,-1.38,272003962800,276700380.0,-623712700.0,20240201
340360,2100,2100,1944,1990,1279732,2576242875,-2.21,86342541880,-247487489.0,-663220.0,20240201
039560,4040,4185,4020,4175,202528,835008180,3.21,164937470675,187288765.0,-514855.0,20240201
154040,1705,1733,1701,1727,31418,53681790,1.29,30999812338,6291659.0,,20240201
032190,14690,15450,14500,14730,1622954,24283744800,2.08,564159000000,-151632820.0,197400170.0,20240201
068240,14850,15100,14630,14850,145757,2155801850,0.88,508812039450,-217469500.0,304217940.0,20240201
020400,9360,9590,9100,9370,51672,484117360,-0.74,29882485420,108146120.0,,20240201
008830,11550,11770,10850,11020,587476,6649969370,-4.59,99042470400,11859740.0,1421890.0,20240201
048470,3885,4050,3870,3985,312934,1242293285,0.76,39850000000,190531320.0,,20240201
004780,3985,4055,3985,4035,12311,49546220,1.25,64169407965,2723695.0,2146580.0,20240201
017650,8110,8310,8110,8260,8303,68445930,1.1,74340000000,-1029970.0,810600.0,20240201
007720,589,599,585,590,70880,41596466,0.17,59472265500,2516799.0,-214227.0,20240201
389260,14930,15160,13660,13920,93701,1316995700,-7.45,237336000000,43696140.0,-599585230.0,20240201
317850,8460,8660,8460,8480,41678,355416840,-1.05,70591081600,29984040.0,-94220.0,20240201
290670,26850,27500,26650,27500,22415,607160900,1.66,216085650000,11954500.0,10839450.0,20240201
078140,8530,8740,8530,8590,47755,409040950,0.0,95233713610,20665530.0,,20240201
065150,204,204,189,194,522490,102944461,-4.9,24304786570,-2987583.0,,20240201
036480,10620,10690,10560,10600,35944,381296370,-0.19,40280000000,32491470.0,9090.0,20240201
027830,1737,1803,1726,1770,741690,1314351504,2.85,95580000000,105257167.0,-186702.0,20240201
104040,1107,1126,1102,1105,51381,56996079,-1.25,34587915505,334900.0,,20240201
129920,6240,6300,6210,6280,38305,239708000,0.0,86130532840,14034540.0,-6723240.0,20240201
438220,0,0,0,2275,0,0,0.0,12831000000,,,20240201
442310,2250,2265,2215,2235,4655,10371840,-0.89,14996850000,-24690.0,-7246435.0,20240201
457390,2155,2175,2155,2175,5914,12801075,0.46,15301125000,0.0,0.0,20240201
457630,0,0,0,2620,0,0,0.0,19152200000,,,20240201
471050,2170,2170,2140,2150,86127,185316550,-0.92,13029000000,-6287760.0,24368100.0,20240201
020180,1142,1142,1112,1124,280450,315670833,-1.58,43194100460,-37864953.0,0.0,20240201
045390,3275,3325,3255,3295,408891,1341323815,0.46,232209777215,-207208645.0,3527270.0,20240201
108380,11180,11390,10970,11390,26070,291998660,1.79,108971922870,10146680.0,91551410.0,20240201
006580,4885,4970,4505,4565,8116,37915580,-6.55,122570250000,1826730.0,,20240201
007680,5090,5090,4955,5080,7644,38230905,0.99,68308087920,1218620.0,0.0,20240201
048910,11900,12020,11620,11710,54910,644521680,-1.68,147299457660,7144000.0,-95677450.0,20240201
005710,6240,6520,6080,6520,273367,1729395890,6.71,130645152000,-80006360.0,-19517490.0,20240201
290380,0,0,0,2300,0,0,0.0,56841307600,,,20240201
120240,16620,16740,16530,16600,12987,215726230,-0.42,119360490600,-4981100.0,214770.0,20240201
003310,1640,1656,1638,1646,207639,341289372,-0.66,58255808100,23752641.0,,20240201
078600,69000,72000,68300,71200,78265,5473300100,3.04,1102218221600,-761322000.0,1019983000.0,20240201
096350,423,427,418,426,465061,196506541,-0.7,69762189834,24691260.0,,20240201
140520,2475,2555,2470,2525,19562,49129365,1.41,53300838575,282785.0,,20240201
131220,6050,6180,5990,6140,19602,119460420,1.15,45770568600,-6400510.0,-17300.0,20240201
010170,1265,1307,1251,1269,246528,311875156,1.04,94554669654,30463918.0,-149067.0,20240201
054670,8610,8710,8560,8710,62844,541611460,0.11,125031353200,55412770.0,488400.0,20240201
023910,28250,28950,28100,28900,18637,533030500,2.48,173400000000,198656600.0,7662150.0,20240201
021040,4115,4135,4045,4070,4726,19277360,-1.69,44169215090,-158985.0,,20240201
021045,9080,9080,8590,8590,234,2030760,5.01,3644273140,,,20240201
067080,8850,9000,8760,8810,63906,563928780,-1.01,164012686500,61551130.0,27056290.0,20240201
298540,15800,15960,15600,15930,67301,1064701270,1.72,234339475680,-163657220.0,77742310.0,20240201
032860,0,0,0,3640,0,0,0.0,143288374320,,,20240201
393890,39750,40400,39300,40250,202038,8024938100,0.63,1356284849500,125933650.0,-1420621450.0,20240201
299170,2175,2265,2165,2195,340742,756012815,0.46,65911378785,-35611615.0,,20240201
224060,6780,6950,6590,6600,13143,87810880,-3.65,31339426800,600450.0,,20240201
213420,38950,38950,35850,36100,385145,14107317550,-6.48,896405561900,4192462100.0,-9027388100.0,20240201
317330,18530,18750,18090,18370,171996,3148896340,-1.13,337593352360,-342218550.0,-57486670.0,20240201
077360,7010,7150,6890,6900,410570,2859906200,-1.99,313515313800,24466780.0,-306914910.0,20240201
090410,1871,1906,1870,1904,142037,267741590,0.85,87744116880,23790220.0,,20240201
263600,9530,9530,8800,9020,489920,4465009230,-4.14,143691396200,-715259670.0,-697772620.0,20240201
194480,40100,40800,39000,39750,80718,3209343950,-2.09,476449860000,260810900.0,404020550.0,20240201
263800,6250,6730,5730,5750,5144752,32516204320,-8.87,93244185000,-248282440.0,3332010.0,20240201
206560,8460,8600,7900,8130,303592,2473326700,-5.9,206597413680,261368570.0,-86251920.0,20240201
261200,8640,8690,8450,8500,83215,708748920,-1.62,133911907000,-24365490.0,-165476030.0,20240201
067990,4915,5200,4890,5060,287087,1458770755,2.95,157778643000,81042040.0,25290.0,20240201
006620,5700,5940,5670,5710,74427,426600240,0.18,162535104320,-37831360.0,-433810.0,20240201
100130,3075,3110,3010,3060,154260,467862410,-1.29,174857580000,34411075.0,498425.0,20240201
005160,4950,5150,4880,5100,286717,1437969770,3.03,276646858200,-48570000.0,4951125.0,20240201
075970,3470,3555,3455,3540,103827,365001175,2.02,65136000000,87894130.0,,20240201
086450,17880,18100,17280,17690,257542,4518884120,-1.23,786497400000,1008640560.0,-114401510.0,20240201
099410,2170,2170,2095,2110,52924,111968925,-2.76,28571514220,-6803740.0,-6265.0,20240201
033500,11460,11470,11310,11450,106013,1206115630,-0.09,343379706300,-1834960.0,-111915470.0,20240201
025950,18510,18680,17750,18000,54010,974854270,-4.2,151200000000,92353910.0,10.0,20240201
088130,7080,7220,6880,7000,64239,450061210,-1.96,74640566000,5176730.0,-1697560.0,20240201
041930,7400,7610,7400,7570,40706,305092610,1.61,119606000000,66082670.0,-98590.0,20240201
060380,1937,1990,1937,1987,28357,55694214,1.58,39143900000,-1780784.0,0.0,20240201
079960,18560,19080,18440,18790,39259,739111960,1.24,147689400000,41110620.0,20760780.0,20240201
228340,2120,2215,2115,2215,22588,48710555,4.48,44300000000,4622400.0,129000.0,20240201
088910,2980,2985,2940,2970,90071,266420650,0.51,76720339080,-11816390.0,-16939770.0,20240201
094170,20500,21950,20350,21300,609346,12961348450,2.65,403694235300,-415756150.0,30024250.0,20240201
013120,3040,3070,3015,3050,98288,299472090,0.33,276964705000,71226215.0,-1051545.0,20240201
109860,9310,9500,9310,9400,5604,52343480,0.0,85540000000,-10262490.0,,20240201
032960,11770,12050,11490,12020,37052,435569330,2.12,45753997780,38090950.0,,20240201
023790,1227,1230,1202,1217,47244,57392905,-0.81,23990315739,-2969407.0,,20240201
005290,38500,39050,37650,38300,596444,22834596100,-0.91,1969175120200,365834450.0,2018713550.0,20240201
025900,63700,65500,61200,61800,135946,8535032400,-0.8,1249311411000,-745672100.0,450216100.0,20240201
131970,44850,45550,43850,44350,296374,13152502700,-1.55,754241202100,1232158250.0,-1796921400.0,20240201
073190,2405,2460,2330,2390,56788,135636810,-0.62,28603615600,-318205.0,874215.0,20240201
030350,573,577,532,558,513365,288065907,-2.45,38719046934,43766498.0,,20240201
203650,3485,3535,3430,3510,388758,1354672860,0.43,177626196540,-407402310.0,,20240201
223250,2990,2990,2910,2955,108373,319148380,-0.84,70060922400,-41070750.0,-5082455.0,20240201
060570,3260,3340,3185,3225,788669,2571447065,-1.68,243879572925,-105030645.0,2841495.0,20240201
362990,3700,3810,3435,3565,1565365,5588213680,-4.93,58793858790,-27560100.0,-321463155.0,20240201
217620,329,340,306,331,699599,222846500,1.22,19114326510,23426899.0,-3531.0,20240201
016670,288,310,284,289,3256749,963372218,0.35,29436968936,92340036.0,58919.0,20240201
187870,14690,14690,14190,14260,18574,264990140,-2.6,100342044340,-31580050.0,-10.0,20240201
066670,5100,6010,5100,5190,2329798,13106009880,0.78,97011054420,-416902360.0,210.0,20240201
110990,19530,19770,18550,18980,273021,5163404520,-1.15,358722000000,62217610.0,-627533130.0,20240201
263690,10700,10700,10460,10550,13087,138031570,-0.85,119485185500,-14841590.0,67319230.0,20240201
214680,3710,3910,3705,3780,810068,3081679395,-0.13,276770768400,144266280.0,584510.0,20240201
263720,26700,27050,25200,25700,207941,5359107650,-4.81,320927053800,1464289000.0,-1362552500.0,20240201
376300,29700,30250,27050,27500,317895,8785415250,-7.72,652806165000,-547536000.0,-1535712200.0,20240201
109740,4970,5010,4820,4915,21709,106560780,-1.11,132827432650,-10288150.0,,20240201
290120,3685,3745,3665,3670,21312,78692800,-2.65,56940556460,-12417750.0,1520390.0,20240201
196490,2815,2815,2325,2415,915308,2342941960,-14.21,81824720880,123094830.0,-175134920.0,20240201
066900,3155,3200,3100,3140,16958,53419045,-0.48,71417739420,-4438405.0,,20240201
127120,3245,3245,3165,3210,11894,38086880,-0.47,59983844760,-8192275.0,,20240201
092070,20550,20900,19370,19440,246500,4859927040,-7.21,224956919520,-659644050.0,-559855130.0,20240201
039840,19200,19380,18800,19380,88386,1694123620,1.1,307788411900,-423417270.0,-208983830.0,20240201
219550,728,751,720,748,272885,198756880,2.47,39110260860,45599133.0,,20240201
310870,1581,1639,1581,1628,73009,117866916,0.74,33678877188,7991718.0,,20240201
104460,22350,22450,21350,21450,54299,1179516800,-4.03,229807256250,92735650.0,14968250.0,20240201
079810,12300,12630,12000,12540,141037,1738353680,0.32,276232298760,103139310.0,47112660.0,20240201
113810,1056,1080,1052,1062,216002,229875312,0.47,34650990162,6822808.0,-12063069.0,20240201
043360,2885,2965,2835,2960,37997,109101815,2.42,26640000000,-5937220.0,-26140.0,20240201
197140,4360,4375,4255,4320,33137,142381865,-1.82,41389289280,6286095.0,,20240201
068930,5650,5670,5590,5620,36637,205638270,-0.53,155535422040,1002740.0,16709920.0,20240201
033130,2060,2070,2035,2045,88115,180792135,-0.73,75900721015,785305.0,,20240201
105740,8010,8040,7900,8030,22127,176525740,0.25,81556799390,-10134480.0,-80300.0,20240201
263020,2860,2885,2815,2880,44384,126697605,0.7,44284043520,-21734185.0,-129620.0,20240201
290550,8960,9060,8860,8890,38417,343109460,-0.78,165961818190,-10901960.0,17721020.0,20240201
187220,5180,5410,5180,5360,162091,864830140,1.13,62701392560,221907750.0,,20240201
383930,10240,10240,9850,9860,586478,5851150040,-6.27,125522848320,855034440.0,-10041030.0,20240201
131180,1170,1188,1162,1186,16122,19047826,0.0,34809100000,272546.0,,20240201
315640,18320,18450,17650,17920,180449,3230401270,-2.29,199935841280,684266710.0,-491230050.0,20240201
317120,4535,4580,4490,4505,14867,66990075,-0.99,43518300000,-26156770.0,,20240201
042510,2550,2770,2505,2745,5107589,13708243920,6.81,153791015895,-1044754590.0,,20240201
232680,8820,8970,8570,8650,36063,313587110,-1.48,108161624100,-65050570.0,-43416240.0,20240201
418420,7310,7520,7030,7280,613349,4445058200,0.83,215098942240,-68312200.0,-293002950.0,20240201
300120,6780,6910,6610,6700,272389,1823820440,-3.32,139601280400,113398130.0,-10.0,20240201
171120,3585,3600,3470,3485,91159,323297045,-2.79,125117633600,-36608670.0,,20240201
388790,2120,2180,2100,2145,145259,309755565,0.23,64165379850,13639385.0,,20240201
069540,1922,1945,1850,1886,269197,508230932,-1.92,53989416804,-6800013.0,-86989.0,20240201
347700,2020,2100,1997,2045,292332,597703374,0.74,32033922950,-225553.0,-4258385.0,20240201
214260,16250,16550,16000,16360,14554,236868840,2.25,141627145760,47874930.0,0.0,20240201
200350,9730,9920,9600,9920,30515,296044790,1.95,64213191680,-840860.0,-58440.0,20240201
171010,5260,5340,5200,5270,63531,334148990,-2.59,74855375120,-19474710.0,,20240201
084650,3705,3740,3615,3615,1115946,4097589940,-4.11,268377563850,18600780.0,-259675585.0,20240201
217500,3130,3210,3130,3190,208732,660628470,0.95,101480280000,-102101400.0,,20240201
141080,50200,51400,48000,48550,832664,40666874550,-3.67,1365241050500,7285686600.0,-4092454650.0,20240201
038390,15680,15680,15460,15640,7238,112404910,0.77,134339467200,17421180.0,-312690.0,20240201
294140,2080,2120,2025,2070,117344,242441475,-1.66,86940000000,2538970.0,312860.0,20240201
443250,13690,13750,12380,12550,213761,2727673480,-7.58,139368076300,376121730.0,-216450560.0,20240201
228670,18910,19090,18550,18670,151355,2831177590,-2.2,285353082810,-635716100.0,-401446030.0,20240201
228850,9040,9100,8980,9100,23948,216264810,0.55,150978227400,12001200.0,-3611280.0,20240201
412350,10520,10980,9620,9990,3184038,33214280910,-1.67,86977655280,-918816990.0,-84167780.0,20240201
199550,18000,20350,17250,17250,2307470,42132072050,-29.88,192748619250,0.0,-3117642980.0,20240201
281740,15150,15330,14570,14860,489245,7290479620,-2.69,976755943280,592966970.0,386564110.0,20240201
277810,144400,152900,144400,152900,245444,36296525300,6.11,2966238288200,3323136700.0,-45143900.0,20240201
215100,4860,5020,4850,4940,95070,467849910,0.82,100521362760,888880.0,4930.0,20240201
090360,29500,31050,29500,30650,141112,4304262800,3.03,298837500000,455223050.0,53280200.0,20240201
108490,26400,27450,26350,26850,153311,4102859950,1.7,346384251450,-462068350.0,-143728700.0,20240201
900260,708,742,707,728,74562,53383502,1.96,26230777664,-339372.0,,20240201
067730,3270,3275,3170,3265,28939,93302995,-0.31,31585355330,7346715.0,0.0,20240201
071280,7770,7890,7000,7400,452686,3354685530,-6.68,113194862200,289736790.0,-511157150.0,20240201
328130,61200,66900,59900,63100,808988,50606531600,2.94,1811113678700,-1424821800.0,-297997200.0,20240201
038060,1212,1214,1196,1211,64090,77207800,-0.08,58252816559,-8044039.0,-9913665.0,20240201
060240,1683,1683,1600,1660,47692,77300854,1.22,42212611440,-4590012.0,,20240201
058470,198600,202500,193100,197300,175550,34812137500,-0.8,3007319601000,-2976450500.0,3050068500.0,20240201
039980,1351,1391,1318,1344,2047092,2769385318,-1.25,69357257088,253827622.0,,20240201
019570,583,591,570,573,176724,101687590,-2.22,30065332920,1919538.0,,20240201
016100,2115,2205,2085,2200,26921,56768105,1.38,42021966800,1000660.0,,20240201
012700,5780,5980,5770,5830,168764,994684190,0.87,154180967050,208367970.0,-7899530.0,20240201
302550,2890,2890,2810,2820,25595,72369355,-1.57,86399385600,19456270.0,2830.0,20240201
073570,4550,4615,4330,4500,3538583,15985882130,-12.11,129902062500,678345120.0,-1661992390.0,20240201
377450,9700,9940,9580,9750,185202,1802602840,-1.22,168967500000,351467260.0,222417990.0,20240201
277070,6000,6170,5820,5860,87512,518586130,-3.3,80235120000,256020060.0,70320.0,20240201
042500,4475,4580,4435,4530,86417,388423180,0.67,69566657340,67161090.0,-41963450.0,20240201
219420,7410,7420,6910,7080,867924,6182757680,-5.85,81204109560,-315270470.0,,20240201
439090,22150,22250,21750,22050,146438,3219416800,-1.34,361140633000,-72274200.0,37768600.0,20240201
195500,3050,3105,3045,3095,50420,155096215,0.65,49297160000,13655995.0,,20240201
377480,25100,26400,25100,26400,117426,3028008000,3.33,162395191200,-342624300.0,76067450.0,20240201
305090,6000,6050,5690,5780,51454,298342270,-2.03,90379917920,-19388990.0,-57699910.0,20240201
098120,11080,11330,10700,10980,152950,1667094240,-2.05,91274170680,396606740.0,-362018940.0,20240201
424980,14310,14310,13600,13930,50469,700083880,-2.66,82450137700,91268040.0,-305850.0,20240201
038290,20800,21400,20500,20750,84925,1761958200,-1.19,224959050000,232775350.0,621400.0,20240201
267980,40400,40700,40100,40700,41156,1662968600,1.24,319236066600,795974400.0,-270414650.0,20240201
005990,7730,8350,7720,8180,61846,505740150,5.82,112215726720,-14659870.0,2336340.0,20240201
093520,13600,13850,13100,13170,548794,7335187450,-3.16,212867921640,790097860.0,-743415860.0,20240201
377030,6950,6950,6460,6600,278194,1848956000,-5.04,129167821200,7527140.0,9346480.0,20240201
100590,5170,5340,5170,5260,76550,400552930,0.57,83265920980,51502760.0,-73790.0,20240201
067280,35500,35950,35350,35800,7935,283987900,0.14,212178688200,-14113300.0,-150.0,20240201
072870,10790,10990,10720,10990,38201,416284630,2.42,131011339410,106442650.0,-795660.0,20240201
215200,60600,63000,59700,61500,61288,3750223900,2.33,719210151000,156345500.0,575607600.0,20240201
133750,2640,2855,2625,2750,1793394,4949416405,4.17,64369461750,145435195.0,,20240201
446540,4585,4585,4310,4340,398586,1752466890,-5.45,90146140000,-33966895.0,-268914780.0,20240201
235980,9800,11050,9770,10750,2598858,27412818030,5.6,360992471250,281656880.0,980274240.0,20240201
041920,6180,6260,6130,6260,68046,420521740,1.29,116424875980,82728870.0,23619440.0,20240201
014100,3080,3125,3025,3095,23277,71419955,0.49,36521000000,-4904215.0,,20240201
054180,783,794,770,782,235363,183984886,-0.13,42855698888,-7091066.0,-143316.0,20240201
086900,194200,194200,184900,190400,102166,19259798800,-1.24,1389628307200,1491258300.0,-470316000.0,20240201
078160,7100,7200,6930,7060,75445,531185600,-0.56,241577562100,-104316740.0,-38979540.0,20240201
065650,969,987,963,986,114750,112062921,2.18,51018555602,40344277.0,0.0,20240201
408920,2390,2450,2340,2430,40353,97618205,2.75,105054865650,-26890550.0,-4575.0,20240201
021880,324,327,321,327,253109,82002524,0.0,49764301416,21051235.0,-463790.0,20240201
140410,34000,35150,33300,34700,116612,4009826300,1.61,1027376398300,-628490750.0,1193831800.0,20240201
241770,9060,9250,8600,9070,13145,117652240,0.11,92447244800,-17216830.0,,20240201
059210,3960,3995,3815,3875,513616,1988419875,-2.52,92466610125,60325730.0,354600.0,20240201
058110,2925,2995,2875,2995,138233,404326415,2.22,48071337350,75444865.0,15.0,20240201
434480,6460,6590,6180,6300,206899,1311511330,-3.96,76231575000,20668230.0,-64772380.0,20240201
080420,2625,2645,2595,2610,10984,28641280,-1.32,208073433420,-1320665.0,,20240201
417970,16500,16500,15520,15950,90343,1431059330,-3.39,102027365000,16527270.0,-421765830.0,20240201
080160,17180,17220,16790,17090,94982,1614037870,-0.29,323001000000,-91029610.0,368504570.0,20240201
087260,2635,2660,2610,2660,71340,188527300,0.95,86590610260,-13341320.0,,20240201
101330,3255,3370,3210,3370,119104,394492155,3.37,78005487730,36709090.0,3784290.0,20240201
012860,1880,1971,1875,1963,421378,814849197,2.83,143757276091,170596014.0,,20240201
363260,522,536,522,529,261942,138631896,-0.56,85073170063,24811940.0,,20240201
348030,8670,9340,8510,8700,306153,2734371400,0.35,83553060000,-37229800.0,-10.0,20240201
250060,4210,4280,4105,4120,718760,2984846640,-3.74,132545813680,-56050465.0,,20240201
288980,2545,2715,2455,2470,8384270,21790842105,1.02,83194075640,-219352660.0,,20240201
033200,3725,3725,3560,3680,7405,27012325,-1.21,52738760800,-89320.0,40.0,20240201
333050,1415,1426,1360,1373,236301,327573985,-3.92,32336256182,17388846.0,7605092.0,20240201
118990,15450,15950,15340,15610,271745,4266954620,1.3,388095663900,11726940.0,-205614900.0,20240201
006920,3725,3775,3715,3715,45292,169236870,-0.54,40567800000,-10000115.0,-16858635.0,20240201
001810,1833,1921,1815,1889,56096,105582985,3.06,41817737500,963915.0,,20240201
279600,14000,14520,13610,14290,23648,333032650,1.28,66945520490,33657620.0,0.0,20240201
095500,13310,13550,12990,13470,271763,3606160870,0.0,417704686530,279035110.0,398195300.0,20240201
254490,19900,20300,19570,20100,74493,1484159900,0.5,290203800000,69883820.0,43760.0,20240201
218150,4745,4845,4680,4710,222868,1054547375,-0.95,96158427420,169708890.0,61355.0,20240201
442900,9450,9450,9400,9450,19290,181720230,0.21,72576000000,0.0,-396900.0,20240201
100790,5910,6210,5810,6070,258533,1556333910,3.06,330981014500,-258045680.0,156624850.0,20240201
412930,2145,2155,2135,2155,16204,34759955,0.23,13309280000,-3573070.0,19023205.0,20240201
446190,2155,2170,2120,2155,11881,25551475,0.0,10667250000,-15130.0,6753600.0,20240201
448830,2200,2225,2200,2200,34555,76150100,0.0,10824000000,-94850.0,-26593725.0,20240201
049950,26500,26950,25700,25950,78217,2042901600,-2.08,228824089800,485858600.0,-577176550.0,20240201
207760,2505,2560,2385,2420,3359729,8266107765,-5.84,180953980240,1261198620.0,5136625.0,20240201
059090,8870,8990,8730,8760,179081,1581918640,-2.56,292730975280,485015090.0,-89880.0,20240201
214610,1753,1789,1739,1747,128715,225172811,-0.85,76114946915,-54270659.0,1747.0,20240201
201490,3025,3060,3005,3015,227257,686264155,-1.63,94242176550,52180595.0,-12088720.0,20240201
418470,24100,25000,23050,23600,435400,10337338200,-3.87,197963620400,1986988300.0,-1403380350.0,20240201
206640,16750,16790,15980,16590,160045,2594634790,-0.06,389642030400,699784940.0,-664028050.0,20240201
018700,1653,1653,1610,1627,44554,72225677,0.0,57139844639,-6532803.0,,20240201
035620,708,708,659,672,265387,178582186,-1.9,50023461600,-15674085.0,-577582.0,20240201
053030,10040,10250,9720,10100,2296854,22747752330,-1.66,320786584800,473181060.0,-382750190.0,20240201
301300,7560,7680,7320,7570,78055,583462990,-0.79,93415359420,-57870340.0,150200.0,20240201
064550,24850,25700,24550,25500,208140,5220794700,1.19,658162420500,-217397250.0,809210950.0,20240201
314930,49000,49850,47450,49500,21141,1032261700,0.81,306043402500,-159574750.0,182453350.0,20240201
208710,773,778,763,772,128335,98944018,-1.03,48327457848,-4264571.0,,20240201
086820,15490,15680,14960,15350,29638,447435920,-0.26,125001589100,104172740.0,-97918870.0,20240201
038460,3240,3290,3220,3290,31500,102387090,0.92,70066777970,4745780.0,-876150.0,20240201
251120,12450,12540,12200,12380,17098,210440980,-0.88,107652766000,-14701680.0,50.0,20240201
199730,11050,11230,11000,11100,8384,92946860,-0.89,53245223700,-17590320.0,,20240201
086040,5850,5970,5780,5950,30546,179246890,1.71,94951569650,-56768890.0,10.0,20240201
099430,7150,7240,7040,7060,428580,3049471530,-0.56,408991899840,-147876990.0,13155140.0,20240201
032980,1095,1205,1095,1135,536553,613627419,1.25,45737821400,89757715.0,,20240201
308080,4860,4900,4805,4810,34762,167704240,-1.03,92187209400,-24465830.0,,20240201
043150,32500,32500,31550,31900,31736,1011622600,-0.62,473850766400,-71768100.0,90224300.0,20240201
323990,18800,19240,18790,19160,126147,2395601840,0.95,440549712000,17235480.0,332789680.0,20240201
267790,7620,7760,7500,7640,18526,140642740,0.39,60268140000,11950190.0,,20240201
046310,2875,2895,2855,2880,47819,137280440,0.0,47285686080,-56360.0,0.0,20240201
331520,947,972,926,939,150530,142006951,-0.95,47761662210,-23393561.0,,20240201
438700,8650,8970,8340,8460,225803,1939070500,-2.87,93537905400,-217027940.0,-49970830.0,20240201
066410,0,0,0,1153,0,0,0.0,96978744678,,,20240201
382900,18510,18690,18260,18690,26736,493349020,-0.11,163743090000,-37427730.0,107580.0,20240201
206400,3900,3930,3805,3930,66201,256203325,1.16,118290201840,-51160195.0,,20240201
019010,2070,2090,2050,2085,25546,52776820,0.48,100497000000,1269430.0,0.0,20240201
177350,493,569,493,522,3363926,1806322017,-2.06,41701529736,-15466571.0,,20240201
299910,0,0,0,6880,0,0,0.0,32483121920,,,20240201
424760,1556,1570,1509,1515,49619,76246999,-2.63,29421303030,-224427.0,,20240201
225530,5040,5090,5030,5090,5857,29622270,0.79,184964120430,-5575220.0,-5450.0,20240201
250000,10700,10870,10570,10850,26383,282947750,0.93,73245453050,70674500.0,-17253560.0,20240201
310210,34650,34650,32450,33800,236873,7842067700,-1.6,588079676600,840317150.0,-1564519400.0,20240201
006910,3070,3150,3045,3120,294216,904835540,1.63,153285050880,133411855.0,-56175.0,20240201
226340,2600,2645,2495,2570,531738,1359513225,-3.2,90491797120,186464195.0,-85609665.0,20240201
014470,2410,2470,2405,2435,220182,536179340,-0.61,146227253100,51624165.0,,20240201
008470,4630,4630,4570,4630,4483,20641645,0.0,38914224000,280595.0,,20240201
338220,28500,29450,28050,29000,342006,9795135750,-0.51,396997211000,878204450.0,-2235858000.0,20240201
100120,27050,27950,27000,27500,16962,466498850,0.0,275051287500,249808100.0,-148662350.0,20240201
406820,16280,16280,15700,15730,30289,481316730,-3.32,55590449200,-62646360.0,-120520.0,20240201
337930,5740,5760,5380,5440,768809,4214347470,-5.23,159210244160,949059150.0,-1405995310.0,20240201
099390,7540,7930,7540,7630,25658,194786250,0.13,62629199290,-9725500.0,,20240201
064480,7650,7830,7420,7510,424209,3193222340,-2.85,89763275000,282554460.0,-20.0,20240201
288330,2650,2705,2450,2610,138366,358854790,-1.88,59161801770,48332210.0,-60370.0,20240201
365900,4460,4500,4350,4500,16226,71387995,0.9,32896350000,1854070.0,,20240201
251630,9420,9540,8950,9180,276813,2532783930,-2.34,146355693480,770658430.0,-1331096490.0,20240201
018290,16450,16910,15540,15690,691814,11024464550,-5.48,561670729830,-1412901350.0,-1175945490.0,20240201
044480,1079,1087,1069,1069,6588,7109917,-1.66,36444285998,-137326.0,,20240201
439580,17450,18960,17410,17600,543381,9884826000,1.79,187443326400,243245940.0,-173768240.0,20240201
033560,3070,3375,3020,3095,237751,755623380,-0.16,52924500000,23539555.0,,20240201
369370,2335,2360,2290,2335,21657,49963825,-0.43,99221019570,-2483705.0,,20240201
126340,48600,48700,47100,48200,50341,2411823000,-0.62,279723735400,-207394450.0,-297119200.0,20240201
121800,0,0,0,3320,0,0,0.0,256309348520,,,20240201
148140,0,0,0,6140,0,0,0.0,120570191460,,,20240201
082800,2970,2970,2880,2895,40675,118342560,0.17,139572914925,-15217830.0,,20240201
318410,10600,10800,10410,10800,29633,315852140,0.93,59996624400,9729040.0,-20661580.0,20240201
419540,2250,2290,2120,2240,624029,1387364625,-0.88,51503224640,-35845610.0,,20240201
146320,22100,22300,20450,20950,253752,5334123650,-5.2,268011736850,1283453300.0,-1789336050.0,20240201
200780,6350,6420,6270,6360,7152,45212260,0.16,56555562240,5250980.0,,20240201
413640,11030,11200,10250,10980,379008,4028372470,-1.96,79132201200,-117677100.0,-275774560.0,20240201
141000,8240,8250,8090,8190,26072,212756980,-0.73,99219474900,-5533350.0,,20240201
083650,7700,8300,7500,8260,303979,2416901180,7.27,255600537500,-130590530.0,311443490.0,20240201
445360,2110,2145,2105,2105,461,970620,-0.24,9072550000,0.0,-208550.0,20240201
142760,1680,1724,1651,1678,135386,226875406,-0.94,54157518798,-1448340.0,0.0,20240201
065170,409,443,390,405,2365561,975970471,-3.11,36033076395,16035665.0,1077846.0,20240201
086670,13140,13150,12950,13120,9701,126265330,-0.23,119722282880,-2398330.0,-38184880.0,20240201
335890,7550,7630,7320,7420,1486050,11052913640,-3.13,432831987840,309456700.0,-1732639800.0,20240201
230980,412,427,398,400,792220,322274896,-2.91,34056240800,27091233.0,79504.0,20240201
138580,12470,12730,12320,12730,51319,640991390,0.63,287139954990,-70772750.0,-5688480.0,20240201
082920,17590,18080,17470,17960,152254,2722867840,2.05,405996576000,393092940.0,225956750.0,20240201
054220,565,579,562,572,73819,41970627,0.0,28119862628,-2060729.0,,20240201
042370,7570,7630,7500,7560,136512,1032664120,-0.53,198072189000,-27162510.0,,20240201
050090,1091,1111,1071,1106,31637,34620285,1.19,21881916910,-1403949.0,-16424.0,20240201
307870,1698,1850,1651,1838,785922,1401659251,7.99,62488680572,51402674.0,17400000.0,20240201
357880,6090,6140,5910,5990,138685,830492420,-2.12,62559296440,104436880.0,0.0,20240201
032850,8040,9550,7910,8280,41458955,361710679850,12.65,137640866040,1422922800.0,-19064820.0,20240201
148780,1481,1509,1407,1430,700640,1015483931,-3.7,44967386750,175894876.0,-1280472.0,20240201
238200,5110,5170,5000,5020,14694,73844040,-3.09,41063600000,-6085100.0,,20240201
093190,5450,5510,5430,5490,15363,83932640,0.18,105621588450,1701760.0,1275130.0,20240201
065450,4960,5140,4955,5120,1305063,6620139220,2.4,146702336000,1398800850.0,5010.0,20240201
210120,14530,15210,14220,14740,11319,165401940,0.55,46351551400,-6328390.0,-240.0,20240201
072950,5500,5600,5170,5240,382638,2036348190,-6.43,42195676400,148505130.0,-1052370.0,20240201
143240,17500,17610,17030,17270,42823,735480410,-1.93,201769952010,201260260.0,-207703530.0,20240201
419120,9950,10170,9420,9500,295870,2887370930,-3.65,73642347000,-93212060.0,0.0,20240201
122350,2005,2020,1995,2015,82438,165203899,0.5,77253947420,11025028.0,,20240201
419050,2730,2840,2730,2805,593470,1660594605,2.75,160435453200,14489760.0,,20240201
014970,3975,3975,3800,3890,36516,140663775,-2.14,58836250000,17157170.0,-507550.0,20240201
018310,16300,16890,16200,16730,26076,434956740,2.83,245931000000,8548480.0,18899700.0,20240201
053700,5500,5850,5470,5840,672638,3873635310,6.18,132814424640,183728540.0,,20240201
009620,1140,1156,1118,1145,533416,605531602,0.35,57314007790,-6020288.0,0.0,20240201
023600,10400,10700,10300,10650,56079,590427960,2.4,172210500000,31664100.0,-24242060.0,20240201
425290,2265,2280,2255,2275,32517,73570535,0.22,12558000000,-780825.0,5912400.0,20240201
439250,9790,9840,9760,9800,18904,184926820,-0.31,34319600000,0.0,-31427690.0,20240201
448740,9500,9530,9480,9520,13147,124846260,-0.1,44401280000,-4750000.0,-83534910.0,20240201
468510,1984,1988,1968,1984,118986,235372114,0.0,21923200000,-12822270.0,20433336.0,20240201
009300,16270,16350,16140,16350,7867,127799980,0.49,104149500000,-18742950.0,-1973480.0,20240201
225190,9010,9090,9010,9070,8211,74305040,0.11,92057670160,-99230.0,-1300.0,20240201
361670,4775,4830,4605,4775,9802,45965430,0.0,27063066950,-2386285.0,,20240201
054540,3985,4020,3940,3985,47721,189592220,-0.38,51805000000,14576415.0,,20240201
065570,3145,3145,2900,3005,86548,259755000,-4.15,37030602980,-13106495.0,,20240201
032280,1941,1960,1937,1940,36955,71855705,-0.15,31454364600,-1159915.0,0.0,20240201
002290,3705,3780,3655,3750,60130,223800080,0.13,46500000000,-3531690.0,-47926115.0,20240201
037460,8400,8570,8330,8540,94057,797956190,2.52,139360177880,161278190.0,1560710.0,20240201
032750,5490,5500,5370,5500,23308,126159570,0.18,44351263000,-32646300.0,,20240201
054090,1701,1730,1685,1698,83407,142147935,-0.18,42380775936,-22386787.0,,20240201
000250,63900,64800,61900,64200,198419,12557804400,0.16,1505969702400,-209254600.0,1166385100.0,20240201
024950,6270,6480,6260,6450,90981,582907220,2.22,85614571650,200123300.0,2164000.0,20240201
038500,3000,3065,3000,3050,57418,174872990,0.66,329144733300,-20982640.0,9971580.0,20240201
017480,4825,4920,4820,4920,22287,108770855,1.97,77258218800,2916395.0,20.0,20240201
046390,1836,1870,1835,1843,201710,372243268,-0.75,79567715519,-15964205.0,,20240201
027580,2305,2530,2135,2190,42662892,99407215600,-7.79,129607001010,651697520.0,8496615.0,20240201
038540,3490,3590,3450,3590,46684,165468345,4.51,198628643670,66949960.0,3570.0,20240201
101000,2300,2325,2285,2315,32585,75106725,0.65,43474422120,-4726090.0,,20240201
415580,2090,2095,2055,2070,34777,72134370,-0.96,10991700000,163520.0,-6360025.0,20240201
452670,1999,1999,1980,1998,20552,40928512,0.0,10429560000,-39960.0,0.0,20240201
091580,15170,15370,14880,15370,91015,1373420790,-0.13,209465726030,-13200250.0,-90836380.0,20240201
263810,4435,4565,4430,4480,327040,1470313090,-0.44,63816336640,-43040390.0,,20240201
089980,19750,20150,19500,20050,63306,1256078150,1.21,320580191850,-106725850.0,261071490.0,20240201
042940,382,382,363,378,297398,111076376,-1.05,39861777942,20795206.0,,20240201
042600,24450,25500,23850,25200,32455,799912150,3.49,313074064800,-30051250.0,152357400.0,20240201
107600,56600,56600,54600,55700,26170,1448118200,-1.59,270788056500,245803200.0,-565195700.0,20240201
411080,11080,11490,9840,9900,812872,8466240380,-13.16,149442856200,1448694170.0,-505360870.0,20240201
252990,7480,7620,6900,7330,2010468,14697305060,-4.43,367627691180,31469890.0,-559313740.0,20240201
378800,3030,3080,2990,3060,205792,623263320,0.33,70597354860,79386385.0,,20240201
294630,4460,4580,4350,4485,671091,2976140750,0.11,105569988615,-6773140.0,,20240201
038070,9260,9870,9180,9350,8796,82009910,0.86,81351320600,-16490370.0,-10.0,20240201
006730,7560,7620,7460,7590,221130,1668705090,0.53,467264999190,-95060740.0,168712500.0,20240201
079650,1518,1560,1518,1541,9470,14526479,1.52,30820000000,8750.0,1008944.0,20240201
100660,4525,4540,4435,4500,21643,97335510,-0.77,56700000000,-2925620.0,15.0,20240201
019770,4020,4205,4020,4175,60459,249601450,3.73,48638750000,21411670.0,-7150375.0,20240201
043710,692,700,674,695,44900,30950103,0.43,34888221600,-303330.0,,20240201
092190,3920,3960,3810,3860,36542,140286230,-0.64,177051958380,-19739650.0,7710.0,20240201
046890,10380,10530,10310,10450,346372,3603569590,0.1,609291430000,-238779520.0,-460841120.0,20240201
063170,10630,10650,10380,10640,81487,856031570,0.09,189118200880,55055070.0,762510.0,20240201
027040,404,412,400,412,46169,18689864,0.0,28670604964,-231735.0,,20240201
018680,3500,3530,3490,3520,10761,37697555,-0.42,41040802880,979295.0,,20240201
093920,5740,5750,5670,5740,19420,111056530,0.53,106764000000,407050.0,-2562200.0,20240201
189860,4235,4245,4160,4235,12710,53278705,0.0,41074333300,-2041800.0,15.0,20240201
178320,18450,19120,17990,18330,427014,7839627390,-1.98,688853167860,978957080.0,-1130705760.0,20240201
122690,3160,3415,3150,3370,296738,985680535,6.48,71538801470,109104285.0,188160.0,20240201
140070,3870,3950,3805,3885,146905,570363350,-1.02,143698380000,39261535.0,10646610.0,20240201
011370,912,927,908,920,229316,209811557,0.88,92823275800,39192832.0,11040.0,20240201
065710,18770,18960,18690,18860,5287,99887160,0.37,97129000000,1070970.0,244690.0,20240201
035890,1278,1302,1270,1300,335859,432458727,1.96,298750994100,113002373.0,51561267.0,20240201
357550,50300,51800,49850,51500,7203,366517150,1.58,280932500000,14600000.0,-24500.0,20240201
003100,18700,20100,18440,19800,140606,2755423370,6.74,130680000000,680625590.0,-38910.0,20240201
067370,8800,9160,8620,8960,7492,66710790,1.82,110329452800,-5473750.0,3520000.0,20240201
171090,26500,27000,24650,25000,221763,5609860600,-7.75,236039125000,-175704700.0,-1048009300.0,20240201
086710,8300,8400,8210,8330,32334,268365520,0.36,101653322400,-33163540.0,,20240201
014620,10680,10810,10610,10790,175866,1879904860,0.0,308594000000,-38487800.0,-205841510.0,20240201
037350,4220,4245,4120,4150,82432,343562550,-2.24,64200500000,-4087860.0,-95385590.0,20240201
081580,2230,2290,2210,2280,51807,116035795,2.24,35358566040,-1755820.0,,20240201
045300,3985,3985,3890,3935,40283,158081315,0.0,39190963040,-30637575.0,,20240201
015750,8220,9830,8220,9380,22939077,214599922570,13.01,750400000000,-4038434010.0,1071463560.0,20240201
365340,88400,91000,87500,90200,39168,3493708700,2.04,1086226825200,124471100.0,1023179300.0,20240201
080470,4580,5010,4515,4825,29089,137079820,2.44,35222500000,896620.0,,20240201
043260,1500,1518,1456,1464,336761,498431673,-3.37,78185482176,-41705098.0,,20240201
148150,6810,7050,6810,6990,464810,3227258320,0.29,247116372570,897651630.0,-505660300.0,20240201
188260,3845,4020,3680,3680,60277,229114175,-5.76,24848603840,11706575.0,-1409160.0,20240201
053060,1752,1819,1752,1813,184659,329787460,2.84,32012900647,58893120.0,-12691976.0,20240201
340440,1774,1821,1763,1818,60644,108600415,2.42,51591865752,-3639377.0,,20240201
017510,2755,2770,2720,2770,11170,30625940,-0.18,42231420000,623125.0,1041460.0,20240201
011560,8370,8520,8350,8520,40669,343463680,1.79,89715600000,45280580.0,144360.0,20240201
396300,3770,3825,3715,3785,90269,342172175,-0.79,100262757500,-8182970.0,-15140.0,20240201
100700,2740,2740,2710,2740,51129,139272250,0.0,120012000000,3793990.0,,20240201
024830,6800,7300,6800,7160,28728,204781790,4.37,59786000000,-2501680.0,-1200.0,20240201
258830,520,520,488,507,591117,297487770,-2.69,28070431194,-13652301.0,1016.0,20240201
036630,660,671,648,662,799795,527863229,0.0,145640000000,90121479.0,,20240201
039310,2330,2390,2330,2385,58030,137774745,2.58,43220175795,-397290.0,,20240201
067770,2810,2870,2770,2825,19857,55747240,0.53,23720375225,-3957795.0,-35460.0,20240201
053450,7600,7600,7290,7530,363176,2686881590,-1.83,111389806590,-137590110.0,-9958020.0,20240201
222810,2245,2290,2145,2250,329574,735925285,0.22,170233537500,70209860.0,,20240201
252500,871,883,871,874,71338,62446270,-0.68,36259104860,1157199.0,,20240201
321370,4820,5350,4780,5220,1232871,6304546555,7.74,136400583600,-31153705.0,,20240201
347000,3540,3545,3245,3310,4233370,14211984455,-12.32,109246470560,-14122480.0,-7798240.0,20240201
331920,4030,4095,3960,4075,8345,33381690,-0.12,33268903100,-611375.0,-36305.0,20240201
049180,2045,2045,1900,2025,206419,411738522,0.5,86679568125,-19765085.0,15.0,20240201
299660,4360,4360,4170,4260,45941,194546795,-2.29,57948682020,-43364770.0,,20240201
268600,0,0,0,6680,0,0,0.0,244941204600,,,20240201
108860,17200,17490,16830,17480,495473,8520907630,1.22,470470529200,-359220720.0,768161020.0,20240201
208370,6110,6230,6000,6130,195902,1194811500,0.33,157421857320,67125240.0,-70970.0,20240201
318160,3640,3675,3595,3670,142214,513248800,-0.14,33987506670,65075470.0,,20240201
068760,100800,101900,98000,100900,275799,27610087400,-1.18,3996673518700,1969201400.0,498613000.0,20240201
068940,0,0,0,778,0,0,0.0,29766744466,,,20240201
060230,1709,1741,1681,1701,167050,284573720,-0.47,67102662249,37178029.0,,20240201
290690,1529,1604,1521,1565,3474208,5387614134,0.38,229258023750,429949040.0,,20240201
950200,4980,5220,4930,4990,17487,87205285,0.2,95987904470,-27499020.0,,20240201
032680,690,696,624,624,7982846,5213639695,-4.0,65888636736,-339862315.0,-369691.0,20240201
032685,9800,10080,9800,10070,2128,21156260,0.9,3596419940,0.0,,20240201
258790,1376,1435,1376,1423,60792,85220878,2.74,35562597132,2740985.0,,20240201
066910,2705,2760,2690,2710,244828,665188965,-0.37,91555341890,118657045.0,-7720.0,20240201
043100,351,358,348,350,238914,84156050,-0.28,23232722800,-4447873.0,-4224.0,20240201
035610,4570,4720,4535,4585,534936,2475869375,0.33,125381396245,87412610.0,,20240201
357780,268500,274000,264000,270000,45214,12121206000,-0.18,2100212820000,2331488500.0,-83708000.0,20240201
036830,40700,43650,39850,42900,267244,11186797300,3.87,899358002400,-666526950.0,1406014500.0,20240201
304100,24500,25100,24050,24900,184837,4520792450,0.4,301135819200,-147782950.0,-141609650.0,20240201
328380,1322,1340,1306,1310,198662,261332053,-1.87,44884239180,-24181159.0,0.0,20240201
086980,3390,3490,3390,3450,130350,447870415,0.0,216101100000,-49329620.0,487380.0,20240201
050960,10050,10160,10030,10100,4051,40854340,-0.49,68185100000,-11817260.0,70.0,20240201
084180,790,815,776,782,674455,533781631,-1.51,86920473000,-102571680.0,75191571.0,20240201
253840,6580,6710,6580,6620,37204,246574730,-0.15,110703664960,61364200.0,-26560.0,20240201
298830,5770,5870,5650,5780,545197,3134583490,-1.53,304138172580,414804650.0,-590267570.0,20240201
236200,25600,25900,23600,24400,354790,8689862650,-5.79,175515861200,1729864400.0,-1692985750.0,20240201
094840,9020,9240,8260,8420,1011965,8772625770,-6.76,88172892800,1185931420.0,8125290.0,20240201
192440,34800,34850,33550,34850,21072,720121300,0.14,216640250550,-124348700.0,-13667550.0,20240201
424960,13200,13460,12900,13150,176280,2311353560,-1.05,199529421000,307892160.0,-43550500.0,20240201
136510,0,0,0,11600,0,0,0.0,619149095200,,,20240201
099440,3670,3760,3650,3725,656644,2428693745,0.68,149906642650,-17330715.0,-243792485.0,20240201
033790,1246,1280,1164,1233,49091,60135310,-1.04,21105384300,-7535577.0,,20240201
276040,9390,9480,8900,9150,319898,2918796200,-2.66,114873437100,2428990.0,247760.0,20240201
159910,700,709,688,690,84240,58584026,-1.43,24436401060,-324727.0,,20240201
115570,2950,2985,2905,2955,11294,33415465,-1.17,23594221140,-183280.0,,20240201
330730,4600,4650,4500,4590,137926,629826135,-0.22,83312309700,238466960.0,-88660.0,20240201
352090,8310,8390,7960,8200,65398,529464630,-1.2,110179291800,22436050.0,41250980.0,20240201
253450,45700,46850,45500,46500,52483,2428581200,1.09,1397720157000,-328035450.0,670072700.0,20240201
408900,29950,31050,29650,30650,21087,637147250,2.0,164300857500,133679750.0,5479850.0,20240201
204630,309,321,309,312,654099,204010575,-1.27,38337682032,53569983.0,,20240201
013810,3680,3800,3680,3785,276731,1039673625,1.47,55470953950,3724125.0,40.0,20240201
203690,8900,9210,8710,9100,96069,867205540,1.79,108243890300,195964260.0,-181261520.0,20240201
049830,9390,9450,9310,9400,933,8736140,-0.21,57641852800,992520.0,,20240201
020710,4175,4230,4140,4225,56319,235963795,1.2,84702673250,36692450.0,-17155.0,20240201
033170,1232,1260,1217,1241,1020453,1263340393,-1.04,106388843879,-1692826.0,,20240201
048870,2740,2815,2690,2740,163864,446346285,0.0,226620862560,45642665.0,-137265.0,20240201
025320,7920,8200,7870,7940,2441506,19531517740,-1.49,665514411840,2137989680.0,139312430.0,20240201
269620,0,0,0,889,0,0,0.0,132090012299,,,20240201
429270,12030,12030,11400,11630,57151,663612960,-3.33,52407687500,-36724480.0,-58430.0,20240201
418250,10280,10350,9550,10330,112495,1132361310,0.39,82449328860,110610000.0,20086070.0,20240201
131090,999,1008,990,1002,58677,58662637,0.3,44088000000,-792486.0,-2003.0,20240201
232830,3890,3990,3835,3860,88550,345254185,-1.28,45190841920,-9339600.0,,20240201
290520,4065,4065,3870,3875,48078,189069170,-4.79,61726277750,-57308860.0,-27035.0,20240201
001000,1565,1592,1560,1583,34003,53475102,1.15,38431345820,-3442204.0,,20240201
025870,7650,7780,7630,7670,20406,156971000,-0.52,30680000000,-2156370.0,,20240201
215600,5050,5590,4915,5110,1406888,7318035015,2.0,525651008750,-795953785.0,614274675.0,20240201
065350,72000,76900,71900,74200,1255606,93868348000,0.68,2039308941600,894643900.0,3029100.0,20240201
416180,26000,26050,25250,25950,98583,2524990100,-0.95,234582239100,-867827400.0,92485750.0,20240201
162300,3885,4130,3595,3870,11732999,46518471815,-1.02,160494248340,341746510.0,4536230.0,20240201
290560,13500,13630,12150,12150,225726,2894825930,-12.08,44127293400,-318451310.0,-53312630.0,20240201
002800,5940,6030,5940,6000,90204,538470520,-0.33,91023000000,15867280.0,,20240201
419270,4080,4080,3530,3530,453472,1695603220,-15.95,15196650000,117913395.0,-146325390.0,20240201
430220,2370,2380,2330,2370,7540,17755825,0.0,16021200000,272910.0,-4875845.0,20240201
445970,2270,2270,2235,2240,11631,26346560,-1.1,12006400000,-606725.0,-8612065.0,20240201
017000,2895,2970,2880,2940,44162,128552170,1.55,34303999380,50251220.0,2920.0,20240201
012790,7040,7100,6970,7100,19824,139419910,0.85,85103546500,24888840.0,0.0,20240201
138070,2700,2705,2650,2700,54892,146526745,0.37,47258650800,10793630.0,2665.0,20240201
226330,12420,13270,12360,12880,212098,2718722560,2.55,196168518000,147968440.0,77749820.0,20240201
418210,2395,2395,2375,2395,4264,10156155,-0.21,8765700000,0.0,0.0,20240201
452980,1905,1907,1896,1906,65893,125508694,0.11,36032930000,13591754.0,13348703.0,20240201
393360,2060,2070,2060,2065,61408,126793705,0.0,15177750000,-6195.0,28127025.0,20240201
405640,0,0,0,2390,0,0,0.0,10838650000,,,20240201
056700,2345,2350,2260,2320,199104,458225610,-1.07,67593411120,19941580.0,-186805.0,20240201
187270,4340,4450,4310,4385,91685,399286635,0.11,44480760325,-52386975.0,3477345.0,20240201
243840,42650,43700,42400,43700,22290,962053000,1.27,340152365900,174126200.0,45485750.0,20240201
257720,7870,8270,7740,8230,973801,7778488060,3.65,497003395820,-399490030.0,43823030.0,20240201
222800,33800,34450,33400,33950,324541,10974954200,0.44,1081448154850,177793250.0,-1015903900.0,20240201
036710,2810,2885,2785,2855,174293,494231775,0.18,138039663975,-54790690.0,85732125.0,20240201
160980,13780,13910,13500,13660,28938,394268080,-1.87,149225159380,-49994590.0,-16563030.0,20240201
356890,9640,10200,9530,10120,101644,1013783320,6.3,48237283600,-7876970.0,,20240201
217330,14050,14340,14000,14070,73025,1034973690,-0.99,313463095890,126825870.0,-140660.0,20240201
010280,889,927,870,909,636288,571450276,1.34,59197521474,37781749.0,-10571267.0,20240201
208640,401,406,389,395,432039,170416178,-2.47,54999900330,-5188211.0,-190032.0,20240201
222420,1407,1442,1400,1433,78749,111091075,-0.21,65144511023,4089827.0,,20240201
037760,1430,1445,1415,1427,37387,53448766,-1.25,48279578267,-522622.0,,20240201
099320,31950,32150,30600,31200,64333,2009577400,-3.26,341679873600,561453900.0,70249000.0,20240201
049960,11460,11670,11250,11500,15168,174821940,0.26,108100000000,-66044090.0,309730.0,20240201
088280,4000,4045,3900,3960,102813,408022660,-1.0,68533700400,27163425.0,9901640.0,20240201
050890,6110,6350,6110,6250,1088812,6808554150,3.14,382635250000,905492740.0,180938490.0,20240201
109670,19050,19890,19030,19890,19408,378212140,2.74,113629998690,30838400.0,,20240201
066790,1065,1136,980,1000,10344245,10736813999,-9.83,56025056000,395166255.0,-178972.0,20240201
222080,9550,9660,9400,9630,241648,2304101090,0.94,676580803560,31165190.0,672760430.0,20240201
352480,67500,68500,63500,65000,97800,6390353300,-5.11,650906165000,787802400.0,-1555509600.0,20240201
264660,12620,12790,12520,12790,11545,146676330,1.27,119163598650,-1561690.0,20459910.0,20240201
352700,2875,2940,2830,2935,65275,187585730,0.69,80057698565,42278410.0,-14907490.0,20240201
297090,9100,9120,8270,8570,575040,4934265760,-6.44,233703900000,168722370.0,-2143192600.0,20240201
900120,117,128,116,128,12447117,1541461359,9.4,36893717248,50913955.0,,20240201
359090,1280,1310,1271,1272,221874,286446395,0.24,69772078536,56703451.0,0.0,20240201
115530,332,333,309,323,372737,119387368,-3.0,21952049000,-170084.0,16751.0,20240201
115480,785,793,774,789,226069,176807731,-0.88,38049176262,-11550414.0,,20240201
340810,7750,8050,7600,7840,48335,375047990,0.26,81127230240,-71402870.0,0.0,20240201
376290,3615,3690,3510,3630,22688,81685905,0.41,64096725000,-2377285.0,,20240201
189330,10770,10910,10530,10660,28039,298391970,-2.11,64943747440,-19121910.0,20.0,20240201
096530,24800,26150,24450,25900,884853,22509805100,2.37,1352653244600,-474701500.0,1630663250.0,20240201
101240,4660,4780,4615,4715,71772,337955500,0.21,47801537560,-57635165.0,-25710605.0,20240201
060590,8790,9070,8790,8860,40466,360317320,-0.67,214243837200,7677520.0,300.0,20240201
260930,5110,5160,5010,5130,36885,187435810,-0.39,99222361830,-9669350.0,1352340.0,20240201
052300,434,453,413,453,587912,255037232,3.19,53749097790,13860716.0,719675.0,20240201
013990,5200,5310,5070,5160,1025301,5293725030,-0.77,169699685760,250383330.0,-5279280.0,20240201
123860,25800,25950,25300,25750,48569,1240481900,-0.19,312177936250,-220144800.0,18633250.0,20240201
025980,6080,6160,6050,6140,676327,4128263410,0.66,556464994920,284675930.0,-611823900.0,20240201
058220,0,0,0,275,0,0,0.0,10717917100,,,20240201
125210,10570,10700,10290,10460,218917,2279846110,-1.88,172556423400,96592580.0,-20820.0,20240201
357580,11140,11140,10850,10950,43851,479308350,-1.53,122861890800,-56366030.0,130.0,20240201
052710,7690,7850,7560,7730,58438,449320530,0.39,112974792570,-97579220.0,30191080.0,20240201
074430,1425,1450,1400,1412,357637,505155613,-1.26,124011503728,71164019.0,7743266.0,20240201
092040,6080,6210,6030,6050,221459,1345316680,-0.82,330979086350,78690510.0,-5645920.0,20240201
083930,12550,12740,12220,12510,69812,869242100,-0.71,192814102980,21962980.0,22030.0,20240201
149950,12670,12670,12220,12550,17026,211152270,-0.95,195874125000,-45858270.0,-4971560.0,20240201
036010,11750,12030,11590,11780,124988,1470541340,-0.67,156590762520,-91132050.0,-33784630.0,20240201
050860,2375,2415,2335,2415,38368,91369840,2.33,54337500000,-5505465.0,,20240201
136410,6920,6990,6520,6830,38279,260338760,-1.73,75260493980,13946720.0,36168400.0,20240201
246720,4945,5890,4945,5430,297075,1637123340,9.92,71697475650,-166908105.0,413060.0,20240201
067390,1586,1590,1560,1585,29655,46694682,0.0,67030271320,182430.0,,20240201
159010,9730,9830,9350,9590,32806,312066520,-1.03,127880147010,-82874410.0,32220.0,20240201
127710,1212,1214,1186,1213,33338,39947048,-0.08,42338651466,845844.0,,20240201
154030,2880,2910,2795,2795,100454,284608745,-3.95,31082745005,15744590.0,,20240201
227610,1801,1812,1780,1798,50474,90322241,-0.77,56910004724,-19154644.0,,20240201
143160,20800,20800,19850,20300,111220,2232994590,-1.46,217542717000,-6255120.0,-99724260.0,20240201
054800,11290,11600,11240,11500,77716,888689470,1.95,118999194000,-327134020.0,-11547700.0,20240201
332370,3500,3540,3500,3540,14846,52195100,0.14,46988990040,-2007800.0,0.0,20240201
339950,1742,1754,1719,1743,64886,112400999,0.06,78342019665,-1021488.0,,20240201
099190,24400,24500,23200,23750,446438,10630264450,-1.86,653558983750,1087122950.0,-2319908050.0,20240201
289010,4085,4130,4015,4045,71147,287491825,-0.98,52035029665,-110564195.0,,20240201
214430,29100,29100,27600,28100,40485,1132460050,-1.92,199699956000,115598400.0,-8085850.0,20240201
040910,8490,8670,8200,8270,68887,576556880,-4.06,152704243340,-32351520.0,-231330.0,20240201
368600,5220,5490,5220,5380,33200,177162060,0.0,94356301480,588330.0,,20240201
052860,3060,3090,2950,2970,145455,435828805,-2.94,53052676380,47902060.0,-582335.0,20240201
069920,3105,3515,3030,3440,289269,965628120,6.5,88842685280,-190460255.0,,20240201
038880,438,441,429,438,541314,235068552,0.23,129108887700,-41889159.0,-354212.0,20240201
307180,3055,3090,3000,3090,50941,154762240,1.15,82508246820,-159980.0,7092390.0,20240201
101390,5950,6090,5810,5960,134483,799380690,2.41,53960391720,2693340.0,,20240201
451220,20650,21000,19300,19460,820057,16285769510,-9.28,153239930060,-51070540.0,-476287160.0,20240201
078860,3265,3380,3265,3265,15657,51847340,0.46,15692644595,-523675.0,724955.0,20240201
090150,1311,1322,1280,1297,278887,362242882,-1.89,54312255021,101919010.0,,20240201
123010,1502,1540,1488,1500,36459,54617450,-0.73,48987813000,-18413818.0,,20240201
031310,3000,3200,3000,3140,483581,1504149815,3.97,71533900580,97491720.0,-8652435.0,20240201
185490,3125,3210,3080,3190,56398,177589875,1.75,86225010960,-23513105.0,,20240201
059100,6260,6260,5890,5990,59595,358288850,-3.7,42354451400,21399350.0,,20240201
262840,6380,6380,6080,6210,46737,287403680,-2.2,61230600000,-7479160.0,-25805390.0,20240201
175250,2515,2535,2280,2365,832152,1975933160,-8.16,88825540320,82386945.0,7741800.0,20240201
052460,3850,3870,3740,3755,133517,506336090,-2.47,54852799680,-65606280.0,,20240201
119830,7220,7310,7160,7190,211915,1528251540,-1.24,154112595430,2176150.0,104263940.0,20240201
052770,1386,1413,1332,1358,326673,443481501,-2.58,54323411296,-45465410.0,39353115.0,20240201
124500,10750,12480,10370,10770,2808258,31882303260,0.65,245357756610,2498246190.0,-40461890.0,20240201
372800,6970,7000,6690,6780,10935,74604370,-2.73,40862992200,-11260380.0,-3560.0,20240201
084850,24800,25350,24000,24250,41864,1019416750,-2.41,550061149500,232631350.0,-54474200.0,20240201
114840,32750,32750,30400,30600,161119,4983507400,-6.85,263189743200,1034649450.0,-914665250.0,20240201
027360,2685,2730,2660,2680,240352,645718030,-0.19,323865688080,57874420.0,9530645.0,20240201
032080,1548,1558,1543,1549,20668,32037215,0.06,33289603921,-4139073.0,,20240201
013310,0,0,0,4140,0,0,0.0,160659249480,,,20240201
059120,9200,9420,9100,9180,123553,1136093320,-1.71,89492111280,144113400.0,-3193280.0,20240201
158430,4260,4355,4150,4355,193907,828523390,2.47,98321245425,-143805990.0,150502950.0,20240201
067160,103000,105500,100200,100800,262954,26652836600,-3.17,1158672513600,8592654400.0,-5274963100.0,20240201
001540,8780,8830,8580,8620,57902,501250510,-2.05,112425660400,67759120.0,1312270.0,20240201
053800,72500,74000,71800,73000,61234,4473000500,0.27,731011415000,-143614600.0,1043236500.0,20240201
065660,13800,13850,13580,13730,21874,300309270,-1.22,133611751290,-26886910.0,0.0,20240201
297570,1462,1489,1443,1470,290334,424203187,0.55,50893190460,8650151.0,,20240201
260660,5410,5470,5390,5460,13397,72584250,0.0,83685534660,6181370.0,-344230.0,20240201
354320,41500,42000,40250,40750,56312,2304039000,-2.98,260448775750,-12618300.0,-261571000.0,20240201
361570,3725,3735,3605,3700,80580,293802140,-0.67,105950576700,-13167465.0,1712875.0,20240201
131370,4515,4545,4290,4430,1350456,5914181155,-2.53,235973177690,1090087240.0,-193102060.0,20240201
140670,13680,14310,13600,14070,158114,2202644230,2.4,130895179800,-122589140.0,80157830.0,20240201
096610,0,0,0,2965,0,0,0.0,51550708615,,,20240201
061040,3990,4080,3980,4080,96196,389378690,1.37,130924176720,147645140.0,-457780.0,20240201
148250,4810,4855,4630,4795,14815,69836435,-1.24,35440736870,-11503680.0,-62565.0,20240201
347860,7390,7430,6980,7130,327370,2322368140,-3.52,153654152360,-48842580.0,-601531010.0,20240201
196170,76500,79500,70500,71400,1641681,120252091100,-7.63,3785044519200,-11551092400.0,-4625745000.0,20240201
123750,3235,3300,3190,3270,33944,109851630,-0.3,41680391190,-1126415.0,-16990755.0,20240201
085810,1233,1234,1102,1120,395049,465981675,-0.09,33248061280,-19294345.0,,20240201
117670,0,0,0,945,0,0,0.0,35605449180,,,20240201
314140,9300,9420,9090,9190,41367,379938240,-1.18,79643857590,-33705430.0,,20240201
291650,3000,3180,2960,3015,30129,90184345,0.84,51195459780,6136990.0,,20240201
293780,6950,7040,6770,6890,121870,836775160,-1.85,153639186740,211221010.0,37870.0,20240201
196300,17990,18150,17370,17580,67106,1193105840,-1.01,104377628520,-78021390.0,-3991440.0,20240201
310200,3245,3275,3195,3200,314201,1014015730,-1.39,144597299200,-128634590.0,-966120.0,20240201
179530,3090,3215,3010,3210,35776,109745245,4.56,29340825240,9442395.0,,20240201
900100,1805,1809,1715,1731,81675,142045787,-3.3,67356351765,-11610797.0,,20240201
205500,1999,1999,1920,1975,89145,175225765,-0.7,99977069475,-49406806.0,-361205.0,20240201
052790,9040,9160,8700,8770,131988,1169871140,-3.52,99369695260,279336930.0,95050.0,20240201
290740,7540,7540,7290,7380,47146,347247680,-1.99,74279781180,46099910.0,,20240201
238090,3460,3600,3190,3530,56638,194638065,2.47,83100799590,-42226680.0,,20240201
092600,1449,1469,1391,1420,31899,45381843,-2.07,35618594140,-3560801.0,,20240201
129890,958,967,926,952,396271,372590781,-2.06,48212526320,20698220.0,,20240201
174900,13710,14730,13710,14020,363564,5212157790,1.96,217735857500,-742803800.0,25440590.0,20240201
255440,10310,10510,10300,10440,28729,297872440,0.29,136325520000,3152060.0,-10080.0,20240201
030960,12410,13250,11930,11980,313169,3946346270,-2.76,191440400000,76880300.0,280.0,20240201
102120,18600,20300,18230,19870,4012715,77466513480,6.14,353303562110,3049317930.0,-133283260.0,20240201
263540,0,0,0,5950,0,0,0.0,80289841450,,,20240201
238120,4045,4055,3985,4050,138581,556071990,0.12,58234528800,-57028110.0,-9859965.0,20240201
019990,6470,6730,6470,6550,18878,123574390,1.24,63902376400,2956140.0,50.0,20240201
270660,23750,24800,22500,23250,1271821,30123961050,-5.87,283448701500,-873253150.0,-332171250.0,20240201
038680,4765,4800,4705,4735,82971,393544915,-0.63,91986030580,-35971550.0,10.0,20240201
217480,0,0,0,499,0,0,0.0,54756837359,,,20240201
121890,1902,1944,1808,1811,130902,243630073,-4.78,22974563320,-74499164.0,31290987.0,20240201
304360,8600,9300,8600,9140,350481,3169618200,6.4,103620874640,15975080.0,-3840780.0,20240201
389500,36350,37200,35400,36900,57046,2070091500,0.96,227853957600,-1552000.0,91684750.0,20240201
042110,1731,1765,1724,1762,218436,378880641,0.97,85156691768,101429338.0,,20240201
298060,3230,3350,3060,3140,557044,1763221015,-2.79,64267158720,-141498715.0,,20240201
065420,287,289,279,282,229280,64853039,-1.74,20184798318,-808936.0,-77113.0,20240201
103230,3460,3545,3440,3445,29260,102192560,-2.68,24804000000,-9309065.0,-175540.0,20240201
260970,17200,17200,16040,16730,16420,269715130,-0.89,67914096600,-9975080.0,7082100.0,20240201
101490,42550,42900,41000,41900,354936,14790944100,-2.56,898815629300,-3221968200.0,-2089637900.0,20240201
095910,1820,1835,1804,1815,51440,93249703,-0.71,35400672945,-26304.0,-4475518.0,20240201
275630,4895,4960,4750,4960,18320,89580720,0.3,29849225440,-3565690.0,24325000.0,20240201
031330,2665,2725,2660,2705,189024,509877290,0.93,270486656235,44048115.0,-47626380.0,20240201
060540,2365,2490,2365,2485,281231,687714405,4.41,64941265410,15718120.0,,20240201
351320,2705,2880,2620,2780,31058,84497785,1.46,61204163080,11186895.0,12305.0,20240201
056190,27000,27300,26550,27100,456119,11724371250,0.18,973127396000,7196779200.0,627460900.0,20240201
080000,3105,3125,2965,3045,827882,2516508875,-3.18,104513139150,15990875.0,-40992660.0,20240201
214310,0,0,0,306,0,0,0.0,22516276518,,,20240201
246250,5340,5340,5010,5150,24445,125701460,-3.38,39521630450,18316730.0,-215770.0,20240201
041510,76000,76700,73000,74300,306622,22735625700,-2.62,1770635944300,5671858700.0,-10844358400.0,20240201
007820,5140,5190,5090,5180,17369,89328170,0.58,103775840280,-7157370.0,-4070.0,20240201
109610,4115,4155,4080,4145,272323,1121933210,0.61,202721173000,136807875.0,,20240201
365330,3050,3290,3020,3210,598659,1885842140,3.55,98258100000,-17643285.0,-1546380.0,20240201
031860,220,226,210,226,2952268,642432476,3.67,29448594390,23192365.0,,20240201
306040,8610,8730,8400,8610,16383,139597410,1.06,84944779080,36281750.0,1127870.0,20240201
457940,2230,2230,2200,2225,10832,24087215,-0.22,7364750000,-26700.0,-9691580.0,20240201
435870,0,0,0,2240,0,0,0.0,8332800000,,,20240201
455910,2215,2250,2185,2195,13425,29580660,-1.35,11018900000,685640.0,-523370.0,20240201
096630,1738,1751,1696,1719,584833,1006354478,-1.09,133027627284,-68141426.0,173030050.0,20240201
069510,8510,8700,8510,8700,10130,87756860,0.58,94917000000,-2728560.0,-286110.0,20240201
041910,6470,6510,6390,6480,27594,177909860,0.0,77100744240,1277040.0,1777490.0,20240201
234300,4375,4460,4255,4320,3042583,13231275810,1.89,118939285440,-26992195.0,-843265.0,20240201
039440,26800,27350,25800,26150,248201,6544612200,-2.06,413954500000,-233465400.0,-699879850.0,20240201
098660,2020,2075,1910,2075,91128,181864139,1.72,25939525200,7341769.0,,20240201
052020,6500,6860,5760,6100,1402072,8709758580,-7.85,282298856100,2266808240.0,46613820.0,20240201
237690,63000,65600,61300,63400,165687,10502899400,2.42,1192476335000,-1486218600.0,721396600.0,20240201
050760,2150,2210,2135,2190,34385,74159535,0.23,35772944820,-2289980.0,-169255.0,20240201
288620,14960,15080,14830,15000,21893,326943610,0.13,104689740000,-62074880.0,149530.0,20240201
317830,9990,10140,9850,10100,96681,967825820,1.1,108815561800,79658730.0,74548240.0,20240201
058610,29200,30250,29150,30200,311619,9263962500,3.6,669756272000,-912334400.0,447872350.0,20240201
043340,667,677,661,675,15589,10476552,0.45,64125000000,-24310.0,,20240201
187660,2650,2930,2585,2930,1425693,3992841425,8.72,63980212500,-302458510.0,-2087795.0,20240201
054630,285,290,278,288,333250,94606493,0.35,22956324768,-3128370.0,-56260.0,20240201
200710,25850,26800,25250,25800,265055,6845184900,-1.34,346418380200,662462050.0,-19215550.0,20240201
096690,498,504,490,493,546273,269845411,-1.0,82521272364,-46680826.0,208842.0,20240201
298380,21700,22200,21350,21800,403074,8752181550,-0.91,1044057350200,-274589000.0,1420259500.0,20240201
203400,6770,6770,6200,6280,76239,491573030,-6.27,138323236040,-17835080.0,0.0,20240201
195990,527,540,525,538,664473,353059622,0.19,153163069898,17154789.0,-824479.0,20240201
003800,25500,26500,25500,26250,6043,158463450,2.94,291112500000,-70562800.0,50.0,20240201
088800,2800,3050,2680,2700,5899519,16782956095,0.93,188800397100,-1811335420.0,-1288495.0,20240201
241840,11550,11700,11220,11450,48738,555727860,-1.46,109232931300,62457000.0,-900220.0,20240201
453860,31250,32000,29050,29450,111601,3327573000,-8.11,166604981750,-40997350.0,-444276700.0,20240201
312610,2355,2425,2305,2410,17610,41807390,2.34,48819100080,3829755.0,,20240201
172670,21500,22000,20300,20850,293236,6114664000,-3.92,186821400150,561642600.0,-1017208500.0,20240201
445090,45500,46300,41500,42400,724088,31140314550,-7.83,452764329600,-1849307600.0,-4001781700.0,20240201
072990,9070,9100,8770,8870,16503,146398600,-2.95,63602876070,17834100.0,-1954140.0,20240201
227100,1969,1987,1822,1885,210706,395908339,-3.83,23914169370,45924770.0,,20240201
239610,15110,15240,14970,15100,3571,53710590,0.33,81420936500,-1400040.0,-15210.0,20240201
462020,2050,2065,2050,2065,15889,32666705,-0.24,8972425000,37000.0,1934675.0,20240201
148930,6910,6930,6760,6820,41889,285509460,-1.59,69394952660,-41017960.0,0.0,20240201
044780,1745,1804,1736,1775,136106,241366272,1.25,32847771925,4247209.0,,20240201
357230,7890,7920,7760,7820,19312,150627420,-1.01,164321566160,-10863760.0,10180150.0,20240201
355690,14000,14390,13590,14300,87580,1222803750,-0.9,77180246000,41795110.0,69279590.0,20240201
071670,10650,10850,10560,10730,54058,575978450,0.0,107300000000,-4027150.0,-12530.0,20240201
045660,13000,13240,12570,12690,142503,1828738780,-4.23,104819400000,368572940.0,130.0,20240201
224110,13630,13960,13500,13780,27946,382483510,-1.01,73585200000,-69010640.0,70.0,20240201
021080,3055,3090,3005,3090,210248,641029935,0.0,148320000000,57993920.0,1167915.0,20240201
089530,0,0,0,600,0,0,0.0,43367041800,,,20240201
200470,3630,3655,3445,3535,757576,2685387085,-2.48,149749998755,207857110.0,3852730.0,20240201
262260,11700,12170,11610,12130,47539,561982960,3.5,175418650020,46798660.0,28179530.0,20240201
109960,594,603,589,602,160682,95557088,0.67,68719670152,-11018334.0,1057.0,20240201
397030,12820,12980,11820,12340,352854,4354393480,-4.93,266823254200,174139780.0,-341547480.0,20240201
089970,13720,13850,13400,13570,37596,509160100,-1.09,325416674150,-112881060.0,-15851780.0,20240201
230240,17020,17330,16710,17160,94068,1598013310,0.82,231471686160,-350133280.0,226250560.0,20240201
230360,9640,9710,9520,9640,78634,754194090,0.0,312027799560,86379750.0,-78770600.0,20240201
038870,5790,5940,5780,5900,151985,891100670,0.34,82688199100,-41575640.0,-5950.0,20240201
097780,1019,1031,1016,1021,66326,67651867,0.1,69152675098,-2873048.0,-5621203.0,20240201
448280,37300,37850,36600,37850,60010,2227766950,1.2,373846077550,296296150.0,-28816400.0,20240201
101360,29600,29800,27900,28650,322801,9234657000,-5.13,328193857950,128353750.0,-538811300.0,20240201
128540,2535,2535,2445,2455,53331,132029780,-3.35,65525079300,947350.0,,20240201
086520,501000,539000,497000,534000,372819,192939899500,6.37,14219174712000,3421454000.0,32291779000.0,20240201
247540,213500,228500,211000,228000,1010740,222755492500,6.79,22298706432000,-25089875500.0,52828964500.0,20240201
383310,58000,59800,57200,59700,78913,4616803300,2.93,913704440400,-298227500.0,964805200.0,20240201
038110,4465,4675,4430,4660,888089,4093639705,4.37,191849264200,438206295.0,45847500.0,20240201
073540,2290,2395,2250,2355,34782,79595435,2.39,26847000000,-4869160.0,-466990.0,20240201
064850,6560,6700,6540,6600,12004,79401340,0.61,79728000000,-2001920.0,-689230.0,20240201
036810,21450,21700,20500,21000,173337,3640935250,-2.55,456892569000,481331300.0,-123613250.0,20240201
173940,4720,4720,4455,4690,10816,49355415,-0.21,72192269520,-4863475.0,-5166885.0,20240201
083500,10650,10650,9980,10110,162166,1642863360,-5.07,86700549420,342307930.0,-121216160.0,20240201
054940,843,848,835,844,99700,83814170,0.24,27998474512,2335078.0,0.0,20240201
043090,439,443,420,425,112998,48295182,-3.19,29605338925,1697708.0,,20240201
950130,7990,8070,7880,8020,113991,908778960,-0.37,291654092940,7256890.0,4720.0,20240201
205100,2435,2500,2390,2425,1211268,2958906595,-0.61,174511320175,174971370.0,84540025.0,20240201
356680,5710,5830,5400,5530,634468,3548569820,-5.15,157569010760,-72332330.0,,20240201
070300,3065,3095,2945,2970,22356,66816020,-4.19,21877239780,-2812870.0,1325545.0,20240201
317770,4800,4875,4530,4610,475353,2201256305,-5.63,105023203660,412500610.0,-2030.0,20240201
092870,16110,16480,15620,15910,341275,5469563940,-1.79,172604360270,277901140.0,-54174690.0,20240201
317870,14500,15100,14500,15040,25010,371873530,2.31,127941520000,122105380.0,-145903310.0,20240201
067570,2450,2500,2440,2480,97449,240227970,0.0,104581600000,96783995.0,-19135.0,20240201
236810,7550,7790,7250,7400,393631,2917454960,-4.02,125618152400,580090400.0,-170573500.0,20240201
333620,9110,9120,9000,9110,17862,161831390,0.0,96168293840,-14486870.0,40.0,20240201
101400,598,600,572,600,112792,66613895,0.17,35511734400,-4181129.0,,20240201
391060,9850,9880,9750,9860,9159,89543850,-0.2,50286000000,6190730.0,35261750.0,20240201
422040,2140,2155,2125,2140,18298,39098550,0.0,15322400000,145885.0,1799755.0,20240201
437780,2190,2215,2190,2215,36214,79756505,1.37,11141450000,-274215.0,9867405.0,20240201
438580,0,0,0,2460,0,0,0.0,7429200000,,,20240201
439410,2040,2055,2035,2050,44645,91363355,0.0,18040000000,-169685.0,44346805.0,20240201
440820,2065,2085,2060,2085,7258,15028145,0.0,16263000000,-58135.0,1217235.0,20240201
451700,2005,2010,1999,2005,13897,27819293,0.0,28771750000,-3998.0,-11085167.0,20240201
466910,1995,1999,1986,1996,32413,64588201,0.05,18163600000,-5008260.0,23402366.0,20240201
265740,8500,8550,8400,8400,17166,145076090,-1.29,75027120000,15420550.0,,20240201
354200,4490,4550,4370,4470,28483,125930475,-0.22,57614844690,14015770.0,,20240201
419080,15720,15940,15050,15440,103357,1590086840,-3.14,162395094480,117518560.0,-90997360.0,20240201
208860,0,0,0,2205,0,0,0.0,25233717915,,,20240201
183490,1704,1740,1680,1719,235015,399543786,-0.58,146227701078,-76230037.0,1719.0,20240201
182400,1993,2450,1831,2200,30865913,67165102323,3.04,182313320200,763963509.0,-1180480971.0,20240201
348370,152700,181500,151000,180800,1537283,254108836300,10.58,3002816980800,9579689700.0,-19007946000.0,20240201
058450,2530,2580,2420,2515,32657,81709825,-0.98,29039749300,-4431085.0,,20240201
069410,5300,5400,5140,5340,358678,1884081050,-0.56,54707360160,-177204980.0,7642670.0,20240201
227950,601,609,589,606,507652,302111024,0.66,62766771180,-29330703.0,,20240201
291230,3490,3545,3265,3380,1274384,4297343505,-3.7,147842582420,304414090.0,-692891890.0,20240201
198080,2275,2300,2220,2245,88469,199020745,-2.18,48346490325,183825.0,-13498615.0,20240201
048830,1769,1784,1766,1769,35056,62150021,0.0,33122619787,-578750.0,,20240201
096870,2935,2935,2850,2920,20660,59970995,-0.51,19500928000,-2738960.0,,20240201
290650,23750,23800,23050,23550,91705,2147082800,-0.42,534229183050,-231164550.0,423268350.0,20240201
156100,8740,8830,8530,8600,44121,380221950,-2.82,171455989800,-56727530.0,-6033340.0,20240201
073110,6150,6340,6120,6270,71811,445386760,0.0,55776383850,113298150.0,-4664670.0,20240201
083310,19470,19740,19140,19230,273502,5285866950,-1.69,342486934590,-430379300.0,-58050350.0,20240201
037950,1311,1345,1286,1289,1896564,2495893996,-2.13,108852851991,-53434467.0,,20240201
170920,15510,15880,13800,14300,728658,10494004370,-10.06,140220366000,1949355870.0,-734766190.0,20240201
058630,6110,6130,6020,6090,126044,762376430,-0.16,119022210930,-141430060.0,11827620.0,20240201
058970,64900,65700,57700,59800,446252,27040358500,-7.86,670484776000,5604851900.0,-10896181600.0,20240201
019590,867,889,867,879,102392,89534383,0.23,100176590418,-6064579.0,,20240201
169330,2985,3000,2950,3000,9211,27396545,0.67,54770754000,1284890.0,790775.0,20240201
373170,15150,15200,14800,14880,25744,384685010,-1.59,74217422400,-133774440.0,0.0,20240201
179290,6200,6250,6020,6100,124378,755968990,-1.93,196881635800,-14239840.0,-134522820.0,20240201
009780,5030,5130,4995,5120,35242,178699070,2.4,90112000000,39569700.0,-3422835.0,20240201
123040,4955,5130,4935,5090,320979,1625906735,2.72,232400629930,378212845.0,-3969085.0,20240201
323230,1735,1743,1601,1685,647127,1079809000,-3.27,72868320390,-112281794.0,,20240201
032790,1428,1445,1393,1422,139875,197847559,1.14,59377832586,11394652.0,0.0,20240201
033160,12460,12800,12230,12630,232971,2915638320,1.61,278697760530,233652620.0,210.0,20240201
347890,8100,8260,7870,8180,78227,633093080,0.62,138350008720,61346120.0,87024580.0,20240201
033310,2855,3090,2840,2940,102021,300209655,1.91,118606159140,42926145.0,,20240201
259630,10530,10580,10210,10390,39457,408201130,-1.33,127614156780,-77025440.0,2916540.0,20240201
115960,13730,14080,13510,13980,12363,171345370,0.29,173324040000,15289060.0,20310030.0,20240201
060850,9270,9290,9000,9250,11613,106621230,-1.07,75211750000,-16738070.0,20044740.0,20240201
143540,1062,1104,1062,1085,102328,111169977,0.18,48390886075,-9036162.0,,20240201
036560,12410,12470,12290,12320,50554,624615460,-0.96,194040000000,152280.0,10359910.0,20240201
265560,9000,9000,8800,8880,39092,347189170,-0.56,94928798400,18018080.0,-125650000.0,20240201
036000,1800,1804,1772,1787,11845,21096429,0.68,41162252999,-385173.0,-4071927.0,20240201
250930,730,750,722,748,54687,39969329,2.47,24684329120,1047106.0,,20240201
053280,4990,5240,4990,5050,558624,2857974240,1.2,126250000000,2863300.0,788585.0,20240201
122640,15340,15550,15030,15160,60553,919954470,-1.88,288712224720,-30708550.0,-10569360.0,20240201
900300,93,100,92,94,8372409,789074936,0.0,23054767214,-321707405.0,,20240201
045060,3080,3140,3070,3135,16937,52525325,1.79,53113088490,-739745.0,0.0,20240201
080520,4760,4910,4690,4720,38491,182079970,-0.84,55443994480,-15627600.0,-15.0,20240201
039830,7090,7090,6980,7030,17845,125552570,-0.14,75663116700,-4085700.0,,20240201
322310,28300,28900,26700,27200,211779,5822160550,-4.56,254769942400,637033300.0,-834286450.0,20240201
046120,3290,3340,3245,3335,192248,632368575,-0.15,90274528040,-40060020.0,11004205.0,20240201
014940,2585,2650,2525,2640,120580,308626365,2.72,120314465040,-25476940.0,5806290.0,20240201
065500,1301,1336,1283,1332,103639,135234080,2.38,42281558784,-1107676.0,,20240201
010470,8730,8790,8640,8770,22264,193780370,0.57,105021188500,24031290.0,20.0,20240201
417860,21400,21400,20450,20850,24437,508633650,-1.18,81416122500,-38867750.0,20872100.0,20240201
352910,8790,8790,8230,8610,75997,640883400,-0.92,104997296880,7918670.0,-151180790.0,20240201
053980,5260,5370,5240,5320,51423,270897760,-0.93,100988405560,-75132440.0,6161250.0,20240201
052420,1371,1390,1363,1379,265786,365689274,0.07,114873293899,-41459135.0,,20240201
241790,11780,11900,11470,11600,53663,623066340,-1.53,116030554400,32772730.0,-82033020.0,20240201
039200,19080,19150,18540,19100,132792,2503682590,0.0,725493597800,-638148270.0,454213910.0,20240201
226400,4700,4795,4555,4780,198847,929447745,0.95,98762452780,-106449645.0,131655965.0,20240201
031510,1799,1815,1770,1808,91523,164094512,-0.11,50624000000,2677947.0,-12325257.0,20240201
368970,5010,5100,4950,5070,28322,142251960,0.0,47385031200,26320820.0,0.0,20240201
138080,13790,14040,13620,13990,42434,589871640,2.34,148631089050,-12217030.0,4653890.0,20240201
080580,11920,14090,11860,13350,3034334,40315891010,12.0,236018628300,151473870.0,,20240201
067170,4440,4500,4440,4485,12140,54167030,0.22,69031348425,4722220.0,,20240201
353590,6570,6680,6500,6500,27662,180987510,-1.07,83691205000,-34536650.0,-10.0,20240201
173130,9460,9530,9200,9490,130734,1227876880,-0.94,112555480700,238692560.0,-54570680.0,20240201
440320,9250,9560,8560,8850,127412,1145905750,-6.05,86774250000,234094480.0,7235960.0,20240201
049480,2655,2670,2620,2630,193033,509298470,-1.31,82640867290,-16009415.0,,20240201
394280,19960,20350,19150,19520,683137,13378055440,-2.89,424080003200,76062930.0,-1525057320.0,20240201
309930,2925,3040,2850,3040,239941,709159930,3.93,64677185600,89250950.0,,20240201
244460,517,550,494,523,464466,242076309,-1.13,16135806769,26522653.0,5410.0,20240201
226950,14970,14970,13650,13810,125610,1762253300,-7.75,227323523710,-118940790.0,263609180.0,20240201
057540,860,867,857,864,110835,95269821,0.0,53092242720,-2739476.0,77493.0,20240201
131030,5150,5180,5100,5140,25640,131642650,-0.19,83027252680,5289330.0,,20240201
082210,4005,4175,3775,3845,572390,2230258360,-6.11,97431777080,724292190.0,-740662785.0,20240201
109080,10210,10210,10050,10180,11614,117502260,-0.29,57374480000,-5605110.0,,20240201
380540,1452,1473,1428,1449,181917,263170296,-0.21,41726992104,1523686.0,0.0,20240201
153710,6880,6880,6700,6770,16211,109650490,-0.73,99315615660,-17804040.0,,20240201
321820,15300,15640,14140,14280,416693,6201060940,-9.96,190873048800,-1039208790.0,,20240201
432430,10120,10290,9390,9590,469129,4559175870,-5.98,153582123800,-69455950.0,-474344060.0,20240201
338840,9250,9290,8950,9010,156296,1416209800,-3.12,133012161260,236020120.0,-176427430.0,20240201
122990,7490,7490,7150,7260,118640,859030870,-2.81,204637191660,203173840.0,-362209070.0,20240201
112290,12940,13000,11920,12050,605847,7555821590,-9.67,121832067250,41822530.0,5577340.0,20240201
232140,5490,5560,5250,5400,2007836,10765604940,-1.82,443044890000,516673740.0,-237990.0,20240201
065530,2030,2100,2010,2030,241496,493626555,-0.98,107305800000,49714975.0,,20240201
067900,7120,7320,7060,7310,59083,424967140,2.81,133039507290,69738060.0,1273420.0,20240201
007530,2770,2770,2705,2740,12742,34769180,-1.08,52537998480,-24780.0,,20240201
155650,5160,5210,5140,5210,72005,371913380,0.58,101461405180,-114522240.0,-26430.0,20240201
273640,13840,13840,13500,13710,20058,273243310,-0.94,150343860000,9676440.0,80.0,20240201
251370,10280,10350,10010,10320,14701,149593160,0.29,168365268480,-58356430.0,72985610.0,20240201
066430,640,656,635,638,218239,142451178,-0.31,24979917688,-1116949.0,,20240201
193250,873,890,867,886,135583,119070533,0.8,56104512022,11441641.0,,20240201
273060,1270,1270,1225,1253,1036668,1288548773,-2.11,63225856246,134151113.0,,20240201
019210,6520,6740,6510,6600,358241,2386178750,0.15,201787205400,152453570.0,86680730.0,20240201
122870,44400,44550,42600,43050,355507,15351533800,-3.04,804565281450,1711767700.0,-139438550.0,20240201
332570,2970,3095,2945,3030,319949,971260660,1.68,122666750280,-94435800.0,-169355.0,20240201
079000,4835,4945,4785,4945,7457,36277780,2.28,35604000000,404840.0,,20240201
403490,2325,2330,2260,2285,480519,1100743375,-1.72,102652400240,177649740.0,-80184815.0,20240201
032820,1263,1279,1261,1271,507482,642893977,0.24,195504282002,33541730.0,64114371.0,20240201
041190,6030,6050,5900,5960,1382562,8228673450,-2.45,500640000000,305494610.0,450292210.0,20240201
115440,7170,7270,7160,7200,58178,419026740,-0.14,77430520800,61265240.0,-114180.0,20240201
046970,1632,1643,1577,1600,354824,568048879,-1.96,70119998400,12157559.0,,20240201
082850,3420,3950,3390,3400,22772185,84887655090,-0.87,164684365200,925764940.0,-193710.0,20240201
215360,12910,13030,12790,13000,32454,418831860,0.7,118718119000,-17487610.0,-4716570.0,20240201
072470,3235,3330,3235,3325,9129,30155195,0.61,62800408825,-2239340.0,,20240201
073560,1475,1500,1475,1500,113168,168231554,1.35,103856464500,17769638.0,-665940.0,20240201
037400,1761,1819,1760,1813,106129,190686135,3.01,47542926298,28395314.0,1567655.0,20240201
153490,1080,1107,1079,1089,256304,278960060,-0.55,56061720000,1645512.0,,20240201
101170,6070,6280,6070,6220,71035,438944160,1.47,83970000000,54000580.0,41360490.0,20240201
066590,2760,2770,2720,2760,139530,382701105,-0.18,107841767040,8779445.0,-8661090.0,20240201
103840,4950,5090,4765,4845,352507,1720242310,-4.06,79295343660,256991350.0,-186322815.0,20240201
046940,3200,3330,3170,3230,419579,1360576880,-1.07,58380150500,17717280.0,,20240201
215380,1855,1895,1836,1868,11329,21116286,0.7,24204630548,-431887.0,,20240201
065680,15800,15940,15370,15500,23087,359326990,-2.45,147715000000,-102220510.0,0.0,20240201
018620,1161,1187,1161,1174,64560,75844952,-0.51,33916029982,-6053864.0,,20240201
457550,15800,21200,14760,21200,2114953,39946554130,29.82,196552386800,202742020.0,102620030.0,20240201
396470,8280,8520,7850,7900,664973,5421232450,-7.17,127348000000,-290587370.0,39440290.0,20240201
307280,1597,1607,1571,1594,89036,141660559,-0.19,58912666722,11991258.0,,20240201
032940,3700,4015,3660,3950,179270,685354950,6.76,71863258500,5588125.0,-100903145.0,20240201
240810,30300,30800,30150,30700,199579,6075025300,1.15,1506875760700,-1832622400.0,1391142650.0,20240201
074600,28350,28550,27200,27800,407522,11254659100,-1.94,730806400000,-993906100.0,-261909150.0,20240201
104830,28350,28700,27750,28150,35875,1010310900,-1.4,354915200000,-35455200.0,-149466800.0,20240201
014190,2150,2265,2150,2230,475517,1060316810,1.36,78941790380,224175005.0,-4243355.0,20240201
217820,5460,5650,5420,5600,203016,1122209850,1.27,265745530400,140185800.0,10061910.0,20240201
030530,3325,3515,3310,3430,415151,1429429565,2.24,264926274830,-162756950.0,3688060.0,20240201
012620,8680,8950,8520,8820,18445,161709580,1.61,38808000000,9577490.0,2301010.0,20240201
382840,16730,16940,16640,16860,47890,804148710,0.78,257478855660,106077560.0,-52751970.0,20240201
336570,7830,7970,7650,7870,783870,6111319770,-0.13,693928711050,290752030.0,65509310.0,20240201
376980,9800,9810,9330,9660,47527,455861720,0.0,91351683360,20502180.0,-199720.0,20240201
008370,4115,4165,4090,4150,4740,19574725,0.85,49800000000,-2312840.0,1289790.0,20240201
008290,800,822,788,792,102278,81910548,-1.86,32229393768,-205699.0,,20240201
101160,23850,24050,23250,23400,176074,4141810800,-2.09,386357236200,-862351900.0,-94142700.0,20240201
064090,2135,2185,2080,2185,10833,23498135,0.23,66746591215,-3910645.0,,20240201
336060,1490,1492,1450,1478,239977,351919359,-0.47,71173385600,-52730596.0,,20240201
095270,4945,4950,4650,4715,3455,16237410,0.0,70589472040,-2074460.0,-2367285.0,20240201
065950,2815,2870,2815,2825,132741,375976470,-1.4,79753428150,-31987455.0,,20240201
076080,2420,2470,2400,2435,177018,430259495,-0.81,55016769860,164456805.0,-152157990.0,20240201
043590,1210,1264,1198,1236,112697,138076165,2.15,33522034332,12410621.0,,20240201
196700,1653,1707,1631,1682,59910,99870154,1.75,24160490208,4606550.0,,20240201
069080,17110,17780,16890,17740,290556,5055025540,5.16,620028682160,-348610720.0,1300531570.0,20240201
053580,9370,9480,9270,9370,81013,761524100,-0.21,127771643760,-47373380.0,394231580.0,20240201
071460,0,0,0,613,0,0,0.0,22047951835,,,20240201
377460,0,0,0,1691,0,0,0.0,26030247855,,,20240201
044340,10150,10150,9810,10020,23074,230476950,0.4,179091718500,71825810.0,-21900.0,20240201
330350,8110,8200,8050,8180,83047,671863250,1.49,107993497020,149296590.0,40.0,20240201
348350,9700,9800,9690,9760,4153,40497400,-0.1,99391936000,-6076610.0,0.0,20240201
112040,51000,51600,49850,51100,210785,10694290100,-0.97,1732186573600,596628000.0,1149427650.0,20240201
101730,11600,11640,11290,11560,79720,914512490,-1.37,384893575520,74664550.0,3167830.0,20240201
123420,10230,10340,10050,10290,38320,390947080,-0.87,118024674180,55245630.0,124740.0,20240201
065370,8530,8530,8220,8340,62678,522875750,-2.23,61582176360,-17222100.0,-908380.0,20240201
038620,770,775,768,770,130667,100579590,-0.26,51240778050,-6766843.0,-2771.0,20240201
299900,3035,3085,2915,2990,1636616,4873163990,-2.13,511436163160,162022630.0,16376885.0,20240201
036090,787,793,769,778,1321465,1028585010,-2.14,92109196952,-56417382.0,1590723.0,20240201
136540,12950,13090,12800,12990,27448,355920830,0.7,180095464380,77999030.0,38928330.0,20240201
320000,2155,2165,2100,2135,100972,214372215,-2.06,39495680980,27418465.0,,20240201
097800,1573,1573,1505,1516,352925,538239513,-3.93,90330095936,-87234657.0,,20240201
192390,3720,3815,3710,3815,53984,203094650,1.46,41678840665,-2553805.0,-16171595.0,20240201
313760,10550,10810,9500,10000,237620,2399296340,-7.83,57888810000,-4402600.0,24993090.0,20240201
335870,1456,1529,1456,1478,43032,63897866,-0.27,24655141716,9666153.0,,20240201
900340,708,727,706,717,190757,136213905,0.0,34396947876,-30470361.0,,20240201
036200,8090,8170,7910,7940,259842,2078981410,-2.34,243473930620,-53282580.0,-11621700.0,20240201
018000,1150,1165,1148,1165,149329,172502973,1.04,147183602240,48184299.0,1062480.0,20240201
203450,3230,3365,3180,3215,93296,304088215,-0.46,47193007505,-41124115.0,,20240201
011320,4820,4900,4810,4870,38855,188789455,0.93,94091784650,1823580.0,-15.0,20240201
086390,13590,13790,13370,13440,205967,2787113050,-1.97,284042653440,199977810.0,268357190.0,20240201
241690,4330,4435,4330,4365,154095,674071405,0.11,109175481225,8376520.0,4388975.0,20240201
142210,7160,7320,6690,6770,1601456,11054552160,-7.77,130296042840,1783643860.0,0.0,20240201
048430,7750,8010,7750,7920,39783,313285450,-0.25,91238400000,-15863890.0,0.0,20240201
206650,10980,10980,10370,10400,242554,2564807420,-4.06,379129992800,-528622280.0,160457860.0,20240201
089850,16390,16390,15500,15780,66461,1047394890,-2.89,117667262520,-200749490.0,,20240201
084440,1548,1563,1491,1500,54670,83798774,-3.1,29569200000,-2717529.0,,20240201
032620,5200,5980,4990,5000,18850534,106129903235,2.77,260985695000,284769070.0,-73402325.0,20240201
264450,15460,15690,15430,15540,13438,208664480,-1.02,159218271240,-34588390.0,19277560.0,20240201
078070,12810,13080,12800,12890,8529,110219040,-0.77,240999534920,2831020.0,2277590.0,20240201
024800,2295,2420,2260,2400,172315,409028335,3.9,88924348800,-7284485.0,,20240201
054930,28250,29000,28250,29000,10309,295786450,1.22,87000000000,67350650.0,28650.0,20240201
069330,1466,1488,1450,1450,108495,158672056,-1.96,20577081950,27603181.0,,20240201
049520,5210,5250,4955,5120,178589,905433735,-1.73,111538872320,126727875.0,,20240201
435380,2100,2115,2090,2095,2803,5891245,-0.24,12004350000,-192480.0,-3801990.0,20240201
444920,2085,2095,2070,2090,16567,34370175,-0.48,10951600000,-2070.0,9631530.0,20240201
446150,2080,2100,2070,2080,6839,14225630,0.0,9921600000,91535.0,-3713545.0,20240201
449020,2000,2005,1994,2000,54547,108951540,-0.25,19460000000,517273.0,-23638421.0,20240201
450940,2100,2100,2075,2100,6618,13798425,0.0,9534000000,4165.0,4368000.0,20240201
430700,2180,2185,2170,2185,2439,5303645,0.0,11449400000,-10900.0,-108500.0,20240201
263770,2810,2815,2750,2810,32014,88927845,0.0,66597483320,3594635.0,-6002160.0,20240201
388720,24100,25000,24100,24450,29837,726665900,1.03,218530334700,56737100.0,148381900.0,20240201
340930,8900,9030,8570,8890,52408,458778870,-0.34,101951853500,49347790.0,-138474580.0,20240201
023410,3395,3525,3395,3520,409314,1428687740,2.77,272134237760,328223830.0,29694785.0,20240201
056080,10210,10680,10160,10410,469252,4882802040,1.86,390501502320,-26673860.0,137048710.0,20240201
388800,0,0,0,2440,0,0,0.0,12224400000,,,20240201
413630,0,0,0,2470,0,0,0.0,14622400000,,,20240201
442130,2370,2375,2340,2365,2832,6689240,-0.21,8182900000,0.0,,20240201
084370,42100,43050,39300,39550,334101,13488194650,-6.28,906329461100,-748365100.0,-3538757600.0,20240201
240600,10440,10840,10160,10600,41305,429095810,1.44,73438400600,81829050.0,11176430.0,20240201
221800,4805,4830,4660,4665,44377,209420845,-1.48,52654769340,-42667870.0,8850.0,20240201
179900,35000,35350,32550,34050,213046,7222964700,-3.81,554568774750,169856900.0,444308800.0,20240201
263050,2735,2735,2650,2720,91207,244891925,0.37,99994965600,10737235.0,,20240201
191410,2080,2150,2050,2150,34466,72314285,3.37,24009871300,-11078090.0,,20240201
372170,75800,78300,75400,77700,33522,2580976000,1.3,619972029600,101501100.0,376347800.0,20240201
146060,2145,2160,2070,2135,191986,402903240,-0.7,46167060660,-19693045.0,,20240201
072770,2440,2495,2290,2400,317953,763177130,-1.64,165894710400,32040655.0,,20240201
039020,2740,2775,2715,2775,20762,57105805,1.83,62672567475,9366095.0,0.0,20240201
067920,6850,7170,6620,6700,451504,3084483370,-0.15,73673997300,-134162000.0,-217291710.0,20240201
044960,5130,5220,5120,5180,96097,496328760,0.19,65484953940,45097760.0,-10.0,20240201
303530,11490,11590,10900,11230,54646,613155210,-3.02,82420327770,-21494690.0,,20240201
296640,7310,7440,7220,7380,39882,290934440,-0.81,38215499760,-11364700.0,,20240201
302430,9940,9950,9740,9890,22025,215953850,0.0,97250427120,-54152050.0,-8083160.0,20240201
274400,12440,12620,11300,12200,174717,2115951790,-3.94,95401877200,18234730.0,705990.0,20240201
056090,0,0,0,1180,0,0,0.0,94198204660,,,20240201
073490,29850,31100,29200,29450,230792,6971100350,0.34,223933264700,-297091400.0,-164000.0,20240201
215790,1005,1008,988,1001,119640,118918682,0.0,40323432149,-1821971.0,,20240201
344860,2515,2530,2450,2500,68231,169037070,-1.57,30075000000,17775895.0,,20240201
246960,7820,8010,7820,7910,5645,44579880,-1.37,57243325300,1986790.0,1642940.0,20240201
088390,22900,22900,21950,22300,71837,1598245450,-2.62,209304321200,-10980850.0,-341530350.0,20240201
272290,27250,27500,26900,27450,147273,3998024450,0.18,554535512100,-33657500.0,-1142803500.0,20240201
053350,3325,3470,3305,3395,58118,198292730,3.03,67190159820,-841300.0,67833470.0,20240201
452400,46550,51700,36650,37100,17876835,794246655600,165.0,336549978800,-9210549200.0,-30524154600.0,20240201
041520,6350,6350,6150,6280,28207,175557860,-0.48,76545224400,-33666700.0,,20240201
264850,4605,4770,4525,4645,872818,4048258290,-0.21,138655163740,-87026100.0,-16489750.0,20240201
054210,9280,9420,9260,9290,93511,871114780,-0.85,234955340900,153597510.0,-18690.0,20240201
164060,6440,6590,6250,6300,238952,1520074930,-3.52,129830595300,-46410050.0,-229573100.0,20240201
065440,1880,1938,1859,1910,593897,1138570345,2.52,52095288200,51330241.0,,20240201
115610,4610,5170,4455,4580,1847595,8818077535,-2.45,71180647080,74910785.0,-556175885.0,20240201
078020,4220,4490,4215,4440,245145,1080914200,3.86,246336483600,222983920.0,1658850.0,20240201
131400,3150,3185,3100,3130,410108,1285025215,-1.73,186516330660,27213785.0,,20240201
351330,9530,9730,9370,9650,113844,1088003230,-0.82,79984218000,80459280.0,91253890.0,20240201
080010,5250,5450,5250,5430,119892,643848500,3.43,54300000000,70075180.0,139100660.0,20240201
086890,5460,5490,5300,5360,149126,800602890,-1.83,185516241040,-71788730.0,-136164100.0,20240201
047560,31400,32750,28950,31100,3841764,118234258300,-5.47,355240745200,12462433400.0,-656436350.0,20240201
900110,111,115,111,113,5181001,586985903,0.89,48808321650,-18134173.0,,20240201
067010,3810,3810,3670,3735,81306,303470625,-1.97,45918090000,-908815.0,0.0,20240201
102710,23250,23650,22500,23000,147598,3379266850,-1.5,328620228000,787859200.0,-866457950.0,20240201
063760,3295,3500,3270,3475,39247,131153845,3.89,32404826750,-20890525.0,,20240201
123570,3195,3225,3140,3200,114294,362962520,-0.47,71283449600,-9152125.0,,20240201
083470,1572,1610,1562,1570,61814,97289267,-0.19,33504316530,10741306.0,,20240201
095190,2325,2335,2295,2310,64239,148082180,-0.65,98362195470,13203695.0,-110785.0,20240201
091120,36900,38300,36200,37900,119734,4454261500,0.66,649338274400,-304946000.0,760719700.0,20240201
039030,171700,175100,163400,165500,195420,32684293200,-3.72,2038885525000,2862065800.0,-4035115800.0,20240201
294090,3440,3510,3335,3390,201678,683230665,-0.59,103112568930,-35667240.0,120379600.0,20240201
088290,1487,1515,1450,1470,180160,266264684,-2.65,44968671510,25889826.0,,20240201
181340,0,0,0,2705,0,0,0.0,54259503030,,,20240201
353810,3310,3360,3310,3345,48917,162780390,-0.45,114371303400,28211935.0,,20240201
099750,18130,18780,17450,17740,77005,1397898410,-0.06,121248926240,-152627950.0,-113123210.0,20240201
377330,7140,7140,6990,7000,10774,75720400,-1.96,56769678000,417070.0,0.0,20240201
035810,2860,2965,2850,2955,134226,393661930,3.14,192505971975,151028415.0,14775.0,20240201
160600,0,0,0,3100,0,0,0.0,106895911200,,,20240201
092130,13130,13190,13060,13180,8283,108562780,0.0,158734648000,457240.0,12380.0,20240201
096040,0,0,0,271,0,0,0.0,245561580945,,,20240201
134060,5260,5300,5230,5250,4988,26346750,-0.94,25038562500,-3743410.0,17066280.0,20240201
001840,3115,3125,3030,3100,51727,159661385,-1.43,61397856000,21360910.0,15.0,20240201
024810,0,0,0,899,0,0,0.0,181597539712,,,20240201
041830,24850,25650,24750,25400,26422,667156400,2.21,347568062800,-181108650.0,102024650.0,20240201
352940,3160,3185,3140,3165,35456,112092655,-1.09,34396365450,5140740.0,2797780.0,20240201
079950,1135,1135,1100,1110,39311,43632882,-2.2,25752000000,-3417896.0,,20240201
389470,12410,12700,11540,11790,192077,2282840230,-4.15,99667425240,321852010.0,-155327440.0,20240201
277410,1750,1754,1713,1744,214143,372238363,-0.34,66894240016,46404270.0,-25066654.0,20240201
060150,7160,7280,7160,7250,52986,382360410,0.55,337586187000,97716340.0,4025920.0,20240201
033230,4385,4650,3790,3900,27931076,119896672220,-4.29,152939982000,433635965.0,-667657020.0,20240201
450520,20050,20350,18810,19210,215014,4153541800,-6.52,94158314460,313467160.0,-259164220.0,20240201
037330,1813,1825,1800,1811,71069,128406085,-0.17,79476140664,-37149821.0,-7224.0,20240201
100030,20250,20450,19500,19780,25306,502347640,-2.32,64951862920,-42830130.0,-110.0,20240201
211050,18220,18880,18220,18670,52862,981479180,2.53,191852173200,212704600.0,-49429460.0,20240201
083640,518,533,511,523,172159,89096492,0.19,40647743573,-2977917.0,,20240201
216050,10980,11050,10800,10990,47425,516021780,0.64,141147009780,-36665380.0,-1256850.0,20240201
049070,28800,29550,28400,29500,454853,13228448650,2.61,507400000000,-417677550.0,-586399400.0,20240201
119610,29600,29950,28750,29200,179221,5228930950,-0.68,385921157600,248814000.0,-756054100.0,20240201
017250,1232,1240,1222,1235,44651,55070614,0.24,25991151745,4364746.0,16327.0,20240201
051370,19000,19000,16420,17480,3522200,61441670760,-11.09,407764210560,8467601580.0,-3511667120.0,20240201
064290,29000,29650,27000,27850,324762,9045769650,-4.62,357481541700,-845557000.0,-2696741050.0,20240201
189300,57000,57900,54300,55100,270191,14976629700,-0.18,591406703400,-71542400.0,-3335086000.0,20240201
150840,0,0,0,5850,0,0,0.0,230717208150,,,20240201
048530,6990,7150,6920,7110,176317,1242627320,0.42,242811917820,66279700.0,-79925000.0,20240201
175140,5150,5210,4800,4990,732165,3687306445,-1.38,81775635970,-544285675.0,190005.0,20240201
115310,22300,22950,21900,22700,24625,553634700,2.25,72478444100,-64410550.0,-18350.0,20240201
039290,11200,11440,10900,10920,52037,574384340,-3.36,94938239760,-70895300.0,10.0,20240201
071200,5500,6300,5300,5320,9637261,56550877490,1.72,129789156560,-410779400.0,-17510.0,20240201
101930,10730,10830,10510,10720,11469,121875710,-0.09,100035877600,1208250.0,,20240201
333430,2820,2895,2820,2840,152852,435411345,-1.05,87263961480,106090290.0,,20240201
068330,1411,1430,1377,1415,50974,71592499,0.28,62565838100,1839726.0,,20240201
178780,0,0,0,8650,0,0,0.0,120790286750,,,20240201
019540,3825,3865,3770,3815,60896,232127185,-0.65,51554002500,36443640.0,-13461700.0,20240201
094820,11340,11710,11310,11700,93358,1075534500,3.17,176420895300,173204720.0,-23370.0,20240201
950140,13560,13740,13110,13390,139660,1858902130,-1.69,266030725740,109099260.0,-157581110.0,20240201
049550,3725,3835,3675,3790,11363,42583120,0.53,74307789830,177015.0,,20240201
389020,31000,32200,30000,30350,210982,6485392350,-3.5,188101105500,870871850.0,-511495750.0,20240201
254120,2200,2305,2190,2250,241334,545689390,0.45,69197107500,3354870.0,-203885.0,20240201
043910,1040,1044,1034,1044,169539,175928566,0.1,84972681108,4940097.0,-4176.0,20240201
234920,6320,6500,6100,6430,80044,504253670,1.74,87003751300,-34789950.0,,20240201
289220,14840,15020,12840,13000,504214,6773680520,-13.56,287582685000,-688860390.0,31146640.0,20240201
174880,0,0,0,2650,0,0,0.0,11610352250,,,20240201
049630,560,587,560,569,159505,91537811,0.18,47587306163,123215.0,625019.0,20240201
417840,14750,14770,13510,13690,193988,2718209290,-8.0,98000207250,-150484850.0,,20240201
110020,8510,8950,8370,8550,130169,1124486170,-2.4,63984275550,-144965090.0,-788290.0,20240201
208140,2570,2600,2525,2590,67500,173246855,1.37,84652197140,-20898775.0,,20240201
040420,6920,6960,6900,6950,8954,62125970,0.43,108958986400,-6890770.0,-13930.0,20240201
045510,1230,1246,1209,1216,50322,61532739,-2.49,39166499072,151608.0,,20240201
217190,13640,13720,12950,13200,113603,1486757060,-3.23,115753096800,312336590.0,-33221100.0,20240201
095700,8700,8910,8520,8780,201824,1758327290,2.93,364463015320,-330579670.0,434190240.0,20240201
072520,465,480,455,459,225571,104791491,-0.43,34040906046,-3777558.0,,20240201
122310,7020,7150,6970,7100,45107,318143190,1.14,103332292400,-21082570.0,61124210.0,20240201
361390,16980,16980,16590,16750,19888,332586890,-1.24,125638215750,-69108750.0,13039160.0,20240201
187420,3810,3860,3765,3800,30244,114522385,-0.26,86482034000,4662715.0,,20240201
225220,4060,4060,3870,3895,42984,168314325,-1.64,74745131795,-51439850.0,0.0,20240201
123330,3700,3765,3630,3730,32004,118627980,-0.27,26110000000,2671130.0,,20240201
159580,6670,6730,6480,6500,269046,1763975290,-2.99,130212134000,84988500.0,3384500.0,20240201
147830,3445,3505,3410,3495,72159,250170210,1.45,69900000000,-40169240.0,,20240201
033100,20350,21000,19860,20350,292681,5937308500,0.0,326870023150,948205880.0,-2039792290.0,20240201
079370,17110,17240,16350,16550,431333,7171333570,-3.22,171110450000,635156660.0,-388644910.0,20240201
054950,30250,31400,28850,29050,546582,16408580350,1.57,351211362600,159365800.0,-259754500.0,20240201
023440,1271,1315,1262,1299,202053,259999742,1.25,66475972971,70350899.0,,20240201
090470,8960,9150,8740,8810,118666,1054243060,-2.22,153968793140,-142324660.0,-36426050.0,20240201
287410,8550,8630,8300,8380,587815,4934332250,-1.76,640813613900,564387130.0,-17185630.0,20240201
137950,6730,6770,6660,6770,75566,507447520,0.59,150753100780,-1541560.0,-26492710.0,20240201
033320,4720,4800,4535,4540,284937,1309721490,-4.22,86779521280,180625035.0,115.0,20240201
417500,4400,4525,4315,4435,551671,2447180145,-1.0,145400339640,236202605.0,,20240201
204270,10800,10800,9920,10200,831059,8468107920,-5.2,590054353200,66852230.0,-905391270.0,20240201
026040,2080,2080,2010,2060,38138,77822390,-0.96,33997807400,612135.0,,20240201
452160,10660,10900,10430,10840,27171,287744350,1.69,99884865640,32990190.0,,20240201
126880,4955,4975,4845,4900,134843,659383720,-1.11,113704024700,-140172730.0,-83315.0,20240201
322510,15840,16660,15520,16070,254346,4060980550,0.75,260040111840,184843190.0,-351982710.0,20240201
033050,1016,1024,1002,1013,145623,147446555,-0.39,33002873446,-3773404.0,,20240201
094970,4390,4460,4095,4420,307684,1329297890,-0.67,74027220800,233075280.0,-4375980.0,20240201
418550,19850,19900,19160,19710,263665,5123747510,-0.95,622161385830,-96676660.0,-1683424970.0,20240201
089790,8850,8950,8450,8750,155800,1352152700,-1.69,90260738750,123869320.0,1876260.0,20240201
052670,0,0,0,2080,0,0,0.0,60588453120,,,20240201
199820,9380,9510,9320,9480,10582,100031080,0.74,105322800000,-8685560.0,-22950.0,20240201
038010,7460,7710,7460,7710,52645,400695810,2.53,69390000000,97848780.0,-46900010.0,20240201
276730,895,915,895,909,94320,85289678,0.33,53025688719,-4008156.0,,20240201
080220,26600,27600,25200,27600,9145881,241754925900,6.56,950622190800,37723950.0,1846997250.0,20240201
216080,14250,14470,14120,14310,16261,231369090,-0.14,255558841290,-5142230.0,-2444060.0,20240201
229000,4860,4920,4675,4750,159119,752946485,-2.36,65308871000,98196280.0,-97606830.0,20240201
082270,12840,12920,12500,12720,126106,1601897510,0.0,508725893280,-345572260.0,482989880.0,20240201
064800,1390,1616,1390,1596,4675451,7205060143,12.63,133660398732,664855048.0,265201.0,20240201
044060,0,0,0,732,0,0,0.0,70075958688,,,20240201
034940,1820,1820,1780,1812,38765,69974476,0.0,56135446524,-3181565.0,,20240201
067000,3250,3290,3120,3205,1699145,5439933855,-0.77,223909931065,-145149960.0,-171602180.0,20240201
033340,0,0,0,2110,0,0,0.0,204565677380,,,20240201
036930,33000,33300,30700,31150,1082416,34273731250,-5.75,1502962953800,120490600.0,-4785016350.0,20240201
239340,3110,3170,3030,3075,432897,1335840810,-2.23,82962374550,-67324760.0,-90227585.0,20240201
072020,10490,10600,10450,10500,52556,552044700,-0.1,101416213500,11028780.0,-3150.0,20240201
000440,17900,18700,17870,18420,58714,1078643730,0.88,114703734600,501828110.0,-3170.0,20240201
051980,2990,3045,2870,2940,937042,2766761855,-2.65,230795694780,-42035150.0,,20240201
228760,17500,17840,17130,17320,444828,7716474460,-2.75,415893624880,613475230.0,-403338940.0,20240201
314130,9530,9580,9340,9380,30693,289574000,-1.78,140457602040,27905360.0,,20240201
389030,2240,2245,2140,2150,253063,545630915,-4.02,71549516750,-131127445.0,0.0,20240201
043610,3300,3315,3245,3290,96036,314979075,-0.3,191199791020,33794300.0,1057725.0,20240201
263860,13970,14050,12960,13170,149016,1974177640,-5.93,124385382000,548730560.0,-686790970.0,20240201
303030,1611,1632,1597,1610,167820,270477321,-0.12,57550525480,-32987248.0,,20240201
036180,706,800,695,800,2295940,1758173980,6.67,50042368800,-25767608.0,,20240201
208350,4005,4045,3900,3930,18603,73601380,-4.15,34735497570,-4088900.0,,20240201
144510,40150,40850,38550,39600,86505,3402136300,-1.25,625693622400,-18172050.0,42367150.0,20240201
358570,12450,12450,11200,11700,608382,7037107270,-6.1,258222510000,236990430.0,-1201908240.0,20240201
382480,3000,3005,2890,2980,194094,568056760,-0.67,117284277200,-27060960.0,0.0,20240201
382800,6540,6650,6060,6170,737220,4722425970,-5.08,185402404040,-28572440.0,-416083410.0,20240201
051160,8410,8600,8160,8280,257585,2130256870,-2.36,128128280400,758927220.0,-48960450.0,20240201
053050,3375,3485,3375,3415,698814,2393883200,0.15,102407643755,8164260.0,3420.0,20240201
119850,4065,4145,4000,4070,105817,427161165,0.12,66947059630,85175390.0,-8140.0,20240201
065060,483,483,463,470,246151,115222922,-2.69,50763780680,-7069478.0,,20240201
204840,1122,1135,1110,1134,132807,149433881,1.07,70709505174,20162331.0,,20240201
270520,1800,1811,1744,1770,790528,1402120110,-2.8,231203925990,-283495851.0,1498031.0,20240201
311320,12460,12460,12120,12270,39635,485067820,-1.13,154780651200,-44587920.0,-110430.0,20240201
388050,8650,9180,8600,9000,239233,2112975100,4.05,168384933000,86429640.0,18000.0,20240201
219750,0,0,0,2850,0,0,0.0,27234072750,,,20240201
018120,15500,15850,15490,15540,3248,50712100,0.0,102892204800,-15055160.0,,20240201
109820,2645,2690,2600,2665,37993,100031810,0.19,54349050600,-564370.0,,20240201
086060,4205,4745,4110,4115,2239763,9986281005,-1.32,35432565505,-254682305.0,-19559850.0,20240201
036890,9760,9850,9560,9810,219766,2143408820,0.2,220551049080,179151830.0,-63182870.0,20240201
363250,7850,7850,7090,7370,90531,669362440,-6.23,51478624560,246009020.0,-114065930.0,20240201
007370,5880,5990,5860,5980,18857,111671850,1.36,71860924460,-5623990.0,-5640200.0,20240201
285800,4375,4540,4200,4470,2280100,9993222540,1.25,78123396900,295226170.0,-13236515.0,20240201
085660,18470,18750,17880,18400,785868,14386747990,0.71,1036185751200,-2864366070.0,1069761850.0,20240201
261780,5400,5440,5250,5270,70993,377157430,-2.95,140878056330,-49546770.0,,20240201
094850,7800,8010,7700,7860,50129,392764640,0.77,110040000000,-52943880.0,90436110.0,20240201
004650,9150,9550,9150,9280,6573,61254820,0.87,85291412800,2713730.0,-40.0,20240201
278280,82100,83900,81000,83800,45681,3762893400,0.72,838000000000,464639900.0,-256932100.0,20240201
362320,7950,8070,7800,7850,68163,538326150,-2.36,161327626500,-1295680.0,-144440.0,20240201
066360,1235,1250,1212,1231,328386,405130968,-0.32,59028930465,73829601.0,,20240201
047820,0,0,0,5400,0,0,0.0,132051222000,,,20240201
094360,25550,26000,24550,25550,773263,19450833100,-1.35,532030818200,2873747600.0,-3263038350.0,20240201
016790,1475,1485,1390,1390,7872294,11138149402,-5.76,259918273960,-1507756606.0,168569740.0,20240201
016920,1472,1499,1471,1498,29212,43337563,0.81,39687319924,-2176744.0,4336.0,20240201
284620,4045,4165,4000,4085,34372,139903255,0.62,114062987660,8836515.0,,20240201
293490,24300,24700,24000,24500,276749,6717176650,-0.2,2021731278000,-836405050.0,1361226200.0,20240201
042000,22400,22650,21250,21650,399639,8664746350,-3.56,487064336700,2521162400.0,-2045099100.0,20240201
317530,4650,4650,4505,4595,33649,153158950,-1.18,32032645620,16320495.0,,20240201
071850,2370,2525,2355,2510,35659,88491430,2.45,41588661880,-1490375.0,2035.0,20240201
050110,1561,1597,1533,1570,3122042,4859342619,-3.8,115903865260,43158791.0,1570.0,20240201
452300,4680,4695,4380,4520,484840,2169038305,-5.34,63255162600,16268685.0,-74313685.0,20240201
119860,13990,14060,13670,14020,94809,1313851950,1.23,655395505660,-120128050.0,308257740.0,20240201
223310,1600,1600,1566,1566,73057,115208643,-2.31,24633760986,-15671762.0,10078248.0,20240201
451760,15270,15420,14230,14560,386111,5621865100,-4.71,212420440960,991116600.0,-2140441890.0,20240201
900310,812,823,800,808,99007,80073770,-0.49,51745673400,-2804295.0,,20240201
078340,45800,47550,45450,47300,61175,2851122950,3.39,602495811500,-416448500.0,573576700.0,20240201
063080,38650,39150,37050,37250,79584,3036884000,-3.62,245670902000,-1411400.0,226934350.0,20240201
307930,6300,6420,6210,6250,185937,1169108320,-2.95,97562500000,16337660.0,106250.0,20240201
079190,810,826,781,781,129145,102970147,-3.58,29955656434,3554589.0,,20240201
263700,4310,5180,4310,4530,3113453,14735781235,7.86,87946326000,-128999310.0,-1857035.0,20240201
214370,21200,21800,21000,21600,96686,2074590300,0.7,1160244000000,-255939300.0,241542300.0,20240201
221980,12420,12610,12410,12600,7348,92067410,1.45,50838480000,37850.0,125350.0,20240201
038530,234,237,233,233,264463,61982725,-0.43,26961442851,-10718202.0,,20240201
424140,2075,2095,2075,2080,8908,18561020,0.48,16036800000,-18760.0,-6761360.0,20240201
436530,3655,3680,3290,3390,813836,2799200180,-10.91,17695800000,2190360.0,-41567025.0,20240201
192250,1300,1308,1289,1303,185426,240310398,-0.15,92084647871,-29410901.0,0.0,20240201
115500,6920,7270,6890,6970,87678,614780520,-0.14,83640000000,-11229910.0,-26765820.0,20240201
089150,2895,2910,2845,2890,46363,133299620,-0.17,49563500000,686550.0,590730.0,20240201
025880,2460,2480,2440,2440,101741,249338415,-1.61,40786693520,16641055.0,,20240201
093320,105600,107200,102000,103800,62122,6476191500,-3.8,506544000000,-499127500.0,-767563600.0,20240201
093640,8520,8590,8450,8560,66794,568034750,0.0,250066549920,39619460.0,3100.0,20240201
073010,3335,3525,3080,3130,659480,2159577875,-6.01,113281764410,11811445.0,-34390.0,20240201
105330,7830,7940,7650,7820,27680,213654390,-0.13,125589418960,45259390.0,-1673130.0,20240201
053080,15300,16110,14600,14950,260108,3954516710,-3.55,194347114650,81229390.0,22620.0,20240201
432470,38100,39650,36950,39650,31451,1208628050,2.45,170486197700,-114425950.0,,20240201
272110,17660,17670,16560,16880,254049,4289330750,-4.63,134371467600,68396280.0,-1499324050.0,20240201
039420,2710,2760,2690,2745,104527,283925605,0.0,66304733850,19639260.0,,20240201
083550,4555,4555,4460,4505,15764,70741045,0.0,53035963945,-3714880.0,,20240201
032500,15250,16300,15250,15830,1191626,18896391260,5.46,630364577890,-996789790.0,1065548100.0,20240201
225430,997,1043,995,1042,109282,111338863,4.2,29058306100,6646406.0,,20240201
102370,5060,5120,4925,5040,169314,848506605,-2.33,136957640400,140628935.0,-20.0,20240201
036030,5910,6090,5910,6050,45017,270451680,1.51,296566662150,-12107100.0,27816160.0,20240201
064820,4220,4300,4150,4300,51441,218564905,1.78,132877430400,40487635.0,638600.0,20240201
256940,5330,5680,5330,5610,46266,257165180,4.86,105179971380,19752260.0,46814490.0,20240201
024880,4630,4630,4550,4615,45316,208362485,0.22,95451112770,13326725.0,459000.0,20240201
042040,398,406,398,399,241476,96717342,-0.25,69609905883,-9900032.0,-971042.0,20240201
054410,5010,5180,4985,5090,14114,71534565,0.2,29147599960,-5350050.0,,20240201
258610,3240,3240,3005,3015,58181,177720805,-4.13,80763205995,8682630.0,,20240201
274090,11810,11900,11550,11800,85146,996535820,-1.42,152376066800,-21009290.0,-70682210.0,20240201
089010,21650,21650,20500,21000,152813,3213832750,-3.0,318521280000,-87538300.0,2437800.0,20240201
220260,6060,6200,5910,6180,155312,939254500,0.98,164130337260,-137277280.0,-24900.0,20240201
052400,16150,17350,15710,15800,105150,1712115930,-0.75,236999984200,-597742620.0,-348160.0,20240201
402030,30800,32350,30000,31850,119629,3712645700,2.58,363780762800,-27069500.0,263099950.0,20240201
391710,2770,2855,2770,2815,219875,619763205,0.0,116831569930,51262695.0,23254005.0,20240201
046070,339,356,331,333,291205,98328299,-1.77,14247756648,-2581601.0,,20240201
047770,1757,1759,1738,1759,23067,40369497,0.11,66565136918,-6681760.0,,20240201
080530,2675,2675,2460,2470,475456,1199214220,-5.73,78160037800,67313480.0,,20240201
104540,11470,11470,11050,11390,38897,436626240,-0.7,145306444300,-9910230.0,0.0,20240201
027050,2715,2730,2680,2700,205664,555942885,-0.55,108000000000,-2435665.0,2149070.0,20240201
190650,5560,5870,5340,5540,33924,184787600,0.0,35389520000,5781890.0,,20240201
123410,4070,4250,4020,4140,1138452,4752273605,0.98,115262004960,-320662710.0,152635120.0,20240201
036690,3080,3080,2995,3025,45449,136983395,0.17,48112437450,2496120.0,,20240201
049430,8700,8820,8670,8790,7384,64673550,1.27,79531920000,38750.0,,20240201
183300,61300,61300,59100,60500,113010,6778144300,-0.82,632871382000,2048254100.0,-462772400.0,20240201
041960,4310,4390,4225,4380,118716,513800245,2.58,309247552320,-115055200.0,266317115.0,20240201
089890,18650,19470,16880,17540,2217826,39379471720,-6.9,290900233480,6647118340.0,-1678155760.0,20240201
009730,4800,4870,4450,4600,1880098,8707818925,-7.72,140561160400,-166963505.0,,20240201
082660,327,329,317,320,673957,216805940,-3.03,27718678080,34992051.0,,20240201
222040,6300,6560,6250,6320,58040,372494540,0.16,130368960000,-30905810.0,122163180.0,20240201
241710,36600,37700,35900,37700,106008,3880027300,1.21,402636000000,-862624150.0,1044393150.0,20240201
355150,0,0,0,2290,0,0,0.0,86112816500,,,20240201
166480,6700,6950,6680,6860,25821,176092680,1.18,225490779360,-15968040.0,,20240201
045970,6480,6490,6270,6320,156621,992855850,-2.47,166310016320,20863320.0,,20240201
196450,1429,1494,1411,1427,52822,75770851,-2.59,64671043514,6075741.0,,20240201
384470,17510,18080,16930,17800,317428,5540603430,1.66,222877555800,-236711450.0,-2577790.0,20240201
029960,6500,6620,6480,6600,43487,285838880,1.54,330000000000,40679600.0,-511770.0,20240201
102940,27200,28500,26300,28450,18100,493402100,5.18,324681528200,-15621750.0,78350.0,20240201
950160,11670,11950,11160,11820,160239,1851315260,1.11,859378950900,175476830.0,-158694860.0,20240201
033290,0,0,0,5730,0,0,0.0,507106340820,,,20240201
056360,6000,6180,5930,6090,24717,149224620,1.5,59662512000,-20461090.0,-30.0,20240201
282880,25150,25800,25150,25600,60368,1538974150,1.79,273039820800,-44288050.0,5974200.0,20240201
121850,1351,1351,1321,1329,123860,164278946,-1.56,40686238575,-25523172.0,,20240201
448710,15210,15490,14830,14860,65911,989091560,-3.26,75515429120,234508600.0,9215020.0,20240201
015710,4770,4890,4650,4650,128993,607878900,-2.62,81516825000,-15404150.0,-53308700.0,20240201
052330,6500,6690,6480,6590,40810,269506770,1.38,102636297680,45249130.0,-84320670.0,20240201
322780,1892,1925,1875,1918,85101,161878119,-0.36,72754751734,-5662986.0,33806937.0,20240201
200130,16100,16400,15950,16400,62359,1007425770,2.69,482415151200,-116882280.0,288900870.0,20240201
294570,22000,22500,21100,21300,122004,2617062550,-4.27,218424790500,494327100.0,-1041092050.0,20240201
317690,4355,4530,4350,4415,15872,69834830,-0.45,73012669565,-8959135.0,,20240201
078940,0,0,0,2855,0,0,0.0,151584163690,,,20240201
432720,30550,31000,29050,30200,486142,14496454350,-2.42,329416768000,694815800.0,-486953600.0,20240201
365270,10200,11080,9960,11040,117682,1209029770,8.24,152962975680,4611530.0,,20240201
348080,1750,1766,1701,1749,209104,361346088,-1.24,73723865490,100360469.0,,20240201
060280,14600,15000,14450,14870,594045,8747805500,1.5,609015571300,410716200.0,-1419119710.0,20240201
372320,25450,27750,25450,26300,195151,5168735850,1.15,358014956800,-129691100.0,-322431600.0,20240201
040350,474,475,463,463,265841,124145356,-2.53,66196717536,3545573.0,-771907.0,20240201
051780,333,343,324,334,1105110,363905172,-2.62,45565098300,-4884941.0,-954416.0,20240201
115180,4130,4265,4075,4265,173666,722621070,2.16,113327093505,185021185.0,-4241725.0,20240201
445680,31500,32300,30500,31800,100478,3162818450,0.47,255115245600,-64283600.0,-285752350.0,20240201
182360,19700,19960,18820,19220,171855,3319671900,-1.74,265326084140,-291680900.0,286018380.0,20240201
405100,23950,24600,21700,22350,393754,9008908750,-4.28,267934213800,767556100.0,-263380600.0,20240201
066310,9850,10030,9590,9700,160388,1561640960,-2.51,89934723700,151043560.0,,20240201
016600,339,346,338,341,333118,113837677,-0.29,60782265192,-7258793.0,119337.0,20240201
355390,34550,34950,31800,33300,352019,11622212150,-2.92,134732066400,25116750.0,-1187353400.0,20240201
096240,16300,16700,16270,16550,46655,770113860,1.16,187646879000,283630990.0,81066930.0,20240201
114120,0,0,0,10850,0,0,0.0,24913021350,,,20240201
110790,7820,7820,7450,7670,14033,107167270,-1.29,179715463200,-5332350.0,-7690.0,20240201
900250,1388,1439,1365,1365,4966819,6902397368,-3.81,130891268235,-364688651.0,,20240201
045520,7420,7500,6770,6800,68413,475747760,-8.36,44200000000,10541930.0,28540.0,20240201
036170,898,917,894,900,83031,74649191,0.11,55229063400,-28702367.0,,20240201
214150,30750,30950,28900,29350,444116,13120024700,-4.71,1901196203700,898396950.0,-3273606700.0,20240201
352770,2175,2250,2135,2170,290814,633109005,-3.13,69385921430,66602215.0,,20240201
237880,28700,29050,27850,28350,89669,2548739350,-0.35,512322857550,-1080097150.0,1001005550.0,20240201
139670,4000,4055,3900,4000,38896,154003570,-0.37,55925644000,-6425235.0,,20240201
413600,2185,2195,2180,2180,5464,11948075,-0.23,7477400000,-21875.0,0.0,20240201
433530,2105,2125,2105,2125,2903,6132810,-0.23,8723125000,0.0,52625.0,20240201
446840,2070,2085,2070,2080,15332,31859420,0.24,12230400000,29410.0,-16255460.0,20240201
054780,6670,6730,6500,6510,67247,441654360,-2.4,127256132430,9329040.0,2024330.0,20240201
219130,23600,24100,22700,23500,42572,991638050,1.08,148385815000,-85947000.0,59307850.0,20240201
360070,47500,49250,47500,49000,29451,1437259150,2.08,391232807000,-56626800.0,42785850.0,20240201
065130,5750,5880,5660,5710,56757,324425370,-0.7,97459981580,-45415760.0,-177470.0,20240201
134580,2910,3000,2860,2920,134485,392471660,-0.17,64315239640,3594635.0,,20240201
023160,12660,12730,12450,12710,174403,2195711680,0.95,336815000000,209429730.0,-560737660.0,20240201
323280,4230,4340,4125,4210,890057,3741788650,-2.55,106248738300,604037600.0,-11913500.0,20240201
053620,7040,7140,7010,7090,6073,43059440,0.14,60974000000,50110.0,1207800.0,20240201
044490,15060,15080,14800,14950,33681,502172720,-0.73,299110345950,-76780120.0,48802440.0,20240201
124560,3605,3690,3560,3650,424639,1545685230,0.55,140220531600,288187145.0,10950.0,20240201
191420,10950,11350,10800,10930,20413,223754130,-0.64,88629555620,50441450.0,11070.0,20240201
073640,916,1008,867,907,2666954,2516388636,-1.09,86697775428,-11405334.0,,20240201
066700,4060,4150,4060,4120,88515,361645540,0.12,133794672200,-21005715.0,-476095.0,20240201
095610,19000,19150,18670,18920,106609,2011084580,-0.37,374014835920,-243326420.0,400604750.0,20240201
064520,3905,4000,3890,3920,68074,266938365,-0.88,85772151920,58023020.0,,20240201
089030,15710,15950,14810,15290,1991383,30301604160,-4.02,571137232050,6860226530.0,-2893119780.0,20240201
054450,26500,26800,26000,26500,394881,10398445000,-0.19,401322174500,1479391850.0,-156523250.0,20240201
091440,12040,12330,11610,11920,84981,1016194790,-1.97,172919518320,-122357410.0,-8910.0,20240201
200230,755,759,706,758,103015,76686681,-0.13,87924150118,1850782.0,1516.0,20240201
393210,4010,4410,3930,4060,652723,2735490925,0.25,62347568640,-14671465.0,,20240201
215480,3750,3805,3640,3750,28735,106901115,0.0,36056088750,10303360.0,,20240201
051360,14420,14700,13530,13750,482417,6698970860,-5.63,223672047500,1751273650.0,-1492535560.0,20240201
045340,4325,4460,4320,4460,16395,71960695,1.83,38168858400,12383625.0,863765.0,20240201
108230,6550,6700,6530,6610,60082,398434170,0.46,251333649450,-50094620.0,,20240201
079970,431,444,408,418,407683,170871676,-2.79,32815091254,18140167.0,-740.0,20240201
199800,48700,49500,46800,48600,41166,1967721700,-0.21,384876716400,504003350.0,-57024750.0,20240201
417790,11880,12260,11730,11920,118862,1422656790,-0.25,131115828000,-135267670.0,270078970.0,20240201
105550,2710,2830,2490,2725,1029532,2725033030,0.18,125484478750,-216023995.0,-1388630.0,20240201
290090,12120,12120,11300,11780,7171,84119070,-2.81,87269397040,-8061670.0,5872180.0,20240201
026150,8800,9260,8650,8700,585308,5219976320,-3.44,152653079700,53297130.0,4170.0,20240201
322180,5060,5150,4980,5080,85034,429756245,0.2,83918933000,33063780.0,,20240201
117730,18660,19840,18660,19830,519676,10134667010,5.48,353708899800,370352180.0,150268200.0,20240201
033830,928,932,917,932,50877,46998022,0.76,93200000000,,-238067.0,20240201
057680,1426,1478,1420,1438,262299,380005086,0.98,98783087888,62835806.0,,20240201
204610,1218,1250,1216,1250,550959,677891578,2.63,84339650000,99979009.0,36739689.0,20240201
064760,106700,108900,99000,100400,65711,6653764400,-5.01,1172170000000,759369800.0,-2570823900.0,20240201
246710,8110,8360,7880,7970,84331,672198270,-4.78,171545307660,80223020.0,-149254780.0,20240201
340570,40750,41850,40350,40950,61982,2547687350,0.49,332841600000,-499794000.0,-87266300.0,20240201
043220,605,622,581,582,708123,423086279,-3.0,63321401538,-62114155.0,2424812.0,20240201
277880,7830,7910,7780,7890,43600,341509460,-0.13,159032086620,54810560.0,-4711710.0,20240201
131290,42850,45000,42400,43500,193492,8445850750,3.45,481172161500,-1174017750.0,1070332800.0,20240201
425420,29500,30300,28350,28800,77973,2262639000,-3.36,327772800000,221933400.0,-59022600.0,20240201
131100,1994,2025,1955,2015,85892,170902410,0.5,56517227780,48869685.0,51552.0,20240201
356860,25150,25750,23950,24250,392848,9624901700,-4.72,238441277500,2518614200.0,-1995252850.0,20240201
062860,0,0,0,5800,0,0,0.0,57261776000,,,20240201
321550,7950,7950,7580,7740,45951,352402790,-1.78,194912550000,17755300.0,-44378200.0,20240201
425040,18500,19390,18460,18810,257077,4849813210,1.02,399754295820,137495800.0,-208992800.0,20240201
104480,1848,1911,1840,1902,382534,724667537,2.92,172883115468,220879000.0,79804.0,20240201
081150,3185,3220,3175,3210,109022,348449215,-0.62,77901570420,41449985.0,,20240201
130740,3045,3125,2915,3010,242762,726250795,-3.53,33942803790,56604870.0,,20240201
084730,15930,16150,15230,15460,203463,3168696350,-3.25,171751695040,703841680.0,-297399730.0,20240201
058530,0,0,0,1620,0,0,0.0,32527053360,,,20240201
440110,20000,20700,19990,20550,311505,6328838300,0.98,1001874211650,349755350.0,-136076550.0,20240201
034230,12690,12970,12600,12930,403507,5176174130,2.21,1186444839750,663602840.0,-123745400.0,20240201
033540,0,0,0,1094,0,0,0.0,101837185658,,,20240201
388870,13010,13070,11560,11980,471384,5651408840,-7.85,154769164760,364891110.0,-1009617480.0,20240201
043200,629,637,629,633,37993,24035016,0.0,26462131395,1080639.0,,20240201
214450,105300,106600,102300,103800,100683,10434068600,-1.42,1071259907400,1818982200.0,-3654895600.0,20240201
208340,0,0,0,2915,0,0,0.0,88036229820,,,20240201
177830,3515,3535,3450,3525,80188,279015580,0.28,50367854325,-2922080.0,-6962870.0,20240201
037070,9710,10010,9710,9990,27061,267218030,1.11,199800000000,48400300.0,7500.0,20240201
150900,8360,8540,8020,8240,118795,972078560,-3.63,96135437280,211356580.0,-370351680.0,20240201
037030,2940,2975,2930,2965,43629,128473010,0.34,61106876930,-18950430.0,,20240201
047310,11210,11750,10770,10910,2631212,29196373850,-4.97,389389333680,1530155800.0,-317184710.0,20240201
368770,3615,3660,3580,3620,132147,478254270,-0.28,118932294500,-36171385.0,,20240201
170790,10990,10990,10530,10700,24077,256449550,-1.29,73362731000,10842270.0,,20240201
049120,1300,1397,1300,1393,67553,93299152,6.09,48713456561,-1083408.0,,20240201
038950,4755,4820,4745,4790,10102,48270665,-0.21,48909564350,2363680.0,5.0,20240201
441270,8740,8850,8450,8520,679012,5850980880,-3.18,314271702000,629193270.0,-1127192350.0,20240201
106240,1565,1565,1530,1564,75943,117197892,-0.06,24903661148,1084071.0,1561.0,20240201
131760,880,903,876,900,90425,80484881,1.69,39088424700,3530946.0,,20240201
065690,1360,1374,1340,1355,34519,46938388,-0.37,19036843505,983554.0,,20240201
140860,171100,174600,158400,161300,81438,13213811300,-6.38,1123609186700,873482700.0,-2749132800.0,20240201
091700,8000,8140,7950,8100,210945,1696732250,1.38,477237533400,-240281930.0,431556500.0,20240201
032800,224,243,220,224,3608252,822668706,3.23,26383905856,-48418619.0,-60271.0,20240201
318010,7500,7500,7250,7260,26588,194992030,-3.33,57566993880,1628840.0,157920.0,20240201
027710,1610,1635,1610,1622,428154,695032739,0.0,180717725200,232513613.0,-25952.0,20240201
225590,1178,1188,1171,1172,72978,86120072,-1.01,31218227636,6002787.0,435742.0,20240201
054300,701,702,690,690,206088,143219088,-0.58,45840868980,-9201086.0,,20240201
068050,3420,3420,3275,3300,198133,657562305,-2.8,91390450800,-4440935.0,-59650975.0,20240201
222110,6540,6540,6400,6410,4814,31009350,-1.38,68443608300,-46010.0,3958610.0,20240201
271830,4620,4920,4335,4920,8039419,37053272895,2.39,141905680560,-190310085.0,44979015.0,20240201
263750,32450,33350,32150,33350,165551,5429392950,1.83,2142665964250,-771408750.0,842572700.0,20240201
251970,24450,24550,23650,23900,57848,1384579150,-2.25,296360000000,94188750.0,-353153600.0,20240201
168360,8590,8720,8070,8200,542235,4480765530,-5.09,174563928800,129307330.0,-1154480300.0,20240201
087010,24100,24500,22700,23600,847088,19804765850,-2.28,486793730800,2935556950.0,-2200054950.0,20240201
119500,3530,3565,3485,3515,525019,1842662970,0.0,41643020480,202569510.0,3545.0,20240201
389140,11440,11810,10770,11190,1109912,12470930860,-2.95,123909499650,507076130.0,-1546338080.0,20240201
105760,24350,25600,20500,22600,4108931,94465752900,-11.55,211433961000,-747728500.0,-336854550.0,20240201
009520,22950,23600,22750,23550,404672,9392505950,1.51,980685655650,390896900.0,710722450.0,20240201
189690,2920,3035,2910,2980,1635891,4851536370,0.17,81419467620,532899205.0,-96298570.0,20240201
318020,0,0,0,18100,0,0,0.0,229187123200,,,20240201
256630,1344,1372,1319,1345,43514,57742143,0.07,78006061840,-51443.0,,20240201
331380,2230,2235,2160,2200,238379,521013945,-2.0,41906880400,6281620.0,36370810.0,20240201
234100,1847,1888,1838,1872,399164,744755841,2.02,101732432256,178122748.0,,20240201
041020,6660,6700,6310,6530,3339733,21688134130,-1.21,324707501940,-55755360.0,-629259230.0,20240201
114630,725,734,718,728,338644,245521078,0.41,46388103216,17594251.0,-121882.0,20240201
290720,7840,8000,7710,8000,9788,77545330,2.04,107224464000,-9675660.0,29312350.0,20240201
005670,4705,4710,4660,4700,10871,50897915,-0.21,47000000000,380420.0,-3065.0,20240201
094940,8640,8720,8480,8640,84684,725550580,0.0,72242375040,-41979690.0,8560.0,20240201
007330,10870,12550,9500,9540,8379424,96216739350,-8.27,143889912000,335127360.0,7482350.0,20240201
093380,3650,3745,3650,3730,22364,82547820,1.22,36849837490,133600.0,3855.0,20240201
023900,11470,11600,11360,11440,20716,236773220,-0.17,144144000000,23634170.0,4862980.0,20240201
371950,6680,6900,6630,6720,25715,172793530,-0.44,141392079360,-42386410.0,1278630.0,20240201
370090,26300,27200,26150,26500,112537,2993058200,0.76,216818495000,-20704200.0,-334817900.0,20240201
445180,11950,12080,11500,11650,295572,3452220950,-2.51,195361040200,-226087990.0,46793530.0,20240201
220100,8500,8750,8250,8320,174093,1463597580,-2.23,183889929600,348857770.0,-455954950.0,20240201
035200,3440,3460,3335,3380,38020,129134855,-1.74,32889394200,270140.0,4785520.0,20240201
334970,4210,4210,3955,4100,279005,1144025700,-2.61,251075672900,111030680.0,2999250.0,20240201
321260,2840,2900,2795,2880,317365,904975375,0.88,81193201920,202649900.0,,20240201
053610,41950,42200,40900,41250,54594,2251288500,-1.55,453750000000,-193170650.0,-2702450.0,20240201
303360,2930,2940,2855,2895,23795,69120700,-1.53,37272299925,-10561965.0,-8707295.0,20240201
377220,5740,5770,5640,5720,36381,206633820,-0.52,80966600000,16496260.0,,20240201
335810,5000,5000,4795,4970,36650,179149105,-0.6,57724194220,-1521120.0,3758910.0,20240201
053160,15810,17400,15760,16950,644393,10596878400,9.28,101700000000,547562410.0,-9661740.0,20240201
405000,2910,2920,2790,2840,99840,282805690,-2.74,57466454280,22009520.0,,20240201
041590,903,926,871,917,561330,505229600,0.22,120702338638,53388211.0,,20240201
367000,9000,9100,8770,8850,34185,303499370,-2.32,74049781950,-38559700.0,,20240201
075130,2425,2480,2410,2480,82881,203055355,1.22,41223353600,-22814615.0,,20240201
237820,5340,5350,5140,5250,59513,312533440,-0.94,67342485000,-6203120.0,,20240201
023770,5820,5840,5700,5720,14825,85693440,-1.72,50146210400,-34951940.0,,20240201
300080,38200,38950,35400,36600,379797,13952574850,-4.19,194824764600,1730946500.0,-1553547550.0,20240201
032580,1480,1499,1448,1472,916644,1346239414,-1.47,48770398208,-1822227.0,7724120.0,20240201
051380,3545,3580,3385,3430,133229,458887995,-3.11,52616446960,-15112455.0,34374995.0,20240201
241820,1594,1694,1560,1665,466563,764379151,-1.71,85795298820,79141267.0,-31635.0,20240201
237750,5550,5610,5480,5540,28470,157729610,-0.18,35991164000,-2586810.0,16086230.0,20240201
319660,20100,20450,19530,19760,221456,4374942130,-1.69,572382268640,-657668300.0,-110541740.0,20240201
031980,28600,29650,25700,27000,750688,20386957100,-6.41,582184665000,-93887450.0,-2619115350.0,20240201
002230,3550,3625,3550,3625,12917,46342160,1.97,70218689625,-525610.0,-11542435.0,20240201
057880,0,0,0,1740,0,0,0.0,206724832500,,,20240201
043370,9980,10500,9930,10500,171306,1772599540,5.21,220500000000,-88999890.0,-185047230.0,20240201
239890,19160,20100,18220,18470,215954,4030688530,-3.55,183513394850,357931300.0,-1983644210.0,20240201
347740,2400,2425,2365,2400,84026,201058520,-1.44,72025382400,-33136550.0,23905000.0,20240201
137400,35800,36400,35000,36250,277062,9920462350,0.0,824368427500,-829466800.0,913901800.0,20240201
257370,0,0,0,9210,0,0,0.0,107645199810,,,20240201
147760,6920,7550,6600,7010,1420430,10238311230,1.01,75847260660,164167400.0,-29596330.0,20240201
128660,3350,3380,3335,3375,23478,78901445,0.0,83711370375,5828370.0,,20240201
006140,6220,6350,6220,6340,15111,94858060,1.12,95100000000,19663630.0,0.0,20240201
376180,4545,4665,4495,4525,127688,580990080,-2.27,83336282450,60130755.0,-201385.0,20240201
304840,3000,3090,2810,3010,274040,804398055,-1.95,63479286640,181713290.0,0.0,20240201
062970,2460,2475,2405,2440,104131,252578805,-1.61,22711971400,3191550.0,-130640.0,20240201
087600,12140,12800,11840,11840,284153,3468196450,-3.97,96692046720,713073830.0,2721350.0,20240201
291810,3890,3945,3805,3810,48180,186059295,-1.93,43220304720,-57785060.0,,20240201
378340,17200,17250,16900,17050,165814,2819691450,-2.01,361611438100,162931420.0,-30454490.0,20240201
161580,9880,9980,9350,9600,1090291,10513193140,-5.04,223599772800,705011720.0,-230259870.0,20240201
347770,4985,4990,4560,4590,1348262,6365751485,-11.73,104913822780,104851545.0,4753110.0,20240201
163730,10070,10190,9810,9880,76826,761847870,-1.89,92436005480,92210740.0,9889030.0,20240201
417180,3500,3550,3305,3500,330155,1126525130,-1.55,58050286000,10774625.0,-68854325.0,20240201
446750,2145,2145,2115,2140,4693,10003265,0.0,12904200000,14735.0,-2640970.0,20240201
448370,2065,2090,2065,2080,8387,17425380,-0.24,11689600000,6285.0,4100270.0,20240201
454750,2055,2055,2045,2055,25582,52479345,0.0,14800110000,41000.0,10255500.0,20240201
454640,2090,2105,2090,2090,2968,6216090,-0.24,11288090000,-35665.0,-1589600.0,20240201
469880,2000,2010,1999,2000,81205,162592069,0.0,14610000000,-4450058.0,30878006.0,20240201
406760,2180,2185,2155,2180,13227,28720105,0.0,16153800000,19530.0,17294850.0,20240201
418170,2190,2200,2170,2185,6347,13864540,-0.46,13131850000,-2190.0,7751170.0,20240201
430230,0,0,0,2360,0,0,0.0,18889440000,,,20240201
435620,9540,9600,9400,9450,33984,321774750,-2.48,40653900000,23981340.0,37902270.0,20240201
299030,52700,53100,51200,52800,62907,3278529400,0.19,430880049600,-687026900.0,386577400.0,20240201
067310,25600,25950,24200,24600,1523344,37795591750,-3.91,1181012888400,2362991050.0,-5397370350.0,20240201
372290,0,0,0,4790,0,0,0.0,20616160000,,,20240201
166090,47450,47550,45050,45500,223074,10235715850,-3.81,898746667000,1846529100.0,-5119951850.0,20240201
136480,3565,3700,3525,3655,1364786,4937590405,2.52,388196460810,-304060430.0,31810260.0,20240201
003380,7450,7940,7440,7890,1220940,9492718570,5.06,883724349690,1305077110.0,1122875840.0,20240201
101670,4960,5030,4700,4765,2009877,9646257570,-4.32,219630214525,540553210.0,225306110.0,20240201
365590,1411,1426,1397,1400,315379,442887616,-0.78,200933482400,-15651725.0,-5960183.0,20240201
149980,9130,9650,9030,9420,139464,1305980550,2.28,148712211780,97451550.0,18477560.0,20240201
013030,25050,25250,24650,25050,52932,1324138700,0.4,322044052500,-347604150.0,248325450.0,20240201
126700,23950,25600,23300,25600,6001252,146057991350,4.7,382518067200,-1122384600.0,-691379200.0,20240201
106080,4865,5250,4860,5240,63402,322780090,7.71,81081459640,-9744300.0,,20240201
400840,2165,2170,2155,2155,3746,8072915,0.0,11033600000,0.0,7954105.0,20240201
450050,2120,2120,2105,2115,17112,36103485,-0.24,10604610000,-48630.0,6186285.0,20240201
221840,2505,2545,2490,2535,13302,33433275,0.2,47405922135,-1314180.0,0.0,20240201
106190,8450,8660,8200,8430,50739,423562900,-2.2,89637648390,21894260.0,7180650.0,20240201
373200,7000,7250,4920,4920,1388544,7373912620,-29.91,93120840000,115734660.0,,20240201
066130,5130,5150,5060,5140,15238,77637460,0.19,65792000000,669200.0,-8764910.0,20240201
004590,3845,3915,3830,3905,27994,108456945,1.3,58575000000,7488650.0,-30.0,20240201
039340,6050,6080,5910,6080,10698,64607260,0.5,139840000000,1301850.0,3140.0,20240201
034950,77500,77900,76600,77600,2139,165991800,0.13,352343886400,50054400.0,-4100.0,20240201
222980,4565,4865,4465,4590,300924,1399318125,0.55,50634506970,93805960.0,20.0,20240201
256840,3835,4060,3770,3850,1931690,7560246285,1.45,261462905550,149737895.0,29361235.0,20240201
025550,3600,3655,3600,3640,54055,195654915,0.0,84812000000,11273845.0,3017700.0,20240201
017890,11200,11370,11180,11350,49803,561895830,0.53,245225376000,-94100720.0,49483610.0,20240201
080720,5220,5230,4925,5020,49813,249702710,-4.74,39706342600,-19970645.0,-150085.0,20240201
063570,6530,6580,6310,6540,259047,1672720780,0.15,223326141120,102374260.0,395139540.0,20240201
041460,4525,4600,4465,4510,247395,1114359290,-1.1,85690000000,200087495.0,-15.0,20240201
101680,2650,2695,2540,2620,24543,63944375,-1.13,22018480000,-5103020.0,,20240201
039740,3545,3690,3540,3680,54130,194951775,3.66,29507700960,-159645.0,,20240201
053300,5110,5190,4990,5020,260266,1316087465,-2.33,209717181620,-45012125.0,676670.0,20240201
025770,8780,8950,8760,8820,31080,275139160,-0.68,330258470220,-18530250.0,77491540.0,20240201
436610,0,0,0,2280,0,0,0.0,13725600000,,,20240201
458610,2185,2220,2185,2205,20208,44528500,0.0,9327150000,-578295.0,-12891195.0,20240201
464440,2165,2185,2160,2180,21819,47599870,0.46,9417600000,-13090.0,3092850.0,20240201
023760,582,602,576,596,418179,247830639,2.23,188103307296,-2970564.0,2656217.0,20240201
054040,5650,5810,5600,5700,177115,1012400510,0.88,91606353000,-175786180.0,20410.0,20240201
021650,2690,2755,2670,2745,42935,116258215,2.04,44882295435,2453125.0,865370.0,20240201
053590,0,0,0,334,0,0,0.0,52484809098,,,20240201
032300,21000,21300,20550,20600,48646,1012488500,-2.14,224678040600,64768350.0,-542400.0,20240201
037230,2040,2080,2010,2060,25610,52103630,0.0,61388673620,-9552875.0,,20240201
030520,24150,25150,23000,24650,2402151,57697910950,0.82,596030689600,6255490300.0,-2378626400.0,20240201
052600,4585,4600,4500,4545,47693,216667625,-0.44,52557016500,-12851900.0,10.0,20240201
256150,7550,7570,7450,7550,7525,56473550,0.0,63382250000,-584980.0,61030.0,20240201
092460,5850,5850,5560,5790,27927,159623950,-1.03,99065047200,42061520.0,0.0,20240201
452190,9550,9660,8800,9270,943387,8653819820,-1.38,203555183760,710888820.0,,20240201
047080,2910,3000,2840,2900,435566,1263770860,-2.85,71984849800,51402270.0,,20240201
452280,7430,7500,7120,7350,115835,837491300,-2.39,124968375000,76315960.0,0.0,20240201
066980,2120,2420,2055,2420,6642388,15622421680,29.83,121085738180,-613299385.0,0.0,20240201
114810,9330,9450,8960,9080,207382,1887040840,-3.09,266517739920,8264000.0,-69613270.0,20240201
070590,2340,2490,1896,1931,5118433,11427728758,-13.79,26801355051,-54724153.0,297935.0,20240201
226440,0,0,0,1530,0,0,0.0,100580954580,,,20240201
042520,11210,11800,11050,11290,25631,287378760,0.0,152712683430,-64196740.0,12222860.0,20240201
430690,15700,16230,15220,16170,49989,783171230,2.08,88088904750,76889730.0,15490.0,20240201
078350,15770,15770,14590,14740,313856,4677252160,-6.65,224702190680,-908964090.0,-166949250.0,20240201
045100,16400,16630,16260,16420,165312,2718202050,0.12,295560000000,-146439800.0,17721940.0,20240201
024740,2390,2455,2355,2445,400777,974438285,2.3,77097074970,237419495.0,,20240201
005860,4515,4610,4495,4530,426308,1942027325,-0.77,178498693050,465409930.0,-22650.0,20240201
123840,569,582,542,552,786322,436838204,-3.83,55970936448,-118763075.0,,20240201
007770,15730,16150,15730,15940,8073,128441880,0.57,55949400000,10296930.0,,20240201
198940,3180,3195,3120,3135,56574,177709330,-1.57,60931280025,6774940.0,,20240201
079170,7990,8050,7850,7990,24232,192584400,-0.13,41548000000,29336110.0,0.0,20240201
054920,3890,3975,3755,3850,284969,1100390690,-2.04,108635761850,38493135.0,-204645.0,20240201
002680,1260,1298,1250,1251,53005,66638137,-1.03,37523516067,-1017179.0,,20240201
386580,0,0,0,2040,0,0,0.0,8486400000,,,20240201
430460,2105,2115,2100,2110,10049,21161295,0.24,12491200000,-8430.0,-8782825.0,20240201
455310,2065,2080,2050,2065,14542,29995100,0.0,10448900000,20650.0,11031230.0,20240201
034810,7790,8080,7780,8030,48632,387537010,3.08,261431561710,67777110.0,-16814680.0,20240201
03481K,9430,9950,9350,9910,32435,315560350,5.09,13764217020,-4217990.0,6945500.0,20240201
076610,1550,1615,1532,1567,118204,184984812,0.0,39885161266,-2970039.0,-71132.0,20240201
059270,9320,9900,9310,9810,386625,3748647110,3.81,103225911390,47964020.0,-579522830.0,20240201
220180,3680,3800,3665,3795,15263,56932920,2.57,73653360000,2482765.0,,20240201
900270,214,250,214,239,15924292,3728080817,10.14,30002885076,66117295.0,,20240201
214180,14240,14400,14070,14400,24352,347464170,1.19,190903464000,-35013480.0,5947570.0,20240201
234340,22550,23500,21400,21750,61861,1370552650,-3.55,205602750000,78904500.0,-115546050.0,20240201
084990,3255,3415,3250,3395,187483,625981725,2.72,166572055930,138642630.0,-1325530.0,20240201
170030,7160,7540,7160,7440,452461,3367586630,2.62,114129600000,204466050.0,-60.0,20240201
319400,3135,3215,3125,3160,302988,957008880,-0.47,371454410240,99298300.0,3002980.0,20240201
048410,24500,24750,17600,22400,1815793,39511825130,-9.31,891811379200,-1679992330.0,1334165650.0,20240201
052260,9790,9790,9650,9730,14827,143912250,-0.71,145950000000,-17568050.0,-14549470.0,20240201
041440,5830,5990,5830,5980,58082,344358740,1.87,107137345120,37646200.0,-40.0,20240201
039010,6410,6900,6410,6640,368753,2442305570,1.68,57270000000,25172400.0,-4239390.0,20240201
090850,5680,5710,5540,5690,124913,703452400,-0.18,135116794090,-151409800.0,-180006760.0,20240201
460930,16310,18000,13890,16200,13384970,219308753560,-3.05,564148800000,-58381560.0,-430408700.0,20240201
092300,4110,4170,4055,4110,110209,451848860,-0.36,76745273760,-5950780.0,-26432260.0,20240201
138360,760,768,740,749,186108,139823957,-1.58,25924376016,11743382.0,,20240201
011080,865,865,855,859,25573,22030387,-0.69,21907388817,-3810537.0,,20240201
060560,1129,1141,1122,1130,139208,157160996,-0.7,144266563250,31577443.0,3564308.0,20240201
064240,2800,2850,2725,2760,58181,161549140,-2.3,96704913120,-35370990.0,21745.0,20240201
039610,5210,5320,5150,5300,25739,134787910,1.15,55175120000,-8287730.0,-10.0,20240201
126640,1587,1617,1587,1614,150013,240794997,1.96,58707453618,28768393.0,-32136000.0,20240201
127980,8670,8720,8200,8500,88747,752460170,-3.08,100645814000,-59194030.0,-244920.0,20240201
061250,1817,1841,1817,1837,238153,435231103,-0.16,122220801362,-53512000.0,,20240201
097870,7550,7710,7540,7610,44918,342366840,0.13,64608900000,60413930.0,7670.0,20240201
290270,4095,4155,4085,4140,18849,77700015,0.61,39775762080,8865875.0,-3190.0,20240201
353190,1015,1016,998,1000,287549,288884131,-1.48,39378420000,-2113105.0,,20240201
192410,0,0,0,370,0,0,0.0,40254653200,,,20240201
090710,1332,1340,1270,1288,2452614,3180348605,-3.3,227957627968,-175351982.0,0.0,20240201
078590,0,0,0,417,0,0,0.0,56514279033,,,20240201
205470,1740,1750,1713,1717,892444,1539259015,-1.6,222136890453,-67880221.0,25575675.0,20240201
115160,3280,3535,3025,3035,9274587,30418384965,1.0,133449326340,-247790225.0,3035.0,20240201
028080,4220,5130,4025,4060,1848750,8627477975,2.14,51064674360,-180991425.0,-11842505.0,20240201
200670,27500,28300,27250,27500,101821,2818308150,-0.9,308823075000,146449800.0,-388144500.0,20240201
065510,18180,18380,17770,18000,73896,1329896570,-0.99,218454678000,-181272640.0,150493670.0,20240201
215090,0,0,0,1505,0,0,0.0,120843123170,,,20240201
263920,1052,1097,1052,1092,72843,78483816,1.58,53557286328,-2679505.0,,20240201
243070,34550,35300,33750,35100,53353,1844000700,1.74,420486241500,-148360700.0,-10550.0,20240201
084110,22250,23400,21950,23350,28288,645792550,4.71,294711838200,49185150.0,15104850.0,20240201
145020,153400,161300,150300,160000,52115,8177105700,5.26,1922222720000,-957455900.0,2411629000.0,20240201
024060,10110,10260,9930,9990,1108592,11140886550,-5.31,149850000000,295757240.0,10080.0,20240201
010240,5370,5640,5360,5580,33664,185781290,3.72,68760643680,-2286910.0,351630.0,20240201
189980,2225,2265,2185,2265,439395,981049805,-1.95,90912178155,-32403525.0,76327810.0,20240201
037440,6870,6940,6830,6870,76364,525088160,-0.43,95647403250,26631820.0,0.0,20240201
238490,6610,6700,6400,6440,67661,439203430,-2.57,72850799840,-60156470.0,-24972170.0,20240201
