code,open,high,low,close,volume,거래대금,등락률,시가총액,foreign_net,inst_net,date
060310,2385,2450,2380,2450,260131,631148565,1.66,125157372900,79580315.0,,20240719
054620,6820,6960,6740,6750,32879,223948390,-1.03,134285991750,-32942600.0,,20240719
265520,23000,23000,22300,22600,228452,5153236100,-1.74,345360114600,686386050.0,96234550.0,20240719
211270,14460,14910,14430,14790,133522,1967980150,1.93,223067276160,-10525480.0,-26234340.0,20240719
109960,714,770,710,768,750087,562059297,7.56,87669633792,120605921.0,26151.0,20240719
139050,0,0,0,2805,0,0,0.0,24247965555,,,20240719
126600,4095,4150,4085,4115,17163,70395385,0.12,258285789385,-13600675.0,15.0,20240719
013720,1220,1220,1200,1208,120028,144993021,-0.9,53910788288,-2813.0,,20240719
083790,2595,2635,2530,2600,63644,163708640,0.19,199924873200,-30332095.0,,20240719
035760,76200,77000,74300,76500,56683,4274606100,-0.65,1677580281000,1334348200.0,-1947258100.0,20240719
311690,12980,12980,12730,12870,5432,69677710,-0.85,117277900740,1487780.0,-90050.0,20240719
051500,20100,20100,19710,19760,37012,733800300,-1.69,234582539360,-302742630.0,-35298390.0,20240719
058820,2220,2270,2195,2270,525935,1171874085,2.48,315285393880,125817260.0,-1407585.0,20240719
023460,2405,2575,2405,2500,362817,904159975,3.95,93000000000,-39019700.0,-295750.0,20240719
056730,886,888,860,860,30184,26303859,-3.15,63735619960,-498547.0,,20240719
065770,1145,1152,1135,1135,22858,26133796,-0.87,22031632550,-1632541.0,,20240719
083660,1088,1090,1046,1048,25246,26776401,-3.68,64187045688,-1170474.0,,20240719
456440,2300,2315,2280,2305,11681,26770885,-0.86,12251075000,-150.0,1142500.0,20240719
477760,2125,2145,2120,2120,25399,54058050,-0.7,12380800000,-8786250.0,6433820.0,20240719
060900,1124,1124,1100,1120,27040,30058393,-1.41,28289216480,-792514.0,,20240719
290120,3020,3020,2965,2965,3328,9949000,-1.82,46002384170,-905160.0,193980.0,20240719
025440,374,407,369,388,304608,118113950,2.92,59715574560,-407929.0,,20240719
068790,5940,6000,5890,5980,41041,244109990,0.67,146946904780,51083270.0,-123390.0,20240719
241520,3350,3365,3300,3360,68810,229435155,0.15,92386980000,60446040.0,-483840.0,20240719
180400,2445,2850,2420,2850,14212906,38570830745,29.84,86125381200,-241836205.0,-398222155.0,20240719
245620,0,0,0,415,0,0,0.0,57474989665,,,20240719
037370,7190,7440,7170,7430,27563,199944690,2.2,64083541960,17641630.0,,20240719
050120,2035,2035,1995,2010,6014,12075149,-1.23,27263812860,-32380.0,,20240719
214270,2105,2170,2055,2090,1257284,2644560485,-0.71,69493467670,-55651585.0,,20240719
130500,3120,3120,2985,3010,151678,462719430,-3.53,43780606520,-69788450.0,-15.0,20240719
900290,3200,3225,3135,3195,21666,68751240,0.0,215263125000,-3113545.0,3256270.0,20240719
083450,18900,19040,18690,18750,133487,2514007900,-1.32,174707718750,-446022400.0,63003500.0,20240719
297890,5350,5420,5130,5200,1813257,9494725200,-3.53,380194453600,-475453890.0,-5200.0,20240719
440290,2415,2440,2360,2385,68986,164373985,-2.25,64650218850,-11793550.0,-4346270.0,20240719
078150,3370,3455,3330,3350,3261221,11042338020,-1.47,310598318600,-434509695.0,-6700.0,20240719
195940,41100,41350,40450,40450,105503,4289872150,-1.94,1145944090950,794837300.0,-530141650.0,20240719
028300,83100,85400,82200,83400,860275,71850017800,-0.48,10912503357600,-8554844000.0,-2906366100.0,20240719
278650,2660,2710,2620,2640,274126,726483320,-0.56,228968754960,-105067160.0,-2605.0,20240719
067630,11400,11730,11220,11250,872655,9976866600,-2.17,1334999846250,-1187761190.0,-316776920.0,20240719
024850,3180,3225,3100,3130,190048,596531540,-1.42,226543312150,-51628065.0,,20240719
047920,27950,28200,27000,27050,351657,9683540650,-3.22,859648837700,-2130015800.0,-37231100.0,20240719
115450,8480,8850,8460,8570,618942,5370067890,1.06,679165112660,37229980.0,-19736130.0,20240719
046210,3815,3940,3710,3850,326539,1248342920,0.92,157905928950,95023695.0,-111650.0,20240719
403870,36600,37050,36250,36300,566428,20709917150,-1.76,3010509427200,-4947563250.0,2701808600.0,20240719
036640,5480,5510,5440,5490,64352,351408980,-0.36,89787852000,1436680.0,145590.0,20240719
439730,2480,2500,2440,2450,3216,7856565,-1.41,10559500000,220025.0,-2445005.0,20240719
442770,2360,2385,2330,2350,3412,8021960,1.08,9893500000,7065.0,,20240719
448760,2335,2335,2295,2320,32008,74026950,0.22,10277600000,34550.0,-59897780.0,20240719
467930,2220,2220,2195,2220,2433,5366705,0.0,9390600000,,-2177825.0,20240719
469480,2210,2250,2210,2230,686,1522360,-0.67,9432900000,,0.0,20240719
095340,55700,56000,54200,55200,100920,5591141600,-1.78,1170077601600,296836100.0,22656500.0,20240719
099520,0,0,0,1284,0,0,0.0,58141862016,,,20240719
950170,5640,5830,5580,5690,66930,383369770,0.89,294436720120,-108216140.0,-19277100.0,20240719
067290,1795,1807,1760,1787,99160,177077989,-0.72,90853764074,26683544.0,-1787.0,20240719
035900,57300,59200,55900,59000,607656,35053082700,1.9,2096417028000,258830700.0,4971841100.0,20240719
318000,6370,6550,6370,6530,22200,143327450,2.03,57073656190,23681820.0,,20240719
024840,2665,2685,2585,2640,1723790,4554038295,-3.12,92160285360,479674355.0,,20240719
024120,4195,4300,4155,4250,14061,58906340,0.59,48875000000,-10414100.0,30.0,20240719
455250,0,0,0,2640,0,0,0.0,11365200000,,,20240719
458320,0,0,0,2485,0,0,0.0,13679925000,,,20240719
464680,2005,2010,1990,2005,98296,196565819,0.25,25874525000,621739.0,63162336.0,20240719
476470,2190,2200,2185,2195,13286,29119985,0.0,12083475000,-400770.0,22366470.0,20240719
478390,2110,2120,2100,2120,44861,94802630,0.47,13186400000,-287640.0,78248030.0,20240719
021320,4545,4690,4410,4610,33957,156819120,1.54,98654000000,-3126740.0,0.0,20240719
036670,7140,7160,7000,7160,31118,220652290,0.28,80693200000,-664070.0,2714890.0,20240719
044180,517,523,500,512,205648,104719180,-1.16,13679513088,2175943.0,,20240719
046440,5090,5100,5000,5100,53957,272780130,0.0,198010396800,-35521370.0,58468640.0,20240719
151860,7780,7870,7600,7600,74382,572605220,-2.19,376982815200,11013060.0,46930.0,20240719
035600,10920,11020,10840,10860,47859,520604550,-1.45,303042153240,-32941950.0,-40537140.0,20240719
226360,0,0,0,2555,0,0,0.0,60698450260,,,20240719
111870,0,0,0,8910,0,0,0.0,43928518590,,,20240719
060720,12530,12870,12500,12870,99965,1273207820,2.71,304728678540,311108880.0,-48997750.0,20240719
058400,796,800,794,799,89670,71383752,0.38,105811346280,,290111.0,20240719
101000,2735,2920,2665,2810,633199,1780507035,0.36,84720429390,-68613265.0,51428980.0,20240719
122450,4425,4500,4350,4350,19614,85934235,-1.81,197211443400,-629120.0,-152250.0,20240719
052900,1088,1106,1081,1088,89123,96709096,-1.45,59956978496,-25225206.0,-885.0,20240719
376190,5940,6000,5860,5980,17963,106078280,0.5,147108000000,4876550.0,18430.0,20240719
061970,5870,5940,5740,5770,296146,1723918090,-2.86,252637095840,-411652530.0,1678110.0,20240719
309960,4540,5190,4475,4690,1664864,7960981020,3.88,108888850910,-29630105.0,-187600.0,20240719
225190,1822,1830,1721,1736,934054,1635655057,-4.72,88099291840,-181524810.0,4562299.0,20240719
060370,21150,21450,20700,21150,363555,7679866350,-0.24,607148418150,-1341137400.0,-49802800.0,20240719
417200,22250,22450,22000,22200,297310,6599323750,-1.33,1501889029800,132278600.0,-328628000.0,20240719
078020,5010,5040,4920,4940,76222,377127610,-1.59,274077078600,-95278570.0,35.0,20240719
086960,1330,1335,1309,1330,419967,553482544,0.3,116603478040,16009128.0,1323.0,20240719
038340,0,0,0,1233,0,0,0.0,39979891836,,,20240719
160550,2865,2865,2790,2830,62388,176083050,-1.22,78974279980,-22234260.0,,20240719
053290,3640,3705,3625,3625,19428,70862010,-1.23,59907862875,5152450.0,-13651395.0,20240719
060250,9230,9240,9070,9150,150259,1373592430,-1.29,367469590650,74342850.0,-50887730.0,20240719
104200,4305,4515,4155,4250,484796,2105854770,0.24,63017087500,-37069830.0,105.0,20240719
222160,0,0,0,8040,0,0,0.0,79551289560,,,20240719
024940,4610,4725,4590,4610,52508,244053360,0.33,46100000000,-49121920.0,-27775.0,20240719
218410,13920,14100,13870,13940,76492,1066013620,-0.43,369193121480,-68187980.0,-76181290.0,20240719
327260,10160,10950,9810,10950,214491,2197829440,5.9,92343879450,145719060.0,-480274690.0,20240719
091340,2490,2530,2485,2490,11668,29152015,-0.8,29142265290,5566955.0,-27610.0,20240719
419530,10500,10800,10370,10510,36430,382217010,-0.76,90290674300,20627030.0,-14724070.0,20240719
019550,971,984,966,978,379043,368608693,-0.71,158501110350,-99033136.0,-254280.0,20240719
950110,3070,3090,2925,3085,12083,36239455,-0.16,74202085900,-366820.0,,20240719
036120,2085,2165,2070,2100,99746,210371730,0.0,74550000000,8396770.0,42000000.0,20240719
246960,8970,9160,8860,9000,5595,50427570,-0.22,65550609000,16045250.0,6521930.0,20240719
099220,1458,1546,1426,1539,3898743,5827048935,8.3,86448417129,-266677706.0,54223.0,20240719
036540,5050,5090,4925,4945,709287,3527479405,-3.42,813256198335,-1198631000.0,-181921230.0,20240719
255220,1944,1993,1920,1987,2697001,5297610892,0.56,181167165036,-12082.0,-183390022.0,20240719
040610,1720,1741,1655,1727,149115,255663819,0.41,58868587492,19676582.0,-1272446.0,20240719
049470,0,0,0,490,0,0,0.0,28842502010,,,20240719
184230,570,572,540,546,497710,274621849,-4.21,34179141906,-1169298.0,3383868.0,20240719
016250,15000,15000,14760,14760,7097,104879180,-1.6,47875314600,,0.0,20240719
048550,2000,2095,1985,2050,1723688,3536146119,1.99,198264971000,382087518.0,1043085.0,20240719
063440,1524,1552,1524,1536,91554,140954600,0.07,70700780544,9957612.0,,20240719
067160,124500,128600,123300,124600,71635,9016152600,0.16,1432247968200,-1429005000.0,191497700.0,20240719
289080,1985,2015,1982,1993,122581,244776920,-0.1,106095362000,-34800213.0,,20240719
089230,1535,1550,1507,1533,76046,115295509,-0.13,33530829171,-8475424.0,-2622133.0,20240719
032540,5710,5770,5700,5720,8179,46894650,0.18,79688803480,-3423470.0,60.0,20240719
022220,1120,1128,1102,1122,26457,29591975,-0.18,58113517638,1811473.0,-149178.0,20240719
048770,3210,3230,3200,3200,34586,110914485,-0.93,50233571200,1287765.0,,20240719
246690,1183,1190,1177,1182,35213,41612799,0.08,49026832884,647472.0,,20240719
317240,0,0,0,314,0,0,0.0,33673649508,,,20240719
057030,3635,3750,3635,3725,89678,332743660,2.48,60764796325,31104285.0,,20240719
040300,3000,3085,2990,3085,84026,254564210,2.49,129570000000,10314725.0,,20240719
051390,3750,3770,3745,3760,4322,16210990,-0.13,42696183680,48670.0,3850.0,20240719
052220,2955,3320,2935,3285,5796430,18566407910,12.5,75555000000,235951130.0,0.0,20240719
079940,14530,15010,14530,14740,27893,408507860,1.1,199515982160,59257340.0,111021670.0,20240719
078890,5040,5100,5040,5060,22121,111929850,-0.2,88095394420,-4248080.0,379660.0,20240719
399720,60400,60900,58300,58400,205701,12144669100,-5.19,670917888000,681908000.0,-2373494500.0,20240719
036620,3755,3800,3700,3725,250843,940558385,-0.8,338024722700,-141035570.0,61636230.0,20240719
198440,1948,1984,1900,1905,252474,488408653,-3.2,116075261880,-89064466.0,,20240719
217730,1790,1830,1763,1815,344227,617686195,1.4,101738280435,-87698089.0,,20240719
114190,13680,14250,13550,14150,98602,1366390170,3.13,369640987700,32473960.0,-47719170.0,20240719
094480,8130,8610,8010,8340,3349358,27920557870,-0.48,327176848920,-91237860.0,41700.0,20240719
039240,2995,3070,2970,3035,160814,487586465,1.34,81883098140,-154940220.0,705.0,20240719
053950,890,890,783,802,3841947,3136336321,-9.89,28545908404,-24075440.0,,20240719
011040,6860,6940,6790,6880,76052,522599080,0.29,211689110080,-1516960.0,-6812760.0,20240719
024910,2565,2590,2520,2565,492538,1256958715,-0.19,91875747825,-148015425.0,,20240719
049720,10040,11400,10040,10230,541652,5698969470,1.19,146289000000,-330994310.0,-269787730.0,20240719
014570,5340,5360,5200,5260,67335,354398020,-1.5,57860000000,27734230.0,-5521560.0,20240719
348150,7970,8410,7890,8030,488271,3980164880,-0.5,155414041310,41090680.0,-4026120.0,20240719
950190,10220,10340,10070,10340,36559,372536950,2.17,140416083280,1971340.0,-19159890.0,20240719
098460,12360,12610,12300,12610,742782,9239648840,1.12,865736460550,638421750.0,-936176950.0,20240719
035290,542,574,534,544,66666,36463205,0.74,25936005120,-5824330.0,,20240719
900280,0,0,0,97,0,0,0.0,19924215936,,,20240719
215000,77000,77200,76500,76700,19290,1479349200,-1.03,481324330500,-27962600.0,-187632100.0,20240719
121440,3890,3920,3885,3905,46989,183300290,-0.38,167277774290,-45016085.0,116136375.0,20240719
366030,5280,5380,5270,5330,51850,275461220,0.0,120745020500,5383300.0,,20240719
014200,0,0,0,1006,0,0,0.0,91250936176,,,20240719
029480,3730,4695,3710,4660,5305503,23062933355,23.28,225884799780,164308805.0,532679915.0,20240719
026910,2815,2815,2800,2810,3512,9859415,-0.18,17999188050,,,20240719
421800,2470,2475,2325,2430,149798,355761395,-1.62,14531400000,8636580.0,-59005020.0,20240719
440790,2380,2380,2325,2365,289,673395,0.0,9578250000,,11900.0,20240719
456490,2270,2295,2265,2265,2257,5127830,-1.52,9513000000,-2260.0,,20240719
465320,2195,2200,2195,2200,1010,2218740,0.0,8382000000,-26345.0,1391630.0,20240719
053270,2510,2580,2485,2505,86178,216547215,-0.2,68663064525,8047420.0,,20240719
066620,16330,16330,16180,16290,2054,33390020,-0.24,122175000000,-2594180.0,230.0,20240719
043650,6340,6470,6210,6210,159436,998764880,-2.82,110900067840,-112336100.0,5833280.0,20240719
006050,1149,1163,1144,1160,36625,42230010,0.87,40478481880,-583512.0,,20240719
060480,2220,2230,2185,2205,47773,105227780,-0.23,24453450000,-7897385.0,,20240719
078130,0,0,0,800,0,0,0.0,901924696800,,,20240719
307750,5290,5380,5250,5310,234731,1248083490,0.95,260557818390,28890690.0,50.0,20240719
035080,13300,13410,13200,13330,18771,248535620,-0.6,193652694720,-19656810.0,3451480.0,20240719
453450,29700,31150,28550,28800,590464,17455197600,-5.11,228751200000,-566932550.0,-682004750.0,20240719
204020,2925,2955,2880,2950,35003,102366205,0.68,59434918500,-15725200.0,,20240719
402490,18710,18990,18400,18500,78049,1449450600,-1.65,152919964000,119645580.0,-194709180.0,20240719
114450,1881,1900,1850,1871,21576,40363609,-1.53,37420000000,-1145194.0,15.0,20240719
186230,10110,10110,9510,9860,49446,484693080,-1.4,106687053680,-53157890.0,-6315250.0,20240719
900070,488,492,465,487,123561,59386518,-0.61,26173312416,57636.0,14209340.0,20240719
204620,3985,4020,3960,3985,502781,2000979750,-0.62,226299574280,39545695.0,335189880.0,20240719
019660,587,600,582,592,103219,60941246,0.85,20596121632,1012626.0,,20240719
053260,5050,5070,5000,5060,21083,105915750,0.0,94723200000,13287930.0,60.0,20240719
282720,12170,12460,12080,12460,74629,915593850,1.47,151008970000,53640830.0,,20240719
036190,26050,26050,25650,25750,5660,145830450,-0.77,154500000000,-15182200.0,0.0,20240719
049080,790,806,784,798,133931,106689368,1.01,67736910906,-8992508.0,236083.0,20240719
420770,49400,50400,49100,49350,19038,940626150,-1.1,625548657300,-100592400.0,-72847900.0,20240719
035460,2005,2030,1984,2010,41567,83062697,-0.74,29300453400,-6309863.0,,20240719
308100,3625,3640,3550,3605,11249,40367575,-0.96,23882162465,1083185.0,35.0,20240719
407400,8270,8350,8110,8170,80194,654300510,-1.09,100159902580,18136000.0,,20240719
187790,0,0,0,1025,0,0,0.0,31611850750,,,20240719
286750,1868,1879,1808,1868,82022,150269512,-0.9,38657436212,-38222488.0,-2230080.0,20240719
121600,102900,107000,101900,106700,81925,8578110300,3.59,1301321522600,-503280400.0,968837200.0,20240719
247660,9230,9400,9140,9370,8504,78800640,0.75,40702530400,-12810240.0,14331420.0,20240719
039860,3295,3320,3215,3280,121564,397317800,0.0,105321068960,-53957840.0,25.0,20240719
091970,594,594,576,585,14722,8623266,-1.52,21889233405,-1257274.0,,20240719
417010,11520,11850,11520,11750,58277,679663120,1.56,231760854000,-7579960.0,11646100.0,20240719
405920,4625,4625,4565,4595,8268,37869080,-0.76,59174759220,-6787525.0,,20240719
051490,4460,4540,4455,4510,33892,152084365,0.33,64042000000,-9587320.0,10.0,20240719
137080,4720,4915,4710,4840,29400,140065835,2.54,53527602480,3127255.0,4740.0,20240719
190510,13550,13690,13350,13400,85668,1154384000,-1.54,217942745600,-106331390.0,70106150.0,20240719
242040,1864,1890,1855,1857,46766,87250141,-1.59,64263832248,3033994.0,232377.0,20240719
089600,18240,18340,18000,18210,26662,485459740,0.72,210656248230,-30503710.0,101762940.0,20240719
293580,1063,1071,1051,1062,233787,247836295,0.0,101707740000,62623093.0,,20240719
138610,20450,21100,19710,20950,426957,8643100120,-1.41,215515960100,-413806710.0,-13308090.0,20240719
130580,5120,5180,5030,5090,18732,95176470,-1.74,78386000000,-25019300.0,-10175450.0,20240719
036800,20350,20450,20200,20450,2412,49075650,0.49,204500000000,-18144100.0,3784050.0,20240719
267320,2790,2815,2750,2780,135784,376910530,-0.36,121386209120,-45258210.0,-542100.0,20240719
111710,4950,5100,4930,4995,8382,42241245,0.1,102837060000,-2556395.0,,20240719
091590,4195,4825,4155,4270,538856,2457387130,1.67,50129800000,-9751845.0,-12678460.0,20240719
168330,2110,2160,2050,2145,12504,26612735,1.66,68114260500,-4443790.0,-2508530.0,20240719
094860,1449,1499,1413,1499,147019,211779807,0.87,32077953931,-3919012.0,6570527.0,20240719
253590,13220,14670,13200,14450,10057028,143252177500,8.48,633909419800,3448914480.0,247179980.0,20240719
212560,8440,8790,8400,8540,20014,169488300,0.12,67252184020,52657240.0,,20240719
095660,20450,20700,20300,20600,71646,1465121150,0.49,453894611400,121329900.0,-39169850.0,20240719
042420,17850,18010,17680,17780,4243,75308010,-0.17,157475077480,-5090280.0,53490.0,20240719
950220,1503,1523,1490,1520,224634,336767731,1.2,150278546800,65623750.0,-60120255.0,20240719
311390,5000,5490,4965,5360,125207,656323235,6.56,58848227920,73538500.0,5485.0,20240719
085910,3440,3485,3440,3485,16274,56508640,0.29,48562840730,-331020.0,10.0,20240719
092730,27000,27050,26000,26300,21693,569642350,-1.5,215853594300,-198431450.0,55820200.0,20240719
290660,900,929,900,922,91402,83316122,2.44,38478984954,593980.0,,20240719
306620,2260,2265,2205,2225,105674,235688910,-0.67,94803131525,-2168005.0,-35865020.0,20240719
153460,7010,7400,6990,7400,585,4303790,4.23,48322103600,,,20240719
007390,10010,10310,9850,10200,187463,1900115360,0.69,654402991200,264152480.0,-132268880.0,20240719
033640,13600,13700,13250,13350,98994,1325237370,-2.63,307840346700,-129122420.0,-36968900.0,20240719
330860,20300,20650,19800,19940,57756,1154112610,-1.77,242949857300,-72599010.0,18995470.0,20240719
089140,3220,3245,3185,3230,20959,67279855,0.31,36442885210,-4123055.0,0.0,20240719
137940,375,433,366,396,12387476,5050822844,4.76,31015112832,-23596370.0,-600340.0,20240719
396270,12320,12450,12080,12100,121668,1486078090,-1.79,218876174000,-44863170.0,13567060.0,20240719
348210,58100,60000,57500,59300,35946,2127131600,1.19,614191448000,-441235800.0,-136374000.0,20240719
225570,19050,20950,18940,20650,5141460,103953660700,10.13,1359219550500,1984436730.0,11121240160.0,20240719
217270,6000,6060,6000,6000,25575,153818290,0.17,279672900000,-10964590.0,-1110000.0,20240719
104620,6610,6610,6510,6540,23381,152720120,-1.21,103607504040,-31192530.0,,20240719
194700,10100,10250,10030,10140,94665,955500320,-1.07,190174158720,107633480.0,-145364470.0,20240719
285490,17370,17370,16300,16700,59435,994272480,-3.47,176616377700,167322620.0,68670.0,20240719
145170,19210,19550,18900,19110,153077,2933856170,-1.8,173515627740,-173598010.0,-3726740.0,20240719
106520,0,0,0,411,0,0,0.0,15904036272,,,20240719
376930,2435,2465,2395,2455,188459,457368210,0.82,90705032300,-5683760.0,-68155.0,20240719
142280,4150,4175,4010,4015,107351,437028655,-2.31,84861887165,27700185.0,3048290.0,20240719
234690,8330,8600,8030,8170,310799,2586742480,-0.12,145036094920,140718290.0,-24717770.0,20240719
065560,200,260,200,245,5341611,1181945125,4.26,4027990120,0.0,-336000.0,20240719
054050,7830,7830,7750,7800,13080,101614320,-0.13,125038375800,-1505040.0,-10.0,20240719
069140,1663,1663,1620,1641,68077,111266722,-1.5,21501601263,-2782727.0,13837483.0,20240719
040160,2985,3035,2985,3035,8073,24247290,0.83,36588548725,-1130540.0,,20240719
332290,1502,1531,1494,1516,39751,59663507,0.0,50611361348,-78098.0,,20240719
348340,30050,30300,30050,30200,36494,1101111400,0.5,318056434000,-94733600.0,837800.0,20240719
060260,0,0,0,461,0,0,0.0,19159180745,,,20240719
123840,297,303,294,298,71880,21363031,-1.0,87088993610,-2445623.0,,20240719
012340,671,685,670,680,58230,39266726,1.34,34616870160,-59843.0,,20240719
214870,0,0,0,6920,0,0,0.0,64765809320,,,20240719
270870,9880,9990,9680,9860,17474,171570660,-0.6,90714208640,-7959190.0,-9793900.0,20240719
144960,5610,5700,5550,5660,104627,587388370,0.18,247300251840,16100330.0,10719640.0,20240719
085670,5790,5970,5750,5900,201080,1171601940,1.03,144259489900,19529500.0,16732240.0,20240719
064260,3835,3890,3810,3815,541636,2076441750,-1.8,263040587600,-102456110.0,22951915.0,20240719
340360,2365,2450,2290,2430,645460,1521211720,4.29,105433355160,-44140130.0,-26360.0,20240719
039560,3275,3345,3175,3220,546386,1770330845,-2.42,127209258820,-9562060.0,711640.0,20240719
154040,1561,1561,1539,1558,61908,95598262,-0.19,27966246452,9468724.0,,20240719
032190,11250,11250,11130,11160,35041,391558300,-1.15,427428000000,-95253040.0,-18403870.0,20240719
323350,8490,8490,8080,8400,54171,444459460,-0.47,63807332400,-6632340.0,,20240719
068240,10900,11080,10690,10800,142441,1537667330,-2.09,412165119600,-340461690.0,-80447650.0,20240719
020400,7730,7800,7730,7760,4608,35668640,0.39,24747928160,-5245080.0,,20240719
008830,8450,8690,8440,8470,89356,762777380,-1.51,76124294400,54656790.0,100.0,20240719
048470,4380,4490,4325,4335,98454,432502735,-1.03,43350000000,-116444445.0,40.0,20240719
004780,4025,4035,3990,4035,9731,39043445,0.25,64169407965,-1134865.0,2128595.0,20240719
017650,7850,7850,7790,7850,2169,16970170,0.0,70650000000,-1205910.0,-3635070.0,20240719
007720,550,571,533,553,123015,68608863,-0.18,55742648850,-11286991.0,3975566.0,20240719
389260,12920,13440,12920,13430,30713,405991690,3.47,228981500000,76919750.0,930080.0,20240719
317850,9110,9220,8930,9220,219323,1985050330,-0.65,76751152400,-344561030.0,-7690380.0,20240719
290670,21400,22100,21350,22100,22875,493257900,2.31,173654286000,13675700.0,21850.0,20240719
078140,13910,15600,13910,14830,5298072,79162614840,4.44,164413966570,-202186840.0,52949800.0,20240719
065150,0,0,0,145,0,0,0.0,18165948725,,,20240719
036480,10300,10320,10210,10320,13139,134711350,0.19,39216000000,-17460680.0,,20240719
027830,1791,1922,1782,1815,1889106,3474397567,1.06,98010000000,-53315035.0,,20240719
104040,978,988,977,982,36948,36218114,0.41,35278896974,1155122.0,,20240719
129920,4315,4320,4200,4230,43949,185942505,-1.86,58014674190,-37613785.0,0.0,20240719
438220,2265,2285,2155,2235,289716,636908095,-1.97,12605400000,58857270.0,-26937905.0,20240719
442310,2305,2375,2300,2355,24889,58188555,2.39,15802050000,-292900.0,22722025.0,20240719
457390,2370,2400,2340,2400,16006,38311725,1.05,16884000000,-1949580.0,26003295.0,20240719
457630,2175,2195,2165,2195,20254,44188405,1.15,16045450000,-6076505.0,31371845.0,20240719
471050,2190,2200,2180,2200,20725,45488325,0.46,13332000000,-138285.0,36607265.0,20240719
020180,997,1002,996,1000,115592,115346413,0.2,38428915000,-4476882.0,-14250721.0,20240719
045390,3100,3295,3080,3250,3846465,12404550815,4.84,229038475250,-55886445.0,54250.0,20240719
108380,13190,13200,12960,13200,34624,451646070,-0.9,126288795600,66219150.0,-22737560.0,20240719
007680,4245,5200,4210,4490,542068,2608623880,5.77,60374668260,18926800.0,,20240719
048910,9030,9030,8910,9000,10348,92810330,-0.33,113210514000,1079870.0,36070.0,20240719
005710,6220,6240,6100,6220,8739,53841240,-0.32,124633872000,-873690.0,4193940.0,20240719
290380,0,0,0,2300,0,0,0.0,56841307600,,,20240719
120240,15780,15880,15690,15710,19869,313014860,-0.88,112961042610,16056310.0,40.0,20240719
003310,1543,1544,1534,1536,88566,136136701,-0.84,54362649600,-7000481.0,0.0,20240719
078600,119200,121600,118700,121100,99976,12015162500,1.09,1874699812300,-1409504200.0,1116937000.0,20240719
096350,400,409,397,401,390719,156158380,0.25,65668164609,-2708233.0,-3973725.0,20240719
140520,2435,2440,2400,2410,20172,48695655,-1.03,50873275630,-1394650.0,,20240719
131220,5320,5540,5300,5390,18410,99701260,0.94,40179701100,10656250.0,1773420.0,20240719
010170,1176,1230,1160,1172,281326,331067600,-1.35,87327086552,-74215255.0,289329.0,20240719
054670,9720,11560,9560,10640,8811713,96159610000,7.58,152736348800,179204230.0,1393090.0,20240719
023910,28300,28300,28000,28150,6363,178816150,-0.53,168900000000,-4225200.0,-905000.0,20240719
021040,3955,4010,3950,4010,4201,16704880,1.39,43518071870,-67950.0,,20240719
021045,7810,7980,7660,7980,462,3592790,2.18,3385483080,,,20240719
067080,10720,10790,10020,10410,333032,3432266570,-4.06,193799326500,-260603330.0,-12688270.0,20240719
298540,12240,12460,12100,12200,90918,1117287170,1.67,179963127200,-91624100.0,152041650.0,20240719
032860,0,0,0,3640,0,0,0.0,147040941320,,,20240719
393890,26700,27150,26350,27050,100680,2685147850,0.56,911490811900,-38472400.0,-316182100.0,20240719
299170,1830,1862,1827,1855,31162,57360929,0.27,55701871365,-6507457.0,,20240719
224060,5300,5490,5240,5270,23735,125699090,-1.5,25024057460,747870.0,,20240719
043090,375,375,355,368,149867,54441315,-2.13,26132692736,2940539.0,,20240719
213420,37150,37300,36250,36550,300756,10877976150,-2.01,907579592450,-908271250.0,393325350.0,20240719
317330,44250,45100,43100,44500,279919,12349361650,0.68,910442588000,-1539215450.0,-60268500.0,20240719
077360,6320,6440,6310,6400,114739,731256810,0.47,290796812800,29603690.0,-17225480.0,20240719
090410,1652,1652,1620,1639,157986,257355683,-0.67,75531831705,-84135402.0,-9395638.0,20240719
263600,6960,7010,6930,6940,48474,337247370,-1.0,110556351400,21164860.0,-34769810.0,20240719
194480,51900,52700,50500,52400,103000,5337614500,0.0,629501112000,1394479800.0,-1090568500.0,20240719
263800,5050,5080,5000,5060,74913,377833180,-0.39,82054882800,18683510.0,,20240719
206560,6260,6370,6160,6160,83373,519403460,-0.48,156536293760,-57453150.0,-50170.0,20240719
261200,8770,8840,8720,8770,17478,152769770,-0.34,138651069000,-2733850.0,-78930.0,20240719
067990,4620,4660,4605,4630,7540,34868650,-0.11,139740576500,-4631055.0,-9830830.0,20240719
006620,7010,7170,6900,7150,272732,1908730560,1.13,203524692800,-45366930.0,114783160.0,20240719
100130,2695,2725,2685,2715,54651,147938855,0.56,155143245000,11323010.0,-2620770.0,20240719
005160,6100,6210,5970,6200,133606,813779780,2.48,336315788400,-62603720.0,2247400.0,20240719
075970,3270,3310,3245,3260,160828,526250715,-1.81,59984000000,23763210.0,,20240719
086450,19220,19650,18650,18670,370848,7054380280,-3.61,830068200000,-246770830.0,-162425220.0,20240719
099410,2860,2885,2820,2860,20923,59612850,0.0,40040000000,-4802490.0,-17230.0,20240719
033500,12770,12780,12330,12560,224107,2804375960,-1.72,376668044640,-337103640.0,288936150.0,20240719
025950,21700,22350,21450,21850,32600,713996550,1.39,183540000000,21922650.0,700.0,20240719
088130,7820,8000,7690,7830,25073,196142200,-1.14,83490804540,4666220.0,8138880.0,20240719
041930,6940,6970,6850,6930,31887,219935460,-0.14,109494000000,-65137490.0,34520.0,20240719
060380,2015,2040,1991,2020,32001,64244626,0.25,39794000000,-630556.0,,20240719
079960,19180,19370,19000,19280,22641,433470210,-0.1,151540800000,-9176570.0,0.0,20240719
228340,2330,2345,2240,2330,139592,319970045,0.0,46600000000,10171045.0,-1485.0,20240719
088910,2390,2405,2335,2360,106494,251271910,-1.46,60962963040,-24868905.0,285.0,20240719
094170,20500,21050,19760,20800,270451,5560159530,1.22,394217844800,-63262480.0,-9714230.0,20240719
013120,2715,2770,2635,2650,112072,299741395,-2.93,240641465000,15662060.0,-159938525.0,20240719
109860,9110,9120,9060,9100,1614,14645440,-0.22,82810000000,-11429770.0,,20240719
032960,11300,11370,11210,11260,6428,72389170,-0.18,44885996980,-33644530.0,-9226260.0,20240719
023790,1108,1160,1087,1091,44366,49022301,-1.53,22737896485,-3850964.0,,20240719
005290,37100,38050,36900,37600,306759,11538833100,0.13,1933184974400,6054250.0,135329650.0,20240719
025900,12880,13310,12830,13290,154795,2027964020,2.23,671906317650,184208690.0,-10768520.0,20240719
131970,40050,40550,39300,40200,89473,3594863000,0.12,683663953200,-102031100.0,525351550.0,20240719
073190,2595,2695,2575,2650,33446,88496710,1.92,31715306000,2731830.0,-9155190.0,20240719
030350,383,412,382,392,716122,281797670,2.35,27200477416,14714858.0,,20240719
203650,2940,2960,2935,2940,87653,259229980,-0.34,148780916760,-1148620.0,,20240719
223250,3610,3795,3610,3730,185093,682838645,2.05,88771478520,-49870350.0,99085.0,20240719
060570,2165,2250,2155,2240,35054,77182170,2.75,169392323520,13359555.0,1300860.0,20240719
362990,2445,2465,2410,2410,49898,120836200,-1.83,39745638060,2526635.0,21730000.0,20240719
217620,0,0,0,381,0,0,0.0,22001687010,,,20240719
016670,7670,7780,7260,7380,20952,155263690,-3.15,26343898920,-54625280.0,226400.0,20240719
187870,16030,16120,15800,15930,4550,72284390,0.19,112093181370,-14569090.0,16060.0,20240719
110990,20600,21850,20600,21450,107129,2299546600,2.14,405405000000,-156102800.0,576964850.0,20240719
263690,8440,8440,8320,8400,8152,68005040,-0.36,95135124000,-185280.0,,20240719
214680,4480,4550,3860,3860,11516003,49089894245,-6.54,284586636880,-883441320.0,-12440010.0,20240719
347850,34650,37150,34400,36200,588717,21184519200,4.47,380667941800,-752716400.0,392603750.0,20240719
263720,23300,23600,23200,23350,15349,358910000,-0.85,292446444550,-32938300.0,-5308550.0,20240719
376300,26100,26100,24600,25100,114653,2896899500,-4.74,595833990600,-417440750.0,-68501950.0,20240719
109740,6120,6120,5950,6080,10896,65601510,-0.65,156319171200,6933810.0,,20240719
196490,0,0,0,203,0,0,0.0,34390100080,,,20240719
066900,2855,2855,2830,2840,869,2470185,-0.53,64594388520,-14230.0,,20240719
127120,3100,3155,3065,3120,29117,90598295,-0.16,58302054720,-27422470.0,,20240719
092070,16390,16870,16390,16650,26768,445164620,0.6,192671435700,-20172280.0,10081930.0,20240719
039840,19100,19380,19090,19380,13714,263712440,0.16,307788411900,35684880.0,-11349690.0,20240719
219550,713,726,627,650,5641906,3704156582,-10.96,51004876650,-52415751.0,-461729728.0,20240719
310870,1243,1284,1231,1284,57951,72890837,3.3,26562455964,-430994.0,,20240719
104460,14810,15030,14700,14890,29625,438264270,-0.93,159525876250,-110698600.0,-5491210.0,20240719
079810,9750,10000,9710,9890,84756,834449700,1.44,217857849660,12199740.0,-37856090.0,20240719
113810,925,928,914,927,58661,54055148,-0.54,30246203277,-3670704.0,,20240719
043360,2280,2730,2220,2220,806985,1988862200,-2.84,19980000000,-15846870.0,,20240719
197140,3520,3585,3520,3580,11261,40204885,0.42,46587091320,-2634005.0,,20240719
068930,6870,6970,6850,6950,7608,52617380,1.16,192343626900,4656680.0,3670880.0,20240719
033130,1785,1790,1761,1776,33659,59612478,-0.5,65916714192,-12537233.0,,20240719
105740,9400,9470,9050,9460,311389,2880053160,0.96,96080612980,12456570.0,1626790.0,20240719
263020,3100,3145,3005,3100,76168,233106645,-0.48,46716476100,12416290.0,38180.0,20240719
290550,13100,13690,12850,13190,1164399,15466322740,2.97,261560338000,-2812434230.0,-348678260.0,20240719
066670,3950,4000,3935,4000,37149,147578810,0.25,74767672000,17711295.0,40.0,20240719
187220,4055,4105,4005,4095,56917,230664595,1.11,47903395995,-18265775.0,,20240719
383930,7830,8240,7410,8010,500915,3951569370,0.75,102291801120,1778560.0,,20240719
131180,985,992,945,978,73697,72076585,-0.71,28704300000,-1951329.0,,20240719
315640,7200,7420,7180,7380,113327,826272950,2.5,165468957840,139722700.0,-49327830.0,20240719
223310,3415,3750,3300,3630,123211,439114400,6.3,82906931250,-133899555.0,308175.0,20240719
317120,4270,4385,4200,4340,29751,128093370,0.7,41924400000,-23674575.0,,20240719
462510,12600,13280,12070,12200,586791,7389327100,-1.85,105538967000,-588510020.0,869830.0,20240719
042510,2235,2235,2190,2195,208446,463807040,-1.57,122976786845,-99470720.0,57070.0,20240719
232680,8790,9060,8700,9030,71189,633346620,2.73,113184133020,162072000.0,,20240719
418420,4695,5160,4695,4900,496299,2443789030,3.38,147531321700,38615715.0,-553700.0,20240719
300120,6010,6070,6000,6000,30038,180810300,-0.99,125160072000,-387190.0,50.0,20240719
171120,2590,2605,2555,2580,14301,36847325,-0.39,92626540800,-1685660.0,,20240719
388790,3660,3795,3600,3720,877580,3262030085,1.09,111279819600,-181989530.0,,20240719
347700,1781,1996,1773,1880,728315,1388092946,4.56,31324591960,165174760.0,544773.0,20240719
214260,29350,31500,26450,26650,3694912,107667273550,-8.42,230999961400,-6401100.0,1004584000.0,20240719
200350,12130,12690,12090,12570,65564,815618530,2.7,125650034250,-39745800.0,190.0,20240719
171010,5160,5190,5000,5080,249396,1269947810,-3.24,72156604480,14705230.0,70.0,20240719
084650,2300,2330,2275,2290,312749,717306525,-1.72,170009577100,-96942735.0,-128215.0,20240719
217500,2410,2425,2330,2375,40149,95512670,-2.46,75553500000,-8575770.0,,20240719
038390,15840,15840,15300,15500,11736,181296590,-1.77,133136940000,8280210.0,3516560.0,20240719
294140,5000,5000,4660,4785,396069,1897477095,-0.93,100485000000,56507235.0,,20240719
443250,10510,10510,10200,10220,53638,551395850,-2.76,114253324920,-45764070.0,101768230.0,20240719
228670,12260,12270,11860,12100,203699,2450459630,-0.98,187162352300,145456290.0,136677100.0,20240719
228850,8050,8090,8000,8090,7542,60513210,0.12,134221303260,-3713670.0,-11921480.0,20240719
412350,8350,8390,8150,8200,68289,562442510,-1.09,71561170400,-19278820.0,,20240719
199550,10140,10420,9970,10350,141946,1441442970,2.07,120192821550,219617340.0,0.0,20240719
281740,16610,16960,16410,16940,239141,3998215820,1.07,1113475483120,-501298020.0,-148672000.0,20240719
277810,155400,158000,155000,156000,45251,7069790100,-0.32,3026377848000,48332800.0,-354302100.0,20240719
215100,4510,4510,4410,4460,72820,323888800,-0.45,90754104840,-52351690.0,4500.0,20240719
090360,27550,28000,27550,27850,28132,781877300,1.27,271537500000,55239650.0,978200.0,20240719
108490,22450,22650,22200,22400,38101,853497750,0.9,292254860800,-43329550.0,-19678150.0,20240719
900260,783,804,783,802,53970,42937881,0.88,28897092976,-4248644.0,,20240719
067730,2900,2925,2865,2880,9813,28390225,0.0,27860895360,-2264675.0,,20240719
071280,13420,14350,13200,14300,174970,2430060700,6.32,218741422900,377650550.0,-212935650.0,20240719
328130,45650,47000,45150,46950,149848,6902777900,1.73,1353598078500,793021000.0,-330889000.0,20240719
038060,1190,1194,1175,1188,24164,28743510,0.25,57146445972,-23666262.0,,20240719
141080,77800,79200,75500,78300,494110,38267316600,-0.51,2863223348400,242245400.0,-1964016100.0,20240719
058470,224500,226000,218000,219500,98886,21825000500,-3.3,3345700215000,-5581484000.0,-119160500.0,20240719
016100,3225,3240,3135,3155,51090,162179970,-2.02,60263320570,6846235.0,,20240719
012700,5020,5020,4990,5000,15069,75375660,0.1,132230675000,278950.0,984635.0,20240719
302550,2870,2920,2835,2915,26651,76485270,0.69,89310003200,4467140.0,,20240719
073570,2810,2875,2730,2815,386279,1082296970,1.62,101873434055,194715170.0,5249835.0,20240719
377450,11850,11940,11700,11880,12292,144592240,0.25,205880400000,15187460.0,890150.0,20240719
277070,5710,5790,5590,5670,19806,112590870,-3.08,77633640000,-355900.0,-73710.0,20240719
042500,5710,5740,5600,5640,69479,393382640,-1.23,107555555760,-82543600.0,180100.0,20240719
193250,563,573,555,565,77529,43658743,-0.7,35777708005,9470.0,,20240719
219420,5850,5880,5780,5790,61544,357794580,-2.85,66408445530,100006770.0,,20240719
439090,23450,24000,23050,23550,203054,4788431150,0.21,385708023000,-86738350.0,4305900.0,20240719
195500,3310,3600,3300,3505,698056,2426125975,5.41,55827640000,-163248295.0,-13765.0,20240719
377480,14450,14640,14220,14640,28168,406143600,1.31,90436887120,22130550.0,856500.0,20240719
305090,10620,10990,10350,10710,173363,1845593110,0.85,167468671440,-30714280.0,58719370.0,20240719
098120,8020,8160,8010,8050,17313,139884010,-0.62,66917766300,-35021730.0,,20240719
424980,10110,10390,9870,10230,30170,302493280,1.79,60550244700,4806990.0,10230030.0,20240719
038290,19040,19040,18610,18720,27553,516891700,-1.27,202951008000,-11416650.0,-7425570.0,20240719
267980,41900,42150,41350,41350,3409,141400250,-1.19,324334431300,-8536500.0,-30388850.0,20240719
005990,8280,8430,8280,8380,7278,61038560,1.21,114959387520,-43120.0,19170.0,20240719
093520,9850,10000,9850,9850,52929,523519060,-1.6,159206456200,-77683190.0,7746900.0,20240719
377030,4015,4255,3970,4040,144401,594064095,0.62,79066363280,-8015865.0,-1261285.0,20240719
100590,4055,4075,4015,4070,13368,53947480,0.0,64428193610,1569385.0,142300.0,20240719
067280,32700,33100,32600,33050,1430,46991500,0.15,195880045950,-2467700.0,99300.0,20240719
072870,11430,11490,11320,11400,11284,128184060,-0.26,135898932600,9437600.0,8659580.0,20240719
215200,53200,53700,52500,53500,27056,1434718900,-0.37,621984419500,-143308800.0,69913300.0,20240719
133750,2135,2150,2100,2140,81178,172659285,-0.7,50091144780,25438975.0,-12765.0,20240719
446540,4800,4935,4740,4850,64226,307151065,1.04,100739350000,29065705.0,-11252685.0,20240719
235980,8250,8440,8040,8100,148529,1204079270,-1.82,272003629500,43259290.0,-9436750.0,20240719
041920,5750,6150,5730,5850,117175,688338080,1.04,108799604550,-88093130.0,,20240719
014100,2705,2755,2665,2725,8058,21802945,0.74,32155000000,-3517650.0,,20240719
054180,673,720,670,689,3037423,2104308723,2.84,39377154752,25646766.0,,20240719
086900,155200,177200,154900,175300,318069,54041344700,12.52,1279426524100,3415882000.0,8373757800.0,20240719
078160,6870,6920,6800,6850,35163,240708020,-1.15,234391827250,-69911690.0,52770.0,20240719
408920,2365,2365,2340,2350,79023,185704805,-0.63,101596269250,662160.0,942270.0,20240719
021880,346,351,345,349,70968,24666165,0.87,53112358392,-1801275.0,3765914.0,20240719
140410,37450,37950,37000,37050,70284,2621204100,-1.98,1104994427550,-345962950.0,-354593500.0,20240719
241770,8540,8540,8210,8340,11653,96737370,-0.48,85006617600,-1058460.0,,20240719
059210,4750,4750,4570,4740,267160,1247491340,0.0,113107543740,297959135.0,29464915.0,20240719
058110,2300,2795,2300,2360,3485143,9085208010,1.72,37879250800,-243632985.0,-2605.0,20240719
434480,4205,4300,4205,4250,65554,297474295,0.47,52076525000,7622830.0,0.0,20240719
080420,1984,2015,1984,2010,6908,13774544,0.25,160240460220,-213044.0,,20240719
417970,12050,12280,11960,12070,6414,77369060,0.17,77208169000,-5989830.0,60.0,20240719
080160,13520,13690,13350,13380,74304,997128740,-2.26,252882000000,-257438190.0,-74984280.0,20240719
087260,2655,2720,2655,2685,269313,723872585,-0.37,87404431785,28571590.0,-13585635.0,20240719
101330,3715,3720,3620,3680,42840,156597105,-0.94,85181066720,-25600125.0,-25680.0,20240719
012860,1901,1926,1900,1922,206286,394049050,1.32,140754704354,-17809231.0,,20240719
363260,2015,2070,2005,2030,161104,327929795,-0.25,65292451070,140298505.0,,20240719
348030,6510,6550,6450,6470,5843,37881930,-0.61,62136586000,-706230.0,-1009110.0,20240719
250060,3330,3580,3330,3360,1257510,4355814805,0.9,108095615040,190477935.0,,20240719
288980,1842,1849,1816,1834,170687,312219416,-0.65,63376734708,78680701.0,,20240719
142760,1861,1879,1805,1864,86220,158303695,0.16,70337687704,-19995384.0,-937923.0,20240719
033200,3730,3730,3700,3700,1590,5894350,-0.8,53025384500,-293690.0,10.0,20240719
333050,1302,1367,1291,1357,29578,39045958,3.12,33170950382,152509.0,4655155.0,20240719
118990,12560,12780,12550,12620,59287,751145700,-0.63,313758313800,-108172180.0,30884560.0,20240719
006920,3145,3210,3090,3180,13235,41588830,1.76,34725600000,-1388150.0,,20240719
001810,1720,1740,1688,1736,23636,40274635,0.0,38430700000,-2647881.0,,20240719
279600,12340,12340,11520,11520,29468,350611370,-6.27,53968677120,5672540.0,,20240719
095500,13250,13910,13250,13830,243769,3323608920,3.67,428868286170,719342950.0,-71643740.0,20240719
254490,13940,13990,13550,13890,25016,345870730,-0.79,200543820000,117777400.0,,20240719
218150,5080,5140,5050,5080,87763,446125850,-0.78,103712274160,6450070.0,-35240.0,20240719
442900,9730,9800,9730,9800,7658,74922420,0.31,75264000000,,48403100.0,20240719
100790,5650,5650,5500,5610,44859,249465710,-0.71,298029196740,-30341540.0,4893230.0,20240719
412930,0,0,0,2620,0,0,0.0,16181120000,,,20240719
446190,2300,2315,2285,2315,7977,18338380,1.09,11459250000,-11550.0,-1947800.0,20240719
448830,2200,2215,2185,2210,13661,29981190,0.45,10873200000,-349700.0,-5048455.0,20240719
477380,2045,2065,2035,2055,98603,201822130,0.24,16645500000,28126570.0,98238525.0,20240719
477470,2130,2140,2115,2125,24630,52430110,-0.47,11645000000,0.0,25471550.0,20240719
478440,2060,2070,2055,2070,27741,57251465,0.49,14345100000,-2060.0,48561935.0,20240719
049950,22000,22250,21650,21650,39378,859124100,-2.7,190907188600,-66892800.0,1164050.0,20240719
207760,1796,1810,1746,1803,599310,1065963131,0.39,149792848749,508579174.0,-19506.0,20240719
059090,13820,14150,13680,13830,238323,3314196760,-0.5,462154039740,-538347750.0,212475590.0,20240719
214610,1277,1299,1277,1295,62167,80287397,0.15,56421783775,-7950196.0,-47802.0,20240719
201490,2415,2475,2410,2475,228682,561386245,2.7,77362980750,32336375.0,16035975.0,20240719
452200,8050,8250,8020,8150,195846,1585853930,0.49,178854195000,37578420.0,-2617130.0,20240719
418470,16700,16920,16470,16880,30348,506523840,1.32,143467998320,134306300.0,-5738120.0,20240719
206640,17830,18850,17650,18830,176967,3285571690,4.67,442251924800,254409410.0,472131520.0,20240719
018700,1250,1277,1250,1270,45522,57456149,0.08,44602091390,5422497.0,-14227863.0,20240719
035620,506,517,502,511,15232,7767960,0.99,38038673925,-481815.0,-6108.0,20240719
053030,18990,19490,18460,18900,1261514,24014478440,0.48,600283807200,-2033654920.0,11657380.0,20240719
301300,5030,5070,4975,5060,10952,54917445,0.6,62717996660,1164765.0,,20240719
064550,34900,35200,34450,34850,263402,9150256250,-1.41,899488641350,550914100.0,-95154800.0,20240719
314930,13970,14440,13890,13980,265136,3741150480,-1.06,416102159940,-51666390.0,86416800.0,20240719
208710,504,528,495,510,91403,46386044,0.99,31926170340,-1325721.0,-5354187.0,20240719
086820,15580,15580,15180,15240,8436,128774820,-2.18,124105812240,-37701790.0,,20240719
038460,4440,4615,4420,4500,155532,701610465,0.45,107699472000,7551750.0,-4689325.0,20240719
251120,16200,16890,16070,16780,60255,1001455430,3.64,145913846000,118389890.0,-49100.0,20240719
199730,8660,8790,8620,8720,6023,52272170,0.23,42417280240,3492500.0,-17460.0,20240719
086040,4725,4780,4630,4715,38676,180905475,-0.21,75243134605,-17874350.0,4715.0,20240719
099430,6080,6520,5920,6420,1036783,6502142780,4.9,371916146880,839883920.0,15420470.0,20240719
032980,1190,1287,1165,1206,2068981,2548343062,1.77,54002255940,123403263.0,709603.0,20240719
308080,3640,3900,3560,3805,111577,420705110,5.69,73298530700,-19598175.0,,20240719
043150,26800,27250,26550,26700,22396,598345050,-1.11,396608635200,-126496200.0,-63169150.0,20240719
323990,15580,15860,15540,15660,105531,1650941900,-0.82,360073512000,225287030.0,-85833470.0,20240719
267790,5530,5590,5470,5480,13683,75165510,-1.97,43228980000,3819630.0,,20240719
046310,2755,2800,2700,2715,77694,211607660,-2.51,44576610315,15092760.0,2127850.0,20240719
331520,759,769,737,769,169422,126652303,0.79,39114715910,-13556595.0,7516760.0,20240719
438700,4930,4980,4755,4950,41524,201957660,2.8,55167205500,32800020.0,,20240719
066410,0,0,0,1153,0,0,0.0,96978744678,,,20240719
382900,18720,18760,18500,18760,42965,798624690,0.0,164356360000,47811080.0,-150580.0,20240719
206400,3245,3245,3110,3170,21398,67348400,0.16,99580795000,-31773880.0,,20240719
019010,2020,2035,2010,2035,36087,73088905,0.49,98087000000,0.0,-1478850.0,20240719
177350,396,398,392,394,343998,135615896,-0.51,35212584942,-10298731.0,-290073.0,20240719
424760,1400,1448,1350,1387,155639,217829587,0.73,27275357774,-2564162.0,14033927.0,20240719
225530,5030,5090,5030,5070,8315,42080720,0.4,184237345890,3676860.0,-1148240.0,20240719
250000,11100,11120,10930,11120,74314,821717550,0.54,75068150960,-48549400.0,70.0,20240719
310210,72100,73800,70000,72100,273186,19577785700,-0.28,1283035722500,3171056000.0,-1132740200.0,20240719
006910,3655,3655,3465,3475,1237612,4335795880,-4.27,170726138400,267619255.0,-2243575.0,20240719
226340,3140,3160,3045,3095,505675,1566403295,-0.64,129842739900,97391565.0,-211220830.0,20240719
014470,2110,2155,2065,2120,143849,303970115,0.0,127310791200,-13085140.0,,20240719
008470,3800,3825,3790,3790,2069,7883385,-0.79,31854192000,-183120.0,,20240719
338220,30500,32300,29400,31950,489617,15161043950,4.41,443728533150,793151950.0,572407600.0,20240719
100120,27000,27400,26950,27300,6287,170125500,0.92,273050914500,-8043500.0,-16036650.0,20240719
406820,17180,18050,16740,17030,74221,1290378110,-0.87,60184701200,-273869110.0,160.0,20240719
337930,8320,8810,8100,8440,792275,6767265440,1.2,247389456680,-691421610.0,126675720.0,20240719
099390,6720,6720,6510,6610,8763,57844290,-1.2,54256750630,-3911320.0,,20240719
064480,6670,7010,6590,6920,91852,622298790,2.52,82711300000,35051930.0,-90.0,20240719
288330,2610,2730,2330,2495,955875,2385484245,-5.85,61064097060,-238297735.0,,20240719
365900,4640,5490,4300,4420,3298378,16890857990,4.62,32311526000,-104199940.0,-50.0,20240719
089970,13060,13730,13060,13100,118902,1570490810,-0.76,315390294500,-47782830.0,-166481260.0,20240719
251630,6340,6400,6250,6350,28856,182381870,0.16,101237326100,47112550.0,836440.0,20240719
018290,34100,38100,33050,37850,3472197,126607273600,13.15,1354954564950,1845878100.0,12613306550.0,20240719
439580,13680,15350,13600,14540,2587141,38207468850,4.6,158261924060,-58449980.0,-32843240.0,20240719
033560,3085,3195,3050,3110,8090,25081445,0.32,53181000000,-1164815.0,,20240719
369370,1741,1800,1741,1793,2320,4150157,1.99,89420336423,-51817.0,,20240719
126340,45800,45850,45100,45300,22509,1019074250,-1.09,275655845400,24835600.0,26069300.0,20240719
121800,0,0,0,3320,0,0,0.0,256309348520,,,20240719
082800,3155,3250,3110,3240,81567,260638855,2.69,156205956600,76387045.0,,20240719
318410,9160,9330,9050,9100,109088,998124460,-0.66,50552711300,-27825190.0,,20240719
419540,2090,2115,2060,2115,284323,592915740,0.95,48629160765,-107438945.0,,20240719
146320,16430,16780,16060,16520,70555,1161172560,1.29,211339087960,266099490.0,34080770.0,20240719
200780,5890,5910,5750,5830,3840,22388650,-0.34,51842598720,-730580.0,,20240719
413640,9150,9380,9060,9360,20810,191713980,2.3,67456958400,58061870.0,,20240719
141000,8190,8190,8010,8110,13566,109612160,0.12,98250298100,-4635930.0,,20240719
083650,8800,8830,8460,8770,553275,4790124260,-0.45,271382168750,132736050.0,-33227670.0,20240719
445360,2110,2130,2105,2125,7928,16737870,1.19,9158750000,211325.0,-16575620.0,20240719
473370,2070,2075,2065,2070,10953,22672825,0.0,8714700000,-35190.0,7338150.0,20240719
065170,520,534,507,530,567504,294052614,1.92,47154396270,8465991.0,-1267738.0,20240719
086670,12520,12640,12260,12470,17786,220021410,-0.8,113790919780,-35274860.0,,20240719
335890,10110,10400,10030,10340,636721,6531383070,2.38,604053752500,915780350.0,-178463310.0,20240719
230980,0,0,0,229,0,0,0.0,21370407553,,,20240719
138580,14330,14580,14230,14410,44774,645156580,-0.41,325034308830,-179427300.0,11052100.0,20240719
082920,19690,19690,19040,19180,67596,1301944540,-2.69,438689045340,-82236510.0,-1827730.0,20240719
054220,504,515,498,500,342632,172514013,-0.79,24580299500,5711924.0,,20240719
042370,8640,8640,8360,8390,295521,2501861600,-2.89,219818209750,57049980.0,471160.0,20240719
050090,838,859,832,845,31446,26465663,0.72,16718101075,-353606.0,,20240719
148780,1330,1330,1276,1306,117987,153534689,-1.8,41068116850,14157400.0,,20240719
307870,2485,2660,2425,2660,803313,2048170070,7.26,117329727200,48355630.0,-181030.0,20240719
357880,2900,2900,2790,2805,58497,166269565,1.26,29295296580,-20266535.0,,20240719
032850,5610,5680,5610,5620,43083,242824280,-0.35,93422906660,-7012480.0,-14167630.0,20240719
238200,0,0,0,4545,0,0,0.0,37178100000,,,20240719
093190,4935,4940,4825,4900,12481,60786930,-0.71,94270634500,3967365.0,163560.0,20240719
065450,4835,4930,4790,4820,787327,3821195555,1.69,138106496000,331448250.0,4835.0,20240719
210120,13800,13800,13500,13690,5364,73020360,1.18,43049710900,7171380.0,-13530.0,20240719
044480,814,814,786,788,103857,82484613,-3.31,32043017664,-4304877.0,,20240719
069540,3285,3580,3130,3545,666160,2283863770,7.26,113001887630,129553985.0,387027980.0,20240719
072950,4600,4760,4560,4725,72979,341739360,2.72,38048582250,89058340.0,,20240719
451250,16690,16930,16290,16550,109061,1813241980,-0.12,160240194850,-73549250.0,343140.0,20240719
143240,18450,18490,18280,18460,2912,53449960,-0.05,216152994980,-4215570.0,1664270.0,20240719
452430,19790,19790,19010,19490,77057,1496481890,-1.52,155775618080,149985970.0,0.0,20240719
419120,7190,7350,7110,7350,18795,135827300,2.08,57141296100,13843660.0,,20240719
122350,1770,1785,1768,1779,42449,75226616,0.51,68205842412,-1886219.0,,20240719
419050,2375,2435,2375,2415,241460,578563345,1.26,138128919600,41975885.0,,20240719
014970,4170,4200,4140,4195,12076,50580350,0.6,63449375000,10245440.0,3751955.0,20240719
018310,19850,19890,19490,19510,15297,299353100,-1.71,286797000000,-4067000.0,2307890.0,20240719
053700,4855,4875,4780,4790,128410,617247715,-1.74,109581740100,-42777580.0,19240.0,20240719
009620,450,507,449,486,4765778,2293054629,8.24,35859948372,115229974.0,-110667283.0,20240719
023600,9860,9880,9710,9790,7347,71975110,-0.81,158304300000,-23043600.0,-4782540.0,20240719
425290,2215,2225,2205,2220,12681,28079995,0.0,12254400000,-8885.0,2205000.0,20240719
439250,10030,10050,10030,10050,2989,29990390,0.1,35195100000,,15355930.0,20240719
448740,9930,9950,9930,9950,13869,137877430,0.2,46406800000,,71255750.0,20240719
468510,2045,2055,2040,2055,37725,77353930,0.49,22707750000,-253635.0,47860565.0,20240719
009300,33500,34600,32200,32400,247747,8247435350,-7.16,206388000000,-147311450.0,4304150.0,20240719
361670,7990,8020,7300,7900,40840,317466590,-1.13,44774498200,-17399800.0,,20240719
054540,5000,5000,4870,4905,97160,476577175,-1.9,63765000000,20660015.0,-29310.0,20240719
065570,1900,1907,1851,1855,79915,148924782,-2.93,24783933405,-21032972.0,,20240719
032280,1768,1768,1744,1757,27933,48966711,-0.68,28487277630,-11994818.0,,20240719
002290,3215,3240,3175,3235,93909,303363725,0.78,40114000000,-5376880.0,535.0,20240719
037460,8700,8700,8580,8660,33934,292773150,-0.46,141318400520,-24520620.0,4920850.0,20240719
032750,4625,4625,4565,4605,27962,128115465,-0.97,41588316810,-1531815.0,,20240719
054090,1440,1488,1427,1457,131349,191138177,1.18,36365601024,-27646303.0,,20240719
000250,183400,195000,181300,192400,1080628,205448300500,3.78,4513217612800,3185713900.0,8285304400.0,20240719
024950,4940,4940,4900,4910,14903,73129335,-0.61,65173263070,-16548605.0,236530.0,20240719
038500,3240,3245,3130,3160,238481,756605680,-1.56,341015526960,-14300710.0,4682320.0,20240719
437730,22450,25900,22350,25050,312272,7688016850,10.6,264758184450,313640000.0,-5684050.0,20240719
017480,4975,4975,4940,4950,9937,49134375,-0.5,77729305500,865325.0,25.0,20240719
046390,1766,1772,1743,1760,107314,187868742,-0.34,75984362080,10195025.0,-57886.0,20240719
027580,1596,1608,1591,1604,206477,330587196,0.19,94926771516,33874378.0,,20240719
038540,3030,3080,3030,3065,13231,40422960,0.16,169581279345,-2514790.0,-4587500.0,20240719
415580,2100,2105,2095,2100,6102,12809380,0.24,11151000000,-31495.0,10498750.0,20240719
452670,2030,2040,2030,2035,1646,3349680,0.25,10622700000,,3260070.0,20240719
091580,14020,14200,13920,14200,45089,634223270,1.28,190680709800,30497630.0,-1238090.0,20240719
263810,3550,3555,3490,3555,26988,95186650,0.14,50639972490,-9795010.0,,20240719
089980,24100,24650,23650,24500,54731,1313872850,-0.2,391731406500,-30738350.0,-2371150.0,20240719
042940,3080,3100,2980,3095,11245,34313475,0.49,36971149180,-3119875.0,,20240719
042600,16120,16500,15920,16430,9964,161846980,0.92,204119320820,68768190.0,16180.0,20240719
107600,38250,39200,37950,38800,12843,493469750,0.65,191537946000,51026950.0,-1472300.0,20240719
411080,7860,8000,7710,7800,121954,992720270,-2.62,118939376400,43428400.0,,20240719
252990,6200,6310,6120,6190,134648,835497420,-1.9,361422109970,-134805710.0,194060.0,20240719
378800,2830,3590,2710,3100,50278996,162551675385,5.98,93443396100,-20450300.0,-256064395.0,20240719
294630,4400,4400,4240,4275,163612,702473520,0.35,100626912225,7132850.0,,20240719
038070,8460,8600,8390,8390,19070,160499780,-2.1,74676671640,-20898570.0,20.0,20240719
006730,6660,6700,6600,6680,76170,505468270,0.3,443731845640,-84968660.0,3931890.0,20240719
079650,1275,1278,1252,1278,9437,11934484,-0.54,25560000000,104856.0,-55595.0,20240719
100660,4800,4860,4740,4795,255644,1224662840,-1.74,60417000000,-27642150.0,23825.0,20240719
019770,4010,4080,3970,4080,23056,92363345,0.99,47532000000,-5402915.0,10.0,20240719
043710,630,644,630,630,37005,23439935,-2.48,31625294400,2812958.0,,20240719
092190,4235,5080,4160,4235,4356466,20386636945,0.0,194252602005,22369505.0,7393775.0,20240719
046890,9610,9710,9550,9550,107422,1031076450,-1.55,556816570000,76879370.0,14404190.0,20240719
063170,8190,8300,8120,8210,59233,484780300,-1.2,145926732070,-8518190.0,-1656980.0,20240719
027040,335,336,322,335,71522,23762649,0.0,23312263745,-242516.0,,20240719
018680,4230,4545,3960,4020,1136237,4849209220,-4.4,46870462380,30553730.0,,20240719
093920,5700,5700,5590,5670,15089,84872740,0.18,105462000000,612170.0,-121240.0,20240719
189860,6700,6710,6110,6200,476106,2993062790,-8.01,60132436000,133373770.0,-2370.0,20240719
178320,29250,30000,28550,29900,853638,25170778150,2.22,1665502447700,-7306080200.0,-267446850.0,20240719
122690,3050,3080,3005,3070,52292,159740125,0.66,67062338700,-34540295.0,,20240719
140070,3300,3330,3225,3250,40674,132723205,-0.61,120211000000,-7464180.0,,20240719
011370,848,860,846,860,132717,113258296,1.3,86769583900,4421012.0,0.0,20240719
065710,19580,19580,19490,19550,3646,71202990,0.05,100682500000,-6013990.0,-3024590.0,20240719
035890,1342,1342,1326,1339,93774,124935166,-0.22,307713523923,2447625.0,1132691.0,20240719
357550,50100,51300,49700,50400,5120,256913750,-0.98,274932000000,-209400.0,,20240719
003100,17050,17140,16900,16920,9733,165127440,-0.99,111672000000,-22343610.0,,20240719
067370,7720,7880,7350,7810,17347,132918420,0.0,96168864550,20041500.0,,20240719
171090,47800,48500,47250,47650,47142,2249602000,-0.94,452408398250,190951000.0,-47750.0,20240719
086710,14910,15600,14530,15440,342371,5207931020,3.55,188418643200,212969300.0,8687380.0,20240719
014620,14150,14250,13210,13480,1535426,20959386300,-3.09,385528000000,-1546517430.0,-370518330.0,20240719
037350,4280,4380,4240,4240,34081,145212220,-3.31,65592800000,-70999600.0,,20240719
081580,3270,3390,3150,3385,339154,1109417575,3.52,52495064055,-52928070.0,46929720.0,20240719
045300,3255,3255,3180,3180,25026,80139725,-2.3,32282033940,859690.0,25.0,20240719
015750,8060,8100,7950,8020,284441,2276430210,-1.72,641600000000,-350296190.0,-52965820.0,20240719
365340,69600,69800,68300,69500,29942,2066809400,-0.57,843389241500,-147119800.0,-152757100.0,20240719
080470,3885,3910,3855,3910,4720,18323280,0.0,28543000000,58000.0,-5376450.0,20240719
043260,1641,1648,1627,1639,271218,444066235,-0.18,94435162811,2701159.0,,20240719
148150,9680,9880,9580,9840,214142,2092150930,1.44,352866621360,-41246650.0,192677330.0,20240719
188260,3040,3055,2975,3035,8487,25446355,-0.49,21723649850,-1844510.0,-2378680.0,20240719
053060,1315,1316,1305,1316,38935,51054454,-0.23,23237163404,-3637700.0,-13090.0,20240719
340440,1545,1606,1535,1567,32583,50518012,0.45,44468896388,197126.0,,20240719
017510,7160,7250,6920,6990,1125873,7948373030,-3.45,106569540000,-162793010.0,-10560.0,20240719
011560,11130,11260,11030,11200,22864,254415150,-0.09,117936000000,-3070420.0,359500.0,20240719
396300,3395,3440,3310,3395,215928,725173740,0.0,89931852500,55188290.0,-1680330.0,20240719
100700,2780,2790,2740,2790,23517,64870950,0.54,122202000000,-16288995.0,,20240719
024830,6900,6900,6810,6860,108,737350,-0.58,57281000000,0.0,0.0,20240719
258830,0,0,0,412,0,0,0.0,22983976612,,,20240719
036630,579,582,573,579,68934,39809594,0.35,115800000000,6620706.0,,20240719
039310,1897,1897,1833,1895,26007,48807714,-0.11,34340558965,1199055.0,,20240719
067770,2670,2670,2635,2640,7334,19477110,-1.12,22167005520,-2136050.0,-42430.0,20240719
053450,6470,6530,6370,6420,58988,378910320,-1.68,94969795260,-33957210.0,-14095720.0,20240719
222810,0,0,0,1080,0,0,0.0,81712098000,,,20240719
252500,964,976,955,976,285371,276211966,1.04,40490716640,6383884.0,17477.0,20240719
321370,3345,3770,3265,3655,699123,2522174585,9.43,96286387975,298527055.0,1167830.0,20240719
347000,2760,2800,2760,2775,63101,175077610,-0.18,91588808400,8882160.0,,20240719
331920,3525,3540,3410,3455,8444,29279790,-2.81,28207131340,-271270.0,,20240719
049180,1640,1790,1625,1664,958877,1637983720,3.16,81926114816,-131409291.0,-823243.0,20240719
299660,1870,1870,1788,1799,72902,132232195,-4.71,24471755623,-4190589.0,,20240719
268600,0,0,0,6680,0,0,0.0,244941204600,,,20240719
108860,12980,13080,12810,12950,202103,2611624730,-1.15,348546530500,504728570.0,-167733690.0,20240719
208370,3850,3860,3745,3840,121367,460318040,-0.26,98843765760,127078475.0,,20240719
318160,3725,3770,3605,3660,50233,184654860,-2.92,33894897660,-55459040.0,7143670.0,20240719
068760,93600,94900,92700,93500,86701,8102352600,-0.64,3889287055500,-972109100.0,-524458500.0,20240719
068940,0,0,0,778,0,0,0.0,29766744466,,,20240719
060230,978,1054,935,1048,1758187,1736355792,5.33,42298274552,166998359.0,,20240719
290690,11850,12430,11750,12140,421041,5080152690,2.45,433813588620,-308352270.0,-669470.0,20240719
950200,4280,4320,4200,4260,21263,90023320,-0.35,81945585780,13842530.0,,20240719
032680,592,603,588,603,801386,474846584,1.86,63671230692,48103384.0,,20240719
032685,8020,8100,8020,8100,3026,24364880,3.05,2892850200,0.0,,20240719
258790,1171,1209,1171,1202,60285,71809374,2.65,30039523368,-2714623.0,,20240719
066910,2000,2000,1846,1937,355117,687231753,-3.0,65440109683,-1691928.0,1992895.0,20240719
043100,402,415,393,396,1243098,495624674,-3.18,31584646368,2613677.0,,20240719
035610,4280,4295,4215,4275,26299,111811065,-0.12,116904137175,-15464540.0,,20240719
357780,277500,284000,275000,281000,19008,5324754000,0.0,2185777046000,-299932000.0,1185874500.0,20240719
036830,62300,62800,59500,61400,167921,10337265100,-1.29,1287193038400,-378266800.0,-1006338300.0,20240719
304100,17910,18080,17560,18060,42241,752103560,1.52,219078058080,162286470.0,2847470.0,20240719
328380,1161,1169,1153,1153,29134,34258443,-0.6,39504983034,-70790.0,,20240719
086980,3500,3580,3495,3520,80498,284300020,0.0,220485760000,-7007755.0,-6994475.0,20240719
050960,10440,10500,10230,10430,9324,96287350,-0.1,70412930000,8515910.0,,20240719
084180,584,586,572,576,158564,91604174,-1.37,67662992448,-30218144.0,,20240719
253840,4725,4750,4700,4730,38988,183998940,0.11,79112125840,22714075.0,15.0,20240719
298830,5500,5530,5210,5320,814234,4335043930,-3.27,279933404520,116715580.0,-5440.0,20240719
236200,25700,26850,25600,26150,73268,1922354050,1.75,188104088950,-101610350.0,-137602450.0,20240719
094840,6820,6860,6760,6860,6762,46082040,0.44,71836822400,-9605130.0,-74750.0,20240719
192440,28100,28250,28100,28150,2240,63089400,0.18,174990618450,-4850000.0,-141750.0,20240719
424960,9760,9950,9760,9860,53755,528518940,-0.4,153513692400,-9094210.0,-7525090.0,20240719
136510,96,131,90,91,13345933,1398435361,-12.5,5296383638,360.0,,20240719
099440,3465,3480,3410,3470,214113,738373210,-0.86,139644577180,-52117490.0,-1339420.0,20240719
033790,10780,14060,10680,13500,6338662,83734749290,24.77,308107800000,3932534500.0,18590350.0,20240719
276040,3970,4100,3910,3910,36638,145343200,-2.49,49087993340,-49208420.0,,20240719
159910,1018,1180,1018,1079,4692103,5272071476,5.99,38212864846,28302648.0,,20240719
060240,1189,1195,1169,1178,41492,48772919,-1.42,36678588494,3402904.0,,20240719
115570,3370,3370,3070,3260,261325,844232740,6.19,26029496080,-53988100.0,13635.0,20240719
330730,3995,3995,3925,3965,27828,109832935,-0.75,71968040950,-12643180.0,11905.0,20240719
352090,7250,7290,7160,7280,13221,95289310,0.0,97817712720,-12016920.0,-269900.0,20240719
253450,40250,40250,39900,40100,53503,2140978750,-0.37,1205345769800,-123746500.0,-470778700.0,20240719
408900,3140,3195,3095,3160,64565,202218075,0.16,103351383440,52040285.0,1225860.0,20240719
204630,0,0,0,155,0,0,0.0,19045963830,,,20240719
415380,9960,10000,9760,9880,22338,219871240,0.1,41747920240,-3360050.0,5519500.0,20240719
013810,3065,3095,3045,3085,103298,316557810,0.82,45212124950,-9842100.0,5.0,20240719
203690,5910,6500,5890,6250,286824,1780399070,9.65,78536568750,-131108200.0,895010.0,20240719
049830,7760,7810,7750,7790,492,3819790,-0.26,47769152480,,70.0,20240719
020710,4300,4340,4260,4340,40839,175473975,0.12,87008189800,-6049095.0,-26481435.0,20240719
033170,1234,1244,1215,1220,308821,378521954,-1.37,104588549180,45423972.0,,20240719
048870,2580,2820,2535,2690,1011336,2731713495,3.46,222485445360,276537580.0,-14235000.0,20240719
025320,11350,11630,11090,11090,1504219,17037919740,-2.03,929540910240,-4302737790.0,-166821590.0,20240719
269620,0,0,0,889,0,0,0.0,132090012299,,,20240719
429270,9670,9740,9490,9680,23749,228233510,0.1,43620500000,35496770.0,,20240719
418250,0,0,0,6550,0,0,0.0,52279100100,,,20240719
131090,887,905,886,905,32254,28891793,1.34,39820000000,-5535879.0,12874459.0,20240719
232830,2055,2445,2025,2150,1159094,2635032155,4.62,25171064800,5706095.0,6375.0,20240719
290520,2710,2710,2590,2590,19225,50352085,-4.43,41257047580,-1161015.0,,20240719
001000,1205,1210,1196,1205,4366,5254561,0.0,29254435700,-139617.0,,20240719
025870,7110,7110,7000,7060,7679,54039900,-0.14,28240000000,-4776980.0,-84520.0,20240719
215600,3210,3235,3040,3185,2107385,6606750490,-0.78,437514293125,1128813045.0,-122362450.0,20240719
065350,55800,57600,53700,55300,329701,18367436300,0.36,1519862324400,-1030710900.0,73731200.0,20240719
416180,36850,38050,36500,37150,105803,3942705650,0.13,335827752700,-368328350.0,-4665350.0,20240719
162300,3115,3200,3115,3170,96335,303420890,0.79,131464280940,76281415.0,,20240719
290560,7880,9530,7880,8530,965128,8615124570,8.39,33079101160,26164770.0,-66322570.0,20240719
002800,6700,6900,6480,6600,2188255,14560823930,-6.38,100125300000,-69970960.0,0.0,20240719
472220,2195,2200,2190,2200,3179,6980715,0.0,10318000000,,,20240719
430220,2350,2350,2310,2345,695,1615125,0.0,15852200000,,23375.0,20240719
445970,2245,2300,2235,2270,8709,19548230,0.0,12167200000,17865.0,-2023310.0,20240719
017000,2505,2620,2500,2570,54008,138400920,2.59,29986829390,-13200190.0,2470.0,20240719
012790,7600,7700,7510,7670,65237,495753620,0.52,91935803050,3767040.0,0.0,20240719
138070,2700,2750,2700,2745,59328,161010860,0.73,48046294980,36457105.0,-13540.0,20240719
226330,7310,7460,7110,7420,38154,275598670,1.5,113217884500,26035730.0,459680.0,20240719
418210,2550,2550,2490,2500,2656,6634155,0.2,9150000000,-17665.0,,20240719
452980,1973,1978,1967,1975,63570,125593369,0.51,37337375000,,80895553.0,20240719
474660,2160,2170,2145,2160,7437,16065640,0.0,11923200000,0.0,12124920.0,20240719
474930,2275,2305,2275,2295,622,1422125,1.1,8307900000,2275.0,689525.0,20240719
056700,1885,1887,1863,1879,25001,46822934,-0.32,54744835989,-2719182.0,,20240719
187270,4330,4345,4295,4320,19013,82046070,-0.8,43821410400,-12965050.0,10612450.0,20240719
243840,7970,8040,7890,8040,84691,674662180,0.75,312909041400,-48936660.0,29481320.0,20240719
257720,41900,44000,40800,43500,1168206,50461890800,3.57,2647985679000,-1433299350.0,4095351900.0,20240719
222800,32000,32350,31750,31750,139578,4454447400,-2.01,1011369040250,-421173550.0,-340598000.0,20240719
036710,2425,2455,2365,2410,56459,134784675,-0.62,116523849450,-36216055.0,,20240719
160980,16800,16920,16340,16720,71191,1177778660,-1.24,182653342960,61558810.0,-11777560.0,20240719
356890,3345,3375,3260,3300,19254,64135965,-2.22,39323872500,-874305.0,-13380.0,20240719
217330,9530,9640,9020,9380,41516,388458380,-1.57,210328696760,58426780.0,2635820.0,20240719
010280,659,664,656,661,25353,16709732,0.3,43046822546,-1747354.0,-7936.0,20240719
208640,325,327,320,324,159554,51420127,-0.31,45113842296,-2518255.0,-760752.0,20240719
222420,990,998,982,986,28845,28537437,-0.3,44823787766,-2900641.0,,20240719
037760,1480,1514,1480,1513,4805,7167161,1.2,51189209473,-76277.0,,20240719
099320,46900,47050,45800,47050,63738,2960698450,0.75,515257629900,275590350.0,-161232450.0,20240719
049960,14510,14780,14330,14780,28807,419244280,1.86,138932000000,24225880.0,-55479960.0,20240719
088280,2810,2810,2680,2700,53088,144250055,-3.91,46727523000,-12775400.0,-11586320.0,20240719
050890,4905,4990,4880,4920,208211,1024280695,-0.71,301210468800,-80473550.0,2268315.0,20240719
109670,14190,15190,14190,14280,110801,1617999930,0.63,83346676560,189028340.0,-17531190.0,20240719
066790,2435,2650,2360,2370,4946846,12310202430,-3.66,154410332430,-1863230880.0,1687175.0,20240719
222080,9810,9820,9550,9720,260804,2521234760,-0.92,697209058440,-401556430.0,-67420600.0,20240719
352480,115400,119000,112200,115100,65297,7578704300,-1.12,1152604609100,-2205768600.0,1730741900.0,20240719
264660,12600,12730,12510,12590,16520,208087020,-0.08,121215210640,-3069950.0,-28720.0,20240719
352700,2965,2965,2890,2915,48243,140198025,-1.52,79512160585,-15652660.0,2817245.0,20240719
458870,10840,11500,10730,11350,92407,1031633980,3.75,139535538000,38404540.0,-24620220.0,20240719
297090,6050,6300,6010,6280,126874,786421410,4.32,171255600000,204701080.0,-29814340.0,20240719
900120,100,101,99,101,365676,36543496,1.0,29111448766,6464.0,,20240719
359090,1262,1268,1249,1262,275052,345814795,0.0,71152684442,119090424.0,,20240719
115530,510,510,463,492,991019,485606067,-3.53,33437796000,-12904499.0,484134.0,20240719
115480,712,755,707,728,565868,415050568,2.25,35107478224,17257099.0,,20240719
340810,4740,4740,4370,4510,38873,173364145,-1.42,47796362130,-24823630.0,,20240719
376290,3560,3620,3560,3585,8523,30642255,0.56,63302137500,-4430510.0,1914405.0,20240719
189330,9840,9910,9580,9880,18203,176229970,0.41,60191765920,24295690.0,,20240719
096530,21450,21500,20750,20750,175366,3688113650,-3.94,1083689375500,-925830200.0,-183431050.0,20240719
101240,4830,4830,4730,4785,32694,155541345,-0.93,49481431395,-38972665.0,-28560.0,20240719
060590,7620,7650,7430,7490,78592,592084790,-2.09,181115839800,-187984960.0,-7490.0,20240719
260930,6000,6190,5810,6010,50492,300998270,0.17,116242961910,-22049780.0,,20240719
052300,385,391,382,388,169748,65350413,0.78,51468754840,284073.0,-1719097.0,20240719
413630,3195,3250,3020,3100,136008,419876320,-3.58,119980617500,-40615275.0,-395925.0,20240719
013990,4430,4495,4395,4490,229403,1018908965,1.01,147665036640,252261290.0,,20240719
123860,28250,28850,27600,28350,237627,6747158000,0.18,343698815250,-858509350.0,102688100.0,20240719
025980,6000,6480,5920,6410,5436347,34279687820,6.3,568114953980,1793586290.0,1406500960.0,20240719
125210,10200,10420,10130,10420,71006,728069650,1.86,171896551800,138444090.0,-14197380.0,20240719
357580,9840,9840,9650,9720,9136,88917850,0.31,109060966080,-5307290.0,,20240719
052710,6290,6290,6110,6170,21449,132173170,-1.44,90175222530,-68960430.0,1341830.0,20240719
074430,1368,1379,1340,1347,124119,168430396,-1.68,118302758868,16402234.0,-5271619.0,20240719
092040,5290,5370,5230,5300,195873,1034133320,-1.49,291597239100,23126870.0,-10718960.0,20240719
083930,15610,15970,15430,15970,46949,741472580,2.44,238157384060,-147168080.0,-2044420.0,20240719
149950,13400,13590,13200,13520,272473,3445824970,0.9,211013400000,-65035770.0,3143500080.0,20240719
036010,8410,8630,8350,8630,46671,396195520,1.65,114718020420,78229590.0,260.0,20240719
050860,2320,2320,2285,2300,106067,243839715,-0.43,51750000000,-14832420.0,108758335.0,20240719
136410,6720,6830,6670,6830,17439,117458670,0.74,75260493980,-41256400.0,40.0,20240719
246720,6040,6160,5900,6110,21780,131643380,1.16,80676165050,18772050.0,,20240719
067390,639,648,625,640,523847,334283032,0.16,205619232000,16716808.0,-211355.0,20240719
159010,9410,9410,9150,9180,56204,517785920,-2.55,122412904020,-3220580.0,-6850.0,20240719
127710,1126,1137,1115,1130,8254,9287829,-0.35,39441612660,-169070.0,,20240719
154030,2370,2385,2345,2385,10651,25146610,-0.21,26523201015,-40055.0,,20240719
227610,1760,1808,1750,1808,143185,255856060,2.15,63594942752,30119914.0,30568361.0,20240719
143160,15450,15450,15010,15220,21466,324262110,-0.98,163103455800,46796370.0,-43768920.0,20240719
054800,9200,9210,9100,9170,9586,87675520,-0.33,94888922520,-79972450.0,,20240719
332370,3100,3150,3080,3130,2986,9282100,0.0,41546762380,-9420.0,-47575.0,20240719
339950,1811,1840,1811,1830,49015,89567110,0.0,82252378650,19860621.0,,20240719
099190,21100,21300,20450,21000,174656,3639791800,-0.71,580382733000,-394388300.0,-285847600.0,20240719
289010,3150,3150,3090,3125,23679,73603680,-1.26,40200115625,-565780.0,,20240719
214430,38800,39200,37350,38650,84365,3191337850,-0.39,274676274000,-128724100.0,92996100.0,20240719
040910,7540,7540,7140,7450,31371,232112680,-1.19,138378348750,15020060.0,381210.0,20240719
368600,4540,4560,4440,4550,69227,310458945,0.22,79799474300,87851905.0,-44761045.0,20240719
456010,8570,8570,8210,8280,95265,794084160,-2.24,109399466880,-169007160.0,-3414160.0,20240719
052860,2220,2220,2120,2185,31878,68506590,0.0,39030335990,-19489345.0,-2197990.0,20240719
069920,2715,2830,2575,2630,133933,352969230,-2.95,92560525080,-58065515.0,-37955.0,20240719
038880,235,239,231,232,724858,169332466,-2.11,73157650864,21301441.0,-198239.0,20240719
307180,3055,3095,3005,3060,19947,60559910,0.99,81707195880,6707780.0,-386755.0,20240719
101390,5060,5550,4950,5390,299768,1602750800,6.52,53816891590,14294025.0,484080.0,20240719
461030,13400,14730,13190,14250,3670881,51354319360,5.79,199752937500,67643530.0,198620250.0,20240719
451220,16000,16070,15620,15860,62482,988745060,-0.88,124891330460,-144067240.0,-12627290.0,20240719
078860,8130,8600,8130,8410,80772,680937630,1.94,65139099940,-40373860.0,-11778300.0,20240719
090150,1049,1070,1040,1044,115528,121522045,-1.6,43717805892,7551976.0,16912.0,20240719
123010,935,935,916,933,68572,63313209,-0.21,30470419686,-1367569.0,,20240719
031310,2255,2260,2170,2170,166804,370287770,-1.36,49570082520,-23201105.0,,20240719
185490,2805,2820,2745,2800,16545,46162900,-0.36,75683395200,6816455.0,,20240719
059100,4670,4750,4670,4750,10952,51572350,-0.31,33586585000,-243555.0,,20240719
262840,2460,2495,2430,2455,34158,83775120,-0.81,47356950000,-316725.0,4906660.0,20240719
175250,2635,2850,2575,2745,2919450,8063713125,2.62,103097720160,-213753100.0,4499725.0,20240719
052460,2875,2875,2795,2840,68614,194085790,-2.07,41486538240,44151515.0,-14325460.0,20240719
119830,6550,6640,6510,6610,102659,675012610,0.3,141680703170,54047600.0,-6602830.0,20240719
052770,1640,1649,1595,1623,79524,127850140,-1.04,78059837214,-2118912.0,,20240719
124500,4625,4740,4500,4500,247680,1136784920,-4.26,104420371500,-394923925.0,,20240719
372800,5220,5230,5010,5060,30371,153801570,-0.98,30496569400,5422290.0,,20240719
084850,19800,19980,19590,19880,23406,462620830,0.4,450936727920,-30998430.0,-33623140.0,20240719
114840,33400,35700,32600,35200,338590,11886767250,5.39,605508428800,-2757337300.0,3377789050.0,20240719
027360,3120,3130,2945,2970,459423,1374249465,-4.81,359207855820,-426339005.0,-948310.0,20240719
032080,1381,1381,1355,1363,28104,38565916,-1.37,29292272527,201.0,,20240719
013310,3140,3265,3115,3240,81495,260364295,2.21,125733325680,23909065.0,-9720.0,20240719
059120,9670,9910,9670,9740,57378,561301980,-0.41,94951325040,-1351780.0,1076410.0,20240719
158430,4015,4055,3995,4005,53545,215336515,-1.35,90522908370,-7514125.0,40280480.0,20240719
321820,11440,11590,11240,11320,41609,471470230,0.18,151308327200,80093980.0,45280.0,20240719
001540,7660,7750,7640,7710,12786,98339900,0.39,100557058200,-6174420.0,-6032670.0,20240719
053800,59200,60300,58700,60300,50477,3030599000,0.5,603835456500,-104729400.0,15997700.0,20240719
065660,15380,15500,15250,15480,6677,102471370,1.24,150641654040,2501110.0,90.0,20240719
297570,1136,1146,1132,1145,24473,27852087,-0.26,39641294610,-860269.0,,20240719
260660,4760,4760,4725,4730,3767,17857370,-1.15,72496809330,-663785.0,2820150.0,20240719
354320,34150,34550,33900,34500,10640,363289300,1.02,220502644500,41598450.0,22659350.0,20240719
361570,2520,2560,2510,2545,28282,71620855,0.0,72876815595,-5213795.0,0.0,20240719
131370,3385,3440,3355,3440,72188,244255950,0.88,183238765520,-35150405.0,39380.0,20240719
140670,13940,14470,13940,14250,57834,823636040,1.93,132569745000,115699070.0,1090380.0,20240719
096610,0,0,0,2965,0,0,0.0,51550708615,,,20240719
061040,3790,3790,3720,3755,26757,100150800,-0.4,120495167545,-2250885.0,818415.0,20240719
148250,4150,4195,4085,4195,18832,77213805,0.12,31006025270,946090.0,146225.0,20240719
347860,2545,3270,2510,3100,4527142,13778798000,21.57,68260970800,561355955.0,4003050.0,20240719
196170,263000,271500,261000,271500,420452,112126781000,3.23,14429825352000,20426882000.0,586122500.0,20240719
123750,1742,1755,1741,1745,21201,37127278,0.11,22242288265,-4936364.0,,20240719
085810,858,869,846,850,30818,26388984,-2.19,25232903650,78655.0,,20240719
117670,0,0,0,945,0,0,0.0,37743429465,,,20240719
314140,7760,7820,7700,7800,12327,95711590,0.52,67597615800,-1982140.0,,20240719
291650,2850,2850,2770,2785,24228,67690670,-2.28,47290001820,-5274570.0,,20240719
293780,12930,13110,12250,12770,506964,6431339980,-1.24,284756518820,-53892690.0,-61296430.0,20240719
196300,12780,13200,12400,12990,50391,644031180,1.72,77983997130,-35825190.0,223740.0,20240719
310200,2970,3055,2965,3045,101815,307844215,1.84,138611381055,95510650.0,201635.0,20240719
299910,0,0,0,6880,0,0,0.0,32483121920,,,20240719
179530,3000,3070,2990,3010,8041,24255370,-0.66,27512736440,-5671785.0,-54350.0,20240719
900100,1497,1760,1488,1719,5773582,9804084747,13.54,72538188381,-100995996.0,,20240719
205500,1462,1499,1457,1474,7124,10488219,-0.2,76542048880,-1482964.0,,20240719
052790,8430,8640,8420,8570,6323,53784280,0.94,97103567660,8831170.0,-14092040.0,20240719
290740,7080,7080,6970,7070,13808,96684760,-0.7,71159627770,-11879320.0,,20240719
238090,4255,4490,4220,4435,128455,563485115,3.26,104405678805,22117730.0,,20240719
092600,1301,1301,1275,1280,38736,49750759,-1.69,32106901760,5276362.0,,20240719
129890,1305,1310,1284,1294,107381,139134109,-0.77,65532572540,-1308073.0,14195093.0,20240719
174900,15600,15840,15210,15620,132717,2063458640,1.17,268948002840,78152800.0,-130.0,20240719
255440,8230,8360,7870,7960,298685,2380024300,-3.05,103941680000,102644390.0,1049590500.0,20240719
030960,9250,9490,9070,9240,40945,380403930,-0.11,147655200000,-13098680.0,,20240719
102120,15900,16360,15540,15760,378571,5983822120,-2.05,280224667280,-731783720.0,31660.0,20240719
263540,0,0,0,5950,0,0,0.0,85049841450,,,20240719
238120,3465,3540,3465,3540,17469,61324765,1.43,50901291840,-23166130.0,-4535595.0,20240719
019990,7720,7720,7100,7100,382973,2793909310,-8.51,69268224800,-12870980.0,50.0,20240719
270660,21050,22000,21050,21650,143475,3091722400,1.17,264808554300,77598300.0,1895700.0,20240719
038680,4625,4625,4525,4555,16662,75922895,-1.51,89048778735,-19677160.0,45.0,20240719
217480,0,0,0,499,0,0,0.0,54756837359,,,20240719
121890,1757,1796,1722,1745,32614,56700765,-0.68,22137279400,-16254363.0,,20240719
304360,38200,39300,37650,38800,137117,5240276050,-0.51,445209668800,-58349400.0,-997500.0,20240719
389500,19090,19550,19090,19300,7163,138015760,-1.28,119175647200,18003370.0,1685470.0,20240719
042110,1472,1490,1472,1483,65062,96156062,0.07,71672743412,-25095129.0,,20240719
298060,2560,2700,2530,2620,330999,879034355,2.34,53624189760,14177480.0,-942635.0,20240719
065420,230,230,215,229,1238554,274116681,-0.43,16391201471,-27983646.0,,20240719
103230,4470,4585,4280,4290,49185,214191000,-4.98,30888000000,-56959285.0,-82987365.0,20240719
260970,39300,41600,38450,41400,63547,2573454150,4.81,119760015600,-68696700.0,327324350.0,20240719
101490,34550,35650,34400,35600,112558,3952816400,1.71,763671513200,563853050.0,134029250.0,20240719
095910,1861,1909,1855,1907,105158,198471723,0.32,37195087221,24440210.0,,20240719
275630,3450,3450,3355,3380,7815,26406340,-2.03,20340802820,-2859945.0,,20240719
031330,3380,3435,3360,3420,155607,528934545,0.59,341983129140,-197598440.0,137011115.0,20240719
060540,1998,2080,1998,2035,160371,325407076,1.5,53181277710,-1916975.0,-14179555.0,20240719
351320,1686,1716,1670,1714,14071,23789163,1.12,37735228604,-2420473.0,,20240719
056190,25900,26000,25150,25550,154919,3944835500,-2.67,917468818000,-1740679350.0,124454950.0,20240719
080000,2045,2060,2010,2055,77076,156728815,0.74,70533497850,-3769855.0,-5586070.0,20240719
214310,0,0,0,306,0,0,0.0,22516276518,,,20240719
246250,2960,3810,2960,3325,1812580,6344975690,12.52,25516392475,-36172020.0,-288725.0,20240719
041510,73000,73500,69600,73300,201310,14294372700,0.14,1729111962600,-45521100.0,-2568687700.0,20240719
007820,4990,4990,4920,4970,31464,155496355,-0.4,99568711620,-28070810.0,683910.0,20240719
464080,7830,8980,7630,8010,1135188,9575818460,2.96,140408411400,-33447790.0,13476270.0,20240719
109610,5200,5430,5050,5120,4815120,25391784470,-3.76,250405888000,-598505070.0,,20240719
365330,3905,4470,3885,4125,28855583,121042849700,1.35,126266250000,301828460.0,-2692130.0,20240719
031860,1492,1492,1395,1470,126432,182502020,-1.01,22088743320,23572637.0,,20240719
306040,6580,6680,6550,6590,20974,138961770,-0.75,65015806520,3390400.0,10808990.0,20240719
457940,2180,2195,2180,2190,1626,3568235,0.46,7248900000,,3402245.0,20240719
472230,2115,2125,2115,2120,18902,40069810,0.24,8808600000,-500320.0,40040060.0,20240719
473000,2150,2155,2145,2155,1039,2233725,0.0,7133050000,,,20240719
435870,2145,2190,2130,2165,15286,32835440,0.93,8053800000,0.0,8550905.0,20240719
455910,2165,2175,2160,2170,1918,4164915,1.17,10893400000,171885.0,3472040.0,20240719
096630,1231,1244,1217,1241,283931,349543054,0.81,98103786405,-27363365.0,-61938.0,20240719
069510,9670,9670,9500,9620,3252,31031180,-0.52,104954200000,1678640.0,-9475300.0,20240719
234300,3715,3785,3700,3765,77191,289431765,1.35,103658891130,-1915730.0,,20240719
039440,31700,31850,30550,30750,557841,17292615300,-4.21,486772500000,-491710900.0,-872012800.0,20240719
098660,1975,1976,1931,1933,27901,54461284,-2.13,24164386608,-290248.0,,20240719
052020,4790,4830,4650,4770,128730,609973005,-0.42,222731567730,4921880.0,,20240719
237690,95200,98900,90400,91000,476262,44805755600,-5.21,1771180138000,-10095531200.0,-1830703800.0,20240719
050760,1571,1580,1542,1580,54400,84989027,0.57,25808791240,-3442074.0,705786.0,20240719
288620,13550,13620,13280,13310,36820,492312830,-2.63,92894695960,-184203260.0,26930.0,20240719
443670,11790,12000,11620,12000,110861,1304769040,1.69,254364312000,131400280.0,,20240719
317830,7320,7440,7190,7380,48072,350587550,0.82,79510776840,-14824520.0,-335230.0,20240719
058610,25250,25650,25100,25300,108352,2741595400,-0.59,561087208000,-264429600.0,-262611050.0,20240719
043340,610,618,610,617,4865,2999883,-0.16,58615000000,-28282.0,,20240719
187660,3495,3495,3365,3450,197089,676799485,-1.29,75335062500,-36901290.0,-735080.0,20240719
054630,0,0,0,158,0,0,0.0,12594094838,,,20240719
200710,23100,23200,22550,22700,81160,1850211250,-1.3,305106659400,-207416250.0,-188437350.0,20240719
096690,1670,1734,1660,1715,50578,84690937,1.54,57413379135,-6527895.0,-1381321.0,20240719
298380,27750,28750,27400,28200,686419,19321893850,1.08,1354947649800,77536200.0,862326600.0,20240719
203400,8050,8400,8050,8350,53158,438389960,2.71,210626846200,5407700.0,10194060.0,20240719
195990,490,503,487,493,881167,435562554,-0.4,140352032453,80577033.0,-242412.0,20240719
003800,26050,26500,25950,26450,1330,34690300,1.54,293330500000,-1338950.0,0.0,20240719
088800,1094,1095,1040,1070,253844,272312948,-2.19,74820898110,2624393.0,294687.0,20240719
241840,8440,8530,8350,8470,8785,73920300,0.36,80803749180,741130.0,20.0,20240719
453860,32650,33700,32000,33450,47031,1550068800,1.36,189233841750,32634600.0,-3870300.0,20240719
312610,2160,2160,1975,1987,73700,148977522,-8.22,40250436456,11322369.0,,20240719
172670,13730,13900,13650,13780,40046,550701090,-0.79,123472369020,72948940.0,-3235850.0,20240719
445090,45800,45950,44650,45750,148719,6726454900,-1.72,488536983000,-834935300.0,-37372000.0,20240719
295310,11100,13180,11100,11980,1904685,23721332780,6.02,142585133380,181419630.0,-117656680.0,20240719
072990,8920,9080,8810,9040,20888,186519560,0.78,65877562640,61554710.0,6145760.0,20240719
239610,13850,14140,13730,13970,2220,30880830,0.36,75327846550,-1587080.0,70.0,20240719
462020,2090,2105,2090,2105,11136,23356630,0.72,9146225000,,22982660.0,20240719
477340,2015,2030,2015,2025,129672,262327285,0.5,15207750000,-685.0,118617980.0,20240719
148930,5260,5280,5080,5210,40337,208230310,-0.95,53012859730,29229300.0,,20240719
044780,1342,1350,1342,1347,3404,4586750,-0.59,24927295089,-756700.0,,20240719
357230,3470,3565,3430,3535,64953,226768575,1.58,148786336545,57396450.0,7214560.0,20240719
355690,10330,10560,10090,10310,37197,381864560,-0.19,55725343800,33381470.0,102020.0,20240719
071670,8080,8150,8020,8120,3200,25886310,0.5,81200000000,1816860.0,40.0,20240719
045660,15930,16200,15750,16120,32806,525061640,1.13,133151200000,109882770.0,16080.0,20240719
224110,14230,14380,14070,14200,9205,130592590,-0.14,75828000000,3358350.0,,20240719
021080,2635,2670,2525,2610,181203,471464495,-1.51,125280000000,90124360.0,-14833580.0,20240719
089530,0,0,0,600,0,0,0.0,57896956200,,,20240719
200470,5100,5210,5010,5050,577207,2932796130,-3.63,213928569650,172119430.0,41831890.0,20240719
262260,9300,9550,9300,9500,34148,321106750,1.06,137447444000,21140550.0,9343120.0,20240719
397030,19930,20500,19570,20100,660125,13167378300,0.85,437225571600,-1142642630.0,-346934410.0,20240719
230240,13620,13710,13500,13710,10514,143132010,0.66,184934546460,-22458800.0,835480.0,20240719
230360,11430,11740,11430,11520,61536,713636920,0.26,369423694080,-39159250.0,19643580.0,20240719
038870,4495,4590,4460,4520,41840,188404085,-0.44,63347569480,36205900.0,40.0,20240719
097780,1011,1019,1003,1012,3536336,3578743944,0.2,68543102056,-1856165.0,-26035.0,20240719
448280,22100,22100,21400,21700,32788,710093750,-1.14,214331833100,169909650.0,1103800.0,20240719
101360,40350,42050,40050,41400,181631,7459313550,1.35,474248716200,-63202800.0,-453867200.0,20240719
128540,2205,2220,2150,2200,113964,248550885,-1.79,58719012000,-19611865.0,-14283180.0,20240719
086520,98200,100500,97200,100300,1314577,130084053300,2.14,13353775502000,3065583100.0,-1178278900.0,20240719
247540,181900,194000,181700,194000,623889,117387598400,6.48,18973460736000,19004573100.0,22514795900.0,20240719
383310,56500,58400,56500,58000,45115,2586085700,2.29,887686056000,162651400.0,-151260900.0,20240719
038110,3830,3845,3735,3760,221773,833172690,-2.34,154796831200,46708875.0,276390.0,20240719
073540,1529,1551,1516,1525,6897,10499284,-0.26,17385000000,-18.0,,20240719
064850,7530,7980,7490,7550,4146,31576900,0.27,85692500000,-266420.0,179070.0,20240719
036810,31250,31550,30350,30750,133274,4112808600,-2.38,669021261750,-739774000.0,470273850.0,20240719
173940,3245,3255,3180,3200,4329,13970800,-1.39,49256985600,-302230.0,46135.0,20240719
083500,14000,14200,13640,13920,52041,727044360,0.43,119374050240,-286730910.0,-1694230.0,20240719
054940,809,819,805,817,58165,47058387,0.74,27102788716,417548.0,,20240719
950130,6410,6440,6330,6390,62435,397786860,-0.16,232377762330,-57748760.0,,20240719
373110,7820,9060,7400,7920,7995117,67105904280,1.93,85775279040,144989090.0,-38270330.0,20240719
205100,2090,2130,2090,2110,365759,768856050,0.48,151842839410,150133390.0,1653115.0,20240719
356680,4395,4435,4115,4380,125327,543916030,-0.23,125020494960,60291310.0,,20240719
070300,8970,10360,8300,9590,5036175,47767550120,17.38,70640649660,-2296990510.0,-5016100.0,20240719
317770,4425,4490,4350,4420,62212,273650945,0.68,101389964520,106311480.0,,20240719
373200,1601,1648,1461,1524,1876025,2898765385,-5.93,115375421268,-124624778.0,-278028.0,20240719
092870,21900,23600,21750,22200,2746256,61951094450,-2.42,240843293400,1290933050.0,25928350.0,20240719
317870,16610,16880,16450,16730,4966,82835560,-0.24,142317927500,-34303160.0,16770.0,20240719
067570,2340,2400,2300,2390,88003,206146415,2.14,100786300000,-20589940.0,47865.0,20240719
236810,4620,4635,4550,4625,54596,250782615,0.11,78511345250,33602650.0,1916930.0,20240719
333620,9720,9750,9470,9640,48236,461578690,-0.52,101763156160,195974980.0,-116865100.0,20240719
101400,488,506,485,495,147208,72057626,0.41,29297180880,1726879.0,,20240719
422040,0,0,0,2145,0,0,0.0,15358200000,,,20240719
437780,2230,2230,2205,2220,11356,25109210,0.68,11166600000,4440.0,-15072700.0,20240719
438580,2320,2360,2320,2350,821,1914265,0.43,7097000000,-2355.0,-1584510.0,20240719
439410,2100,2105,2085,2090,21641,45241545,-0.48,18392000000,,18619080.0,20240719
440820,2150,2155,2135,2145,7187,15430715,-0.23,16731000000,,2180980.0,20240719
451700,2015,2025,2010,2025,24783,50064225,0.5,29058750000,,31000640.0,20240719
466910,2040,2065,2040,2065,28513,58756180,0.49,18791500000,-59735.0,50039225.0,20240719
265740,7970,8410,7830,8340,125306,1027586400,5.97,74491212000,-39191770.0,-2454240.0,20240719
354200,2840,2865,2690,2800,40041,112576170,-2.27,36089835600,-18275645.0,-5054790.0,20240719
455900,29750,30300,29500,30150,86899,2608673450,1.34,450603237150,152792950.0,878750.0,20240719
419080,11810,12090,11700,11700,30298,357395320,-0.93,123058458900,66159960.0,-58557120.0,20240719
208860,0,0,0,2205,0,0,0.0,41831348265,,,20240719
183490,1819,1819,1781,1781,85564,153248706,-2.09,151501765922,-29179648.0,-1781.0,20240719
182400,0,0,0,2020,0,0,0.0,172748038620,,,20240719
348370,185000,196900,182500,190900,786260,149188789100,6.17,3881101422300,-7529600300.0,-9617714000.0,20240719
069410,4035,4035,3670,3710,88675,336024760,-6.31,38008297040,7763450.0,-5066190.0,20240719
227950,590,635,575,630,678493,411458504,6.78,65252583900,99645602.0,,20240719
291230,2965,3290,2820,2855,9550276,29360515525,-0.17,125858087015,658545.0,-6137545.0,20240719
198080,2405,2440,2395,2425,33012,79740040,0.83,52222823625,-4320635.0,,20240719
048830,1318,1320,1311,1311,54114,71059852,-1.13,24547063053,-2846134.0,,20240719
096870,2785,2825,2740,2790,10615,29602255,0.18,18632736000,-1137865.0,-6229250.0,20240719
290650,21150,21650,21050,21200,49040,1039393800,-1.4,480919689200,-73667300.0,-75971000.0,20240719
156100,9020,9150,8950,9060,20871,188167870,-0.44,180626891580,12238510.0,-135900.0,20240719
073110,6520,6560,6400,6480,8450,54640160,-0.61,57644492400,3814030.0,-6874950.0,20240719
083310,13700,13800,13480,13550,118241,1603067780,-1.81,241325947150,236559360.0,-136104480.0,20240719
037950,1306,1306,1260,1267,1527904,1951714761,-3.94,106995006573,263154974.0,,20240719
170920,12600,12730,12400,12600,31137,389348530,0.0,123550812000,-36394030.0,-5508920.0,20240719
058630,5850,5850,5770,5850,74808,433719720,-0.17,114331680450,79507620.0,-719600.0,20240719
058970,56500,57300,55700,55700,35261,1979802700,-2.96,624515084000,-184228100.0,-525360900.0,20240719
019590,0,0,0,921,0,0,0.0,104963185182,,,20240719
169330,2305,2330,2280,2280,4885,11189790,-2.36,41625773040,603480.0,4950.0,20240719
373170,9730,9990,9700,9770,6634,64726460,-2.3,49220576100,4728860.0,-1084080.0,20240719
179290,7010,7230,6850,7230,167686,1175543320,2.12,234003851940,223809760.0,-273650900.0,20240719
009780,5560,5710,5500,5590,156254,875696700,0.54,98384000000,-116682380.0,5291690.0,20240719
123040,4260,4260,4215,4255,74700,315830735,-0.58,194275968635,-41593460.0,2800065.0,20240719
323230,0,0,0,161,0,0,0.0,6967193212,,,20240719
032790,1585,1609,1495,1530,599845,917464489,-3.47,65482212960,276986941.0,,20240719
033160,9470,9740,9380,9660,108887,1044154480,1.68,213160757460,2062880.0,290635700.0,20240719
347890,6250,6370,6200,6270,39622,247673960,-0.79,106045789080,-17179240.0,2178670.0,20240719
033310,2615,2655,2600,2625,25377,66689490,0.38,105898356375,-4841015.0,14292240.0,20240719
259630,11460,11950,11370,11920,156739,1839573110,4.01,146406231840,26913300.0,-720780.0,20240719
105550,2245,2300,2195,2290,482134,1014030005,2.46,130764628820,-11125660.0,,20240719
060850,8600,8640,8530,8620,3248,27992150,0.23,70089220000,-4804860.0,,20240719
143540,838,844,821,834,77321,64260920,-0.48,37196312430,-21399805.0,,20240719
036560,11050,11070,10920,10930,20027,219325480,-1.09,172147500000,-37228520.0,2316830.0,20240719
265560,8150,8230,8090,8190,10142,82613960,-0.12,87552574200,1410290.0,-4965540.0,20240719
036000,1852,1862,1831,1854,2684,4961990,0.11,42705549558,-33644.0,,20240719
250930,635,642,635,636,37917,24160927,0.16,20988279840,113416.0,,20240719
053280,4200,4220,4170,4175,20006,83729625,-0.6,104375000000,-1687405.0,19420.0,20240719
122640,21300,21300,20100,20350,221910,4533594350,-4.24,424244406850,-374418450.0,-162559150.0,20240719
900300,96,96,90,91,8986671,825763551,-4.21,35316410857,-293482742.0,,20240719
045060,2835,2840,2805,2840,13775,38916945,-0.18,48115206160,-620900.0,4342710.0,20240719
080520,4130,4160,4115,4150,19296,79912240,0.48,48748427350,-234735.0,64432355.0,20240719
039830,6420,6420,6340,6410,3371,21460680,-0.16,68990124900,-536740.0,,20240719
322310,26200,26550,25350,25450,84261,2176055300,-3.78,238378493900,-194964300.0,-8590100.0,20240719
046120,2795,2795,2680,2730,243444,662205000,-2.33,74937096780,60323590.0,62815.0,20240719
014940,4020,4020,3810,3875,322253,1253598720,-3.61,176597936375,-256707575.0,14288350.0,20240719
065500,1257,1318,1255,1310,121257,155824122,3.15,41583214720,70548827.0,,20240719
010470,7850,7920,7570,7710,48371,371322330,-1.78,92327635500,38241120.0,-262990.0,20240719
417860,9960,10010,9920,10000,3817,38054740,0.4,39048500000,-16625670.0,,20240719
352910,6870,7020,6800,6930,2058,14224160,0.87,87579967860,-522220.0,,20240719
053980,4225,4225,4185,4205,17627,73938010,-0.47,79822602515,-5634085.0,,20240719
036220,16030,16590,15810,16410,43565,712035160,3.08,237771316560,194248860.0,-73703870.0,20240719
052420,1516,1716,1480,1631,61015394,98223875555,12.1,137579801716,-1490444196.0,-1476820.0,20240719
039200,42600,43100,41400,42000,255452,10746932750,-2.55,1595746530000,206876200.0,-931144750.0,20240719
226400,5170,5440,5160,5430,136443,720219480,4.02,112192493430,-11236040.0,,20240719
031510,1367,1370,1355,1366,15646,21329295,-0.36,38248000000,-1581825.0,0.0,20240719
368970,4185,4200,4120,4195,15495,64539130,-0.12,39207141200,-10092970.0,,20240719
138080,11790,11790,11570,11650,22429,260715220,-1.6,123770706750,-12862190.0,454450.0,20240719
080580,7460,7970,7400,7640,531747,4119220750,1.19,135069836720,47959760.0,8804450.0,20240719
067170,4055,4100,4055,4095,6641,27047420,-0.12,63028622475,-2045255.0,,20240719
353590,4605,4690,4520,4670,46065,212603895,2.41,60128911900,-10318345.0,5.0,20240719
173130,8730,8920,8390,8610,143789,1238965900,-1.6,112330132530,-113915870.0,,20240719
440320,5930,6100,5900,6100,31229,187032550,1.84,59810500000,8059840.0,-11940.0,20240719
049480,2275,2285,2265,2270,52537,119380795,-0.22,71328809410,3898095.0,2225270.0,20240719
394280,19370,19820,19050,19080,258685,4989886810,-1.5,416759803560,-333374410.0,-60209580.0,20240719
309930,2215,2285,2175,2285,133613,297886665,2.93,48649912150,57320915.0,19182700.0,20240719
244460,500,500,470,482,233237,112400735,-2.63,15057969682,-13261564.0,-38136.0,20240719
226950,11680,13950,11680,13320,1633715,21486986200,14.83,221594956560,-1416905830.0,-325821280.0,20240719
057540,970,972,962,969,97754,94428574,-0.1,59544424995,-12359794.0,-5732511.0,20240719
131030,7750,8260,7590,8090,578322,4617671980,3.32,130679080580,-844520900.0,-7737200.0,20240719
082210,3270,3270,3150,3250,409869,1292888510,1.56,88542314250,9978230.0,-73900.0,20240719
109080,8600,8620,8490,8600,9952,85229080,0.0,48469600000,630270.0,,20240719
380540,1039,1048,1021,1031,36558,37630098,-1.72,30702763476,-1841486.0,,20240719
153710,6250,6360,6160,6250,4005,24891190,0.0,91687237500,-1168940.0,,20240719
432430,7570,7710,7480,7710,164826,1246456800,0.92,126616087200,162042190.0,-111765230.0,20240719
338840,9860,10240,9690,10160,105296,1050205100,2.11,150058282560,33563450.0,-15018170.0,20240719
122990,7910,7950,7880,7900,28954,228827840,-0.13,222676833900,43826950.0,3023290.0,20240719
232140,15710,16200,15520,16120,5580941,88841761760,3.87,1322571042000,2639889440.0,1392884280.0,20240719
112290,18780,19490,18200,19320,212773,4013396970,2.06,195335729400,-57784390.0,423003920.0,20240719
065530,1786,1800,1782,1796,22981,41120560,-0.5,94936560000,-1228681.0,,20240719
067900,7830,7830,7600,7670,92900,712061760,-2.29,139591384530,-225757250.0,-114348360.0,20240719
007530,3050,3085,3035,3055,12707,38746810,-0.65,58577950860,2330465.0,0.0,20240719
155650,4200,4235,4155,4200,47855,199855775,-0.47,81792303600,-22273075.0,4864880.0,20240719
273640,15150,15600,15050,15480,235766,3632858550,0.58,169753680000,18177100.0,108540.0,20240719
251370,9560,9690,9350,9520,18706,176635350,-0.42,155313697280,-24340130.0,-7266860.0,20240719
066430,561,561,549,553,34038,18769850,-1.95,21651872228,-2719720.0,,20240719
273060,1147,1150,1126,1134,120562,137013820,-1.13,57221165988,-30838975.0,,20240719
019210,5770,5850,5730,5790,58029,335652560,0.35,194392412010,-68418990.0,39283250.0,20240719
122870,35000,35450,34000,35250,139876,4828491050,-0.14,658859477250,-358413000.0,-324763200.0,20240719
332570,3200,3690,3125,3415,1896666,6588643760,6.72,138695799160,148379845.0,766875.0,20240719
079000,5420,5420,5200,5280,5881,31098980,-2.58,38016000000,2135380.0,-5829480.0,20240719
403490,2245,2245,2185,2195,356561,785450635,-2.44,99241358480,-148911245.0,,20240719
032820,2655,2665,2390,2390,33744885,83687264675,-11.48,378710996760,-1011125880.0,-599516540.0,20240719
041190,8700,8710,8400,8450,1681626,14277577560,-4.2,709800000000,-1330267290.0,-462464740.0,20240719
115440,6390,6460,6320,6390,27700,176446690,-0.47,68719587210,-27308000.0,36222440.0,20240719
046970,1231,1250,1224,1245,86150,106189456,0.08,54562123755,18052568.0,,20240719
082850,3120,3905,3100,3905,67691821,242737047115,29.95,189144837090,19823525.0,40571725.0,20240719
215360,14390,14470,14230,14460,18311,262308890,-0.14,132051076980,-26828760.0,412710.0,20240719
072470,3660,3690,3605,3665,13130,47583650,0.27,69222104765,-4953690.0,,20240719
073560,1430,1443,1418,1443,124481,177234720,1.05,99909918849,-4919508.0,-5737732.0,20240719
037400,1344,1409,1331,1391,183805,254266904,3.42,36476674286,-24236.0,-616.0,20240719
153490,856,894,855,891,1602584,1307802753,3.73,45868680000,3183129.0,1042600000.0,20240719
101170,6950,7350,6910,7110,1223753,8811149450,3.04,95985000000,-622420280.0,-588710.0,20240719
066590,3260,3350,3235,3265,222274,725770130,-1.51,127573684560,103712910.0,,20240719
103840,6720,6920,6480,6710,775126,5213557290,1.36,109818731880,-791564650.0,0.0,20240719
046940,2820,2830,2740,2815,108681,301490380,-2.43,50879295250,-19361105.0,,20240719
215380,1480,1480,1441,1445,46206,67351049,-2.36,20295269205,-7741245.0,11068321.0,20240719
065680,15960,16190,15550,15850,87178,1387471090,-0.69,151050500000,-29635480.0,430.0,20240719
018620,1085,1097,1085,1092,29716,32378080,0.65,31547107956,1865805.0,,20240719
457550,30850,30900,27550,27600,793329,22773166200,-12.38,255888956400,12586250.0,-1890938200.0,20240719
396470,11910,12750,11780,12610,807674,9944804850,3.28,203273200000,-1598651160.0,24071820.0,20240719
307280,1589,1598,1560,1598,76908,121434314,0.57,59060502774,16968213.0,,20240719
032940,4200,4260,4120,4260,53325,224833205,0.83,77503159800,-18146015.0,62170.0,20240719
240810,36800,37900,36100,36750,330568,12288527000,0.27,1803833361750,-1164988100.0,545378900.0,20240719
074600,32900,34350,32700,33800,356588,12086051950,1.81,888534400000,-1364236450.0,3509869700.0,20240719
104830,31900,32200,31250,31850,23862,758287650,-0.16,401564800000,-226902400.0,145940950.0,20240719
014190,1910,1975,1862,1944,785861,1504831750,1.57,68817417264,49952643.0,21601114.0,20240719
217820,3860,3920,3815,3895,86210,333496690,1.04,184835507305,-4322640.0,11775.0,20240719
030530,3320,3385,3320,3350,89234,298917260,0.3,258747236350,-85584200.0,645.0,20240719
012620,7980,7980,7850,7900,6948,54941010,-1.25,34760000000,-2176950.0,2137480.0,20240719
382840,11900,12230,11760,12190,40648,484662550,1.92,186160572390,53092480.0,-514730.0,20240719
336570,6860,7540,6800,7410,7617282,55492026460,10.1,662013986790,-793897760.0,2124319450.0,20240719
376980,5950,6000,5800,5840,43763,257692290,-2.34,56969164960,16359480.0,-57960.0,20240719
008370,4540,4980,4540,4660,797351,3752668550,2.87,55920000000,42124335.0,11448390.0,20240719
008290,582,623,575,581,317074,189266190,-1.53,23643027499,1446753.0,,20240719
101160,22900,24200,22650,23450,316292,7521646600,2.18,387182785850,1299266650.0,-16352400.0,20240719
064090,6070,6150,5910,6000,166386,999742250,-1.15,259746798000,-10661560.0,,20240719
336060,1647,1714,1624,1644,2854130,4753543039,0.49,79167148800,68584443.0,,20240719
095270,6870,6870,6340,6460,297531,1938199000,-7.05,96714313760,-437452890.0,-29969880.0,20240719
065950,2370,2400,2360,2370,43183,102644330,0.21,66908185740,12235615.0,,20240719
076080,1583,1613,1551,1601,42121,66720049,0.31,36173243756,5659227.0,,20240719
043590,935,964,935,940,45842,43132501,-0.42,25508556280,-7103881.0,,20240719
196700,1482,1538,1466,1475,48999,72412850,-0.47,21187112400,-6756010.0,,20240719
069080,16080,16150,15830,15930,51250,815776550,-0.93,556767582120,-162454040.0,-159627990.0,20240719
053580,8220,8280,8150,8260,5784,47523480,0.49,112635408480,-5247690.0,-8980.0,20240719
071460,0,0,0,613,0,0,0.0,22047951835,,,20240719
377460,0,0,0,1691,0,0,0.0,26030247855,,,20240719
044340,8400,8440,8300,8310,18212,151981560,-0.6,148528161750,-48142900.0,-8100.0,20240719
330350,8190,8260,8090,8210,45312,369720090,0.0,108389561190,30281390.0,80.0,20240719
348350,8550,8690,8460,8650,19587,168027950,0.35,88088140000,-19959380.0,,20240719
112040,40100,40450,39800,40050,134545,5387362250,-0.62,1359636744150,-979823600.0,-286500250.0,20240719
101730,9910,10050,9750,9820,52086,512320940,-0.71,326959767440,-147642740.0,108470.0,20240719
123420,8910,8990,8550,8840,16026,142139630,-1.23,101393403280,-40094900.0,80140.0,20240719
065370,5960,6020,5920,6000,5690,33993260,-0.33,44303724000,-4288700.0,,20240719
038620,707,707,700,706,67057,47023590,-0.14,46981804290,-48795.0,-3636328.0,20240719
299900,1795,1817,1740,1740,707221,1246026449,-1.86,297625058160,-111668750.0,7323287.0,20240719
036090,736,736,708,713,555127,399005632,-2.33,84413698492,-92033136.0,-546795.0,20240719
136540,13720,13840,13600,13800,9268,127055570,0.58,188289435600,1645100.0,5732240.0,20240719
097800,1896,1995,1847,1959,4485318,8549265018,3.65,224230724970,621544899.0,-3593463.0,20240719
192390,3930,4035,3905,3945,49643,196984055,0.0,43099089495,19045120.0,-137635.0,20240719
335870,1309,1309,1292,1307,19056,24895016,-0.15,21802618554,-1711045.0,,20240719
900340,2125,2160,1996,2035,523242,1081125042,-4.91,97625925980,-221582385.0,0.0,20240719
036200,10240,10240,9970,10020,431823,4341768310,-2.15,307255514460,-656700670.0,47513980.0,20240719
018000,709,740,708,726,404672,295397716,1.11,122252199234,-11235253.0,-42880.0,20240719
203450,2680,2685,2650,2685,8585,22876830,-0.92,37802133795,-825440.0,-6169665.0,20240719
011320,4100,4160,4100,4160,17144,70833290,0.24,80374091200,4423850.0,1941190.0,20240719
086390,13000,13000,12700,12700,93071,1189208810,-2.46,268403400200,-9298420.0,58092080.0,20240719
241690,3900,4160,3895,4030,660274,2683634885,2.03,98616945180,-82191320.0,-15567980.0,20240719
142210,6000,6050,5880,5930,170117,1012110520,-1.17,114129325560,48082530.0,0.0,20240719
048430,7240,7250,7170,7240,28317,204071630,-0.14,83404800000,-50663330.0,,20240719
206650,11000,11240,11000,11190,121823,1357926660,0.54,408259395330,289561070.0,-3031680.0,20240719
089850,8480,8480,8230,8400,24264,202378910,-0.59,123733671600,-54771670.0,-14236380.0,20240719
084440,997,997,978,997,11694,11543755,0.91,19653661600,-127279.0,,20240719
032620,4460,4495,4300,4420,293743,1287358895,-1.67,230711354380,240289160.0,-91458895.0,20240719
264450,15320,15450,15240,15450,7082,108478440,0.0,158296157700,-2145840.0,-20544620.0,20240719
078070,10840,10840,10600,10670,3616,38611030,-1.39,193667969000,-4311420.0,-64920.0,20240719
024800,2090,2105,2060,2085,7413,15410810,-0.24,77253028020,-44770.0,,20240719
054930,28700,29150,28300,28800,15840,452833800,0.0,86400000000,-78356900.0,-10840450.0,20240719
069330,1460,1487,1447,1481,22656,33288099,1.44,21017005771,2956506.0,0.0,20240719
049520,6220,6380,6140,6370,76712,480067720,1.59,138770042320,-95469050.0,-6957660.0,20240719
435380,2165,2170,2140,2150,13451,28906425,-0.23,12319500000,-2165.0,6130350.0,20240719
444920,2140,2150,2130,2145,2194,4693070,0.7,11239800000,-339465.0,53560.0,20240719
446150,0,0,0,2380,0,0,0.0,11352600000,,,20240719
449020,2050,2060,2045,2055,24778,50869190,0.24,19995150000,-65760.0,31190070.0,20240719
450940,2165,2170,2155,2155,4454,9647245,-0.46,9783700000,,4923320.0,20240719
473050,2040,2060,2040,2055,20119,41271175,0.49,14405550000,-28770.0,35086325.0,20240719
474490,2070,2070,2060,2070,15825,32682260,0.0,11405700000,-8260.0,14289385.0,20240719
430700,2180,2195,2170,2195,5399,11790705,1.39,11501800000,-6545.0,3627030.0,20240719
263770,2450,2470,2400,2470,41239,99823585,0.82,58539424840,4238105.0,,20240719
388720,26400,27450,26400,27100,67286,1805185100,1.5,310388061400,222023800.0,-730011300.0,20240719
340930,2630,2850,2580,2690,174956,465896770,2.28,92009970500,-28394790.0,,20240719
023410,3685,3695,3610,3625,158946,577630070,-1.89,280251878375,-122222540.0,27560225.0,20240719
056080,7310,7600,7280,7290,165175,1220786800,0.14,273463588080,-189964150.0,-346920.0,20240719
468760,2195,2215,2180,2180,8751,19229125,-0.68,9243200000,-8930.0,12521500.0,20240719
442130,2325,2325,2300,2320,1135,2612685,0.65,8027200000,,-2218775.0,20240719
084370,47200,47650,46650,46700,79338,3733613450,-1.99,1070179161400,-643385500.0,-183768200.0,20240719
240600,9600,10040,9590,9860,133794,1317013640,1.13,68311568860,8017640.0,125140.0,20240719
221800,4000,4395,3765,3780,608296,2440582805,-3.32,42665600880,-101424730.0,-2399470.0,20240719
179900,30600,31750,30600,31600,23479,734601850,0.96,514665882000,225445450.0,-80283550.0,20240719
263050,2530,2780,2405,2580,3915340,10003618110,6.39,94941053640,65409195.0,,20240719
191410,2280,2325,2235,2245,50927,115983730,-1.54,25153552475,-22047615.0,18080.0,20240719
372170,59100,61100,59000,60900,30659,1837571600,2.18,485924023200,188700100.0,-45770700.0,20240719
146060,1464,1478,1455,1462,49539,72528293,-1.22,35110799890,1073510.0,,20240719
072770,2020,2085,2000,2040,379146,767848555,1.24,141010503840,268524355.0,,20240719
039020,2175,2195,2155,2165,12870,27891255,-0.46,48895894985,-329745.0,-20485.0,20240719
067920,5680,5700,5600,5700,22911,129332450,0.18,62677878300,-18035690.0,-9373420.0,20240719
044960,5430,5430,5360,5390,55727,300177160,-0.74,68139749370,-106776300.0,20.0,20240719
303530,9020,9100,8950,9050,13120,118158910,0.33,66420655950,-1653750.0,-40.0,20240719
296640,7570,8290,6610,6610,993383,7478749630,-8.19,34228245720,-66147310.0,,20240719
302430,9440,9460,9250,9390,24759,231092890,-0.42,92333823120,-3571180.0,10.0,20240719
462350,26750,27500,26300,26750,121713,3282233850,0.0,250799814500,-48033050.0,77879150.0,20240719
274400,7630,7630,7440,7540,31728,238307920,-1.18,58961488040,-43760840.0,12224700.0,20240719
056090,1600,1700,1593,1692,506102,836381946,5.75,158734981692,147538415.0,-126978.0,20240719
073490,20450,20700,20450,20550,15713,322865700,-1.44,156259035300,-88733900.0,-3853150.0,20240719
215790,615,624,610,623,51964,32194199,0.81,25096401827,-892470.0,-10565.0,20240719
344860,2080,2155,2055,2155,61489,128562400,3.61,25924650000,5109110.0,2095000.0,20240719
088390,18360,18610,18090,18610,13364,245366780,1.58,174670556840,61507870.0,3365920.0,20240719
272290,32950,33450,32600,32850,114745,3794132900,-0.61,664478565300,-728256050.0,325347200.0,20240719
053350,3755,3800,3750,3770,21334,80915445,0.4,74611753320,40810.0,56906265.0,20240719
452400,11950,12090,11710,11890,31838,377747450,-0.42,107859278920,-3330330.0,-3882200.0,20240719
264850,5680,5760,5620,5660,252067,1429914810,-1.39,171467503920,-135222530.0,424960.0,20240719
054210,8250,8440,8090,8350,133595,1101946810,1.21,211181603500,-195038260.0,-24790.0,20240719
009730,1815,1830,1750,1800,146270,262599200,-2.17,55002193200,-17198787.0,,20240719
164060,6410,6500,6290,6450,46230,294579800,-0.15,136746024300,21508760.0,-9687330.0,20240719
065440,1420,1429,1406,1424,88814,126022643,0.21,38839628480,-25521576.0,-11274683.0,20240719
115610,2490,2505,2465,2470,49048,121805860,-0.8,38887667650,25823280.0,,20240719
478110,2060,2070,2055,2065,184645,380769815,0.24,10366300000,,242053415.0,20240719
131400,2305,2335,2260,2320,365371,835266460,0.65,138248526240,18901965.0,,20240719
351330,12250,12400,12030,12100,79221,963414900,-1.87,100291092000,287708870.0,475750.0,20240719
080010,5490,5500,5420,5470,6239,34020410,-1.08,53797838370,119890.0,,20240719
086890,6510,6730,6510,6680,101165,672504100,1.52,238257604080,108092610.0,,20240719
047560,16370,16730,16180,16720,71200,1172907310,1.58,193975943040,112859200.0,-4373880.0,20240719
900110,86,86,85,86,1220700,104377415,1.18,37146156300,86.0,,20240719
239340,2125,2160,2090,2145,30585,64832590,0.0,57871314930,-8523495.0,,20240719
067010,3300,3300,3255,3300,12007,39283755,0.46,40570200000,-292625.0,28156155.0,20240719
418620,17890,18200,16390,16590,125335,2141013570,-6.32,160101413430,4990110.0,-619546340.0,20240719
102710,26250,27200,25850,26750,77115,2040294050,0.75,382199613000,-217986250.0,591859950.0,20240719
041520,6410,6700,6300,6500,10895,69482580,1.4,79226745000,3376720.0,,20240719
063760,2945,3000,2945,2990,6725,20070355,0.5,27882138700,-511005.0,2985000.0,20240719
123570,3000,3030,2965,3005,88118,263477630,-0.33,66939614390,37184150.0,,20240719
083470,1687,1694,1563,1690,69679,115574514,0.18,36065156010,-8019244.0,,20240719
095190,2535,2785,2495,2720,1355212,3654411645,7.3,123269779840,384648255.0,-322771195.0,20240719
091120,25800,25900,25000,25600,120595,3078006600,0.0,438603161600,125116100.0,-93533850.0,20240719
039030,190500,210000,189300,202000,352142,71758639900,3.59,2488549100000,6899720100.0,10934309200.0,20240719
294090,14000,14500,12150,12300,3845404,50128555730,-13.38,374358605700,-2042056400.0,-1210760040.0,20240719
088290,1799,1914,1580,1580,1286648,2246428889,-10.23,49504037020,15271031.0,-456847.0,20240719
353810,4325,4380,4300,4375,31093,135047410,0.92,149588775000,-37039385.0,22709055.0,20240719
099750,15900,16290,15800,16250,7876,125788150,1.63,111065110000,-4513100.0,15900.0,20240719
377330,6000,6020,5870,5950,10418,61877220,-1.16,48432726300,-3971540.0,40.0,20240719
035810,2905,2930,2900,2920,39265,114462305,-0.17,190225867400,-11809000.0,-20440.0,20240719
160600,0,0,0,3100,0,0,0.0,106895911200,,,20240719
092130,12630,12630,12510,12530,2652,33279590,-0.87,150906308000,0.0,-1495450.0,20240719
096040,0,0,0,271,0,0,0.0,245561580945,,,20240719
134060,4790,5400,4745,4970,62691,323723450,3.76,23703172500,-3396220.0,147370.0,20240719
001840,2470,2495,2415,2450,18496,45268650,-1.21,48524112000,1509805.0,25.0,20240719
024810,0,0,0,899,0,0,0.0,196834827360,,,20240719
041830,24400,24400,23700,23850,22119,527735300,-1.85,326358200700,-29229950.0,-11103300.0,20240719
352940,2685,2730,2670,2675,6868,18445055,-1.29,29071177750,-288335.0,2121990.0,20240719
079950,938,938,914,922,26239,24273517,-1.71,21390400000,-218823.0,,20240719
389470,15270,17900,15010,16990,2263512,38144617960,11.19,147746535120,-1042510990.0,293311720.0,20240719
277410,1640,1648,1630,1648,161824,264434035,0.24,63211988272,-7109653.0,,20240719
060150,7250,7250,7050,7070,157036,1111622030,-2.21,329204736840,-273533200.0,-6747050.0,20240719
033230,2330,2360,2300,2360,571769,1328080310,1.07,119216296800,161720155.0,0.0,20240719
450520,5670,5760,5620,5690,20080,113961340,-0.52,27889682940,22639870.0,,20240719
037330,1755,1758,1740,1748,24806,43353198,-0.51,76711371552,-14671260.0,,20240719
100030,19160,19490,18720,19250,2381,45269250,0.31,63211494500,-13386110.0,670.0,20240719
211050,4800,4800,4660,4735,148467,701047575,0.0,243283353000,216920050.0,16013355.0,20240719
083640,397,399,392,397,71247,28116857,0.0,30854979347,-570176.0,,20240719
216050,7500,7650,7390,7570,29477,223178790,1.61,97223190540,20010110.0,-25000.0,20240719
049070,22650,22850,22300,22750,97225,2187726450,0.22,391300000000,3173800.0,-69206800.0,20240719
119610,0,0,0,24900,0,0,0.0,329090302200,,,20240719
017250,1100,1125,1090,1093,55496,61183980,-0.64,23002695431,-1636080.0,1360783.0,20240719
051370,13650,14220,13530,14180,217230,3009235310,3.88,330783552960,-30774210.0,16376580.0,20240719
064290,19890,20900,19790,20600,91565,1876350700,2.49,264997617200,-252383980.0,341898300.0,20240719
189300,57400,57700,56000,57100,47883,2716588300,-1.21,612873371400,177759600.0,-252114000.0,20240719
150840,0,0,0,5850,0,0,0.0,244813584600,,,20240719
048530,6420,6500,6280,6370,101384,644297070,-0.93,217540353940,-18353410.0,95591410.0,20240719
115310,20350,20350,20050,20250,1147,23099800,0.0,64655880750,842400.0,250.0,20240719
039290,8480,8500,8120,8320,62106,516382110,0.48,72333896960,-9444710.0,8300.0,20240719
071200,4820,4885,4820,4880,18563,89845650,0.31,119054715040,-27953675.0,-3366925.0,20240719
101930,21900,22400,21200,21700,17264,372362350,-0.91,208661406100,-31379450.0,350.0,20240719
333430,3425,3640,3345,3395,1358771,4712296100,0.15,104317306065,60756335.0,-10997740.0,20240719
068330,1241,1242,1230,1233,70459,87112829,-1.12,54518500620,7294599.0,-77878.0,20240719
178780,0,0,0,8650,0,0,0.0,120790286750,,,20240719
019540,4905,4980,4830,4980,25913,127329310,1.01,67297230000,-7012625.0,-6052595.0,20240719
094820,11940,12040,11540,11540,176596,2061104480,-3.67,174008301860,-38887190.0,-5402990.0,20240719
950140,21550,23350,21300,23150,550772,12505202350,7.42,459941097900,-213218050.0,2605269100.0,20240719
049550,4050,4290,4050,4060,3442,14001565,-0.61,79601484620,178680.0,-5469320.0,20240719
389020,53000,57100,52100,55900,143531,7836915200,6.07,346453107000,246497800.0,9570800.0,20240719
254120,2120,2205,2105,2200,117071,250903350,3.53,67659394000,14316965.0,,20240719
043910,820,823,799,800,844862,683573150,-2.56,65113165600,-53849128.0,-800.0,20240719
234920,6740,7000,6630,6830,13898,93812240,1.34,92416115300,4982700.0,,20240719
289220,7690,8330,7690,7840,314616,2521901330,1.95,173434480800,-103285830.0,-520120.0,20240719
174880,0,0,0,2650,0,0,0.0,11610352250,,,20240719
049630,688,714,684,712,755421,531093425,3.49,59557022136,13528111.0,-39123.0,20240719
417840,10260,10420,10180,10220,24709,253045750,-1.35,74086568500,15487050.0,,20240719
110020,3495,3580,3355,3560,53444,184654330,1.86,32249192720,10253420.0,,20240719
208140,2785,2795,2740,2750,68337,188425610,-1.26,89881676500,-53167390.0,-27500.0,20240719
040420,6570,6570,6500,6530,15693,102248360,0.0,102374414560,58610.0,-3212890.0,20240719
045510,1110,1121,1080,1112,11842,13109750,0.18,35816732704,-4620.0,,20240719
217190,9580,9900,9540,9800,64948,635453390,2.08,85937905200,52508980.0,-4329830.0,20240719
095700,6970,7230,6850,7060,205107,1446804770,1.44,293064793640,174874490.0,-7872300.0,20240719
072520,0,0,0,389,0,0,0.0,28849482466,,,20240719
122310,6320,6570,6310,6460,84142,542401890,2.22,94017832240,-11970060.0,-7792350.0,20240719
361390,16130,16340,16060,16250,16245,262572580,-0.43,121887821250,-18794640.0,29188740.0,20240719
187420,3545,3630,3515,3630,5625,20093795,1.4,83278345590,-3119350.0,,20240719
225220,3620,3740,3600,3635,32114,116617985,0.14,69755726335,-33143600.0,3978000.0,20240719
123330,3130,3130,3015,3060,27050,82182130,-0.33,21420000000,-11979210.0,,20240719
159580,5100,5200,5090,5100,54493,279044400,-0.78,102166443600,15940760.0,23021960.0,20240719
147830,8700,8980,8400,8500,1309864,11345235460,-3.63,170000000000,239301740.0,190.0,20240719
033100,86200,91300,84100,87900,544147,47988558200,1.03,1411885751100,-455487200.0,2710576400.0,20240719
079370,15510,15720,15300,15370,223590,3459602750,-2.1,476731136300,-343251180.0,138079570.0,20240719
054950,26650,26650,25200,25300,208926,5331544650,-5.07,305874267600,-342087800.0,-466100600.0,20240719
023440,1548,1608,1421,1440,1070881,1584354546,-5.26,84510014400,296982513.0,-147430534.0,20240719
090470,6150,6220,6030,6190,53736,328549110,0.49,108180116860,-38715980.0,-12959690.0,20240719
287410,12770,12900,12770,12870,231694,2981898790,-0.39,987259836420,461577960.0,897520950.0,20240719
137950,5390,5400,5270,5350,30646,163041100,-0.37,119132804900,-31192470.0,0.0,20240719
033320,3790,3800,3720,3800,31134,117132455,0.26,72634841600,9538825.0,15.0,20240719
417500,4100,4235,4065,4115,142592,593734260,0.0,134909221560,-2348945.0,34526540.0,20240719
204270,24450,25100,23900,24450,801678,19666783750,-1.21,1414394993700,-2664169850.0,-521460450.0,20240719
026040,2080,2285,1970,2000,235505,493948362,-3.85,33007580000,-8005419.0,,20240719
452160,10490,10600,10100,10130,199009,2050261290,-4.43,97425548510,87856840.0,290.0,20240719
126880,3870,3870,3780,3795,59093,224676350,-1.94,88062606885,-19856875.0,49405.0,20240719
322510,13100,15520,12800,15410,3137823,45546798560,13.06,249575921920,1828663690.0,1611708420.0,20240719
033050,923,923,915,918,22563,20751574,-0.76,29907835956,1149563.0,,20240719
094970,5160,5330,5050,5320,42992,223016600,3.1,89100636800,-2287100.0,,20240719
418550,19950,20350,19670,20300,212572,4251240290,2.78,644977141900,-351902130.0,-49036440.0,20240719
420570,22550,23450,21750,22850,41512,940255500,1.33,127368527750,38108300.0,,20240719
089790,7100,7170,6900,7040,35514,248270880,0.14,72621211520,-6708940.0,5654110.0,20240719
052670,0,0,0,2080,0,0,0.0,60588453120,,,20240719
412540,11900,12090,11740,12080,101090,1254871140,1.26,248856033200,-21537120.0,3189330.0,20240719
199820,8060,8510,7900,8230,468631,3863964330,2.11,182870600000,-427329860.0,-19034020.0,20240719
038010,7960,8050,7720,7750,80283,626472410,-3.49,69750000000,13197690.0,-6842280.0,20240719
276730,1187,1187,1069,1114,6089322,6866739505,-6.78,66208389850,-34511378.0,-57414255.0,20240719
080220,16800,16920,16430,16750,408042,6774437910,-1.0,576917452750,805070870.0,-117459320.0,20240719
216080,15900,16100,15820,15820,13663,217452920,-1.31,282525567380,-65337750.0,-10047940.0,20240719
229000,2840,2870,2780,2795,40495,113358755,-2.1,40370993975,-5826720.0,,20240719
082270,11110,11210,10840,10900,84152,924836170,-2.15,435936496600,72584490.0,-43942470.0,20240719
044060,0,0,0,732,0,0,0.0,70075958688,,,20240719
034940,1442,1445,1421,1426,32176,46219215,-1.11,44177233302,1101850.0,,20240719
067000,2150,2180,2120,2155,167889,360302955,-0.23,150641926130,35322665.0,-719750.0,20240719
033340,0,0,0,2110,0,0,0.0,204565677380,,,20240719
036930,31050,32000,30650,31550,450845,14211734800,1.28,1522262638600,756126000.0,130281900.0,20240719
072020,10880,10890,10740,10820,32075,346297360,-0.46,104506993340,-65037510.0,301400.0,20240719
000440,20250,20550,19850,19880,22889,459104820,-1.83,123795344400,-46513190.0,810.0,20240719
051980,12460,13160,12310,12630,2882742,36844635230,2.6,1201361343690,-1502081360.0,-1569831460.0,20240719
228760,21600,21700,21000,21100,326266,6931912750,-2.54,514045226300,43784000.0,-71276350.0,20240719
314130,9520,9820,9030,9400,340510,3225508300,0.0,143683098400,-323411290.0,-2090970.0,20240719
389030,1701,1720,1670,1673,16893,28634407,-2.51,55797636685,-70476.0,0.0,20240719
043610,2800,2870,2785,2820,44815,126094275,-0.35,163885535160,-5949375.0,-428795.0,20240719
263860,8520,8560,8310,8530,32400,273867590,0.12,80562438000,-15083140.0,-72701370.0,20240719
303030,1700,1705,1641,1690,169885,284317743,0.3,60410178920,18253322.0,,20240719
036180,540,545,520,525,176266,92799926,-2.78,48018875625,2942611.0,,20240719
208350,3315,3320,3240,3305,5902,19524160,-0.75,29211404445,-374985.0,14327430.0,20240719
144510,32600,33450,32600,33150,36364,1201132350,0.45,523781403600,141307500.0,-89242500.0,20240719
358570,12600,12730,12140,12200,881808,10885040950,-0.33,539201252800,-1759807480.0,570928680.0,20240719
382480,2640,2665,2620,2640,64063,169079190,0.19,103902849600,4887475.0,,20240719
382800,4650,4675,4350,4435,474354,2119932390,-4.62,140283666835,210880045.0,2999915.0,20240719
051160,10590,10720,10200,10580,65275,678782300,-0.09,163719469400,-18842260.0,-21350.0,20240719
053050,3595,3605,3445,3445,331201,1161490760,-3.64,103307271665,-322864110.0,306670.0,20240719
119850,6340,6350,6180,6300,119865,749582670,0.0,103628126700,19078140.0,-25170000.0,20240719
065060,399,399,385,395,149083,58378233,-1.0,42663177380,-2763242.0,,20240719
204840,1023,1053,1020,1039,102196,106157599,0.39,79690670366,7600724.0,,20240719
270520,1640,1799,1640,1772,1120828,1932638208,8.05,262093847824,258268042.0,270615.0,20240719
311320,10170,10290,10040,10080,12472,126299530,-0.88,127154764800,-35922360.0,10179210.0,20240719
388050,8870,8870,8230,8300,477412,4056723410,-7.26,155288327100,-113928530.0,479740.0,20240719
018120,15510,15840,15460,15770,3929,61656170,1.15,104415062400,575330.0,-15510.0,20240719
109820,2395,2405,2385,2395,21285,50996440,0.0,48842767800,-2459225.0,-13237120.0,20240719
086060,3920,3935,3880,3895,69659,271360170,0.39,33538236365,4027240.0,-6671220.0,20240719
036890,9400,9500,9230,9440,155573,1454785210,-0.42,212232609920,-223336770.0,-28928680.0,20240719
363250,8620,8970,8610,8640,63635,560344290,-0.69,60536082240,-76372860.0,,20240719
007370,5510,5510,5440,5480,12961,70940310,0.37,65852485960,-6791230.0,3043890.0,20240719
285800,3180,3190,3100,3190,49175,154182795,0.31,55752491300,5085265.0,,20240719
085660,16090,16210,15960,16110,121243,1947118040,-0.62,907225676730,393685300.0,-197243570.0,20240719
261780,4520,4560,4510,4550,32612,147605985,0.44,122052603400,-36379650.0,,20240719
094850,6280,6280,6190,6230,12659,78854640,-0.8,87220000000,-33820760.0,,20240719
004650,9350,9350,9310,9350,6005,56052500,0.32,85934774750,1559150.0,130640.0,20240719
278280,69100,70500,68500,69900,22755,1578172500,1.16,699000000000,261802100.0,-47422400.0,20240719
362320,8730,8740,8510,8630,124190,1067221460,-1.15,177357632700,-49778300.0,-51780.0,20240719
066360,1038,1040,1012,1036,298768,306060187,-0.19,49678287540,26031038.0,-14305083.0,20240719
047820,0,0,0,5400,0,0,0.0,132051222000,,,20240719
094360,20350,20900,19980,20050,306618,6205731050,-3.61,417503636200,-560153740.0,-799317570.0,20240719
016920,1305,1311,1300,1310,26520,34623424,0.38,34706534780,108898.0,-6860866.0,20240719
284620,4155,4340,4105,4325,66330,279640875,3.1,121881929725,39787060.0,,20240719
293490,19010,19250,19010,19170,115747,2210831040,0.31,1584530702640,190218630.0,-41168300.0,20240719
140430,5050,5540,5040,5180,3438139,18319825900,3.39,92840865460,13586140.0,,20240719
042000,28400,28500,27450,27750,424545,11812991650,-2.63,673022248500,1926954700.0,-4040622700.0,20240719
313760,4470,4490,3660,4070,377433,1537886895,-8.95,29665745670,152128095.0,,20240719
317530,3430,3620,3415,3490,12177,42552270,1.75,24329474040,-12596185.0,,20240719
071850,1390,1430,1258,1413,209036,283939017,1.65,34659742644,24727329.0,-820465.0,20240719
050110,1262,1293,1262,1271,139478,177478275,-0.08,93830453978,-31528681.0,,20240719
452300,3480,3500,3405,3480,85990,296053440,0.0,49055402400,-14555.0,-3965.0,20240719
119860,17960,18010,17960,18000,55541,999311190,0.0,815425092000,-31132610.0,-59364880.0,20240719
451760,12680,12850,12100,12200,145715,1809019600,-3.79,182273807200,-4336880.0,-40268240.0,20240719
900310,695,695,682,685,113332,77750764,-1.44,43868547375,-447926.0,,20240719
078340,38400,38900,38100,38900,26280,1010891000,0.91,495498669500,160119000.0,-46055850.0,20240719
063080,27200,27350,26600,26850,11918,319548700,-1.83,177080905200,-52150450.0,2255150.0,20240719
307930,5750,5760,5590,5730,78473,443729950,-1.21,89445300000,35292440.0,-223540.0,20240719
079190,591,597,582,585,69387,40753187,-2.01,22437975690,-2841877.0,0.0,20240719
263700,3685,3745,3635,3745,81418,300716905,1.77,72706179000,17329670.0,3720.0,20240719
214370,24300,24600,23650,24200,112852,2709207300,-1.43,1299903000000,-734423950.0,-107852150.0,20240719
221980,12920,13010,12760,13000,1554,20039780,-0.15,52452400000,151300.0,12957470.0,20240719
038530,264,282,259,260,921295,243697730,-0.76,30085730220,-5059365.0,14077522.0,20240719
424140,2120,2140,2120,2130,27992,59747170,0.95,16422300000,0.0,14118570.0,20240719
192250,1089,1090,1058,1065,171179,182893618,-0.09,75264888705,-3901328.0,,20240719
115500,6400,6490,6360,6450,47221,302853530,0.78,77400000000,11502490.0,-20.0,20240719
089150,2445,2480,2440,2480,25975,63812860,1.43,42532000000,11156455.0,-12455.0,20240719
025880,2575,2585,2550,2585,36633,93807330,0.19,43210492930,2034000.0,14127000.0,20240719
093320,81200,81200,78300,78500,13245,1048277400,-2.48,383080000000,-38595100.0,-1965600.0,20240719
093640,5490,5520,5070,5230,351272,1834846340,-4.74,163626506970,287656960.0,,20240719
073010,4220,4220,4070,4080,300210,1233341410,-3.2,163980300000,-330204225.0,-126671770.0,20240719
105330,6160,6220,6020,6130,46888,284969260,-0.49,98447971640,34461000.0,18180000.0,20240719
053080,17810,18640,17510,17960,1199101,21708082530,4.97,233476533720,-514637610.0,8482920.0,20240719
199430,9500,9540,9310,9510,78929,742437070,0.11,103351950630,-36355410.0,-18550140.0,20240719
432470,22650,22750,20800,21500,169164,3646407550,-8.51,93251477000,43995550.0,950.0,20240719
272110,18100,18630,17930,18400,40205,734372520,1.71,146747268000,-50645870.0,21799170.0,20240719
039420,2580,2610,2565,2595,13956,36014205,0.58,62681524350,-57370.0,-3568245.0,20240719
083550,3775,3800,3730,3780,11573,43623990,0.53,46774574280,-2303850.0,,20240719
032500,12060,12270,11990,12150,48062,579336620,0.0,483823728450,52108570.0,-71001060.0,20240719
225430,748,748,729,744,17423,12868191,-0.67,20747965200,280716.0,,20240719
102370,3850,3865,3635,3715,197446,738812370,-2.37,101156515150,-92295110.0,-1392230.0,20240719
068100,4185,4230,4090,4100,60536,250002585,-2.96,40752417400,-16407455.0,1588740.0,20240719
036030,4495,4560,4495,4545,10067,45399105,0.11,222792641235,1546215.0,632215.0,20240719
064820,5850,5850,5510,5530,122212,687472860,-5.47,170886555840,-96646300.0,-5530.0,20240719
256940,6550,6600,6400,6500,51843,338758920,-0.91,121866277000,-1266620.0,-9286200.0,20240719
024880,5770,5770,5490,5590,387811,2176447990,-3.12,115616840820,111624480.0,-1978420.0,20240719
042040,325,330,320,328,294961,95743663,0.0,57223180776,-4183639.0,-29559.0,20240719
054410,4235,4435,4220,4335,2996,12925020,2.36,24824134740,-227285.0,,20240719
258610,1754,1779,1743,1773,9012,15849872,1.08,47493586809,-1633622.0,,20240719
274090,11200,11340,11010,11220,64280,718997110,0.36,144886395720,-67531600.0,-20552620.0,20240719
089010,25200,25700,24950,25400,108700,2759121200,-0.59,389492388400,-133673900.0,23227900.0,20240719
220260,5990,6100,5890,6040,102199,607883700,0.83,160412174280,126483620.0,5870.0,20240719
052400,15600,15930,15440,15580,29326,458013040,1.56,232141984420,32220680.0,-30687970.0,20240719
402030,17840,18100,17500,18100,14815,264233440,1.46,206732552800,89090470.0,1853480.0,20240719
391710,2590,2620,2465,2620,134785,345231360,0.96,108738441640,15289685.0,421480.0,20240719
046070,0,0,0,257,0,0,0.0,10996016392,,,20240719
047770,1384,1395,1285,1334,234951,308807191,-3.61,50482031068,12498580.0,,20240719
080530,2050,2060,1912,1924,189019,371007030,-2.38,78387088520,-138619470.0,,20240719
104540,8000,8000,7710,7940,7979,62411660,-0.13,101518775600,-10221880.0,-71460.0,20240719
027050,2780,2795,2740,2770,222714,616432125,-0.89,110800000000,-82154300.0,,20240719
190650,5880,6040,5860,5990,4795,28399220,1.35,38264120000,-3120240.0,,20240719
123410,5480,6170,5310,5630,4378324,25691530000,3.3,156745190320,-700617560.0,-10838280.0,20240719
036690,0,0,0,2885,0,0,0.0,45885746130,,,20240719
049430,9750,10050,9670,9920,25462,250583270,1.85,89756160000,-29480220.0,0.0,20240719
183300,82800,85000,80400,81000,248735,20523075500,1.63,847315404000,-752935700.0,156519000.0,20240719
041960,4190,4190,4145,4160,48020,199703600,-0.83,293714570240,-5891360.0,-8576975.0,20240719
089890,13820,13960,13600,13900,132105,1821378240,0.0,230530971800,-181189310.0,264080.0,20240719
360350,10300,10890,10280,10720,40610,428896690,3.08,60696318400,77641380.0,-3939950.0,20240719
082660,505,543,505,522,1756594,917003258,2.35,46260093618,-100008496.0,-39247.0,20240719
222040,3905,3905,3765,3815,32750,124560920,-2.3,78695820000,-9041835.0,1022630.0,20240719
241710,80900,83800,80100,81800,124754,10269933000,0.86,873624000000,318427700.0,758576300.0,20240719
355150,11950,12110,11770,11900,58961,702352850,-0.83,91710563000,-40170950.0,-92374340.0,20240719
166480,12200,12500,12080,12410,71656,884908940,0.4,407921366160,-4094750.0,26130380.0,20240719
045970,9140,9200,8780,9000,255296,2286822930,-0.88,236833884000,-84804680.0,-9000.0,20240719
196450,1489,1556,1460,1529,315114,477300318,2.69,69293640878,12832061.0,,20240719
384470,10760,11100,10420,11100,106007,1129863150,1.93,142291610400,117557890.0,505030.0,20240719
029960,7210,7210,7140,7180,60382,433130720,-0.42,359000000000,13878070.0,168340.0,20240719
102940,22150,22550,22050,22450,29040,649015900,-0.22,276841636200,-120490850.0,-845500.0,20240719
950160,17640,18380,17510,17720,532978,9519616220,-1.23,1406290475800,-759577490.0,-826329130.0,20240719
033290,2585,2650,2570,2635,73365,190601340,1.54,147971853135,-3308565.0,-69635.0,20240719
056360,4995,5070,4955,5020,13045,65165380,0.5,49179936000,6682310.0,40.0,20240719
282880,17120,17500,17050,17500,24201,415928550,1.16,194981622500,31707890.0,-825430.0,20240719
121850,1112,1127,1110,1124,56596,63134413,1.17,34410332700,9294080.0,,20240719
448710,27300,27450,25350,25550,363562,9572151100,-8.26,131628285600,-1618293400.0,-686143350.0,20240719
126730,12810,12810,12510,12800,38371,485335830,-0.47,108844288000,99491120.0,63525130.0,20240719
015710,3925,4030,3920,3995,34083,135378380,1.78,70034347500,10613975.0,,20240719
052330,7250,7250,7190,7220,6360,45889320,-0.69,112448265440,-20100980.0,520410.0,20240719
322780,1220,1241,1200,1241,58038,71012153,0.0,47074372733,-905855.0,-4337556.0,20240719
200130,17160,17240,16580,16780,107516,1803260650,-2.21,493593063240,-373781120.0,-184884990.0,20240719
294570,15010,15290,14910,15050,6821,102405080,-0.59,154333009250,5028890.0,-152350.0,20240719
317690,3980,4500,3920,4500,332588,1435682470,15.38,74418349500,163374315.0,65629905.0,20240719
078940,0,0,0,2855,0,0,0.0,151584163690,,,20240719
227100,1300,1332,1202,1290,121841,154439005,-0.77,20227992060,12254315.0,0.0,20240719
432720,17940,18800,17900,18160,59736,1093706960,1.45,199562782400,7971410.0,10713350.0,20240719
365270,6170,6250,5900,6160,112187,678281050,-0.32,85463642880,-31500530.0,810060.0,20240719
348080,1259,1420,1203,1340,2153839,2890522021,6.43,56483693400,83704211.0,1051115.0,20240719
060280,10400,10430,10040,10160,272272,2776774780,-3.05,417474298400,22813180.0,-69919750.0,20240719
372320,31150,31650,30500,31450,51410,1591327100,0.48,443134431250,-175456100.0,-58649950.0,20240719
051780,336,336,315,323,427868,138614399,-3.87,44064451350,8185474.0,2005789.0,20240719
115180,3600,3965,3550,3860,148176,560783110,8.12,115080453540,-34205855.0,-3936880.0,20240719
445680,41700,43400,40250,42500,89470,3748985100,4.17,341419245000,350710000.0,-2257900.0,20240719
182360,12260,13480,12030,13320,451864,5869213140,8.65,183878430840,1177316260.0,-106369660.0,20240719
405100,17170,17550,16880,17550,65973,1128471870,2.21,215677232550,156266330.0,-374740.0,20240719
066310,8550,8550,8380,8430,9512,80320190,-0.24,78159765030,8277500.0,-5202680.0,20240719
016600,321,323,313,317,1063600,337943229,-1.55,56504334504,78264038.0,-9628.0,20240719
355390,16680,16820,16340,16560,18392,303890240,-0.12,68758776000,45741560.0,445820.0,20240719
096240,16900,16900,16670,16780,30699,513269790,-0.18,190254660400,21910490.0,-168077270.0,20240719
040350,763,800,731,786,460929,350977627,0.51,115231870338,9162707.0,4350062.0,20240719
110790,8000,8080,7900,8080,12704,101393860,1.0,189322156800,-51335350.0,79904000.0,20240719
900250,1023,1037,1014,1035,414574,423799658,0.19,135212404140,34024989.0,,20240719
045520,5760,5950,5760,5810,6284,36542480,0.17,37765000000,1638760.0,6160.0,20240719
036170,829,836,820,834,63368,52513417,0.12,51178932084,-2594361.0,,20240719
214150,49500,49600,47400,48500,223357,10779490700,-3.0,3103976671500,-1470507600.0,-197019350.0,20240719
352770,1253,1445,1252,1335,1566499,2114036415,6.63,51912960855,92024272.0,,20240719
237880,36600,36700,35650,35800,59045,2121375900,-2.45,646954437400,-270931850.0,-127519450.0,20240719
139670,3890,3895,3725,3830,73997,281600935,-1.54,54075042300,49657285.0,-38565.0,20240719
413600,0,0,0,2240,0,0,0.0,7683200000,,,20240719
433530,0,0,0,2460,0,0,0.0,10098300000,,,20240719
446840,2260,2260,2210,2210,13230,29517380,-0.9,12994800000,70335.0,-2858370.0,20240719
054780,5600,5610,5530,5550,19576,108839850,0.0,108490251150,-5533530.0,-7509540.0,20240719
219130,22300,22550,21600,22000,53638,1173827600,-1.35,138914380000,-62936300.0,4750.0,20240719
360070,47000,49050,47000,48000,34549,1659597450,1.48,387683664000,49032350.0,21985650.0,20240719
065130,5020,5110,4975,5060,28073,141445015,0.8,86981308920,50802980.0,-6101550.0,20240719
134580,2680,2680,2590,2670,24833,64886925,0.95,58808797890,-25892500.0,7787430.0,20240719
023160,15610,15650,14630,14780,991073,14964697910,-5.32,391670000000,296547690.0,329186830.0,20240719
323280,8050,10080,7750,9930,10811271,102644339480,25.22,256399848900,-5858087030.0,916159410.0,20240719
053620,7020,7030,6940,7000,1907,13306850,0.14,60200000000,3440.0,,20240719
044490,17080,17180,16720,16860,52731,890791600,-1.98,337324443660,-105662900.0,1172490.0,20240719
124560,3495,3505,3445,3460,122919,425241265,-1.0,132921380640,3877040.0,2719385.0,20240719
191420,19030,19390,18760,19030,8321,157706350,0.0,154311111020,2799270.0,,20240719
073640,0,0,0,654,0,0,0.0,62514162216,,,20240719
066700,3905,3950,3865,3875,22915,89244655,-1.52,125838435625,3956890.0,-17745.0,20240719
095610,22100,22500,21900,22000,150612,3331106950,-1.35,434900972000,-710749350.0,18105350.0,20240719
064520,3310,3325,3200,3260,32025,104131380,-1.95,72864462120,1416655.0,,20240719
089030,54000,55100,51600,52500,1635073,85971463825,-1.87,1961066362500,-7991956100.0,-17000775825.0,20240719
054450,18750,18950,18210,18610,182738,3389100330,-2.36,281834176130,966775850.0,-92596640.0,20240719
200230,702,716,698,704,102021,71695163,0.28,84656165440,1415287.0,-14290586.0,20240719
393210,8280,8550,8100,8410,163205,1362036560,1.45,131318315040,34129880.0,-10479700.0,20240719
215480,3195,3195,3120,3190,14684,46311370,-0.16,29986000000,619845.0,14397940.0,20240719
051360,19660,20500,19660,20300,45799,925501790,2.27,328191277400,-231130180.0,-1417390.0,20240719
045340,5020,5070,4900,5070,25421,126317370,1.0,43389262800,2536690.0,,20240719
108230,7450,7450,7320,7370,42570,313026620,-0.41,280231315650,-27731930.0,-29480.0,20240719
079970,199,218,196,203,3664029,741957836,3.57,18859715609,-3428334.0,872230.0,20240719
199800,73800,75700,72600,73900,31271,2297171600,0.14,586836796200,-241047500.0,-31809500.0,20240719
417790,9690,9750,9590,9690,11200,108228940,0.0,106586608500,-3106580.0,,20240719
290090,9190,9200,9050,9170,3478,31670780,-0.33,68117217560,353680.0,0.0,20240719
026150,6980,7090,6970,7000,41259,289029410,-0.57,122824317000,-63026700.0,41430.0,20240719
322180,6270,6630,6190,6550,208828,1350308500,4.8,108202561250,118743460.0,,20240719
117730,11120,11450,11070,11280,81440,919294080,0.89,201202036800,35404850.0,-1476000.0,20240719
033830,811,811,804,808,50791,40968709,-0.25,80800000000,,814696.0,20240719
057680,1055,1179,1055,1068,826934,918773944,-0.37,76093399068,-56182771.0,40576.0,20240719
204610,1213,1230,1191,1201,324726,392182391,-1.07,76589835720,-63393902.0,13241744.0,20240719
064760,120600,123500,118200,119900,37046,4471702300,-1.24,1399832500000,-800262900.0,228023400.0,20240719
246710,6050,6600,5940,6520,51797,324616150,7.77,140485318560,70308920.0,13106740.0,20240719
340570,62100,63300,60400,62600,60049,3723861000,0.97,508812800000,-167054700.0,-220004000.0,20240719
043220,532,540,522,524,258956,137273125,-1.5,73493966888,-2490570.0,-7573.0,20240719
277880,6790,6930,6790,6930,25563,175067050,1.17,139714565760,31536210.0,,20240719
131290,46950,48500,46200,48000,102570,4901101850,1.91,530948592000,-962588800.0,1210907200.0,20240719
425420,25400,26600,25400,26250,18829,491263000,1.55,298751250000,25628800.0,-6477600.0,20240719
131100,1654,1700,1647,1663,44060,72913416,0.48,46644243076,-11020671.0,1992538.0,20240719
356860,19610,19890,19120,19300,156098,3023190590,-2.67,189769759000,-197802240.0,-75384290.0,20240719
062860,0,0,0,5800,0,0,0.0,57261776000,,,20240719
321550,5860,6110,5770,6110,70353,418816600,4.27,159015762230,35269040.0,,20240719
425040,14580,14920,14460,14740,55698,817133400,0.27,313942277880,96792090.0,-241181410.0,20240719
241790,9030,9250,8950,9250,31861,288634810,2.32,92524364500,29555400.0,-30848860.0,20240719
104480,1621,1640,1604,1617,191033,307303493,-0.61,146977916778,7968039.0,-96915822.0,20240719
081150,3005,3025,2925,2945,181190,537236810,-2.81,71470443890,-70747035.0,,20240719
130740,2105,2105,2050,2050,23933,49610040,-2.61,23117191950,-3145420.0,,20240719
084730,13610,13610,13200,13380,29834,398486980,-1.11,148644093120,-81424700.0,-10321340.0,20240719
440110,18140,18140,17810,17910,101098,1812378740,-1.32,880979646600,-246591100.0,662320.0,20240719
033540,1899,1900,1847,1888,92055,171581102,-0.58,71274006944,-25667217.0,,20240719
388870,12480,12750,12210,12650,71989,901423560,1.36,163424869300,33880680.0,-7020920.0,20240719
043200,599,604,594,598,23069,13807832,-0.5,24998980370,-402332.0,,20240719
214450,143100,143500,140300,141300,58540,8297960500,-1.67,1476979227000,-1275162100.0,-849961000.0,20240719
208340,0,0,0,2915,0,0,0.0,107400187125,,,20240719
177830,3445,3550,3435,3545,60109,209425935,1.87,50653629385,28583195.0,0.0,20240719
037070,9670,9670,9350,9380,106014,998673570,-2.29,187600000000,10729290.0,6830.0,20240719
150900,5830,5930,5730,5830,12513,72747390,-0.85,68073540260,-15038050.0,1380750.0,20240719
037030,2660,2690,2630,2690,35791,94845565,0.56,55439291380,6999235.0,,20240719
047310,6350,6500,6270,6430,117156,745194050,0.47,235407154650,76279410.0,50.0,20240719
368770,3855,3930,3845,3920,97858,380404680,0.77,128788562000,-19095910.0,,20240719
170790,9880,9900,9700,9800,6959,67919460,-0.91,67192034000,-5198980.0,-7183950.0,20240719
049120,1359,1381,1333,1374,29761,40719514,1.1,59792362122,2482039.0,,20240719
038950,4355,4490,4345,4390,13746,60302335,-0.11,44825258350,79790.0,0.0,20240719
441270,8990,9100,8900,9010,235479,2121162740,0.45,333260988010,-52182470.0,74885990.0,20240719
106240,1223,1231,1210,1229,75453,92477188,0.49,19569437053,-1192688.0,5.0,20240719
131760,875,883,864,881,112038,97597486,-0.23,38263224623,5012221.0,14093130.0,20240719
065690,1032,1043,1030,1040,15329,15826381,0.78,14611304240,282636.0,,20240719
140860,159700,166800,158900,163700,20086,3282326300,1.74,1142717508300,228772300.0,-92606000.0,20240719
091700,7670,7680,7620,7680,101473,776244630,-0.13,452491883520,-211079530.0,-76412950.0,20240719
032800,187,187,185,185,833096,154589387,-1.07,42510279390,-3830086.0,,20240719
318010,6000,6010,5930,5990,1199,7128050,-0.33,47496734620,,-173050.0,20240719
027710,1509,1526,1509,1514,150235,227719694,0.0,168684732400,-15896018.0,2254102.0,20240719
225590,975,975,963,971,14602,14145624,-0.41,25864248323,-335870.0,986.0,20240719
054300,576,579,567,574,43677,24969807,-0.35,38449903730,-714866.0,-1144185.0,20240719
068050,2480,2495,2380,2405,169736,408681405,-3.02,66604252780,21445420.0,1523360.0,20240719
222110,4890,4985,4790,4865,5172,25088945,-0.61,55532432795,1014265.0,9198885.0,20240719
271830,2755,2755,2680,2725,68771,186006435,-1.27,80360800450,-6805785.0,,20240719
263750,45000,46150,45000,46050,135285,6186545700,1.88,2958613722750,1024163400.0,-850572650.0,20240719
251970,43600,43950,42200,43400,80492,3467454400,0.35,538160000000,182735950.0,53930750.0,20240719
168360,5560,5620,5450,5620,93378,517791580,0.9,119640156080,-39162850.0,-8898410.0,20240719
087010,61400,82900,61400,81000,5539169,410827872500,26.56,1673245350000,16126044400.0,6830932500.0,20240719
064800,2805,2865,2550,2840,482134,1326179555,1.43,362972726320,35470880.0,128015.0,20240719
119500,3285,3290,3200,3240,58968,190251925,-1.37,38385031680,24050915.0,16095.0,20240719
389140,7800,8110,7720,7970,65949,522805740,2.05,88568497950,-15733890.0,-2583120.0,20240719
105760,8880,8980,8800,8890,58530,519598290,0.11,83170261650,-9991530.0,15095250.0,20240719
009520,19570,19720,19360,19630,200137,3907206200,0.31,817446259890,-272951790.0,-89184110.0,20240719
189690,2515,2560,2500,2545,74447,188727245,0.59,69534411105,37277930.0,-14026320.0,20240719
318020,4800,4845,4730,4750,12799,61086680,-1.96,60145792000,-8571845.0,,20240719
256630,1230,1230,1191,1217,41355,49753133,-1.06,70582436624,-777719.0,-9376468.0,20240719
331380,4305,4340,3965,4325,563264,2383000030,0.7,82385117150,-12361295.0,-23603930.0,20240719
472850,5620,5740,5550,5630,49387,278304660,-0.88,182096342790,-2400000.0,,20240719
039980,2885,3000,2785,2875,3627246,10569903505,-0.86,206072113875,37912130.0,-6895855.0,20240719
041910,7550,7610,7430,7550,40712,305496030,-0.26,95871885650,-17271090.0,-38420.0,20240719
234100,1652,1685,1652,1659,57951,96272921,0.18,90157107432,-1369659.0,-14869535.0,20240719
041020,7210,7290,7110,7140,480945,3454511080,-0.7,355040055720,105896950.0,1198660.0,20240719
114630,630,632,623,628,87867,54970318,-0.32,48831740144,-10205524.0,,20240719
290720,3650,3755,3420,3485,217236,769426135,-5.3,46709657130,-210196630.0,-2055740.0,20240719
005670,5550,5650,5470,5590,16330,90767250,0.0,55900000000,-793490.0,-457160.0,20240719
094940,7230,7660,7230,7570,156411,1173567590,3.7,63295692020,46980740.0,7570.0,20240719
057880,0,0,0,8790,0,0,0.0,216061434720,,,20240719
007330,8750,8810,8670,8680,25289,220035840,-1.03,130918704000,-1714700.0,,20240719
093380,3550,3585,3515,3585,5319,18867365,0.0,35417337105,-2782130.0,168575.0,20240719
023900,12000,12100,11860,11950,24276,289386250,-0.58,150570000000,-88934370.0,-6591780.0,20240719
371950,12920,13370,12750,13000,92260,1213279260,0.23,273526344000,-260250300.0,127189000.0,20240719
370090,19910,20200,19900,20050,18914,378348040,0.0,164045691500,-16594140.0,-41004600.0,20240719
445180,9250,9330,9090,9260,82128,754552740,-0.11,155282680880,57718630.0,-16500390.0,20240719
151910,0,0,0,640,0,0,0.0,121645902080,,,20240719
220100,21200,24650,21200,24650,1876886,43734913150,13.33,544818120750,1212684100.0,1424438550.0,20240719
035200,3005,3010,2970,3005,32902,98421290,0.0,29240422950,17799640.0,71560.0,20240719
334970,4800,5080,4730,5020,947095,4682869790,4.58,308737374380,639044265.0,226838105.0,20240719
321260,2620,2755,2600,2710,805144,2179254745,3.44,76400547640,279213650.0,,20240719
053610,25400,26850,25200,26700,39918,1041244200,4.71,293700000000,-1940100.0,-34457200.0,20240719
303360,3255,3255,3100,3250,15716,49414765,-0.15,41850948750,656535.0,-6324360.0,20240719
377220,1784,1839,1784,1839,27677,50103708,2.11,52062090000,-4546853.0,1808.0,20240719
335810,4320,4470,4225,4310,9362,40136770,-0.23,50058607060,-9917330.0,-2691350.0,20240719
053160,9770,9950,9370,9480,66709,637055480,-3.56,56880000000,-36830020.0,-5840870.0,20240719
405000,3860,3860,2815,2840,5368375,17864734960,-4.38,57466454280,-488181255.0,0.0,20240719
041590,0,0,0,789,0,0,0.0,103917099150,,,20240719
367000,5830,5910,5740,5910,10449,60728440,1.03,49574303370,418670.0,4311140.0,20240719
075130,2205,2215,2190,2215,15010,33053660,-0.23,36818438800,-2547185.0,-5234975.0,20240719
237820,5820,5890,5740,5820,151706,880200310,-2.35,74653954800,64399000.0,-553130.0,20240719
023770,6410,6480,6370,6460,14507,93289490,0.78,56633657200,-5454750.0,2179570.0,20240719
019570,489,502,480,488,109966,53154080,-0.61,25605379520,-1423559.0,-86809.0,20240719
300080,22550,23550,22550,23550,14093,322986950,4.43,129567790350,67673200.0,1033950.0,20240719
032580,1389,1404,1378,1397,152804,212254647,0.58,46285493408,10922076.0,,20240719
051380,3400,3400,3225,3270,75725,249630570,-3.25,50162035440,-10310875.0,35.0,20240719
241820,958,978,955,956,50421,48466968,-1.14,54182867840,-4993953.0,,20240719
237750,6030,6120,5850,5960,197358,1174576670,-3.09,38719736000,114279800.0,909380.0,20240719
319660,32550,33150,32050,32300,233950,7609913150,-1.22,935624862200,-1940819800.0,116654600.0,20240719
031980,60700,65000,59800,64000,428200,27158539600,4.75,1379993280000,-1651089600.0,4918011700.0,20240719
002230,4040,4040,4000,4015,2719,10891890,-0.12,77773252095,0.0,,20240719
043370,11490,11490,11270,11440,142474,1618377800,-0.17,240240000000,26105440.0,-88946720.0,20240719
239890,16500,16620,16060,16120,46890,757138300,-3.18,160164370600,-22490900.0,-152848600.0,20240719
347740,2935,2935,2885,2890,71760,208266265,-1.53,86730564640,7132395.0,,20240719
137400,54200,54900,53300,54100,302144,16309745000,-0.37,1284500952600,-389457600.0,-1975538200.0,20240719
257370,0,0,0,9210,0,0,0.0,115169769810,,,20240719
147760,4720,4725,4610,4640,27482,127973275,-1.8,50204178240,-4512295.0,,20240719
128660,3615,3690,3555,3620,92180,332955680,-0.69,89788195780,-64249575.0,-282475.0,20240719
006140,6630,6630,6310,6310,67529,435663450,-4.97,94650000000,-11343310.0,,20240719
376180,4060,4065,3855,3920,1065748,4192228745,-1.75,72486201760,110350660.0,5033565.0,20240719
304840,3805,4400,3725,4400,1915918,7888456675,13.55,92793641600,-17920765.0,367816045.0,20240719
062970,2995,3260,2995,3065,336733,1054618595,2.34,30246673585,33734820.0,12680.0,20240719
087600,8770,8990,8760,8990,6606,58458500,1.81,73417356420,3034180.0,,20240719
291810,2530,2545,2505,2520,8334,21095295,-0.4,28586658240,6560.0,,20240719
378340,18140,19270,18090,19050,247889,4619533410,5.02,404762627100,142908380.0,72240740.0,20240719
161580,19190,19750,18450,19690,662531,12670187120,1.65,449110706440,776795270.0,16725610.0,20240719
347770,2880,2975,2865,2960,46689,135699385,2.07,67656844320,2690100.0,0.0,20240719
163730,7400,7410,7280,7370,14621,107221180,0.82,68987680960,-17258440.0,120.0,20240719
417180,2825,2825,2745,2770,45916,127044920,-1.95,46368151850,-19203835.0,,20240719
446750,2190,2205,2180,2205,8671,19035965,-0.23,13296150000,0.0,993730.0,20240719
448370,2155,2175,2155,2160,5437,11795295,0.47,12139200000,0.0,4402275.0,20240719
454750,2150,2170,2150,2165,12880,27835945,0.7,15592330000,-94650.0,8017800.0,20240719
454640,2165,2175,2160,2175,2447,5311930,1.87,11747175000,232725.0,4808660.0,20240719
469880,2105,2105,2090,2095,32148,67547355,0.0,15303975000,-75565.0,22886660.0,20240719
469900,2130,2140,2120,2125,4624,9839565,-0.23,11910625000,-2130.0,7774500.0,20240719
475240,2235,2235,2220,2230,7160,15909285,-0.22,7136000000,,,20240719
475250,2185,2185,2165,2185,8943,19381810,0.0,8084500000,-2180.0,5425000.0,20240719
406760,0,0,0,2135,0,0,0.0,15820350000,,,20240719
418170,0,0,0,2380,0,0,0.0,14303800000,,,20240719
430230,2380,2460,2320,2370,94914,224296490,-1.25,18969480000,5532135.0,-24446615.0,20240719
435620,10030,10030,10000,10020,16339,163415490,0.2,43106040000,-13530000.0,48909530.0,20240719
299030,30800,31550,30500,31550,56577,1748527350,1.77,257782209150,62608400.0,-28549000.0,20240719
067310,20100,20500,19940,20400,258695,5238048140,1.75,1064257290000,906337030.0,-101032650.0,20240719
166090,53700,55200,53100,53700,77822,4218432100,-0.56,1062061093800,-117343500.0,-309861500.0,20240719
136480,3070,3105,3045,3080,516440,1587391535,-0.48,327125882160,-157073615.0,322145.0,20240719
003380,5900,5950,5820,5840,165446,968654040,-1.85,654112826640,-349559460.0,-64796510.0,20240719
450330,12350,12750,12070,12230,357824,4395150010,-1.61,95834390070,35493940.0,-9471910.0,20240719
101670,3900,4040,3840,3940,591762,2317594560,2.07,201280140200,36407260.0,,20240719
365590,1130,1180,1130,1141,146116,168039974,-0.09,164814379569,-11476907.0,,20240719
149980,9100,9440,9080,9370,185369,1713979250,1.96,174201071310,49267960.0,-8628920.0,20240719
013030,27450,27450,26450,26650,53658,1433985150,-2.74,342613732500,-614526800.0,5947900.0,20240719
126700,22300,22750,21950,22550,94517,2118325200,1.12,336944625600,185387950.0,133584100.0,20240719
106080,6020,6030,5920,5990,11045,66057450,-0.5,93399721920,-19608100.0,,20240719
400840,2105,2105,2105,2105,34327,72258335,0.0,10777600000,,2067110.0,20240719
450050,2200,2200,2195,2200,5921,13004350,0.23,11030800000,-160600.0,-1446050.0,20240719
160190,8630,11110,8450,9940,6147195,62522802370,16.26,307026720000,-349783840.0,-14941010.0,20240719
221840,2230,2260,2175,2215,13351,29357920,-1.56,41421742615,-195175.0,0.0,20240719
106190,17630,17930,17040,17240,35146,604737480,-2.27,183315902520,-34490950.0,42795230.0,20240719
065650,1487,1518,1438,1465,1121253,1653162405,1.31,153647138745,192283484.0,,20240719
066130,4890,4950,4780,4850,18502,89506630,-0.82,62080000000,4467305.0,14734945.0,20240719
004590,3995,4000,3955,3975,8125,32304455,-0.5,59625000000,-4437180.0,467675.0,20240719
039340,5680,5750,5550,5730,29786,168131670,0.7,131790000000,-5660000.0,28279300.0,20240719
034950,87800,87800,85600,86000,1206,103651500,0.23,390484204000,-8089200.0,-4460200.0,20240719
222980,4145,4185,4130,4140,14672,60947095,-0.24,45670339620,-4535865.0,8380.0,20240719
256840,5830,6350,5750,6190,3295947,20251880790,4.92,420378022170,80957070.0,-7298660.0,20240719
219750,0,0,0,967,0,0,0.0,63267797795,,,20240719
025550,3415,3425,3375,3395,39699,134695985,-0.59,79103500000,-23682995.0,,20240719
017890,10350,10350,10160,10310,37387,382248830,-0.39,222755385600,6792090.0,-16759450.0,20240719
080720,5010,5010,4880,4890,3282,16143670,-2.2,38693728920,-3588735.0,,20240719
063570,5080,5100,5020,5070,38263,193156150,-0.2,173128980960,-41135580.0,25288790.0,20240719
041460,3885,4040,3885,3995,29182,115530880,1.91,75905000000,-17194410.0,30.0,20240719
101680,2400,2420,2325,2420,8568,20512380,0.83,20337680000,-8984995.0,,20240719
039740,2880,2880,2840,2850,8153,23263540,-1.04,22852431450,-1268890.0,,20240719
053300,4240,4245,4155,4245,62573,262426550,0.0,180163577445,-40052080.0,6332265.0,20240719
025770,8380,8470,8380,8400,8261,69460040,-0.71,314531876400,6567280.0,-1360830.0,20240719
436610,3390,3390,3250,3330,145442,479814645,-2.2,20046600000,-12312630.0,0.0,20240719
458610,2270,2300,2260,2295,2553,5840885,0.0,9707850000,-21005.0,,20240719
464440,2190,2200,2185,2200,1647,3609470,0.46,9504000000,-245840.0,2868990.0,20240719
477530,2150,2165,2145,2150,46224,99531650,-0.46,10341500000,,29325580.0,20240719
479880,2065,2075,2060,2070,53533,110730145,0.24,14220900000,,59120935.0,20240719
023760,600,603,599,600,67931,40721304,0.17,189365745600,-2507668.0,-563460.0,20240719
054040,5310,5390,5280,5360,43432,231333260,0.37,86142114400,-77765290.0,106154990.0,20240719
021650,2430,2445,2410,2440,17686,42828535,0.41,39895373720,803040.0,1370680.0,20240719
053590,0,0,0,334,0,0,0.0,52484809098,,,20240719
032300,17580,17760,17420,17450,26131,457005600,-1.69,190321932450,-154741550.0,-7999840.0,20240719
037230,2000,2025,2000,2020,14356,28894720,1.0,60196660540,3590.0,0.0,20240719
030520,20550,20550,20100,20100,247428,4999571900,-3.13,486012854400,-151111150.0,-852542350.0,20240719
052600,4380,4390,4200,4265,78476,336492700,1.55,49319180500,-39156880.0,16900.0,20240719
256150,7150,7150,7030,7140,10397,73860950,-0.14,59940300000,-6516190.0,26182840.0,20240719
092460,7290,7330,7050,7120,40048,286350430,-3.26,121820921600,-63407390.0,,20240719
452190,4455,4525,4430,4525,102375,457178785,1.57,104064850425,12813115.0,,20240719
047080,1484,1484,1463,1468,52740,77524651,-1.08,36439227416,2731391.0,,20240719
452280,11130,11540,10580,10580,1149126,12715934250,-5.79,179886450000,-394350180.0,12952010.0,20240719
066980,2110,2125,2060,2120,147713,309946515,-0.47,110102465000,97798760.0,,20240719
114810,11340,12250,10970,11880,1491970,17536068130,11.03,345864507120,979605970.0,1195457510.0,20240719
070590,1371,1371,1336,1345,13597,18503860,-1.9,18667955745,-589196.0,,20240719
226440,0,0,0,1530,0,0,0.0,100580954580,,,20240719
042520,11360,11360,11060,11210,16748,186828270,0.99,151630574070,50878950.0,-100890.0,20240719
430690,5770,5800,5600,5800,76799,447135930,0.69,63192896600,70238890.0,695180.0,20240719
078350,19260,19760,19030,19750,132007,2563602220,1.54,301076544500,77177330.0,-67155380.0,20240719
045100,18590,18770,18420,18600,35923,666903470,0.38,334800000000,46894480.0,94076180.0,20240719
320000,4220,4480,4120,4410,468421,2031344805,5.63,119948242680,407436180.0,,20240719
091440,8480,9150,8360,9020,49943,438597960,5.37,131752172420,29460710.0,-428500.0,20240719
024740,2185,2210,2155,2160,223307,484283875,0.0,68110299360,3869745.0,,20240719
005860,4625,4700,4585,4605,370390,1716732595,-0.43,181453969425,-367447855.0,,20240719
007770,12930,13160,12810,12920,5224,67553240,-0.69,45349200000,5908850.0,,20240719
198940,1221,1249,1207,1247,581262,716382534,1.96,48536953566,23967321.0,-4921247.0,20240719
058450,3730,3855,3610,3735,24848,91456895,0.13,46436474385,-20562065.0,,20240719
107640,37400,40750,36150,39500,899698,35251327450,3.4,345682117000,517032200.0,2751876650.0,20240719
079170,6780,6920,6730,6860,3536,24034720,1.18,35672000000,-1027730.0,,20240719
054920,2700,2760,2660,2735,27970,76165215,1.48,77173716535,-25208215.0,-27090.0,20240719
002680,814,835,804,815,62198,50520684,0.12,26338191185,8707490.0,,20240719
430460,0,0,0,2215,0,0,0.0,13112800000,,,20240719
455310,2195,2195,2175,2175,3756,8197970,0.23,11005500000,,10975.0,20240719
034810,7980,8020,7890,7950,24808,196772770,-0.63,258827013150,18244080.0,0.0,20240719
03481K,8700,8700,8500,8620,1541,13194980,-0.35,11972507640,301590.0,,20240719
059270,13030,13490,11880,12200,542986,6820927860,-8.82,135917747800,-355416580.0,,20240719
076610,1424,1487,1422,1461,176839,257457822,2.6,37187122278,28225555.0,-3391835.0,20240719
220180,3800,3800,3665,3730,27484,101743475,-1.06,72391840000,-6597550.0,,20240719
900270,283,283,273,275,746033,205907502,-2.48,41877642400,-55101917.0,,20240719
214180,13480,13480,13300,13440,17057,228150330,-0.07,178176566400,77293760.0,-4407020.0,20240719
234340,19460,19460,18880,19160,62600,1190571920,-2.1,181119480000,-30915490.0,1176490.0,20240719
084990,3375,3410,3345,3385,47786,161190880,-0.73,156024117845,17486225.0,584145.0,20240719
170030,6870,6960,6450,6750,128356,867919410,-1.75,103545000000,-11014270.0,70.0,20240719
319400,3060,3060,2995,3040,270391,817444415,-0.65,357829471520,-182672115.0,49730.0,20240719
048410,17860,17890,17470,17480,135788,2389339230,-2.24,696081707840,-578393740.0,-154961620.0,20240719
052260,4550,4600,4500,4570,43704,198172710,-0.44,137100000000,-50014060.0,308900.0,20240719
016790,0,0,0,994,0,0,0.0,187340898626,,,20240719
041440,6920,6940,6770,6910,219014,1502258780,-1.29,123799173040,-186762580.0,60.0,20240719
039010,6400,6500,6300,6360,33457,212204780,-0.16,54855000000,3866490.0,62580.0,20240719
090850,5870,5870,5740,5850,45292,261723250,-0.34,138916211850,-36398840.0,10514190.0,20240719
460930,15540,15550,14750,14800,392893,5891227880,-4.52,522053290800,-587210810.0,41487620.0,20240719
092300,3615,3615,3570,3605,37826,135820070,0.56,67315501680,-9341695.0,,20240719
138360,919,948,915,917,70040,64658491,-0.22,31739189328,-1816295.0,,20240719
011080,653,653,643,643,42588,27588746,-1.53,16398663052,-2570131.0,-3314116.0,20240719
060560,1074,1075,1067,1075,68202,73073091,0.19,137244739375,-2146000.0,1444665.0,20240719
064240,3290,3315,3150,3155,111640,358679965,-4.97,110544927860,-1638750.0,140345.0,20240719
039610,9640,10570,9110,9280,18718355,187201178100,1.09,96608512000,980977980.0,259285420.0,20240719
126640,1425,1430,1415,1423,20432,29034212,-0.56,51760041201,-2441163.0,,20240719
127980,7650,7730,7600,7700,22399,171782550,0.39,91173266800,13862280.0,-299590.0,20240719
061250,1447,1606,1443,1508,12862587,19429757598,5.97,115931499216,-239063756.0,,20240719
097870,7110,7170,7040,7110,32056,227703120,-0.14,60363900000,-6224670.0,30.0,20240719
290270,3790,3815,3750,3790,5316,20010685,0.0,36413076880,-2798840.0,-5514865.0,20240719
353190,1115,1158,1105,1128,364621,410635452,1.17,44418857760,57663058.0,-2519396.0,20240719
192410,25400,26150,23550,24000,40949,1003532650,-7.34,66946152000,-80189300.0,393300.0,20240719
090710,2410,2420,2310,2370,658924,1562138530,-0.84,167782476780,71905400.0,,20240719
078590,788,793,783,789,89487,70556935,0.0,42771957471,473659.0,-22081.0,20240719
205470,1530,1566,1512,1534,311519,474112051,-0.39,198461263806,3364421.0,-6145036.0,20240719
115160,1998,2020,1992,1993,53542,107007298,-1.09,87632457132,-23351031.0,-1993.0,20240719
028080,2920,2990,2910,2970,15827,46725240,1.19,37355192820,3300450.0,,20240719
175140,5980,6960,5900,6710,738108,4852276790,12.21,144367609320,376578510.0,336991120.0,20240719
200670,33550,34000,33300,33950,30549,1030316800,1.8,381256123500,174621850.0,46133850.0,20240719
065510,12770,12830,12500,12770,27702,350090730,0.08,155275167670,-35632930.0,-10418380.0,20240719
215090,0,0,0,1505,0,0,0.0,132980225770,,,20240719
263920,1102,1119,1098,1119,13785,15298930,1.54,54881504946,-2712301.0,,20240719
243070,32250,32400,32050,32150,9349,300936000,-0.77,385146229750,-36228450.0,21717000.0,20240719
084110,24700,24900,24500,24850,15865,391816250,-0.4,313644076200,20262500.0,37072300.0,20240719
145020,219000,224500,217000,223500,35795,7923013500,2.05,2817001375500,-576956500.0,-495573000.0,20240719
024060,13980,14300,13710,13770,397532,5561490400,-1.57,206550000000,-110089540.0,-562372910.0,20240719
010240,5380,5450,5370,5410,2986,16122690,0.19,66665785360,86110.0,956090.0,20240719
189980,2130,2145,2090,2110,116959,246791700,-1.63,84690814970,10722905.0,,20240719
037440,6200,6250,6030,6080,102346,625088410,-3.18,84648648000,-75394040.0,0.0,20240719
238490,5560,5610,5510,5610,8044,44590520,0.9,63461643960,-4912750.0,106700.0,20240719
