code,open,high,low,close,volume,거래대금,등락률,시가총액,foreign_net,inst_net,date
060310,1781,1850,1773,1819,408955,738046672,2.19,96514393760,73303401.0,0.0,20250915
054620,4715,4815,4590,4650,22393,103555815,-1.38,92508127650,-7148850.0,,20250915
265520,18500,18740,18135,18430,130224,2397507650,0.93,277386631030,-138403660.0,-58044120.0,20250915
211270,12520,12520,12270,12270,22320,275642110,-1.45,185059870080,-36345850.0,-8777380.0,20250915
109960,371,382,367,377,597289,223033298,1.62,83237554413,29898964.0,,20250915
139050,0,0,0,2805,0,0,0.0,24247965555,,,20250915
126600,2965,3000,2940,2990,69530,206714425,1.18,187673028010,-25749415.0,-31370.0,20250915
083790,1808,1808,1741,1800,125071,221939373,-0.44,138409527600,-39069296.0,,20250915
035760,74300,75900,74100,74700,51157,3820392850,-0.4,1638107803800,922840700.0,-1028613150.0,20250915
311690,10060,10280,10050,10210,16624,168176835,1.49,133398367020,-4396480.0,-1050.0,20250915
051500,28650,29100,28000,28900,23870,690309400,1.4,343088835400,216056000.0,133837950.0,20250915
058820,1925,1935,1912,1912,274824,527722283,-0.93,282354923128,61696483.0,-53196.0,20250915
056730,747,755,736,754,32532,24214790,-0.13,55879834244,-144045.0,-44317.0,20250915
065770,992,998,980,987,48802,48258373,-0.5,19158785310,-13500391.0,0.0,20250915
083660,733,740,722,724,595533,434516907,-1.23,44342959044,-155206832.0,,20250915
477760,2080,2085,2080,2085,656,1366020,0.48,12176400000,0.0,0.0,20250915
099520,0,0,0,1284,0,0,0.0,58141862016,,,20250915
060900,1050,1062,1026,1043,16610,17275258,-0.67,27247362247,-1933439.0,,20250915
290120,2425,2475,2365,2470,19715,47781185,0.82,39085895030,-3965830.0,,20250915
025440,798,803,783,786,40484,31969511,-1.13,38342042064,-12564676.0,,20250915
068790,0,0,0,6330,0,0,0.0,149939488590,,,20250915
241520,7300,7380,7150,7280,409123,2974916665,-2.15,196560000000,-372385845.0,7280000.0,20250915
180400,2420,2435,2315,2345,334427,790161600,-3.1,115419568040,-100825280.0,,20250915
418620,3785,3845,3700,3765,55134,208093417,-0.53,48382045905,-35241751.0,,20250915
245620,0,0,0,415,0,0,0.0,57474989665,,,20250915
037370,5700,5700,5500,5620,12793,71697820,0.36,48472342640,-5730210.0,658780.0,20250915
050120,2855,2875,2705,2815,12628,35016160,-2.09,38182902090,-1393090.0,,20250915
214270,2620,2650,2560,2560,342036,888919511,-1.73,111848855040,-6324948.0,-189775723.0,20250915
130500,2720,2740,2670,2720,23701,64111130,0.0,39562541440,-4284720.0,5.0,20250915
900290,3190,3190,3070,3080,170238,526833977,-0.96,249018000000,-26471031.0,787690.0,20250915
083450,22400,22650,21850,22600,407584,9095364500,5.12,416518000000,202533075.0,705993925.0,20250915
297890,2645,2645,2495,2535,1288183,3271496048,-1.36,185412216990,-1197110522.0,8278140.0,20250915
440290,2225,2245,2200,2230,139864,312257291,0.22,60448632300,-22377520.0,136296480.0,20250915
078150,2040,2050,1994,2030,545607,1101520072,0.74,188213309480,275260549.0,-2030.0,20250915
225530,3435,3465,3395,3410,16647,56744815,-0.58,123915059070,7246195.0,5.0,20250915
060560,745,745,730,731,40810,29844993,-0.54,93326422775,-5099386.0,,20250915
195940,45950,46200,45400,46200,132388,6066653375,0.0,1308840964200,1183474000.0,-665205550.0,20250915
028300,38600,39000,38200,38650,362624,13977763625,-1.02,5080119591700,1115148275.0,-2760032000.0,20250915
278650,1322,1358,1317,1353,129621,174107304,2.34,117718494267,38535507.0,-2.0,20250915
067630,3460,3485,3370,3445,441302,1506678638,-0.29,420004264810,-134842352.0,-1225675.0,20250915
024850,1750,2070,1750,1956,2678169,5189417043,14.59,282258864588,238218137.0,-266971.0,20250915
187420,3330,3330,3215,3290,38679,126347640,-1.2,95857051780,-32428675.0,-18915.0,20250915
047920,14240,14280,13880,14280,115378,1629649715,0.35,468374803680,-192501835.0,361365420.0,20250915
115450,3160,3410,3130,3380,772279,2575735708,5.96,285212048940,-572984855.0,706567270.0,20250915
046210,1747,1830,1747,1771,97688,174157574,2.37,79919417578,-24449484.0,-36680862.0,20250915
196300,7430,7450,7250,7360,8754,64247330,-0.94,68399409280,8301690.0,-178160.0,20250915
403870,31000,31750,29650,30450,2190901,67056769550,5.91,2542531395600,-3606519600.0,3523321025.0,20250915
036640,5460,5460,5390,5440,81163,439105485,-0.37,88970112000,-85507165.0,16260.0,20250915
442770,2150,2180,2110,2125,52538,112481630,-1.16,8946250000,-685270.0,12570740.0,20250915
448760,0,0,0,2275,0,0,0.0,10078250000,,,20250915
467930,2160,2165,2150,2155,22993,49570060,-0.46,9115650000,-2160.0,32057720.0,20250915
469480,2155,2160,2140,2160,5529,11859625,0.0,9136800000,55.0,8324775.0,20250915
095340,69900,70900,69500,70600,208818,14685961200,2.92,1496512294800,-2694835150.0,3893599000.0,20250915
950170,7290,7450,7240,7320,1628351,11911975625,0.14,378783267360,-10784688675.0,275828430.0,20250915
067290,1515,1527,1490,1503,116069,174055270,-0.92,80224317378,-14649878.0,,20250915
035900,75900,76600,75800,76100,206155,15678009500,-0.91,2704022641200,-963915250.0,-1169350300.0,20250915
318000,5100,5130,5050,5110,24089,122397275,0.2,44662539530,-6225000.0,,20250915
024840,1796,2185,1796,2070,31906483,66507510442,14.94,72262041930,-976595936.0,-2800.0,20250915
024120,3450,3505,3435,3465,10625,36730255,-0.29,39847500000,-8759495.0,-450.0,20250915
455250,2105,2105,2090,2105,158,331095,0.72,9062025000,-8380.0,0.0,20250915
464680,2050,2055,2045,2055,57000,116850275,0.49,26519775000,727805.0,-85202090.0,20250915
478390,2060,2070,2060,2065,1089,2248985,0.24,12844300000,-264320.0,0.0,20250915
486630,2025,2040,2025,2040,12625,25682705,0.49,10832400000,1379025.0,0.0,20250915
492220,2005,2030,2005,2020,25708,51840440,0.5,12544200000,2103235.0,12306220.0,20250915
0037T0,2005,2005,2000,2000,2284,4573048,0.0,12660000000,2890485.0,0.0,20250915
021320,5380,5390,5240,5320,16096,85461650,-0.37,113848000000,-1313390.0,0.0,20250915
044180,816,829,762,777,2314279,1820870784,-3.84,20759729823,-30278121.0,,20250915
046440,5260,5290,5220,5290,58140,305498605,0.57,201077142580,66799630.0,-100900.0,20250915
151860,6110,6260,6070,6170,138827,858771065,2.32,293710522340,114466525.0,-6633610.0,20250915
035600,10510,10520,10420,10460,53708,561761240,-0.29,288219379640,59125780.0,4177880.0,20250915
226360,0,0,0,2555,0,0,0.0,67617390260,,,20250915
111870,0,0,0,8910,0,0,0.0,62746456410,,,20250915
060720,13280,13470,13200,13230,224151,2983637600,-0.45,313252557660,2639150.0,73324155.0,20250915
058400,745,746,734,736,187412,138531151,-1.21,97468273920,,,20250915
101000,2145,2195,2000,2045,1309375,2639363488,-4.44,68398710090,101806453.0,-34920715.0,20250915
089600,14870,14890,14800,14870,9128,135577450,-0.07,172018583810,-74467540.0,-4833870.0,20250915
418470,14890,14890,14460,14550,23558,343024300,-1.62,124603129950,-79381980.0,-103061970.0,20250915
043610,2090,2115,2085,2100,45272,94769280,-0.24,122042419800,-7987160.0,0.0,20250915
122450,4035,4200,4035,4160,126161,521014007,3.1,186450509440,-5720970.0,657000.0,20250915
052900,921,925,915,922,129753,119402960,0.44,50809130674,2259777.0,615955.0,20250915
036560,16300,16300,15820,15950,9964,158795100,-0.62,251212500000,1772540.0,80060.0,20250915
061970,4395,4450,4250,4355,332127,1445754036,0.81,252951491130,37326520.0,47865.0,20250915
309960,5330,5390,5220,5350,82367,437389375,0.38,124212228650,140326220.0,,20250915
225190,1559,1560,1522,1530,176705,270731586,-1.42,77645113200,-89064226.0,,20250915
060370,23700,24950,23650,24950,448995,10992320725,4.61,1303359407300,84227250.0,-496688350.0,20250915
417200,10490,10570,10350,10440,235244,2463698625,0.19,706293759960,320096195.0,-95561635.0,20250915
078020,5630,5740,5530,5600,396050,2240408275,2.38,310694664000,60532525.0,223510.0,20250915
322180,5520,5930,5480,5670,428142,2434113545,3.47,118627649280,167614520.0,,20250915
476080,12830,12880,12600,12660,34719,440411820,-1.33,98558100000,-68153360.0,2507530.0,20250915
086960,1433,1440,1400,1429,794402,1127382845,-0.21,132642335052,38965784.0,5.0,20250915
160550,2590,2595,2515,2575,159473,407038686,-0.58,71858222950,20449129.0,,20250915
053290,2220,2240,2190,2210,20782,46052225,-0.45,36523138470,-75707.0,2220.0,20250915
060250,13920,14000,13620,13640,376052,5170556690,-3.26,547790734040,-757802100.0,65840470.0,20250915
104200,3280,3280,3205,3235,30300,97968240,-0.61,47967124250,-25133465.0,10.0,20250915
063570,4600,4600,4480,4570,94378,428911290,-0.11,156055116960,-18226360.0,694845.0,20250915
222160,0,0,0,8040,0,0,0.0,79551289560,,,20250915
024940,4565,4650,4510,4650,50616,231824334,3.1,46500000000,16042175.0,,20250915
332570,6250,6620,6000,6290,12101029,76787130170,3.97,273210842340,-1001066565.0,3209120.0,20250915
218410,31100,31150,29750,30250,258507,7846810400,-1.14,801729120500,535465275.0,-1021882650.0,20250915
327260,12580,12680,11600,12040,203180,2454755850,-5.12,101536101240,-31453785.0,145853030.0,20250915
474610,5040,5100,4900,4975,198482,984822930,-0.9,66803414450,-27768038.0,6552405.0,20250915
091340,2500,2500,2455,2465,31112,76814000,-1.4,28849672265,-1524625.0,,20250915
419530,53900,54000,52000,52700,124638,6534587750,-3.83,502300247800,594131150.0,-2477323200.0,20250915
019550,770,771,740,763,239992,181971201,-0.91,123656796725,-16921657.0,-2018.0,20250915
246960,2795,2955,2770,2870,175902,503271056,2.5,97500532570,30067235.0,-5340.0,20250915
099220,1303,1325,1285,1293,418051,544589515,0.23,83973044550,87165246.0,,20250915
036540,3630,3670,3540,3595,739373,2658808538,1.13,591234789285,157694651.0,52199555.0,20250915
255220,2255,2275,2205,2225,693821,1548178385,-1.33,219552751650,326287441.0,0.0,20250915
040610,1844,1845,1834,1844,16467,30284428,0.0,62856789424,-12476110.0,-893451.0,20250915
049470,3300,3490,3185,3200,2879271,9598467047,-3.18,188359196800,-502546171.0,25448619.0,20250915
184230,725,744,714,735,876859,643447962,3.23,62732721135,7798443.0,-545044.0,20250915
016250,14700,14700,14480,14540,4087,59291130,0.28,73237776440,199780.0,-7959100.0,20250915
357880,2415,2475,2350,2445,817206,1969819819,1.24,83706584790,141178872.0,,20250915
048550,1367,1370,1348,1348,270597,365974001,-1.32,130371307760,-171031386.0,5676434.0,20250915
063440,1648,1660,1612,1616,126081,205715824,0.12,74383112864,-595151.0,0.0,20250915
067160,78000,78500,77500,77900,26204,2041435050,-1.02,895442349300,185091850.0,-624372800.0,20250915
289080,1916,1919,1853,1887,385371,723237582,-1.72,102155103750,-93799836.0,0.0,20250915
013720,1039,1055,995,1006,295537,300079838,-3.18,61193111858,-24235638.0,,20250915
089230,1174,1208,1140,1148,37727,43787452,-2.21,28140870044,-7275093.0,,20250915
032540,6130,6130,5990,6030,3878,23383920,-0.5,84007602270,973820.0,80.0,20250915
048770,2050,2655,2040,2655,5842605,14679810561,29.83,41678166105,-4805934.0,-404905.0,20250915
246690,1494,1494,1410,1433,350386,500455511,-2.52,59437776246,24147813.0,,20250915
317240,214,214,209,213,1807753,381703252,-0.93,23643068160,-30659537.0,,20250915
057030,3350,3360,3325,3355,26004,86746960,0.15,54729098435,6303335.0,,20250915
040300,2800,2825,2765,2790,62208,173386540,-0.71,133018774200,-7489320.0,-97347785.0,20250915
051390,3920,3940,3920,3940,7154,28114290,0.51,44740149920,702760.0,186320.0,20250915
052220,3505,3520,3465,3485,153768,535725201,-0.43,80155000000,82408098.0,,20250915
079940,29500,29800,28750,29150,62124,1814844425,-0.68,394565188600,45355325.0,-7174300.0,20250915
078890,3585,3585,3350,3520,62358,219342535,-0.71,63524989440,-39409710.0,10.0,20250915
399720,50200,50200,48600,50000,95947,4752978325,2.35,580021000000,-589933425.0,125918925.0,20250915
036620,6640,6690,6110,6260,2584720,16400636285,-2.64,566553606460,-3675590815.0,-109721730.0,20250915
198440,1278,1343,1261,1298,284159,373028335,1.56,79089601008,-65437421.0,,20250915
217730,1515,1567,1476,1530,609351,920936374,0.92,143902847970,-78936606.0,,20250915
114190,11500,11540,11070,11160,253738,2848730245,-2.11,291533104080,239529940.0,-895730.0,20250915
094480,10890,11350,10730,11050,1185163,13097363385,2.89,433489709900,-450119070.0,122659400.0,20250915
039240,3160,3195,3080,3115,201698,627055011,-0.8,84041466460,-134531852.0,7153.0,20250915
053950,609,613,609,611,101657,62061542,0.0,47748035738,-5356009.0,,20250915
011040,5910,5990,5910,5940,22469,133367500,-0.17,182766470040,12175000.0,-32120.0,20250915
024910,1594,1600,1588,1594,37707,60012191,0.13,57095493970,-6700648.0,,20250915
049720,10400,10430,10280,10390,66909,693504580,-0.1,148577000000,138438215.0,348100.0,20250915
014570,4570,4635,4570,4610,9828,45412785,0.55,50710000000,-174400.0,,20250915
348150,5930,6140,5870,6140,464780,2803814935,3.54,119231978460,-383698570.0,-68799550.0,20250915
950190,9730,9800,9600,9760,18300,177199185,0.21,127046495840,24768855.0,-1083900.0,20250915
098460,15700,15830,15390,15630,775693,12079384985,0.32,1073073820650,-148680975.0,-812431975.0,20250915
035290,382,420,382,393,365599,147812983,2.61,18736856640,1333585.0,,20250915
215000,62300,62900,62300,62500,9851,615728850,-0.64,392213437500,-242823350.0,-154633950.0,20250915
121440,5530,5670,5530,5670,128447,723007690,2.53,242884758060,5465490.0,-1148940.0,20250915
366030,4350,4380,4325,4365,34523,149970800,0.34,98884055250,-24843090.0,,20250915
014200,0,0,0,6040,0,0,0.0,91311391200,,,20250915
029480,2850,2875,2750,2780,197487,554177280,-2.46,156516460300,-130624980.0,,20250915
026910,2795,2850,2795,2840,6714,18880834,1.61,18191350200,-254298.0,,20250915
456490,2165,2180,2165,2180,5385,11732620,0.0,9156000000,84625.0,0.0,20250915
465320,0,0,0,2335,0,0,0.0,8896350000,,,20250915
482520,2040,2045,2030,2040,841,1711407,0.25,12444000000,-61050.0,0.0,20250915
489210,2040,2050,2040,2050,7680,15679505,0.74,10619000000,0.0,-6110000.0,20250915
0041B0,2035,2040,2035,2040,19575,39853733,0.25,10281600000,1425960.0,0.0,20250915
053270,2235,2240,2190,2195,65997,145863312,-2.23,60165838975,-26427602.0,,20250915
066620,23000,23500,22400,22900,11648,265931075,-0.43,171750000000,91351400.0,-4806050.0,20250915
043650,4510,4590,4480,4560,70888,320818615,1.22,81433866240,5786420.0,20.0,20250915
006050,1311,1311,1287,1309,100091,129626069,0.0,45677873087,-10217535.0,,20250915
060480,1736,1765,1735,1757,18048,31502667,1.27,19485130000,1461591.0,,20250915
078130,467,481,463,478,1621447,766511849,2.14,538900006338,143792518.0,478.0,20250915
307750,3970,4105,3965,4080,253756,1029609185,2.9,203861810400,174907350.0,-68441445.0,20250915
035080,14500,14810,14500,14690,24964,366783720,1.17,200909224620,125460830.0,5317860.0,20250915
318060,9270,9350,9030,9050,261490,2382636165,-2.37,99900931850,-25840495.0,-8242020.0,20250915
453450,19380,19380,19000,19090,16302,311758750,-1.55,151627097500,-41376810.0,19150.0,20250915
204020,2500,2505,2430,2445,140470,344809680,-2.0,47557284240,-106098075.0,-2450.0,20250915
402490,9490,9500,9150,9220,214705,1989877325,-2.02,152672947360,-24708415.0,-9933220.0,20250915
114450,2745,2760,2670,2720,189578,511703155,-0.73,54400000000,-780710.0,-15.0,20250915
186230,6630,6900,6500,6550,58066,382600350,-1.21,71527231400,-22906160.0,20.0,20250915
900070,451,455,430,451,66976,29840174,0.0,24238529568,-544933.0,,20250915
204620,5750,5780,5560,5620,1839357,10340306710,-3.1,394992314600,-1500473925.0,49876560.0,20250915
019660,2965,2990,2915,2915,8935,26386690,-1.02,40647730695,-1368785.0,,20250915
053260,4600,4660,4495,4600,139728,637661256,-1.29,86112000000,115829336.0,15.0,20250915
282720,9360,9580,9240,9540,21600,202593370,1.17,115620030000,-27194060.0,419760.0,20250915
036190,32700,32750,32150,32650,16496,534407350,-0.15,195900000000,-109144750.0,128260050.0,20250915
049080,497,502,485,486,195627,96586305,0.21,41253306642,594176.0,,20250915
420770,32300,32900,31050,31200,58601,1863222175,-1.58,395483649600,-186813775.0,-55470900.0,20250915
035460,1805,1855,1805,1840,36727,67282914,0.82,26822305600,852356.0,,20250915
407400,6060,6080,5910,6000,84614,507736020,-0.99,88887204000,15977715.0,,20250915
187790,1835,1838,1783,1818,249030,447398125,-1.2,56068628940,-52559524.0,-36560184.0,20250915
121600,53700,54300,49900,50000,356282,18119207550,-6.54,610559550000,1290748100.0,-11055821850.0,20250915
286750,1531,1956,1531,1736,6903580,12964870111,15.35,47324547424,-412687584.0,,20250915
247660,5040,5110,4905,4920,17551,87394546,-2.38,21372086400,-1010635.0,,20250915
039860,3530,3620,3520,3535,132901,471298340,0.0,113509139870,61531668.0,-3555.0,20250915
091970,611,635,591,612,83882,51141847,0.16,22899505716,-2588517.0,,20250915
417010,4900,4985,4900,4920,22022,108910112,0.0,99249821760,6514813.0,,20250915
405920,2705,2705,2645,2655,16722,44624595,-1.85,34191291780,-13282150.0,,20250915
051490,4240,4240,4125,4170,40333,167648790,-0.6,59214000000,-15255880.0,-10.0,20250915
137080,3270,3290,3200,3270,13756,44314645,0.0,36164309940,-906540.0,10.0,20250915
190510,17330,17500,17120,17200,56621,975937395,-0.69,246559850000,158370185.0,-15619520.0,20250915
242040,1491,1512,1460,1462,817255,1208691116,-2.4,50594357968,-90133769.0,5898523.0,20250915
293580,1270,1281,1228,1251,519691,647967360,-1.5,118757367450,-184788642.0,84153.0,20250915
459510,26200,26600,24600,25300,2341565,60044950200,0.2,322589724600,-2355688450.0,1410849475.0,20250915
138610,25400,25400,24550,24900,62422,1554306950,-1.97,281569000800,121786675.0,24850.0,20250915
130580,5480,5740,5420,5640,16852,92027430,2.92,86856000000,5431690.0,1796840.0,20250915
036800,23300,23450,22800,23050,7460,172148150,-1.07,230500000000,20159350.0,-44295825.0,20250915
267320,3405,3655,3370,3480,5260404,18734393073,4.5,198721718160,3345297181.0,-330994235.0,20250915
111710,4790,4790,4775,4790,1456,6969955,0.0,98616520000,67055.0,,20250915
091590,4050,4075,3990,4030,7588,30446675,-0.49,47312200000,-5898070.0,,20250915
168330,2940,2940,2820,2865,67379,193174392,-0.69,90977788500,32917367.0,,20250915
094860,1012,1043,1010,1028,9430,9662406,0.69,24722956932,857817.0,,20250915
253590,9360,9450,9180,9410,457853,4275712080,2.39,412808833240,492351100.0,68868445.0,20250915
212560,5810,6150,5810,6080,109393,656907765,4.83,71818425280,-7271745.0,,20250915
095660,27450,29100,27450,29000,340959,9800100850,7.01,633847664000,3850455100.0,1886117700.0,20250915
042420,25900,26600,25650,25800,24595,639811600,1.78,221721226800,51775475.0,1334600.0,20250915
950220,888,888,861,863,568772,493589103,-2.82,85322622295,-78551047.0,-44676611.0,20250915
311390,9310,9530,9050,9100,170215,1568718040,-2.26,115149479900,-29879510.0,140.0,20250915
085910,3115,3180,3115,3170,22377,70576620,1.12,44173373060,233130.0,-15.0,20250915
092730,19510,19700,18850,19130,232815,4465360615,-1.95,306615429570,-97429920.0,-223495200.0,20250915
290660,1209,1246,1143,1164,145469,171320909,-3.72,58743771912,8132636.0,,20250915
306620,2205,2260,2175,2220,490727,1086005425,0.91,99931657200,-90645135.0,96270486.0,20250915
153460,7700,7780,7630,7670,1281,9868300,-0.39,50085207380,960640.0,,20250915
007390,25500,25550,23700,24250,869221,21422341875,-0.41,1562550108000,-5175036575.0,394605450.0,20250915
033640,13900,14270,13510,14210,240593,3353133200,5.34,327671260420,-272857620.0,216097750.0,20250915
330860,17250,17470,16800,17400,213757,3672212205,2.84,212002383000,264534790.0,-81028345.0,20250915
351320,1343,1343,1286,1312,139237,181807719,-2.31,37816762624,-39017922.0,,20250915
089140,2390,2415,2375,2395,26191,62639242,1.05,34574778035,847163.0,-700.0,20250915
389650,75100,77300,74100,76400,76861,5830265450,-0.26,620897910400,-28463800.0,155286050.0,20250915
137940,361,362,355,357,193204,68971557,-1.11,30476730144,-6447600.0,,20250915
396270,3320,3425,3220,3320,332625,1093395972,0.0,66062223200,-133432055.0,,20250915
348210,48000,48300,47350,48100,50702,2424712125,1.58,503943940500,-268572050.0,133794000.0,20250915
225570,14300,14650,14270,14620,245591,3565276075,2.02,962875743880,1167185300.0,779347615.0,20250915
205500,3150,3180,3050,3140,210669,652581862,-0.32,185743660480,30755218.0,-4088280.0,20250915
217270,6290,6360,6030,6300,47470,295202080,0.16,294434550900,-25945330.0,-2487760.0,20250915
104620,6460,6530,6280,6370,278099,1769208580,-0.93,105849442790,360843350.0,0.0,20250915
473980,32300,32300,31050,31650,88046,2760402875,-2.01,347558841300,321713125.0,93780025.0,20250915
194700,19850,20750,19650,20600,304780,6195861410,5.05,386349868800,1359611570.0,963889750.0,20250915
285490,19430,19430,18880,19070,32066,610049910,-0.88,201681097170,-17865840.0,95310.0,20250915
145170,4840,4850,4810,4835,12710,61436295,-0.1,81752138175,-19650425.0,,20250915
106520,0,0,0,411,0,0,0.0,15904036272,,,20250915
376930,2200,2215,2140,2145,577433,1276536913,0.23,79251443700,-68723332.0,-1674660.0,20250915
142280,4075,4180,4075,4150,113565,469673388,1.84,90228992900,63565643.0,,20250915
234690,10300,10340,10100,10250,81166,828728640,-0.87,181960829000,10355010.0,,20250915
054050,8760,8890,8550,8770,47189,413788350,0.11,140588019970,53851665.0,-280850.0,20250915
069140,2810,2835,2650,2665,392313,1067159499,-5.16,34918810095,-92002492.0,,20250915
040160,4500,4555,4075,4355,142474,624040345,-4.39,52501854925,-70798960.0,,20250915
332290,1232,1237,1200,1205,433802,524334746,-2.19,45397188075,78676628.0,-182695239.0,20250915
348340,27050,27450,26050,26750,188770,5037641925,4.09,303588077250,-440428950.0,189254750.0,20250915
380550,16000,16150,15030,15050,1142310,17521369285,-5.52,173889009350,-265272150.0,157031675.0,20250915
060260,1605,1627,1580,1598,46845,74548007,-0.44,21592190382,-14314772.0,,20250915
463020,28100,29250,26925,27150,593606,16741605850,-3.21,241070280000,-335296575.0,-685275.0,20250915
123840,1159,1194,1144,1176,43888,51390815,1.38,43693465032,-352665.0,,20250915
012340,491,505,491,500,75196,37563403,1.42,25803231000,2622708.0,-17904.0,20250915
462310,7420,7640,7240,7270,143178,1063773555,-1.36,57447540000,23308305.0,,20250915
270870,5380,5450,5340,5400,15669,84267170,0.37,49681209600,-5950370.0,,20250915
144960,5360,5450,5320,5390,303024,1630989535,1.7,235503243360,214164055.0,3655530.0,20250915
085670,5750,5790,5560,5710,210297,1186784110,-0.87,139613845310,-153345145.0,59606920.0,20250915
064260,9200,9240,8860,8970,5673401,51205481060,-2.5,618472888800,-649702830.0,428839580.0,20250915
340360,1865,1878,1691,1777,1442048,2528799147,-6.42,78102542293,-636408372.0,,20250915
039560,3320,3320,3185,3195,332529,1073244350,-4.2,126566669295,-303408940.0,25974770.0,20250915
154040,1248,1248,1228,1228,20061,24725240,-1.37,22042715432,-3153652.0,,20250915
032190,17860,18300,17860,17980,139400,2524545020,1.07,688634000000,249516775.0,-48866970.0,20250915
323350,6800,6890,6660,6740,47854,323719610,0.6,53992603280,-29402370.0,,20250915
068240,6350,6350,6010,6120,519330,3187409300,-6.85,233560234440,-29290870.0,21882125.0,20250915
464580,2850,2850,2770,2775,88512,246272621,-1.42,50947573650,-11786970.0,2918775.0,20250915
020400,6060,6095,6000,6090,4156,25150855,0.5,19422020940,-424330.0,,20250915
008830,16220,16320,16150,16290,42864,695956020,0.06,146406700800,269387920.0,16200.0,20250915
048470,3675,3690,3620,3620,32968,120144332,-1.36,36200000000,-8215297.0,20.0,20250915
004780,3760,3835,3742,3775,9164,34539154,0.4,60034576225,50630.0,-582487.0,20250915
017650,7340,7390,7270,7390,6363,46666780,1.09,66510000000,-654690.0,-22060.0,20250915
389260,24400,24550,24050,24300,43162,1047077850,-0.82,435366697500,-98626850.0,-825800.0,20250915
317850,7260,7260,7150,7180,33082,237305620,-0.97,59769335600,-60801910.0,10.0,20250915
290670,16030,16300,15940,15970,18940,304721480,0.88,125486830200,-5222450.0,16250.0,20250915
078140,13510,13600,13430,13480,16529,222908440,-0.59,149447084920,-55683390.0,,20250915
065150,0,0,0,145,0,0,0.0,23110448725,,,20250915
036480,8040,8480,7900,8270,59252,484068800,5.89,31426000000,12470405.0,,20250915
027830,1750,1753,1701,1720,142808,246534173,-1.71,92880000000,-61640954.0,,20250915
104040,1225,1228,1050,1077,3359044,3706339478,-13.42,144391048602,-555491951.0,,20250915
129920,4500,4595,4415,4435,26247,117255520,-1.44,60826260055,15383960.0,,20250915
457630,0,0,0,2150,0,0,0.0,15716500000,,,20250915
471050,2160,2165,2160,2165,120,259205,0.0,13119900000,0.0,246240.0,20250915
478780,2390,2395,2325,2345,198761,466755936,-1.88,18548950000,-6703935.0,-15797506.0,20250915
482690,2105,2120,2105,2110,3761,7922425,0.24,11847650000,-303840.0,-3255875.0,20250915
020180,1010,1010,996,1003,175376,175517901,-0.5,38544201745,-36021741.0,,20250915
045390,4550,4555,4350,4385,1395679,6143012071,-4.26,309025758145,861166380.0,1137790.0,20250915
108380,28200,28800,27700,27750,88720,2500166425,-3.48,265493490750,-151186400.0,181870400.0,20250915
007680,4605,4820,4525,4785,23496,108927490,3.91,64341378090,-1777465.0,7942450.0,20250915
048910,9290,9330,9100,9280,35344,324902625,-0.11,116732618880,-28262435.0,-53823610.0,20250915
005710,12390,12540,11920,12080,32202,391991110,-1.55,242054208000,-121258960.0,26385690.0,20250915
120240,13100,13130,13020,13060,11374,148432615,-0.38,93906506460,-11453010.0,221650.0,20250915
003310,1710,1711,1696,1702,102237,174138274,-0.29,60237779700,-26703698.0,1139.0,20250915
078600,69700,70500,69000,69100,61355,4268840800,0.0,1069708976300,72599550.0,-1487570350.0,20250915
393970,6430,6430,6330,6350,69861,444738105,-1.09,93959807000,-144230300.0,,20250915
096350,524,524,480,504,6969140,3486143418,-4.36,92874000744,146841546.0,-147050.0,20250915
140520,2245,2245,2195,2210,30160,66743115,-1.56,46651427030,-2068395.0,,20250915
131220,4845,4945,4830,4925,15862,77754880,1.65,36713363250,15685640.0,10.0,20250915
010170,1625,1677,1555,1628,7031457,11242488771,-1.51,199601166292,391248720.0,-339819094.0,20250915
054670,6950,6990,6880,6960,31606,219020470,0.72,99910243200,-46881020.0,0.0,20250915
023910,30400,30700,29400,30700,20019,607311400,1.15,184200000000,-30723600.0,-358600.0,20250915
021040,1571,1582,1516,1517,273546,421069209,-3.56,32926142158,45374990.0,,20250915
021045,2835,2845,2810,2845,8516,24080345,-1.22,2413959740,,,20250915
067080,14400,14460,14160,14330,43366,620441715,-0.49,266776594500,-63087335.0,202791300.0,20250915
298540,10430,10550,10370,10520,9846,102787580,0.1,156203653120,-15042150.0,105120.0,20250915
032860,1430,1430,1368,1382,216598,299870101,-3.36,55827082666,50562547.0,,20250915
214610,4570,4640,4470,4485,10754,48311940,-1.86,37599199170,2613030.0,-202410.0,20250915
393890,7100,7290,7100,7110,305487,2197070070,0.57,240624753840,-28214025.0,-45168720.0,20250915
299170,1933,1936,1814,1821,1502017,2781888063,-5.55,68435784030,-464274857.0,,20250915
462860,4920,4925,4740,4775,1129125,5412335041,-2.55,342431527975,-1403440971.0,,20250915
224060,2895,2895,2825,2855,7444,21249350,-1.38,14733861310,313435.0,,20250915
043090,0,0,0,380,0,0,0.0,4718944500,,,20250915
213420,46250,47200,45650,47050,180676,8390702675,1.51,1168306971950,680943975.0,132098075.0,20250915
317330,18630,18770,18100,18150,123755,2270888975,-1.2,371649999600,-404110145.0,24015230.0,20250915
077360,4940,4990,4825,4895,631769,3098122615,1.66,222414124790,-51644679.0,-7503265.0,20250915
090410,1468,1468,1454,1461,59268,86475818,-0.14,67328862795,-30002312.0,,20250915
263600,4710,4770,4655,4675,32967,154494583,-0.74,74474199250,-35708511.0,93830.0,20250915
194480,54200,54300,52700,52700,67516,3600458450,-3.83,643106005000,-438286350.0,-427096250.0,20250915
373160,6420,6540,6100,6400,22265,142097040,-0.16,88086592000,10261540.0,,20250915
263800,5400,5460,5240,5310,64966,346797245,-1.3,86140837800,50888910.0,,20250915
206560,5600,5630,5510,5550,42651,237359300,-0.72,141035134800,-59512300.0,7722900.0,20250915
261200,5610,6100,5580,5730,160954,930552435,2.14,90589581000,17148285.0,17247480.0,20250915
484120,33400,33450,32050,32400,59703,1956922475,-0.77,348527512800,-297400875.0,-121292150.0,20250915
067990,4980,4980,4800,4815,230461,1118342640,-2.43,140509163250,183191542.0,34364860.0,20250915
006620,5050,5080,5030,5080,32379,163707130,0.59,144602159360,2409590.0,10140.0,20250915
100130,2510,2545,2475,2495,99793,250227355,-0.4,142571785000,-42312590.0,-162285.0,20250915
005160,3275,3295,3205,3210,106431,344509800,-1.98,174124787220,-27314392.0,840300.0,20250915
303810,4355,4395,4315,4355,98553,428837561,0.11,139290929700,-32205230.0,-1192915.0,20250915
075970,2365,2380,2345,2365,25184,59477352,0.0,43516000000,17476260.0,0.0,20250915
086450,19300,20000,19280,19810,255340,5036409140,2.64,889146790350,-145700655.0,1441909745.0,20250915
240550,10910,11160,10800,11130,154582,1702978835,1.92,231618193800,-116895070.0,471616595.0,20250915
099410,5940,5960,5620,5720,1929402,11120838705,-9.06,80080000000,880572795.0,46481030.0,20250915
033500,31000,31350,30650,31100,335172,10390744275,-2.96,932673263400,2661447200.0,-1486417525.0,20250915
025950,17750,17810,17330,17330,25392,442152555,-2.53,145572000000,-51963285.0,17550.0,20250915
088130,3905,3960,3895,3950,137259,539458140,0.0,69066990300,79618656.0,,20250915
041930,6390,6410,6280,6360,78151,495207000,-0.47,100488000000,34728880.0,-76280.0,20250915
060380,2060,2350,2035,2110,5556492,12109601466,4.98,41567000000,91492246.0,,20250915
079960,22750,22800,22200,22450,12464,279982100,-0.22,176457000000,12370300.0,-17334150.0,20250915
228340,1921,1950,1912,1935,45573,87701600,0.73,38700000000,-327337.0,-14602234.0,20250915
088910,2135,2170,2135,2160,22132,47607735,0.93,55796610240,146190.0,427000.0,20250915
094170,18150,18250,17840,17900,83959,1508031120,-1.27,374287854400,5049530.0,-1378420.0,20250915
013120,2855,2910,2855,2880,84051,242386317,-0.17,261527328000,-11969245.0,60200697.0,20250915
109860,8120,8570,8120,8170,1879,15499630,0.62,74347000000,-2771000.0,-421920.0,20250915
032960,12270,12640,12140,12630,16958,210061710,2.93,52017854850,20972960.0,24780.0,20250915
023790,3525,3800,3210,3385,5751536,19769039731,-7.26,88482603545,43697589.0,50857500.0,20250915
005290,37250,37650,36100,37200,1128761,41709339000,2.76,1912619176800,-2943551575.0,8410537200.0,20250915
025900,9580,9900,9550,9610,81727,796128790,0.31,485855508850,-105622860.0,-24473130.0,20250915
131970,39850,40500,38700,39550,364013,14364674125,2.2,764392262900,1126303300.0,76368350.0,20250915
073190,1965,1971,1886,1890,83648,160069542,-3.91,22619595600,-28223388.0,14177159.0,20250915
176750,10130,10180,9990,10050,42196,423712580,-0.79,285974961000,-37782110.0,-28189490.0,20250915
030350,0,0,0,973,0,0,0.0,13503093562,,,20250915
203650,3500,3500,3400,3450,326151,1119237607,1.47,164966655900,-330530115.0,,20250915
223250,3720,3735,3615,3690,239773,883499252,-0.14,87819505560,38994880.0,,20250915
060570,1857,1884,1832,1833,69449,128422664,-1.24,135828183309,6410545.0,3115413.0,20250915
362990,2155,2170,2125,2125,28672,61488700,-0.7,35701219750,-22659505.0,,20250915
016670,6320,6380,6260,6330,8703,54937990,-0.31,31281885180,-7788450.0,,20250915
187870,11850,12200,11800,12200,24558,295634955,3.57,85846629800,14342050.0,-11780.0,20250915
489730,2030,2040,2030,2035,13182,26810400,0.49,12885620000,2035.0,-9804240.0,20250915
0004Y0,2005,2005,2000,2005,12984,26022923,0.0,10656575000,1616235.0,19205895.0,20250915
110990,13330,14340,13320,14050,374883,5208008230,7.42,265545000000,117702165.0,1392810.0,20250915
263690,6140,6180,6050,6140,42181,257527535,0.0,69539245400,-22512530.0,806890.0,20250915
214680,2130,2140,2065,2110,425634,891662074,-0.94,156318830940,16867265.0,-2166970.0,20250915
347850,158800,167700,157900,164500,359265,59024440500,2.81,1780004985500,11634649950.0,-1073445250.0,20250915
263720,16310,16330,15810,15940,48129,766317070,-1.6,199640099620,-38072690.0,-16566440.0,20250915
376300,47950,47950,46300,46550,282397,13148752150,-3.02,1105022799300,1637175100.0,-6561733400.0,20250915
109740,8830,8950,8550,8620,32260,279180100,-2.38,221623561800,-40648520.0,,20250915
031860,920,920,860,864,185922,163818636,-5.16,14836626144,-17034143.0,,20250915
196490,0,0,0,203,0,0,0.0,36245520080,,,20250915
066900,2490,2590,2420,2570,217481,546432967,2.8,58453372710,20584201.0,2020.0,20250915
092070,15250,15500,14720,15060,69702,1056706780,0.94,174272181480,-62919670.0,-5358040.0,20250915
039840,17500,17650,17310,17590,23668,413831085,0.51,252857780330,122986965.0,-21138590.0,20250915
219550,298,300,280,286,1681626,482839132,-3.7,35781635890,-37003642.0,,20250915
310870,1280,1289,1272,1288,72073,92191291,0.16,26645205048,-6120649.0,,20250915
104460,16370,16400,16130,16250,25339,411098860,-0.31,174096406250,-117508970.0,7668570.0,20250915
079810,6230,6350,6200,6240,96840,607458290,0.97,137455306560,13689350.0,,20250915
113810,792,792,770,779,293733,228467883,-1.64,25417251729,-79405396.0,,20250915
043360,2275,2395,2275,2380,15472,36072185,4.62,21420000000,5206340.0,,20250915
197140,2005,2015,1997,2005,23407,46911686,0.0,26091373770,-29959976.0,,20250915
068930,7450,7530,7430,7500,14026,104771660,0.4,207565065000,6763410.0,-1439700.0,20250915
033130,1543,1543,1532,1537,57038,87583363,-0.58,57046165379,-1842566.0,414752.0,20250915
105740,9930,10110,9610,9710,482394,4745387595,-3.38,98736261230,626584260.0,448695090.0,20250915
263020,3160,3185,3145,3175,80963,256532284,0.47,46036963425,7207420.0,,20250915
290550,8590,8770,8440,8630,139994,1204464995,1.89,172610614900,30329095.0,10497980.0,20250915
066670,2835,3570,2805,3165,4812713,15965851949,12.83,59159920470,62383164.0,-8997125.0,20250915
187220,2980,3025,2880,2990,47135,140404470,0.34,34977082790,-18919010.0,0.0,20250915
383930,3150,3245,3150,3220,46690,149863260,1.1,41164892160,-33532565.0,,20250915
131180,977,993,972,989,10340,10201087,1.33,29027150000,-547318.0,,20250915
315640,5190,5250,5000,5190,152684,780402565,0.0,116965929720,-85025570.0,170629330.0,20250915
317120,1534,1579,1534,1551,85565,133024943,1.11,23668260000,4314287.0,0.0,20250915
462510,6940,7060,6810,7000,69192,481378995,2.34,61396755000,-27434570.0,,20250915
042510,10590,10600,10160,10310,60407,623635120,-0.87,115525343940,-275017095.0,-340310.0,20250915
232680,8200,8280,8070,8200,159799,1303906355,2.12,102780718800,129322310.0,,20250915
418420,6670,6670,6150,6230,714412,4532460425,-6.6,189002986340,-1170697350.0,-41717375.0,20250915
300120,3890,3950,3850,3885,74367,289673289,-0.13,81041146620,39077105.0,-25.0,20250915
171120,2245,2245,2230,2240,32884,73614610,0.0,80419942400,1750105.0,,20250915
388790,2445,2615,2415,2450,325482,808906294,1.66,74969681500,-11115991.0,,20250915
214260,14820,14920,14700,14790,11858,175608240,-0.14,131963227770,35746430.0,-14790.0,20250915
171010,4205,4280,4170,4270,70279,297601840,0.95,61055671040,45898275.0,-25.0,20250915
084650,2330,2415,2325,2415,1153212,2739773514,3.87,179289575850,272843572.0,245588289.0,20250915
217500,2245,2465,2240,2365,4503868,10594640613,7.5,75235380000,73757268.0,,20250915
038390,12110,12110,11990,12040,20728,249068810,-0.58,201318696880,-76761190.0,2875340.0,20250915
294140,4925,5170,4925,5070,84257,426810880,2.94,113643127260,10800245.0,,20250915
443250,11640,11690,11320,11390,18712,213848410,-1.81,126671151400,-96067310.0,-9237720.0,20250915
228670,6190,6660,6190,6330,197752,1260200840,2.76,98760976500,-369369970.0,6320.0,20250915
228850,5890,6020,5880,5950,5917,35025105,0.34,98716533300,895580.0,-3212070.0,20250915
412350,3200,3490,3140,3360,251635,826162932,5.33,29322625920,128088407.0,,20250915
199550,7350,7570,7250,7560,123681,920003035,2.86,92729379960,695370.0,,20250915
281740,12470,12700,12320,12450,184748,2302320680,1.14,818345322600,267031320.0,-167348800.0,20250915
277810,308500,309000,297000,299000,235430,71166767750,1.53,5800557542000,-17606497500.0,4532379500.0,20250915
215100,6670,7420,6670,7040,19057206,136224743800,9.83,143253116160,-1824392210.0,1490690.0,20250915
090360,37750,39300,35300,36250,2139513,79732583350,15.08,353437500000,-3468695150.0,211227700.0,20250915
108490,103500,110500,100900,103500,1802596,190299504650,3.5,1368327960000,3017389150.0,1544930300.0,20250915
900260,1030,1042,1018,1021,51183,52307597,-0.87,36787945048,7354844.0,,20250915
067730,3110,3110,3000,3080,65553,199283165,0.0,29795679760,-13881975.0,,20250915
071280,13100,13230,12710,13060,73841,956093465,0.62,199773635180,47479435.0,7930.0,20250915
376900,16640,16670,16150,16580,170649,2803479225,-0.72,256324130620,526202550.0,-5039170.0,20250915
328130,43100,43200,42050,42150,130318,5524466450,-2.77,1230973468500,-935278500.0,190562775.0,20250915
038060,789,803,777,780,162504,127317795,-1.14,37520393820,1020807.0,0.0,20250915
474170,8020,8120,7890,7970,74660,596169070,-0.99,141289737120,11711810.0,-2538520.0,20250915
141080,154900,158800,152100,153600,312492,48234775400,-0.52,5623347916800,615845800.0,-9004030000.0,20250915
058470,49450,50200,48750,50100,529225,26195251150,2.14,3818213685000,3519522925.0,1799333075.0,20250915
016100,2405,2435,2375,2425,10580,25476340,0.83,46319667950,290135.0,,20250915
012700,4185,4205,4120,4170,66813,278382919,0.12,110280382950,-18675136.0,91225.0,20250915
302550,3660,3695,3470,3550,196993,699088567,-0.56,111809124400,-168613970.0,-16540.0,20250915
073570,1400,1400,1291,1305,834480,1102312875,0.54,78543566505,-213041920.0,-1303000.0,20250915
377450,17090,17090,16440,16890,91537,1531559445,-0.76,292703700000,-198557990.0,-341683145.0,20250915
277070,5720,5720,5450,5570,48745,269992760,-1.42,76264440000,34033360.0,,20250915
042500,4810,4820,4770,4790,67396,322919675,-0.42,91345941860,-26603010.0,54333510.0,20250915
193250,472,472,465,472,86493,40552720,0.0,29888633944,-5058402.0,0.0,20250915
474650,22500,23000,21950,22250,101991,2277185325,-2.84,124133462000,-42321950.0,56305975.0,20250915
219420,5300,5310,5210,5270,34597,181838415,-0.75,60444301890,-25152800.0,,20250915
439090,16360,16400,16100,16200,31770,514637975,-0.92,265327812000,-218872625.0,21329100.0,20250915
195500,2860,2875,2830,2865,74006,211796566,1.24,45776970000,21540621.0,,20250915
377480,21200,21350,20450,20750,60275,1249311500,-1.19,147507081250,-15652800.0,74380500.0,20250915
305090,11350,11380,10690,11000,188340,2059768510,0.0,199145342000,-290977270.0,-17470450.0,20250915
098120,19000,19700,18930,19650,174845,3383318050,4.74,163345851900,-136929705.0,-234866860.0,20250915
424980,8930,9460,8730,9270,157355,1446575715,5.22,54868110300,129317900.0,-17840.0,20250915
038290,15830,15880,15650,15840,20878,328826735,0.25,171727776000,80460680.0,80.0,20250915
267980,35550,35600,35350,35400,6015,213130250,-0.42,277664785200,-29596500.0,-23361200.0,20250915
005990,11200,11200,11090,11090,3867,43029240,0.0,152135991360,120560.0,601180.0,20250915
093520,23600,24400,23400,23450,174584,4152322750,-0.42,332124507400,-595677650.0,1414625.0,20250915
100590,3255,3265,3230,3250,19706,63840010,0.0,51447574750,-5815170.0,3399410.0,20250915
067280,32900,33300,32900,33150,2169,71838850,0.76,196472723850,-14162450.0,165600.0,20250915
072870,11360,11500,11340,11420,19439,222334830,0.79,136137351780,-55773220.0,1162810.0,20250915
215200,46550,47450,46500,47000,12690,598364850,-0.11,506231689000,14674950.0,56427150.0,20250915
133750,2010,2010,1991,1997,36861,73605151,0.05,46743932769,-13015631.0,,20250915
446540,4100,4360,4050,4165,356425,1496233967,2.97,86511215000,306378128.0,16630.0,20250915
235980,5280,5280,4980,4990,420543,2123306498,-5.85,171032853790,97469225.0,34841410.0,20250915
041920,5350,5370,5270,5320,23136,122863500,-0.56,98942546360,-41743400.0,-10682280.0,20250915
014100,2015,2030,2000,2015,34550,69509620,0.0,23777000000,-3522790.0,,20250915
054180,0,0,0,2295,0,0,0.0,12686716395,,,20250915
086900,123300,126400,123300,126200,35976,4500744750,1.94,921070321400,-567279050.0,211860300.0,20250915
078160,14000,14580,12730,14250,352176,4847521105,-1.25,487603436250,-1093573920.0,-103937850.0,20250915
408920,3600,3630,3480,3625,40546,145025755,2.55,156717649375,32201945.0,,20250915
021880,307,313,301,310,313289,96542370,0.98,65777166480,14498901.0,,20250915
140410,55200,57900,54300,57700,205003,11540683400,6.26,1737626268000,413413900.0,-1362755850.0,20250915
241770,13650,15000,13650,14800,265774,3843449455,9.14,150851072000,719753950.0,-48089300.0,20250915
059210,6250,6330,6140,6320,343507,2147638585,0.48,174734987120,65233190.0,-141158130.0,20250915
058110,2015,2030,1998,1998,39785,79939685,-0.84,32068958940,-593724.0,25.0,20250915
434480,4245,4260,4185,4200,55721,234839372,-1.06,51703260000,11651493.0,,20250915
080420,2225,2265,2160,2160,12716,27629010,-1.14,172198703520,1943735.0,163235.0,20250915
417970,10720,13240,10660,12400,2286850,28691707665,15.89,79319080000,-428976455.0,-319660.0,20250915
080160,12920,13100,12780,13100,161351,2092956665,1.39,247590000000,547437145.0,119205080.0,20250915
087260,2250,2335,2200,2240,871155,1970122081,0.45,72918408640,284052341.0,,20250915
101330,3325,3325,3240,3250,86385,282137230,-2.11,75227844250,-38087305.0,163300000.0,20250915
012860,1394,1400,1368,1380,160102,220375885,-0.93,101062170660,-94906116.0,,20250915
363260,1880,1930,1860,1895,268294,507218401,0.85,60950342255,18493612.0,,20250915
348030,4205,4280,4160,4160,4024,16909570,-2.12,39951808000,-51305.0,-770325.0,20250915
250060,2710,2760,2690,2695,470922,1275437204,-0.92,86701691230,-154489806.0,,20250915
288980,1156,1162,1140,1146,104604,119782651,-0.78,39601820052,-11335295.0,,20250915
142760,1505,1510,1411,1485,119367,176571332,-1.33,57994480170,-34879392.0,,20250915
033200,3220,3255,3200,3210,5583,17949832,-0.31,46003103850,-3088950.0,25.0,20250915
333050,1547,1552,1520,1545,363941,557942805,-0.13,38027588670,70984315.0,87182.0,20250915
118990,9320,9370,9190,9220,54950,508992870,0.44,229227547800,-55102100.0,40636680.0,20250915
463480,9070,9070,8880,8930,52347,467683585,-1.43,110645896940,27825815.0,,20250915
006920,3220,3480,3180,3390,440141,1489613753,5.28,37018800000,10621603.0,,20250915
001810,1582,1600,1570,1584,14575,23123362,0.13,35065800000,-2505392.0,,20250915
279600,11490,11490,10940,10960,7186,79744160,-4.78,51345199760,-4285970.0,,20250915
095500,9840,9940,9790,9800,120693,1187701905,0.31,303897990200,-453774640.0,-50760015.0,20250915
254490,17900,18090,17380,17620,183834,3257670245,0.8,254397560000,180291475.0,-130.0,20250915
218150,3515,3550,3490,3530,78454,276177245,0.43,72067781060,2627625.0,0.0,20250915
442900,10490,10500,10490,10490,34862,365989080,0.0,80563200000,79049380.0,-5733735.0,20250915
100790,7300,7430,7210,7350,300109,2202316615,0.55,390466059900,-129716855.0,556052020.0,20250915
448830,2175,2230,2165,2170,202792,444279760,0.7,10676400000,-1703940.0,-10944450.0,20250915
477380,2035,2040,2030,2030,7168,14580825,-0.49,16443000000,11150.0,6105000.0,20250915
477470,2085,2090,2075,2085,6013,12542375,0.0,11425800000,-33360.0,0.0,20250915
478440,2030,2035,2020,2030,5690,11532880,0.25,14067900000,-81355.0,8130.0,20250915
482680,2000,2005,1997,2000,7009,14033788,0.0,16430000000,0.0,8020000.0,20250915
049950,15080,15540,14970,15100,24941,378083495,0.27,133150048400,-13454045.0,-5179750.0,20250915
207760,1649,1649,1614,1623,296968,483174788,-1.46,134838487809,-57453693.0,29043016.0,20250915
059090,17450,17620,16550,17080,592708,10075676460,-0.52,570758568240,-179590925.0,-260109215.0,20250915
201490,6080,6250,5980,6130,2224145,13627043285,0.82,186291263960,242390965.0,-18108280.0,20250915
475460,11110,11220,10840,11030,85754,945789360,-0.63,61830319500,168183595.0,11101170.0,20250915
452200,3150,3185,3080,3165,65024,204475382,0.64,74756667000,-48234627.0,31058355.0,20250915
206640,14480,14510,14290,14380,52981,760628515,-0.21,337736732800,-6502445.0,-49450660.0,20250915
018700,1124,1124,1095,1106,103510,114014591,-1.6,38842451242,-18439210.0,,20250915
035620,488,488,454,480,171620,81908973,-1.64,35731044000,-2020227.0,583484.0,20250915
053030,17140,17180,16790,16840,251793,4251893680,-1.75,550401725920,142464360.0,-322856880.0,20250915
301300,4830,4930,4760,4795,42653,205697130,-0.21,63076844040,-72293590.0,,20250915
064550,14410,14640,14330,14470,67617,978983680,-0.41,373474910770,121088760.0,-75627130.0,20250915
314930,14570,14900,14380,14900,65864,966788180,1.57,443485134700,32565700.0,215542330.0,20250915
489460,16870,16950,16550,16720,81115,1355122530,-0.77,251542869600,186297180.0,106467420.0,20250915
086820,8980,9040,8730,9000,84129,747654040,0.22,218255958000,77712580.0,-67880.0,20250915
038460,3100,3150,3050,3065,70188,215900790,-1.45,80194002470,24775675.0,,20250915
251120,18550,18830,18100,18450,77065,1416028865,-0.86,160435665000,207436635.0,30607090.0,20250915
199730,5370,5440,5300,5310,5209,27823740,-0.75,25829788770,705760.0,,20250915
086040,3230,3265,3160,3255,42175,135491634,2.04,51944093985,5880284.0,76685870.0,20250915
188040,14450,14630,13630,13650,102200,1415726065,-4.55,60453979950,-412711020.0,567560.0,20250915
099430,6300,6790,6270,6750,1846856,12221085835,7.14,408643717500,712865240.0,127783730.0,20250915
032980,0,0,0,604,0,0,0.0,13522952980,,,20250915
308080,3850,3905,3750,3810,77357,295151583,-2.18,77911071000,20699435.0,,20250915
043150,22850,23700,22750,23550,43922,1023637650,3.06,349817728800,76881275.0,827050.0,20250915
323990,9650,9650,8990,9400,54870,518795345,-1.67,218619043000,-817390.0,-234480.0,20250915
267790,4060,4060,4000,4015,9039,36324485,-1.11,31672327500,-6466400.0,,20250915
046310,2780,2780,2710,2735,37584,102712732,-1.62,44904983135,-28584730.0,6024380.0,20250915
331520,597,602,595,600,90582,54260721,0.33,30518634000,2258877.0,,20250915
199480,6650,6750,6500,6730,135381,896760185,1.97,67984023740,28395920.0,,20250915
438700,4050,4165,3985,4075,53524,216375482,-0.12,45415426750,16034605.0,,20250915
066410,0,0,0,1153,0,0,0.0,143032122032,,,20250915
382900,32300,33100,31900,33100,488769,15898697350,-0.3,289989100000,661375850.0,14356150.0,20250915
206400,2285,2700,2285,2585,1567575,3984765225,13.38,96963758430,613326900.0,-814460.0,20250915
019010,2435,2470,2425,2450,42209,103143665,-0.41,118090000000,2698055.0,721700.0,20250915
177350,1639,1848,1635,1665,9178501,16007419396,4.91,32723522055,-141817729.0,,20250915
457600,2985,3065,2965,3050,38555,116951266,1.16,41807875000,621196.0,,20250915
424760,1017,1070,1009,1041,173932,179208781,2.36,20471267082,24915466.0,-5123000.0,20250915
250000,9560,9570,9500,9530,1917,18263560,-0.73,64334485490,-6395570.0,20.0,20250915
310210,168500,169700,161900,163700,152474,25123804450,-4.32,3010675617700,-928249100.0,-1822746950.0,20250915
006910,4135,4195,4060,4160,2521610,10398473648,0.48,204380067840,295045037.0,423345.0,20250915
226340,810,816,803,811,100134,81149291,0.5,34023412620,2554053.0,,20250915
014470,1568,1582,1560,1568,59161,92644693,0.0,94161943680,-39369297.0,,20250915
008470,4010,4025,3970,4000,15076,60293300,0.5,33619200000,76150.0,0.0,20250915
338220,23300,23400,22500,23100,87321,1999658775,0.65,323442111300,-90956375.0,65613075.0,20250915
100120,20400,20400,20100,20350,19990,404604575,0.25,198412500000,-68739050.0,-10543350.0,20250915
406820,12230,12690,11930,12060,11606,139156630,-1.39,42620522400,-5747210.0,,20250915
099390,5740,5740,5530,5570,13177,73795420,-2.45,45720136310,-12292980.0,,20250915
064480,5160,5170,5020,5070,21593,109471425,-1.55,60599175000,-26502280.0,10.0,20250915
365900,3570,3750,3535,3540,28324,103245620,-1.8,25878462000,2322690.0,20.0,20250915
089970,14900,14930,14110,14780,300720,4369695425,0.27,355837294100,-1175540030.0,915910955.0,20250915
251630,5820,5930,5770,5850,51434,301552590,2.27,93265883100,29090620.0,20.0,20250915
018290,30450,30500,29650,30150,475311,14299353350,-0.82,1079309911050,1575067475.0,-2745998125.0,20250915
478560,3790,3845,3730,3815,18956,71815040,-0.26,98542586870,2513210.0,282310.0,20250915
439580,5640,5890,5510,5820,1745644,10098041760,3.56,195032058660,653708595.0,,20250915
033560,3350,3400,3305,3320,40122,134202160,-1.78,56772000000,-22316070.0,33951255.0,20250915
369370,1234,1259,1234,1252,20466,25519550,1.46,62439632572,-697639.0,,20250915
126340,52700,54100,51100,53000,124765,6630344300,0.76,337739214000,-912205050.0,1984888800.0,20250915
121800,0,0,0,3320,0,0,0.0,256309348520,,,20250915
082800,7900,8160,7820,8050,595280,4767670905,2.29,403342561300,903885610.0,-28730.0,20250915
318410,9250,9250,9030,9170,24962,227036610,-1.08,50941578310,18708010.0,4575000.0,20250915
419540,1239,1246,1225,1242,81149,100390706,-0.08,28556698662,-43546817.0,,20250915
146320,12130,12470,12110,12170,43663,534759220,0.25,155750722910,-46295490.0,-51426470.0,20250915
200780,4380,4405,4310,4330,21844,95062320,-2.04,42157919200,2458625.0,715685.0,20250915
413640,14950,15010,13810,14250,153238,2186289300,-4.36,102698895000,-576217325.0,-10.0,20250915
141000,8300,8310,8140,8260,21337,175047930,-0.48,100067504600,-1301710.0,41030000.0,20250915
083650,48450,48600,46900,48050,1012121,48243337225,-2.24,1486877218750,8581881300.0,-3969132625.0,20250915
473370,0,0,0,2020,0,0,0.0,8504200000,,,20250915
065170,709,738,709,710,65611,47026180,0.14,18944947750,-3812374.0,-1677351.0,20250915
086670,12330,12330,11600,12190,35376,427773700,-1.3,111235871060,150767620.0,,20250915
335890,12500,12580,12500,12500,101933,1274270690,-0.48,730239062500,-128644010.0,-957900750.0,20250915
230980,0,0,0,229,0,0,0.0,21370407553,,,20250915
082920,29200,29250,28000,28200,107336,3040747150,-2.93,644996406600,-1121295825.0,-998445175.0,20250915
054220,400,408,379,393,550808,216387321,-1.75,23561560833,3819530.0,,20250915
042370,8570,8620,8420,8500,134709,1145406895,-1.28,222700212500,208807365.0,,20250915
050090,910,936,906,908,33402,30531293,-0.22,17964539380,-9796427.0,,20250915
148780,1982,1982,1910,1922,384937,741787211,-2.44,60438683450,-79940940.0,,20250915
307870,1318,1318,1265,1294,212238,274013793,-2.04,76256842106,-21461634.0,,20250915
377030,4185,4255,4045,4070,308771,1268908464,-2.4,151531073540,190180480.0,-716320.0,20250915
032850,5180,5180,5110,5170,58462,300249315,0.0,85942424810,-83778720.0,20.0,20250915
238200,3840,3970,3765,3840,23996,91987599,0.0,31411200000,6711395.0,,20250915
093190,5750,5770,5710,5750,5728,32835220,-0.35,110623703750,-5752510.0,437570.0,20250915
065450,3965,4060,3905,3925,528360,2101358088,-0.76,112462240000,-369507087.0,3975.0,20250915
044480,553,568,483,505,8747872,4414362211,-7.85,20535182640,122087768.0,,20250915
069540,912,925,857,859,1350291,1188793309,-5.29,45761629837,-188832928.0,,20250915
072950,5310,5340,5180,5180,33672,175784925,-2.26,41712519800,-20932935.0,2600000.0,20250915
451250,9750,9880,9350,9610,15932,153503080,-1.13,98270677970,-71180180.0,,20250915
143240,14560,14610,14140,14200,57299,816503990,-2.2,166271534600,-253359480.0,-361240840.0,20250915
466410,14570,14670,14340,14420,32586,472396230,-1.03,72633871660,-17805570.0,-1678530.0,20250915
223310,2880,2920,2735,2800,392935,1099147145,-2.78,71275296400,21220789.0,,20250915
452430,33150,33650,32200,32850,96152,3149397250,-0.9,269802667350,-352013125.0,472858900.0,20250915
419120,6350,6360,5980,6000,169999,1037717070,-5.51,90801042000,-131262610.0,,20250915
122350,1412,1429,1386,1389,114555,159764099,-1.63,53253465492,-26787237.0,0.0,20250915
419050,2100,2100,2050,2060,321373,665205756,-0.96,117824254400,-121557010.0,,20250915
014970,7950,8090,7840,7850,68849,547314085,0.13,118731250000,-71025995.0,,20250915
018310,22600,22700,22600,22650,35367,799943850,0.22,332955000000,94027400.0,373772600.0,20250915
053700,4255,4255,4125,4140,89890,374503098,-1.43,94711566600,-33099278.0,-6994855.0,20250915
009620,1935,1935,1830,1860,182401,340263868,-3.88,30478129260,-25039645.0,,20250915
023600,9730,9850,9690,9800,25480,249197365,0.72,156881340000,-2854170.0,16927590.0,20250915
0044K0,1990,1992,1989,1991,120251,239337626,0.05,14972320000,-1001824.0,122585990.0,20250915
448740,10590,10600,10590,10600,33936,359387860,0.09,49438400000,-169440.0,-8115605.0,20250915
009300,17450,17480,17200,17330,6421,111054205,-0.69,110392100000,-20773310.0,-7304930.0,20250915
482630,19400,20100,18880,19520,391570,7604125495,5.51,213629612800,-462255275.0,276921430.0,20250915
484590,21350,21650,20750,21550,850684,18040072850,2.86,888085197500,132279375.0,462506050.0,20250915
036670,6670,6700,6490,6490,39804,261576855,-2.55,73142300000,2691300.0,,20250915
361670,4030,4030,3965,4010,9118,36365951,-0.37,22727308580,-312972.0,,20250915
054540,14380,14650,14000,14360,1590391,22647020680,-4.96,186680000000,1803424005.0,3137805.0,20250915
065570,0,0,0,764,0,0,0.0,12295692232,,,20250915
032280,1388,1411,1384,1389,30179,41954101,-0.5,22520676510,-11966803.0,4162.0,20250915
002290,3490,3490,3415,3425,30202,103688287,-1.01,42470000000,-5077965.0,-628370.0,20250915
037460,11670,11740,11520,11710,33966,395590770,1.21,191089892620,29083300.0,-2232300.0,20250915
032750,4110,4180,4085,4145,21255,87790700,0.85,37434000690,-15546570.0,-38875.0,20250915
054090,809,823,803,816,56728,46034111,0.87,20366733312,-6038341.0,,20250915
000250,211000,211500,206000,209000,81097,16890825750,-1.18,4902611648000,363732250.0,-2260684750.0,20250915
024950,4615,4615,4560,4565,22516,103007265,-0.54,60593879005,5084550.0,-21160.0,20250915
038500,3435,3455,3390,3425,276872,946711370,0.15,369613348050,196109704.0,8384505.0,20250915
437730,21150,21950,20100,20600,1355407,28495393400,0.0,653175880200,-1756858975.0,175786600.0,20250915
017480,4745,4745,4715,4745,12138,57429520,-0.21,74510213050,2594930.0,-9465.0,20250915
046390,1498,1498,1451,1457,456108,667951257,-2.02,62902963381,24681407.0,-1450916.0,20250915
027580,949,956,936,938,151500,142440022,-1.16,55512039702,1988592.0,,20250915
038540,2165,2165,2090,2115,51988,110262325,0.24,117019381995,12607485.0,-2095.0,20250915
452670,2060,2062,2060,2060,2463,5073790,0.0,10753200000,0.0,0.0,20250915
091580,10170,10390,9960,9990,45218,455502190,-1.09,133148907810,-27519410.0,-8650.0,20250915
263810,2930,3500,2910,3025,3762204,12137088984,3.77,48172595625,-64015308.0,-5331740.0,20250915
089980,18960,19200,18690,18810,49320,929507120,-1.52,300753785970,-73575195.0,1004860.0,20250915
042940,11100,11100,10800,10890,119682,1303353490,-1.89,74364673680,-8580690.0,-5364285.0,20250915
042600,8000,8190,7900,8050,16349,131403250,0.63,100009770700,7108880.0,10.0,20250915
107600,26800,27300,26200,26650,102684,2749821600,0.57,150040939100,-172422250.0,-1812200.0,20250915
411080,9060,9340,8920,9050,298246,2729258750,-1.09,138172123900,103300030.0,35503330.0,20250915
252990,6000,6000,5545,5840,1331263,7653191565,1.39,340986287920,-1264470735.0,318899130.0,20250915
378800,2340,2470,2310,2340,778400,1844150100,-0.85,70534692540,5874482.0,,20250915
294630,3000,3010,2940,2945,308200,912665558,-1.83,71104371555,8851453.0,,20250915
038070,6870,6900,6810,6830,16597,113518150,-0.58,62157617080,-4669140.0,0.0,20250915
006730,10300,10570,10220,10540,521141,5447518750,1.93,689599768420,-846146230.0,1445095050.0,20250915
079650,1739,1739,1646,1669,5486,9130859,0.3,33380000000,145788.0,,20250915
100660,4200,4205,4045,4045,377704,1556584634,-3.69,50967000000,-84489378.0,-15.0,20250915
019770,3905,3905,3840,3855,27888,107895925,-1.28,44910750000,-11997770.0,10.0,20250915
043710,976,1000,975,975,20394,20078796,-0.1,84398447250,1507725.0,,20250915
092190,2855,2870,2840,2845,14758,42058870,-0.35,130495549635,-4835110.0,5755.0,20250915
046890,6690,6800,6660,6740,142795,962438800,0.45,392978396000,399520790.0,-172400230.0,20250915
063170,8240,8490,8160,8350,154161,1289050475,2.71,148415129450,-900150.0,-13054490.0,20250915
027040,215,215,209,209,137531,28939592,-1.42,14544069023,-1152789.0,-111044.0,20250915
018680,3200,3225,3135,3210,16443,52050830,0.78,37426413990,-530670.0,,20250915
036120,2230,2240,2210,2215,63242,140417385,-0.67,78632500000,10284910.0,,20250915
093920,5500,5550,5470,5520,8087,44622625,0.18,102672000000,-465190.0,414930.0,20250915
189860,3180,3180,3080,3130,21752,67972830,-1.57,30357181400,-27012415.0,5.0,20250915
178320,22150,22700,21800,22350,493825,11016142350,3.47,1257141771900,3052425375.0,848801325.0,20250915
122690,1920,1920,1880,1898,28995,54694895,-1.15,42442994386,-8584827.0,-3206300.0,20250915
140070,2540,2590,2510,2560,220938,562882866,1.39,94689280000,34703834.0,,20250915
011370,958,958,935,936,162074,152024988,-1.58,94437593640,-19955662.0,0.0,20250915
065710,40900,41950,39850,40950,23203,942721675,1.74,210892500000,-179813125.0,2279000.0,20250915
035890,0,0,0,1623,0,0,0.0,372979125711,,,20250915
357550,54700,55100,54000,54500,4270,232154200,-0.37,297297500000,67848800.0,-23400.0,20250915
003100,19640,19780,19480,19620,32543,638353735,-0.25,129492000000,47912265.0,745150.0,20250915
067370,6700,6700,6330,6500,24970,163813780,-4.13,80038107500,-2304470.0,-318000.0,20250915
217620,0,0,0,3810,0,0,0.0,26803681470,,,20250915
171090,38000,38950,37900,38500,43818,1679647900,1.32,368002404000,369336550.0,-982000.0,20250915
086710,10960,10990,10790,10970,26793,290625940,0.09,133869981600,-92438190.0,,20250915
014620,32950,33250,32500,33000,359846,11839407825,-3.37,876393012000,2005696575.0,-1950694875.0,20250915
037350,4950,5120,4935,5060,262852,1330082055,2.53,78278200000,147448015.0,12309085.0,20250915
458650,12530,12740,12530,12640,19953,251138945,0.64,190177268800,-10622050.0,-4513620.0,20250915
081580,2760,2830,2760,2770,47001,130662889,-0.54,42957556110,6658153.0,,20250915
045300,3010,3100,3000,3090,24280,74053410,1.81,31973357850,-1128930.0,1043700.0,20250915
015750,6030,6050,5880,5900,506649,3000531160,-2.64,472000000000,-704240380.0,-380396050.0,20250915
365340,36850,37400,36750,36800,16656,616686450,-0.14,449819353600,-2316650.0,-73664450.0,20250915
080470,4700,4700,4540,4670,26610,122254351,-0.64,34091000000,-12897385.0,14765.0,20250915
043260,1090,1099,1083,1085,88170,95902553,-0.73,76951262955,-7730351.0,0.0,20250915
148150,6240,6280,6180,6190,169962,1055922805,-0.8,221976055510,-225133520.0,-365810.0,20250915
188260,2490,2570,2470,2510,13862,34653515,0.8,18143459700,877325.0,,20250915
053060,1408,1412,1382,1400,63671,88616859,-0.57,24720386600,-6489953.0,,20250915
340440,1694,1728,1694,1699,156395,267113761,-0.64,48214840436,-6686387.0,,20250915
017510,10270,10270,9900,10030,587607,5897981665,-2.24,152917380000,1382670925.0,-166628245.0,20250915
011560,12720,12800,12650,12740,17383,220824900,0.24,134152200000,-41905880.0,48007910.0,20250915
396300,3070,3070,3000,3040,202585,613963603,-0.33,80528080000,-66880826.0,-4590020.0,20250915
100700,2615,2625,2585,2590,57512,149468318,-1.33,113442000000,33322616.0,14060.0,20250915
024830,9870,9870,9730,9790,6275,61234450,-0.81,81746500000,-15263940.0,,20250915
258830,0,0,0,412,0,0,0.0,22983976612,,,20250915
036630,5450,5450,5260,5300,9688,51107110,0.0,106000000000,2377470.0,-916190.0,20250915
039310,1558,1558,1530,1530,11355,17425756,-0.2,27726150510,-2099512.0,,20250915
067770,2360,2390,2355,2385,6182,14632892,1.06,20025874305,-717106.0,,20250915
053450,5980,5990,5880,5970,36008,214078815,-0.33,88313033910,-12585040.0,,20250915
222810,0,0,0,5400,0,0,0.0,81712098000,,,20250915
252500,839,844,831,842,85281,71501885,-0.12,34931540380,-6272994.0,,20250915
321370,1258,1278,1236,1239,472504,591584100,-1.82,54120094896,-118659180.0,,20250915
347000,2450,2465,2400,2410,157178,380852917,-1.43,84091067190,-22404085.0,,20250915
331920,2970,3035,2940,2995,4491,13470190,0.84,24451623260,-4077970.0,,20250915
352770,0,0,0,5250,0,0,0.0,13610136750,,,20250915
471820,6150,6400,6120,6160,161346,1006013600,0.33,72473650480,264479890.0,-250674230.0,20250915
049180,762,774,740,746,498051,373140360,-3.74,40997968998,11569967.0,-408568.0,20250915
299660,4100,4115,4040,4080,319399,1298155088,-0.73,120372146160,116016766.0,,20250915
108860,14270,14280,13790,14020,264972,3707561805,0.5,377345355800,-1330064220.0,357500360.0,20250915
208370,4070,4070,3965,4010,45888,183717200,0.25,103219661640,-86285835.0,-972735.0,20250915
318160,9260,9410,9020,9210,63932,584899290,-0.54,85292898210,-17406220.0,,20250915
308430,20550,20550,19710,19890,320392,6407123970,0.71,254966429250,-293062660.0,-1074797225.0,20250915
068760,54600,54800,53800,54400,49671,2693030450,-0.37,2376148044800,-11327000.0,-162926150.0,20250915
068940,0,0,0,778,0,0,0.0,35720093048,,,20250915
007720,831,831,810,813,149779,122634788,-2.17,81950765850,-18836901.0,,20250915
060230,335,341,325,332,2501372,829393904,-2.06,24488078636,-46871612.0,,20250915
290690,5130,5840,5110,5840,4337683,24118949550,14.51,284643451280,5554961390.0,,20250915
950200,3810,3860,3750,3790,15640,59494255,-1.3,72904640870,-8162840.0,372550.0,20250915
032680,298,303,295,296,290893,86515517,-0.34,31254866144,-2387833.0,,20250915
032685,6340,6590,6230,6400,1498,9437150,0.95,2285708800,0.0,,20250915
258790,1031,1045,990,1022,39542,40131760,-1.64,25541092248,-1407935.0,,20250915
066910,969,995,967,986,375109,367582873,1.75,65996099704,73130460.0,,20250915
215090,0,0,0,739,0,0,0.0,85560167395,,,20250915
035610,4195,4205,4180,4200,11474,48134149,0.24,114853187400,-7415425.0,6399395.0,20250915
357780,257000,263500,252000,260500,124653,32142186750,7.64,2026316443000,-8832507250.0,4849460750.0,20250915
036830,43650,44500,43200,44000,74877,3284545725,2.8,922418464000,126052700.0,-65993550.0,20250915
304100,36350,36700,34600,35350,523507,18437613250,-2.48,428992328800,-4425010725.0,162564525.0,20250915
328380,1051,1051,1020,1039,40341,41485469,0.1,35599026342,-15044467.0,,20250915
086980,2800,2815,2770,2795,107007,298049493,-0.18,175073210000,23907100.0,7221685.0,20250915
050960,10820,10820,10560,10680,13753,146504300,0.19,72100680000,-41964140.0,-31950.0,20250915
084180,3830,3870,3620,3735,222868,828432969,-1.97,67507447005,173578270.0,1249955.0,20250915
253840,6850,6930,6800,6900,163131,1119387605,0.73,115528080000,84380425.0,-10.0,20250915
298830,5050,5060,4905,4950,123581,612878517,0.41,260464351950,-49239358.0,,20250915
236200,34600,34750,34250,34450,14328,493045625,-0.14,250013054850,41998750.0,34775.0,20250915
094840,6870,6890,6780,6860,19339,131980990,0.15,71836822400,-10787980.0,-13642470.0,20250915
192440,23600,24200,23600,24100,8043,192042575,2.55,149814348300,28112925.0,44280200.0,20250915
424960,8920,8990,8660,8740,123561,1090445365,-0.57,137019951600,94589975.0,,20250915
099440,4620,4775,4510,4665,4072388,18921158618,2.3,318355433010,-471814631.0,9265075.0,20250915
276040,1660,1662,1647,1652,91952,152258509,0.24,35733313420,55011701.0,0.0,20250915
060240,0,0,0,1976,0,0,0.0,6385281968,,,20250915
115570,3070,3280,2915,3055,17132,51634790,-0.49,24392671940,-1178535.0,24695.0,20250915
330730,4435,4440,4370,4370,29658,130593965,-1.69,79319127100,-28613065.0,8805.0,20250915
352090,3770,3825,3725,3825,112356,427199245,1.46,102789217350,-66753235.0,167663590.0,20250915
253450,46050,46650,45750,46450,63136,2915301250,0.54,1396217232100,453307150.0,-656675300.0,20250915
408900,4500,4585,4310,4355,676134,2984696514,-3.01,142537111860,-78369687.0,,20250915
204630,0,0,0,4650,0,0,0.0,23668225650,,,20250915
415380,4080,4215,3995,4210,70715,291505700,4.6,16058308250,16265065.0,,20250915
013810,2900,2940,2800,2855,338430,972479067,-1.55,41841366850,-19854131.0,-10.0,20250915
347700,11000,11730,10880,11590,351244,4014215780,5.08,454657376210,248751545.0,1264387255.0,20250915
049830,8870,8910,8580,8580,1383,12172140,-1.38,52613520960,-570900.0,90.0,20250915
020710,3840,3855,3815,3840,67714,259953565,0.0,76984204800,-62682380.0,-42560.0,20250915
033170,640,658,631,644,298973,193308900,0.78,55209037436,-14792309.0,,20250915
048870,2835,2850,2800,2815,511051,1436285840,-0.71,248021100845,288263608.0,-1002140.0,20250915
025320,7510,7560,7130,7260,951510,6941704250,-3.71,636907065960,-1259494230.0,160225575.0,20250915
340810,3600,3620,3545,3600,35552,127260765,0.0,46641895200,-27016710.0,-2490.0,20250915
269620,0,0,0,889,0,0,0.0,132090012299,,,20250915
056090,1098,1099,1076,1093,393212,426516848,0.28,112862126348,14875299.0,,20250915
429270,6130,7680,6050,7200,1656917,11587862800,20.0,33538680000,22040080.0,-2672000.0,20250915
418250,0,0,0,6550,0,0,0.0,45439033350,,,20250915
131090,4120,4135,4100,4135,8913,36747300,0.36,33080000000,65815.0,-347890.0,20250915
290520,1630,1630,1614,1617,7256,11734200,-0.49,25757778354,-1181984.0,0.0,20250915
001000,1929,1979,1929,1948,35401,69386768,-0.1,47292647920,9305690.0,,20250915
025870,5510,5510,5410,5420,7762,42383060,-1.28,21680000000,-18074750.0,,20250915
215600,3530,3535,3350,3430,2614214,8949102581,-2.28,473785337480,-521447330.0,-234370.0,20250915
065350,59800,60000,58900,59000,82916,4914172500,-1.34,1621552932000,-947873000.0,-235128350.0,20250915
416180,39000,39400,37800,38200,106718,4107741725,0.53,345319519600,-558908075.0,-309077050.0,20250915
162300,2125,2130,2085,2105,27459,57587787,-0.71,87297259110,-8230170.0,,20250915
290560,7170,7250,6980,7070,6701,47259300,-1.81,26350752540,-2881390.0,,20250915
002800,5720,5730,5660,5690,30164,171584460,-0.52,86320145000,-22088850.0,,20250915
472220,2155,2160,2155,2160,13294,28684645,0.23,10130400000,28015.0,4320000.0,20250915
017000,2710,2755,2685,2725,26230,71109885,0.74,31795373575,-6645700.0,-15.0,20250915
012790,6230,6250,6190,6240,19323,120283900,0.16,74795229600,-18216540.0,,20250915
138070,2235,2245,2200,2210,21981,48690630,-0.67,38682080840,-1145725.0,5.0,20250915
226330,4420,4470,4205,4350,681340,2934480477,-19.89,66374366250,-395670189.0,-101743580.0,20250915
452980,2055,2060,2055,2055,10619,21841502,0.0,38849775000,0.0,0.0,20250915
474660,2095,2200,2095,2110,37732,81180360,0.72,11647200000,-3619970.0,0.0,20250915
474930,2140,2160,2140,2160,5709,12277400,0.47,7819200000,0.0,1080000.0,20250915
487360,2020,2045,2020,2030,21434,43426743,0.5,11449200000,1849428.0,-4440210.0,20250915
487830,2030,2040,2030,2040,5696,11568040,0.74,8874000000,0.0,2035000.0,20250915
496070,2005,2010,2000,2000,9526,19096910,0.0,11240000000,1699065.0,13355305.0,20250915
056700,1955,1969,1933,1962,62274,121100886,0.36,57163048542,12749914.0,,20250915
187270,3585,3690,3585,3625,100904,366398015,1.12,36771438125,-5831015.0,-5.0,20250915
243840,4740,4750,4615,4650,270694,1263848045,-0.43,179295792750,-224115889.0,9554549.0,20250915
257720,41500,41950,40700,41850,519923,21560814950,0.24,2560044349800,1705143600.0,-652366525.0,20250915
222800,31250,32500,30600,31850,1928884,60800062050,9.26,1043736380050,-2243211675.0,-2097919700.0,20250915
036710,1735,1956,1735,1935,1266965,2380356306,11.85,97456408515,343386341.0,,20250915
444530,11400,11520,11260,11380,72686,827705470,0.71,72717323740,-123776610.0,0.0,20250915
234030,9830,10370,9380,10010,8214406,81717204500,2.67,236286050000,-287590585.0,106937520.0,20250915
160980,14040,14870,13920,14830,395355,5693145945,8.33,162006523690,877184590.0,-38405655.0,20250915
356890,3700,3975,3610,3725,1280387,4826135593,0.0,44527998125,-164866464.0,0.0,20250915
217330,2650,2650,2520,2530,105106,269355186,-4.35,58517753910,-37629880.0,44490.0,20250915
208640,492,492,450,460,4151768,1936087091,-5.35,64050516840,174741438.0,-148122.0,20250915
222420,824,832,800,805,44304,35868652,-1.71,36595485955,1297193.0,,20250915
037760,1752,1765,1734,1765,30130,52560638,0.74,59715105565,-542812.0,,20250915
081180,10030,10060,9750,9850,119971,1184700350,0.0,86931519750,-98146400.0,-26854150.0,20250915
099320,60000,60800,58200,59500,114535,6800082750,1.19,651601041000,-2070017750.0,458100.0,20250915
049960,12850,12940,12750,12820,15701,201057730,-0.54,120508000000,64262380.0,,20250915
088280,2310,2385,2280,2345,19526,45622620,1.74,40583719050,5543225.0,,20250915
050890,6930,6940,6740,6780,316490,2152412000,-0.44,414225666180,-497567480.0,84754200.0,20250915
394800,6760,6900,6530,6820,726856,4899576335,1.34,216340895980,-1123587285.0,452347095.0,20250915
177900,7490,7900,7280,7520,1371298,10376096215,4.44,71882176000,49321405.0,-45150000.0,20250915
475400,27500,27950,26750,27200,232034,6352816250,1.68,317826940800,-167068175.0,445546000.0,20250915
109670,7180,7180,6690,6890,9897,68400410,-2.55,40214187780,-8689720.0,,20250915
066790,0,0,0,1493,0,0,0.0,97271994227,,,20250915
222080,7040,7090,6930,6940,211958,1479976530,-1.56,536960562660,-615326250.0,-60095730.0,20250915
352480,42650,43200,41650,43000,53227,2258343250,0.7,430599463000,465049800.0,-533420950.0,20250915
264660,13100,13100,12830,13080,85965,1114271080,2.11,127152929760,3236340.0,-12860.0,20250915
352700,2550,2565,2505,2510,44482,112048335,-1.38,65955016490,-10625.0,1593855.0,20250915
458870,54600,59700,53000,59600,292831,16536041650,9.16,754886448000,-1939894700.0,226833950.0,20250915
297090,7300,7400,7160,7210,138460,1004769495,-1.9,196616700000,39559040.0,2311250.0,20250915
900120,627,640,615,628,117085,72825284,0.48,18876288352,5957094.0,,20250915
359090,1017,1022,990,1002,206255,206903600,-1.47,57064913022,52585715.0,,20250915
115530,445,445,427,430,117588,50901099,-3.37,29224090000,-21911059.0,,20250915
115480,630,636,606,609,163432,100496586,-4.25,36920355822,15118305.0,,20250915
376290,3180,3190,3130,3190,8928,28305470,0.0,56327425000,1320535.0,-6980.0,20250915
189330,5200,5340,5110,5120,100668,522014510,-0.78,48037294080,-45606000.0,,20250915
096530,26050,26150,25850,26050,88779,2310567875,0.19,1360487143700,-530252100.0,175945050.0,20250915
101240,4495,4560,4475,4530,17098,77208822,0.33,48079422270,-5751734.0,,20250915
060590,7570,7570,7200,7320,69833,511176495,-1.74,177005066400,6205825.0,-7680.0,20250915
260930,5570,5570,5360,5380,303233,1641698085,-3.93,104057759580,-311851225.0,-1039730.0,20250915
413630,2970,3050,2815,2935,2834212,8312460256,-3.93,106941497310,14385688.0,,20250915
013990,5110,5120,5030,5090,149415,758526380,-0.59,167397558240,161756430.0,,20250915
123860,20000,20500,19400,19850,45748,907524485,-0.5,240649787750,154714190.0,-234311190.0,20250915
025980,8560,8600,8430,8520,809184,6877829200,-2.07,800634019080,1990517125.0,-590570915.0,20250915
125210,7200,7320,7100,7180,89284,642236775,0.14,118446952200,130713320.0,-21480.0,20250915
357580,9150,9400,9030,9280,80909,743312140,1.42,104124049920,72956120.0,306240.0,20250915
052710,13200,13210,12720,12870,123834,1588087035,-2.5,188096452830,-231849100.0,-424582035.0,20250915
074430,1024,1024,1000,1008,153958,155256702,-1.18,88529458752,11912100.0,,20250915
092040,4065,4400,4060,4220,941960,4040854832,3.94,232177424340,1090796074.0,-283013870.0,20250915
083930,14380,14520,14130,14510,88824,1273939785,1.26,212966882990,264364995.0,8643880.0,20250915
149950,9040,9100,8820,8880,22138,197219120,-1.77,138594600000,37661500.0,-516700.0,20250915
036010,7250,7630,7250,7540,200421,1491237815,4.43,100228722360,244187685.0,-130.0,20250915
050860,2060,2080,2060,2065,28877,59704258,0.24,46462500000,-3415150.0,-2070.0,20250915
136410,10820,10820,10420,10540,51266,539406410,-2.68,116141377240,-162228660.0,19448520.0,20250915
246720,6470,6570,6430,6490,13947,90724750,-0.15,94376022400,-12577880.0,,20250915
450950,12300,12450,11900,12200,166535,2040954400,2.69,456366522400,58065065.0,126954955.0,20250915
067390,548,550,538,539,734493,397756456,-1.64,217301935081,-53113069.0,,20250915
159010,3785,4100,3740,3840,273077,1079235275,3.23,51205397760,71069775.0,-67218685.0,20250915
127710,1105,1121,1084,1107,22041,24337445,0.18,38638818774,,,20250915
154030,2230,2230,2145,2170,84063,182585680,-2.25,26174251390,-29790320.0,,20250915
227610,991,991,919,927,177317,166775977,-3.84,33100769997,-1892831.0,,20250915
331740,14610,15940,14610,15350,562279,8645893385,5.72,147807176200,-48554380.0,-80324435.0,20250915
143160,18000,18200,17970,18000,4767,85862460,0.0,192895020000,-618460.0,1712570.0,20250915
054800,12130,12300,12010,12300,11759,143126810,1.74,127277398800,-13404990.0,4398950.0,20250915
332370,5450,5520,5400,5450,11368,61787845,0.0,72341806700,-1733375.0,264950.0,20250915
066430,1520,1609,1503,1510,477762,745478978,0.0,59121748760,-40132415.0,,20250915
339950,2055,2070,2020,2060,104889,214666305,0.73,92590109300,850045.0,41423700.0,20250915
469750,1442,1690,1441,1601,39202114,63265891131,10.41,54428366081,635517550.0,54.0,20250915
460470,3075,3100,3020,3020,37309,113131405,-1.95,45592547400,-8069240.0,-867680.0,20250915
099190,18300,18470,18060,18450,143110,2625320955,0.27,508978784700,-455914130.0,45718700.0,20250915
461300,20300,22400,20300,22250,160230,3486794200,9.61,294655259250,518764050.0,-144350.0,20250915
289010,1835,1836,1816,1818,25110,45687941,0.0,25352475408,-10618103.0,,20250915
214430,91000,92200,88700,90700,36385,3271264000,-0.55,644583132000,-139980200.0,176324900.0,20250915
040910,3925,3985,3895,3950,17806,70028820,0.64,73368386250,13653600.0,,20250915
368600,2220,2220,2150,2150,20483,44496210,-2.27,37707443900,-4782860.0,,20250915
456010,12800,12860,12330,12600,291875,3674768180,6.69,169100517600,4455690.0,-1279300.0,20250915
052860,2370,2430,2340,2395,61884,148497165,1.91,42781535330,-6180910.0,,20250915
464500,3295,3320,3200,3270,79693,259534603,0.62,45659870010,-30048565.0,,20250915
212710,11100,11160,10560,10680,348573,3757738345,-3.7,99168905040,-527166105.0,104542040.0,20250915
038880,184,189,182,183,2304861,423667596,-1.61,68756975025,-174738364.0,26431.0,20250915
307180,2830,2900,2545,2600,430293,1156484385,1.76,74002825000,-159309810.0,-604685.0,20250915
101390,0,0,0,396,0,0,0.0,5140810224,,,20250915
461030,10300,10560,10030,10340,211633,2163026000,-1.15,144943535000,-162841280.0,-23769260.0,20250915
451220,11280,11550,11010,11230,137847,1550830730,-0.18,88431881530,194915315.0,22300.0,20250915
090150,800,800,760,794,62602,48875307,2.06,33248982642,1122147.0,,20250915
123010,798,798,774,781,95683,75056589,-0.13,25506321302,-7089558.0,,20250915
031310,1650,1658,1629,1644,61358,100706381,-0.24,43327690692,-10313503.0,,20250915
462980,2465,2495,2425,2430,79004,193161285,-0.82,44309681910,-6430660.0,-84567480.0,20250915
185490,2880,2915,2720,2755,243552,674813320,-4.34,74467054920,-4132255.0,,20250915
059100,5520,5600,5370,5400,23923,130156620,-1.28,38182644000,-4280470.0,,20250915
262840,2210,2225,2205,2210,28103,62126015,-0.23,46705930050,-8313580.0,,20250915
175250,0,0,0,2170,0,0,0.0,81501658560,,,20250915
052460,2735,2785,2690,2695,48614,131648975,-1.82,39368387520,-11694010.0,,20250915
119830,6730,6730,6360,6600,455505,2968745765,-0.9,145975777200,-609328775.0,58430.0,20250915
052770,512,533,500,500,172142,88273170,-2.34,28980317000,-5585347.0,,20250915
124500,18200,18570,18000,18510,186895,3419190405,0.49,429515794770,483335910.0,8258880.0,20250915
010280,1217,1225,1195,1210,445700,537338789,-0.98,78799781060,-61870122.0,,20250915
232830,2355,2360,2285,2325,29743,69168925,-1.27,27219872400,-20929760.0,,20250915
372800,6030,6140,5810,6070,22956,137752810,0.66,36705229300,17351410.0,,20250915
084850,12010,12460,12010,12120,30585,373346950,0.0,274917160080,-38897360.0,1684420.0,20250915
309710,17920,17960,17600,17880,32616,579173150,-0.11,224984057880,-46151910.0,33343140.0,20250915
114840,23350,23650,22550,23250,204165,4692172975,-1.9,402687675000,2356316200.0,-1367848075.0,20250915
027360,2285,2315,2280,2315,245581,563738793,1.09,280451614890,81969291.0,-74060.0,20250915
032080,1370,1370,1361,1368,7206,9826967,-0.22,29399727672,-219178.0,,20250915
013310,3295,3295,3215,3245,289059,936320927,-1.52,125927358590,42564545.0,8517290.0,20250915
059120,8080,8240,7810,8020,722424,5798420800,2.82,78183739920,553575430.0,-20.0,20250915
203690,0,0,0,4425,0,0,0.0,76921522875,,,20250915
158430,8220,8230,7990,8010,263427,2122485255,-0.74,199052737290,-717335715.0,83302470.0,20250915
200350,8680,8720,8520,8550,18567,159150030,-1.16,85466013750,-29711160.0,-188050.0,20250915
321820,6060,6060,5800,5960,29382,173722890,0.0,92924600960,-29363920.0,-493920.0,20250915
001540,7810,7890,7810,7860,9222,72248565,0.13,102513421200,-663775.0,77030.0,20250915
053800,61600,61900,61000,61000,39267,2402857450,-1.29,678716866000,-1400498950.0,-26355450.0,20250915
065660,24750,24750,23750,23950,45896,1105123425,-2.84,239646095000,212443350.0,-155836500.0,20250915
297570,963,975,875,915,143524,133087418,-2.66,31678414470,-2175028.0,,20250915
260660,4350,4350,4265,4310,52316,224880082,-0.92,66059460510,-8873560.0,1683675.0,20250915
354320,22650,22800,22400,22650,6620,149368400,0.0,144764779650,-7753900.0,,20250915
361570,2310,2420,2250,2395,333906,788712232,2.13,68840181945,16281382.0,-37848195.0,20250915
131370,2975,2975,2925,2945,98739,290593133,-1.01,156871559435,-11594133.0,14850.0,20250915
140670,15630,15640,14800,14970,192537,2913173630,-1.71,139268005800,-339167655.0,160469510.0,20250915
096610,0,0,0,2965,0,0,0.0,51550708615,,,20250915
061040,2650,2735,2615,2720,128915,346459787,2.64,87282784480,-56587765.0,15.0,20250915
148250,6250,7390,6230,7210,616097,4313403205,15.73,68110505120,684407110.0,-2079680.0,20250915
347860,2935,2955,2840,2880,511274,1471619169,-1.71,111487567680,-214518265.0,,20250915
196170,495000,497000,488000,491500,223630,110102154000,0.0,26278031772000,-11374047750.0,-9381131750.0,20250915
123750,1674,1700,1650,1665,28498,47607976,-1.13,21222584505,-2507322.0,,20250915
085810,625,633,619,625,184224,115440681,0.32,31160243125,11338407.0,,20250915
043100,1657,1780,1652,1729,254729,436563036,3.59,29578134404,128861811.0,,20250915
117670,6300,6440,6220,6400,10703,68282480,1.59,39292595200,-6015930.0,,20250915
314140,6650,6730,6470,6620,15956,104562670,-0.45,57371309820,-33786630.0,,20250915
291650,1134,1134,1104,1119,219861,245230745,-0.36,32764601988,-6605823.0,,20250915
293780,8260,8680,8160,8640,167725,1417757520,4.6,232254950400,76060570.0,65270.0,20250915
310200,4215,4235,4130,4150,364337,1519457090,-1.54,213855048550,-203621110.0,-33761900.0,20250915
179530,3230,3535,3230,3290,795298,2690008229,1.86,41639253320,146529293.0,,20250915
397810,10650,10650,10270,10280,127408,1321245150,-2.93,52882273200,42279680.0,6191900.0,20250915
900100,840,849,810,818,108143,89243673,-2.62,37658504856,-10094217.0,,20250915
052790,6030,6140,6030,6140,1996,12161620,1.15,69570117320,-2359680.0,,20250915
290740,5480,5490,5360,5390,4592,24799400,-0.55,54250409290,-1532170.0,,20250915
238090,1905,1905,1870,1880,40106,75461576,-1.0,44257649640,-13761733.0,,20250915
092600,608,615,597,605,20280,12219246,-0.49,15175527785,79178.0,,20250915
129890,1068,1099,1043,1053,978109,1038548744,-1.4,53327510730,66260423.0,-1059.0,20250915
174900,13090,13090,12000,12310,161701,2013625430,-5.53,235034202190,25349510.0,-11986530.0,20250915
270520,1066,1071,1013,1025,1224530,1269115177,-4.21,198421591000,-558088117.0,2168452.0,20250915
255440,8200,8300,8100,8240,49368,406010300,0.98,107597920000,110442140.0,,20250915
030960,8360,8450,8350,8360,38760,326110130,-0.59,133592800000,66859960.0,,20250915
102120,12660,13200,12270,12810,851689,10882415785,3.14,227771445930,-69678870.0,-60.0,20250915
238120,3330,3365,3285,3310,22048,73077340,-1.19,47594145760,-9084415.0,,20250915
019990,7660,7660,7430,7440,161175,1206752140,-3.0,72585294720,-41544460.0,20.0,20250915
435570,12050,12140,11860,11970,17672,211316860,-0.83,91175286510,-49929800.0,,20250915
270660,17400,18620,17050,17760,981107,17521656020,6.22,218309507520,-971906845.0,85159220.0,20250915
038680,3940,3970,3910,3955,44372,174441060,0.51,78754499110,-52357735.0,3515.0,20250915
217480,0,0,0,499,0,0,0.0,54756837359,,,20250915
121890,1541,1561,1520,1536,78677,120875980,-0.32,20415661056,47213681.0,,20250915
304360,22400,22450,21800,22400,56778,1257632350,1.36,265659430400,123690200.0,-50.0,20250915
389500,24400,24600,23300,23950,204918,4894452125,3.68,151697000800,-513442725.0,131432950.0,20250915
042110,1360,1371,1359,1368,95677,130308340,-0.22,66114843552,33721677.0,,20250915
298060,1209,1209,1140,1182,92327,109391637,-2.31,46651563696,10696459.0,,20250915
065420,282,283,271,272,398128,109706264,-3.2,19469025328,1159608.0,,20250915
103230,5100,5100,4860,4945,325589,1611461007,-6.17,35604000000,75640129.0,0.0,20250915
260970,127200,134000,122400,126900,44893,5637011500,-2.53,367090482600,24023500.0,-263245000.0,20250915
101490,51400,54300,50100,54000,368045,19400022100,7.57,1158378138000,-2511562400.0,3603828550.0,20250915
095910,1688,1688,1661,1674,61242,102550411,-1.47,38339322354,-8354189.0,,20250915
275630,3425,3475,3400,3475,11397,39059411,1.46,20912511775,-969933.0,1097490.0,20250915
031330,3080,3155,3065,3150,502232,1568276110,2.77,314984461050,181883918.0,181483732.0,20250915
060540,1320,1333,1312,1319,15890,20938147,-0.08,34469830614,-3736542.0,,20250915
056190,25950,26350,25550,26050,138037,3572089925,1.56,935423198000,27683275.0,178714550.0,20250915
0008Z0,45150,45600,44500,44750,135539,6068395550,-4.07,422286239000,74068350.0,-295982475.0,20250915
246250,0,0,0,1969,0,0,0.0,30220617614,,,20250915
041510,141800,142900,139400,141600,103825,14625264550,-1.12,3241888104000,4554754400.0,-3371909600.0,20250915
460870,6550,6550,6250,6360,304568,1927282130,-2.9,126076213440,184996490.0,-425029575.0,20250915
007820,4645,5450,4580,5090,13817304,71584955469,10.65,101972785140,221684864.0,,20250915
464080,11610,11780,11210,11450,413122,4760260600,2.51,202456953500,-360481880.0,107424590.0,20250915
109610,3450,3450,3380,3400,143813,488143519,-1.16,166285160000,-53955598.0,-3400.0,20250915
365330,4350,4350,4245,4265,146137,625482872,0.35,130551650000,-207288949.0,,20250915
306040,4205,4205,4075,4150,55428,227044037,-0.36,40943186200,-7132510.0,5780.0,20250915
398120,3220,3220,3110,3140,21012,66138895,-1.41,35512458000,-7627040.0,,20250915
457940,2085,2090,2075,2090,23161,48212050,0.24,6917900000,0.0,41888100.0,20250915
472230,2030,2040,2030,2040,4820,9810450,0.25,8476200000,0.0,8266170.0,20250915
473000,2050,2055,2050,2050,10021,20543055,0.0,6785500000,0.0,20500000.0,20250915
473950,2040,2040,2037,2037,5200,10607400,-0.15,9003540000,0.0,10200000.0,20250915
455910,2070,2080,2070,2075,7169,14881523,0.0,10416500000,0.0,6565300.0,20250915
475660,7270,7870,7070,7720,239011,1810298470,5.9,61218326200,-87872425.0,31757970.0,20250915
096630,660,660,640,643,186866,120670236,-1.68,51042379088,-15587286.0,-8303029.0,20250915
069510,14880,15100,14710,14880,17924,265909725,0.0,162340800000,719525.0,18656220.0,20250915
234300,3930,3940,3880,3915,49376,192652753,-0.38,107741641725,-62524895.0,,20250915
039440,19920,20250,19620,20100,300985,6000111845,3.34,318183000000,124721950.0,361086990.0,20250915
098660,2000,2030,1987,2015,4299,8635946,0.9,25189466640,-2645040.0,,20250915
052020,8280,8310,8030,8050,195515,1586308025,-2.66,547265492550,-67607995.0,,20250915
237690,96000,96300,94200,95300,119701,11387963300,0.11,1920570226400,-1726373300.0,-1126168900.0,20250915
050760,1697,1697,1651,1678,27546,46121783,0.06,27409589684,-4759596.0,471143.0,20250915
288620,13060,13230,12720,12780,144746,1868611185,-2.29,89195658480,52752605.0,-76450.0,20250915
443670,6730,6730,6600,6640,63386,421720435,-1.04,164282842880,-5483675.0,,20250915
317830,10150,10700,9950,9990,2280399,23541247340,1.63,107630441820,-397426355.0,30930.0,20250915
058610,28950,29200,28100,28600,395696,11310562325,0.7,634272496000,-717554650.0,185364425.0,20250915
043340,502,502,497,502,53962,27024999,0.0,47690000000,-474109.0,,20250915
163280,17060,17630,17060,17420,61443,1068000710,2.17,142404824380,169951295.0,17173750.0,20250915
054630,0,0,0,1580,0,0,0.0,12594094680,,,20250915
200710,23500,24900,23100,24850,992128,24018616200,8.75,334004426700,1588294775.0,1631057250.0,20250915
475580,11840,11970,11540,11710,444502,5223139845,0.17,159547579000,-252291700.0,105700.0,20250915
096690,1712,1749,1712,1720,30426,52390106,-0.29,41515731160,9731929.0,,20250915
298380,104600,106100,101700,104200,644849,66894247450,-1.04,5686724899000,2456831900.0,-6453224650.0,20250915
203400,5220,5320,4965,5270,307252,1582540970,-0.94,155234595600,140375350.0,-414855.0,20250915
195990,217,217,210,211,763412,161910254,-2.76,60069531131,-37079563.0,-290828.0,20250915
003800,28800,29350,28800,29300,7076,206604950,1.74,324937000000,7722050.0,,20250915
088800,2250,2250,2180,2205,37941,83607810,-0.45,166491686970,-17308720.0,-10.0,20250915
241840,9000,9150,8880,9000,51510,463654580,-0.77,85859946000,31665030.0,1583825.0,20250915
364950,9850,10200,9580,9720,324415,3198694890,-1.32,79034671080,-59493840.0,-147761080.0,20250915
453860,21500,21550,20450,20850,22208,463599825,-1.18,117952932750,10363000.0,50.0,20250915
312610,1395,1395,1351,1364,57590,78850592,-2.22,27630395232,-6079360.0,,20250915
172670,9360,10000,9300,9390,503823,4868714470,0.97,84136832010,-571564205.0,-4014990.0,20250915
481070,22150,25300,22150,25100,205457,4924544875,16.47,355416000000,1057448350.0,-1145704125.0,20250915
445090,31250,31650,30700,31500,77050,2406583450,3.62,342457290000,16163100.0,-19532950.0,20250915
295310,26150,26600,26000,26150,91401,2400933725,0.19,311235495650,47357925.0,-314515800.0,20250915
072990,11770,11790,11500,11670,34825,404723700,-0.6,85953237720,107194435.0,11680.0,20250915
044990,14740,14800,14310,14640,2450,35726140,-0.68,117647976960,-8715220.0,,20250915
239610,11170,11260,11000,11030,2600,28877440,-1.25,59475028450,993470.0,-625450.0,20250915
036170,898,899,880,885,123951,109673424,-1.45,54308579010,-1862071.0,,20250915
462020,2060,2065,2060,2065,3325,6849660,0.24,8972425000,0.0,0.0,20250915
477340,1998,2000,1998,2000,34521,69012648,0.0,15020000000,1202300.0,62213083.0,20250915
148930,3640,3710,3640,3695,5455,20063555,-0.14,37597412035,3760.0,,20250915
376270,24650,24950,24350,24500,31751,779878350,-0.61,173426606500,28102575.0,-716250.0,20250915
044780,1378,1515,1310,1380,852314,1202389765,0.73,25537986060,-9981238.0,-13788610.0,20250915
357230,2740,2755,2680,2690,109062,294837585,-2.36,113220720030,10150735.0,,20250915
355690,8700,8710,8410,8510,50186,427883900,-2.18,45996379800,12056150.0,,20250915
071670,6190,6240,6050,6190,22501,138302705,0.0,61900000000,202240.0,20.0,20250915
045660,13330,13330,13010,13040,22586,295769730,-1.21,107710400000,-79650320.0,13050.0,20250915
224110,11630,11900,11360,11410,32575,374372360,-2.14,60929400000,-155497720.0,-1992060.0,20250915
021080,2725,2745,2655,2730,280588,755918695,0.18,131040000000,61741670.0,39996180.0,20250915
200470,3200,3445,3155,3410,1034843,3437894616,7.23,144454737130,558692870.0,-229460545.0,20250915
262260,5890,5930,5820,5900,33447,196605330,1.2,85362096800,-23428940.0,20.0,20250915
397030,27900,28500,27550,27750,821322,22950320150,-0.54,626218404750,-2182207450.0,-32370325.0,20250915
230240,17440,17620,16210,16300,160610,2671678430,-6.86,216936700000,-881849505.0,-466574560.0,20250915
159910,714,714,691,695,57466,40195255,-2.66,27722408810,-5265148.0,,20250915
230360,14160,14350,14070,14140,120423,1708576680,-0.14,444957930060,-76552525.0,-40027020.0,20250915
038870,3930,3945,3870,3895,44967,175337700,-0.89,54588226355,-30098014.0,3905.0,20250915
097780,989,1000,973,985,47955,47004247,-0.4,66714382930,-4489136.0,-871148.0,20250915
448280,15500,15500,14800,15260,79135,1191820670,-1.48,452171028540,-418764510.0,25981010.0,20250915
101360,21450,21700,21050,21100,85586,1820418050,-0.24,375287005400,-500557500.0,-280166925.0,20250915
128540,1921,1941,1892,1893,70470,134271378,-1.41,50525040780,-43043959.0,-19.0,20250915
086520,49800,50800,49500,49500,762016,38058411575,0.81,6720919524000,6776726475.0,-13655606575.0,20250915
247540,120000,122000,119300,121000,379217,45733984150,1.68,11833962624000,-1497456700.0,4483966000.0,20250915
383310,24950,25500,24950,25000,47245,1189400050,1.21,524373300000,131044900.0,-112743200.0,20250915
038110,3560,3560,3485,3505,214554,752598731,-1.13,144298641850,92811566.0,1092915.0,20250915
073540,2555,2640,2485,2620,75968,193275515,1.95,29868000000,32141425.0,,20250915
064850,8930,9140,8790,8890,86288,778747425,0.11,101437851480,81291910.0,192965.0,20250915
036810,32150,32200,30350,31200,496543,15420923325,9.86,685038057600,-3064571650.0,877572850.0,20250915
173940,3170,3245,3110,3125,2395,7504315,-1.42,48102525000,-2775000.0,,20250915
083500,12780,12880,12140,12400,72171,894700270,0.08,106338952800,-137003730.0,12340.0,20250915
054940,713,721,708,715,59815,42549486,0.28,23719086820,-3507780.0,,20250915
950130,0,0,0,5260,0,0,0.0,198448396320,,,20250915
373110,2820,2895,2790,2870,172319,493264345,1.77,31393385940,-5374800.0,,20250915
205100,2585,2585,2445,2490,3247959,8087312933,-1.58,177941146920,-484392841.0,128535458.0,20250915
356680,7650,8000,7370,7490,2822443,21691848140,4.32,213790755080,-217975065.0,-1122000.0,20250915
070300,1525,1737,1522,1654,1909110,3150201791,8.96,38549907012,294202810.0,-8400000.0,20250915
317770,4180,4225,4035,4100,959640,3972157589,-1.44,135877530100,77249441.0,0.0,20250915
373200,561,561,549,560,253779,139997187,-0.18,61602988160,30632874.0,,20250915
069920,1914,2090,1885,2045,574530,1140219281,6.84,83442466290,325364622.0,,20250915
092870,13570,14150,13410,14000,399952,5523901375,6.63,182711158000,1277096330.0,,20250915
317870,13260,13330,12800,13060,15567,202239860,-0.99,111617538140,7643500.0,50.0,20250915
067570,2310,2320,2280,2300,111148,255402209,-0.86,96991000000,-24456365.0,-19890.0,20250915
236810,3150,3165,3100,3145,72313,225973780,0.0,53387714770,-27017485.0,0.0,20250915
333620,7300,7340,7240,7320,17564,128107110,0.27,77272438080,9494420.0,36530.0,20250915
101400,336,342,334,337,234678,79266025,0.3,23067896010,4608498.0,0.0,20250915
475230,14070,14090,13740,13920,154322,2142360905,-0.93,145145774880,-349416955.0,182870730.0,20250915
078860,1331,1379,1331,1360,52869,71560680,-0.07,80732669520,12799767.0,,20250915
451700,2095,2095,2085,2095,31984,66782605,0.0,30063250000,-2090.0,-20145270.0,20250915
466910,2070,2070,2060,2065,9637,19881355,-0.24,18791500000,398545.0,6197070.0,20250915
481890,2070,2105,2070,2085,38892,81470800,0.72,13229325000,1832235.0,0.0,20250915
265740,6550,6610,6340,6360,345231,2219057895,-5.07,113612496000,-211078465.0,30011710.0,20250915
354200,1822,1822,1795,1804,53505,96625858,-0.99,45168782912,-9194472.0,0.0,20250915
455900,23150,23300,22450,22950,179709,4104942600,3.38,348452856450,-194213600.0,-510090600.0,20250915
419080,6100,7100,5830,5890,2367370,15570017645,-2.81,62321954530,-571819845.0,-22074600.0,20250915
208860,1881,1881,1837,1846,47287,87485357,-0.75,62671650158,10605701.0,,20250915
183490,1112,1135,1101,1113,188159,208915399,-0.54,94677970506,8376800.0,12630129.0,20250915
182400,0,0,0,3685,0,0,0.0,263029901475,,,20250915
348370,78300,80000,75800,79600,377777,29584883850,2.98,1729311512400,-5490308000.0,9529606600.0,20250915
069410,5270,5270,5010,5040,96961,493158580,-4.91,51633912960,-99151870.0,0.0,20250915
227950,512,527,486,497,1922035,959472954,-2.74,85752900359,-120029592.0,369127.0,20250915
291230,1423,1430,1402,1417,178694,251867821,-0.35,62483713175,-17843375.0,,20250915
048830,1184,1191,1173,1186,61065,72150595,0.51,22206572678,-4152260.0,,20250915
096870,3225,3340,3205,3220,50438,165878308,-0.16,21504448000,6204570.0,,20250915
290650,57400,65200,57100,64700,2631208,164197242000,9.11,1592839595000,-3311652100.0,11059642450.0,20250915
156100,10040,10040,8740,8860,786216,7234031425,-10.14,178827068120,-2791741525.0,-235778070.0,20250915
0041J0,2010,2015,2000,2010,47607,95314299,0.0,8261100000,5696189.0,3703235.0,20250915
073110,6290,6300,6240,6290,4273,26809140,0.16,55954298950,-5669790.0,,20250915
083310,13260,13300,12940,13150,213836,2801139705,1.47,234201933950,-222127905.0,-225500.0,20250915
037950,910,910,890,896,247525,222673938,-0.67,75664977024,13740950.0,,20250915
489500,22450,22900,21050,21750,100908,2199203725,-2.25,136547718000,-713520250.0,-12451200.0,20250915
170920,14590,16510,14590,16480,1170420,18554790200,14.37,160454158080,1383885540.0,953469840.0,20250915
058630,5930,5960,5870,5910,59416,350690190,-0.84,115504313070,-90677120.0,-3692620.0,20250915
226590,15840,16110,14730,15900,2024199,31302613215,2.65,169029465600,-1072969020.0,1994038115.0,20250915
058970,44900,45000,44150,44900,61486,2743968600,0.9,554382006200,-255880425.0,100917325.0,20250915
169330,2055,2080,2005,2080,9698,19845050,0.24,38036789440,93935.0,,20250915
373170,8190,8390,8150,8370,12633,104829400,2.2,42167474100,1469280.0,,20250915
179290,7230,7660,7230,7520,171076,1279140330,4.16,243389898560,221338570.0,-90674180.0,20250915
009780,13200,13280,11890,12430,1306229,16295492990,-0.48,218768000000,-1755147910.0,-36304390.0,20250915
123040,2440,2475,2435,2435,82693,202838445,0.0,152499908065,-13123310.0,-8630.0,20250915
432980,3880,4065,3815,4000,24362,97051740,2.83,34366968000,14631560.0,,20250915
413390,7010,7130,6880,7010,63118,439476870,0.86,81177061800,125590220.0,-106389670.0,20250915
032790,913,926,910,922,105755,96718725,0.99,42121975680,21451891.0,,20250915
033160,8780,8880,8650,8870,99682,873485205,2.78,195728355970,307907655.0,8781750.0,20250915
347890,6300,6980,6300,6640,868585,5809027250,6.07,112303674560,526197895.0,-1042455.0,20250915
033310,2150,2175,2095,2160,275274,589030212,0.0,87139218960,67315333.0,,20250915
259630,12340,12470,12200,12430,71463,881479895,1.3,151119664080,152914350.0,-4603910.0,20250915
105550,2430,2485,2370,2480,420120,1015189285,2.48,194201486480,-179796175.0,,20250915
060850,6620,6690,6550,6660,8032,53132440,-0.45,54152460000,-12872610.0,1409970.0,20250915
143540,724,796,719,750,597926,446903363,4.17,33449921250,76221453.0,26107926.0,20250915
265560,7510,7590,7400,7550,17586,131463495,0.53,80710859000,-32536295.0,-7390.0,20250915
036000,3330,3330,3255,3320,39747,130261350,-0.45,76473799640,-21884710.0,-6585.0,20250915
250930,477,478,466,469,119099,56109235,-1.47,15477206360,-9647032.0,7364.0,20250915
053280,3925,3950,3915,3930,46339,182005751,-0.51,98250000000,-50550760.0,51085.0,20250915
122640,19380,19940,19200,19840,195539,3823533885,3.71,423580448640,511993360.0,271024320.0,20250915
476040,37200,37750,36050,37200,146111,5384339925,-2.49,243839824800,263191525.0,35470175.0,20250915
900300,361,373,360,362,909888,331190948,0.56,34752805088,13445412.0,,20250915
045060,2555,2560,2530,2540,21630,54991500,-0.59,43032613960,344070.0,,20250915
192410,1504,1549,1474,1535,93198,141011389,2.13,45459672770,44098718.0,,20250915
080520,3205,3270,3200,3260,24654,79649470,1.72,38293945340,-1661925.0,-2115.0,20250915
039830,20050,20350,18760,19000,393333,7578858045,-6.17,204494910000,765961160.0,-477211095.0,20250915
322310,24600,25300,23800,24750,157909,3857033525,2.06,231821914500,-127293150.0,233807850.0,20250915
046120,3525,3525,3425,3450,445761,1540332772,-2.27,94700726700,111387843.0,20.0,20250915
475830,32350,33250,31950,33100,180477,5892995950,2.8,697386614200,676509900.0,-1026016400.0,20250915
014940,11520,12030,11180,11200,3088137,35661678715,-8.5,510425003200,-678992550.0,-187716600.0,20250915
065500,2960,2960,2850,2860,781516,2248075290,-3.38,90784728320,-567847968.0,,20250915
010470,6200,6200,6120,6140,7347,45164365,-1.29,73526807000,-8894680.0,20.0,20250915
417860,14260,14800,13670,13790,29423,410280825,-3.23,61375690810,-172552215.0,,20250915
352910,4160,4220,4130,4210,11849,49457197,1.2,53205146420,-8491845.0,,20250915
053980,3535,3535,3460,3490,30357,105764631,0.0,66249912670,-20155412.0,,20250915
036220,16880,16880,16300,16490,16255,266592705,-0.48,239260269840,8626395.0,-74513400.0,20250915
052420,1883,1893,1774,1778,5321476,9670167904,-5.53,162101102772,-285354294.0,-11755431.0,20250915
052300,2800,2840,2775,2820,37050,103781736,0.36,47559703260,24983979.0,172960.0,20250915
039200,43050,43450,42300,42850,172791,7384633925,-1.49,1639234291600,3126201750.0,-1086702625.0,20250915
226400,8180,8180,7810,8050,214693,1704583735,-1.11,166325888050,27784210.0,-185370855.0,20250915
031510,1086,1086,1071,1084,18614,20102532,-0.18,30352000000,-36078.0,,20250915
342870,12700,12960,12510,12510,323271,4102479020,-2.04,68087163690,10768870.0,-12620000.0,20250915
368970,2445,2525,2425,2505,9116,22412012,2.45,23412130800,-1688195.0,0.0,20250915
138080,11280,11280,10570,10990,64680,696927120,-0.9,116758804050,-43839100.0,10870.0,20250915
080580,7760,8100,7680,8090,454262,3580967585,5.89,155664115230,5109475.0,,20250915
067170,1924,1950,1918,1921,37160,71776787,-0.1,45895773205,-10627737.0,,20250915
353590,3015,3040,3005,3010,18526,55858200,-0.66,38755465700,842860.0,0.0,20250915
173130,6690,6690,6470,6560,73476,478023435,-0.91,85584862880,-143324740.0,,20250915
440320,4645,4680,4505,4640,56253,256272371,-0.75,45495200000,-40545371.0,,20250915
049480,2500,2535,2485,2525,244233,612420296,1.41,79341517075,-228477340.0,,20250915
394280,12350,12690,12220,12370,81389,1007165660,0.57,272541641530,-30955605.0,-62976550.0,20250915
309930,3150,3330,3105,3160,244930,790933170,0.32,77379071680,-63016630.0,0.0,20250915
476060,36450,38250,34800,37350,1009400,37245365300,3.03,413233303500,-854173125.0,295636075.0,20250915
382150,10050,10110,9780,9830,75839,749525320,-2.96,118136320710,36989035.0,-1245430.0,20250915
244460,0,0,0,1651,0,0,0.0,8980622755,,,20250915
226950,87200,91500,85000,90700,1100643,97937292750,4.13,1823679866800,-2942415000.0,4718661200.0,20250915
057540,860,861,842,844,163297,138786096,-1.86,50175255620,-4971178.0,5784875.0,20250915
131030,8200,8200,7950,8000,85410,685398610,-2.32,129225296000,-16646900.0,,20250915
082210,1928,1938,1913,1915,42817,82215115,0.0,63563396210,-2679905.0,,20250915
109080,9150,9280,9040,9090,25284,230469410,-0.33,51231240000,-21802780.0,,20250915
380540,1872,1923,1840,1901,536653,999386011,1.55,92071781241,199630058.0,,20250915
153710,5250,5270,5180,5250,13641,71022280,0.0,77017279500,-157810.0,-39447810.0,20250915
432430,5170,5170,5050,5080,39263,199389000,-1.55,83862265600,-63763040.0,,20250915
338840,13840,13840,13300,13640,393654,5305811165,-1.52,203906828840,-1923532555.0,429598410.0,20250915
122990,6040,6060,5980,6010,35426,213058575,-0.66,166305913330,-11364930.0,64909895.0,20250915
232140,12070,12150,11720,12010,559535,6662412720,1.18,985364653500,-382483750.0,164883155.0,20250915
112290,22800,22850,21600,22100,92490,2043677875,-0.23,223443044500,-772098600.0,-67071325.0,20250915
065530,1418,1454,1409,1441,322736,463543336,2.56,76171260000,21894251.0,,20250915
067900,6790,6800,6610,6670,15436,102744450,-0.6,121391725530,-15852680.0,13020.0,20250915
007530,2750,2970,2750,2910,136554,390629330,4.86,64759812210,124877900.0,0.0,20250915
155650,3695,3745,3550,3695,110193,403303735,-0.27,71957752810,96140625.0,,20250915
273640,9030,9090,8900,8980,11052,99150120,-0.55,98474680000,-2224605.0,20.0,20250915
251370,11450,12400,11190,12330,280050,3329804905,8.73,201157341120,101906735.0,365041320.0,20250915
209640,3875,3920,3810,3850,107483,413221460,-0.26,54753056050,-41044760.0,-6609990.0,20250915
096250,17020,17190,15440,15520,350165,5601263800,4.37,203258238720,-783112565.0,269218700.0,20250915
273060,1052,1063,1044,1058,121053,127317999,0.86,53386237756,-20647172.0,,20250915
019210,5500,5500,5420,5430,87047,473945025,-1.27,182305837170,13443005.0,-3708190.0,20250915
122870,97300,98200,96400,97600,143692,13949408850,-0.61,1824246382400,4467261450.0,-4573585700.0,20250915
079000,5530,5660,5510,5660,19205,107300985,2.35,40752000000,-487870.0,6628170.0,20250915
403490,1845,1920,1827,1857,2039830,3822837437,0.32,84589068648,-24780488.0,245847.0,20250915
032820,3875,3890,3760,3820,6270182,23869015739,-1.8,632327105920,2120484232.0,640355900.0,20250915
041190,10860,11100,10750,11030,1063664,11615242170,1.38,926520000000,907414300.0,-678924715.0,20250915
115440,6890,6890,6790,6840,152885,1046188935,1.03,73832957280,-9515.0,7277760.0,20250915
046970,1337,1350,1302,1316,990762,1309265300,1.62,57673698684,81642748.0,,20250915
082850,2420,2430,2385,2400,349753,840343725,-0.62,116295787200,160966935.0,-12000.0,20250915
215360,8570,8570,8400,8460,37877,320845740,-1.28,77258098980,-4098910.0,-67680.0,20250915
072470,3270,3385,3250,3320,31092,103257540,1.07,62705972120,8147365.0,,20250915
073560,1570,1584,1561,1580,95740,150564128,0.64,109395475940,-6884572.0,6609259.0,20250915
037400,1105,1122,1105,1116,58278,64954661,0.0,29265254136,-2122823.0,-23971.0,20250915
153490,710,719,690,710,182006,127134417,0.0,36550800000,-5546400.0,,20250915
101170,5530,5620,5440,5520,229723,1272966320,0.73,74520000000,92205980.0,0.0,20250915
066590,2920,3120,2920,3090,185181,564584515,3.87,120735891360,68929245.0,-59240.0,20250915
103840,4835,5080,4775,4895,1606961,7913852219,1.56,80113665060,45352592.0,,20250915
101970,18500,20100,18230,18700,45052,861443640,-2.45,272042158300,-90283205.0,209144590.0,20250915
046940,3300,3300,3170,3195,117596,377008362,-3.18,57747548250,2876146.0,,20250915
215380,1759,1769,1710,1735,56407,97535558,-1.36,29199314360,-30642016.0,,20250915
065680,41350,42150,39500,41950,39090,1580600350,4.09,387637758450,-370479850.0,-7550.0,20250915
018620,975,989,951,961,111839,108770847,-0.41,27762610573,2490006.0,,20250915
457550,23250,23300,22350,22600,221822,5016440725,-3.62,209532261400,10465550.0,-384582675.0,20250915
396470,7930,8030,7790,7900,85502,675142705,1.28,127348000000,62295240.0,,20250915
307280,5520,5520,5450,5490,11159,61068550,-0.54,40580992980,-982520.0,1440850.0,20250915
032940,7240,7840,7230,7470,1509014,11436035480,2.75,135903428100,-2107183715.0,0.0,20250915
240810,45200,45600,44050,45000,855890,38398642925,1.47,2208775545000,-1077065250.0,2508343275.0,20250915
074600,22000,22150,21450,22000,519246,11336666700,3.04,578336000000,-2627157250.0,3493992675.0,20250915
104830,27700,27850,26500,26750,372979,10028884175,-2.01,337264000000,-5058415300.0,81608825.0,20250915
014190,1527,1535,1518,1530,46796,71420851,0.46,54161856180,16364926.0,,20250915
217820,2770,2850,2770,2820,181204,507971896,1.81,133821856380,-26490171.0,-191735.0,20250915
030530,11360,11900,10700,11780,5167257,59355000405,4.9,909863416180,-658394215.0,3273872555.0,20250915
012620,8490,8560,8400,8520,5138,43722650,0.35,37488000000,125990.0,-1303620.0,20250915
136150,23500,24650,23200,24200,106144,2534956400,5.45,202820926000,704530850.0,-1071700.0,20250915
382840,8970,9120,8970,9090,21451,193882690,1.0,138818671290,37141270.0,-6672060.0,20250915
336570,10970,10970,10130,10400,1420476,14722412480,-1.33,935676528800,-3496285785.0,423346520.0,20250915
376980,4300,4340,4245,4260,29716,127088487,-0.93,41604838440,-19265158.0,4275.0,20250915
008370,4435,4580,4405,4515,40154,180455779,1.92,54180000000,-110090.0,1672930.0,20250915
008290,548,561,536,544,92620,50434176,-0.73,22137361376,-6898027.0,,20250915
101160,23950,24500,23600,24500,186891,4515534625,5.38,404519328500,-243812650.0,153581200.0,20250915
336060,1142,1147,1118,1143,254801,288260365,0.09,55041393600,-52594373.0,,20250915
095270,5880,6150,5840,5950,72584,432446670,1.71,89078973200,-51965020.0,,20250915
289930,9230,9370,8910,9130,108591,982427640,-1.3,114303884090,233772490.0,-572670.0,20250915
065950,2050,2065,2020,2035,54924,111814725,-0.73,57450699570,-16232377.0,,20250915
076080,1606,1609,1581,1590,44400,70716374,-1.0,35924708040,-6453041.0,,20250915
043590,677,684,666,671,20377,13736097,-0.89,18208767302,-1103500.0,-11315.0,20250915
196700,1478,1479,1442,1476,32887,47962167,0.75,21201476544,-2767291.0,,20250915
069080,14100,14370,14000,14280,85504,1210099690,0.21,494100623520,-186844930.0,249031650.0,20250915
053580,14430,14430,13950,14060,45149,634737720,-2.7,191725646880,-260657220.0,170930300.0,20250915
479960,12690,12860,12600,12740,9843,124811185,0.47,87281740000,17346525.0,40.0,20250915
377460,0,0,0,4080,0,0,0.0,253187202960,,,20250915
044340,5920,5920,5780,5890,15802,91996290,0.17,105274473250,-26326560.0,-13020.0,20250915
330350,7200,7210,7080,7140,24586,175046300,-0.83,94263272460,-12940080.0,0.0,20250915
348350,8860,8930,8760,8790,12279,108132230,-0.79,89513844000,-11760760.0,-893050.0,20250915
112040,28250,28400,27950,28150,66207,1865486750,-0.35,955649796450,-325054750.0,-194860075.0,20250915
101730,6990,7090,6960,6980,22509,157666315,-0.99,584946936280,-6929235.0,-32268860.0,20250915
123420,10050,10050,9860,9980,22850,227318865,0.0,114469023160,-59573155.0,9970.0,20250915
065370,7360,7380,7120,7130,47121,339012485,-2.73,52647592020,-51836225.0,2750.0,20250915
038620,605,605,595,602,353357,213687108,0.17,45589137930,-7840277.0,-47962.0,20250915
299900,913,932,911,921,387616,356424013,0.99,157536022164,63477380.0,13792859.0,20250915
036090,721,721,711,718,279675,199959298,0.28,85005659912,9076341.0,,20250915
459100,6680,6680,6580,6610,22916,151432385,-0.75,83563620000,-27379445.0,-5090630.0,20250915
136540,12780,12800,12500,12560,12390,155703820,-1.8,154233609760,-17369430.0,-8925240.0,20250915
097800,565,573,526,538,4350128,2383104678,-3.06,62650223202,-389155341.0,,20250915
192390,2700,2715,2660,2700,34194,91954567,-0.55,29787018300,-14853484.0,,20250915
335870,2380,2425,2340,2360,14270,33852445,-1.26,39531116280,-1957830.0,,20250915
900340,1124,1125,1103,1106,100574,111731569,-1.07,55666006368,-19296147.0,,20250915
036200,9050,10390,9020,9610,6775579,65976751490,9.83,294683183030,2274782585.0,-958907090.0,20250915
018000,1213,1321,1205,1221,6732547,8490258783,1.58,208440344673,248847578.0,-152597288.0,20250915
203450,3265,3270,3210,3260,27880,90270440,-0.46,45897562820,-1805290.0,,20250915
011320,4010,4030,3950,4010,42944,171403215,0.0,77475986950,-27132665.0,-15.0,20250915
086390,19950,20700,19050,20700,867771,17335462080,7.42,437476408200,-2093088880.0,3170539520.0,20250915
241690,3300,3360,3295,3330,121906,405128357,1.06,81487450980,39730139.0,,20250915
142210,6360,6610,6330,6600,472980,3071025770,4.1,138666468600,41754030.0,-330000.0,20250915
389680,630,631,618,621,278767,173344365,-0.8,25828920765,-15244967.0,0.0,20250915
088340,17480,17560,17200,17480,42579,740688780,0.11,76179028640,-111105355.0,,20250915
048430,8180,8310,8080,8170,57008,462764320,-0.24,94118400000,-189912900.0,,20250915
206650,14380,14400,13940,14200,261244,3684770785,-1.18,520064151200,477597165.0,61046980.0,20250915
089850,6130,6160,5950,6050,215721,1303049080,-1.14,89117703950,215619615.0,-6540.0,20250915
084440,1065,1099,1064,1067,38090,40657962,0.19,21033557600,-2263453.0,7594436.0,20250915
032620,4260,4285,4210,4270,181858,773035172,0.47,222881783530,103487540.0,60374637.0,20250915
264450,9270,9300,9100,9280,11185,103083640,0.11,138442594240,-8590100.0,22308880.0,20250915
078070,10230,10280,10110,10200,48625,495350990,-0.29,179568674400,20992980.0,-141690.0,20250915
024800,2480,2530,2470,2490,7853,19548225,0.0,92259011880,-7129110.0,,20250915
054930,22500,22550,22300,22400,14254,319332850,-0.44,67200000000,-95609150.0,400.0,20250915
069330,1201,1213,1196,1201,22947,27579349,0.0,17043500291,2996911.0,,20250915
049520,3300,3310,3240,3275,71870,234499580,-0.76,105610248100,-39573025.0,-15974415.0,20250915
444920,2070,2075,2065,2075,3020,6259600,0.48,10873000000,0.0,1128150.0,20250915
446150,0,0,0,2305,0,0,0.0,10994850000,,,20250915
449020,2115,2120,2110,2117,7428,15712180,0.09,20598410000,-697950.0,0.0,20250915
450940,2075,2080,2075,2080,4285,8891714,0.24,9443200000,0.0,-807171.0,20250915
473050,2025,2030,2025,2027,7786,15767537,0.1,14209270000,0.0,8117.0,20250915
474490,2010,2020,2010,2015,8825,17792946,0.0,11102650000,0.0,6192970.0,20250915
493790,2000,2005,1999,1999,68014,136047991,0.0,10614690000,3048000.0,20654000.0,20250915
263770,2180,2210,2125,2155,33629,72619385,-1.15,51073870660,2313885.0,,20250915
388720,77000,78400,75000,76900,196971,15121991350,3.08,883044699400,-800540750.0,173412250.0,20250915
340930,1772,1772,1735,1742,140453,245473894,-1.86,59584151900,-27149272.0,,20250915
023410,3420,3440,3405,3420,84993,290491215,-0.15,264403151460,-9399105.0,-789325.0,20250915
056080,12330,12470,11740,11980,5073151,61195428000,3.45,449395580960,-1965841440.0,97750290.0,20250915
468760,2115,2115,2100,2110,3857,8133325,-0.24,8946400000,10575.0,6541000.0,20250915
488060,2025,2045,2025,2035,17241,35114925,0.25,9605200000,-28490.0,-331730.0,20250915
084370,57500,58100,55000,57800,393669,22421587650,5.67,1324547227600,-433026200.0,2063982500.0,20250915
240600,4730,4730,4625,4660,23564,109946195,0.43,32285183660,1675590.0,0.0,20250915
221800,3190,3255,3155,3215,52520,167035360,0.31,36288335140,595645.0,,20250915
179900,25800,26750,25600,25800,86938,2263613575,-0.77,495883249800,199513425.0,-394363700.0,20250915
263050,1650,1660,1560,1621,63265,102464312,-2.35,59709301576,2870750.0,,20250915
191410,1688,1699,1670,1687,40943,68940917,-0.3,18901578185,-4797971.0,,20250915
372170,33300,34750,33000,33850,50085,1702184250,5.78,270090774800,430805775.0,-51018850.0,20250915
146060,1250,1260,1240,1260,55737,69763949,0.8,30259649700,-2139371.0,,20250915
072770,1305,1415,1264,1410,3298314,4456355630,11.99,104498671530,624057737.0,-3835962.0,20250915
039020,5250,5310,5220,5270,162504,853517810,0.0,119021416430,221716070.0,-6990770.0,20250915
067920,5640,5640,5600,5630,20404,114574465,-0.18,61908149970,-15533290.0,48261460.0,20250915
044960,4450,4680,4325,4375,1993911,8994602226,2.22,55308238125,-201811068.0,-135.0,20250915
303530,6610,6610,6420,6490,7560,49137425,-0.92,47632050510,-12606990.0,6460.0,20250915
296640,6480,6480,6320,6440,10409,66473250,-0.62,33347942880,-19639490.0,,20250915
302430,7560,7640,7480,7580,14967,113289470,0.26,74535716640,4766570.0,,20250915
462350,15850,16290,15700,16270,30472,491067640,3.63,153209611380,169063595.0,-162560.0,20250915
274400,4640,4695,4540,4590,14869,68132210,-1.08,41707002870,-8711485.0,,20250915
073490,22150,22150,21550,21850,30366,663026350,-1.13,166144035100,23647175.0,18327400.0,20250915
215790,447,447,441,441,61935,27548358,-1.34,17764868709,54470.0,,20250915
344860,1800,1800,1749,1755,19489,34362796,-2.5,21112650000,1882198.0,,20250915
088390,11000,11290,10850,11000,38920,430369295,0.18,103244284000,-22542410.0,-22150.0,20250915
272290,24400,24650,23950,24200,106064,2567277725,-0.41,489509323600,-398787025.0,-166199500.0,20250915
053350,9900,9990,9260,9980,174146,1694631340,-0.1,197513341680,-50735735.0,,20250915
452400,10610,10750,10550,10660,28828,306083630,-0.28,96701422480,-174770.0,,20250915
264850,5350,5800,5260,5400,2997492,16522693395,4.25,163590904800,-622799715.0,22370660.0,20250915
054210,7510,7650,7420,7490,48477,363523140,-0.66,189431162900,12540560.0,-22350.0,20250915
009730,922,929,905,907,583289,530818750,-1.73,56122595004,13199542.0,,20250915
065440,1678,1690,1650,1660,111503,185348149,-1.07,45276533200,-501154.0,0.0,20250915
424870,6030,6080,5870,5980,945293,5628907015,-0.17,441958292620,-456632345.0,0.0,20250915
115610,829,840,822,823,63205,52405755,-0.72,19453693774,759683.0,,20250915
478110,2010,2020,2010,2020,14997,30215170,0.5,10140400000,396955.0,0.0,20250915
131400,2165,2185,2090,2100,1157510,2453306588,-2.78,125138752200,-448864058.0,,20250915
351330,9160,10290,8980,9880,3768531,37118001605,10.14,81890577600,-10102990.0,,20250915
080010,6400,6410,6310,6340,7055,44902410,-0.78,62354350140,-10909080.0,,20250915
086890,5500,5580,5480,5540,239110,1319639355,1.28,218903283120,322994520.0,-141100390.0,20250915
047560,23200,23250,22050,22200,200979,4520416450,-0.22,259415702400,-1276516575.0,83356400.0,20250915
900110,0,0,0,77,0,0,0.0,49484095276,,,20250915
239340,2305,2310,2210,2250,111320,249022350,-1.32,60704176500,-38526825.0,,20250915
067010,2660,2660,2635,2655,6515,17288592,-0.19,32640570000,-1449250.0,,20250915
456070,11540,11620,11340,11600,36024,411487460,0.26,126460938000,16363740.0,,20250915
102710,47600,49100,46900,49000,319450,15355856125,4.81,700103964000,663597875.0,-759662200.0,20250915
041520,8360,8360,8100,8250,20338,166608650,0.73,100557022500,21472910.0,,20250915
063760,2155,2190,2130,2130,13009,28133687,-1.16,19862526900,-1591965.0,,20250915
123570,2300,2325,2270,2290,14760,33785510,-0.43,51012218620,-7502400.0,,20250915
083470,979,1032,970,1010,279159,281502401,3.17,21553732290,19622416.0,,20250915
095190,2080,2080,2025,2035,115927,236668610,-2.86,132805040170,-11048160.0,-995645.0,20250915
091120,9680,10020,9680,9870,45700,449775330,1.33,169102078320,50564940.0,-33597030.0,20250915
039030,219500,222500,215000,219000,78040,17085147500,0.92,2697981450000,-4507070250.0,941630250.0,20250915
294090,0,0,0,1490,0,0,0.0,52267866450,,,20250915
088290,1046,1052,1035,1040,35973,37424666,-0.57,41475578560,-6193143.0,,20250915
353810,6100,6100,5930,6030,207475,1244673830,0.17,199483977600,-329409995.0,140860500.0,20250915
099750,17360,17380,16900,16920,29133,495312315,-2.7,115644409920,-113674360.0,-2910.0,20250915
377330,4485,4560,4460,4460,97091,436058292,-0.89,36304194840,-837397.0,4510.0,20250915
035810,3910,4025,3910,4015,213389,848990994,2.95,259032482775,195516543.0,-7910.0,20250915
092130,17280,17490,17270,17410,21331,371385235,0.29,209679076000,102773580.0,4065660.0,20250915
134060,4460,4520,4460,4505,3105,13914845,0.45,21485471250,84505.0,,20250915
001840,0,0,0,1616,0,0,0.0,36010355776,,,20250915
041830,27700,27700,27000,27500,33563,917192650,-0.72,370724255000,39866350.0,-8453950.0,20250915
352940,2250,2345,2250,2280,6054,13732720,0.44,24778424400,-64095.0,,20250915
079950,667,690,667,685,54550,36920884,2.7,15892000000,-8901947.0,,20250915
389470,42650,47650,41650,47400,591979,26673138350,10.23,509991436200,3148461450.0,680387600.0,20250915
277410,1270,1273,1258,1259,64085,80903920,-0.79,48360084795,-81600.0,,20250915
060150,4835,4850,4810,4825,48962,236413256,-0.31,224669427900,2064940.0,-353197.0,20250915
033230,2120,2125,2070,2090,664256,1388440825,-1.42,105577144200,-97297410.0,,20250915
450520,4140,4150,4055,4055,46659,190593355,-1.82,59627063790,-19869360.0,,20250915
465480,6300,6390,6290,6360,18647,118289625,0.79,64476229920,12757710.0,-5020.0,20250915
037330,1449,1479,1445,1472,63210,92289741,1.59,64599049728,13817201.0,,20250915
100030,18740,18900,18610,18810,9981,186870770,0.37,61766660340,21911820.0,,20250915
211050,12730,13160,12570,13160,164971,2114178285,3.38,676158168000,232778755.0,33646130.0,20250915
083640,323,325,318,318,158405,50679941,-1.55,24715071618,3801.0,98247.0,20250915
064090,2165,2210,2095,2175,111265,236338070,0.46,108190470375,-50951975.0,-27285.0,20250915
216050,7970,7990,7810,7840,28879,226938295,-1.13,100690860480,-30995050.0,-13916560.0,20250915
049070,15730,16000,15690,15800,42884,678644070,2.0,271760000000,56740595.0,-41008770.0,20250915
119610,20100,20100,19710,20000,16256,322779900,-0.5,246975640000,18152550.0,-109899280.0,20250915
017250,1128,1160,1118,1149,37549,42824277,0.26,24181241583,363152.0,956606.0,20250915
051370,9380,9700,9250,9420,251006,2369684235,2.39,219744786240,36790820.0,-47100.0,20250915
064290,15700,16500,15150,16200,552655,8617960230,6.09,208396184400,-42410655.0,93410.0,20250915
189300,46650,47500,46100,47100,35893,1674663450,0.0,505540031400,493549650.0,-900751550.0,20250915
287840,39000,39150,37000,38600,500266,19157806675,0.0,573117360000,-5116153300.0,1349225375.0,20250915
150840,0,0,0,5850,0,0,0.0,251537720850,,,20250915
048530,4100,4190,4010,4120,182147,746042719,0.73,140701139440,-7451869.0,-4080.0,20250915
115310,79900,83500,78000,78100,24414,1968882200,-0.89,249364162300,65452350.0,84707050.0,20250915
039290,5950,5980,5870,5890,24721,146110725,-1.67,51207530420,-3886470.0,5910.0,20250915
071200,6100,6230,6030,6070,45080,275779680,0.33,148086500060,-35355000.0,,20250915
101930,54800,55000,52500,53800,14602,777706100,-2.18,496729051600,-75911450.0,37400.0,20250915
333430,8760,8990,8410,8540,2249588,19510305250,-4.79,262406419380,228998815.0,-86219655.0,20250915
068330,1687,1731,1687,1700,166437,284495254,-0.58,75167438000,-18577789.0,,20250915
178780,3055,3055,2970,2995,20400,61074755,-1.96,53218739025,-3367800.0,,20250915
019540,4130,4135,4065,4075,33734,137608725,-1.57,55067512500,-29092770.0,769805.0,20250915
094820,10410,10580,10060,10180,100611,1024493030,-3.23,153501257620,-198385205.0,84322440.0,20250915
950140,12890,13100,12710,12990,115644,1493022120,0.78,258083579340,-68582330.0,-7564745.0,20250915
049550,3155,3155,3050,3080,7942,24374267,0.0,60387333160,-672650.0,,20250915
389020,36600,36900,35750,36200,16638,601126375,0.84,224357826000,-81571975.0,14552500.0,20250915
254120,1410,1419,1396,1401,39049,54645119,-0.43,43086732270,-2675775.0,,20250915
043910,722,722,702,705,1017989,721066935,-2.35,79940977185,1916855.0,-28622.0,20250915
234920,5530,5730,5460,5580,78000,434641115,0.9,75502477800,98822110.0,,20250915
289220,6400,6400,6130,6350,28383,176539305,0.47,141682603350,-51958865.0,2546190.0,20250915
174880,0,0,0,2650,0,0,0.0,11610352250,,,20250915
049630,751,757,743,753,482064,362101151,-0.13,76649240460,61569426.0,-33696.0,20250915
417840,13490,13600,12990,13260,98248,1293981825,-0.3,96304065000,90226630.0,-70.0,20250915
110020,2955,2955,2795,2805,49574,140948467,-4.1,25409827410,-3312725.0,,20250915
208140,2705,2705,2680,2690,53465,143661227,0.0,87920621740,-22994272.0,-1018710.0,20250915
040420,6420,6450,6390,6430,20111,129110590,0.16,100806659360,-18233690.0,27481810.0,20250915
045510,1023,1025,995,1010,51268,51696228,-1.46,32531384920,7529179.0,-141751.0,20250915
217190,8460,9580,8360,9160,460068,4180420750,8.27,80325633840,145360135.0,-1471080.0,20250915
095700,5580,5630,5390,5430,141833,771573305,-2.69,247284882420,-86556920.0,-1070.0,20250915
122310,5280,5280,5190,5260,4986,26057690,-0.19,76553219440,4700510.0,,20250915
361390,16460,16600,16230,16260,16141,263282500,-1.51,143100829140,-82238650.0,2597260.0,20250915
225220,2575,2575,2430,2455,158546,392619524,-3.35,47111501555,-23449171.0,,20250915
123330,26900,27100,26050,26550,72798,1923069175,-2.39,211568454000,690183375.0,-466411775.0,20250915
381620,13430,15430,12950,14290,8410272,122258536320,17.52,187455076800,-1748427105.0,-51652530.0,20250915
159580,4530,4550,4480,4545,68636,309819522,0.22,91048330620,-27469122.0,-5.0,20250915
147830,6450,6480,6360,6420,84401,540500595,-0.31,128400000000,-36347625.0,,20250915
033100,35100,35300,34900,34950,68384,2396036550,-1.41,561381194550,146037275.0,-139171625.0,20250915
079370,13490,13780,13310,13690,281561,3818575240,3.17,424622593100,283924460.0,-59845915.0,20250915
054950,33500,34050,33050,33300,105095,3506396150,0.15,402593403600,1380258825.0,-66137750.0,20250915
023440,1574,1595,1505,1561,986221,1523544877,-1.2,135749586420,-143973553.0,2257520.0,20250915
090470,3685,3730,3650,3700,21262,78427048,0.54,64663397800,6931725.0,,20250915
137950,3615,3645,3590,3615,36210,130806475,0.14,80498147610,28178640.0,5.0,20250915
033320,5160,5220,5130,5150,113671,587316810,0.0,98439324800,31983420.0,15510.0,20250915
417500,3165,3290,3105,3270,127517,407821417,3.97,107206112880,63263218.0,38512705.0,20250915
204270,20900,21600,20350,20800,491998,10244614075,-1.89,1203248092800,32897525.0,845882825.0,20250915
127120,17490,19800,17490,19420,1030920,19683903500,11.8,576267002060,8596315575.0,13340275.0,20250915
026040,3510,3515,3340,3410,203027,687926074,-3.13,56277923900,170156838.0,,20250915
452160,8800,9400,8350,8560,1611443,14326239240,-1.04,82326031120,13324555.0,0.0,20250915
126880,4490,4525,4415,4520,152836,684502192,0.0,104886161560,66503429.0,-113045.0,20250915
322510,6070,6090,5680,5730,312643,1807774415,-6.07,146280551160,156995135.0,-869317380.0,20250915
033050,871,871,844,844,25878,22110865,-3.1,27496964648,-1865.0,,20250915
094970,2835,2835,2745,2780,121256,336944970,-1.24,46560107200,-26410235.0,8508350.0,20250915
418550,8310,8420,8120,8140,199789,1637434305,-1.81,260623858220,-154518350.0,-789202940.0,20250915
420570,9430,9570,9210,9570,19552,183319110,1.48,55960412310,25386940.0,-84420.0,20250915
089790,4270,4385,4165,4280,182617,780880831,3.13,44150395640,86124960.0,,20250915
0010V0,17080,17360,16690,16810,212598,3611184810,-1.64,85821774000,94479220.0,20599480.0,20250915
052670,0,0,0,2080,0,0,0.0,60588453120,,,20250915
412540,0,0,0,3935,0,0,0.0,81063616775,,,20250915
199820,10520,10690,10470,10640,184097,1954542910,1.24,236420800000,-66620760.0,-10605370.0,20250915
038010,7080,7160,7000,7090,84115,594896760,-0.98,63810000000,13284550.0,10473570.0,20250915
080220,19110,19380,18150,18660,1880964,35160491880,1.63,642703263780,-3575027120.0,595510510.0,20250915
216080,6170,6250,6100,6220,43405,268177120,0.97,223039981960,41606420.0,9506890.0,20250915
337930,5450,5480,5400,5430,41910,227607540,-0.55,161143259250,-15449960.0,92580.0,20250915
229000,1599,1599,1580,1590,17381,27585426,-0.25,25627343340,1179900.0,,20250915
082270,53200,53300,49000,49000,437424,21857304375,-8.24,2071934914000,-4904409025.0,-143741450.0,20250915
034940,1197,1209,1175,1207,181604,215378911,0.84,37392651189,-12802470.0,,20250915
067000,1721,1734,1704,1714,69312,118992757,-0.29,119814506444,-24522557.0,850140.0,20250915
033340,1995,2010,1923,1970,1805441,3561428176,-2.96,190992599260,463583212.0,,20250915
036930,29400,30150,29050,29750,587702,17395963925,3.84,1406232549750,-3509398050.0,3043317025.0,20250915
072020,9950,10170,9900,10020,79636,797310820,1.83,96780043740,32690365.0,,20250915
000440,14400,14480,14290,14440,6433,92477400,0.77,89919757200,-17959650.0,50.0,20250915
051980,2615,2630,2535,2610,1263571,3265647759,0.19,265704000390,107877905.0,-683760.0,20250915
228760,21700,21850,21200,21600,136186,2929963775,-3.14,526535467200,89806375.0,1835950.0,20250915
314130,2815,2835,2770,2810,63986,179848565,-0.18,87350297150,67174683.0,,20250915
389030,2015,2030,1945,1992,308706,609036985,-2.11,66436875240,-58420332.0,,20250915
263860,21200,23100,20200,21650,84040,1841922150,1.41,196573340000,-504945875.0,200.0,20250915
303030,905,930,905,914,96212,88764208,-0.11,33885351746,-9406738.0,,20250915
036180,0,0,0,577,0,0,0.0,53929030348,,,20250915
208350,2975,3015,2975,3010,17248,51774539,1.18,26604032490,3148845.0,0.0,20250915
446840,2120,2120,1950,2000,921631,1843910435,-6.98,110524586000,85291192.0,-920720481.0,20250915
144510,20300,20400,19980,20150,13882,280078280,-1.71,318376931600,28385270.0,-1108490.0,20250915
340450,8500,8600,8300,8580,410043,3469038255,6.32,202923803940,-291217180.0,-45033040.0,20250915
358570,20050,20600,19500,20450,866103,17384886855,2.25,1286981506450,-5464088815.0,1174984740.0,20250915
382480,2100,2105,2075,2095,47044,98271425,-0.48,82453208300,426360.0,,20250915
382800,3210,3320,3190,3265,131346,425530275,1.71,103928348865,-9799995.0,,20250915
051160,8400,8400,8190,8330,96703,798206180,-0.36,128902001900,106844895.0,-367987665.0,20250915
053050,2795,2805,2755,2780,80848,224451155,-0.36,83365519660,11028020.0,0.0,20250915
388610,19450,20000,19020,19210,150355,2906110105,-1.23,100577969890,-428686410.0,-270062565.0,20250915
119850,34700,35950,34050,35200,174441,6157714350,0.57,579001596800,830873900.0,-644240875.0,20250915
065060,864,872,851,866,85446,73474713,0.58,20611496264,-1043486.0,-4199790.0,20250915
204840,1090,1097,1076,1095,158972,172120561,-0.45,84550650570,4931101.0,,20250915
311320,7010,7120,6900,7030,53641,376652920,0.57,88680356800,39446470.0,13940.0,20250915
456160,161800,203500,160100,199000,1798032,332587925245,16.17,1067773106000,8426952350.0,-2835275300.0,20250915
388050,8760,8770,8470,8570,237961,2038540630,-2.17,160339875090,-11278455.0,98008650.0,20250915
018120,19240,19290,19200,19230,784,15076465,0.31,127324137600,-40.0,-885130.0,20250915
109820,2420,2485,2420,2480,46607,114287950,1.64,50576227200,21259785.0,,20250915
086060,4485,4535,4380,4465,103238,459376065,0.68,38446270955,4043115.0,,20250915
036890,12960,12960,12440,12620,264468,3319730380,-2.02,283726222160,1681014265.0,-2216476710.0,20250915
363250,4915,4915,4750,4780,23316,112556315,-2.75,33664574440,7676405.0,,20250915
007370,5810,5880,5810,5860,44753,261756570,0.86,77696333600,-60971740.0,,20250915
285800,2025,2025,1997,1999,16066,32271581,-1.28,34937062730,-5603520.0,,20250915
085660,11410,11410,11180,11260,168314,1895420800,-1.66,860558820580,-159865575.0,-30138900.0,20250915
261780,2780,2815,2710,2790,24759,68077266,0.54,74954036340,1582476.0,,20250915
351870,6760,6760,6520,6520,4845,31818390,-1.21,72767385840,-3259890.0,,20250915
094850,7260,7280,7160,7270,101251,731001810,0.55,101780000000,119505585.0,-27130.0,20250915
004650,10070,10100,10030,10100,9433,94889970,0.3,92827938500,-19283970.0,-1668750.0,20250915
278280,43350,43950,43250,43250,13339,580989575,-0.23,432500000000,-65290575.0,-70083550.0,20250915
362320,8200,8270,8070,8270,350787,2875365650,1.6,174094168300,-198679370.0,223290.0,20250915
066360,806,839,802,831,187933,154860102,3.23,39848124465,27564952.0,,20250915
047820,7360,7360,7080,7180,169345,1216406075,-2.58,175579217400,-176274065.0,370011920.0,20250915
094360,16880,17030,16600,16810,79415,1332833770,0.66,356410225940,140513405.0,-49145480.0,20250915
016920,1200,1207,1193,1195,58299,69789595,-1.24,31659777910,-8688682.0,-345831.0,20250915
284620,0,0,0,1087,0,0,0.0,35965517911,,,20250915
293490,16300,16400,16260,16260,81097,1322161650,-0.97,1347408265620,-200250190.0,-251999810.0,20250915
140430,2290,2290,2230,2275,32190,72623975,-0.22,43457548225,9391505.0,,20250915
042000,40150,40600,39950,40400,74753,3006345725,-0.25,979823381600,-246674950.0,-119172825.0,20250915
313760,3275,3275,3080,3080,120052,377258960,-4.5,34518132880,-93800120.0,,20250915
317530,5030,5120,5020,5030,12099,61141410,0.0,50498453620,6003250.0,0.0,20250915
071850,1691,1717,1691,1714,4421,7568401,0.53,41583247732,1691.0,,20250915
198080,2330,2345,2300,2335,40092,93267890,0.21,50284656975,-9903545.0,,20250915
210120,1189,1290,1187,1271,1578242,1951946008,7.08,29973490955,446986669.0,-94054.0,20250915
050110,819,827,819,826,86193,70826066,-0.12,60978721468,-18774592.0,-4035.0,20250915
452300,3140,3160,3020,3050,134109,410697361,-2.71,43064490250,-23402295.0,,20250915
451760,8750,8780,8630,8640,31055,269799005,-0.69,131778973440,4968385.0,-4181720.0,20250915
900310,705,705,699,701,5652,3962415,-0.14,44893214175,-6974.0,,20250915
078340,40250,40900,40250,40300,25016,1012419375,-0.86,513331526500,-119090950.0,-100457700.0,20250915
063080,22500,22500,21750,22200,7148,157792600,1.37,146413262400,-81847650.0,1043600.0,20250915
307930,6570,6580,6420,6470,55349,358323215,-1.52,100996700000,-49831865.0,10.0,20250915
079190,474,487,467,473,160849,76571060,-0.21,18142158122,-22107504.0,,20250915
263700,6020,6070,5830,5990,190374,1132526540,-0.99,116291058000,-193525180.0,272546415.0,20250915
214370,63900,69900,62200,68800,483559,32305086750,10.61,3695592000000,-621536800.0,1770771450.0,20250915
221980,11200,11230,11140,11220,335,3743150,0.18,45270456000,-79340.0,11220.0,20250915
038530,262,263,258,261,410090,106705629,-0.38,30201444567,-29435186.0,,20250915
192250,12040,12270,11900,11900,105329,1273414345,-1.0,84098787500,-255170700.0,,20250915
431190,5100,5180,4940,5040,128034,643383920,-0.79,37731667680,-31172355.0,,20250915
115500,10530,10530,9990,10000,296934,3012773480,3.63,120000000000,-844447115.0,114840.0,20250915
089150,4320,4460,4235,4240,859179,3728248798,-1.85,72716000000,-151521088.0,4365.0,20250915
025880,2885,2900,2835,2880,82176,235584517,-0.17,48141671040,-5628040.0,-1444500.0,20250915
093320,91100,92200,89800,91100,17680,1606564250,0.11,444568000000,386509000.0,217467800.0,20250915
093640,4400,4400,4100,4120,83167,346665555,-5.29,134410266120,-114927800.0,,20250915
073010,6840,7120,6660,6680,2514277,17230780165,-7.22,268477550000,1808643490.0,61986250.0,20250915
105330,4240,4245,4130,4190,14946,62283430,-0.71,67291517320,-18345450.0,,20250915
053080,11490,11590,11360,11450,28510,326096855,0.79,148847790150,15250120.0,-7237640.0,20250915
199430,14500,14720,14020,14680,1236241,17856732515,3.75,159684826840,82894620.0,-57974700.0,20250915
432470,12450,12540,12190,12540,85798,1060126290,1.95,109995312240,28248000.0,12310.0,20250915
272110,21150,22300,20500,21850,289810,6213251275,4.8,175354880750,-377762950.0,-101000575.0,20250915
039420,3035,3045,2945,3010,128834,383992974,-0.82,72705737300,102192710.0,-55320.0,20250915
083550,3195,3195,3145,3145,15191,47989180,-1.41,40730539615,3560925.0,,20250915
032500,13810,14100,13760,13840,122892,1710845690,0.29,558581998640,-87471315.0,93039300.0,20250915
225430,650,654,633,641,28337,18169083,-1.38,17875599050,-2123555.0,,20250915
102370,4505,4840,4480,4830,878201,4134247192,7.81,131517084300,755915616.0,-40.0,20250915
068100,3055,3055,2910,2925,11059,32466938,-0.68,29073370950,-13476325.0,,20250915
106080,1807,1833,1740,1767,68281,120804368,-1.01,48907646217,-6103913.0,-3785738.0,20250915
455180,5610,5630,5430,5430,210215,1153952450,-3.21,65671353960,-219615780.0,,20250915
036030,5280,5450,5280,5350,83124,447140495,0.38,262253164050,2583780.0,-5389480.0,20250915
064820,13090,13390,12420,12500,1853449,23807776830,-7.13,386271600000,65465725.0,-247175850.0,20250915
024880,5590,5800,5500,5780,490521,2788330285,3.21,119546572440,-496283115.0,-150280.0,20250915
042040,257,258,250,253,392702,99083035,-0.78,49371830222,-8276104.0,12782.0,20250915
054410,3565,3660,3490,3490,12548,44945189,-2.1,19985289560,-265784.0,255505.0,20250915
258610,2080,2080,1956,1981,209309,417613100,-4.76,53065310473,-87599276.0,,20250915
274090,11350,11410,11180,11260,47139,531709240,-1.14,147559485000,-35520980.0,126182260.0,20250915
089010,29500,29700,28750,29550,219928,6421640900,0.51,453129924300,1190692025.0,325398700.0,20250915
220260,4075,4135,4030,4050,39667,161222109,-0.49,107561143350,6558152.0,4035.0,20250915
052400,53200,53300,49650,50100,279880,14146221075,-6.36,729620879100,-6580931100.0,30542925.0,20250915
402030,28600,28600,26850,27350,69280,1883109650,-3.01,313756136800,-445919325.0,192163400.0,20250915
391710,2950,3420,2950,3060,18617882,59964683651,5.34,128719163160,280577812.0,0.0,20250915
046070,0,0,0,10280,0,0,0.0,159196994920,,,20250915
047770,1962,1962,1889,1900,457288,872033637,-3.16,71900943800,116994256.0,,20250915
080530,1312,1312,1269,1276,67185,85984276,-2.22,70831876500,-4966171.0,,20250915
104540,5490,5490,5350,5410,51095,275387860,-1.46,69170853400,-38868900.0,-48624500.0,20250915
027050,2810,2830,2765,2795,245415,683784729,-0.53,111800000000,114312349.0,,20250915
190650,7130,7160,7070,7150,14615,104368370,1.13,45674200000,5736720.0,,20250915
123410,6990,7040,6830,7030,472500,3282005740,0.86,195722679920,77427030.0,-52098745.0,20250915
036690,0,0,0,2885,0,0,0.0,45885746130,,,20250915
049430,11400,11500,11300,11370,17802,202211520,-0.61,102875760000,42188800.0,-102330.0,20250915
183300,98200,98900,93800,96300,122406,11739837650,-0.1,1007363869200,1140777000.0,-922839400.0,20250915
041960,6610,7030,6610,6980,474137,3273292910,6.4,512048032660,998670650.0,-609627020.0,20250915
089890,12410,13170,12330,13150,223783,2864392170,6.13,218092250300,560306580.0,-25330.0,20250915
360350,7450,7540,7320,7520,13724,101876285,0.94,42901374400,-1184585.0,,20250915
082660,0,0,0,480,0,0,0.0,47827617120,,,20250915
222040,3780,3875,3780,3815,23715,90316350,0.39,78695820000,-10756200.0,24604530.0,20250915
241710,65200,65300,62700,64600,110399,7044145000,-2.42,689928000000,1454397100.0,219600.0,20250915
355150,11410,12560,11320,12330,247099,2994207480,8.06,96141325500,695541335.0,-115607350.0,20250915
166480,2260,2290,2220,2250,169319,382435655,-0.44,73958346000,65397470.0,65330.0,20250915
045970,6520,7000,6430,7000,1497698,10071072245,10.58,184204132000,1112007435.0,,20250915
196450,979,985,960,985,270136,262622193,0.61,44639788270,-10964025.0,,20250915
384470,5040,5100,4940,5040,179482,898530221,0.0,90451327680,52535556.0,-135237850.0,20250915
102940,35500,35800,34200,35000,55077,1918899475,-0.14,434818545000,692175850.0,-9685550.0,20250915
950160,49750,51900,47350,48450,826421,40268271225,-2.42,4021531445250,-9711142875.0,-1329366275.0,20250915
033290,2215,2285,2215,2255,82110,185239370,1.12,126632458755,32713245.0,4450.0,20250915
056360,5200,5320,5130,5150,26115,135246275,0.19,50453520000,-11561970.0,-3791160.0,20250915
282880,14550,14650,14250,14590,84583,1223861325,2.82,167338108300,27539390.0,-29370.0,20250915
121850,850,874,830,838,84087,70741062,-1.41,25654678650,-9783404.0,,20250915
448710,20250,20600,20000,20000,107784,2181407725,-1.23,105211780000,79863250.0,-214538425.0,20250915
126730,16440,19720,15880,17900,8185560,150459599855,7.19,152211934000,237919110.0,-74980750.0,20250915
015710,4120,4165,4100,4100,29089,119915710,-0.49,71875050000,6016640.0,,20250915
052330,8900,8930,8820,8870,17472,154817740,-0.11,157545294430,-60395080.0,29960290.0,20250915
322780,1332,1442,1323,1430,776385,1082793163,7.44,57300497540,285051303.0,92194.0,20250915
200130,16310,16570,16020,16400,207578,3393552585,1.86,482415151200,173122970.0,-14666340.0,20250915
294570,37950,38200,37000,38200,83751,3167262150,0.39,391728967000,-123254900.0,155695300.0,20250915
317690,4810,5240,4810,4905,636383,3200666357,0.41,95701312755,134629335.0,-4900000.0,20250915
227100,0,0,0,612,0,0,0.0,14770119384,,,20250915
432720,14300,14430,13900,14240,104039,1470985115,2.15,200678794880,86642990.0,,20250915
365270,6920,7010,6340,6430,1236141,8130939490,-10.69,90078866650,389314255.0,,20250915
348080,1007,1030,997,1030,300108,303866318,2.49,76078749920,39559958.0,5075000.0,20250915
060280,8920,9050,8830,8910,149840,1340133330,0.79,366111810900,-18971985.0,-111728960.0,20250915
372320,40750,40950,39900,40700,52413,2118942425,-1.45,585277436700,-844875725.0,-44570300.0,20250915
051780,749,770,747,750,24255,18243692,0.13,17431683750,-6767652.0,,20250915
115180,11950,12350,11660,12150,113119,1362596530,1.67,422996320800,-172825495.0,-148501050.0,20250915
445680,52000,55200,51200,53200,262267,14006351400,4.52,897725581200,-1003985150.0,998807400.0,20250915
182360,16470,16470,15150,15960,70116,1124124730,-2.92,257703007800,-124617010.0,-48341070.0,20250915
405100,14800,15200,14430,15040,133686,1977326080,2.94,184831087040,101747935.0,135303750.0,20250915
066310,7950,7950,7750,7800,14868,115685290,0.78,72318643800,5120140.0,70.0,20250915
016600,262,264,259,263,192175,50260368,0.77,46878990456,-4672530.0,-3375928.0,20250915
355390,6040,6040,5820,5910,180664,1064466705,-0.84,80394770160,-79912470.0,-83024540.0,20250915
096240,12940,13000,12820,12910,26004,335125325,-0.23,143793903800,-102484815.0,-6638630.0,20250915
040350,396,410,380,395,946967,368662617,-0.25,76316102585,50260401.0,,20250915
110790,4550,4595,4510,4510,9155,41746520,-1.53,105673629600,2535955.0,35.0,20250915
900250,856,860,837,850,310950,262946552,-0.47,111044003400,52740795.0,,20250915
045520,4100,4100,4080,4090,4564,18687747,-0.12,26585000000,1540.0,439990.0,20250915
214150,54900,55400,54000,55400,134875,7397834100,0.54,3629013508600,-1044754550.0,499551500.0,20250915
466100,27650,28050,26050,26800,5703740,153895452925,-0.37,663692325200,-11055340200.0,1002944725.0,20250915
237880,14240,14340,14100,14270,44786,634999465,0.28,257878207310,-130821840.0,21670680.0,20250915
139670,2365,2430,2355,2385,12906,30639514,0.85,33673361850,-5412726.0,,20250915
475430,5030,5090,5000,5020,36421,183129180,-0.2,89597512200,17781370.0,0.0,20250915
487720,2075,2085,2075,2080,14961,31115130,0.24,8798400000,646880.0,1220960.0,20250915
489480,2065,2065,2055,2055,9428,19457690,-0.48,13563000000,-488105.0,-16709980.0,20250915
054780,4595,4665,4420,4530,155808,703621611,-1.2,88551502290,98348298.0,4525.0,20250915
256940,11830,11830,11450,11610,89021,1033830470,-0.26,233107286670,-145961900.0,-34109350.0,20250915
219130,20050,20800,19650,20500,93950,1894373865,2.24,129442945000,-540726005.0,16562700.0,20250915
336680,4100,4150,4090,4105,33252,136631702,0.12,160692515590,-4320311.0,556110.0,20250915
360070,22350,22850,22250,22350,21319,480283575,0.0,182008186050,52957875.0,-22350.0,20250915
065130,3595,3635,3525,3545,21760,77266790,-0.7,57891558690,-6654045.0,,20250915
134580,2500,2610,2445,2505,492382,1246070345,1.21,123481843245,-55062310.0,12525000.0,20250915
023160,27250,27600,26800,27000,330313,8969035725,-4.09,715500000000,1584977025.0,-1537874400.0,20250915
323280,27450,27550,26500,26600,307723,8268727700,-3.97,811319418000,-1919093525.0,-39920425.0,20250915
053620,6670,6840,6590,6710,2981,19871580,0.6,57706000000,-589170.0,0.0,20250915
044490,33600,33600,32500,33300,184834,6089411950,0.45,666245787300,951671750.0,-1220435550.0,20250915
124560,3210,3220,3160,3175,294341,936398901,-0.78,126113892425,114938443.0,10.0,20250915
191420,17400,18360,17400,18160,21008,377548855,3.77,147256425440,150578390.0,650.0,20250915
073640,0,0,0,654,0,0,0.0,69571715580,,,20250915
066700,2900,2925,2890,2920,31605,91970625,0.0,108484937920,-2635325.0,48070.0,20250915
095610,41850,41850,38600,41450,939821,37690989250,10.09,819392967700,-4644830025.0,1444509300.0,20250915
064520,2020,2060,1959,2050,38345,77104799,1.49,45819677100,-3877242.0,,20250915
089030,43000,51500,41500,51200,3669701,171853245775,21.76,1912506624000,-4432919250.0,4581690050.0,20250915
054450,13300,13460,13180,13380,70951,945063970,1.52,202629837540,273733905.0,-1160300.0,20250915
200230,1252,1495,1223,1332,36584433,50815399838,9.99,91273345956,900834358.0,-55752151.0,20250915
393210,6850,6880,6730,6730,262962,1779984620,-1.75,105085881120,178999465.0,-1816260.0,20250915
475960,46600,48500,45750,47800,173586,8206171675,1.7,633554297200,-577054875.0,184552325.0,20250915
215480,2300,2345,2295,2315,10883,25268099,-0.22,21251700000,-4132870.0,,20250915
051360,16960,17000,16630,16860,74802,1251384885,0.0,270890597880,128002060.0,-329835845.0,20250915
045340,9320,9380,9110,9330,78162,721579660,0.21,79846513200,-104812720.0,,20250915
108230,4675,4750,4605,4710,93871,437726153,0.86,179089483950,-26684121.0,117750.0,20250915
079970,0,0,0,596,0,0,0.0,6807796888,,,20250915
199800,42300,42500,40200,40450,27529,1137720475,-2.76,347164349750,-308155225.0,-54436450.0,20250915
417790,8840,8930,8840,8900,38965,346311860,0.56,97896885000,99106160.0,-13314970.0,20250915
290090,8460,8810,8430,8790,44568,388117960,3.9,65399955720,30216620.0,8760.0,20250915
026150,6760,6800,6480,6550,146062,963173200,-3.96,114928468050,-285744090.0,15.0,20250915
464280,10410,10460,10210,10450,13410,138161070,-0.1,57788500000,-25546250.0,,20250915
117730,13000,13110,12360,12740,533862,6808212865,3.07,239283826600,-525406610.0,107153985.0,20250915
033830,692,692,685,686,70273,48282480,-1.15,68600000000,,-1851764.0,20250915
057680,1185,1270,1170,1256,828157,1023082095,5.99,89488117256,85389500.0,,20250915
204610,2205,2205,2125,2130,184177,395785508,-2.29,131211663600,-168079856.0,-11662535.0,20250915
125020,4800,4810,4715,4750,86117,409451495,0.32,162582121250,52422155.0,,20250915
064760,138000,143300,135700,140900,117387,16460313500,2.77,1645007500000,-4319755100.0,942255200.0,20250915
246710,2365,2495,2350,2370,467217,1123282458,0.21,51065982360,-89256486.0,-190117925.0,20250915
340570,54100,54500,53700,54000,19731,1066959300,0.75,438912000000,-269221600.0,81588550.0,20250915
043220,0,0,0,171,0,0,0.0,27227331873,,,20250915
277880,5520,5690,5410,5550,194800,1072847425,1.09,112144676400,-62518740.0,,20250915
131290,46500,46700,44550,46050,116251,5291534850,3.37,509378805450,-571889250.0,670552325.0,20250915
425420,43750,44650,42700,43850,103966,4519643775,0.34,499056850000,-276146850.0,-249035075.0,20250915
484810,19410,19910,18900,19000,938053,18187717760,0.64,293567385000,-679003980.0,79525750.0,20250915
131100,1659,1660,1607,1633,21463,34885758,-1.57,45802795516,-10542906.0,-982713.0,20250915
356860,41050,42800,39150,41150,1066277,43306693875,5.24,404612724500,-480251800.0,-2096590600.0,20250915
321550,6200,6270,6050,6150,308642,1899149065,2.84,166690270350,80731910.0,-123510940.0,20250915
425040,8390,8910,8180,8890,624888,5398478470,6.85,189615538980,-55793080.0,744355030.0,20250915
241790,7480,7720,7380,7700,123370,931515000,4.62,77020281800,224215130.0,-4412100.0,20250915
022220,836,847,788,841,102398,84695626,-0.36,43559240939,-5773852.0,311941.0,20250915
104480,1767,1774,1746,1770,175712,309119198,-0.11,160884918180,30036181.0,-3427195.0,20250915
081150,3230,3250,3190,3200,98426,316015909,-0.47,77658886400,-24730748.0,,20250915
130740,1867,2310,1797,2310,2349257,5082492111,29.78,26049128490,10933567.0,,20250915
084730,8200,8200,8150,8180,19220,156996040,-0.24,90875088320,2997220.0,-17539840.0,20250915
440110,17600,18290,17590,18000,420092,7506580795,5.02,889951194000,-273086835.0,322490405.0,20250915
288330,2020,2035,1961,1993,727277,1444057725,-0.6,165062603768,108613399.0,,20250915
033540,1335,1335,1316,1329,121883,161263137,-0.45,50171162727,-5180421.0,,20250915
388870,6240,6270,5960,6010,49107,296620970,-3.69,77805051320,-18911320.0,,20250915
043200,1189,1260,1154,1162,710604,838932533,-2.27,48576614030,-269235716.0,,20250915
214450,631000,635000,609500,626000,142521,88585775000,-2.8,6503919648000,38267350500.0,-38839937000.0,20250915
208340,0,0,0,2915,0,0,0.0,233786229820,,,20250915
177830,2940,2940,2895,2910,19264,56087885,-0.51,39267397410,2114350.0,,20250915
037070,5960,6000,5900,5980,59743,355523510,0.34,119600000000,-81209750.0,-5920.0,20250915
150900,4600,4615,4500,4590,21039,95981405,-0.11,53693461980,4369032.0,,20250915
037030,3260,3270,3070,3070,589892,1844652272,-5.25,77307211140,254928261.0,-19572340.0,20250915
047310,4395,4400,4290,4325,95210,412093839,-1.03,158341515375,53893969.0,-4310.0,20250915
368770,6100,6220,6070,6090,90576,554255830,-0.65,200082230250,114091150.0,-4074150.0,20250915
170790,8840,8890,8730,8750,20450,179642070,-1.02,58790278750,-39999340.0,87909400.0,20250915
049120,890,890,879,887,23862,21020505,0.45,47018378953,-37296.0,,20250915
038950,3390,3480,3380,3470,1951,6623067,2.36,35431354550,345300.0,10.0,20250915
387570,8370,8370,8110,8240,41429,339239070,-1.08,46357416000,23250400.0,,20250915
441270,12350,12680,12120,12470,1309199,16292867590,0.89,469371710310,-351206660.0,1183888740.0,20250915
106240,1127,1158,1097,1102,130556,144913424,-2.74,18733272680,-13418109.0,9.0,20250915
131760,899,900,826,868,536409,467475265,-3.45,37698614044,22142858.0,2635917.0,20250915
065690,1080,1095,1080,1095,15953,17366839,0.0,15384017445,-2422432.0,,20250915
140860,260000,265000,258000,260000,36682,9565454750,1.56,1818798020000,-218377500.0,480058250.0,20250915
091700,6470,6540,6470,6520,71549,465572990,0.31,371640000000,237987060.0,-7045080.0,20250915
032800,503,507,498,506,157879,79468523,0.8,23254271348,-12600120.0,,20250915
318010,4040,4040,3890,3890,44036,172666653,-2.87,30845124820,-19094198.0,-1010380.0,20250915
027710,1198,1211,1198,1209,170118,204981845,0.75,134702669400,11185685.0,-7208732.0,20250915
225590,911,920,885,911,49795,44542666,0.0,24266045543,4502049.0,,20250915
054300,893,898,860,865,903074,786082273,-3.14,100116734850,-55288285.0,,20250915
068050,2235,2235,2185,2210,158937,350153356,-1.12,61203907960,36687952.0,-696150.0,20250915
222110,6210,6300,6100,6240,13229,82018420,0.0,84203789280,4759190.0,,20250915
271830,1821,1865,1821,1851,58258,107520980,0.65,54586363902,3308301.0,-36404461.0,20250915
263750,34000,34450,33850,34050,144443,4929401275,-1.02,2187639462750,-1223934125.0,-242145025.0,20250915
251970,61900,62200,60000,60800,83757,5067774500,-1.78,753920000000,1257442850.0,-2308075700.0,20250915
168360,16360,17030,16160,16730,502226,8386316455,4.82,356152991320,1104947010.0,251671810.0,20250915
087010,307000,312500,302000,304500,123204,37812004500,-0.81,7094043075000,6255590500.0,-3158424000.0,20250915
064800,995,1004,972,982,336756,330682249,-1.31,125506766636,-38931713.0,32406.0,20250915
119500,3130,3160,3070,3140,167738,524203475,1.29,37200308480,-14878565.0,15.0,20250915
389140,13400,13400,12550,13100,135406,1769821865,-1.28,146323528500,42362040.0,64590.0,20250915
105760,6160,6290,6020,6280,67318,413434040,2.61,60638706600,-31561720.0,,20250915
009520,13100,13140,12920,12930,89593,1164475350,-0.69,538440149790,-164981590.0,-67635520.0,20250915
189690,2260,2260,2220,2230,71436,159546325,-1.33,60927990870,-17529930.0,,20250915
318020,4570,4675,4555,4635,27263,126105660,1.53,58689630720,13645340.0,46217540.0,20250915
256630,1186,1186,1165,1177,14184,16663993,0.17,68262553744,-459666.0,,20250915
331380,2010,2045,1999,2015,18454,37102466,0.25,48843273570,910590.0,,20250915
208710,2190,2195,2100,2110,51936,110591315,-3.65,27810078520,21508776.0,,20250915
472850,10670,11090,10490,11000,73494,801645870,3.0,355783263000,152041340.0,,20250915
039980,2510,2510,2420,2450,485411,1188478870,-1.21,178308001200,-57313394.0,,20250915
041910,6600,6670,6450,6550,43425,283457420,-0.76,88435525850,-11820420.0,-965840.0,20250915
234100,1318,1350,1294,1307,661991,870299811,-0.83,91655642645,-98802926.0,,20250915
041020,5870,5870,5690,5740,587989,3379019720,-1.71,285424358520,-293559840.0,158846745.0,20250915
114630,508,515,500,503,233524,117128461,-0.98,44237616644,2664925.0,,20250915
290720,2000,2045,1999,2030,13529,27141984,0.5,59650116820,-5411845.0,,20250915
005670,7590,7590,7390,7450,97120,726401655,-0.93,74500000000,-68908300.0,-4870510.0,20250915
094940,8240,8850,8100,8610,1384606,11895285255,5.64,71991533460,1118622680.0,-80.0,20250915
057880,0,0,0,8790,0,0,0.0,216061434720,,,20250915
007330,10010,10130,9990,10030,18666,187443140,0.2,151280484000,59225820.0,0.0,20250915
093380,2930,2955,2820,2850,15177,43593525,-2.73,28156042050,-1869320.0,-1870335.0,20250915
023900,9490,9540,9410,9430,15479,146378670,-0.63,118818000000,-29371510.0,276750.0,20250915
371950,11600,11650,11280,11300,31538,360306535,-3.34,256086792400,-75601490.0,20.0,20250915
370090,14800,14820,14260,14460,44543,647164750,0.56,123731761800,-151310720.0,-57100.0,20250915
445180,7600,7600,7300,7400,181199,1346323740,0.27,126089991200,52623820.0,-44276270.0,20250915
151910,0,0,0,640,0,0,0.0,121645902080,,,20250915
220100,20900,21050,20350,20800,556759,11517541150,-0.48,459724824000,2904861925.0,-3011496925.0,20250915
035200,3860,3860,3700,3700,144793,542880085,-3.14,36003183000,-60335515.0,150392660.0,20250915
334970,3630,3695,3600,3650,99193,361027542,0.55,283797125050,4737638.0,-5075.0,20250915
321260,2270,2295,2160,2195,444877,978766855,-3.09,61881624380,-28416650.0,,20250915
053610,30500,30800,29550,30200,46028,1389428600,2.2,332200000000,-203722200.0,126985450.0,20250915
468530,23550,30900,23550,30150,6950014,199693182100,26.68,327790528650,508407250.0,2111109375.0,20250915
303360,5810,5900,5620,5720,94478,539531390,-1.55,73657669800,-41117550.0,11810.0,20250915
377220,1772,1779,1735,1740,93508,163269042,-1.81,49259400000,-62793136.0,3.0,20250915
335810,3085,3110,3035,3095,15438,47590960,0.16,35946957970,2744510.0,-215.0,20250915
053160,8090,8090,7890,7950,34539,274477490,-1.85,47700000000,1822585.0,8020.0,20250915
405000,8270,8480,8090,8430,1418,11557190,1.93,32358082920,4562180.0,,20250915
041590,0,0,0,2370,0,0,0.0,116064014460,,,20250915
367000,4405,4495,4340,4405,1605,7061710,-0.56,36950051835,-1156875.0,,20250915
075130,2965,2965,2900,2960,82088,240205770,-0.17,49202067200,22783930.0,,20250915
237820,5140,5160,5060,5110,28256,144283830,-0.39,65546685400,27488250.0,,20250915
023770,4180,4470,4130,4395,125982,545469534,6.42,38530173900,112068735.0,,20250915
019570,312,319,311,315,148836,46569159,0.96,21013663230,6193696.0,,20250915
300080,11910,12090,11780,11870,112274,1332572340,-0.75,195919703370,-77688450.0,164721250.0,20250915
033790,4165,4175,4080,4100,125655,515883541,-1.2,278953016100,-59077335.0,,20250915
032580,1195,1220,1188,1214,541989,653284034,1.68,40222325696,120707092.0,,20250915
051380,2230,2235,2200,2225,24630,54637930,0.0,34131660200,-1151525.0,5.0,20250915
241820,0,0,0,302,0,0,0.0,17869934034,,,20250915
452450,8640,8690,8360,8550,318777,2723309640,-1.16,306761175000,28262315.0,11350850.0,20250915
237750,4655,4665,4520,4555,15954,72994680,-2.04,29592013000,-18009650.0,20.0,20250915
460940,14640,16350,14470,15360,1290536,20167028965,7.49,99405926400,-89137325.0,73730005.0,20250915
319660,28000,29300,27300,29300,891947,25275955550,8.32,848724720200,-2782998150.0,4256211650.0,20250915
031980,39700,40150,38450,40100,269865,10644846225,3.89,864652039500,-440501150.0,963068825.0,20250915
002230,4535,4560,4505,4535,6516,29511720,0.33,87406773700,2166550.0,0.0,20250915
043370,11440,11440,11250,11310,16087,182015500,-1.14,237510000000,20224100.0,-21851390.0,20250915
239890,6070,6150,5970,6100,135845,825235455,1.84,60608105500,148826820.0,-867760.0,20250915
347740,3000,3015,2900,2920,199027,581810274,-2.67,87630881920,-39266178.0,-221155.0,20250915
137400,38250,38800,37200,37350,206867,7814444100,-1.84,886804262100,600259875.0,-575581450.0,20250915
257370,3235,3235,3195,3215,25112,80955495,-0.62,40203128115,-1525865.0,,20250915
147760,2605,2795,2605,2795,117319,315340123,7.71,30241525470,52538015.0,,20250915
128660,2885,2945,2870,2905,33506,96922300,-0.34,72053786945,-7860505.0,,20250915
006140,5260,5290,5200,5290,38246,200599940,0.76,79350000000,-31521390.0,,20250915
376180,3100,3145,3055,3070,88028,271183895,-0.97,56982386660,-30930160.0,,20250915
304840,1804,1819,1756,1775,124369,221579739,1.84,37680252025,2251620.0,,20250915
087600,6660,6700,6610,6690,5797,38532480,0.45,54634273020,-86220.0,,20250915
291810,2240,2250,2210,2230,26224,58659800,-0.45,25352227760,2176655.0,,20250915
378340,13070,13070,12830,12990,30577,394650730,1.33,277698687180,-39717920.0,646010.0,20250915
161580,33500,33500,32300,32750,192212,6297674150,-0.91,766308964250,-390112075.0,-1256365450.0,20250915
347770,1955,1989,1869,1980,197427,376678630,1.28,45256943160,62757913.0,2.0,20250915
163730,13300,13960,13060,13860,419870,5745919885,5.72,130375032480,1068524135.0,63732550.0,20250915
417180,2400,2410,2350,2365,56285,133015633,-1.25,41502493395,-23932171.0,0.0,20250915
446750,2105,2110,2105,2110,5194,10936486,0.48,12723300000,-292595.0,2105.0,20250915
448370,2105,2105,2100,2105,3622,7608710,0.0,11830100000,0.0,3210905.0,20250915
454750,2400,2430,2350,2375,137726,327549430,-0.63,17104750000,30237095.0,3889280.0,20250915
454640,2090,2105,2090,2105,19830,41563805,0.72,11369105000,145245.0,13020705.0,20250915
469880,2040,2050,2035,2045,5244,10697646,0.25,14938725000,303400.0,4100.0,20250915
469900,2050,2055,2050,2055,7302,14989240,0.0,11518275000,3298450.0,11627100.0,20250915
475240,2095,2110,2095,2110,7375,15460180,0.24,6752000000,-20945.0,15367485.0,20250915
475250,2070,2100,2070,2085,201,419130,0.72,7714500000,0.0,346110.0,20250915
484130,2040,2050,2040,2050,1328,2714700,0.99,9266000000,0.0,2045000.0,20250915
0041L0,2005,2010,2000,2005,74925,150148715,0.25,12090150000,667665.0,68524885.0,20250915
299030,28000,28000,26900,27050,90773,2485023450,-1.64,216262315500,-447994075.0,-6840550.0,20250915
067310,18450,18880,18210,18530,2124060,39289459480,4.51,1228019214970,-2471915710.0,1566809280.0,20250915
166090,38300,38300,36150,36850,600809,22147248775,-0.67,728807286900,-4807843575.0,-1340843025.0,20250915
136480,3045,3070,3035,3060,515753,1576034431,0.49,325001688120,113317347.0,8840609.0,20250915
003380,8120,8460,8120,8340,338470,2820699485,2.71,934126879140,-320247585.0,18608180.0,20250915
450330,7100,7170,7000,7020,12438,87595730,-1.13,57471637860,11263140.0,,20250915
101670,2650,2720,2530,2560,2705997,7023335502,1.39,138675123200,-60551924.0,0.0,20250915
365590,586,590,565,584,174918,100534486,-0.34,90393338576,-831539.0,-6861879.0,20250915
149980,0,0,0,5090,0,0,0.0,94645307670,,,20250915
013030,36250,36400,35050,35650,192088,6872634825,-3.26,438332507300,1753222575.0,-570563675.0,20250915
126700,15660,15780,15310,15480,37033,572113215,-1.15,231303893760,203572660.0,-2696290.0,20250915
450050,2085,2090,2080,2085,16895,35221430,0.0,10454190000,0.0,-4466275.0,20250915
160190,42550,44550,41400,41700,738058,31519377500,2.84,1288029600000,-1018346975.0,-76738125.0,20250915
221840,2365,2390,2335,2365,20673,48750045,0.21,44226826765,-3373140.0,,20250915
106190,13610,13620,13000,13310,51030,674635465,-3.2,141527532630,79508175.0,13240.0,20250915
065650,4300,4425,4275,4380,62044,270008880,1.51,58408246080,40539225.0,,20250915
066130,4865,4880,4800,4850,17202,83259509,-0.31,62080000000,-12657210.0,-83140.0,20250915
004590,5220,5300,5180,5240,55335,289153055,0.38,78600000000,61369530.0,428120.0,20250915
039340,5710,5750,5620,5650,22662,128034290,-1.05,127125000000,-19576540.0,26940.0,20250915
034950,98000,98700,98000,98200,1860,182822900,-0.1,445878474800,35914600.0,-22709100.0,20250915
222980,3750,3770,3710,3735,34359,128247215,-0.4,41202589005,-129035.0,5.0,20250915
256840,5100,5180,5070,5170,474589,2434905640,1.37,353601560620,418521620.0,54523500.0,20250915
219750,1117,1133,1115,1116,17798,19948655,-0.98,73016403660,-4353486.0,,20250915
025550,4245,4280,4110,4145,1236027,5137662141,-4.93,105755546580,529448700.0,67939640.0,20250915
017890,9470,9470,9320,9370,16918,158329705,-0.53,199332751220,-20015180.0,-33528115.0,20250915
080720,0,0,0,2725,0,0,0.0,21562456300,,,20250915
041460,4250,4250,4130,4170,73249,305461589,-1.42,79230000000,-39124810.0,-20729175.0,20250915
101680,2830,2830,2665,2800,620482,1691799187,-2.78,23531200000,42981495.0,,20250915
039740,3400,3400,3135,3215,286803,927066706,-4.32,25779146355,-15008080.0,0.0,20250915
053300,7340,7340,7060,7120,150815,1077517330,-0.97,302182490320,32441780.0,-90950.0,20250915
025770,8950,8990,8790,8830,11256,99811210,-1.78,330632912930,-19441870.0,760.0,20250915
458610,2145,2145,2120,2140,8957,18988985,0.0,9052200000,,18952800.0,20250915
464440,2115,2125,2110,2125,5286,11178205,0.24,9180000000,0.0,7148920.0,20250915
479880,2055,2065,2050,2065,31323,64453000,0.0,14186550000,0.0,-10259480.0,20250915
062970,3500,3595,3315,3520,1121743,3865620718,6.51,69473599360,185600843.0,,20250915
023760,824,840,803,826,337044,277155192,2.99,260693509776,26344765.0,-2209824.0,20250915
054040,5030,5090,4985,5030,37484,188773255,0.0,80838588700,8819420.0,-141060.0,20250915
021650,2400,2405,2370,2405,15153,36281595,0.21,39323104015,67320.0,0.0,20250915
032300,14200,14250,14040,14070,5656,79813065,-0.5,153457283070,-10429850.0,120.0,20250915
037230,2105,2105,2080,2090,23495,49187307,0.24,62282683430,-4395012.0,-240945.0,20250915
448900,14630,15300,14170,14350,632988,9331048970,1.06,86163957950,-209485330.0,105099310.0,20250915
030520,26950,27000,26100,26100,202920,5342074450,-2.43,631091318400,-378794375.0,-639109050.0,20250915
052600,4590,4590,4515,4545,46183,209657786,-0.98,52557016500,-9895291.0,-4550.0,20250915
256150,5970,6000,5590,5910,35838,209837275,-1.01,49614450000,-83715.0,,20250915
092460,16650,17100,16290,16350,897347,14889297090,-4.66,279743268000,3692758675.0,-944002110.0,20250915
125490,5160,6640,5160,6640,26419784,160006724815,29.94,242375617280,592142075.0,-197061055.0,20250915
452190,4810,4810,4725,4770,61888,294577707,-0.52,111458476890,7380238.0,,20250915
047080,1307,1307,1290,1300,37503,48570092,-0.54,32269070600,-4955214.0,,20250915
452280,11120,11760,10990,11560,1082072,12384415095,0.35,199619814000,-145811885.0,-11280000.0,20250915
066980,1299,1299,1240,1247,89268,112041760,-1.42,64763100875,3381387.0,,20250915
114810,11190,11710,11010,11600,1165844,13356232340,9.43,331680818400,1341063295.0,662812180.0,20250915
070590,1892,1909,1842,1885,41389,77516696,-0.37,26162897085,-26387111.0,,20250915
042520,11900,14900,11860,14320,2146873,30352893835,22.18,193697575440,-854605025.0,1439145995.0,20250915
430690,5310,5380,5220,5320,115158,612462950,0.38,57963139640,64581235.0,0.0,20250915
078350,13300,13300,12100,12780,684390,8626775555,-0.54,194823201960,-2136144170.0,-367228935.0,20250915
045100,20150,20450,19760,20000,77080,1537052195,0.2,360000000000,-241039005.0,-21133080.0,20250915
320000,2320,2530,2320,2400,567002,1371407390,3.67,77541576000,221235880.0,,20250915
091440,2320,2660,2295,2630,551500,1392082718,13.85,75125439780,85602007.0,,20250915
276730,2070,2120,2005,2065,28284,57977540,0.0,32373740140,-14671950.0,,20250915
024740,2200,2250,2190,2205,402009,888475467,0.46,72537993045,-9116962.0,,20250915
005860,3500,3515,3480,3490,105587,369270219,0.0,137518860650,-3523170.0,,20250915
007770,9070,9300,9060,9170,2535,23276945,1.1,32186700000,-1992045.0,5.0,20250915
198940,738,738,721,727,100156,72804280,-1.49,28297005006,163232.0,,20250915
058450,1146,1187,1131,1153,37613,43135297,0.61,17057045013,-8168703.0,,20250915
107640,38700,39950,37700,39600,184423,7218152000,4.35,358971861600,29075550.0,1576154125.0,20250915
079170,7680,7800,7450,7520,15369,115675890,-2.08,39104000000,5907320.0,0.0,20250915
054920,4540,4580,4405,4435,292475,1301461255,-2.21,125142754235,-27852371.0,4445.0,20250915
457370,10000,10000,9590,9590,115381,1123065065,-3.52,76980215060,-154536180.0,-233119015.0,20250915
002680,785,803,767,780,369927,287515373,-0.64,25207103220,18638425.0,,20250915
098070,48450,50600,46900,50000,227487,11119422575,0.81,556057050000,1996048075.0,317683500.0,20250915
455310,2065,2070,2060,2070,5917,12204105,0.24,10474200000,3211330.0,0.0,20250915
498390,2010,2010,2000,2000,13668,27393362,-0.25,9920000000,1698235.0,13362970.0,20250915
034810,8470,8480,8330,8360,55749,468676655,-1.07,272175324520,-94948455.0,98910.0,20250915
03481K,7730,7780,7630,7750,2400,18473810,-0.77,10764145500,473210.0,930.0,20250915
059270,7150,7840,7000,7280,2218160,16353108595,7.06,81283376720,-1692731815.0,73833570.0,20250915
076610,566,620,559,569,1595705,918108644,0.53,25559180137,-33008356.0,,20250915
220180,2900,2905,2800,2840,30826,87578026,-2.07,55118720000,-15724627.0,,20250915
900270,233,235,231,232,2899676,673444481,-0.43,43626913280,80601995.0,0.0,20250915
214180,17900,18330,17710,18310,137038,2467583610,1.44,240311664030,155993255.0,-2327505.0,20250915
234340,18560,18580,17900,18050,800102,14544950575,-3.11,252170340800,-723429940.0,57320915.0,20250915
084990,6130,6300,6070,6170,393661,2428156130,0.82,284392557490,88183225.0,-306276650.0,20250915
187660,2805,2805,2505,2530,3543198,9120200353,-9.96,122319600040,-991912571.0,-768903983.0,20250915
170030,6270,6300,6120,6140,143054,882209470,-2.54,94187600000,-69345380.0,10.0,20250915
319400,9080,9930,8840,9100,13821563,130142049945,0.44,1013521954900,-2454889270.0,-1185787805.0,20250915
048410,5800,5810,5650,5750,441901,2529575185,-0.69,552235520000,292377310.0,-118740050.0,20250915
052260,4490,4520,4455,4495,45658,204916574,-0.55,134850000000,-37166380.0,-5237115.0,20250915
016790,0,0,0,994,0,0,0.0,187340898626,,,20250915
041440,8000,8020,7900,8020,67139,534215530,0.12,143685870880,-62347690.0,-10.0,20250915
039010,7150,7390,7080,7280,110004,797931965,1.82,62790000000,-169681420.0,,20250915
090850,6300,6340,6240,6330,70575,444209160,0.0,150314465130,-34556175.0,-50874190.0,20250915
460930,28500,29500,28450,28550,947290,27208064700,-3.22,1012950317050,1216502075.0,97917925.0,20250915
092300,3045,3080,3015,3060,117553,358493540,0.66,57138816960,100743155.0,-4045.0,20250915
138360,787,795,781,786,116218,91359919,-0.13,40822296504,-9252346.0,,20250915
011080,780,780,764,773,371797,286171533,-0.77,32708418984,-6173607.0,,20250915
308100,2010,2015,1930,2000,363752,722201358,-0.5,48046016000,-2365310.0,-1117846.0,20250915
064240,2030,2075,2000,2015,83757,169303222,-0.74,70601594180,14946026.0,-902785.0,20250915
039610,9920,9940,9700,9730,105197,1026563460,-2.11,101293192000,-81139305.0,40.0,20250915
126640,1320,1320,1296,1305,146957,191035485,-1.14,47467922535,-5918198.0,,20250915
127980,6420,6500,6330,6490,36982,238907915,2.2,76846039160,14639630.0,,20250915
061250,1229,1255,1201,1226,878865,1074796762,0.16,106068428422,-124859385.0,,20250915
097870,6480,6500,6380,6390,40491,259679720,-1.39,54251100000,-52526890.0,10.0,20250915
290270,3810,3885,3770,3790,25889,98904470,-1.43,36413076880,7949170.0,-194025.0,20250915
353190,825,835,811,825,178475,146737196,0.0,32487196500,-15219984.0,,20250915
090710,3185,3735,3135,3635,117748050,412594085172,20.36,434226911095,5029992485.0,166632475.0,20250915
078590,476,598,476,543,13005835,7210412595,16.03,30522213534,45726747.0,,20250915
205470,1371,1403,1360,1400,1165718,1616111526,2.41,181125012600,-25097997.0,242672082.0,20250915
115160,1002,1006,992,993,63712,63367904,-0.7,43662333132,-16536618.0,,20250915
028080,1888,1892,1877,1889,11492,21613585,0.11,23758908834,-3605040.0,,20250915
175140,5050,5350,5050,5120,214918,1112363735,1.59,126965821440,146708965.0,,20250915
200670,64300,69600,63000,68300,416075,27834580900,4.43,767004219000,65992800.0,5578572950.0,20250915
065510,8940,8970,8790,8940,46023,408392730,0.34,108704776740,75214680.0,70867420.0,20250915
263920,4495,4495,4350,4400,12727,56539255,-0.23,43159714400,-7358565.0,,20250915
243070,31850,31950,31150,31850,34450,1086013550,0.31,381552330250,-11322200.0,-12016700.0,20250915
084110,45800,46300,43400,45000,72741,3234601200,-1.53,568656900000,554481050.0,-1129286950.0,20250915
145020,319000,327500,311500,326000,57157,18298973750,1.72,4011114758000,1927075000.0,-1005603500.0,20250915
024060,12370,12440,12320,12400,68841,852209500,0.9,186000000000,121342010.0,12260.0,20250915
010240,5160,5210,5080,5110,25261,129156845,-0.97,62968976560,-22462130.0,9710.0,20250915
189980,1765,1770,1757,1760,102067,179833880,0.46,70642575520,13016639.0,,20250915
037440,4620,4665,4545,4560,118038,544023420,-1.3,63486486000,-60240990.0,,20250915
238490,3800,3835,3725,3745,29386,110654966,-1.45,42364323820,10624215.0,,20250915
