code,open,high,low,close,volume,거래대금,등락률,시가총액,foreign_net,inst_net,date
060310,1895,1910,1869,1897,272163,516285188,0.96,100652998880,36461224.0,,20250217
054620,6390,6540,6100,6450,44240,278815990,0.94,128317725450,882330.0,43740810.0,20250217
265520,18500,18770,18170,18420,83876,1546028700,0.99,281483774820,-71872100.0,24729570.0,20250217
211270,14520,14520,14210,14210,217304,3121697020,-0.56,214319539840,-310430170.0,9250340.0,20250217
109960,456,490,451,464,664206,311049405,2.2,93166220816,9868230.0,,20250217
139050,0,0,0,2805,0,0,0.0,24247965555,,,20250217
126600,2890,2980,2885,2930,61476,181137005,1.38,183907014070,-42822200.0,24040.0,20250217
013720,708,714,682,685,450299,310116585,-3.25,30570273160,10966278.0,,20250217
083790,2300,2300,2235,2295,96017,216968755,-0.43,176472147690,-20957110.0,,20250217
035760,56400,56400,54800,55000,71677,3963261300,-2.31,1206103470000,-60716500.0,-1042526500.0,20250217
311690,9790,9800,9600,9710,17433,169238550,-0.82,126865636020,51697070.0,-15573760.0,20250217
051500,21350,22000,21250,21700,29255,638033950,1.64,257613416200,-25593800.0,206102450.0,20250217
058820,1820,1905,1819,1905,503421,939476291,4.38,264589724820,236106455.0,-28806085.0,20250217
023460,0,0,0,109,0,0,0.0,4054800000,,,20250217
056730,658,658,641,651,28402,18370054,-0.76,48246382086,-1723.0,51219.0,20250217
065770,1696,1744,1696,1715,110980,190489884,0.29,33290087950,10818620.0,,20250217
083660,688,707,672,687,376762,256675535,-1.72,42076813347,9957485.0,,20250217
456440,2125,2125,2085,2100,8437,17736505,0.48,11161500000,46240.0,0.0,20250217
477760,2040,2055,2040,2055,6881,14046475,0.0,12001200000,71750.0,1457910.0,20250217
099520,0,0,0,1284,0,0,0.0,58141862016,,,20250217
060900,896,904,880,880,56930,50505626,-1.79,22227241520,-1881482.0,,20250217
290120,2255,2265,2240,2265,5234,11789195,1.12,35141787570,-67225.0,,20250217
025440,930,1100,870,990,544857,544092050,6.45,30473411760,21403822.0,,20250217
068790,6370,6470,6350,6460,76443,489825950,1.57,154956814580,64190800.0,,20250217
241520,4435,4560,4390,4425,3695169,16717599880,0.0,121670353125,23798540.0,80917025.0,20250217
180400,1334,1575,1329,1440,5087088,7433025289,9.01,70875982080,140055342.0,-4354779.0,20250217
245620,0,0,0,415,0,0,0.0,57474989665,,,20250217
037370,6010,6080,5990,6000,13059,78393090,-0.83,51749832000,2662400.0,-3180.0,20250217
050120,2000,2110,1995,2015,8290,16628111,0.75,27331633290,-1040650.0,,20250217
214270,1668,1668,1636,1655,100705,166210168,-0.78,55029516265,-29515878.0,,20250217
130500,2685,2745,2685,2745,60930,165823540,1.29,39926167740,67541365.0,10.0,20250217
900290,4160,4295,4030,4175,1857744,7729760875,-0.24,337548750000,-68225215.0,32080.0,20250217
083450,19350,19460,19140,19360,402399,7756744440,0.52,356804800000,-1833515240.0,-43524380.0,20250217
297890,3150,3200,3125,3150,439707,1390569550,-0.32,230393879100,-4973610.0,-2522920.0,20250217
440290,1697,1716,1690,1714,55707,95160936,1.0,46461415140,-1139076.0,,20250217
078150,2860,2955,2860,2910,3300652,9584470190,1.39,269803315560,206248785.0,169775485.0,20250217
195940,35700,36200,35700,36050,136877,4915323350,1.12,1021292570550,1176102850.0,-1004419350.0,20250217
028300,82300,86400,81000,85400,2181135,183660706100,5.04,11220486778200,34633812500.0,2381434400.0,20250217
278650,2305,2380,2285,2365,661956,1540687165,3.05,205117842985,266259240.0,9400.0,20250217
067630,10800,11430,10700,11260,1143087,12717740950,4.94,1372455119160,3738177210.0,145996010.0,20250217
024850,2710,2955,2665,2875,2048405,5824060235,7.28,414874353625,1319983705.0,-221890980.0,20250217
187420,4385,4555,4380,4500,217376,976720775,1.81,131111469000,75138030.0,-6800.0,20250217
047920,27500,28800,26800,28200,825700,23036622700,4.06,897182830800,1047603050.0,-14337100.0,20250217
115450,10320,10790,10260,10440,828990,8709603480,1.66,878341431240,1165483610.0,-49908190.0,20250217
046210,3010,3125,3005,3100,213535,657044935,2.99,132356738200,187940060.0,-1214545.0,20250217
403870,31550,32100,31300,31750,548721,17465356250,1.76,2651079534000,837188900.0,-909492800.0,20250217
036640,4850,4955,4850,4930,31034,152412900,0.82,80629164000,21410245.0,9890.0,20250217
439730,0,0,0,2150,0,0,0.0,9266500000,,,20250217
442770,2195,2195,2155,2175,2047,4444130,0.0,9156750000,-17480.0,-1087500.0,20250217
448760,2190,2210,2150,2200,6292,13841150,0.46,9746000000,-116130.0,-4400000.0,20250217
467930,2130,2195,2130,2140,3825,8182960,0.23,9052200000,-2195.0,7645695.0,20250217
469480,2120,2130,2110,2130,1390,2948260,0.47,9009900000,-4230.0,0.0,20250217
095340,75000,77200,75000,75500,169914,12942405400,1.48,1600377879000,135299000.0,1291138600.0,20250217
950170,4605,4825,4600,4810,43680,205739855,4.79,248899933880,31083090.0,,20250217
067290,1486,1519,1486,1505,57528,86210920,0.0,80331069630,16474549.0,,20250217
035900,80900,80900,78600,79000,572835,45330058200,-2.47,2807066868000,821565400.0,-7679651000.0,20250217
318000,4775,4880,4775,4815,18832,91050830,0.1,42084173745,4889090.0,,20250217
024840,2160,2200,2135,2200,776243,1684378880,2.33,76800237800,413017280.0,,20250217
024120,3190,3190,3130,3180,6981,22042780,-0.31,36570000000,-1669560.0,-7785.0,20250217
455250,2125,2125,2105,2125,255,541225,0.0,9148125000,-29680.0,0.0,20250217
458320,2665,2680,2610,2650,119403,315613630,-0.56,14588250000,-1066635.0,,20250217
464680,1978,1981,1978,1978,3420,6768823,0.05,25526090000,100985.0,0.0,20250217
476470,0,0,0,2095,0,0,0.0,11532975000,,,20250217
478390,2015,2045,2015,2045,6103,12443770,0.74,12719900000,-789580.0,7166455.0,20250217
486630,2000,2015,2000,2005,30898,62182615,-0.25,10646550000,14070.0,20366665.0,20250217
492220,1981,1988,1976,1986,44075,87504514,0.15,12333060000,530072.0,16364212.0,20250217
021320,3950,3975,3920,3970,14774,58445395,0.51,84958000000,-335260.0,-1960.0,20250217
036670,6300,6340,6200,6270,33609,209837600,0.32,70662900000,16120900.0,-5738460.0,20250217
044180,439,443,433,434,108247,47321374,-1.14,11595524766,414337.0,,20250217
046440,4395,4440,4385,4415,23231,102430665,0.23,171414882720,29468680.0,4430.0,20250217
151860,5250,5340,5210,5330,92148,488150330,1.91,261719000660,37963550.0,211490.0,20250217
035600,8650,8800,8620,8780,65474,571592440,1.5,245000930520,251814750.0,4783400.0,20250217
226360,0,0,0,2555,0,0,0.0,60698450260,,,20250217
111870,0,0,0,8910,0,0,0.0,43928518590,,,20250217
060720,10500,10510,10240,10360,228839,2373652960,0.1,245298299120,69637720.0,80411260.0,20250217
058400,790,800,790,792,147553,116996891,-0.38,104884338240,,,20250217
101000,2160,2210,2060,2070,572487,1206412615,-5.69,63439561170,152556545.0,,20250217
122450,2930,2985,2900,2950,70710,208116925,1.03,133741093800,73675900.0,-3998030.0,20250217
052900,1020,1035,1014,1033,200353,205443305,1.37,56926065061,8121605.0,-2713549.0,20250217
376190,0,0,0,4165,0,0,0.0,102459000000,,,20250217
061970,4270,4300,4170,4235,110188,464868580,0.0,185427747120,11334210.0,-76165.0,20250217
309960,3440,3750,3310,3390,983759,3422064930,4.63,78706440210,-292563540.0,,20250217
225190,2350,2530,2350,2440,1092949,2678001535,3.61,123826193600,220699000.0,,20250217
060370,16280,18400,16090,18230,3924566,69541254640,13.3,595553208420,-245625360.0,-211345010.0,20250217
417200,12750,13050,12630,12930,550289,7073702500,1.41,874748880870,-363694750.0,11936700.0,20250217
078020,3930,3990,3930,3985,18766,74241285,1.4,221092542150,9012615.0,4045.0,20250217
476080,13430,14020,13430,13850,111377,1537678800,3.59,107822250000,116190950.0,-10566880.0,20250217
086960,1250,1310,1250,1281,1267080,1626919768,2.48,118904710428,145622195.0,1.0,20250217
038340,0,0,0,1233,0,0,0.0,39979891836,,,20250217
160550,2065,2150,2040,2065,42625,88522740,0.24,57626108890,-1134405.0,,20250217
053290,4000,4090,3890,3975,89771,354652530,-0.75,65692070325,98114125.0,10.0,20250217
060250,7860,8120,7710,8010,301128,2399368980,4.03,321686494110,605539400.0,159366190.0,20250217
104200,2825,2840,2790,2820,17900,50250255,0.36,41813691000,-771360.0,15.0,20250217
222160,0,0,0,8040,0,0,0.0,79551289560,,,20250217
024940,7980,8130,7910,7980,134517,1073355110,0.13,79800000000,-165013470.0,,20250217
218410,18610,18990,18250,18690,262650,4898154520,1.03,494994220980,-1083566510.0,921819360.0,20250217
327260,6340,6340,6160,6170,8450,52417200,-1.28,52033035270,5959300.0,8590.0,20250217
474610,5950,6090,5950,6090,512148,3094856970,4.46,78712415670,15850800.0,0.0,20250217
091340,2565,2680,2550,2590,17988,46437615,1.57,30312637390,-5733350.0,,20250217
419530,22350,24250,21800,23850,541232,12677673400,6.71,204893680500,583759150.0,1281325700.0,20250217
019550,730,747,725,745,238820,176949814,2.05,120739598375,21508635.0,-337.0,20250217
950110,4925,4940,4915,4930,4578,22531780,0.1,118579022200,2149985.0,4929865.0,20250217
036120,2240,2260,2230,2255,68726,154547410,1.58,80052500000,74837235.0,,20250217
246960,9440,9540,9280,9300,5424,50709550,-2.52,67735629300,-63680.0,628400.0,20250217
099220,1194,1209,1175,1200,282470,337589431,1.27,67406173200,67678076.0,,20250217
036540,3685,3770,3650,3720,892145,3309290920,1.5,611792327160,50421950.0,-149978795.0,20250217
255220,3260,3375,3185,3315,4696668,15490130250,-0.15,322649788695,796761775.0,40535150.0,20250217
040610,1549,1553,1529,1550,18548,28563854,0.0,52835153800,-30797.0,-1676335.0,20250217
049470,300,308,296,303,132638,40060292,1.0,17835261447,-418735.0,,20250217
184230,503,509,495,504,34525,17253591,0.2,31549977144,495767.0,-327064.0,20250217
016250,13840,14150,13840,14070,3045,42661250,1.08,45637240950,-2018550.0,237720.0,20250217
048550,1407,1434,1396,1399,272619,383401001,-0.57,135303753380,-66982249.0,-38924039.0,20250217
063440,1304,1341,1304,1333,124696,164541024,0.0,61356862282,-9585925.0,-5087571.0,20250217
067160,108500,112100,106000,109000,170066,18564629300,1.4,1252929603000,-1575338300.0,643413400.0,20250217
289080,1435,1450,1428,1439,280697,404344257,0.42,76928311157,45337063.0,,20250217
089230,886,900,877,894,26732,23722365,-0.11,19563359982,-399068.0,,20250217
032540,4720,4745,4690,4745,3280,15435615,0.21,66105484705,23505.0,10.0,20250217
022220,957,958,947,956,49128,46736876,-0.21,49515617524,-1293807.0,-5704459.0,20250217
048770,2450,2515,2420,2515,67282,166555305,3.29,39480447365,24539015.0,,20250217
246690,1135,1218,1134,1189,2228721,2692567538,2.68,49317177918,16198996.0,-7742636.0,20250217
317240,287,315,264,264,3936007,1121974786,-8.01,28311603408,,,20250217
057030,4050,4070,3980,3995,24801,99380555,-1.36,65169224515,19908725.0,0.0,20250217
040300,3025,3080,3025,3075,59396,181829630,0.82,129150000000,66905040.0,,20250217
051390,3690,3700,3670,3685,4952,18247435,-0.14,41844531080,-578405.0,-217810.0,20250217
052220,3410,3485,3410,3465,161084,554945520,0.87,79695000000,15237675.0,,20250217
079940,16660,16850,16620,16650,34138,569877340,-0.06,225369138600,120586860.0,9414830.0,20250217
078890,3175,3200,3145,3170,29212,92791185,-0.31,55778613090,-4407715.0,-416695.0,20250217
399720,58900,60000,57700,58400,256413,15079237900,1.74,677283488000,-417909100.0,-170267300.0,20250217
036620,3070,3090,3040,3055,207962,636444845,-0.49,283829534690,-123286885.0,-110874190.0,20250217
198440,1340,1353,1321,1325,47916,63982500,-0.23,80734762200,-5259163.0,,20250217
217730,2100,2245,2090,2210,464545,1016528990,5.24,123879669290,195686165.0,-1165410.0,20250217
114190,9050,9260,8940,9170,189635,1734843490,0.66,239548258460,112255920.0,5110.0,20250217
094480,7600,7700,7520,7610,193388,1473932430,0.0,298539067180,124744250.0,-3135330.0,20250217
039240,4575,4590,4510,4515,366614,1664511185,-0.66,121812912060,21103700.0,-4606815.0,20250217
053950,665,680,660,678,309100,207309463,1.95,52983908724,36944055.0,,20250217
011040,5830,5880,5810,5860,21388,125047840,0.17,180304968760,-4658100.0,6189390.0,20250217
024910,1868,1879,1865,1874,37373,69859302,0.11,67124815370,-8675295.0,,20250217
049720,9700,9740,9650,9720,40287,390115980,0.21,138996000000,93215860.0,-53090740.0,20250217
014570,4915,4975,4860,4965,8352,41053475,1.02,54615000000,-1780370.0,0.0,20250217
348150,4900,4900,4830,4830,27728,134426770,0.0,93575695500,27976915.0,,20250217
950190,8220,8220,7990,8010,28853,232044190,-1.35,108774934920,-30293960.0,990260.0,20250217
098460,20300,20550,18810,20450,3105561,61360558920,-0.24,1403989739750,-5562427680.0,-133938700.0,20250217
035290,383,399,383,396,77210,30258397,-0.75,18879886080,782636.0,,20250217
215000,58900,60200,58700,60100,16870,1007890800,2.04,377152441500,144860700.0,113715100.0,20250217
121440,3510,3540,3485,3525,54465,191048845,0.43,150999783450,26199940.0,-5079065.0,20250217
366030,4800,4940,4765,4940,130115,628509435,1.65,111910019000,61874185.0,,20250217
014200,0,0,0,30200,0,0,0.0,91311391200,,,20250217
029480,2100,2170,2095,2140,246327,524644905,0.94,117761248940,149765085.0,,20250217
026910,1846,1860,1844,1852,4792,8878323,0.0,11862810060,,,20250217
440790,2160,2165,2140,2140,1860,4012370,-0.93,8667000000,5240.0,0.0,20250217
456490,2125,2130,2120,2130,3330,7071880,0.24,8946000000,-6390.0,2327760.0,20250217
465320,2100,2105,2100,2105,2455,5156120,0.24,8020050000,,0.0,20250217
482520,2020,2025,2015,2025,1785,3612455,0.25,12352500000,,-1012500.0,20250217
489210,1998,2005,1998,2000,9358,18722780,0.0,10360000000,252390.0,8004010.0,20250217
053270,2340,2340,2305,2335,55478,128680010,-0.21,64003295675,-843720.0,,20250217
066620,17780,17880,17600,17750,3539,62954010,-0.56,133125000000,-10091950.0,-283040.0,20250217
043650,4580,4645,4550,4590,73758,338485405,1.1,81969615360,61291495.0,4565.0,20250217
006050,1734,1756,1704,1750,342300,594048743,1.69,61066675250,125998799.0,,20250217
060480,1781,1837,1751,1775,52515,92868675,-0.34,19684750000,46029002.0,,20250217
078130,0,0,0,800,0,0,0.0,901924696800,,,20250217
307750,3530,3580,3520,3530,43878,155190835,0.0,173214519570,42451665.0,-30.0,20250217
035080,12370,12370,11800,12210,210594,2550193750,8.73,166991261580,-35170640.0,110737780.0,20250217
453450,16980,17330,16660,17310,40056,684958250,1.94,137489002500,149327030.0,17040.0,20250217
204020,2705,2875,2695,2785,60880,169365865,2.96,56110592550,-17148500.0,,20250217
402490,16430,16850,16430,16810,56506,946553010,2.0,138950518640,179132700.0,16779370.0,20250217
114450,1768,1800,1695,1768,60727,105814832,-0.28,35360000000,-2657291.0,1748.0,20250217
186230,7360,7490,7290,7460,18562,137507830,1.36,80718602480,14786550.0,-110.0,20250217
900070,403,405,398,402,77795,31083906,0.25,21605075136,460978.0,,20250217
204620,4135,4185,3985,4130,1111337,4515318335,-0.12,290270152900,536583900.0,-438867420.0,20250217
019660,801,890,795,863,513351,436490969,6.41,30024413798,81558089.0,,20250217
053260,3885,3885,3810,3860,3974,15304900,-1.03,72259200000,-112120.0,30.0,20250217
282720,9480,9620,9400,9560,24401,232959540,0.63,115862420000,18144990.0,66920.0,20250217
036190,24850,25000,24500,24750,8686,214872600,-0.2,148500000000,55524300.0,-2624950.0,20250217
049080,521,527,512,514,240833,124594447,-1.72,43630040358,1688735.0,39790.0,20250217
420770,34700,35750,34000,34000,124887,4350035400,0.0,430975772000,-624168400.0,-48827950.0,20250217
035460,2105,2110,2030,2085,130235,268118005,-0.48,30393753900,18063685.0,,20250217
308100,2730,2760,2710,2755,9182,25078265,0.92,18251139415,-160045.0,5.0,20250217
407400,8870,8940,8670,8770,69551,610688100,-1.24,107515586980,-19740400.0,,20250217
187790,0,0,0,1025,0,0,0.0,31611850750,,,20250217
286750,2675,2695,2510,2625,300668,796543105,-1.87,56473092375,-47766010.0,,20250217
121600,62300,67300,61900,66900,147772,9678572100,7.38,815917618200,2429424400.0,734415100.0,20250217
247660,6070,6160,5620,5920,52490,311379500,-2.15,25716006400,8087230.0,,20250217
039860,3515,3675,3505,3625,315812,1143753580,3.57,116399047250,57013740.0,-8509350.0,20250217
091970,670,671,572,572,211973,124163415,-14.63,21402805996,-136904.0,11324004.0,20250217
417010,7110,7280,7070,7160,76622,550403710,-0.14,141226188480,151487300.0,14320.0,20250217
405920,2700,2810,2675,2690,21602,58121910,-0.37,34642024440,-892000.0,-4687790.0,20250217
051490,3705,3755,3705,3715,17768,66223420,0.27,52753000000,2795545.0,10.0,20250217
137080,3020,3045,2995,3005,4848,14599330,-0.5,33233563110,-998915.0,-8820.0,20250217
190510,12730,12910,12730,12760,42459,543906150,0.31,197445649720,-5685810.0,40.0,20250217
242040,1452,1468,1437,1444,126379,182810542,-0.55,49971445216,-1408216.0,52096.0,20250217
089600,13670,13820,13570,13760,15771,216866900,0.73,159177922880,14462940.0,104247490.0,20250217
293580,1173,1265,1173,1238,7732172,9533708732,4.3,117523278100,205606593.0,-49351.0,20250217
138610,15950,15980,15750,15840,45429,720192720,-0.06,172546973280,168704480.0,30.0,20250217
130580,4725,4725,4710,4725,2757,13008325,0.0,72765000000,14340.0,-18880.0,20250217
036800,17200,17500,17200,17280,5037,86969060,-0.35,172800000000,250620.0,-16263570.0,20250217
267320,3010,3115,2965,3035,3474853,10578754670,3.76,132520555640,-44424210.0,-73060.0,20250217
111710,5110,5140,5090,5140,437,2234080,-0.19,105822320000,-25450.0,,20250217
091590,3840,3880,3835,3860,5335,20543115,-0.52,45316400000,4102825.0,,20250217
168330,1367,1396,1305,1349,27411,37058232,-1.32,42837360100,-3242662.0,,20250217
094860,948,955,945,955,15896,15057312,0.74,20436588395,-1055655.0,,20250217
253590,12740,13250,12460,12650,6970494,88770537360,1.69,554944924600,-4190708110.0,224609420.0,20250217
212560,8810,8880,8460,8690,54003,464633550,-1.59,68433428470,109280040.0,-37934760.0,20250217
095660,20550,20550,20150,20300,65645,1332883600,-1.22,443693364800,-117987900.0,124769250.0,20250217
042420,17030,17260,16660,16910,11473,194900890,-0.7,149769604060,-2301890.0,2041030.0,20250217
950220,1119,1134,1104,1120,230066,257045124,-0.71,110731560800,22866874.0,1731019.0,20250217
311390,6400,6500,6140,6410,29194,183924940,0.31,81110787490,-22640640.0,-50.0,20250217
085910,3115,3200,3090,3165,26666,83928705,1.28,44103698970,-633245.0,-5.0,20250217
092730,11540,11690,11520,11590,27179,314709550,0.43,185764392510,8162620.0,964090.0,20250217
290660,801,819,750,784,33185,26025966,-2.0,36127816816,-514663.0,,20250217
306620,2700,2800,2695,2760,552263,1524456280,2.99,119960283960,23843615.0,-9535.0,20250217
153460,7000,7070,6810,7050,3097,21651440,2.17,46036598700,-488230.0,,20250217
007390,17850,19920,17850,19600,1517783,28984594890,10.11,1261400257600,3421542730.0,462101630.0,20250217
033640,8690,9180,8560,8810,345692,3086989660,1.97,203151569620,-618899970.0,109913300.0,20250217
330860,13770,14490,13700,14230,162157,2286965940,2.82,173378960350,-196840730.0,85210.0,20250217
089140,2630,2660,2555,2625,22057,57784335,-0.19,32907643125,12662925.0,-720.0,20250217
389650,52000,53300,51300,52900,130640,6825332700,2.12,427785689400,1034506800.0,-911520600.0,20250217
137940,405,410,383,408,617134,245480470,0.74,31954964736,52156192.0,,20250217
396270,12120,12120,11850,11990,233634,2797084140,-0.5,216886390600,134643840.0,-45914650.0,20250217
348210,56700,56900,55400,55900,38192,2144945400,0.0,584560275000,228708100.0,-201456800.0,20250217
225570,13620,13870,13540,13600,291883,3998178900,-0.15,895698366400,53481840.0,-994596320.0,20250217
217270,6270,6450,6190,6330,235196,1486931090,1.61,295460029500,-45166840.0,-148220.0,20250217
104620,4875,4890,4795,4860,45817,222105100,0.1,76992732360,60034665.0,,20250217
473980,20950,22200,20750,21850,442230,9549247900,6.33,237457431450,1747751950.0,-1935288350.0,20250217
194700,7960,7980,7820,7910,59941,473963170,-0.63,148350847680,-122485970.0,51829870.0,20250217
285490,19490,19620,19270,19490,39833,775220940,0.15,206122946190,72583340.0,40.0,20250217
145170,6320,6520,6270,6440,143348,919511080,1.9,108890128200,234407930.0,,20250217
106520,0,0,0,411,0,0,0.0,15904036272,,,20250217
376930,3190,3235,3145,3220,1011761,3235460450,3.37,118969533200,257626350.0,3898545.0,20250217
142280,3615,3680,3600,3630,74299,270117650,0.41,78923191380,64427160.0,,20250217
234690,9110,9440,9110,9260,115433,1070319190,1.31,164386075760,51680790.0,56355150.0,20250217
054050,7370,7500,7370,7460,8634,64279900,0.4,119587985060,16122620.0,13920.0,20250217
069140,1384,1400,1383,1395,24431,33994572,-0.14,18278326485,-2231814.0,,20250217
040160,2745,2790,2745,2785,6343,17593405,0.36,33574664975,190655.0,,20250217
332290,1010,1021,1008,1008,86753,87953769,-1.27,33651881424,-1144996.0,,20250217
348340,32350,33500,31250,32550,288302,9314158600,2.68,345076221000,37245200.0,114911900.0,20250217
060260,1080,1090,1078,1089,63539,68766811,0.83,14714577801,15462179.0,,20250217
123840,1165,1198,1137,1180,50615,57941191,0.43,43842082260,-1076160.0,,20250217
012340,495,500,490,493,55840,27658977,-0.8,25097230866,-67429.0,-819842.0,20250217
270870,6350,6460,6150,6430,49008,309652500,1.26,59157440320,-27759370.0,,20250217
144960,4870,5080,4865,5020,184819,916272240,3.19,219336972480,133521310.0,-9245065.0,20250217
085670,5590,5760,5530,5590,562999,3165134240,0.0,136679753990,454564210.0,-819761000.0,20250217
064260,3060,3135,3060,3120,250779,780106805,1.63,215121004800,136648605.0,485620.0,20250217
340360,2000,2025,1991,2025,369959,741298189,1.4,87861129300,173869019.0,,20250217
039560,3950,4010,3910,3975,223197,886774685,-0.63,157465574475,142212740.0,146770.0,20250217
154040,1062,1110,1062,1095,56783,61960715,1.2,19655352930,1173957.0,,20250217
032190,10300,10580,10250,10480,83365,871421400,1.45,401384000000,77509610.0,-122160.0,20250217
323350,7200,7670,7140,7510,442977,3316757030,6.83,60160897720,75010460.0,-94933800.0,20250217
068240,10870,11490,10680,11380,517466,5838928890,4.69,434299913060,588767170.0,1280964960.0,20250217
464580,6020,6290,5970,6200,262538,1608268300,5.08,56717277600,-89396590.0,-441740.0,20250217
020400,7330,7430,7190,7270,34350,250095650,-0.82,23185236820,9081430.0,,20250217
008830,22750,24300,22100,23150,1809850,42029997000,0.0,208061088000,-290878300.0,58735650.0,20250217
048470,3265,3300,3250,3285,14838,48516690,0.61,32850000000,2688150.0,15.0,20250217
004780,3830,3830,3790,3815,5112,19428495,0.13,60670704185,-616090.0,-99615.0,20250217
017650,6400,6400,6340,6340,12065,76623770,-0.31,57060000000,-190500.0,-43836770.0,20250217
007720,1191,1287,1191,1275,2163921,2790152447,4.68,128520573750,482680666.0,,20250217
389260,11770,12010,11770,11950,18514,220989660,0.42,203747500000,53054550.0,262740.0,20250217
317850,10160,10170,9800,10050,193230,1935395320,-1.37,83660421000,131297100.0,20.0,20250217
290670,16670,17350,16610,16980,21885,371740450,1.07,133423066800,65396910.0,17340.0,20250217
078140,12340,12900,12060,12840,74891,948873020,4.22,142351674360,147549690.0,12610.0,20250217
065150,0,0,0,145,0,0,0.0,18165948725,,,20250217
036480,9110,9140,9050,9070,10458,94917750,-0.11,34466000000,4308390.0,,20250217
027830,1804,1842,1785,1834,442430,807297587,2.12,99036000000,204141552.0,,20250217
104040,820,832,816,830,28154,23269914,0.0,39196739210,-2377952.0,,20250217
129920,2995,3020,2960,3005,22805,68171340,0.67,41213734265,-1218850.0,,20250217
442310,2165,2165,2145,2145,4182,8970480,-0.23,14392950000,60.0,0.0,20250217
457390,2680,2865,2680,2855,333707,932266860,6.73,20084925000,270314350.0,-74378355.0,20250217
457630,0,0,0,2095,0,0,0.0,15314450000,,,20250217
471050,2145,2150,2130,2140,5561,11903275,-0.23,12968400000,-77030.0,3207490.0,20250217
478780,2035,2045,2030,2045,14424,29307145,0.25,16175950000,-781475.0,-21061300.0,20250217
482690,2020,2030,2020,2025,11470,23238895,0.0,11370375000,-2644175.0,-559375.0,20250217
020180,1070,1091,1070,1080,214492,231450409,1.03,41503228200,59466713.0,,20250217
045390,3370,3375,3265,3290,650958,2157468140,-2.37,231857410330,-439568020.0,3405480.0,20250217
108380,16500,16700,16210,16440,72652,1194295370,-0.18,157286954520,225370050.0,-152010270.0,20250217
007680,4070,4350,4045,4270,9904,41357110,4.91,57416443980,314650.0,,20250217
048910,8950,9140,8950,9140,22316,202866120,2.12,114971566440,58971710.0,154310.0,20250217
005710,6070,6290,6070,6130,3389,20805780,0.49,122830488000,-1651750.0,-301210.0,20250217
290380,0,0,0,2300,0,0,0.0,56841307600,,,20250217
120240,13090,13090,12750,12930,6494,83868780,-0.08,92971755630,18157420.0,33330.0,20250217
003310,1501,1520,1490,1516,116830,175918231,1.0,53654802600,32542303.0,,20250217
078600,104900,111800,101600,109800,425160,46037690300,5.58,1699769111400,1917193700.0,9168520000.0,20250217
096350,349,363,338,360,1315308,463674272,5.57,58953963240,41831581.0,-35636.0,20250217
140520,2030,2030,1997,2010,29016,58247731,-0.99,42429578430,-382442.0,,20250217
131220,4445,4530,4440,4490,17107,76163715,1.01,33470660100,4905480.0,55.0,20250217
010170,883,910,860,894,747469,653910559,0.34,66612982404,70830264.0,-14857850.0,20250217
054670,6910,7050,6910,7030,27125,189622640,1.74,100915087600,55479590.0,-10.0,20250217
023910,25850,26050,25700,25800,8536,220273350,-0.19,154800000000,3735600.0,537300.0,20250217
021040,913,920,906,907,11335,10313144,-0.66,19686230018,-1137723.0,,20250217
021045,2665,2680,2665,2675,76,202765,-1.11,2269716100,,,20250217
067080,10080,10170,10010,10040,68718,691953690,-0.5,186911166000,135756770.0,-13761870.0,20250217
298540,9440,9670,9420,9530,23072,219569030,1.06,140718607680,78223250.0,4150780.0,20250217
032860,1322,1362,1250,1307,24443,32069270,-2.02,52797392941,-4122941.0,,20250217
393890,10600,11230,10600,11030,214298,2352139900,3.18,373289878320,255961460.0,-4795630.0,20250217
299170,1630,1710,1602,1693,923554,1550779117,3.48,50837341359,27215518.0,,20250217
224060,3800,3800,3430,3440,30365,106223800,-4.71,17752883680,-1246040.0,,20250217
043090,1297,1333,1255,1255,176296,229431780,-3.24,15584935125,-10584847.0,,20250217
213420,33150,34500,33050,33800,290364,9824998900,2.42,839293850200,254206050.0,1985503500.0,20250217
317330,34750,35600,34100,35100,208384,7282891250,1.45,718728098400,619170250.0,22151450.0,20250217
077360,4305,4430,4220,4320,303358,1319484745,1.29,196287848640,-78349325.0,-4781000.0,20250217
090410,1693,1715,1692,1705,290651,495328472,0.71,78573381975,53249266.0,,20250217
263600,4860,5960,4810,5170,3912597,21879759845,6.38,82359702700,-24444040.0,-476005305.0,20250217
194480,31200,32700,30350,30800,141970,4426073050,-0.48,370929020000,-541749300.0,-754302200.0,20250217
373160,6700,6890,6630,6700,80913,546278620,0.15,91156340800,30289970.0,6344980.0,20250217
263800,4895,5010,4895,4985,76622,380477780,1.94,80853609300,106928555.0,,20250217
206560,7780,8180,7760,7820,518241,4118002090,0.64,198719775520,-119227050.0,-132177410.0,20250217
261200,6400,6490,6370,6460,27054,173981190,1.25,102130662000,26464370.0,,20250217
067990,4600,4835,4530,4540,136025,637508305,-1.3,132484237000,94399130.0,3670370.0,20250217
006620,4885,4945,4880,4940,32079,157646175,0.41,140617060480,41236390.0,5.0,20250217
100130,2325,2350,2305,2350,43073,100368655,0.86,134286050000,16861230.0,-109440.0,20250217
005160,4175,4240,4050,4155,88432,367359885,1.34,225385822710,62680275.0,212275.0,20250217
303810,12900,15500,12180,12530,29325634,388169406550,39.22,200380637100,-1539326980.0,-26875100510.0,20250217
075970,2695,2720,2680,2705,115884,312403785,0.74,49772000000,42281600.0,,20250217
086450,15260,15940,15260,15830,248537,3915173100,4.35,703801800000,1380345150.0,512064400.0,20250217
240550,9820,11700,9720,10800,14753025,160078766940,9.09,222338952000,204831590.0,-889091520.0,20250217
099410,3260,3335,3225,3225,78517,257946620,-1.07,45150000000,23620410.0,-1959090.0,20250217
033500,21500,23100,21400,22950,1804173,40414886950,10.87,688258887300,151226050.0,1944952450.0,20250217
025950,48000,48000,46500,46700,101518,4775293100,-1.89,392280000000,-569305600.0,47700.0,20250217
088130,3290,3340,3290,3340,40028,132344885,1.37,58400948760,27671495.0,,20250217
041930,5540,5660,5540,5580,38524,215566870,0.54,88164000000,15881380.0,-440790.0,20250217
060380,1263,1276,1263,1268,11766,14936225,0.4,24979600000,-635590.0,,20250217
079960,19050,19050,18750,18840,14967,281848860,-1.1,148082400000,-30607050.0,-87818120.0,20250217
228340,1732,1774,1710,1770,7921,13886881,1.14,35400000000,-521307.0,,20250217
088910,1976,1976,1950,1962,25621,50132641,0.2,50681920968,-1215640.0,,20250217
094170,21300,22600,21150,22000,632355,13901605800,5.01,419478576000,1310445250.0,-20629150.0,20250217
013120,2235,2310,2220,2250,29797,67244470,0.67,204318225000,-512605.0,-1428545.0,20250217
109860,8690,8740,8530,8670,14443,124673760,0.93,78897000000,-9437320.0,-656520.0,20250217
032960,10000,10210,10000,10200,2485,25240670,1.69,40660494600,-650490.0,-3902030.0,20250217
023790,1250,1287,1250,1281,34159,43364935,3.06,26697750135,232284.0,40574.0,20250217
005290,28000,28000,26900,27100,555878,15178679000,-1.28,1393332787400,-4264216700.0,177045350.0,20250217
025900,8330,8580,8200,8470,76799,646158920,1.68,428220203950,207737120.0,4935210.0,20250217
131970,33350,34400,32200,32200,749516,24645333500,-8.39,622337063600,485546700.0,-5997643200.0,20250217
073190,3810,3965,3630,3965,191520,736323850,4.07,47453278600,150542015.0,-3546245.0,20250217
176750,10910,11300,10600,11140,199260,2183669490,4.01,316991150800,-164791410.0,333885560.0,20250217
030350,1078,1172,1078,1122,162773,182240413,4.47,15570884868,13339983.0,,20250217
203650,3655,3685,3640,3675,317212,1161654670,-0.41,185976145950,-55691770.0,0.0,20250217
223250,3140,3180,3105,3170,102238,322340200,0.79,75443857080,87354205.0,741490.0,20250217
060570,1785,1848,1785,1821,190304,347794559,1.62,137706884433,134050240.0,-16969164.0,20250217
362990,1825,1845,1818,1822,10864,19820868,-0.55,30610645828,-565157.0,,20250217
016670,3455,3550,3455,3550,7004,24520775,2.75,17543553300,-2961265.0,,20250217
187870,11830,11950,11770,11870,7534,89321440,0.0,83524548830,5214880.0,-36323980.0,20250217
489730,1986,1990,1986,1989,26254,52181263,0.15,12594348000,-263575.0,13298359.0,20250217
110990,17680,18250,17240,17640,109029,1918903090,-0.23,333396000000,-367141860.0,-97575880.0,20250217
263690,5600,5690,5590,5650,8570,48387660,1.07,63989696500,-76080.0,-61950.0,20250217
214680,2270,2325,2270,2305,480903,1107147500,1.99,170605160470,194057520.0,6945.0,20250217
347850,51200,54500,50800,54300,144554,7640703400,5.23,573846146700,701171500.0,470667900.0,20250217
263720,17390,17730,17300,17300,51873,900878090,-0.97,216673382900,-166220.0,-219849830.0,20250217
376300,40750,40800,38500,40050,621163,24405793000,-2.55,950723160300,3763128000.0,-1699129750.0,20250217
109740,4010,4045,3975,4025,12832,51480515,1.13,103484319750,-3199430.0,-2665.0,20250217
031860,1026,1050,1011,1016,64122,66164773,-2.03,17446773336,10762394.0,,20250217
196490,0,0,0,203,0,0,0.0,36245520080,,,20250217
066900,2190,2465,2170,2225,78404,180017975,1.6,50606519175,2944850.0,-3738035.0,20250217
127120,6290,6290,5810,5900,252219,1497730150,-5.6,132654673700,-469228850.0,31070.0,20250217
092070,11600,11910,11260,11800,48703,572306070,3.51,136547924400,-72713000.0,59211530.0,20250217
039840,17320,17650,17220,17530,24946,437124800,1.21,262630165150,81706560.0,-7021660.0,20250217
219550,720,830,659,783,5740107,4415136959,0.13,92728850733,-85290334.0,,20250217
310870,1572,1620,1572,1610,121640,194603312,0.12,33306506310,-20497868.0,13991724.0,20250217
104460,13100,13350,12760,13060,102583,1331765840,-0.31,139919942500,121248930.0,-300333330.0,20250217
079810,6370,6680,6240,6460,281850,1825458430,1.41,142301487240,-38848130.0,93336060.0,20250217
113810,2270,2500,2205,2370,4757770,11195526605,4.64,77328480870,-162422490.0,,20250217
043360,1839,1854,1835,1852,8100,14940134,-0.11,16668000000,124014.0,,20250217
197140,2515,2545,2475,2475,14565,36304480,-2.75,32207556150,1306540.0,,20250217
068930,7210,7300,7210,7280,15110,109549110,0.41,201476489760,14691830.0,64995700.0,20250217
033130,1706,1732,1703,1723,201400,346560980,0.7,63949605041,78624853.0,-10543.0,20250217
105740,7380,7540,7340,7530,43191,323179200,2.03,76568902890,173052850.0,-601680.0,20250217
263020,3200,3410,3155,3395,460832,1518933575,6.09,49226926245,190722500.0,-4199565.0,20250217
290550,9100,9240,8820,8910,421068,3795081140,3.36,178210959300,-527454780.0,163297540.0,20250217
066670,3080,3135,3015,3060,33015,101218950,-0.65,57197269080,2987145.0,-35.0,20250217
187220,3205,3310,3205,3265,81877,268552255,2.35,38194038565,41376925.0,,20250217
383930,7540,7580,6950,7180,444496,3231918330,-1.1,91692276160,-238683320.0,,20250217
131180,876,881,872,880,17608,15411311,0.0,25828000000,462010.0,,20250217
315640,7470,7840,7420,7800,538245,4114388870,4.42,174885890400,-37682940.0,35599190.0,20250217
223310,2555,2910,2555,2825,346372,963045880,9.5,64521234375,224423040.0,0.0,20250217
317120,3270,3270,3155,3200,30420,98090745,-0.78,30912000000,10238175.0,,20250217
462510,8320,8790,8320,8670,65815,565021830,3.71,75001872450,102368340.0,,20250217
042510,2175,2200,2150,2185,175359,382380405,0.69,122416528135,115673230.0,-421705.0,20250217
232680,8700,9270,8600,9270,451650,4043805750,6.8,116192349180,18669230.0,-6668020.0,20250217
418420,3360,3360,3185,3185,106557,349860340,-4.93,95895359105,-16892655.0,-89180.0,20250217
300120,4630,4895,4630,4895,257078,1230141155,5.72,102109758740,58075030.0,-20.0,20250217
171120,2300,2310,2255,2290,58913,134952070,0.66,82215030400,19042370.0,,20250217
388790,2850,2900,2850,2900,151626,436429910,1.75,86750397000,61802450.0,-2874555.0,20250217
347700,7950,8080,7420,7700,545468,4238379470,-2.28,169708100100,103128990.0,156347130.0,20250217
214260,16760,17620,16490,17510,85968,1470222940,3.55,156232327130,40156800.0,200114230.0,20250217
171010,5300,5380,5130,5130,646872,3391479540,-0.39,73352597760,-36068570.0,60.0,20250217
084650,2650,2730,2640,2715,1009889,2725714320,1.69,201561572850,366111485.0,4610500.0,20250217
217500,1772,1781,1726,1762,134004,233324075,-0.56,56052744000,32856976.0,,20250217
038390,13500,13970,13450,13970,485051,6630307860,4.41,233589883340,1015317120.0,-27565700.0,20250217
294140,2870,3030,2870,3010,56589,169029170,3.08,63210000000,33963905.0,,20250217
443250,13210,13610,13070,13550,70388,941766370,2.42,153720563050,-140779320.0,-2994110.0,20250217
228670,8320,8440,8100,8280,111425,919509800,-1.43,128448078840,78910650.0,-14190770.0,20250217
228850,6680,6880,6680,6800,7566,51577670,-0.44,112818895200,386040.0,0.0,20250217
412350,4675,4680,4540,4540,84718,388206160,0.0,39620452880,15091495.0,0.0,20250217
199550,7900,7980,7560,7900,595166,4619025340,-2.59,95153848900,340432980.0,-14021750.0,20250217
281740,15540,17990,15530,17510,3593888,61348776050,13.41,1150941895480,2914761450.0,2812062350.0,20250217
277810,409000,409000,382000,399000,944305,372310405500,-0.75,7740543342000,-59101866000.0,-8118492000.0,20250217
215100,4425,4435,4345,4435,221723,973086335,0.23,90245393490,17788330.0,5.0,20250217
090360,27400,27550,26800,27500,108834,2965130650,0.55,268125000000,409678350.0,-1403000.0,20250217
108490,34100,35300,33200,35050,743831,25671494700,3.55,462432525500,3641150.0,433231300.0,20250217
900260,601,623,600,621,83394,50703336,3.33,22375429848,3929221.0,,20250217
067730,2870,3235,2755,3120,1058661,3217680190,13.87,30182636640,130401695.0,,20250217
071280,21000,21750,20500,21000,148991,3141493300,-1.41,321228663000,-359508750.0,343639600.0,20250217
328130,68800,72300,68200,72200,1793274,126344625200,7.76,2093456328000,12806967000.0,4827424100.0,20250217
038060,980,997,980,995,24361,24064273,0.71,47862553655,362021.0,-6292018.0,20250217
474170,12050,12300,11910,12220,1131633,13753095830,1.58,216632445120,385890380.0,-208032870.0,20250217
141080,119500,121100,114800,117000,613796,71568992600,-1.1,4283409546000,-12143378400.0,-1990955600.0,20250217
058470,225000,230500,222000,227000,70036,15930265500,0.89,3460017990000,300945000.0,538391000.0,20250217
016100,2570,2590,2525,2545,14208,36219025,-0.97,48611775230,2040020.0,-11436500.0,20250217
012700,3920,3950,3910,3945,29868,117547665,0.64,104330002575,9890300.0,-314945.0,20250217
302550,3470,3630,3400,3490,45333,158453600,0.58,106926899200,-120410.0,3223625.0,20250217
073570,770,1087,754,994,13916259,13126825075,1.02,35972360018,810137281.0,-770000.0,20250217
377450,13000,13000,12750,12860,19599,252476590,2.06,222863800000,20290160.0,-160160.0,20250217
277070,3890,4950,3860,4670,3234208,14849878595,20.05,63941640000,-191759860.0,,20250217
042500,4820,4830,4730,4800,73248,349469535,0.42,91536643200,72227540.0,10.0,20250217
193250,550,557,507,520,341362,177541410,-5.28,32928156040,-5381449.0,-211825.0,20250217
219420,6500,6770,6490,6720,129587,863292210,3.54,77075087040,71704110.0,,20250217
439090,16400,16650,16300,16530,59542,981876970,0.12,270732637800,168172270.0,7749650.0,20250217
195500,3025,3105,3005,3090,87136,267797925,2.15,49372020000,14782435.0,,20250217
377480,24400,26800,23750,26350,1133437,28926635350,9.34,165227490550,332447800.0,-625603550.0,20250217
305090,11830,11830,11200,11730,194143,2231691740,0.26,195159751800,-121545000.0,441694180.0,20250217
098120,8500,9340,7810,8660,4112806,36294317040,10.88,71988553560,-306122700.0,890000730.0,20250217
424980,6330,6330,6130,6270,9781,61287340,0.8,37111440300,433430.0,-12570.0,20250217
038290,15970,16140,15780,16000,28834,460599330,1.85,173462400000,215107160.0,10.0,20250217
267980,33550,33750,33450,33550,5569,187047500,0.0,263154054900,-31117300.0,22186150.0,20250217
005990,8790,8800,8710,8760,22230,194466540,-0.57,120172343040,-26220.0,24006190.0,20250217
093520,9760,9860,9620,9620,51921,505343640,-0.62,155488945040,-131670020.0,19530.0,20250217
377030,1799,1839,1699,1770,1858319,3287698530,-1.39,55522379520,-21491848.0,-51330.0,20250217
100590,4110,4145,4045,4080,69384,283090145,-0.73,64586493840,38276715.0,32675.0,20250217
067280,31450,31700,30900,31700,7999,252030250,0.79,187878894300,-74853200.0,-1350.0,20250217
072870,10750,10760,10600,10760,7415,79395040,0.47,128269518840,4626540.0,138510.0,20250217
215200,38450,39050,38200,38700,26440,1022566100,0.91,443577658500,220345750.0,-204189250.0,20250217
133750,2185,2185,2155,2175,32491,70652595,0.0,50910392475,-20886265.0,,20250217
446540,3160,3260,3160,3230,87542,282513355,2.22,67090330000,59690280.0,,20250217
235980,3305,3360,3270,3335,80214,266929760,1.52,114307528535,69041690.0,-849635.0,20250217
041920,4860,4860,4800,4835,14518,69982500,-0.62,89922408205,8060350.0,4825000.0,20250217
014100,2890,2970,2830,2970,24696,71559385,1.71,35046000000,-12042590.0,,20250217
054180,281,282,276,281,137579,38497902,0.0,19354797523,1859969.0,,20250217
086900,123500,124400,122100,124100,34142,4212825700,1.55,905743477700,413266200.0,121869500.0,20250217
078160,10000,10490,9960,10430,135639,1397457280,5.35,356891497550,350962010.0,-942140.0,20250217
408920,2170,2180,2155,2175,12082,26233050,0.23,94030589625,-968210.0,21720970.0,20250217
021880,240,244,212,238,1348452,305666413,-0.42,36219889104,-1745539.0,-6285461.0,20250217
140410,28100,28400,27750,28000,84959,2389019000,-0.36,838973436000,152554550.0,-142168100.0,20250217
241770,9180,9590,9160,9450,21325,201535630,2.61,96320448000,-5933130.0,23173050.0,20250217
059210,4130,4405,4120,4345,489970,2093136905,5.21,103681915095,-28762630.0,-22609600.0,20250217
058110,2050,2050,2000,2005,30628,61901370,-1.47,32181312650,165940.0,5.0,20250217
434480,4895,4920,4820,4870,164021,799139810,1.04,59673571000,6562515.0,,20250217
080420,2200,2235,2150,2235,75620,166290190,3.95,178177825170,-424165.0,31905745.0,20250217
417970,12390,12950,12060,12820,118480,1495907710,5.17,82005694000,233068320.0,8320.0,20250217
080160,9720,9800,9680,9780,39227,382358580,0.62,184842000000,-5425280.0,-854470.0,20250217
087260,2195,2235,2190,2215,69302,153131445,0.23,72104587115,5935205.0,,20250217
101330,2860,2890,2840,2850,23740,67795730,-0.35,65969032650,-1772665.0,-884125.0,20250217
012860,1401,1414,1388,1411,122680,172076428,0.07,103332407827,6170078.0,,20250217
363260,2165,2235,2165,2205,479984,1056387515,0.92,70921110645,54949275.0,,20250217
348030,5080,5210,4980,5020,10824,54543410,-1.18,48211076000,-1475370.0,70.0,20250217
250060,2690,2735,2670,2705,176628,477911215,0.56,87023404370,103207355.0,,20250217
288980,1399,1399,1294,1360,196396,265101205,-1.16,46996924320,49755674.0,972163.0,20250217
142760,1213,1263,1212,1230,53827,65850963,-2.69,46413817530,-731221.0,,20250217
033200,2600,2700,2600,2660,2474,6518095,2.31,38120952100,-251045.0,2660.0,20250217
333050,1290,1305,1283,1283,58075,74784987,-0.54,31381315258,-552560.0,-569323.0,20250217
118990,10900,11270,10890,10950,190235,2100174180,1.48,272238790500,172786830.0,5639430.0,20250217
006920,3035,3035,2960,2995,10948,32829100,-1.32,32705400000,1360235.0,13868440.0,20250217
001810,1440,1484,1440,1476,8713,12792935,1.58,32674950000,-455733.0,,20250217
279600,0,0,0,11300,0,0,0.0,52938025300,,,20250217
095500,8540,9050,8440,8750,377037,3336202480,2.46,271337491250,310504230.0,6687350.0,20250217
254490,13620,13760,13430,13530,91628,1245039240,1.2,195346140000,-9178290.0,140.0,20250217
218150,3870,3965,3865,3945,70230,275860155,2.07,80540338890,77922600.0,31575.0,20250217
442900,10130,10150,10110,10140,31075,314557350,0.0,77875200000,10150260.0,-20218830.0,20250217
100790,4735,4800,4735,4750,134922,641715355,0.0,252342011500,107067390.0,-1213140.0,20250217
446190,0,0,0,2155,0,0,0.0,10667250000,,,20250217
448830,2165,2165,2145,2150,529,1143885,-0.46,10578000000,-10775.0,-17280.0,20250217
477380,1991,2010,1991,2005,22133,44170313,-0.25,16240500000,-165398.0,-1.0,20250217
477470,2015,2035,2015,2030,3384,6863895,0.5,11124400000,-2080.0,-3040000.0,20250217
478440,1991,2010,1991,2000,1358,2722215,0.45,13860000000,-6000.0,0.0,20250217
482680,1967,1971,1967,1971,8509,16750263,0.2,16191765000,226431.0,9842621.0,20250217
049950,23700,24200,23000,23350,43129,1013534850,0.21,205897591400,-217431900.0,16509450.0,20250217
207760,1014,1024,1000,1024,123276,125234488,0.99,85073697792,39676028.0,2415556.0,20250217
059090,9410,9670,9310,9550,338295,3227654460,2.58,319130229900,34922550.0,-95385030.0,20250217
214610,832,869,823,842,880388,737585377,1.2,43367755616,56521335.0,-562887.0,20250217
201490,1716,1730,1702,1717,54528,93317943,0.0,52179787964,5826262.0,,20250217
475460,10440,10440,10160,10240,65421,673271670,0.1,57211136000,8588660.0,7770360.0,20250217
452200,4325,4460,4280,4410,85463,377177230,2.08,97735743000,104706130.0,-550035.0,20250217
418470,14900,14920,14450,14550,111479,1625231090,-2.41,123664654950,247684420.0,-523654020.0,20250217
206640,16530,16900,16400,16540,114539,1913760730,1.22,388467702400,426991950.0,162541660.0,20250217
018700,895,897,879,887,103568,91655797,-0.78,31151224459,608608.0,,20250217
035620,436,437,433,436,53964,23436247,0.23,32455698300,-269195.0,-452963.0,20250217
053030,19770,19800,18850,19070,1332528,25505674740,-3.54,623287465160,-1037812080.0,-3641884700.0,20250217
301300,5360,5470,5210,5380,110749,590773660,0.94,66684352180,-8932910.0,-96803230.0,20250217
064550,17150,17790,17150,17510,103866,1816692730,1.98,451938195410,424827270.0,-12939470.0,20250217
314930,13720,14500,13720,14420,96472,1371045300,3.22,429198365260,166409710.0,-6950850.0,20250217
208710,685,693,644,680,1022297,695692659,-0.73,44812451520,43525242.0,,20250217
086820,29550,31000,29350,30850,56970,1728254150,4.93,251224692100,326952500.0,33187200.0,20250217
038460,3105,3150,3095,3140,81347,253623305,1.29,82156335320,94195210.0,,20250217
251120,14150,14270,14000,14030,25828,364512380,-0.92,122000671000,9488940.0,-11235020.0,20250217
199730,5540,5630,5500,5630,23634,131265350,1.81,27386386210,25427330.0,,20250217
086040,3080,3110,3030,3055,22172,67968885,0.16,48752444585,30464535.0,10.0,20250217
099430,7270,7440,7130,7170,1836745,13393425260,0.42,425888965800,-200029580.0,1287698420.0,20250217
032980,377,377,338,338,3879323,1350424127,-11.75,15134960620,-40298258.0,0.0,20250217
308080,2385,2450,2355,2450,37837,90488495,2.73,47196163000,10065625.0,-238500.0,20250217
043150,19300,20350,19290,20200,105001,2093645530,4.77,300055971200,262930810.0,-7520710.0,20250217
323990,9760,9840,9710,9790,80932,790890990,0.41,225103428000,112516370.0,-3394360.0,20250217
267790,5060,5240,5060,5100,7458,38557700,-0.39,40231350000,-2783490.0,-2355940.0,20250217
046310,2575,2620,2525,2620,67103,172090525,0.77,43016839420,-2663320.0,-1766410.0,20250217
331520,1000,1033,963,982,3557963,3546831775,-1.5,49948830980,-118179374.0,,20250217
199480,5080,5210,5050,5210,74477,382821010,1.96,52629533980,57940770.0,,20250217
438700,3190,4105,3140,4105,597410,2275716875,29.91,45749773450,-140563475.0,-1797500.0,20250217
066410,0,0,0,1153,0,0,0.0,99670679144,,,20250217
382900,15100,15470,14660,15090,42306,639087720,2.17,132203490000,-33781110.0,-572960.0,20250217
206400,1750,1770,1722,1739,88046,153402303,-0.63,65230164762,-4403403.0,-921393.0,20250217
019010,2045,2045,1991,1992,41653,83289143,-1.87,96014400000,-5035446.0,12973413.0,20250217
177350,894,909,891,898,76534,68431483,0.67,16051218384,-5004796.0,,20250217
457600,4000,4055,3910,4045,159052,634347705,1.89,55446837500,77483025.0,0.0,20250217
424760,862,900,850,860,81569,70489431,-0.23,16911901720,16632971.0,,20250217
225530,4720,4720,4560,4560,27373,126364705,-0.65,165704595120,-9656365.0,2324985.0,20250217
250000,10030,10250,9930,10250,65137,654019660,2.19,69195013250,60478010.0,-10000.0,20250217
310210,115600,123500,113600,121400,272713,32166801800,6.12,2230094569800,2741387700.0,1371000.0,20250217
006910,2930,3000,2860,2980,421991,1238710245,0.0,146406875520,139878055.0,4341130.0,20250217
226340,0,0,0,1458,0,0,0.0,61166628360,,,20250217
014470,1975,1980,1926,1935,628916,1226296286,1.63,116201123100,-49138433.0,,20250217
008470,3750,3765,3710,3760,1755,6567270,0.13,31602048000,-7775.0,-402980.0,20250217
338220,26200,27250,26000,27200,438324,11700911550,6.25,380781585600,1356126700.0,1051723650.0,20250217
100120,21550,22000,21400,21900,15501,336680900,1.86,219040843500,80941600.0,-9307250.0,20250217
406820,11810,12000,11800,11990,5183,61856550,1.61,42373139600,-598830.0,-30.0,20250217
337930,6470,6580,6330,6550,159842,1030585640,1.71,191990632850,15884470.0,190530280.0,20250217
099390,5720,5820,5600,5700,17564,100435970,0.18,46787213100,-5121330.0,-51470.0,20250217
064480,5780,5960,5780,5960,91647,540708960,3.11,71236900000,61358750.0,5920.0,20250217
288330,4250,4575,4000,4460,1385091,6090085075,2.41,224836315800,-503194825.0,-39619005.0,20250217
365900,3125,3265,3125,3165,3673,11726135,0.64,23137099500,-866970.0,-30.0,20250217
089970,8640,8790,8500,8700,114757,994730670,1.64,209457676500,-7572780.0,-3063190.0,20250217
251630,4955,5100,4920,5070,69098,347371055,2.42,80830432020,160617415.0,1414530.0,20250217
018290,33900,34300,33250,33950,474923,16076890750,0.15,1215342337650,68461350.0,1113139950.0,20250217
478560,3630,3735,3545,3610,243155,889456130,-0.41,87696123550,-18376305.0,0.0,20250217
439580,10710,10990,10630,10990,88428,961388600,2.71,122760728790,388046960.0,10860.0,20250217
033560,3375,4040,3370,3605,2165055,8257087075,6.97,61645500000,-8048520.0,3096805.0,20250217
369370,1550,1597,1549,1550,34501,53704352,-1.59,77301462050,-850939.0,,20250217
126340,25050,26450,25050,26100,19987,521517600,4.4,158821579800,104845300.0,16053300.0,20250217
121800,0,0,0,3320,0,0,0.0,256309348520,,,20250217
082800,8060,8270,8030,8260,455160,3724394670,0.85,413864541160,550508920.0,-9389180.0,20250217
318410,7640,7640,7560,7620,14315,108629850,1.06,42330951660,-3102810.0,,20250217
419540,1700,1710,1687,1700,75678,128428999,0.0,39087268700,11232015.0,,20250217
146320,10840,11160,10760,10830,54455,594506160,1.12,138601506090,-43164840.0,-29035540.0,20250217
200780,4600,4690,4595,4625,11052,51141920,-1.18,41127276000,-76750.0,8625.0,20250217
413640,8180,8490,8030,8290,47336,394307110,2.73,59745532600,75160090.0,,20250217
141000,7750,7850,7590,7830,14922,115549600,3.16,94858179300,15644050.0,,20250217
083650,21900,23200,21250,23150,2573040,57889681750,0.65,716362281250,-890017900.0,4110298100.0,20250217
445360,2115,2115,2115,2115,2,4230,0.71,9115650000,,0.0,20250217
473370,1999,2005,1991,2000,1351,2693093,0.05,8420000000,,834229.0,20250217
065170,2195,2530,2195,2345,1024355,2450808760,7.08,20863593975,5606375.0,6760305.0,20250217
086670,8340,8350,8230,8280,20922,173218620,0.61,75556440720,5919010.0,-1206080.0,20250217
335890,8480,8790,8330,8740,1270417,10937224960,2.82,510583152500,736528320.0,513934860.0,20250217
230980,0,0,0,229,0,0,0.0,21370407553,,,20250217
082920,25500,26550,25100,26500,85629,2234207900,4.33,606113644500,231196650.0,487678300.0,20250217
054220,419,421,400,402,288531,116502652,-4.06,24101138562,3313326.0,,20250217
042370,8090,8280,8080,8170,684417,5585576060,3.81,214054204250,80989090.0,-923210.0,20250217
050090,687,699,684,685,65257,44850011,-0.29,13552543475,-100903.0,,20250217
148780,1092,1130,1076,1120,146117,160712380,0.0,35219212000,11313591.0,,20250217
307870,1146,1146,1090,1115,127708,142276072,-2.71,56648504910,35761928.0,,20250217
032850,4925,5010,4915,4985,61106,304034285,1.32,82867115605,110752170.0,-453255.0,20250217
238200,3100,3200,3100,3100,9484,29635075,-0.48,25358000000,-151965.0,,20250217
093190,4930,4970,4890,4955,18156,89638960,0.51,95328774275,1076385.0,-3874605.0,20250217
065450,4115,4140,4060,4130,167715,690253430,0.98,118336064000,298655435.0,-5.0,20250217
044480,464,501,464,478,64429,31053839,3.24,19437261984,-1259030.0,,20250217
069540,1055,1055,1010,1037,609812,629608283,-0.19,47740969423,53296788.0,,20250217
072950,3715,3895,3715,3895,57520,220311450,4.01,31364915950,15132865.0,,20250217
451250,9100,9310,9090,9200,50980,469306440,1.1,92826868400,93447000.0,-92625200.0,20250217
143240,17040,17320,17040,17280,12612,217246830,1.41,202336064640,47862930.0,32259580.0,20250217
466410,16700,17090,16660,16940,50123,846057880,1.68,85327169620,104876320.0,23662320.0,20250217
452430,18950,19330,18300,19010,191875,3629578410,0.32,153913590540,125567100.0,51537590.0,20250217
419120,6650,6690,6400,6580,19971,130445540,-1.05,51155065080,9208110.0,,20250217
122350,1259,1279,1259,1274,70675,90013788,0.24,48844431272,291200.0,,20250217
419050,1700,1700,1680,1682,118935,200834451,-0.71,96204075680,-10765895.0,,20250217
014970,2970,2995,2950,2985,4226,12562445,0.51,45148125000,-255775.0,-238400.0,20250217
018310,20800,20800,20300,20350,12543,256959400,-1.21,299145000000,-43279300.0,51280500.0,20250217
053700,4265,4285,4225,4240,52209,222201545,-0.12,96999285600,16744190.0,0.0,20250217
009620,2110,2135,2030,2065,97699,201208535,-1.9,33837277915,-22267565.0,-630465.0,20250217
023600,8000,8030,7930,8020,13484,107764120,1.13,129683400000,3576270.0,-15950310.0,20250217
439250,10530,10530,10520,10520,7379,77688280,-0.09,36841040000,-103190.0,3397960.0,20250217
448740,10200,10220,10200,10220,6161,62906190,0.1,47666080000,2974020.0,15315000.0,20250217
468510,2030,2045,2020,2040,108948,221712920,0.49,22542000000,28807390.0,-1024080.0,20250217
009300,16080,16250,15910,16180,10393,166874960,0.62,103066600000,3883150.0,-110.0,20250217
482630,23100,25050,22850,23350,2077604,49716465250,1.08,252883769000,-364708850.0,17052900.0,20250217
361670,4795,4975,4550,4600,41289,190836260,-4.17,26071226800,2457335.0,,20250217
054540,4880,4950,4815,4895,153141,746097605,1.66,63635000000,30904840.0,-5.0,20250217
065570,0,0,0,764,0,0,0.0,12190092916,,,20250217
032280,2110,2175,2105,2135,30649,65654250,1.43,34616014650,19691995.0,0.0,20250217
002290,3770,3810,3700,3790,56129,211404640,1.07,46996000000,-10045910.0,-1479615.0,20250217
037460,9120,9160,9050,9130,41857,380606430,0.11,148988105860,161671310.0,13430.0,20250217
032750,4165,4370,4120,4330,53330,228390710,5.1,39104758260,-24797870.0,-1522355.0,20250217
054090,776,776,748,754,155016,117168450,-2.84,18819260928,3884132.0,,20250217
000250,172900,184300,171300,181100,439052,78943237400,3.37,4248148179200,6125937300.0,-1509416500.0,20250217
024950,4220,4275,4170,4230,43194,183059700,0.24,56147230710,24060440.0,2820065.0,20250217
038500,3090,3115,3080,3095,174895,541456405,0.32,334000967070,101383385.0,-1391500.0,20250217
437730,13170,13960,12770,13500,1654025,22256533850,3.85,428052154500,215792410.0,-94911140.0,20250217
017480,4290,4330,4285,4295,7795,33496240,0.23,67443912550,-65380.0,-5607440.0,20250217
046390,1223,1239,1222,1231,76267,93588898,0.24,53145880523,5868725.0,843.0,20250217
027580,1282,1320,1282,1311,418173,546194587,2.26,77586656769,116569394.0,,20250217
038540,1419,1448,1419,1428,40965,58504329,0.0,79008830964,-19099643.0,-998816.0,20250217
452670,1999,2005,1999,2005,1069,2138040,0.25,10466100000,0.0,,20250217
091580,7890,8100,7700,8030,148753,1187661280,2.69,107025598570,61384860.0,288690.0,20250217
263810,2790,2820,2775,2810,20407,57208290,0.72,40027657580,2200245.0,,20250217
089980,15220,15750,15220,15670,118822,1847973400,2.96,250548209790,433279700.0,-368202620.0,20250217
042940,4080,4085,3700,3845,29406,114871990,-5.88,15310074830,4234915.0,,20250217
042600,9700,9900,9670,9800,14993,147426080,-0.2,121751025200,49261920.0,140.0,20250217
107600,18910,19740,18660,19670,26554,514408400,4.02,97986990150,110385290.0,-180140.0,20250217
411080,8980,9250,8850,9080,219257,1991996070,1.11,138457633040,116929420.0,-23085230.0,20250217
252990,5330,5330,5180,5240,382110,1999689260,0.58,305953450120,-95809470.0,-251520.0,20250217
378800,3100,3490,3100,3320,2391326,7944826250,8.14,100074862920,687062105.0,2602700.0,20250217
294630,3280,3340,3235,3300,210245,690775600,0.46,79132214700,83010325.0,,20250217
038070,7110,7220,7070,7110,26655,189917970,0.0,63283806360,47387630.0,7220.0,20250217
006730,5640,5640,5540,5570,79790,444237930,-0.54,367212961110,-8842070.0,-48770250.0,20250217
079650,1192,1201,1186,1200,7685,9167494,-0.17,24000000000,-37600.0,,20250217
100660,3945,4000,3870,3915,26446,103718800,-0.38,49329000000,3388650.0,3950.0,20250217
019770,3645,3720,3585,3715,28458,104708170,1.92,43279750000,1257300.0,5.0,20250217
043710,615,620,614,616,6131,3781301,-1.12,30922510080,-367497.0,,20250217
092190,3760,3760,3615,3755,38853,143263465,-0.13,172235778165,7533170.0,3660.0,20250217
046890,7550,7550,7230,7260,275549,2014193980,-1.22,423297204000,-765728650.0,-19126990.0,20250217
063170,6770,6920,6770,6870,27834,191327010,1.03,122109214290,41208620.0,34060.0,20250217
027040,241,307,240,260,9455348,2677059669,7.88,18093100220,-16294972.0,245022.0,20250217
018680,3350,3395,3330,3355,8673,29092515,-0.59,39117015245,-1282420.0,0.0,20250217
093920,5320,5390,5320,5370,8988,48098560,0.56,99882000000,-1170790.0,-25860.0,20250217
189860,4890,5090,4785,5000,200431,993665010,2.25,48493900000,39033990.0,-25.0,20250217
178320,24550,24650,24100,24200,530272,12887405250,-0.21,1361200486800,-746968200.0,1136942800.0,20250217
122690,1898,1898,1856,1870,3294,6201981,-1.48,40849046700,-325391.0,,20250217
140070,2755,2825,2730,2810,109979,306975535,2.0,103936280000,6692960.0,,20250217
011370,801,804,791,798,56693,45207977,-0.13,80514102270,1045491.0,,20250217
065710,20300,20350,20200,20300,4889,99078950,0.25,104545000000,-7498800.0,-684700.0,20250217
035890,1523,1540,1523,1539,124464,190677464,0.98,353675215323,70986478.0,8584224.0,20250217
357550,50500,51600,49600,50700,5566,282403700,0.6,276568500000,59982100.0,14000.0,20250217
003100,15290,15430,15290,15400,2652,40713150,0.46,101640000000,-4355330.0,306010.0,20250217
067370,6750,6830,6710,6820,1257,8512230,0.29,83978445100,-1169830.0,0.0,20250217
217620,0,0,0,3810,0,0,0.0,26803681470,,,20250217
171090,48750,50300,48150,48900,56290,2758357350,0.31,466359544500,-15679350.0,91695400.0,20250217
086710,10200,10700,10130,10350,169352,1765076390,2.78,126303948000,-36875470.0,4895370.0,20250217
014620,25700,27800,25700,27800,1173795,31894820150,8.81,776413606600,-932459800.0,2842650350.0,20250217
037350,4155,4180,4125,4155,47627,197794280,-0.24,64277850000,56239960.0,,20250217
458650,16580,16800,16160,16480,85560,1409986620,-0.6,247952641600,261334720.0,-167557850.0,20250217
081580,2885,2885,2770,2825,14118,39618810,0.0,43810503975,-5245550.0,,20250217
045300,3090,3120,3000,3115,17800,54148560,0.81,31622181045,440615.0,-1032330.0,20250217
015750,5270,5340,5220,5270,350609,1854578420,0.57,421600000000,134292050.0,-121620490.0,20250217
365340,38600,40900,36400,40050,45343,1804517150,2.56,486527400000,354942300.0,5520850.0,20250217
080470,3795,3795,3530,3575,5074,18181605,1.42,26097500000,-1813505.0,625470.0,20250217
043260,1199,1219,1199,1219,120337,146043206,1.67,74361668391,39592583.0,,20250217
148150,8770,9000,8660,8700,282390,2478278820,-0.34,311985732300,-102808780.0,32975780.0,20250217
188260,2800,2800,2600,2705,27356,74262920,-0.37,19553011350,4381990.0,,20250217
053060,1003,1003,996,1000,16203,16212011,-0.3,17657419000,-2184824.0,,20250217
340440,1241,1255,1231,1243,8799,10903098,-0.16,35274306452,60883.0,,20250217
017510,5640,6540,5630,6010,8384421,52597590460,7.13,91628460000,-379454880.0,,20250217
011560,10250,10360,10200,10210,24188,247181290,-0.87,107511300000,-9267870.0,30.0,20250217
396300,2215,2305,2215,2290,71814,162147970,2.92,60660955000,72151965.0,-38284700.0,20250217
100700,2460,2480,2455,2470,17187,42400130,0.0,108186000000,-1602865.0,2150.0,20250217
024830,8370,8370,7950,7960,61987,498786290,-4.67,66466000000,1467330.0,,20250217
258830,0,0,0,412,0,0,0.0,22983976612,,,20250217
036630,424,428,423,425,247229,105253440,0.47,85000000000,2874702.0,-391210.0,20250217
039310,1667,1720,1620,1718,122557,206135256,3.06,31133023906,-9461205.0,,20250217
067770,2195,2275,2195,2220,7757,17171695,1.14,18640436460,49185.0,0.0,20250217
053450,6030,7530,6020,7400,4185457,29791142490,22.72,109466742200,-413832600.0,339128560.0,20250217
222810,0,0,0,1080,0,0,0.0,81712098000,,,20250217
252500,836,841,828,834,133400,111280659,-0.12,34599649260,6271384.0,,20250217
321370,1282,1295,1265,1283,247714,316953895,0.08,52900762489,55111161.0,0.0,20250217
347000,2150,2210,2130,2140,110745,239709500,-1.15,70630648640,-38780420.0,,20250217
331920,3120,3165,3095,3100,15175,47377990,-1.27,25308858800,636400.0,,20250217
471820,5500,5500,5400,5460,56398,306415420,0.55,63576671340,4763230.0,2710000.0,20250217
049180,2070,2150,2035,2090,537275,1127315040,3.21,107668243540,73233505.0,-67657715.0,20250217
299660,4745,4890,4610,4660,431026,2029783555,0.22,98339872820,31218180.0,,20250217
268600,0,0,0,6680,0,0,0.0,248384003120,,,20250217
108860,15290,15620,15230,15480,739457,11435003600,2.38,416640949200,308158510.0,-150494570.0,20250217
208370,4770,5050,4765,5040,748440,3713711690,6.33,129732442560,-2979655.0,2335855.0,20250217
318160,3690,3690,3580,3585,52250,189471165,-1.78,33200330085,19532490.0,,20250217
308430,14600,15240,14550,15240,164826,2464803590,4.38,195087377160,306730670.0,87377730.0,20250217
068760,52600,53300,51800,53100,186370,9826650500,1.14,2209150469700,2076807400.0,-4963300.0,20250217
068940,0,0,0,778,0,0,0.0,29766744466,,,20250217
060230,953,953,907,933,776716,722358523,0.32,43871375787,36435273.0,,20250217
290690,3360,3360,3360,3360,1123902,3778174080,-30.0,162955776480,3470880.0,-336000.0,20250217
950200,4105,4105,4050,4075,17592,71552225,-0.73,78386915975,6372980.0,-9920.0,20250217
032680,341,344,338,343,553625,188621622,1.78,36217632052,59573500.0,,20250217
032685,7430,7660,7250,7660,1285,9485940,3.1,2735707720,-53290.0,,20250217
258790,912,917,892,908,44320,39808743,-0.11,22692085872,-1143067.0,,20250217
066910,907,920,850,874,166296,146192710,-3.96,29527442366,24258048.0,,20250217
035610,4135,4170,4120,4160,43986,182483460,0.73,113759347520,20732450.0,-1630.0,20250217
357780,189800,191700,186500,189700,24629,4671047600,0.8,1475593970200,132586200.0,165939600.0,20250217
036830,35000,36350,34400,35500,71948,2564407750,1.72,744223988000,471404400.0,10750800.0,20250217
304100,29400,30300,29200,30150,658388,19613920700,3.97,365736625200,-1604319450.0,39726800.0,20250217
328380,932,947,930,930,76577,71653866,-1.06,31864383540,-852257.0,,20250217
086980,3135,3155,3125,3150,270374,849117260,0.96,197309700000,-148536725.0,-58406140.0,20250217
050960,15410,15450,15140,15450,46165,706146790,1.25,104302950000,-60923440.0,29120.0,20250217
084180,5540,5680,5500,5560,47911,266670940,-0.89,99059261840,54275320.0,-32385410.0,20250217
253840,5800,5910,5800,5870,78428,459739360,1.21,98282584000,118199820.0,20.0,20250217
298830,5740,5920,5700,5800,1654343,9610205510,2.47,305190553800,219084220.0,,20250217
236200,26500,26500,26100,26400,25432,671339350,-0.19,189902407200,-86325400.0,26500.0,20250217
094840,6510,6580,6440,6550,48432,314898070,0.61,68590552000,49793870.0,-9309690.0,20250217
192440,23600,23600,22700,22950,8184,188350400,-1.71,142665530850,-30423400.0,400.0,20250217
424960,14410,15250,14280,15080,1862608,27722524150,8.33,236037287200,3374514860.0,-118500690.0,20250217
099440,3870,3895,3820,3860,496189,1910620285,1.05,155339500840,129825875.0,-38845.0,20250217
357880,2370,2385,2245,2255,915696,2107016600,-6.04,76495706540,-309214420.0,,20250217
276040,4225,4380,3975,4255,117755,490887195,0.71,53419286870,-69775675.0,,20250217
159910,798,965,720,910,2706546,2345527585,16.67,33133189180,-2169054.0,,20250217
060240,390,404,390,398,182576,72245895,2.05,12861043242,45839170.0,,20250217
115570,2390,2420,2345,2375,34729,82307230,-0.63,18963206500,6113640.0,-1115920.0,20250217
330730,3715,3810,3705,3790,97229,364998805,2.02,68791645700,81815815.0,11190.0,20250217
352090,3345,3370,3275,3320,175528,584764090,-0.75,89218353360,35223170.0,,20250217
253450,41150,41150,39900,40050,81745,3285067700,-2.55,1203842844900,-438025350.0,-709381000.0,20250217
408900,2400,2460,2390,2455,65870,160498395,3.15,80293558970,84311705.0,,20250217
204630,0,0,0,4650,0,0,0.0,23668225650,,,20250217
415380,8020,8060,7900,8030,5731,45724950,0.12,33930748940,2908570.0,,20250217
013810,3540,3605,3500,3600,146814,524842985,1.69,52759692000,164105465.0,5.0,20250217
049830,7730,7730,7070,7550,13454,100178620,-2.33,46297445600,1173810.0,10.0,20250217
020710,3670,3800,3670,3765,29967,112061020,2.17,75480607050,91285.0,1013155.0,20250217
033170,898,924,892,899,318858,288279752,-0.11,77069758781,37137045.0,,20250217
048870,2915,3000,2895,2965,334455,984849030,1.72,245230239960,133926545.0,8775.0,20250217
025320,6090,6140,6040,6070,411338,2503428430,0.17,534108829900,-256994980.0,300410.0,20250217
269620,0,0,0,889,0,0,0.0,132090012299,,,20250217
056090,995,1004,983,999,324296,323337086,0.4,103155776964,8813523.0,2994.0,20250217
429270,4265,4460,4240,4295,33152,142478400,0.59,19354343750,11268105.0,-14977730.0,20250217
418250,0,0,0,6550,0,0,0.0,52279100100,,,20250217
131090,913,915,902,910,38697,35203084,-0.33,38766000000,-885898.0,1122314.0,20250217
232830,2500,2505,2445,2495,56956,140979460,-0.2,29210142640,8972325.0,,20250217
290520,2300,2365,2300,2335,13091,30509475,1.52,37195060270,1734375.0,,20250217
001000,924,926,891,912,35761,32644454,-1.19,22141116480,-1346743.0,,20250217
025870,6010,6100,5960,6060,8361,50447120,0.83,24240000000,1491680.0,,20250217
215600,2525,2545,2500,2540,376617,950208665,0.79,348912497500,276973030.0,-5100125.0,20250217
065350,86000,86800,82400,82600,432433,36455989800,-5.49,2270174104800,-2686442700.0,-335282700.0,20250217
416180,37250,38550,36200,37600,95027,3548419050,1.76,339895652800,18841350.0,-75848700.0,20250217
162300,2355,2385,2330,2355,31966,75534130,0.0,97665104610,11864510.0,,20250217
290560,6300,6460,6280,6460,9854,62642710,1.73,25051699120,2139130.0,,20250217
002800,5250,5310,5230,5280,59502,313135070,0.57,80100240000,51694080.0,,20250217
472220,2090,2095,2085,2090,294,614485,0.0,9802100000,-382470.0,0.0,20250217
430220,0,0,0,2110,0,0,0.0,14263600000,,,20250217
445970,2155,2170,2150,2170,43746,94307835,0.93,11631200000,-670880.0,-10951930.0,20250217
017000,2910,2960,2860,2935,35969,104759235,1.03,34245659245,-723790.0,2930.0,20250217
012790,6500,6540,6430,6520,28098,182605650,0.93,78151425800,45240900.0,,20250217
138070,2560,2590,2535,2575,82288,211528740,0.59,45070750300,-5546715.0,0.0,20250217
226330,8510,9000,8500,8820,981854,8619270670,7.56,134579749500,447321980.0,-13575290.0,20250217
418210,0,0,0,2245,0,0,0.0,8216700000,,,20250217
452980,1980,1984,1980,1980,10789,21374102,0.0,37431900000,1.0,3431340.0,20250217
474660,2040,2060,2040,2055,14581,29866705,-0.48,11343600000,-14360.0,1184900.0,20250217
474930,2095,2125,2095,2125,441,935495,0.0,7692500000,-329290.0,0.0,20250217
487360,1986,1989,1984,1985,48451,96275967,-0.05,11195400000,402992.0,-2972686.0,20250217
487830,2005,2015,2005,2015,30893,62092855,0.5,8765250000,1893420.0,35800110.0,20250217
056700,1600,1648,1600,1646,18703,30514829,1.73,47956359786,811572.0,,20250217
187270,3285,3285,3180,3180,34489,110896805,-2.45,32257427100,-2076995.0,-3612065.0,20250217
243840,4630,4760,4570,4670,194362,910762340,0.86,181751893450,166751745.0,-164599430.0,20250217
257720,30950,31400,30650,31200,609633,18945633500,0.81,1908563529600,284959950.0,3134620100.0,20250217
222800,18100,19480,17310,18690,9789740,182290624700,20.97,595353932670,-1334701150.0,1528520960.0,20250217
036710,1519,1648,1450,1518,2994803,4607919690,9.92,73961937522,-87684362.0,,20250217
160980,11780,11830,11540,11560,169440,1979783800,0.61,126284249080,-24804410.0,4083680.0,20250217
356890,3370,3440,3300,3440,48205,163020640,2.08,40992158000,8852680.0,,20250217
217330,4375,4410,4120,4270,65782,277851610,-2.62,98763165690,-62725570.0,-21421470.0,20250217
208640,260,260,254,258,255288,65390674,1.18,35923985532,14160293.0,-2790590.0,20250217
222420,692,695,686,690,13411,9276012,-0.72,31367559390,20369.0,,20250217
037760,1409,1409,1373,1387,17877,24679959,0.43,46926261427,-534395.0,,20250217
099320,53000,54500,53000,53700,152752,8193842900,-0.56,588083628600,-305395100.0,378719800.0,20250217
049960,13820,13820,13600,13790,16052,219839790,0.15,129626000000,27200330.0,15071770.0,20250217
088280,3005,3030,2960,3030,28876,86373650,1.34,52438664700,10257295.0,,20250217
050890,7710,7760,7560,7610,1871023,14307689790,-2.06,464934707910,-1236052500.0,504578750.0,20250217
394800,5790,7260,5750,7190,32066299,219404183770,26.81,227808031900,5115460240.0,-1212213230.0,20250217
177900,6300,8210,6300,8210,8987485,66868554400,29.91,76244628000,-431177250.0,-1754779890.0,20250217
475400,39200,39250,36700,37550,806791,30219581350,-1.31,435896546500,-2147730450.0,-2157440850.0,20250217
109670,7080,7240,7060,7230,7697,55114320,2.26,42198632460,610060.0,,20250217
066790,1228,1500,1227,1450,7745210,10850319781,18.08,94470456550,588827542.0,,20250217
222080,7920,8100,7750,8030,1004446,8011746910,3.88,621295867170,-616140470.0,116902710.0,20250217
352480,37100,39350,36250,38500,146864,5616186250,3.77,385536728500,-330717150.0,638363750.0,20250217
264660,15620,16410,15500,15820,636944,10165515710,2.79,152313314720,-60434670.0,42381030.0,20250217
352700,2615,2615,2565,2590,27623,71270470,0.0,70647168410,-426045.0,-1146240.0,20250217
458870,12710,13860,12710,13850,131369,1774420450,8.88,173840768000,425046060.0,-7946820.0,20250217
297090,6010,6410,5930,6300,466964,2895222090,2.61,171801000000,-43650650.0,242588890.0,20250217
900120,57,58,56,58,2044418,116579470,0.0,17433515010,-33060000.0,,20250217
359090,1089,1089,1068,1074,85707,91825126,-0.19,60923606934,-4656499.0,-35646413.0,20250217
115530,379,390,369,370,38973,14479121,-2.37,25146310000,-1509165.0,,20250217
115480,619,621,607,612,94039,57515243,-1.13,37102229496,-989449.0,-2947887.0,20250217
340810,3450,3495,3350,3375,37417,126875460,-2.46,35767787625,-100330.0,-6590.0,20250217
376290,3300,3305,3220,3260,15303,49722280,0.15,57563450000,-2608650.0,-1851750.0,20250217
189330,6980,7040,6820,6900,41214,284753990,-1.71,42036759600,16684660.0,,20250217
096530,22900,23150,22700,22900,140030,3211451750,0.22,1195975262600,810678400.0,-554100.0,20250217
101240,3900,3905,3850,3905,11003,42780500,0.51,40381398035,-1106610.0,,20250217
060590,7020,7390,7020,7230,93993,680829660,2.99,174828774600,14250340.0,-9930.0,20250217
260930,4650,4705,4585,4695,52107,243026395,0.97,90808769745,-14829810.0,56580.0,20250217
413630,1697,1719,1672,1688,44648,75501398,-0.53,67998421400,-6690882.0,,20250217
013990,5410,5520,5410,5520,251295,1375134750,1.1,181539198720,186249060.0,,20250217
123860,21450,21800,21000,21400,53979,1151133150,0.47,259441081000,-64842850.0,49637700.0,20250217
025980,6090,6160,6020,6070,648388,3939749700,-1.62,537980931460,-313787120.0,-88941170.0,20250217
125210,6520,6650,6430,6650,161855,1060490970,1.84,109703653500,-16519210.0,6530.0,20250217
357580,6190,6370,6150,6290,51530,320445340,-0.32,70575460560,21406220.0,,20250217
052710,5550,5830,5490,5750,89634,511010840,3.6,84036876750,60616020.0,-81088950.0,20250217
074430,915,933,911,920,44854,41228821,0.55,80800696480,5130384.0,,20250217
092040,3700,4285,3695,4215,856759,3478682670,13.46,231902332605,712422340.0,21459065.0,20250217
083930,17030,17400,16980,17160,396340,6790422320,1.36,255903613680,-238196960.0,-10705900.0,20250217
149950,9010,9230,9000,9190,15248,139088860,3.72,143432925000,31761400.0,61440.0,20250217
036010,6280,7470,6190,6650,1951879,13486669430,10.28,88398011100,1959390.0,289323650.0,20250217
050860,2070,2085,2050,2070,41551,86202570,0.0,46575000000,1487765.0,0.0,20250217
136410,7370,7370,7270,7340,10407,76222510,0.27,80880238040,-4715370.0,30.0,20250217
246720,5500,5500,5270,5320,9366,50415520,-1.48,72178036000,-5569410.0,,20250217
450950,9390,9850,9260,9720,2540669,24925213930,4.18,354922320240,12823600.0,-2748560.0,20250217
067390,756,756,704,750,471127,351038793,-0.79,270118184250,1997233.0,,20250217
159010,5150,5380,5140,5260,71152,373601520,3.14,70140727140,71673640.0,844860.0,20250217
127710,1486,1549,1479,1500,8449,12954989,0.0,52356123000,-745662.0,,20250217
154030,2015,2040,2000,2025,26211,52801685,0.5,23472487800,-11045905.0,,20250217
227610,1070,1080,1043,1079,25346,27100309,1.22,38394647213,-66411.0,,20250217
143160,16090,16330,16010,16210,13506,218603290,0.75,173712681900,-33040790.0,-210930.0,20250217
054800,9680,9710,9640,9660,1056,10212970,0.21,99959322960,-1153130.0,-45290.0,20250217
332370,4440,4440,4355,4380,27069,118889330,-1.02,58138919880,-6049320.0,330300.0,20250217
339950,2260,2295,2240,2285,241056,548938365,0.88,102703106675,-54615565.0,-22469385.0,20250217
469750,1100,1133,1075,1096,240145,266959076,-0.27,37194383176,9262409.0,,20250217
460470,4795,5310,4660,5200,767229,3980520575,9.13,78438724000,1054817715.0,-364873290.0,20250217
099190,17000,17200,16850,17080,61455,1047050140,0.41,472112942840,180370060.0,5296410.0,20250217
461300,14050,14080,13440,13820,42304,580355150,-1.29,180737034060,-247779920.0,82249840.0,20250217
289010,2335,2355,2300,2320,30631,70919210,-1.49,29844565840,-484720.0,,20250217
214430,61000,65300,60000,62900,266114,16733590400,2.95,447015204000,435297200.0,409356700.0,20250217
040910,6360,6520,6180,6200,206644,1307475500,-0.96,115160505000,36617520.0,,20250217
368600,3175,3250,3125,3235,15953,51173670,1.89,56736549310,5031495.0,,20250217
456010,8770,9180,8770,9130,294534,2676090430,2.13,121217695280,284135890.0,91482430.0,20250217
052860,2055,2180,1986,1987,141984,296727885,-4.01,35493490898,-50710923.0,,20250217
464500,5230,5540,4915,4970,8021542,41563067215,2.26,69397417110,-2052700180.0,-131023590.0,20250217
212710,17490,20250,16750,18380,13459554,251871484900,8.56,165410405640,998917970.0,-2643368880.0,20250217
038880,271,278,270,273,2700140,738733442,0.0,86086373646,108193415.0,-4000076.0,20250217
307180,2935,2935,2745,2885,65972,188677920,-0.52,78018558780,-15848465.0,1141590.0,20250217
101390,1439,1609,1418,1604,586655,902089790,8.67,20822877776,119159804.0,-76093034.0,20250217
461030,11880,12300,11600,12300,212656,2553775070,2.33,172418325000,152851020.0,-67403640.0,20250217
451220,11770,12500,11280,11290,671018,7953792540,-1.83,88904358190,75176690.0,520.0,20250217
090150,852,864,838,838,88979,74989500,-2.1,35091495534,2581113.0,,20250217
123010,1633,1667,1584,1640,927941,1511570843,0.31,53560008880,35602732.0,,20250217
031310,1915,1916,1887,1900,24089,45657793,-0.21,48135808400,-8449020.0,,20250217
462980,3850,4030,3815,3885,495580,1925360145,1.3,70840787745,33143510.0,-97567535.0,20250217
185490,2620,2725,2620,2660,23196,61492015,0.76,71899225440,5064920.0,,20250217
059100,5120,5180,5080,5140,15253,78142870,0.59,36344220400,17738850.0,,20250217
262840,2540,2580,2505,2540,23847,60470155,0.0,48996600000,1572530.0,7653085.0,20250217
175250,1670,1720,1670,1718,65422,111812581,1.72,64525276224,12420055.0,,20250217
052460,2520,2550,2510,2545,120147,304348960,0.79,37177197120,56777750.0,,20250217
119830,5640,5930,5620,5800,559124,3242972460,4.32,124318922600,227600350.0,0.0,20250217
052770,1210,1210,1160,1194,154692,183084348,0.34,58482055524,6177519.0,,20250217
124500,5970,6880,5820,6850,869039,5594783870,19.13,158951009950,687099500.0,,20250217
010280,643,652,639,649,86195,55611993,0.93,42265337114,1362687.0,,20250217
372800,5520,5520,4985,5000,44162,229629345,-1.19,30134950000,-11678890.0,,20250217
084850,12710,12930,12320,12760,28691,361208850,3.57,289434237840,89602050.0,-753090.0,20250217
114840,25400,25650,24200,24250,198453,4909448800,-4.53,418117142000,-69852300.0,64338150.0,20250217
027360,2345,2380,2325,2365,350839,827326165,0.85,286035885190,183381500.0,-3585030.0,20250217
032080,1227,1262,1227,1255,31950,39997155,-1.03,26971241395,616692.0,,20250217
013310,2565,2580,2540,2570,62022,158836180,0.19,99732915740,42601515.0,-12540.0,20250217
059120,8340,8440,8250,8360,174225,1455178260,1.95,81498262560,-36534620.0,100.0,20250217
203690,0,0,0,4425,0,0,0.0,69648384900,,,20250217
158430,6730,7030,6600,6960,1399687,9652321400,3.73,172600002960,987994450.0,236640.0,20250217
200350,12330,12580,12150,12490,288122,3559986900,2.04,124850352250,209608770.0,95862220.0,20250217
321820,10010,10430,9980,10200,122706,1253965420,2.51,159032035200,57673220.0,122490.0,20250217
001540,6400,6480,6380,6390,12270,78775720,-0.16,83341063800,-2540300.0,2235090.0,20250217
053800,76100,78500,75300,75800,88761,6812907500,0.13,843389154800,-56127200.0,-26270300.0,20250217
065660,18090,18490,18030,18320,9299,169581270,1.27,178278753360,2925110.0,12860.0,20250217
297570,795,798,780,790,46983,37010251,0.13,27350762220,-6599431.0,,20250217
260660,3420,3490,3410,3470,22211,76564280,1.46,53184762870,7209200.0,-1066525.0,20250217
354320,27000,27650,26750,27350,75365,2059169450,1.11,174804270350,44220400.0,-9353700.0,20250217
361570,2570,2580,2520,2535,40837,103904730,-1.36,72864242685,-10533495.0,1035135.0,20250217
131370,2930,2985,2925,2955,112698,333048100,0.51,157404230265,56139210.0,2970.0,20250217
140670,17500,17600,16860,17600,444394,7646016580,0.51,163735264000,166927090.0,51093970.0,20250217
096610,0,0,0,2965,0,0,0.0,51550708615,,,20250217
061040,3770,3880,3765,3810,122969,471603240,1.06,122260076790,146259085.0,-15.0,20250217
148250,5380,5640,5360,5490,91217,499194000,2.04,40577611140,-40165380.0,,20250217
347860,1379,1426,1363,1381,3164677,4385604404,-19.38,34158367977,-100551563.0,-570035309.0,20250217
196170,398000,403500,387000,398500,517076,203546213500,1.14,21247552958000,-17621328000.0,-15781478000.0,20250217
123750,1460,1460,1441,1451,1776,2566814,0.76,18494876947,-46281.0,,20250217
085810,1560,1645,1475,1609,300091,463863015,2.35,78932338103,-55095368.0,,20250217
043100,1372,1394,1340,1388,14242,19621285,1.17,23017158196,-1629761.0,,20250217
117670,1097,1157,1052,1055,652644,704319368,-6.22,51727754585,-25966421.0,530500.0,20250217
314140,5070,5420,5050,5110,16747,87147510,1.39,44285104710,-10482780.0,,20250217
291650,942,995,925,995,207849,199554691,5.63,29133850740,75226928.0,0.0,20250217
293780,8500,8890,8340,8510,313096,2686242420,-1.28,228760373600,-151117700.0,-8430.0,20250217
196300,9070,9070,8180,8730,107805,925531390,-4.07,52409568510,-43833100.0,56972040.0,20250217
310200,2850,2920,2830,2910,230506,665657685,2.46,132466048890,86278500.0,21842535.0,20250217
179530,2050,2075,2010,2030,30272,61691855,-0.98,18555101320,2301610.0,,20250217
900100,980,1009,980,993,103782,104016677,0.3,43233787101,13412258.0,,20250217
205500,3625,3690,3405,3505,199645,700345065,-3.18,202559063795,-40116945.0,,20250217
052790,7160,7190,7000,7170,20065,142497210,-0.14,81240674460,-9321300.0,,20250217
290740,6330,6470,6240,6250,29173,185582770,-1.42,62906318750,-3450680.0,-76679950.0,20250217
238090,1926,1947,1910,1915,36661,70391104,-1.49,45081595245,-138374.0,,20250217
092600,1024,1057,1020,1035,56975,59007188,0.0,25961440095,-9158572.0,,20250217
129890,967,970,945,970,103960,99817346,0.83,49124107700,14582391.0,961.0,20250217
174900,13200,13420,13180,13220,47979,636022010,0.3,232531140900,220488290.0,-137524600.0,20250217
270520,1220,1231,1201,1213,539387,652804533,0.0,192613223418,39577942.0,-2852588.0,20250217
255440,8200,8460,8200,8330,22705,189534890,1.59,108773140000,31666460.0,,20250217
030960,9710,9710,9620,9680,26976,260494750,-0.41,154686400000,19800390.0,,20250217
102120,13950,13950,13690,13820,507388,7007994540,0.58,245730006460,-308296320.0,-17100620.0,20250217
238120,3055,3080,3010,3025,40190,122107445,-0.98,43496160400,-24018760.0,40900370.0,20250217
019990,5710,5930,5620,5850,65065,375714170,0.34,57073114800,80219900.0,0.0,20250217
270660,18620,18630,18280,18490,123711,2279509080,-0.8,226719609580,-80351970.0,-1865230.0,20250217
038680,4450,4550,4400,4520,203939,913521365,3.67,88364540040,158737800.0,-141460.0,20250217
217480,0,0,0,499,0,0,0.0,54756837359,,,20250217
121890,1513,1519,1488,1506,83054,124962502,-1.31,20016917676,949837.0,,20250217
304360,21450,23000,21400,22300,115559,2562250800,6.19,261931250800,362423900.0,-111421600.0,20250217
389500,23700,24100,22700,24000,140920,3288634800,2.56,148197696000,-254122850.0,-334667400.0,20250217
042110,1411,1425,1410,1423,104567,148183035,0.78,68772969572,14944816.0,,20250217
298060,1318,1350,1271,1280,153960,198484776,-2.88,26198077440,16698678.0,,20250217
065420,215,216,212,215,123950,26597778,-0.92,15389119285,-376420.0,,20250217
103230,3175,3225,3135,3145,7942,25142725,-1.1,22644000000,-5151775.0,,20250217
260970,58800,63500,58000,58600,172229,10336896200,0.69,169515384400,-302102900.0,-181782900.0,20250217
101490,31850,32700,31300,31550,148461,4746361200,0.48,676793152850,-629894750.0,-205572950.0,20250217
095910,1268,1288,1254,1278,61180,77764976,0.79,25104748284,19524851.0,,20250217
275630,3250,3250,3195,3220,8725,28063275,-0.92,19377924580,60575.0,9782295.0,20250217
031330,2720,2795,2715,2765,379656,1048104330,2.41,276486360255,-46498820.0,-4991360.0,20250217
060540,1523,1590,1523,1578,122553,192673640,3.61,41238356868,20807550.0,,20250217
351320,2485,2545,2325,2435,175438,424597045,-2.99,53608682410,16340255.0,,20250217
056190,18800,19670,18600,19670,202035,3923375420,3.47,706325309200,-75966920.0,321733850.0,20250217
246250,1723,1739,1714,1722,20503,35325428,-0.06,26429610732,3182145.0,,20250217
041510,92200,92200,88100,89200,228314,20363948700,-3.36,2083143528400,4153653600.0,-5020148600.0,20250217
007820,4610,4715,4575,4655,300315,1408562775,2.08,93258018630,-164129340.0,1063650.0,20250217
464080,14620,15060,14400,15000,2364661,34987222420,5.63,265227450000,-1237275250.0,352858560.0,20250217
109610,4320,4380,4255,4335,726230,3135582420,1.29,212013579000,276400430.0,,20250217
365330,7720,7870,7280,7630,2386143,18303418340,-2.05,233554300000,929985430.0,,20250217
306040,4385,4415,4370,4410,9335,41075235,0.57,43508301480,1818530.0,4390.0,20250217
398120,3590,3775,3550,3775,734061,2691063885,7.24,41806992500,1642645.0,18225000.0,20250217
457940,2075,2080,2075,2080,1655,3441645,0.24,6884800000,-2075.0,0.0,20250217
472230,2015,2025,2015,2020,4808,9711215,0.25,8393100000,14155.0,-2262400.0,20250217
473000,2045,2055,2045,2050,1293,2652375,0.24,6785500000,,-1387850.0,20250217
473950,2010,2030,2010,2025,3528,7116395,0.0,8950500000,196980.0,-1032750.0,20250217
435870,2100,2105,2100,2105,16116,33850930,0.0,7830600000,,10500000.0,20250217
455910,2030,2055,2030,2050,1302,2669070,0.99,10291000000,-451000.0,0.0,20250217
475660,5350,5520,5260,5460,117703,628993430,2.44,43296899100,127127770.0,8515720.0,20250217
096630,664,675,664,670,237527,158751333,-0.15,53185682720,-18103169.0,0.0,20250217
069510,11450,11940,11450,11940,26771,314948600,4.46,130265400000,71589630.0,77685180.0,20250217
234300,4045,4080,4000,4050,86069,348973480,0.12,112629884400,12374495.0,,20250217
039440,22000,22150,21350,21850,195415,4251740800,0.23,345885500000,-538938900.0,232721350.0,20250217
098660,2955,2975,2885,2965,8444,24941490,0.17,37065393840,-575155.0,,20250217
052020,7940,8040,7740,7980,151912,1195594940,0.5,542506662180,-48281560.0,22733530.0,20250217
237690,84400,84900,83500,84500,125259,10523168000,0.12,1702919036000,-1483414000.0,-1656285700.0,20250217
050760,1576,1582,1563,1568,20793,32646830,-0.63,25612775104,956188.0,-1533887.0,20250217
288620,8450,8740,8450,8710,10534,91071890,3.2,60789842360,24050910.0,-356620.0,20250217
443670,10250,10880,10150,10700,935968,9875684220,4.39,258954894400,90918410.0,-73617340.0,20250217
317830,9510,9750,9130,9420,331448,3133971140,-0.74,101489365560,27061840.0,-100.0,20250217
058610,31100,31400,30550,31350,400501,12459128100,1.79,695260236000,388667450.0,427584350.0,20250217
043340,570,580,562,570,25781,14627759,0.0,54150000000,-4910373.0,,20250217
163280,13480,14250,13480,14060,265255,3725533820,4.54,114937533340,413131310.0,114588220.0,20250217
054630,0,0,0,1580,0,0,0.0,12594094680,,,20250217
200710,22750,22800,21750,21950,365328,8098123150,-0.23,295026042900,-157994100.0,13604800.0,20250217
475580,14810,16450,14610,16450,11775052,186502136880,16.5,223307105000,3202877800.0,-979368920.0,20250217
096690,1410,1410,1296,1396,15929,21820021,2.27,46734155844,-3678594.0,,20250217
298380,39150,39700,37650,38700,957604,36691644350,-2.03,1868511155400,2993600000.0,-2216269350.0,20250217
203400,6750,6780,6590,6710,25186,168093580,-0.59,192157054650,-76550.0,676400.0,20250217
195990,370,370,358,363,1454912,527598189,-1.89,103342368723,-1446266.0,1590235.0,20250217
003800,25000,25100,24900,25050,1323,33079850,0.2,277804500000,-11422100.0,150.0,20250217
088800,753,757,731,752,189745,141455909,-0.53,170342515856,12576836.0,738.0,20250217
241840,7010,7190,7010,7070,14037,99238490,-0.42,67447757580,3618560.0,21372740.0,20250217
453860,17960,18570,17430,18180,23994,434209740,4.66,102848168700,85000540.0,37147990.0,20250217
312610,1275,1345,1260,1327,73387,96531403,4.08,26880890376,46147506.0,,20250217
172670,12830,13460,12690,13460,340105,4441935530,1.13,120605086140,222853150.0,26240.0,20250217
445090,38800,39200,37900,38650,282365,10908047900,2.93,420189659000,22508600.0,75211650.0,20250217
295310,32250,32650,31450,32300,1284585,41376101000,-1.37,384432371300,-4507631450.0,1696841900.0,20250217
072990,8630,8870,8590,8790,30840,269483570,1.97,64055727390,-31681610.0,,20250217
044990,17440,17510,17200,17300,18044,313047500,-0.86,139023907200,-81470560.0,30171820.0,20250217
239610,11700,11700,11350,11500,2289,26245810,1.23,62009322500,1562190.0,18670.0,20250217
462020,1990,2020,1990,2015,429,863365,0.75,8755175000,9950.0,0.0,20250217
477340,1962,1965,1960,1964,29190,57225426,0.1,14749640000,-365356.0,3783102.0,20250217
148930,3685,3700,3570,3610,17231,62062865,-2.04,36732518930,-1073095.0,,20250217
376270,18190,18190,17100,17270,16389,286735540,-2.48,120234413530,-123093480.0,410.0,20250217
044780,1189,1200,1182,1189,28555,34021973,-0.25,22003380743,-150735.0,,20250217
357230,2690,2720,2670,2700,72977,196865585,0.37,113641614900,-15151995.0,1369780.0,20250217
355690,5490,5490,5170,5420,11873,63203500,-1.45,29294991600,-9997720.0,,20250217
071670,6460,6860,6460,6790,74946,504557650,5.11,67900000000,80189890.0,-6790.0,20250217
045660,30200,30200,29200,29550,142067,4212912200,-1.01,244083000000,-617311550.0,89050.0,20250217
224110,19210,19340,19000,19140,35322,677248330,-0.05,102207600000,-50808920.0,23230.0,20250217
021080,2155,2185,2140,2180,116435,251780475,1.63,104640000000,72046115.0,0.0,20250217
200470,2950,3240,2890,3030,5833981,17897477765,11.19,128357141790,-224390895.0,-96810.0,20250217
262260,4995,5080,4930,5060,43642,218495900,1.3,73208849120,21551580.0,5050.0,20250217
397030,17020,17750,16900,17690,740460,12854872220,6.37,396885693240,378414440.0,603163600.0,20250217
230240,25150,25300,23450,24150,217389,5263802900,-3.59,321412350000,-375832400.0,608169900.0,20250217
230360,9150,9250,9090,9140,53111,485682690,-0.11,287617785060,85701800.0,-114508230.0,20250217
038870,3830,4620,3770,4180,9194226,40325465155,10.58,58582486820,-74237550.0,13310.0,20250217
097780,1018,1018,1003,1012,31331,31610947,-0.59,68543102056,1475817.0,-257083.0,20250217
448280,19350,21350,19260,21100,92284,1918001080,9.67,208405607300,177694390.0,-20900.0,20250217
101360,26800,29350,26500,27750,533225,15002504350,3.74,493564663500,1156425500.0,100446100.0,20250217
128540,1382,1382,1362,1373,44455,60886405,-0.65,36646001580,3660777.0,-1515644.0,20250217
086520,60900,63600,60300,62300,1209098,75305794100,2.64,8294518582000,9979349300.0,1807383800.0,20250217
247540,128500,133700,127000,130600,936794,122658324900,2.03,12772855526400,-7635157400.0,2494277700.0,20250217
383310,29950,31250,29500,30750,218355,6668097400,4.06,644979159000,1239048850.0,154159550.0,20250217
038110,2745,2750,2665,2690,193774,523239185,-2.0,110745605300,64122375.0,0.0,20250217
073540,1452,1466,1423,1452,22874,33076939,0.0,16552800000,-1243393.0,,20250217
064850,7100,7200,7000,7200,17040,121047620,1.41,82154390400,24486130.0,-4570.0,20250217
036810,21850,22500,21150,21450,546750,11924258550,2.88,466683124050,-1728790600.0,-16243250.0,20250217
173940,2800,2915,2760,2785,8102,22604120,-0.54,42868970280,-192895.0,,20250217
083500,11340,11530,11070,11490,178971,2027678270,4.17,98535045780,-94329950.0,1984110.0,20250217
054940,726,727,719,725,29167,21082048,-0.14,24050822300,1967440.0,,20250217
950130,5280,5330,5230,5310,69214,365899190,0.57,200334787920,62680500.0,,20250217
373110,4635,4860,4615,4840,229312,1093330055,3.42,52942156080,410499350.0,,20250217
205100,2140,2300,2130,2295,4350550,9829783550,6.99,165156074145,516715365.0,439226865.0,20250217
356680,8950,9240,8900,9180,841229,7676974580,1.44,262029256560,-44402460.0,,20250217
070300,2935,2975,2885,2890,27652,80967770,-1.53,28693428580,4370060.0,,20250217
317770,3015,3240,3015,3120,1955292,6229786260,3.83,75356330400,510980625.0,3134995.0,20250217
373200,600,604,590,594,422916,251825930,-1.0,53300307258,-38563704.0,,20250217
069920,870,882,839,867,30304,25982655,-0.34,30513298572,-3719418.0,,20250217
092870,14380,15040,14170,14500,1515585,22190392270,3.35,189236556500,-389226070.0,-111002880.0,20250217
317870,15150,15810,15020,15400,6795,103432710,1.45,131003950000,18760600.0,-173300.0,20250217
067570,2225,2235,2195,2205,43015,94941510,-0.9,92984850000,-2430850.0,-291645.0,20250217
236810,3150,3195,3105,3180,59905,188762275,0.63,53981854680,28769385.0,10.0,20250217
333620,7620,7740,7620,7680,18133,139312240,0.13,81072721920,59594400.0,-33201290.0,20250217
101400,374,376,360,369,149227,54648871,-0.54,23878880397,1587061.0,912742.0,20250217
078860,0,0,0,7630,0,0,0.0,80351942020,,,20250217
437780,2105,2115,2105,2115,9353,19720625,-0.24,10638450000,-2110.0,4864500.0,20250217
438580,2145,2145,2115,2125,765,1622945,-0.23,6417500000,-8510.0,310905.0,20250217
439410,2115,2120,2110,2110,2772,5862640,-0.24,18568000000,-2115.0,0.0,20250217
440820,2100,2105,2100,2105,8512,17890255,0.0,16419000000,,10515000.0,20250217
451700,2005,2020,2000,2020,62935,126351435,0.75,28987000000,0.0,15870280.0,20250217
466910,1989,1992,1973,1991,8021,15959240,0.15,18118100000,-521310.0,6380973.0,20250217
481890,1995,2010,1995,2010,2707,5426890,0.25,12753450000,-4005.0,1198010.0,20250217
265740,4935,4975,4850,4930,13829,68087020,2.39,44033774000,11150610.0,42720.0,20250217
354200,1714,1730,1689,1720,161806,275674180,0.94,34088222480,61576056.0,0.0,20250217
455900,29000,29250,28300,29150,227607,6566557650,0.17,436991468650,483463150.0,-223243950.0,20250217
419080,10210,10480,9920,10200,106185,1080693360,2.0,107767865400,-99434400.0,20419900.0,20250217
208860,0,0,0,2205,0,0,0.0,67316270805,,,20250217
183490,1400,1409,1385,1395,66869,92985090,0.36,118666458990,-435618.0,,20250217
182400,0,0,0,2020,0,0,0.0,172748038620,,,20250217
348370,106000,109700,101700,106200,389350,41062545600,-0.75,2249805794400,2931830700.0,265208000.0,20250217
069410,4315,4350,4260,4310,16276,70048625,-0.12,44155191440,-4038290.0,,20250217
227950,498,519,449,456,1640136,768217201,-8.43,47230441680,-92368434.0,-301238.0,20250217
291230,1921,1975,1921,1965,145135,283652874,1.71,86648197875,106207115.0,,20250217
198080,2695,2740,2680,2695,105962,287253825,1.7,58037323575,-21084555.0,-7782710.0,20250217
048830,1088,1100,1075,1100,9016,9768420,1.1,20596315300,-20777.0,,20250217
096870,2485,2670,2475,2665,13861,34679745,7.24,17797936000,1687135.0,,20250217
290650,20950,21100,20450,20800,73892,1531853850,-0.24,471845732800,-42732650.0,2126350.0,20250217
156100,7100,7120,6910,7060,47226,332548830,-0.56,140753405580,8144030.0,11150.0,20250217
073110,6530,6790,6520,6600,10485,69051540,1.07,58711983000,-5502220.0,,20250217
083310,10090,10600,10060,10400,291073,3025883390,4.63,185224343200,-400872780.0,-620560.0,20250217
037950,1114,1128,1090,1117,833519,925759022,1.09,94327878723,193205439.0,,20250217
170920,10450,10530,10270,10360,19808,205614530,-0.86,101586223200,-29883210.0,0.0,20250217
058630,5140,5140,5050,5080,61853,314440020,-1.36,99282895160,227060.0,699630.0,20250217
058970,80000,80200,75400,76100,152213,11788223100,-3.06,929286855100,-1580134400.0,-506374600.0,20250217
019590,0,0,0,921,0,0,0.0,104963185182,,,20250217
169330,2220,2260,2195,2255,3535,7917995,1.58,41169350090,-198440.0,,20250217
373170,7320,7460,7280,7460,2941,21683100,1.91,37582957800,1044410.0,,20250217
179290,8660,9300,8640,9240,679078,6188519200,7.94,299058864720,986014160.0,190605830.0,20250217
009780,5970,6200,5940,6090,132911,811498980,2.35,107184000000,191362890.0,2557660.0,20250217
123040,2820,2820,2745,2785,251218,698474310,0.54,192644613205,82780070.0,35395.0,20250217
432980,4130,4340,4105,4185,116397,490899335,0.84,35956440270,-5001970.0,0.0,20250217
323230,0,0,0,161,0,0,0.0,6967193212,,,20250217
413390,5780,6040,5730,5970,140899,836616080,3.29,69133674600,168703800.0,-2590.0,20250217
032790,904,916,891,914,25032,22695830,1.11,39656835822,-1746277.0,,20250217
033160,8720,9070,8630,8780,678805,5959281460,-1.01,193742386180,-20274660.0,-4088610.0,20250217
347890,5790,5820,5690,5740,10477,60079460,-0.86,97081790960,-476520.0,20.0,20250217
033310,1805,1828,1795,1818,8413,15254659,0.44,73342175958,-6365192.0,-1805.0,20250217
259630,7350,8000,7350,7740,99325,772234090,3.89,95065791480,138681690.0,-1073730.0,20250217
105550,3985,4100,3715,4050,6073386,24447903230,9.46,256501221750,1083245395.0,211462035.0,20250217
060850,5600,5700,5550,5590,39757,222162880,-0.18,45452290000,6197610.0,2094180.0,20250217
143540,695,711,694,711,96821,68468499,0.71,31710525345,1242605.0,-6321130.0,20250217
036560,11100,11300,10950,11300,19210,214250940,1.8,177975000000,87632980.0,-11400.0,20250217
265560,7780,7880,7600,7600,40362,309211650,-2.56,81245368000,3368590.0,7640.0,20250217
036000,2055,2235,2035,2205,436066,935577870,7.04,50790580785,127724545.0,0.0,20250217
250930,421,435,409,424,58967,24873465,0.71,13992186560,238656.0,-403156.0,20250217
053280,4350,4430,4330,4425,83489,367763645,1.61,110625000000,117454605.0,13245.0,20250217
122640,13560,14290,13520,14050,150106,2110645730,3.92,294068017400,406326340.0,-101852640.0,20250217
900300,442,447,427,435,215585,94383799,-1.58,22185967440,119422.0,,20250217
045060,2600,2660,2580,2595,13173,34154820,-0.19,43964422530,-119670.0,,20250217
080520,3060,3200,3040,3135,23191,72641045,2.45,36825619215,2320.0,1400.0,20250217
039830,6650,6750,6620,6740,16714,111268120,0.6,72541878600,-1444810.0,-9539240.0,20250217
322310,24750,25000,23400,23400,79915,1911535300,-3.9,219177082800,9886050.0,-24747450.0,20250217
046120,2355,2590,2335,2510,478148,1183814100,5.24,68898209860,34808730.0,2365.0,20250217
475830,23500,28300,22700,28300,6978654,179067601350,29.82,592294039400,421994650.0,-872265250.0,20250217
014940,5170,5250,5100,5180,556671,2877355150,0.58,236071563980,-237685320.0,-31304830.0,20250217
065500,5940,6030,5460,5460,5893144,33676092240,-8.7,173316299520,-2993186160.0,-318290.0,20250217
010470,7590,7630,7380,7490,54656,409755610,0.81,89693124500,-57316780.0,4842560.0,20250217
417860,9680,9750,9410,9420,14850,141293490,-2.79,41736383880,9667710.0,,20250217
352910,6390,6440,6260,6310,10828,68560460,-2.32,79744530620,-1263930.0,,20250217
053980,3520,3575,3500,3535,15408,54285475,0.43,67104137905,6880385.0,,20250217
036220,15110,15270,14850,15070,22822,343426210,-0.13,218355499120,59204520.0,160.0,20250217
052420,1502,1519,1490,1508,838995,1265047733,1.0,136156949032,226895936.0,0.0,20250217
052300,2605,2665,2580,2580,10746,28162965,-0.96,43512068940,-1945095.0,4275310.0,20250217
039200,27100,27200,26650,27000,124640,3356538050,0.0,1032700752000,-38151750.0,-523157000.0,20250217
226400,7230,7560,7130,7540,272978,2033300790,4.43,155788471540,-240173570.0,200107230.0,20250217
031510,1115,1139,1090,1117,73745,81010868,0.18,31276000000,-6161808.0,-1131678.0,20250217
368970,2560,2610,2535,2590,30458,77996270,0.39,24206554400,37137685.0,,20250217
138080,13080,13080,11790,12270,84041,1015789720,-3.76,130357645650,-307133920.0,2296350.0,20250217
080580,6420,6480,6190,6260,814104,5134192350,-0.48,110672405480,4420700.0,,20250217
067170,3270,3300,3220,3255,23871,77532695,-0.46,50099674275,464430.0,,20250217
353590,4330,4430,4240,4275,22660,97659325,-1.27,55043061750,7845365.0,25.0,20250217
173130,9850,9910,9250,9330,533463,5049973920,-2.81,121723593090,-853108380.0,,20250217
440320,7780,7800,7420,7660,97662,738913590,0.0,75106300000,-83092780.0,,20250217
049480,2560,2605,2550,2595,72193,186113055,0.97,81541083885,24024935.0,6091570.0,20250217
394280,17110,17740,16750,17640,966510,16819433860,7.56,386097387480,-191286560.0,1135548090.0,20250217
309930,2145,2155,2110,2145,30857,65994230,0.47,45669173550,-8243330.0,,20250217
476060,15290,15900,15120,15510,503129,7789184590,1.24,167569419600,242917560.0,7750180.0,20250217
382150,11480,13240,11340,12950,8333190,105098404850,17.41,153871084150,3759620670.0,11298370.0,20250217
244460,2360,2360,2135,2215,36791,81048830,-1.77,10417656665,501685.0,,20250217
226950,43500,52400,42000,48150,3685599,172678141150,14.37,888828439950,4054987100.0,-4649250700.0,20250217
057540,753,765,751,756,159446,120535913,-0.4,46455712380,8354352.0,721255.0,20250217
131030,6630,6770,6630,6750,56440,379496930,1.81,109033843500,24331170.0,182250.0,20250217
082210,1445,1485,1383,1427,130961,188029302,1.86,47365517698,18320244.0,,20250217
109080,9300,9380,9210,9250,23283,216405570,0.54,52133000000,49900570.0,,20250217
380540,1170,1289,1162,1288,850564,1035706839,10.94,38356119648,100815241.0,,20250217
153710,5220,5280,5220,5280,2787,14648530,0.0,77457378240,-70580.0,,20250217
432430,4830,4895,4705,4885,120688,608064515,3.06,80310963200,111016350.0,,20250217
338840,7380,7570,7100,7560,78258,576378160,5.15,111755820960,133616170.0,,20250217
122990,5770,6020,5740,5920,207417,1222791520,2.96,163815475360,-17520210.0,-68133030.0,20250217
232140,12600,13340,12500,12800,4053687,52420717740,3.23,1050180480000,254199670.0,78198020.0,20250217
112290,27900,29000,27500,27700,855194,24028928950,2.21,280062096500,819474450.0,215590000.0,20250217
065530,1292,1292,1278,1290,55800,71728627,0.39,68189400000,2331090.0,,20250217
067900,6240,6320,6200,6310,17133,107420210,1.12,114839848290,-4865940.0,-1240760.0,20250217
007530,2115,2115,2070,2070,16238,33904170,-1.43,46066258170,338225.0,0.0,20250217
155650,3585,3705,3585,3650,29074,106903595,1.81,71081406700,-12735560.0,,20250217
273640,11370,11550,11300,11480,13122,150073900,0.97,125889680000,-13722740.0,11420.0,20250217
251370,11200,11380,10980,11280,45772,511863110,1.44,184027153920,133944320.0,-475570.0,20250217
066430,490,506,485,500,100082,49543638,2.04,19576738000,584200.0,,20250217
209640,11430,11810,11420,11760,444409,5178670600,3.52,167245698480,580824760.0,11770330.0,20250217
096250,14370,15140,14300,14750,199350,2941795170,1.51,192717777000,64766270.0,72987610.0,20250217
273060,795,805,793,803,51083,40769593,1.01,40519044346,3423373.0,,20250217
019210,5230,5390,5220,5250,229938,1219443270,0.38,176262549750,-8870360.0,392176690.0,20250217
122870,51500,51700,50100,51500,223957,11379671300,-0.39,962589023500,4289308700.0,-2315600900.0,20250217
332570,4810,4945,4665,4750,2517358,12047960460,1.28,200610787500,-370925450.0,-974829720.0,20250217
079000,5100,5730,5090,5140,250604,1332578040,0.78,37008000000,-75655390.0,67015590.0,20250217
403490,1409,1416,1402,1411,78475,110598475,0.14,63794786704,556314.0,,20250217
032820,2095,2120,2010,2100,6172728,12857387365,0.72,341191395300,-642324555.0,14599875.0,20250217
041190,6870,6900,6750,6860,423122,2892029090,-0.15,576240000000,-229635600.0,15349950.0,20250217
115440,7330,7370,7250,7330,238806,1749718570,0.0,79122160360,508472050.0,-673088070.0,20250217
046970,1415,1415,1389,1408,665099,934008231,0.43,61705598592,91247155.0,,20250217
082850,2570,2635,2560,2625,364991,952433890,1.94,127198517250,273131705.0,,20250217
215360,9880,9930,9800,9860,18559,182757980,0.2,90043127180,58885110.0,-552010.0,20250217
072470,2450,2460,2430,2460,9618,23485345,0.41,46462858860,-4022505.0,,20250217
073560,1275,1308,1275,1308,122741,158207366,2.51,90562837044,6149859.0,-3724649.0,20250217
037400,1160,1180,1144,1180,141673,164449097,2.52,30943548280,15255948.0,-11159482.0,20250217
153490,714,720,713,720,121136,86616453,0.84,37065600000,6676567.0,-11434710.0,20250217
101170,5960,6080,5830,5860,716505,4248106360,-3.14,79110000000,26769360.0,0.0,20250217
066590,3005,3025,3000,3000,49223,147853650,-0.17,117219312000,-18779320.0,-23215.0,20250217
103840,3070,3080,3020,3060,73192,223220490,-1.13,50081269680,-41157235.0,,20250217
046940,2860,2870,2795,2820,133515,378841875,-1.4,50969667000,27450390.0,,20250217
215380,1700,1700,1632,1673,76057,125194234,1.03,28155880648,8564764.0,0.0,20250217
065680,25000,26500,25000,26250,69478,1812444800,5.0,250162500000,140687150.0,3550.0,20250217
018620,896,903,894,899,40270,36168886,0.33,25971474407,-4027635.0,,20250217
457550,20350,21450,20000,21250,470289,9765086550,0.71,197015953750,137644050.0,-1105400.0,20250217
396470,9250,9300,9080,9110,294378,2699674680,-0.33,146853200000,-300172370.0,,20250217
307280,1105,1215,1090,1134,428155,494566429,2.53,41911520742,4578943.0,-854514.0,20250217
032940,3680,4175,3490,3680,8219860,32237237135,6.82,66951086400,-503738120.0,-20131575.0,20250217
240810,26500,26700,25800,25900,538614,14124604000,-1.33,1271273035900,-2322184650.0,2508983350.0,20250217
074600,21100,21350,20700,20900,283535,5951229100,0.24,549419200000,-613477350.0,-1029037850.0,20250217
104830,19620,20950,19420,20400,271167,5435524480,5.54,257203200000,-1016912930.0,-58513100.0,20250217
014190,1580,1654,1570,1598,624756,1010076686,1.91,56569049788,117334915.0,,20250217
217820,2375,2650,2345,2470,872243,2218745405,4.0,117212760730,31384375.0,-174640.0,20250217
030530,3350,3740,3170,3485,38807389,137963750660,21.01,269174363785,1057640805.0,-186016135.0,20250217
012620,7200,7200,7130,7140,2234,15978640,0.56,31416000000,0.0,2619300.0,20250217
382840,11200,11570,11120,11510,223707,2557013060,2.77,175775897310,272272040.0,-108349180.0,20250217
336570,6280,6490,6110,6340,2950896,18682484480,5.32,566419524460,-642647470.0,988413770.0,20250217
376980,7180,7410,7120,7220,69911,501281400,-0.69,70431056680,23909700.0,30.0,20250217
008370,4000,4040,3975,3990,9413,37614645,0.25,47880000000,-1812045.0,1585935.0,20250217
008290,445,484,443,452,137088,63115161,0.44,18393542908,2411293.0,,20250217
101160,17930,18420,17870,18270,154549,2824932310,1.9,301655842110,118479140.0,20145990.0,20250217
336060,1289,1312,1271,1305,285609,370275784,1.24,62842536000,41522343.0,,20250217
095270,4055,4230,4005,4005,18896,76690420,-1.35,59959880280,2739575.0,,20250217
289930,9700,10250,9410,10250,414647,4138412950,6.77,128325828250,476072510.0,120946100.0,20250217
065950,2080,2120,2080,2115,55273,116099130,1.68,59709203730,33372485.0,,20250217
076080,1255,1295,1252,1260,23853,30195103,0.4,28468636560,-1360228.0,,20250217
043590,697,698,660,677,199135,132564550,-3.29,18371587874,6862325.0,-752871.0,20250217
196700,1200,1207,1181,1192,31851,37968790,-0.67,17122059648,2572589.0,,20250217
069080,14010,14170,13910,14100,32079,450714900,0.86,492807464400,-66739210.0,-13142030.0,20250217
053580,10040,10090,9810,9990,41641,413235320,0.6,136226117520,20122800.0,306200.0,20250217
071460,0,0,0,613,0,0,0.0,22047951835,,,20250217
377460,0,0,0,1691,0,0,0.0,26030247855,,,20250217
044340,5830,5870,5730,5840,30970,179947220,0.0,104380802000,37786280.0,-22300.0,20250217
330350,6450,6520,6410,6470,19810,127874000,0.31,85417839330,56673630.0,10.0,20250217
348350,7410,7660,7410,7590,24731,186358240,2.43,77293524000,18093380.0,-10.0,20250217
112040,42550,42700,40500,41000,285132,11833010700,-2.96,1391887803000,-2384390300.0,-801295000.0,20250217
101730,9020,9040,8820,8840,102905,918002210,-1.34,733150845440,-167147170.0,35360.0,20250217
123420,7760,7830,7700,7780,14293,110824240,0.91,89235370760,36739510.0,54460.0,20250217
065370,6150,6670,6040,6600,152915,989108290,7.49,48734096400,2935840.0,32409270.0,20250217
038620,799,808,784,796,85312,68142728,-0.5,57159087604,246709.0,-4809517.0,20250217
299900,1382,1395,1377,1379,322069,445576158,-0.22,235876411036,46103901.0,-87040951.0,20250217
036090,765,782,761,780,821647,635903042,1.83,92345981520,176796133.0,,20250217
459100,7670,8000,7660,7940,101218,797115270,3.52,99821680000,263672920.0,-27900.0,20250217
136540,10460,10590,10390,10500,53508,558412120,0.38,128937333000,239321300.0,-288606400.0,20250217
097800,740,761,739,747,860844,644320212,2.47,86988321063,47444432.0,,20250217
192390,4030,4100,4005,4075,41998,169939695,1.12,44956333175,29751280.0,,20250217
335870,2045,2110,1996,2085,47248,97275425,1.21,34780764870,-4212750.0,,20250217
900340,1600,1683,1595,1613,662049,1089506246,2.22,81183786864,-42758163.0,,20250217
036200,7500,7680,7200,7250,1046531,7769809650,2.55,222315616750,-124888270.0,-152978690.0,20250217
018000,775,779,765,773,425265,329771414,0.65,130166678972,83800877.0,-1546.0,20250217
203450,2775,2805,2705,2705,11169,31030990,-2.52,38083713935,931820.0,,20250217
011320,3560,3585,3530,3580,17814,63495690,0.56,69168088100,4904125.0,3575.0,20250217
086390,13260,13790,13160,13770,135792,1832913320,4.08,291016915020,521366330.0,182739600.0,20250217
241690,2900,2920,2830,2875,32104,92401665,0.52,70353279750,-2555990.0,,20250217
142210,5810,6080,5810,5810,443610,2634311630,0.17,111819794520,428056540.0,32031030.0,20250217
389680,754,785,751,770,318229,243794166,0.79,30809855230,24345175.0,,20250217
088340,12100,12400,11780,11780,91019,1085338080,-1.83,51008201040,-22452870.0,-71016680.0,20250217
048430,8040,8100,7910,7980,38892,311263280,-0.75,91929600000,37294340.0,,20250217
206650,11450,11790,11430,11480,127530,1469681690,1.41,419413844360,305395430.0,-26776930.0,20250217
089850,6740,6750,6680,6740,15969,107285150,1.05,99281541260,6453550.0,-4800.0,20250217
084440,1129,1155,1100,1103,234436,263679969,1.01,21743218400,3933664.0,,20250217
032620,3545,3565,3495,3560,87714,311121015,0.42,185821814840,76517330.0,213605.0,20250217
264450,7530,7640,7480,7570,26832,201631480,0.0,112932159310,17314480.0,-649530.0,20250217
078070,10010,10090,9710,9710,10603,104663690,-3.0,176243297000,3361030.0,-818130.0,20250217
024800,1891,1905,1875,1903,12831,24263006,0.63,70509598236,44980.0,,20250217
054930,25100,25100,23500,24700,10160,250870250,-0.4,74100000000,23663750.0,250.0,20250217
069330,1299,1308,1293,1308,10963,14238021,-0.15,18561947028,-408892.0,,20250217
049520,6110,6220,5990,6190,74768,457995790,0.0,134848753840,183416700.0,33108080.0,20250217
435380,2110,2110,2110,2110,16,33760,0.0,12090300000,,0.0,20250217
444920,2030,2030,2020,2030,28,56710,0.0,10637200000,24360.0,0.0,20250217
446150,2070,2070,2050,2070,10603,21814810,0.0,9873900000,1850.0,2542000.0,20250217
449020,2045,2045,2040,2045,14468,29531850,0.25,19897850000,0.0,20400000.0,20250217
450940,2035,2035,2030,2035,307,624715,0.49,9238900000,-20350.0,0.0,20250217
473050,1980,1987,1980,1985,2881,5721152,-0.05,13914850000,-29467.0,3972000.0,20250217
474490,1995,1998,1995,1997,2784,5555189,0.1,11003470000,-19970.0,4019950.0,20250217
493790,1968,1968,1963,1964,43618,85693088,0.05,10428840000,-1346266.0,24556889.0,20250217
430700,2105,2115,2105,2105,66609,140523765,0.0,11030200000,-138925.0,11255705.0,20250217
263770,2005,2005,1980,1997,2240,4460869,0.3,47329243484,-209679.0,,20250217
388720,46000,50000,45000,50000,946697,45897528250,10.13,572671700000,551859950.0,1325049300.0,20250217
340930,2650,3040,2505,2790,3828377,10685649320,5.08,95430415500,-210674510.0,,20250217
023410,3305,3350,3300,3345,104472,347852720,1.21,258604836735,48678370.0,6169020.0,20250217
056080,8790,8870,8490,8670,675073,5850120290,-0.34,325230357840,72731630.0,-22977780.0,20250217
468760,2075,2080,2070,2080,1042,2161200,0.0,8819200000,255245.0,0.0,20250217
488060,2015,2015,2005,2015,3143,6331440,0.0,9510800000,76570.0,-1292820.0,20250217
442130,2135,2135,2110,2125,3427,7241960,0.0,7352500000,99335.0,-2987130.0,20250217
084370,39850,41700,39650,41250,180942,7461067750,3.64,945286732500,-977106750.0,3004976700.0,20250217
240600,4485,4555,4480,4525,17920,80920070,0.89,31349883275,4392210.0,,20250217
221800,2750,2760,2700,2700,87810,238737980,-1.82,30475429200,37328725.0,,20250217
179900,22300,23100,21750,22650,145406,3288406600,3.66,406627046850,193053050.0,759398000.0,20250217
263050,1964,1988,1936,1956,54431,106818594,-0.36,72048978336,10011859.0,,20250217
191410,1490,1505,1489,1490,29956,44926741,-0.73,16694339950,870769.0,,20250217
372170,39200,40500,37350,39500,88290,3457303600,2.6,315172396000,-51608500.0,4608650.0,20250217
146060,1236,1236,1201,1214,22301,27061188,0.33,29154932330,-1193419.0,,20250217
072770,1493,1533,1436,1466,1232095,1822686650,-1.54,102969265704,-164137442.0,275842.0,20250217
039020,3770,3805,3690,3805,184942,692948210,0.13,85934817745,34165145.0,-8945220.0,20250217
067920,5150,5190,5080,5130,14956,76611610,-0.39,56410090470,960630.0,,20250217
044960,4535,4580,4510,4550,26730,121631070,0.33,57520567650,10806255.0,10.0,20250217
303530,7340,7860,7340,7600,83881,640775690,3.83,55778672400,23166830.0,100.0,20250217
296640,6540,6540,6360,6440,16238,104478650,0.0,33347942880,-10015990.0,,20250217
302430,7410,7530,7360,7520,21669,160796670,1.48,73945724160,5651090.0,,20250217
462350,21150,22050,21150,21950,149835,3243019550,2.81,205796483300,-180472700.0,192697350.0,20250217
274400,4345,5000,4335,4955,163434,776663030,14.43,38747237830,-3982940.0,,20250217
073490,23000,23000,22200,22350,41229,925501700,-1.76,169945958100,-75078550.0,146850.0,20250217
215790,473,478,464,477,59532,28022896,0.63,19215062073,256792.0,,20250217
344860,1495,1518,1491,1508,17823,26751379,0.87,18141240000,6602247.0,,20250217
088390,8730,8970,8660,8900,6924,61268410,1.14,83534011600,7935960.0,,20250217
272290,30200,30300,29600,30000,157900,4732655250,-0.99,606829740000,771459100.0,-93101700.0,20250217
053350,4145,4300,4100,4145,19826,82544990,0.0,82033346820,-18987885.0,,20250217
452400,9290,9410,9190,9260,16602,154674080,-0.32,84001423280,17531650.0,-10747460.0,20250217
264850,5610,5650,5530,5650,415653,2330888910,1.99,171164557800,261667290.0,,20250217
054210,4645,4680,4545,4585,155243,716250265,-1.71,115960197850,-118239825.0,35.0,20250217
009730,1338,1339,1265,1267,2328165,2991697237,-5.31,73848483632,18614407.0,,20250217
065440,1508,1544,1506,1540,140236,214638355,1.72,42003530800,48485783.0,,20250217
115610,2525,2590,2405,2415,469935,1157106110,-4.17,40081221285,-98210055.0,,20250217
478110,1986,2010,1986,2005,2162,4310335,0.25,10065100000,,2176000.0,20250217
131400,1906,1999,1895,1993,856750,1684021441,4.62,118762634826,437323363.0,,20250217
351330,8190,9530,8150,9050,2876534,26129690020,13.55,75011106000,569077370.0,9036510.0,20250217
080010,5400,5410,5340,5410,4923,26542360,0.37,53207734110,-81190.0,16180730.0,20250217
086890,5030,5110,4990,5030,71452,360481660,0.0,180595721660,30531700.0,-5030.0,20250217
047560,24750,25950,24250,25750,595875,15101452000,4.25,298997206500,1001087500.0,-1473850.0,20250217
900110,52,52,51,51,2314050,118662826,-3.77,27675179988,0.0,,20250217
239340,1635,1690,1620,1654,87449,145121438,1.04,44624314636,32386284.0,,20250217
067010,3055,3100,3045,3055,19211,59052880,0.0,37558170000,-9261930.0,30848745.0,20250217
418620,3995,4335,3995,4150,82254,345893750,3.88,40049479550,69643160.0,,20250217
456070,16980,17920,16930,17840,368973,6455792560,5.13,192068597680,690376030.0,-1084210.0,20250217
102710,23850,24150,23350,23700,134345,3198308500,-1.25,338621713200,320419350.0,257161750.0,20250217
041520,6410,6540,6320,6540,14447,92917400,2.03,79714294200,-13415690.0,,20250217
063760,2315,2320,2180,2205,20352,45257270,-2.0,20561911650,-246860.0,,20250217
123570,2515,2565,2505,2565,41612,105157160,1.79,57138140070,7839930.0,,20250217
083470,1262,1281,1242,1257,45502,57006356,-1.33,26824793553,-2071734.0,,20250217
095190,2110,2110,2070,2105,72564,151538825,0.0,137373272510,33754395.0,-927285.0,20250217
091120,21650,22050,20500,21400,632743,13414717050,-6.55,366644830400,-86570400.0,10554550.0,20250217
039030,143300,145100,140600,140800,121539,17302171900,-0.56,1734592640000,-2152858400.0,-514566000.0,20250217
294090,2630,3555,2630,3350,6120028,19864578880,18.58,101959457650,440008625.0,-8414930.0,20250217
088290,1062,1104,1041,1041,67610,71598430,-3.43,32616267429,1375139.0,,20250217
353810,5240,5250,4990,5080,149481,757670400,-3.24,173693937600,-211079900.0,8187040.0,20250217
099750,17940,18480,17850,18360,27384,501788440,2.4,125486487360,-30037010.0,362380.0,20250217
377330,4315,4330,4275,4310,7868,33859455,-0.12,35083201740,-10024365.0,5.0,20250217
035810,2725,2735,2690,2730,121589,329435765,-0.18,177848156850,61763805.0,-2386205.0,20250217
092130,13120,13120,13010,13050,4520,59069650,-0.53,157168980000,1197650.0,6710.0,20250217
096040,0,0,0,271,0,0,0.0,245561580945,,,20250217
134060,4320,4320,4265,4315,1597,6844495,-0.12,20579313750,-180330.0,,20250217
001840,2710,2760,2700,2740,76163,207067690,0.0,61057162640,49507920.0,0.0,20250217
024810,0,0,0,899,0,0,0.0,196834827360,,,20250217
041830,24250,24700,24000,24650,22594,551348650,1.65,337305226300,141504350.0,-17788650.0,20250217
352940,2275,2345,2275,2330,10691,24625635,3.1,25321810900,-100405.0,,20250217
079950,661,699,658,659,51409,34137822,-0.3,15288800000,3294178.0,,20250217
389470,16090,16370,15970,16100,123257,1981339260,-0.31,161725707500,188218030.0,-19156430.0,20250217
277410,1233,1447,1233,1296,2291977,3152211011,3.51,49710398544,-6088218.0,,20250217
060150,5550,5550,5430,5440,61107,333835610,-1.27,253306049280,55293750.0,590420.0,20250217
033230,1885,1930,1884,1924,260775,499568162,1.91,97191591120,217396390.0,,20250217
450520,4880,5030,4835,5000,893925,4422640975,3.41,73522890000,-134091665.0,,20250217
465480,8940,9480,8930,9400,210649,1955933100,3.87,95295056800,401165530.0,135981780.0,20250217
037330,1390,1428,1390,1402,30030,42186872,0.43,61527084048,-1940433.0,,20250217
100030,16060,16370,15960,16220,838,13572370,-0.25,53261841080,-178970.0,180.0,20250217
211050,5580,5610,5410,5460,251849,1380641490,-2.33,280533708000,-100262550.0,-187995480.0,20250217
083640,280,287,279,285,73742,20896299,1.79,22150300035,807028.0,-200729.0,20250217
064090,2165,2170,2065,2130,56661,119921045,-1.62,105952046850,-38435260.0,37920.0,20250217
216050,7250,7270,7200,7230,28086,202885210,0.0,92856495060,35650540.0,-13687780.0,20250217
049070,20950,21250,20550,21000,178821,3745253200,0.72,361200000000,250707100.0,-604593950.0,20250217
119610,0,0,0,24900,0,0,0.0,329090302200,,,20250217
017250,1080,1126,1074,1126,51651,56001470,4.26,23697195842,-1294404.0,-13925534.0,20250217
051370,10300,10500,10050,10100,463049,4740362270,0.2,235607467200,-577186440.0,91810.0,20250217
064290,14540,14680,14190,14300,194232,2793057010,0.92,183954656600,-20896640.0,-114310.0,20250217
189300,40700,40800,39600,39600,71560,2868446950,-2.7,425040026400,-859420800.0,340123550.0,20250217
150840,0,0,0,5850,0,0,0.0,251537720850,,,20250217
048530,5240,5340,5180,5280,78579,413573270,0.38,180316023360,33902750.0,5350.0,20250217
115310,36700,36900,34950,36100,32710,1182232500,-1.5,115263076300,-239434700.0,77402100.0,20250217
039290,7680,7820,7650,7760,34522,267525240,1.97,67465269280,24889930.0,19710.0,20250217
071200,4425,4480,4415,4455,33091,147396625,0.68,108686220390,-6040885.0,,20250217
101930,35350,37850,35250,36650,38068,1409269100,3.68,352416614450,507321750.0,75650.0,20250217
333430,4600,4975,4600,4795,2346255,11278289955,4.92,147334751865,293046380.0,4740855.0,20250217
068330,1051,1054,1038,1042,77874,81317115,-0.86,46073217880,7378155.0,,20250217
178780,3320,3450,3320,3410,24034,81623045,0.74,59160754950,-12846795.0,,20250217
019540,4120,4235,3965,4165,26998,109939420,1.09,56283727500,-1600410.0,1383820.0,20250217
094820,9250,9450,9060,9450,101066,937219940,0.53,142493800050,21735040.0,7460980.0,20250217
950140,8840,8860,8680,8730,341769,2990789290,-0.91,173446470180,385610150.0,-448531200.0,20250217
049550,3685,3690,3625,3690,1969,7225375,1.1,72347162130,-895.0,,20250217
389020,48150,48750,47000,48000,115813,5549707750,0.84,297491040000,159466450.0,-95897500.0,20250217
254120,1786,1850,1754,1773,717296,1289256187,-0.39,54527320710,15671548.0,,20250217
043910,591,596,580,594,380136,223709652,0.51,67354525458,74177645.0,-83219.0,20250217
234920,3410,3410,3210,3360,20634,68703850,0.6,45463857600,9635645.0,,20250217
289220,6200,6320,6120,6230,53600,333952330,-0.16,139005136830,90793650.0,-57759410.0,20250217
174880,0,0,0,2650,0,0,0.0,11610352250,,,20250217
049630,679,695,676,682,521681,355804025,-0.44,57061921774,40319647.0,-1232150.0,20250217
417840,8480,9790,8390,9790,615406,5692391700,17.39,70969423250,-45656760.0,,20250217
110020,2805,2855,2755,2770,23594,66062950,-1.6,25092770740,-14619910.0,,20250217
208140,2525,2540,2515,2530,60840,153783710,0.0,82691142380,27701315.0,1221750.0,20250217
040420,5710,5740,5700,5710,12660,72291920,0.0,89518821920,3932250.0,-10758870.0,20250217
045510,783,783,760,773,45259,35033515,-1.28,24897782716,153102.0,347916.0,20250217
217190,7650,7740,7400,7480,30868,232891550,1.91,65593421520,-1839740.0,-14714410.0,20250217
095700,4385,4510,4385,4475,75695,337473470,2.05,203793710650,13926900.0,-902280.0,20250217
072520,0,0,0,389,0,0,0.0,28849482466,,,20250217
122310,5730,5730,5590,5590,36076,202442710,-1.93,81355987960,-253740.0,-9949010.0,20250217
361390,18300,18490,17980,18470,143519,2619435930,1.15,138539572830,-41092960.0,-4045210.0,20250217
225220,2805,2950,2765,2810,21783,60604615,0.36,53923959010,11586120.0,,20250217
123330,22000,22050,20200,21400,176336,3667853750,-3.6,170529752000,-814948250.0,113498950.0,20250217
381620,14430,15980,14090,14710,1443447,21714081010,3.3,64321534400,103284080.0,-3838780.0,20250217
159580,5750,5780,5660,5700,43294,247400420,-0.87,114186025200,33853500.0,13844170.0,20250217
147830,6300,7060,6190,6580,2761575,18524541720,4.78,131600000000,163944650.0,-267980.0,20250217
033100,41500,42500,40800,42150,410191,17057565150,0.6,677030539350,813338500.0,53179550.0,20250217
079370,15170,15290,14990,15020,462233,6974275740,-1.12,465875189800,-447483540.0,-619292010.0,20250217
054950,22250,22300,21850,22100,56310,1238393550,-0.67,267186613200,-341766100.0,60128450.0,20250217
023440,1795,1804,1770,1788,253587,454800643,-0.39,123103850064,31507630.0,-61040152.0,20250217
090470,5220,5430,5220,5350,40738,217003760,1.52,93499777900,75360630.0,18867950.0,20250217
137950,3655,3655,3605,3645,36175,131299675,0.69,81166182030,44514555.0,-228825.0,20250217
033320,5750,6100,5750,6060,1422323,8488923590,6.32,115833457920,449399740.0,64476680.0,20250217
417500,3505,3615,3500,3570,127786,455249105,1.28,117041536080,25429105.0,-7263050.0,20250217
204270,28050,29400,26750,27850,4081467,114528175500,1.09,1611079778100,-4589176600.0,1598937850.0,20250217
026040,2100,2125,2070,2100,20445,42857260,0.0,34657959000,6362350.0,,20250217
452160,7130,7200,6810,7020,220245,1534784460,-1.4,67515039540,-142599290.0,,20250217
126880,3720,3735,3675,3735,31588,117164215,0.4,86670312705,-41006545.0,-716840.0,20250217
322510,8670,9350,8670,9140,857150,7787296960,6.4,233334072880,1091537890.0,-150882100.0,20250217
033050,851,851,843,848,2954,2503427,-0.35,27627282016,-243900.0,,20250217
094970,2820,2840,2785,2820,64215,180813965,0.0,47230036800,18675730.0,,20250217
418550,13020,13470,12940,13190,195916,2582172790,1.15,422313106870,260854940.0,38064500.0,20250217
420570,8900,9140,8900,9020,8264,74503110,1.35,51709919140,88750.0,,20250217
089790,4890,5140,4775,5000,637008,3175061040,3.63,51577565000,-51691745.0,-141395200.0,20250217
052670,0,0,0,2080,0,0,0.0,60588453120,,,20250217
412540,7470,7640,7360,7580,67959,513579430,2.57,156153040700,22193330.0,-45236350.0,20250217
199820,11500,12170,11240,11910,1486619,17551472260,3.57,264640200000,746514840.0,229192410.0,20250217
038010,6430,6630,6300,6600,81809,533251500,3.94,59400000000,-19571270.0,-30.0,20250217
276730,2520,2565,2500,2535,27110,68548340,0.6,39742097460,-14948090.0,,20250217
080220,18360,18690,17750,17920,3360467,60818250960,0.96,617215567360,-1889283660.0,-1669715020.0,20250217
216080,6560,6960,6500,6700,212717,1432204370,1.98,240158270600,13586940.0,8875400.0,20250217
229000,1821,1862,1815,1815,37480,68462484,-0.6,28680577365,4583075.0,,20250217
082270,25250,28700,25050,28000,2743320,75941201700,19.15,1119836872000,11640594800.0,-2067354750.0,20250217
044060,0,0,0,732,0,0,0.0,70075958688,,,20250217
034940,1024,1039,1017,1030,11090,11376990,0.59,31909221810,703694.0,,20250217
067000,1521,1545,1521,1540,64609,99099492,0.33,107651306840,2112991.0,-49301.0,20250217
033340,688,688,657,663,399492,265133752,-1.19,64278219954,-34602043.0,0.0,20250217
036930,34550,35150,34100,34200,828579,28679549750,1.03,1616576578200,-3001473800.0,2074697600.0,20250217
072020,9860,9950,9830,9900,16299,161307870,0.2,95621001300,27981620.0,-1000610.0,20250217
000440,14530,14860,14450,14840,13561,199938770,2.13,92410609200,78047880.0,-14990.0,20250217
051980,6900,7280,6600,7010,3239653,22219647030,-2.91,706054231030,-59062860.0,6960.0,20250217
228760,17800,17800,17290,17380,104393,1820853020,-2.36,423417347540,-77915210.0,-20380670.0,20250217
314130,2850,2855,2780,2820,103249,290145820,0.0,87573382620,38829340.0,-22604915.0,20250217
389030,1301,1332,1284,1315,41780,54297447,0.23,43857676175,-6026220.0,-1058925.0,20250217
043610,2095,2110,2070,2095,38389,80233480,0.0,121751842610,14135885.0,-3340890.0,20250217
263860,10960,11330,10850,11200,24722,273462790,3.13,101691520000,68726740.0,-550.0,20250217
303030,1029,1029,999,1003,64099,64331352,0.2,35852905004,-9619500.0,,20250217
036180,0,0,0,577,0,0,0.0,53929030348,,,20250217
208350,3010,3010,2970,2975,5530,16547975,-1.16,26294683275,-660445.0,-11544895.0,20250217
144510,22550,23050,22550,22750,43462,990041000,0.89,359457826000,338875250.0,-157536500.0,20250217
358570,15300,15670,14770,15250,1093345,16649674340,0.0,675648184750,-621867380.0,311209800.0,20250217
382480,2110,2165,2075,2135,164866,348440010,1.18,84027493900,4226415.0,106037290.0,20250217
382800,3860,4110,3860,4095,124401,497905740,4.87,129529112895,100227445.0,,20250217
051160,8310,8400,8220,8350,50449,419879340,-0.12,129211490500,93666810.0,17476540.0,20250217
053050,3040,3055,3030,3045,115698,351925265,0.33,91312232865,39539415.0,3045.0,20250217
119850,13110,17230,12990,16690,7598375,124286725300,25.87,274532291210,2802001040.0,-918270740.0,20250217
065060,250,253,242,245,199138,49141775,-2.0,26461970780,-1689622.0,26775.0,20250217
204840,985,998,974,985,102972,101042285,-0.51,75810727910,-14325200.0,,20250217
311320,7500,7660,7500,7630,28253,214740030,2.14,96249092800,44556120.0,0.0,20250217
388050,8080,8400,7750,8300,554205,4505457410,-1.07,155288327100,13699670.0,-996000.0,20250217
018120,17170,17170,17110,17150,1035,17752370,-0.12,113552208000,360370.0,4559870.0,20250217
109820,2600,2605,2550,2570,54711,141338490,0.98,52411654800,36817295.0,-1059910.0,20250217
086060,3230,3290,3230,3260,10855,35462670,0.62,28070513620,14683345.0,,20250217
036890,10060,10140,9890,10020,237764,2379605840,-1.96,225272325360,341243850.0,-69466660.0,20250217
363250,9990,10010,9810,9900,15397,152698790,-0.9,69624700200,-2740900.0,-1512800.0,20250217
007370,6180,6230,6120,6200,105413,652810140,0.16,80607601200,98509500.0,-21101790.0,20250217
285800,2600,2620,2520,2550,178982,457573980,-3.04,44567038500,59742865.0,-658460.0,20250217
085660,11180,11500,11150,11480,216050,2452637910,1.68,646489805640,689203560.0,-8482530.0,20250217
261780,2865,2960,2855,2925,35549,103541090,2.09,78462387900,8979450.0,,20250217
351870,11700,12070,11580,12030,230567,2723866410,4.88,134262523260,401153610.0,,20250217
094850,5420,5530,5330,5530,153476,838256800,2.03,77420000000,47762990.0,-10384410.0,20250217
004650,8900,8990,8850,8900,9480,84383940,-0.67,81798876500,180940.0,871520.0,20250217
278280,39150,41000,38500,40100,57626,2311037100,2.43,401000000000,300790600.0,28702150.0,20250217
362320,5400,5500,5380,5470,62981,343953370,1.86,112415556300,114777280.0,,20250217
066360,836,850,836,850,75975,64002668,1.67,40759212750,8823927.0,,20250217
047820,0,0,0,5400,0,0,0.0,132051222000,,,20250217
094360,21750,22100,21350,21500,347892,7500532850,0.47,447697166000,-579381550.0,43524050.0,20250217
016920,1910,1954,1894,1912,163704,312949556,0.1,50655644656,-13026140.0,-11230389.0,20250217
284620,1302,1370,1297,1348,216547,286870132,2.12,37987708964,87777588.0,300127.0,20250217
293490,16040,16090,15910,16010,133114,2133595990,0.0,1326691656370,231032590.0,-48418410.0,20250217
140430,2510,2670,2505,2545,394412,1024980665,1.6,48615147355,160716840.0,,20250217
042000,56300,59500,55700,58900,499873,29142394700,4.8,1428504880600,2357602900.0,682812700.0,20250217
313760,3990,4245,3780,3865,69780,272361500,-3.13,30415714125,-72277095.0,,20250217
317530,5170,5320,5160,5280,31571,165305050,1.54,53008317120,-1832940.0,71036560.0,20250217
071850,1549,1577,1504,1535,11268,17295260,-0.65,37240539830,-3567620.0,,20250217
210120,4850,4925,4435,4785,184435,868542710,1.38,37617397125,-35813475.0,-439810.0,20250217
050110,768,788,768,779,198821,154692595,1.56,57508987922,43027969.0,-8219.0,20250217
452300,2535,2635,2530,2600,39063,100672365,1.76,36650588000,18877365.0,,20250217
451760,12000,12470,11840,12450,289029,3531897510,5.78,186643876200,382759770.0,111805000.0,20250217
900310,721,750,705,730,76478,55281261,1.25,46750422750,1855435.0,,20250217
078340,46750,47800,46700,47150,58801,2776808100,1.18,600585148250,118332150.0,-52021850.0,20250217
063080,26800,27850,25750,27200,31381,850016400,1.49,179389222400,155162050.0,27700.0,20250217
307930,5090,5190,5050,5190,128434,661651370,1.76,81015900000,24683300.0,5150.0,20250217
079190,480,495,478,486,58462,28386718,0.83,18640779804,4470060.0,0.0,20250217
263700,2430,2620,2430,2500,50647,128196790,2.88,48535500000,911820.0,15.0,20250217
214370,28800,29300,28200,28500,90402,2591604850,-1.04,1530877500000,649924050.0,-111724150.0,20250217
221980,11080,11170,11020,11160,1303,14489200,0.54,45028368000,-1395000.0,-734500.0,20250217
038530,241,243,239,242,516399,124322566,0.41,28002871974,48706473.0,-6017572.0,20250217
192250,8980,9030,8850,9000,4895,43998460,0.67,63604125000,4796990.0,,20250217
431190,4950,5170,4920,5090,121415,617727860,2.83,38105989780,142091985.0,-2515000.0,20250217
115500,11610,11950,11540,11900,262376,3103643670,1.71,142800000000,239488380.0,30.0,20250217
089150,2385,2435,2375,2425,24867,59859290,1.68,41588750000,-190655.0,2415.0,20250217
025880,2815,2920,2790,2895,173378,492382880,2.84,48392408910,47394870.0,-11353290.0,20250217
093320,81400,81500,79500,80800,18526,1488450400,0.25,394304000000,53441700.0,113523900.0,20250217
093640,3855,3905,3675,3775,137679,514203780,-1.95,123090383100,-35897335.0,,20250217
073010,4510,4740,4345,4700,235769,1081445655,4.1,188898875000,71407125.0,,20250217
105330,3555,3665,3550,3570,48717,176361145,0.42,57334299960,22474350.0,18170970.0,20250217
053080,13690,13840,13540,13710,130180,1783527780,0.15,178227353970,133962830.0,-1212290.0,20250217
199430,10890,11600,10720,11600,479832,5387337100,8.31,126065470800,185135910.0,980.0,20250217
432470,10700,11360,10630,10990,49184,544364320,2.71,95333370440,117921790.0,-11050.0,20250217
272110,16170,17110,16140,17110,111120,1856997890,5.81,137314508450,93533710.0,-44452030.0,20250217
039420,2560,2580,2545,2580,11674,29899800,0.39,62319203400,-3564470.0,-7720.0,20250217
083550,3150,3200,3130,3155,5080,15997705,0.16,39040683030,2005085.0,,20250217
032500,9200,9200,8900,8960,69078,621279910,-1.32,356795111680,-155811590.0,7665390.0,20250217
225430,541,541,533,537,18651,10043750,-0.74,14975345850,-312926.0,,20250217
102370,3465,3545,3450,3525,44612,156764280,1.44,95982965250,34218570.0,15.0,20250217
068100,3085,3290,3065,3150,50463,159543685,2.11,31309784100,324540.0,,20250217
036030,3685,3780,3675,3715,53438,199033920,0.68,182106636345,34544050.0,797845.0,20250217
064820,6520,6780,6440,6720,207921,1373796680,2.28,207659612160,81913420.0,-25230.0,20250217
256940,8490,8830,8220,8500,529522,4501685020,7.05,159363593000,483967560.0,67421140.0,20250217
024880,4390,4450,4335,4445,51138,225345665,1.25,91935037110,57163455.0,0.0,20250217
042040,239,243,239,242,136637,32959925,1.26,46949183380,-2402474.0,-1791.0,20250217
054410,3440,3470,3410,3460,8242,28487025,0.58,19813496240,190310.0,312660.0,20250217
258610,1342,1449,1334,1432,37982,52542743,6.71,38359174456,3881626.0,,20250217
274090,16090,16380,15630,15860,595099,9508178460,-2.64,205519621320,120434340.0,334292930.0,20250217
089010,26800,28300,26650,27000,3040769,83350117350,5.47,414027342000,95828900.0,898898500.0,20250217
220260,4750,4965,4735,4910,251979,1236335780,2.29,130401287370,-5817675.0,55.0,20250217
052400,25200,25700,24950,25600,147752,3743558950,1.79,372820249600,642857700.0,-155483850.0,20250217
402030,26650,27500,25800,27450,148141,3964307850,3.78,314777055600,251359100.0,-23701650.0,20250217
391710,1850,1885,1826,1875,105201,195757111,1.35,78872036250,26255933.0,,20250217
046070,0,0,0,10280,0,0,0.0,146172317160,,,20250217
047770,1455,1455,1440,1452,61418,88824721,0.14,54947458104,18491150.0,,20250217
080530,1238,1262,1238,1250,14104,17684769,0.08,54125533750,-2830511.0,,20250217
104540,6370,6430,6280,6370,17045,107728510,-0.16,81445163800,10974630.0,,20250217
027050,2305,2340,2305,2340,86151,199925675,1.08,93600000000,-17038155.0,,20250217
190650,5560,5670,5500,5670,5258,29398870,1.98,36219960000,-228550.0,,20250217
123410,4530,4550,4390,4410,337097,1488633700,-3.08,122779092240,-329731200.0,-115585625.0,20250217
036690,0,0,0,2885,0,0,0.0,45885746130,,,20250217
049430,10370,10530,10320,10500,41291,430668130,1.25,95004000000,138354730.0,11930.0,20250217
183300,49350,49350,46600,46900,176828,8398472350,-1.26,490606079600,-870431900.0,-491052500.0,20250217
041960,4265,4435,4240,4400,197830,862268770,3.41,310737825200,132391540.0,-17430.0,20250217
089890,7940,8000,7700,7730,69221,542929460,0.26,128201756260,1821250.0,3950530.0,20250217
360350,7080,7170,6990,7040,28228,199245540,0.14,40092588800,43272320.0,-84406320.0,20250217
082660,0,0,0,480,0,0,0.0,47827617120,,,20250217
222040,3115,3130,3095,3125,24482,76372000,0.16,64462500000,-5063785.0,-25751720.0,20250217
241710,50600,50600,49200,49600,95631,4735795600,-1.98,529728000000,-299894850.0,-1315283300.0,20250217
355150,4940,5070,4940,5030,16238,81285195,2.24,39220670500,20541450.0,,20250217
166480,3405,3540,3360,3485,113743,393989030,2.35,114553260360,38483775.0,-1606475.0,20250217
045970,4290,4290,4145,4200,100080,421510255,0.48,110522479200,26237990.0,,20250217
196450,641,662,640,646,88407,57233965,0.94,29276449972,-311836.0,,20250217
384470,8840,9250,8800,9100,328214,2966619020,4.96,116853682400,256182460.0,,20250217
029960,8870,8890,8800,8800,5098,44966120,-1.01,440000000000,-7043440.0,17710.0,20250217
102940,24800,29300,24600,28850,144540,3906147900,17.52,358414714950,1036176200.0,-400.0,20250217
950160,36200,39200,36150,38900,649820,24833657000,7.91,3167574290500,1821963900.0,615462000.0,20250217
033290,2150,2175,2150,2150,28290,61090835,0.0,120736047150,1745670.0,-879320.0,20250217
056360,6040,6140,5950,6120,99664,601480200,1.16,59956416000,172063240.0,-27620.0,20250217
282880,15410,15810,14870,15590,189598,2906663690,-1.83,173700771130,140402320.0,92270.0,20250217
121850,1371,1397,1361,1379,99199,136895492,-0.14,42216947325,7278870.0,,20250217
448710,19130,19260,18610,18790,136158,2568472570,-2.19,98846467310,2087560.0,42269800.0,20250217
126730,13870,14100,13470,14100,95126,1313658160,1.66,119898786000,187912970.0,5887060.0,20250217
015710,4340,4445,4305,4430,95046,418627095,2.07,77660115000,29672675.0,,20250217
052330,8380,8500,8380,8420,36838,311096800,0.24,139158805080,140519280.0,-6793780.0,20250217
322780,823,895,820,877,301732,260074334,5.66,33266901601,7969434.0,-8133.0,20250217
200130,12750,12920,12740,12750,37039,474881580,0.24,375048364500,2987660.0,16464080.0,20250217
294570,18100,19170,18100,19110,43470,820881370,5.17,195967030350,109212130.0,-625900.0,20250217
317690,5470,5770,5450,5670,168912,954516870,3.66,93795470370,-69082280.0,-972830.0,20250217
078940,58,75,57,75,9599924,643577445,10.29,3982070850,-533054.0,,20250217
227100,0,0,0,612,0,0,0.0,14770119384,,,20250217
432720,16030,17140,15450,16310,2021403,33360689450,5.84,227185121520,386561650.0,18529900.0,20250217
365270,6470,6720,6390,6680,89094,588303020,4.87,92678106240,118583890.0,,20250217
348080,677,677,641,667,210410,137680366,0.15,38661230288,14501548.0,,20250217
060280,9260,9690,9250,9690,309670,2949068770,4.98,398162003100,200129650.0,-40830250.0,20250217
372320,30200,31900,29900,31600,146969,4613350800,4.98,448697658800,169923100.0,-52909700.0,20250217
051780,860,860,795,798,55578,44616685,-0.5,10886511510,-4644336.0,,20250217
115180,4985,5170,4960,5170,113231,575634775,2.38,166953109070,102380515.0,-128011180.0,20250217
445680,15830,15910,15010,15200,247909,3818259360,-3.25,245087201600,105876320.0,-17066390.0,20250217
182360,15330,15330,14780,15140,82710,1247362120,-1.62,220613372980,261797320.0,21595940.0,20250217
405100,14590,14900,14270,14530,105813,1541023460,0.21,178563543530,-210845860.0,14780.0,20250217
066310,9010,9230,9010,9150,98237,897244440,0.33,84835332150,144825750.0,9160.0,20250217
016600,270,272,267,271,227039,61062165,0.37,48304967352,-929317.0,-2112376.0,20250217
355390,8230,8870,8230,8860,134437,1146076550,4.36,79190112960,99594670.0,1861260.0,20250217
096240,14680,14760,14570,14740,40708,598136160,0.48,164176773200,176223130.0,3480070.0,20250217
040350,483,493,470,480,271957,130168346,-0.62,92738555040,-3623719.0,,20250217
110790,4960,5000,4880,4880,10000,49165400,-0.61,114343084800,-4256230.0,-5636960.0,20250217
900250,986,986,958,975,975857,945853370,-1.12,127374003900,196193478.0,,20250217
045520,4910,4940,4880,4885,9279,45484290,-0.51,31752500000,-3681335.0,2027410.0,20250217
036170,842,861,837,861,87864,74390922,2.26,52835803986,-1768072.0,,20250217
214150,52400,56800,52200,56800,703118,38779608100,10.08,3720721431200,14172837100.0,1166533600.0,20250217
466100,17170,17680,16550,17580,3361613,57444321590,2.33,431679501840,1902604770.0,-2485286820.0,20250217
352770,318,319,283,285,1707446,501093521,-10.09,11082542205,10008738.0,,20250217
237880,18890,18890,18330,18550,64860,1198186380,-0.54,335223598150,-290547010.0,-299271980.0,20250217
139670,2820,2945,2800,2910,26334,76037890,3.19,41085737100,-814780.0,,20250217
487720,2035,2040,2025,2030,25075,50996340,-0.25,8586900000,46805.0,-1869385.0,20250217
489480,1982,1992,1980,1987,11750,23301145,-0.15,13114200000,-46182.0,9821954.0,20250217
413600,0,0,0,2310,0,0,0.0,7923300000,,,20250217
433530,0,0,0,2215,0,0,0.0,9092575000,,,20250217
446840,0,0,0,2130,0,0,0.0,12524400000,,,20250217
054780,4465,4465,4120,4120,316936,1348590960,-2.02,80536907160,-193455540.0,-4633025.0,20250217
219130,13200,14110,13130,13930,72234,998141460,6.34,87958059700,-91149580.0,30.0,20250217
336680,9580,9850,9500,9760,70460,683974400,1.88,191030323040,168701590.0,15323530.0,20250217
360070,25250,32300,24900,32300,584128,17429807400,29.98,260878798900,1104335450.0,777996650.0,20250217
065130,5030,5030,4910,4965,19994,99215920,-1.49,85348260630,39008365.0,,20250217
134580,2010,2010,1961,1980,71803,141600775,0.1,43611018660,13235090.0,27275892.0,20250217
023160,20750,22900,20650,22450,795487,17616175150,8.19,594925000000,3676058800.0,1205269250.0,20250217
323280,29950,31150,29600,30300,788947,24117720350,4.48,784489119000,857212850.0,-20951200.0,20250217
053620,6400,6400,6360,6380,547,3488010,0.31,54868000000,-89120.0,0.0,20250217
044490,13200,14230,13080,14030,310007,4341108900,7.92,280703555430,52931910.0,1369034940.0,20250217
124560,2895,2895,2840,2885,56937,163567195,1.58,110831844840,23476220.0,-19136230.0,20250217
191420,19600,19790,18650,19500,18400,353710650,2.63,158122263000,-47654240.0,310.0,20250217
073640,0,0,0,654,0,0,0.0,69571715580,,,20250217
066700,3035,3060,3020,3050,35028,106632195,0.49,99047026750,4440440.0,-16975760.0,20250217
095610,22750,23000,21950,22100,171433,3819456400,-2.21,436877794600,599916350.0,-923773750.0,20250217
064520,2060,2180,2055,2115,8936,18958965,2.67,47272496130,-1324695.0,,20250217
089030,42350,43750,42200,42250,520413,22284689100,0.36,1578191501250,-253065450.0,-2381920050.0,20250217
054450,17640,17640,17210,17220,152527,2646964880,0.53,260783692260,-426343700.0,-3845500.0,20250217
200230,4065,4150,4030,4105,13562,55578565,-0.73,49362719415,5020565.0,-3870.0,20250217
393210,5280,6190,5280,5960,7198071,42458097550,12.88,93062682240,657323530.0,1770210.0,20250217
475960,18400,19170,18400,19060,235944,4464599770,3.03,248687141640,293234210.0,-83246380.0,20250217
215480,2405,2490,2385,2405,13325,32566270,0.84,22607000000,-207660.0,,20250217
051360,18900,19040,18750,18800,64751,1221687260,0.37,303940690400,-138426320.0,-140149270.0,20250217
045340,8150,8210,7860,8110,81083,651666310,-0.49,69405704400,-66469280.0,14840.0,20250217
108230,4575,4760,4565,4745,81602,381354720,3.72,180420297525,138741540.0,0.0,20250217
079970,741,743,697,709,148674,105167922,-4.32,6586964500,161129.0,,20250217
199800,39450,40900,38950,39300,21875,866056950,1.42,336205801500,137795300.0,-101214800.0,20250217
417790,10300,10600,10190,10490,60682,633247450,1.84,115386328500,2019750.0,-9018220.0,20250217
290090,8050,8050,7920,7960,3863,30799990,-1.12,59184733280,119530.0,8020.0,20250217
026150,6560,6670,6520,6660,54030,357223930,0.91,116858564460,26442000.0,53040.0,20250217
464280,13300,13910,13300,13750,74178,1016690880,3.85,76037500000,93843160.0,,20250217
322180,5270,5350,5190,5240,87941,460394540,-0.57,109552569960,51436820.0,,20250217
117730,10550,10700,10350,10600,174755,1848676200,-0.09,192627037200,96273940.0,-33289850.0,20250217
033830,799,819,796,802,209387,167839994,0.38,80200000000,,1276797.0,20250217
057680,953,983,945,961,107177,103066573,0.21,68469809461,-3479923.0,,20250217
204610,1715,1720,1688,1710,253381,431439217,0.29,109802041200,-70840032.0,-232023.0,20250217
064760,88100,88800,85300,87100,59519,5168229600,-1.14,1016892500000,295374800.0,39874000.0,20250217
246710,3945,3995,3840,3865,67794,262145060,-2.03,83278490220,-31109145.0,-43956295.0,20250217
340570,81200,82200,79900,81700,46516,3781848500,0.86,664057600000,-958136600.0,865416000.0,20250217
043220,350,353,247,247,20354686,5412908003,-29.83,39328368261,218616001.0,1105563.0,20250217
277880,5300,5600,5260,5520,71452,389630920,4.15,111287792640,70007200.0,-35186210.0,20250217
131290,46450,49200,46100,48050,107923,5183071250,5.03,531501663450,-130326600.0,827241100.0,20250217
425420,18750,20300,18720,19600,87564,1735658630,4.7,223067600000,314394000.0,-116883080.0,20250217
131100,1530,1537,1518,1523,34999,53355136,-0.46,42717487796,-89786.0,-2679947.0,20250217
356860,20900,22600,20200,21950,6300578,135034191450,18.27,215826228500,-595662600.0,1451877800.0,20250217
321550,3460,3580,3395,3555,40190,140882340,2.3,94961981205,23935435.0,-6340535.0,20250217
425040,8850,9020,8580,8760,280220,2454135150,-0.45,186728703120,564604730.0,-1188765490.0,20250217
241790,5740,6180,5700,6090,467002,2779191090,7.41,60916041060,358211110.0,6090.0,20250217
104480,1475,1507,1470,1506,196404,292849951,2.45,136888523604,82380184.0,-958838.0,20250217
081150,3125,3170,3100,3125,314216,982480930,1.13,75838756250,276289380.0,,20250217
130740,1917,1947,1873,1915,48532,91712196,-0.1,21594840285,19365688.0,,20250217
084730,9900,10020,9800,9990,25611,255139250,0.1,110983145760,89961490.0,-2554020.0,20250217
440110,15970,16500,15430,15720,491471,7831602230,2.41,775971834720,234425300.0,52213180.0,20250217
033540,1696,1725,1671,1720,251072,426895074,1.18,64931828360,45278389.0,,20250217
388870,9060,9350,8910,9090,202091,1840937820,2.25,117678521880,19494220.0,4221210.0,20250217
043200,528,532,525,525,34522,18225790,0.0,21947265375,-337474.0,,20250217
214450,280000,290500,279000,287000,54210,15495950500,0.17,3016255200000,2093475500.0,1761748000.0,20250217
208340,0,0,0,2915,0,0,0.0,233786229820,,,20250217
177830,3030,3045,3025,3035,9795,29689955,0.17,40331365355,2150250.0,,20250217
037070,5360,5410,5280,5300,46647,249963250,0.0,106000000000,16146200.0,32480.0,20250217
150900,4795,4795,4605,4665,54858,256569945,-2.1,54512493630,4327730.0,,20250217
037030,2470,2510,2445,2480,62871,156076385,-0.6,54259855520,-4570950.0,,20250217
047310,5230,5320,5190,5260,124409,654109760,0.57,192572571300,167591100.0,1011700.0,20250217
368770,6140,6380,6130,6340,536787,3359216470,2.26,208295786500,181764180.0,-45719440.0,20250217
170790,7890,7930,7760,7920,7455,58521970,0.38,54302133600,3883290.0,-50.0,20250217
049120,999,1029,994,1000,20810,20793019,-0.7,52012744000,-106284.0,,20250217
038950,3125,3765,3125,3590,169650,589293835,14.88,36656646350,-3815550.0,10.0,20250217
387570,7610,7880,7500,7770,95531,737671800,2.1,43713243000,178689210.0,-4110700.0,20250217
441270,5800,6090,5790,6060,277512,1660631430,4.48,224146680060,-53520180.0,213674540.0,20250217
106240,1346,1405,1346,1387,177048,244484276,3.05,22495392380,20612804.0,-1.0,20250217
131760,1110,1120,1069,1072,709728,768806917,-2.72,46558656976,-27854906.0,1422675.0,20250217
065690,934,965,926,937,19521,18206139,0.32,13164223147,-1195163.0,,20250217
140860,223500,226000,217500,218500,32048,7037467500,-1.58,1526785574500,811918000.0,-2440316000.0,20250217
091700,7490,7500,7420,7480,124991,932333300,-0.27,426360000000,-87757270.0,-53070440.0,20250217
032800,507,507,496,499,278729,139444120,-1.96,22932571942,4114487.0,,20250217
318010,3690,4125,3665,3715,233156,897762400,1.78,29457490670,-34707875.0,-8091175.0,20250217
027710,1196,1238,1196,1229,504723,617373717,3.28,136931001400,66654084.0,3491895.0,20250217
225590,932,933,922,931,33482,31711014,-0.21,24798779803,-396121.0,,20250217
054300,541,542,527,531,349472,186297506,-2.03,35569510245,6785623.0,,20250217
068050,2800,2800,2500,2545,697769,1809586050,-9.11,70481423420,65233865.0,-10498445.0,20250217
222110,5000,5230,5000,5230,20040,101940880,4.6,67457570310,23871610.0,,20250217
271830,1674,1690,1662,1682,29169,48882348,0.72,49602519764,-862653.0,,20250217
263750,32800,33000,32050,32400,153713,4986217050,-1.22,2081630502000,397827150.0,117219800.0,20250217
251970,43600,43950,41050,41200,123374,5177014650,-6.36,510880000000,-569570300.0,-591025700.0,20250217
168360,11350,11800,10030,10250,1236076,13550449110,-4.3,218204911000,-1045191020.0,-70117650.0,20250217
087010,97200,98200,96200,96800,235770,22887154200,-0.41,2255183480000,-970809400.0,-2347324000.0,20250217
064800,1203,1295,1195,1215,426072,531159454,1.0,155285867070,60610592.0,2430.0,20250217
119500,3520,3660,3405,3650,224520,795730610,0.69,43242396800,171902115.0,25.0,20250217
389140,7030,8700,6960,7770,6409222,51384895310,12.12,86345950950,-293653620.0,-95979890.0,20250217
105760,5830,5970,5770,5870,29260,171358910,0.34,55550510200,-29911680.0,-2429100.0,20250217
009520,12380,12680,12250,12370,179280,2236626030,0.0,515120236110,-9955210.0,71632060.0,20250217
189690,2095,2110,2070,2110,99003,207585500,0.72,57649354590,10847570.0,,20250217
318020,2980,3085,2970,3050,12363,37336465,2.35,38619929600,2325705.0,6160.0,20250217
256630,1193,1193,1170,1170,19783,23503410,-1.93,67856574240,-145152.0,,20250217
331380,2085,2180,2070,2165,84100,178453875,2.85,49200603580,34949580.0,,20250217
472850,6130,6250,5910,6190,234544,1429226050,0.98,200208945270,274406920.0,-588050.0,20250217
039980,3115,3190,3115,3175,1685502,5318922555,3.08,229735087900,488605810.0,,20250217
041910,6680,7070,6680,7000,164468,1146238870,4.79,94511249000,195349150.0,,20250217
234100,1111,1135,1105,1111,188594,209633094,-0.54,72797525075,41786886.0,-4876276.0,20250217
041020,6010,6140,5980,6100,1225423,7442301620,3.92,303325537800,1276858510.0,-167985540.0,20250217
114630,515,518,512,518,68253,35186201,0.0,40278409864,-190794.0,,20250217
290720,2680,2700,2560,2580,47632,124496855,-4.44,59637793920,-22104720.0,,20250217
005670,6220,6310,5830,5930,142763,857104870,-6.76,59300000000,107179270.0,60450.0,20250217
094940,7650,7720,7620,7650,84629,649363560,0.92,63964602900,-1929400.0,7680.0,20250217
057880,0,0,0,8790,0,0,0.0,216061434720,,,20250217
007330,8170,8240,8150,8230,8577,70309520,0.61,124131444000,45135120.0,,20250217
093380,2520,2580,2500,2510,14708,37050230,-0.4,24797075630,-7727960.0,672715.0,20250217
023900,9250,9250,9000,9060,15220,137970030,-0.77,114156000000,4403100.0,963630.0,20250217
371950,10350,10350,9970,10130,37888,382905860,-2.13,213140143440,-49643550.0,50.0,20250217
370090,24950,24950,24300,24350,114859,2818257800,-0.61,208358810500,41731700.0,-25613450.0,20250217
445180,6580,6740,6520,6540,101000,669694210,0.62,109670489520,57385860.0,,20250217
151910,0,0,0,640,0,0,0.0,121645902080,,,20250217
220100,23150,23500,22250,23400,340096,7823034850,2.18,517190427000,-805699550.0,2494860100.0,20250217
035200,3745,3840,3615,3765,69590,257863355,0.53,36635671350,24527030.0,-19942625.0,20250217
334970,4740,4805,4695,4805,83608,397652295,2.23,371991745785,127233650.0,-2858855.0,20250217
321260,2255,2285,2225,2270,23551,53238125,0.44,63996030680,-12284400.0,,20250217
053610,27000,27750,26750,27350,37167,1016984700,2.82,300850000000,-991850.0,-35325000.0,20250217
303360,3010,3055,2970,3035,14005,42297405,0.83,39082347525,-3766460.0,1058860.0,20250217
377220,1965,2020,1965,2005,32795,65120837,0.25,56761550000,-1063089.0,10.0,20250217
335810,2825,2885,2820,2885,9540,27062460,2.12,33507907510,-2131015.0,-825.0,20250217
053160,12210,12220,11780,11890,32268,383892170,-0.92,71340000000,-91608690.0,70.0,20250217
405000,1190,1198,1180,1187,21450,25478613,-0.25,30953213828,-3942257.0,,20250217
041590,0,0,0,789,0,0,0.0,115917098775,,,20250217
367000,4005,4100,4000,4100,3888,15821445,1.36,34391648700,42965.0,,20250217
075130,2505,2545,2500,2530,22929,57824345,1.0,42054469600,23889305.0,,20250217
237820,6610,6930,6550,6930,179817,1225692910,4.37,88892080200,93057810.0,0.0,20250217
023770,3475,3475,3380,3380,15778,53701240,-1.31,29631851600,1511840.0,,20250217
019570,239,239,233,237,117721,27759568,1.28,15478479954,825991.0,,20250217
300080,22600,22750,22100,22700,76873,1724592300,1.79,124891245900,28905300.0,-50.0,20250217
033790,6540,7420,6180,7060,1909685,12762020690,13.87,161128968000,-677085550.0,-174704980.0,20250217
032580,1401,1425,1378,1386,1297699,1815179173,-2.6,45921040704,-88066301.0,,20250217
051380,2650,2650,2575,2625,53712,140476430,3.14,40267689000,24108050.0,2615.0,20250217
241820,400,406,399,405,239540,96338237,1.25,23964646635,30498548.0,,20250217
452450,10720,12100,10700,11300,29148691,331456158970,20.21,404833800000,516170400.0,-1430356310.0,20250217
237750,4120,4160,4060,4145,5684,23449160,0.12,26928407000,2821725.0,-5.0,20250217
460940,14960,15900,14900,15570,509286,7894953460,7.23,100764991800,568700680.0,35472060.0,20250217
319660,19500,19790,19320,19370,168260,3287197110,-0.05,561085250180,-307559540.0,-449722070.0,20250217
031980,47700,48900,46700,46700,207663,9860889500,-1.48,1006963846500,-899885250.0,-191815300.0,20250217
002230,3950,3975,3940,3950,16268,64283170,-0.5,76514158350,-568800.0,828960.0,20250217
043370,10180,10190,10060,10110,12351,124702770,-0.69,212310000000,-20140200.0,-3156550.0,20250217
239890,7680,8000,7680,7850,36781,289792850,2.21,77995676750,85698330.0,-7845820.0,20250217
347740,2250,2355,2245,2350,192126,447060875,4.91,70524853600,59420055.0,,20250217
137400,41600,47800,41000,46650,2114076,96963522850,12.14,1107614961900,-318809200.0,1090442800.0,20250217
257370,3245,3610,3210,3510,118309,409599425,8.17,43892062110,60721040.0,,20250217
147760,3275,3500,3175,3405,79457,265991625,6.07,36841643730,-4253245.0,,20250217
128660,3090,3200,3085,3200,436552,1379137030,3.9,79370780800,103186830.0,,20250217
006140,5640,5640,5530,5560,51904,288994440,-0.54,83400000000,29649720.0,,20250217
376180,2355,2445,2345,2395,68165,163021845,1.7,44286850310,33196430.0,,20250217
304840,2740,2810,2720,2760,65311,180512595,-0.18,58590138360,40957935.0,,20250217
087600,7070,7770,6900,7190,135306,995359520,3.3,58717552020,-33634960.0,,20250217
291810,1900,1964,1900,1930,12713,24547039,1.58,21920384160,188415.0,,20250217
378340,14500,15130,14490,14930,370393,5526068820,3.82,317798218260,166283950.0,925560.0,20250217
161580,46300,50900,46200,47900,5823691,282174310250,5.27,1094523622000,-10095873400.0,7611018600.0,20250217
347770,1531,1542,1512,1520,37290,56902213,-0.72,34742703840,-4262764.0,-2.0,20250217
163730,8520,8590,8430,8580,33054,282345720,1.06,80356916640,85193990.0,13012600.0,20250217
417180,2220,2220,2155,2195,31034,67809070,0.0,36911578755,-20494540.0,,20250217
446750,2100,2100,2095,2095,350,733265,0.0,12632850000,,-402240.0,20250217
448370,2090,2095,2065,2065,7337,15191075,-1.2,11605300000,-53690.0,7394040.0,20250217
454750,2020,2020,2020,2020,1237,2498740,0.0,14548040000,,0.0,20250217
454640,2085,2085,2070,2075,8997,18639460,-0.24,11207075000,991850.0,12101220.0,20250217
469880,1996,2010,1996,2010,3970,7938382,0.5,14683050000,255748.0,10050.0,20250217
469900,2025,2025,2020,2025,10407,21068620,0.0,11350125000,88880.0,0.0,20250217
475240,2140,2145,2115,2140,78,165920,0.0,6848000000,-17260.0,44415.0,20250217
475250,2085,2095,2070,2085,6243,13007600,-0.71,7714500000,-37600.0,5756685.0,20250217
484130,2015,2020,2015,2020,4435,8946220,0.0,9130400000,44440.0,4868240.0,20250217
435620,10520,10540,10520,10540,5864,61802150,0.29,45343080000,221340.0,10.0,20250217
299030,23250,24000,22550,23800,46889,1098957950,2.37,190278858000,128831850.0,8238900.0,20250217
067310,11870,12130,11750,11930,1040234,12402584200,0.93,790624351570,-1494738440.0,37580420.0,20250217
166090,29450,31400,28700,31200,368727,11275502900,5.94,617063428800,-1960343050.0,1920097050.0,20250217
136480,2935,2950,2910,2950,226544,665745525,0.85,313318620900,62517040.0,5582360.0,20250217
003380,5310,5400,5300,5340,84786,453141870,0.56,598110016140,94318700.0,-377430.0,20250217
450330,11140,11270,10890,10910,489778,5399160590,0.46,85490858190,-357492290.0,,20250217
101670,1570,1756,1555,1688,1180255,1989690025,3.81,91438909360,211377797.0,,20250217
365590,582,595,551,589,255824,147276918,1.03,85079465001,1760239.0,-470173.0,20250217
149980,6640,6710,6540,6690,67587,448849660,0.45,124396288470,4045840.0,72215840.0,20250217
013030,27900,29250,27700,29050,147275,4259485300,4.12,357182590100,-555847250.0,1299744200.0,20250217
126700,20200,20600,19840,20450,360064,7288643110,0.25,305566190400,43372400.0,178476860.0,20250217
106080,2050,2055,1884,1920,473609,909386212,-7.02,48260092800,-90018204.0,-96932926.0,20250217
450050,2065,2065,2060,2065,4658,9618670,0.0,10353910000,,0.0,20250217
160190,38350,41450,38050,40650,725455,29122894500,5.17,1255597200000,1387608500.0,2409411200.0,20250217
221840,1464,1464,1427,1448,9950,14364605,-0.34,27078412328,129794.0,0.0,20250217
106190,14620,14910,14210,14440,24140,349017110,-1.23,153543018120,-26704090.0,-30446830.0,20250217
065650,460,502,460,485,1930407,939619946,2.75,51740639535,16471172.0,,20250217
066130,5490,5550,5450,5530,27658,152177210,0.73,70784000000,47636360.0,3668320.0,20250217
004590,4130,4210,4090,4165,55746,230996180,0.85,62475000000,74190875.0,-210900.0,20250217
039340,5530,5580,5380,5400,13755,74755150,-2.53,124200000000,-4619780.0,8296120.0,20250217
034950,84300,85500,84200,85000,13866,1173538500,0.83,385943690000,384939600.0,-214323800.0,20250217
222980,3460,3570,3445,3515,13215,46179725,2.03,38775662745,-2564240.0,3490.0,20250217
256840,4280,4365,4270,4365,285398,1232579725,1.99,296437813695,328132810.0,-5512130.0,20250217
219750,0,0,0,967,0,0,0.0,63267797795,,,20250217
025550,3685,3730,3630,3695,104306,385821065,0.41,94274244780,30064945.0,0.0,20250217
017890,8440,8490,8370,8480,11847,99708330,0.83,183216844800,11572140.0,983620.0,20250217
080720,0,0,0,2725,0,0,0.0,21562456300,,,20250217
063570,4765,4810,4730,4785,40657,193608175,0.1,163396878480,46384430.0,-19607775.0,20250217
041460,3230,3320,3230,3290,85292,278883115,1.86,62510000000,61801470.0,3014165.0,20250217
101680,2865,2940,2810,2835,86058,245199530,-1.05,23825340000,-66899525.0,,20250217
039740,2680,2725,2660,2700,7946,21315955,0.75,21649671900,362915.0,,20250217
053300,4840,4870,4800,4845,217792,1051528495,0.52,205628394045,127369850.0,-62090.0,20250217
025770,7730,7840,7710,7780,13144,101879770,0.65,291316428380,-17991860.0,45803650.0,20250217
458610,2135,2140,2115,2130,6612,13985415,0.0,9009900000,621810.0,0.0,20250217
464440,2075,2075,2050,2075,6979,14349930,0.0,8964000000,-516720.0,4118450.0,20250217
477530,2500,2530,2355,2455,79188,193197385,-1.8,11808550000,879160.0,23309635.0,20250217
479880,2015,2035,2005,2025,5974,12116775,0.5,13911750000,24640.0,10163805.0,20250217
062970,5450,5780,5420,5770,1790004,10080636350,2.12,113881439860,345214260.0,,20250217
023760,541,549,539,547,113707,61918432,1.11,172638438072,175124.0,-8126.0,20250217
054040,4895,4895,4785,4845,31532,152421100,0.73,77865400050,-5391485.0,2462720.0,20250217
021650,2260,2270,2225,2225,8975,20109545,-1.55,36380002675,798710.0,,20250217
032300,15900,16140,15730,16140,34025,544939100,2.8,176034154140,113880080.0,16060.0,20250217
037230,1701,1710,1675,1689,14178,23947750,-0.71,50332752303,-220433.0,-5964465.0,20250217
030520,23350,24650,23350,24500,692296,16718135950,5.15,592403728000,6009755800.0,166864150.0,20250217
052600,4320,4395,4270,4365,39515,171761185,0.92,50475550500,-5544575.0,-5.0,20250217
256150,6320,6400,6300,6370,4357,27622410,0.0,53476150000,-1972760.0,,20250217
092460,8900,9150,8850,9020,75155,678354640,1.35,154329313600,-15194540.0,-230.0,20250217
452190,6280,6540,6040,6110,4711604,29731903280,0.16,141524445270,-550206340.0,1389430.0,20250217
047080,1320,1327,1272,1293,87457,112505464,-2.05,32095314066,809439.0,,20250217
452280,7300,7380,7110,7290,95184,691117980,1.11,124925814000,-21754040.0,-5712000.0,20250217
066980,1611,1642,1600,1620,87326,140687883,0.68,84134902500,43150334.0,,20250217
114810,7450,8000,7350,7860,454550,3555791350,5.65,228829547640,-320439890.0,282278480.0,20250217
070590,1019,1019,1005,1011,18612,18800874,-0.79,14032195731,-831049.0,-2781495.0,20250217
226440,0,0,0,1530,0,0,0.0,100580954580,,,20250217
042520,8040,8180,7900,8050,23509,189760920,-0.62,108887254350,33059830.0,23854770.0,20250217
430690,5500,5560,5430,5500,117934,648852990,0.55,59924298500,-66826750.0,,20250217
078350,11200,11540,11110,11260,215703,2445157090,1.9,171651741320,-607024520.0,46698590.0,20250217
045100,17200,17200,16980,17100,23870,407505370,0.06,307800000000,49146940.0,-8385360.0,20250217
214870,0,0,0,6920,0,0,0.0,64765809320,,,20250217
320000,2300,2350,2280,2280,78362,179783925,-0.87,63761629560,-6831620.0,,20250217
091440,3515,3680,3515,3595,54508,196109610,1.27,65816174310,-36360285.0,,20250217
024740,1991,2045,1986,2030,456991,925235657,1.75,66781009470,168583302.0,,20250217
005860,3770,3850,3770,3840,291450,1113836540,2.13,151310150400,335210415.0,88320.0,20250217
007770,11630,12060,11290,11800,9188,107536870,2.25,41418000000,647510.0,,20250217
198940,745,750,732,750,99220,73325316,0.67,29192233500,-9867357.0,,20250217
058450,1724,1758,1708,1745,9732,16905812,1.22,25814868645,-1516523.0,,20250217
107640,27000,27800,26050,26150,139188,3702101800,-3.15,236865287900,-463462750.0,-81997350.0,20250217
079170,6510,6550,6480,6510,4589,29831500,0.0,33852000000,1738820.0,-11402930.0,20250217
054920,3125,3215,3090,3175,124092,392313155,1.6,89589232175,43837875.0,5.0,20250217
457370,10500,10870,10420,10740,144849,1544884530,2.29,86211419160,171253130.0,48273310.0,20250217
002680,712,735,708,731,55827,40320182,2.38,23623580069,-3251514.0,,20250217
455310,0,0,0,2010,0,0,0.0,10170600000,,,20250217
034810,5880,6150,5880,6150,67620,406982720,4.77,200224670550,-20673640.0,-13700.0,20250217
03481K,7280,7680,7220,7420,2659,19658200,2.34,10305801240,-4750.0,0.0,20250217
059270,7300,7310,7060,7210,281822,2020635740,-0.14,80325160790,-179005230.0,,20250217
076610,1039,1080,1020,1023,53526,55284750,-1.63,26038621554,1098033.0,,20250217
220180,2415,2535,2345,2425,110259,270068615,0.21,47064400000,53174745.0,,20250217
900270,252,257,249,250,2100774,527801328,-0.79,38070584000,-5165814.0,,20250217
214180,12000,12090,11970,12020,23642,284130600,-0.08,157757848260,-44820780.0,-58249120.0,20250217
234340,14170,14700,14170,14560,27416,397718490,2.61,137635680000,62021280.0,-6876890.0,20250217
084990,2480,2540,2480,2515,61727,154834015,0.0,115923384455,15749465.0,-10340.0,20250217
187660,1998,2000,1960,1988,515853,1020804522,0.4,85462487852,15886927.0,,20250217
170030,5080,5100,5020,5040,13993,70622130,-0.79,77313600000,198830.0,20.0,20250217
319400,4095,4260,4095,4235,1023935,4311556265,3.29,499077390735,470291650.0,531788595.0,20250217
048410,13390,13710,13280,13420,139534,1875937260,0.15,534405979360,-1711000.0,21815750.0,20250217
052260,4550,4760,4550,4715,81362,377618125,3.63,141450000000,64764490.0,12555.0,20250217
016790,0,0,0,994,0,0,0.0,187340898626,,,20250217
041440,11030,11040,10100,10870,1514485,16354442370,-3.72,194746311280,-835008380.0,-42365510.0,20250217
039010,6190,6190,6100,6150,10152,62263980,-0.97,53043750000,-2767250.0,,20250217
090850,4945,5070,4945,5030,42845,214326900,1.72,119444195830,33887745.0,-17392210.0,20250217
460930,20150,20200,19460,19860,622681,12388344300,-0.6,702890502060,-536250800.0,-56316250.0,20250217
092300,2630,2645,2595,2605,34118,89230165,-0.38,48642685680,2880795.0,744395.0,20250217
138360,590,610,590,605,89711,53626705,1.85,29250690040,900102.0,,20250217
011080,1225,1241,1194,1204,1337440,1626296545,-2.03,35822071404,-129970382.0,,20250217
060560,854,864,854,858,41409,35520400,-0.46,109540452450,3456170.0,,20250217
064240,1810,1895,1810,1852,106994,197779314,2.72,64890398224,42360658.0,-3294524.0,20250217
039610,8140,8520,8120,8400,314880,2619139360,3.7,87447360000,804533430.0,3889050.0,20250217
126640,1356,1398,1348,1360,320367,436689876,-0.29,49468486320,58725471.0,,20250217
127980,6150,6440,6080,6200,32138,201727900,2.14,73412240800,-6390040.0,,20250217
061250,1174,1186,1169,1180,264429,310793036,-0.25,97792090540,48317878.0,,20250217
097870,6490,6650,6480,6580,35492,232852270,1.39,55864200000,70897240.0,30.0,20250217
290270,3495,3540,3460,3510,35920,125458780,0.43,33722928720,7881095.0,822980.0,20250217
353190,768,776,760,776,37435,28797519,1.04,30557653920,-936819.0,,20250217
192410,922,972,908,911,437227,403795640,-1.19,12968567830,12178224.0,,20250217
090710,2510,2620,2395,2445,21152837,52367835190,0.62,268028638425,-3158849220.0,-18653535.0,20250217
078590,555,616,555,600,1204870,713161576,5.82,33726202800,138600436.0,,20250217
205470,1658,1673,1656,1662,845184,1405098620,0.24,215021264958,93027185.0,-15753522.0,20250217
115160,1280,1304,1278,1304,75827,97570790,1.09,57337041696,-11109972.0,,20250217
028080,2785,2885,2780,2825,54682,154462990,1.44,35531454450,19666650.0,,20250217
175140,5800,5890,5690,5750,52516,301085220,-1.2,123712929000,494800.0,,20250217
200670,36200,38300,35900,38000,260213,9765172950,5.7,426737340000,-1603861850.0,1700108100.0,20250217
065510,7460,7630,7450,7600,19543,147808690,1.88,92411219600,-17929370.0,10681950.0,20250217
215090,0,0,0,1505,0,0,0.0,149972154360,,,20250217
263920,975,980,959,980,15441,15035510,0.51,48064231320,34185.0,,20250217
243070,25550,26150,25550,26150,13884,359509850,2.95,313268239750,136644350.0,66114900.0,20250217
084110,35750,36350,34950,35850,28670,1016935400,0.28,453029997000,7410550.0,19929200.0,20250217
145020,292500,292500,280000,287000,72590,20753788000,-0.35,3617357471000,-2277049500.0,3564103000.0,20250217
024060,11550,11610,11450,11590,159836,1844598140,0.35,173850000000,392356830.0,11570.0,20250217
010240,5110,5310,5110,5120,15868,81983320,-0.58,63092203520,-15589080.0,1745280.0,20250217
189980,1760,1765,1748,1765,38933,68496939,0.28,70843264655,-714480.0,0.0,20250217
037440,5600,5640,5530,5590,120113,673219360,0.0,77826635250,119989140.0,,20250217
238490,3840,3915,3700,3800,14199,53951595,-0.52,42986496800,1442565.0,,20250217
