code,open,high,low,close,volume,거래대금,등락률,시가총액,foreign_net,inst_net,date
060310,2230,2265,2200,2240,272534,610110720,0.67,118852249600,-135891235.0,,20250610
054620,5640,5640,5400,5440,29850,163606745,-3.89,108224562240,-10676340.0,-6570.0,20250610
265520,17310,17530,17040,17250,72259,1245516000,-0.23,263604512250,-267781945.0,-38750630.0,20250610
211270,13190,13430,13000,13350,180859,2400909865,2.46,201348758400,466216250.0,-10538090.0,20250610
109960,340,347,330,339,629646,213455232,0.89,68067562191,68049281.0,,20250610
139050,0,0,0,2805,0,0,0.0,24247965555,,,20250610
126600,3090,3120,3035,3100,52517,161629230,0.32,194577386900,-20857500.0,3850.0,20250610
013720,1430,1470,1390,1401,112344,157437510,-2.03,73031528343,-36815719.0,,20250610
083790,2000,2010,1988,2010,99542,198840450,0.5,154557305820,74047713.0,,20250610
035760,69300,79000,68900,77300,422633,32032974100,12.35,1695123604200,3192893950.0,5991873250.0,20250610
311690,10140,10140,9940,9950,35787,357406830,-1.68,130001346900,-4909120.0,-15551250.0,20250610
051500,28450,29800,28250,29000,101653,2963765075,2.11,344275994000,-59238000.0,982977125.0,20250610
058820,2220,2315,2175,2295,4614627,10377471362,4.79,328314743235,-306436919.0,319024465.0,20250610
023460,0,0,0,109,0,0,0.0,4054800000,,,20250610
056730,862,862,841,843,61669,52235473,-0.71,62475729798,-1882340.0,16209.0,20250610
065770,1159,1196,1133,1182,121546,142272083,1.98,22943955660,26571461.0,,20250610
083660,1080,1147,1060,1128,410185,458310119,5.82,69086820168,108838360.0,,20250610
477760,2130,2135,2120,2120,4652,9881570,-0.24,12380800000,-67840.0,4907800.0,20250610
099520,0,0,0,1284,0,0,0.0,58141862016,,,20250610
060900,1256,1300,1249,1267,46466,58974020,0.96,33099144743,-1701637.0,-86302.0,20250610
290120,2900,2980,2855,2945,111322,324411506,-0.17,45692081410,2318448.0,,20250610
025440,867,885,847,864,825452,713110302,-0.46,42146977536,92268960.0,,20250610
068790,0,0,0,6330,0,0,0.0,149939488590,,,20250610
241520,7660,7690,7180,7300,2462346,18044349490,-5.93,197100000000,97220575.0,8924940.0,20250610
180400,2170,2195,2100,2150,249740,534556924,-0.92,105821778800,-48902250.0,,20250610
418620,3950,4185,3815,4120,157530,638335169,5.91,52943965240,35106325.0,0.0,20250610
245620,0,0,0,415,0,0,0.0,57474989665,,,20250610
037370,6300,6380,6190,6300,34249,215595105,0.0,54337323600,8596960.0,-630.0,20250610
050120,2975,3050,2805,3010,52500,156492870,1.18,40827898860,8478525.0,,20250610
214270,2135,2155,2060,2110,216559,457534548,-2.09,86655942370,13962215.0,,20250610
130500,2775,2810,2720,2760,59465,164452582,-0.54,40144343520,-32783015.0,10.0,20250610
900290,3120,3175,3020,3050,376730,1159113862,-1.45,246592500000,-312852370.0,-211119353.0,20250610
083450,19370,19430,18850,18990,173937,3308081715,-1.04,349985700000,152515650.0,-330906235.0,20250610
297890,2510,2515,2450,2480,141392,351712999,-1.2,181389466720,-95221147.0,1628175.0,20250610
440290,2140,2160,2050,2070,115784,240570305,-3.27,56111510700,39085291.0,-2300935.0,20250610
078150,1998,1998,1965,1980,426129,843832466,-0.65,183577513680,-137701606.0,-3960.0,20250610
195940,45850,47450,45300,46950,522564,24413879775,0.0,1330088382450,2292051425.0,4595287200.0,20250610
028300,51500,52900,51200,52500,440889,22950275950,2.14,6899817015000,3010394200.0,-1366425750.0,20250610
278650,1566,1614,1556,1603,233829,370932060,2.36,139469879017,84659393.0,-14484784.0,20250610
067630,5700,5890,5700,5840,259024,1505438065,1.57,711995618720,239283760.0,202582900.0,20250610
024850,1990,2025,1976,1999,244803,489083620,1.01,288463941877,119278988.0,,20250610
187420,3495,3505,3430,3460,27471,95209730,0.29,100810151720,21964200.0,-7890.0,20250610
047920,18600,19250,18400,18980,115168,2169646585,2.26,622379936880,803200185.0,-7528290.0,20250610
115450,7610,8380,7610,8220,524021,4251850105,8.02,693528814440,1193603435.0,-207237360.0,20250610
046210,2295,2385,2270,2320,75527,174874782,1.09,103354318000,15245977.0,14064785.0,20250610
196300,9400,9430,8890,9400,18317,170566910,1.4,87357941200,30569360.0,562030.0,20250610
403870,25100,25100,24150,24150,649780,15922672675,0.63,2016490417200,263567775.0,-528566125.0,20250610
036640,5490,5520,5410,5420,92866,507552240,-0.73,88643016000,-15973330.0,16530.0,20250610
442770,0,0,0,2155,0,0,0.0,9072550000,,,20250610
448760,0,0,0,2275,0,0,0.0,10078250000,,,20250610
467930,2195,2195,2190,2190,22,48190,0.0,9263700000,-4390.0,0.0,20250610
469480,2150,2150,2140,2145,11488,24640645,0.0,9073350000,10.0,-20194305.0,20250610
095340,55100,55900,53100,53200,129116,7019839550,-1.66,1127683485600,-268149200.0,-1034351800.0,20250610
950170,4820,4850,4350,4475,1173634,5291655731,-6.67,231564907300,265430999.0,-1738796114.0,20250610
067290,1710,1765,1687,1751,408590,710409578,2.4,93461596626,205403333.0,,20250610
035900,81100,82000,80000,81400,538914,43685654900,1.75,2892344848800,3529532350.0,4042814100.0,20250610
318000,4700,4700,4540,4550,8240,37741670,-0.33,39768014650,-10024165.0,,20250610
024840,2110,2110,1995,1997,1099442,2235276869,-2.35,69713670403,-400686533.0,,20250610
024120,3550,3650,3495,3550,72620,259692948,0.85,40825000000,-50301856.0,-2069395.0,20250610
455250,2145,2150,2145,2145,8076,17323045,-0.46,9234225000,102960.0,-15025750.0,20250610
464680,2040,2045,2035,2035,18644,37996070,-0.25,26261675000,-225985.0,10953860.0,20250610
476470,1998,2055,1998,2035,46673,94714048,1.85,11202675000,3047640.0,32435248.0,20250610
478390,2100,2115,2100,2115,16686,35150641,0.24,13155300000,97060.0,-21055600.0,20250610
486630,2120,2120,2100,2115,1922,4056600,0.0,11230650000,80560.0,1574540.0,20250610
492220,0,0,0,2000,0,0,0.0,12420000000,,,20250610
021320,5300,5420,5130,5260,33504,176986750,-0.57,112564000000,-17165130.0,4300.0,20250610
044180,659,668,641,647,265347,173587644,-1.52,17286415953,-34968020.0,,20250610
046440,4890,5100,4650,4870,579636,2832015497,1.46,185112605740,18097659.0,161840.0,20250610
151860,6650,6760,6530,6680,247995,1652569800,1.52,317988053360,-99808450.0,2752390.0,20250610
035600,10340,10360,9870,10190,276340,2790224805,2.31,280779682460,-139966215.0,-90781915.0,20250610
226360,0,0,0,2555,0,0,0.0,67617390260,,,20250610
111870,0,0,0,8910,0,0,0.0,62746456410,,,20250610
060720,10240,10370,10170,10170,56533,579629685,-0.2,240799585140,-161761070.0,-70877835.0,20250610
058400,788,795,783,790,218024,171860221,0.0,104619478800,,,20250610
101000,2395,2395,2280,2350,392701,912929670,-0.42,78599984700,-24348330.0,-14240000.0,20250610
089600,17150,17200,15860,16930,65124,1098670725,-1.11,195848999590,-29959165.0,40394820.0,20250610
418470,18200,18410,17500,17820,117304,2102353535,-1.22,151457329980,692312245.0,-492443360.0,20250610
043610,2300,2345,2270,2345,145310,337070958,1.96,136280702110,47643441.0,34617276.0,20250610
122450,4160,4160,4030,4120,124613,511641297,1.98,186784171680,118263123.0,-4814950.0,20250610
052900,990,1007,984,1003,262306,262104770,1.93,55272839551,9930785.0,-49361.0,20250610
036560,12040,12160,12000,12130,11052,133948140,0.83,191047500000,22032970.0,654710.0,20250610
061970,3640,3645,3555,3580,56258,201237868,-1.1,207937161480,-63419390.0,-64035.0,20250610
309960,5630,5670,5250,5550,579052,3174489295,-0.89,128855676450,141720925.0,,20250610
225190,2795,2920,2710,2880,3915511,11087711555,2.13,146155507200,166023049.0,,20250610
060370,29000,31850,27400,28500,2548416,73654149275,9.83,931062339000,2394663700.0,-40166175.0,20250610
417200,11400,11400,11010,11180,208386,2330279580,-0.18,756356727620,-13968945.0,-69305120.0,20250610
078020,4890,4920,4735,4750,225345,1082523564,-2.86,263535652500,-7141259.0,76070.0,20250610
322180,5400,5430,5280,5290,35982,191086600,-0.94,110677295360,5290805.0,15863770.0,20250610
476080,14000,14740,13790,14550,307636,4427637425,5.36,113271750000,-440532190.0,-8189310.0,20250610
086960,1437,1444,1370,1406,3250685,4579184839,-2.16,130507433928,411959083.0,8.0,20250610
160550,2360,2570,2360,2485,493180,1215910426,4.63,69346673410,65729929.0,19313510.0,20250610
053290,2715,2725,2640,2685,72649,194063038,-1.1,44373134295,2788150.0,0.0,20250610
060250,9630,9640,8890,9100,977075,8887321930,0.0,365461560100,-866118690.0,-70545040.0,20250610
104200,3060,3310,3035,3120,199342,639291043,1.96,46261956000,57258202.0,70.0,20250610
063570,5070,5100,4975,5010,68140,342156570,-1.18,171080117280,-8768660.0,1141665.0,20250610
222160,0,0,0,8040,0,0,0.0,79551289560,,,20250610
024940,4730,4850,4725,4785,111192,532703143,1.16,47850000000,129485115.0,,20250610
332570,2720,2785,2675,2765,615202,1685442323,2.98,122147524800,-34590946.0,-59030.0,20250610
218410,22300,22650,22100,22450,181726,4064429550,0.0,594575722900,287928300.0,-270638750.0,20250610
327260,6080,6230,6040,6160,21264,130565760,1.48,51948702960,-8012630.0,-1861900.0,20250610
474610,4515,4740,4510,4695,273706,1269118242,2.96,60682231785,-13576050.0,-92476285.0,20250610
091340,2875,2930,2815,2925,41837,119838792,1.74,34233383925,4384880.0,,20250610
419530,73000,76500,71100,75700,251212,18772036100,3.7,663959401000,3329787700.0,1269343550.0,20250610
019550,807,844,790,804,2314025,1870305301,0.63,130301526300,21244302.0,72093.0,20250610
950110,4925,4945,4890,4915,54218,265512870,-0.2,118218234100,-14780.0,128697485.0,20250610
246960,8550,8920,8500,8850,31182,273015895,1.72,75042468750,10270375.0,1011100.0,20250610
099220,1443,1485,1433,1451,1433914,2087886269,-0.75,94234251850,125140854.0,,20250610
036540,3150,3180,3100,3105,273339,855073819,-1.11,510649240815,51984897.0,-82037663.0,20250610
255220,2255,2315,2220,2270,504842,1151190192,1.11,223728169550,-50742434.0,36240.0,20250610
040610,1760,1783,1759,1764,260163,459476818,0.23,60129813744,425628.0,-832301.0,20250610
049470,374,379,350,370,261296,95676083,-1.07,21779032130,-3970121.0,,20250610
184230,495,509,480,501,361250,180005728,2.24,32924328723,5720043.0,-585723.0,20250610
016250,16950,17350,16940,17350,8965,154058095,2.66,56276199750,-698690.0,-470.0,20250610
357880,2475,2530,2400,2510,953612,2351532233,1.41,85460362030,-138231619.0,,20250610
048550,1478,1515,1438,1490,553498,824400181,2.12,144104783800,145863942.0,-83291508.0,20250610
063440,1561,1612,1552,1588,494234,784350642,1.73,73094296552,-58410797.0,,20250610
067160,85200,89600,85000,89500,154673,13649380250,5.29,1028781646500,4092559100.0,1503784450.0,20250610
289080,1687,1720,1620,1700,559837,936632414,0.77,91712079400,-107740822.0,16973055.0,20250610
089230,881,889,859,880,39641,34693133,-0.11,21412998640,-2324767.0,,20250610
032540,5550,5590,5540,5580,11300,62845050,0.9,77738378220,2748950.0,,20250610
022220,903,908,903,907,46644,42233517,-0.11,46977683153,1639774.0,-7945.0,20250610
048770,1911,1940,1910,1931,24245,46643716,1.05,30312820621,951780.0,,20250610
246690,1933,1998,1843,1917,4136902,7929588276,-2.14,79513061454,-27823554.0,339296.0,20250610
317240,239,243,235,238,1091838,259073321,-0.83,25523339436,-19087314.0,,20250610
057030,3750,3750,3655,3690,132156,487024821,-0.27,60193851930,-60597864.0,,20250610
040300,3085,3145,3065,3100,116087,358510467,0.32,130200000000,12481067.0,,20250610
051390,3835,3890,3825,3845,23627,90930355,0.26,43661389960,-751295.0,342795.0,20250610
052220,4000,4130,3945,3970,465363,1860814499,-1.37,91310000000,-184893335.0,,20250610
079940,22200,23200,22100,23150,61949,1414104650,4.28,313351084600,605821275.0,-226455750.0,20250610
078890,3525,3530,3440,3450,52551,182647794,-1.71,61826929050,-35511905.0,-16331785.0,20250610
399720,44700,44800,43450,43750,47132,2072143375,-1.02,507382750000,28793500.0,-17353125.0,20250610
036620,5170,5250,5070,5180,896734,4597278550,0.39,473970000000,877036600.0,-1021652015.0,20250610
198440,1218,1239,1210,1219,66242,80830432,0.25,74275981224,-957636.0,0.0,20250610
217730,2030,2090,2025,2085,200905,411738453,2.96,116872900665,138039980.0,,20250610
114190,7100,7100,6780,6950,47749,330007735,0.72,181555114100,1388460.0,-12950.0,20250610
094480,12990,13100,11300,12850,10486050,128794978585,5.76,504103418300,-227678740.0,1806835250.0,20250610
039240,3255,3300,3200,3265,556988,1812075652,1.4,88088407060,106215160.0,-58268.0,20250610
053950,680,680,668,673,104818,70433551,0.0,52593171934,-638649.0,,20250610
011040,6040,6080,6020,6040,17319,104650700,-0.49,185843346640,-10874440.0,7080.0,20250610
024910,1694,1710,1689,1708,45327,77154646,-0.12,61178860540,-2979747.0,,20250610
049720,10060,10090,9940,9990,109129,1089209545,-0.7,142857000000,-146082305.0,57260380.0,20250610
014570,4900,4930,4865,4905,9697,47508474,0.0,53955000000,-2375166.0,,20250610
348150,4835,4920,4810,4855,15639,75983525,-0.31,94278706095,-11487290.0,,20250610
950190,8220,9050,8200,8800,299969,2624653275,8.11,114550119200,19752460.0,-1413450.0,20250610
098460,15880,15940,15480,15650,839202,13168968595,-0.95,1074446915750,1104272840.0,-644989635.0,20250610
035290,426,436,392,415,324219,134113551,-2.58,19785739200,-5957810.0,,20250610
215000,68400,68700,67600,67600,14262,971496950,-0.44,424218054000,216647050.0,-176200900.0,20250610
121440,6010,6040,5780,5860,190685,1125683525,-1.35,251023753480,-250538805.0,145685930.0,20250610
366030,4065,4200,4060,4175,56609,235013550,1.09,94579823750,-30276730.0,,20250610
014200,0,0,0,6040,0,0,0.0,91311391200,,,20250610
029480,2500,2515,2380,2400,191588,468864135,-3.42,135122124000,-111862305.0,,20250610
026910,2820,2850,2790,2850,16374,46092645,1.06,18255404250,-8820150.0,,20250610
440790,2145,2147,2140,2145,113752,243926173,0.0,8687250000,68640.0,99747820.0,20250610
456490,2190,2200,2185,2200,5221,11467655,0.0,9240000000,-13140.0,587270.0,20250610
465320,2170,2170,2160,2165,13721,29689032,-0.46,8248650000,2290.0,-1880625.0,20250610
482520,2055,2055,2040,2055,25310,51800825,0.0,12535500000,45085.0,0.0,20250610
489210,2070,2080,2070,2080,1808,3747315,0.48,10774400000,-649985.0,0.0,20250610
053270,2345,2360,2305,2325,59933,139972070,-0.21,63729191625,-37642400.0,,20250610
066620,19980,20150,19630,20100,37866,757758880,1.46,150750000000,382481455.0,20350.0,20250610
043650,4610,4900,4610,4680,41335,194089138,0.86,83576862720,-1366424.0,0.0,20250610
006050,1400,1443,1374,1420,436867,618007351,1.14,49551245060,100965200.0,,20250610
060480,1742,1782,1737,1776,27506,48472361,1.95,19695840000,-492083.0,,20250610
078130,0,0,0,800,0,0,0.0,901924696800,,,20250610
307750,3890,3920,3800,3810,462444,1785640052,-2.18,190370955300,-68083877.0,-608025480.0,20250610
035080,15050,15100,14790,15040,25195,377282620,0.27,205696033920,26670640.0,153976850.0,20250610
453450,22400,23000,20850,22200,331715,7307529625,3.74,176329050000,-1035044450.0,306844550.0,20250610
204020,3310,3470,3210,3380,563830,1876881188,-0.15,68098313400,45306045.0,31235490.0,20250610
402490,14030,14240,13950,14020,25712,363145740,-0.43,116077804880,34701720.0,,20250610
114450,3085,3320,3045,3130,1197161,3815279612,-0.79,62600000000,-47917477.0,-15.0,20250610
186230,8050,8340,7910,8150,204852,1675881595,1.37,88999532200,-207326860.0,20.0,20250610
900070,421,421,410,414,30815,12744548,0.0,22250002752,24597.0,,20250610
204620,5930,6170,5870,6110,1050301,6329132870,3.21,429431146300,633985975.0,-572042750.0,20250610
019660,2805,2940,2805,2880,40453,115904442,2.67,40159679040,-7687495.0,,20250610
053260,4220,4250,4205,4245,4938,20842425,0.95,79466400000,-149090.0,0.0,20250610
282720,11010,11150,10840,10950,82571,906836210,-1.26,132708525000,47152090.0,-76650.0,20250610
036190,31700,32800,30750,31150,47293,1488095900,-1.58,186900000000,185966825.0,5757600.0,20250610
049080,539,545,530,540,191482,102962198,0.37,45837007380,11276142.0,-9040979.0,20250610
420770,27300,27950,27150,27550,12885,356398775,0.92,349217132900,27179975.0,-10071675.0,20250610
035460,2140,2145,2125,2135,42021,89700815,0.0,31122620900,11775185.0,0.0,20250610
407400,8750,8760,8270,8310,789615,6665613915,-3.6,121688291070,-73951215.0,-235341390.0,20250610
187790,1043,1050,1029,1035,213624,221188625,-0.77,31920259050,-40978.0,,20250610
121600,50900,51600,50100,50800,37375,1888583450,0.4,619652202400,14744200.0,-236014700.0,20250610
286750,2670,2770,2540,2550,185440,479729450,-2.67,54859575450,-191046325.0,,20250610
247660,5520,5880,5470,5520,40513,228876235,0.0,23978438400,9024030.0,,20250610
039860,3615,3645,3555,3620,112490,405144690,0.14,116238496840,56957480.0,-1790195.0,20250610
091970,722,724,684,703,105903,73226587,-3.57,26304497579,-3688572.0,,20250610
417010,5830,5910,5770,5850,21183,123442420,0.34,117943768800,10389920.0,-40970.0,20250610
405920,2590,2595,2440,2500,31619,79656612,-2.91,32195190000,-2845130.0,,20250610
051490,3970,4005,3935,3950,53834,213770331,-1.0,56090000000,-50223215.0,,20250610
137080,3245,3275,3215,3250,2712,8835205,0.0,35943121500,-1784060.0,40.0,20250610
190510,13530,13620,13340,13460,26885,363071350,-0.44,197658538640,155752830.0,-53630.0,20250610
242040,1777,1780,1696,1733,247084,425522165,-0.12,59972655512,-32852717.0,-16484704.0,20250610
293580,1639,1658,1545,1554,3689970,5881763040,-0.7,147521142300,-987753914.0,9671.0,20250610
459510,25000,26000,24450,25200,1192905,30270723950,1.0,316202846400,-87963425.0,-3124663925.0,20250610
138610,27400,27800,26500,27500,278953,7583203975,3.0,309133770000,-1408212100.0,-142588075.0,20250610
130580,5310,5350,5270,5310,15219,80802610,0.19,81774000000,21768320.0,305960.0,20250610
036800,23600,23600,22300,22500,52856,1197268400,-2.81,225000000000,133939075.0,-74745550.0,20250610
267320,3530,3745,3530,3685,3775689,13831858181,5.29,196772834995,1178095515.0,-169381985.0,20250610
111710,5130,5190,5050,5190,5305,27285420,2.17,106851720000,-322240.0,,20250610
091590,4335,4380,4265,4355,29674,128399332,0.46,51127700000,-1386455.0,9968128.0,20250610
168330,4480,4480,4170,4275,509495,2189557395,-0.58,135752197500,-1456000.0,,20250610
094860,990,1052,988,1023,113897,114806432,3.33,21891759087,-44296869.0,,20250610
253590,9650,9700,9480,9550,174394,1663820080,-0.31,418950516200,-331856255.0,-18349740.0,20250610
212560,8240,8340,8200,8220,12509,103163380,-0.96,64732195860,163130.0,0.0,20250610
095660,24000,24600,23800,24400,190693,4641232450,2.52,533306310400,1585757525.0,526690775.0,20250610
042420,28400,29650,27300,27850,56015,1581967975,-0.89,239338611100,106504750.0,227319050.0,20250610
950220,1250,1274,1215,1245,778107,968606647,-1.19,123089993925,9945088.0,-5519167.0,20250610
311390,6450,6470,6370,6450,12871,82753330,0.16,81616939050,-49426820.0,,20250610
085910,3205,3240,3200,3215,21332,68627855,0.0,44800439870,514520.0,0.0,20250610
092730,15110,15280,14920,15040,54211,816208250,-1.05,241060954560,79039350.0,81151750.0,20250610
290660,882,882,868,879,33275,29091972,0.11,40565960754,20415.0,,20250610
306620,2450,2470,2400,2445,247452,603535695,-0.2,106269164595,114807875.0,-8565.0,20250610
153460,7420,7630,7420,7630,3316,24931700,2.28,49824006820,0.0,,20250610
007390,30550,30600,27000,27450,1126592,32105877975,3.78,1768742287200,-7903433675.0,-442355550.0,20250610
033640,10120,10190,9700,9880,168117,1669913240,-3.14,227824915760,24198910.0,-60622310.0,20250610
330860,12020,12290,11570,11810,31714,375101265,-1.67,143893571450,-44981585.0,-10.0,20250610
351320,2495,2500,2375,2405,47914,114841820,0.21,52948205830,-15472920.0,,20250610
089140,2840,2885,2780,2825,138393,391673477,-0.35,36264479800,-5761830.0,-6365.0,20250610
389650,43450,44600,42850,43800,51952,2282750225,0.92,355959796800,-319873950.0,363944250.0,20250610
137940,407,411,396,407,1076801,435572013,-0.25,34745179744,68318774.0,,20250610
396270,7140,7270,7050,7130,50663,362005005,-0.28,128974142200,20668960.0,-299540.0,20250610
348210,54000,54200,53100,53200,49844,2668777050,0.57,557376666000,52364600.0,-7926700.0,20250610
225570,13800,13930,13630,13730,219658,3026279335,0.66,904260189020,315184885.0,-182122710.0,20250610
205500,3340,3480,3150,3350,1893709,6226697294,-1.76,196704291650,125926950.0,-566500825.0,20250610
217270,7300,8500,7260,8150,1518181,12314103110,11.49,380618390450,2337278190.0,4825110.0,20250610
104620,5010,5080,4950,5060,60279,302890700,1.2,80161157560,19015820.0,,20250610
473980,31200,32750,30350,32350,171856,5527785525,4.02,351826209950,183450050.0,379680675.0,20250610
194700,17480,17520,17000,17170,115219,1985308810,-2.0,322020740160,-270809095.0,62401485.0,20250610
285490,18600,18740,18140,18270,126155,2319316185,-0.76,193220432370,-84898745.0,-328530.0,20250610
145170,5440,5500,5400,5420,44057,239664440,-0.18,91643555100,-7893810.0,,20250610
106520,0,0,0,411,0,0,0.0,15904036272,,,20250610
376930,2510,2600,2425,2485,1136823,2842093317,0.0,91813444100,-43675831.0,-1374640.0,20250610
142280,4300,4330,4230,4240,279831,1193343388,-1.85,92185766240,1481422.0,-6886500.0,20250610
234690,9870,9970,9650,9910,164464,1612497745,1.12,175925055160,197764335.0,10647660.0,20250610
054050,8420,8460,8330,8360,50464,423913485,-0.24,134015489960,-71202835.0,-15370.0,20250610
069140,1440,1467,1440,1444,30919,44635700,0.28,18920360892,-8760.0,,20250610
040160,3515,3700,3490,3600,58044,207990836,3.0,43399926000,-12261695.0,,20250610
332290,1230,1239,1194,1220,95942,116680094,0.0,40729459660,-8639253.0,,20250610
348340,23950,24250,23550,23800,44506,1059470950,-0.63,269834570600,-155449250.0,9236600.0,20250610
060260,1733,1790,1671,1779,582487,1010797679,4.16,24037864011,-21564393.0,,20250610
123840,1150,1160,1056,1056,122904,133889596,-2.58,39234948192,1171335.0,,20250610
012340,680,710,660,666,276729,187089698,-2.06,33904169892,-7711740.0,-1743829.0,20250610
270870,5560,5640,5460,5560,16680,92988525,-0.18,51153245440,-4891630.0,,20250610
144960,5190,5450,5170,5350,732345,3905595150,5.11,233755538400,167765085.0,103221370.0,20250610
085670,4615,4645,4550,4590,79160,363608925,-0.33,112228992990,16098535.0,-2047520.0,20250610
064260,5270,5930,4840,5930,34304429,184597196362,29.9,408867807200,-2739079493.0,2390885043.0,20250610
340360,1596,1596,1532,1565,174500,271666622,0.97,68784737585,-14355931.0,52734.0,20250610
039560,2850,2930,2810,2890,141314,409018884,0.35,114484405090,-71042356.0,-29365395.0,20250610
154040,1179,1289,1172,1227,253826,314527832,3.54,22024765338,16450210.0,,20250610
032190,17330,17350,16600,16840,335401,5696144880,-2.77,644972000000,954378880.0,-39840600.0,20250610
323350,7030,7100,6900,6990,37083,257952765,-0.57,55995296280,-75383955.0,,20250610
068240,8720,8760,8470,8490,184565,1574501935,-2.19,324007580130,-383229920.0,-113410730.0,20250610
464580,6840,6960,6730,6820,104197,709775245,0.74,62389005360,31008955.0,2147790.0,20250610
020400,6200,6230,6130,6170,4626,28608550,-0.48,19677154220,-5099230.0,,20250610
008830,17820,18360,17810,17980,190023,3430518820,0.95,161595609600,141544280.0,-233750.0,20250610
048470,4310,4420,4265,4315,62248,270939317,0.12,43150000000,-14107416.0,60.0,20250610
004780,3900,3905,3865,3885,19338,75019715,0.13,61783928115,-89310.0,-1810.0,20250610
017650,7240,7300,7160,7280,11209,81362510,0.55,65520000000,-7603540.0,64490.0,20250610
389260,29450,30000,28050,28600,465733,13445200275,-5.92,487630000000,-137942450.0,-919722275.0,20250610
317850,7620,7770,7560,7680,28056,215720940,1.05,63931545600,-10937470.0,30.0,20250610
290670,19880,20250,19300,19600,321530,6345010310,-1.9,154010136000,-513542200.0,20290.0,20250610
078140,14100,14180,13920,14000,64395,903787340,-0.85,155212106000,32493255.0,-13880.0,20250610
065150,0,0,0,145,0,0,0.0,23110448725,,,20250610
036480,8420,8470,8370,8370,6918,58060520,-0.59,31806000000,-8147770.0,,20250610
027830,2060,2065,1966,2015,1632680,3254396827,-1.95,108810000000,-461588103.0,,20250610
104040,1100,1100,1065,1085,305529,330803055,-0.55,51239110895,56982179.0,,20250610
129920,4820,4955,4765,4895,263510,1284849728,2.84,67135184435,44806586.0,0.0,20250610
442310,2140,2145,2135,2142,67685,144842595,0.09,14372820000,1145686.0,31365980.0,20250610
457630,2125,2130,2115,2130,29108,61769350,0.0,15570300000,-201875.0,-42444015.0,20250610
471050,2180,2200,2180,2200,4817,10548160,0.23,13332000000,-112330.0,3293000.0,20250610
478780,2130,2145,2120,2145,3239,6907785,-0.23,16966950000,-23535.0,3320560.0,20250610
482690,2110,2120,2110,2120,1587,3352710,0.0,11903800000,0.0,-1414635.0,20250610
020180,1169,1170,1136,1148,415296,478245548,-1.2,44116394420,48059493.0,,20250610
045390,4810,4830,4695,4740,867866,4120834409,-1.04,334043806980,-695304955.0,11545670.0,20250610
108380,20750,21400,20650,21200,47958,1007827275,2.17,202827459600,258164975.0,-21567750.0,20250610
007680,4685,4750,4635,4730,5297,24928240,1.07,63601822020,-4804420.0,0.0,20250610
048910,10750,11360,10570,10590,394147,4324700385,0.09,133211038140,-267854755.0,-50185.0,20250610
005710,10050,10260,9790,9870,91035,907464340,-0.8,197771112000,-28842490.0,-33067840.0,20250610
290380,0,0,0,2300,0,0,0.0,56841307600,,,20250610
120240,13830,13980,13710,13840,47828,662759365,0.07,99515011440,-37768695.0,17680.0,20250610
003310,1900,1900,1864,1877,860436,1615805689,-1.21,66431440950,146678769.0,,20250610
078600,72000,72300,70600,71100,94868,6762277250,-0.42,1100670162300,-636088400.0,-383914700.0,20250610
393970,10330,10430,10160,10260,191697,1974434855,-0.58,151815373200,306813210.0,-359643580.0,20250610
096350,406,416,401,410,1294702,530040390,0.99,67142013690,105320774.0,-8388.0,20250610
140520,2360,2365,2335,2360,25868,60801352,0.85,49817813480,-2594960.0,,20250610
131220,5140,5180,5030,5140,52981,270312320,-0.96,38316078600,16141550.0,20.0,20250610
010170,718,732,708,721,512445,368064772,0.42,78957550686,-53517870.0,-20494303.0,20250610
054670,7500,7620,7480,7620,106022,803546715,1.33,109384490400,-83239945.0,7570.0,20250610
023910,30900,31400,30700,30750,62341,1934816725,1.15,184500000000,-221852000.0,151967050.0,20250610
021040,1466,1514,1460,1493,114895,170150288,2.05,32405227582,3786275.0,,20250610
021045,2925,2930,2845,2885,6994,20315560,-1.37,2447899420,,,20250610
067080,16090,16150,15820,15910,134254,2142277515,-0.38,296190901500,-234958355.0,-101401120.0,20250610
298540,12290,13110,12250,13000,185788,2376153625,6.38,193027328000,337282855.0,55576720.0,20250610
032860,1270,1320,1250,1319,233137,300371509,3.69,53282143297,-21541335.0,,20250610
214610,5780,5860,5550,5650,93661,531251275,-2.59,29100686600,23083775.0,,20250610
393890,7790,7900,7660,7670,182131,1411821045,-1.16,259576914480,11059765.0,-63372835.0,20250610
299170,1859,1887,1831,1864,142933,265447932,0.27,55972123032,104063857.0,,20250610
462860,3480,3610,3170,3330,15235131,51300314636,-1.91,237806145810,858885696.0,87720620.0,20250610
224060,3420,3420,3265,3320,12523,41278715,0.76,17133597040,1282095.0,,20250610
043090,0,0,0,380,0,0,0.0,4718944500,,,20250610
213420,34850,35700,34550,35300,140996,4942157800,1.44,876540618700,269759875.0,45564925.0,20250610
317330,19200,19340,18380,18420,194717,3645811090,-5.49,377178677280,-1287864935.0,-11525850.0,20250610
077360,4235,4250,4150,4165,70708,295531178,-1.54,189245113330,-75228370.0,4190.0,20250610
090410,1604,1632,1599,1602,126499,204143557,-0.44,73826720190,7850837.0,,20250610
263600,4710,4960,4705,4760,82602,398727339,0.32,75828275600,30274109.0,10.0,20250610
194480,41550,43050,41300,42500,72595,3060129100,1.8,518633875000,910989350.0,89554025.0,20250610
373160,7090,7090,6760,6770,82011,560782660,-3.7,93179098100,-51416090.0,-15118210.0,20250610
263800,4895,4935,4845,4895,62447,304896569,0.0,79393865100,23623889.0,,20250610
206560,7620,7770,7490,7680,182720,1398286225,1.59,195162132480,-237873875.0,-221350000.0,20250610
261200,7270,7300,7150,7280,82748,599084565,0.14,115094616000,-81318245.0,,20250610
067990,4735,4800,4685,4700,71645,336992638,-0.74,137153285000,-13277126.0,20105.0,20250610
006620,5870,5880,5700,5770,83747,484370660,-1.87,164243003840,24040510.0,,20250610
100130,2845,2870,2780,2830,198107,560978739,-0.7,161714690000,104280033.0,-20788523.0,20250610
005160,3875,3920,3800,3845,61989,239302135,-1.16,208570033290,17039000.0,-238390.0,20250610
303810,9240,9240,9070,9150,49168,448189000,-0.33,146327440500,-38931100.0,270560.0,20250610
075970,2500,2515,2485,2490,35080,87610265,-0.6,45816000000,-2922632.0,0.0,20250610
086450,17270,17420,17130,17310,149853,2594172190,-0.29,776937452850,-277643100.0,322016105.0,20250610
240550,12180,12290,11700,12110,1181569,14191811150,-0.9,251584523400,-1250350475.0,86646470.0,20250610
099410,3595,3685,3585,3635,110148,401059737,1.11,50890000000,34824105.0,6161445.0,20250610
033500,25850,26950,25750,26650,583693,15469180775,2.7,799220015100,5981364625.0,-3262861500.0,20250610
025950,26850,27000,26000,26250,107286,2826541525,-2.78,220500000000,629539650.0,500250.0,20250610
088130,3115,3115,2960,3045,92174,276294265,-1.14,53242781130,15445860.0,,20250610
041930,5860,6050,5860,5930,49635,296540895,0.68,93694000000,7351005.0,-410210.0,20250610
060380,1356,1396,1356,1396,79145,109100070,2.95,27501200000,-611657.0,,20250610
079960,23700,24500,23700,24200,66015,1595649200,2.11,190212000000,143050375.0,-2576325.0,20250610
228340,1980,2070,1875,2065,78547,157222426,4.29,41300000000,-11086036.0,,20250610
088910,2120,2130,2100,2115,37600,79488540,-0.24,54634180860,514395.0,,20250610
094170,19420,19420,19060,19200,62933,1208503790,-1.18,401470771200,-197359490.0,1602270.0,20250610
013120,2800,2800,2735,2760,147083,406971360,-1.08,250630356000,-45899759.0,29691816.0,20250610
109860,8090,8180,8090,8140,1533,12446880,0.49,74074000000,-431130.0,-1937840.0,20250610
032960,10730,10770,10610,10650,466,4976360,-1.3,43863036750,-107260.0,30.0,20250610
023790,927,940,899,912,73450,67147360,-1.62,19314253008,1265904.0,,20250610
005290,30450,30450,29600,30050,342641,10268215100,0.17,1545005544700,-2114326050.0,-298747700.0,20250610
025900,8610,8710,8510,8560,73869,635212075,-0.12,432770359600,-10332215.0,-14665605.0,20250610
131970,27750,27750,26950,27100,97310,2652599725,-0.55,523768149800,152344125.0,-68213325.0,20250610
073190,2350,2375,2320,2320,88481,208215559,-1.28,27765852800,4209797.0,-2244525.0,20250610
176750,11120,11200,10920,10990,39920,440635260,-1.43,312722867800,-6348445.0,21676960.0,20250610
030350,0,0,0,973,0,0,0.0,13503093562,,,20250610
203650,3745,3755,3620,3745,489944,1815167146,2.04,189518548730,-32907856.0,-105013810.0,20250610
223250,3365,3365,3180,3230,242790,788257277,-1.97,76871816520,46799515.0,-8388890.0,20250610
060570,1906,1929,1881,1907,114213,217327231,-0.94,144210339711,-61615034.0,46814070.0,20250610
362990,2160,2245,2120,2225,98453,216264195,3.97,37381277150,21466850.0,,20250610
016670,5670,5680,5360,5390,21121,115121515,-2.71,26636549940,1305295.0,,20250610
187870,11110,11210,11100,11150,8000,89382615,0.36,78458190350,2394750.0,11220.0,20250610
489730,2080,2090,2080,2090,686,1430090,-0.24,13233880000,,0.0,20250610
110990,13440,13560,13150,13430,50155,672904660,0.6,253827000000,-63443300.0,38749120.0,20250610
263690,5480,5520,5390,5480,11338,61924920,0.18,62064342800,-548220.0,-304230.0,20250610
214680,1982,2005,1941,1980,320714,634678021,0.0,146550202920,-9906776.0,29939815.0,20250610
347850,84400,86300,81700,85400,329964,27738940800,6.62,917819505400,-8295406350.0,3593806050.0,20250610
263720,17300,20000,17180,18010,1163299,21857709045,7.84,225565758730,-637875130.0,-448940000.0,20250610
376300,55400,58100,54500,56400,250912,14251216300,1.81,1338846098400,-1437194900.0,926636600.0,20250610
109740,5960,6410,5820,6340,170569,1065537180,6.38,163003872600,-186268215.0,-4340.0,20250610
031860,1192,1270,1182,1184,49997,59926160,-0.25,20331672864,-8829169.0,,20250610
196490,0,0,0,203,0,0,0.0,36245520080,,,20250610
066900,2425,2500,2425,2500,2452,5984475,1.83,56861257500,191835.0,-1071045.0,20250610
092070,11680,11830,11490,11600,27068,314173015,-0.94,134233552800,-5434285.0,33982420.0,20250610
039840,19440,19460,19020,19110,39942,764217830,-1.7,286301338050,-222701010.0,51295270.0,20250610
219550,618,621,598,607,535655,323617250,-2.72,75931422471,-46540552.0,,20250610
310870,1595,1614,1550,1572,97499,153611692,-1.44,32520390012,-20825672.0,15867397.0,20250610
104460,17200,17370,16990,17290,32404,557426625,0.64,185238576250,16040305.0,164306610.0,20250610
079810,6230,6320,6120,6180,109977,683654430,-0.32,136133620920,65178575.0,53149550.0,20250610
113810,1179,1179,1133,1142,265529,305510020,-0.61,37261234242,-41907054.0,,20250610
043360,2275,2350,2255,2295,15293,34934280,-0.22,20655000000,-960.0,,20250610
197140,2235,2315,2210,2305,19676,44290599,3.36,29995319970,1751535.0,,20250610
068930,7460,7630,7320,7510,39290,291914480,0.81,207841818420,-37917550.0,-19202460.0,20250610
033130,1629,1629,1610,1615,56211,90991959,-0.49,59941156205,-19959856.0,6605.0,20250610
105740,8080,8300,8080,8120,93052,763223205,-0.12,82568325560,31895615.0,-9096160.0,20250610
263020,2965,2980,2930,2965,89833,265247925,0.34,42991998915,-7283468.0,120562385.0,20250610
290550,6780,6780,6650,6720,27215,183362530,0.15,134408265600,-36106200.0,30529520.0,20250610
066670,3155,3170,3140,3170,10222,32292485,0.63,59253380060,-3763505.0,5.0,20250610
187220,2940,2970,2865,2905,54213,156995729,0.0,33982751005,4464147.0,0.0,20250610
383930,4745,4760,4445,4480,397706,1818036574,-5.58,57272893440,-716786757.0,-89533252.0,20250610
131180,984,995,977,990,39702,39074259,0.61,29056500000,-962042.0,,20250610
315640,6900,7000,6670,6790,221671,1505632455,-0.29,152382999720,-399738730.0,-23181200.0,20250610
223310,2800,2910,2750,2855,80854,230879455,2.51,65206415625,32581448.0,,20250610
317120,2535,2595,2500,2590,74282,189367995,2.17,25019400000,9039200.0,,20250610
462510,8410,8540,8270,8420,41158,347063715,0.12,73851525300,34919940.0,-2295200.0,20250610
042510,10080,10200,9950,10100,67130,674456770,0.5,113172257400,-163336120.0,262990.0,20250610
232680,7830,7900,7730,7810,58345,454448705,-0.76,97892367540,-3454240.0,,20250610
418420,3515,3970,3455,3640,467857,1763418573,3.56,110428711120,-74687106.0,-389480.0,20250610
300120,4635,4780,4570,4750,136600,639285686,2.48,99085057000,98331040.0,4695.0,20250610
171120,2295,2345,2275,2325,74676,171685910,2.2,83471592000,7869725.0,,20250610
388790,2420,2440,2380,2435,74574,180421695,1.25,74487485205,6950175.0,,20250610
214260,17910,18030,17610,17780,32803,584748620,0.06,158641392140,61261220.0,18310.0,20250610
171010,4320,4335,4230,4255,209579,894335165,-0.7,60841189760,-116814785.0,60.0,20250610
084650,2610,2635,2565,2590,1626910,4219315228,-0.77,192281574100,-147526086.0,-11919300.0,20250610
217500,1840,1840,1807,1810,71099,129650356,-1.31,57579720000,-8120624.0,,20250610
038390,12490,12780,12490,12740,89858,1141720160,2.0,213023272280,140745975.0,-18670970.0,20250610
294140,4410,4570,4345,4480,53864,240038180,1.36,94080000000,20275770.0,,20250610
443250,11690,12250,11630,11870,75321,895445435,2.24,131938136200,33494810.0,787500.0,20250610
228670,8390,8490,8300,8370,33964,284754085,-0.71,129844253610,-18676410.0,-10629285.0,20250610
228850,6820,6840,6760,6820,14627,99524460,0.0,113150715480,-61030.0,-7105590.0,20250610
412350,3445,3530,3400,3460,74871,259329135,2.06,30195323120,18779200.0,,20250610
199550,8580,8630,8270,8270,269327,2277984805,-0.84,99610421570,-32453505.0,,20250610
281740,12570,12800,12200,12220,204324,2530094520,-2.47,803227296560,-1078651145.0,35814090.0,20250610
277810,283000,295000,278500,282000,168718,48188649500,-0.35,5470759956000,-11235530750.0,-1675981250.0,20250610
215100,4810,4855,4695,4775,304177,1450957882,0.1,97163867850,-92244104.0,4775.0,20250610
090360,25800,26000,25100,25300,100937,2568999925,-1.17,246675000000,-443472650.0,7946200.0,20250610
108490,62100,63200,57600,59200,642307,38391151850,-2.31,782189472000,-372406700.0,-1662443650.0,20250610
900260,677,686,660,660,377556,254077912,-0.3,23780650080,-7712727.0,,20250610
067730,3885,3890,3700,3765,82017,309387325,-1.05,36422316330,-8135320.0,,20250610
071280,13740,14010,13600,13700,21238,291961780,-0.29,209563461100,60278280.0,-42347280.0,20250610
376900,14500,18500,14330,17230,12518775,215873060285,20.49,265645919970,1958157710.0,1648091505.0,20250610
328130,50900,51000,48450,48650,368906,18050567625,-3.47,1418143510700,-4388774525.0,-3412220450.0,20250610
038060,911,915,901,914,41485,37664098,0.44,43966205066,-1830131.0,,20250610
474170,8040,8240,7920,8170,55562,451116045,1.49,144835276320,7558560.0,-13915210.0,20250610
141080,110300,112900,108300,112600,278009,30775918200,3.11,4122324058800,2121454350.0,1310331050.0,20250610
058470,48850,49000,47500,48050,384332,18547052400,-0.52,3661979392500,2786231850.0,-1994964075.0,20250610
016100,2310,2360,2305,2355,28435,66817395,1.95,44982605370,-2524685.0,,20250610
012700,5630,5710,5300,5370,1372962,7526081380,-5.29,142015744950,-920981265.0,-51500.0,20250610
302550,3445,3465,3360,3400,80936,274201751,-1.31,106113020800,-29504828.0,13607025.0,20250610
073570,699,707,685,689,139836,97268288,-1.43,33741330428,-9635577.0,,20250610
377450,12960,13220,12900,13060,46498,608393410,-0.08,226329800000,78457970.0,-788410.0,20250610
277070,5470,5470,5250,5370,28785,153395065,-1.83,73526040000,-3143780.0,,20250610
042500,4350,4390,4335,4380,61345,268173707,1.04,83527186920,4412969.0,3167100.0,20250610
193250,549,559,532,546,655932,356358046,-2.33,34574563842,12774548.0,833064.0,20250610
474650,30000,37600,25600,26250,14173687,454181941500,14.13,146449590000,-66614325.0,-29654802000.0,20250610
219420,5340,5380,5260,5270,34727,184452470,-1.31,60444301890,-15139910.0,,20250610
439090,18390,18580,18140,18350,109525,2012751655,0.55,300541071000,-120414515.0,320910885.0,20250610
195500,3460,3520,3440,3520,144180,501365972,1.73,56242560000,139171405.0,,20250610
377480,25450,27950,24350,26100,2173736,57146909250,0.77,181945005300,341881550.0,1271100.0,20250610
305090,9040,9280,8950,9150,58566,531145575,0.0,164836362450,-25883830.0,-38924540.0,20250610
098120,16100,16730,15500,15740,202910,3244738345,-0.44,130842936840,-840102750.0,-96934690.0,20250610
424980,9130,9130,8820,8980,20394,182323515,-0.66,53151632200,-11402875.0,,20250610
038290,15970,16020,15790,15910,5687,90407790,0.06,172486674000,-22121970.0,-15560.0,20250610
267980,39600,39600,38300,38500,7338,284564800,-1.53,301980063000,-9121850.0,-18728250.0,20250610
005990,11400,11400,11120,11130,19110,214719125,-1.85,152684723520,-18370030.0,1899680.0,20250610
093520,16300,16400,15060,15160,207621,3214773815,-6.99,245032474720,514404330.0,-144256060.0,20250610
100590,3400,3430,3370,3380,33415,113404575,-0.88,53505477740,-9000090.0,-6231600.0,20250610
067280,34500,34900,34200,34700,11321,392766075,0.58,205659231300,97094650.0,107700.0,20250610
072870,11050,11080,10900,10960,19406,212889635,-0.81,130653710640,-45347290.0,-3989760.0,20250610
215200,51200,53000,51000,52000,26636,1390399600,0.78,560086124000,192021700.0,162501900.0,20250610
133750,2265,2270,2210,2210,159771,356543571,-2.43,51729640170,93291009.0,,20250610
446540,4055,4140,4055,4080,279862,1145228716,-0.73,84745680000,154692442.0,-16425.0,20250610
235980,3780,4185,3715,4090,572845,2321049071,7.63,140185244890,217478422.0,30.0,20250610
041920,6340,6400,6140,6380,106014,660695800,0.63,118656662740,39130660.0,62433590.0,20250610
014100,2265,2305,2205,2230,22407,49993525,-0.45,26314000000,-8254520.0,-97810.0,20250610
054180,170,218,169,201,55559135,11238929750,18.93,16658534883,428538941.0,4511841.0,20250610
086900,164600,167500,161600,166900,62970,10362161200,1.15,1218119149300,1846529750.0,-476439250.0,20250610
078160,10270,10350,10100,10230,34056,348528700,-0.2,350047940550,-69111090.0,4989360.0,20250610
408920,2285,2310,2265,2305,27426,62836375,0.88,99650808775,-840290.0,,20250610
021880,510,548,496,496,8540276,4424732871,-0.2,75483466368,-179572214.0,,20250610
140410,40200,43250,40200,41400,165482,6944831825,5.08,1242303876000,1406201400.0,618219500.0,20250610
241770,11960,11960,11670,11790,8768,103204300,0.0,120171225600,6837415.0,8867420.0,20250610
059210,5770,5810,5640,5680,428275,2440664560,-1.39,154838384720,-33394690.0,-199946295.0,20250610
058110,2535,2535,2410,2475,149096,368324605,-2.37,39725061750,30466875.0,,20250610
434480,4710,4710,4515,4545,140924,644614110,-1.62,55950313500,-67302049.0,,20250610
080420,2340,2360,2270,2305,49765,113688440,-1.5,183758338710,447795.0,7334060.0,20250610
417970,11320,11480,10800,11240,13956,156790890,0.18,71898908000,-17387150.0,4530.0,20250610
080160,12410,12410,12040,12300,122097,1485507110,0.82,232470000000,125224855.0,-348008470.0,20250610
087260,2035,2035,1991,2015,164762,331502046,-0.49,65594014915,75247448.0,,20250610
101330,3440,3440,3360,3385,69682,235940310,-1.46,78352693165,-33871860.0,,20250610
012860,1514,1514,1493,1500,58552,88010777,-0.27,109850185500,-31445588.0,,20250610
363260,1762,1787,1749,1765,190460,336391056,-0.17,56769052285,45419848.0,,20250610
348030,4575,4670,4550,4670,12778,58619492,2.08,44849746000,-1056017.0,-2799645.0,20250610
250060,2535,2570,2495,2535,318049,803116645,0.0,81554280990,-84108795.0,,20250610
288980,1284,1304,1254,1298,282247,361419978,1.09,44854417476,29263251.0,-9316481.0,20250610
142760,1469,1650,1455,1598,542442,854994814,8.78,60300227978,112852614.0,-2272775.0,20250610
033200,3280,3720,3280,3690,177756,616606502,12.5,52882072650,26367972.0,-3320.0,20250610
333050,1523,1538,1474,1529,185390,279854485,0.39,37633775454,11982518.0,-661338.0,20250610
118990,9200,9260,9030,9180,68090,623072430,0.11,228233068200,-104889130.0,-6417370.0,20250610
463480,10500,11330,10420,11110,1289632,14335226765,7.34,137656877380,-393326630.0,-72794230.0,20250610
006920,3100,3105,3005,3050,76460,233158021,-1.61,33306000000,62218475.0,,20250610
001810,1710,1720,1692,1719,58994,101198473,0.53,38054362500,-2302963.0,,20250610
279600,11470,11720,10700,10990,25109,277830680,-2.66,51485743190,-16841480.0,,20250610
095500,8140,8200,8070,8120,90555,737458280,0.12,251801191880,163315770.0,54118170.0,20250610
254490,14820,14820,14430,14520,41577,604503675,-0.89,209639760000,19860370.0,-26261740.0,20250610
218150,3775,3785,3730,3745,110515,414886685,-0.79,76457178490,-93176208.0,-33685.0,20250610
442900,10340,10345,10330,10340,12123,125343570,0.0,79411200000,-3057730.0,-17979180.0,20250610
100790,6800,6800,6540,6710,804639,5382457995,-1.03,356466294140,-59487670.0,-70370570.0,20250610
446190,2445,2490,2380,2420,21297,51237900,0.0,11979000000,3462840.0,-11940780.0,20250610
448830,0,0,0,2155,0,0,0.0,10602600000,,,20250610
477380,2050,2065,2050,2065,56719,116803591,0.73,16726500000,-422300.0,76944875.0,20250610
477470,2130,2135,2130,2135,5543,11817420,0.23,11699800000,0.0,7193010.0,20250610
478440,2040,2060,2040,2060,38285,78676685,0.49,14275800000,-2070.0,49205285.0,20250610
482680,2005,2005,1999,2000,280873,562025628,0.05,16430000000,-5430369.0,1778140.0,20250610
049950,17410,17750,17150,17190,43785,759717875,-1.6,151579425960,-59144920.0,1599290.0,20250610
207760,1724,2090,1691,1864,77956235,150852352557,15.92,154860715512,-70279248.0,-115328069.0,20250610
059090,13630,13650,12950,13260,431951,5730776550,-2.36,443106476280,-753344415.0,-106807375.0,20250610
201490,1907,2490,1907,2490,15967532,37611431379,29.89,75671329080,-199579450.0,2807635.0,20250610
475460,13330,13580,12720,12830,255320,3346669810,-4.4,71681530750,-586992510.0,,20250610
452200,3960,3995,3920,3940,29301,115623880,-0.51,87319462000,-8403985.0,240325.0,20250610
206640,16060,16060,15590,15680,133480,2090073490,-1.07,368269260800,-144294690.0,104170730.0,20250610
018700,1000,1188,992,1058,1943905,2182133874,4.55,37156702906,10650193.0,,20250610
035620,439,460,430,445,523852,233188152,1.83,33125655375,-197973.0,-1494231.0,20250610
053030,17650,17770,17400,17500,214923,3772563765,-1.02,571973290000,72010055.0,-584729850.0,20250610
301300,5820,5820,5480,5600,101741,573064595,-2.1,73413866400,56612510.0,,20250610
064550,16010,16210,15860,16050,79602,1279273255,0.12,414255170550,523652900.0,-171748190.0,20250610
314930,15750,15750,15080,15510,147102,2260418480,0.13,461641237530,745899430.0,88803090.0,20250610
489460,18280,18280,17470,17490,594820,10589378570,-4.95,263127080700,-849223480.0,-39480640.0,20250610
086820,11410,11650,11110,11400,81504,930251500,-0.09,93063056400,-13368000.0,-136005055.0,20250610
038460,3805,3845,3690,3730,779443,2937956342,-1.58,97593353740,-903765087.0,-21560215.0,20250610
251120,17070,17070,16780,16930,18525,312884930,0.12,147218201000,25091420.0,-23000.0,20250610
199730,5890,5890,5610,5740,15104,86032410,-1.03,27921466580,-2196600.0,,20250610
086040,3130,3260,3010,3090,109492,344775330,0.65,49310983230,-17623253.0,6220.0,20250610
188040,12600,12840,12470,12600,47386,597401480,0.0,55803673800,-7312260.0,15133120.0,20250610
099430,6910,7340,6850,7240,760094,5419612110,5.85,438017531160,-160101900.0,-153578220.0,20250610
032980,0,0,0,302,0,0,0.0,13522952980,,,20250610
308080,3080,3155,3020,3085,47242,146243538,0.16,63085473500,-24715275.0,,20250610
043150,21000,21550,21000,21500,17726,378437700,2.63,319366504000,111141300.0,13820600.0,20250610
323990,9910,10140,9750,10070,138778,1389582380,1.92,234201464150,227964565.0,-2525855.0,20250610
267790,4770,4845,4715,4845,19688,94100365,1.57,38219782500,-1208680.0,,20250610
046310,2885,3055,2885,2965,291159,868683496,1.72,48681270565,32731904.0,1467670.0,20250610
331520,609,614,598,604,276871,166754346,-0.66,30722091560,-24197679.0,,20250610
199480,5150,5150,4840,4940,279466,1375506907,-1.59,49902091720,79686830.0,,20250610
438700,5150,5150,4985,5000,113996,574485305,-2.34,55724450000,8403630.0,,20250610
066410,0,0,0,1153,0,0,0.0,99670679144,,,20250610
382900,17080,17960,17040,17280,220014,3863249670,1.17,151390080000,-288343510.0,-83614510.0,20250610
206400,1782,1838,1782,1792,111124,201311352,-0.78,67218203136,51485717.0,-9885.0,20250610
019010,2320,2415,2275,2315,105262,245733845,1.09,111583000000,2559230.0,555985.0,20250610
177350,1001,1010,1000,1001,54924,55147514,0.0,19673420767,-2215034.0,,20250610
457600,3680,3685,3575,3630,131480,477465425,-0.27,49758225000,-28074171.0,-905837.0,20250610
424760,937,943,926,930,53951,50219246,-0.75,18288451860,6479548.0,,20250610
225530,3995,4005,3935,3985,66632,263489675,-0.25,144809827095,16437745.0,25.0,20250610
250000,10330,10450,10250,10450,39734,410869425,1.55,70545159850,47120765.0,-25.0,20250610
310210,101300,101300,97200,99000,167200,16512294050,-2.75,1820456451000,-235000250.0,-1484587050.0,20250610
006910,3130,3160,3055,3100,444525,1379795473,-1.43,152302454400,-208567227.0,10747395.0,20250610
226340,938,940,922,925,110397,102501137,-1.49,38805988500,15354795.0,,20250610
014470,1718,1725,1698,1725,257373,441598318,0.41,103590148500,5401262.0,,20250610
008470,3800,3855,3795,3815,9137,34974393,0.39,32064312000,-203097.0,1616045.0,20250610
338220,21150,21200,20050,20200,87206,1767757925,-2.42,282836824600,-158234550.0,-102843950.0,20250610
100120,21500,22000,21250,22000,30991,670605700,3.53,214500000000,-84372950.0,140339200.0,20250610
406820,13260,13310,13150,13200,6364,83941615,-0.38,46649328000,-5032105.0,,20250610
099390,6000,6010,5800,5990,17690,104008215,-0.17,49167615170,14335730.0,,20250610
064480,5540,5580,5390,5450,87824,481717855,-1.62,65141125000,61312180.0,40.0,20250610
288330,746,756,734,747,2007163,1500817982,-0.13,38988398088,73805134.0,,20250610
365900,3505,3785,3505,3605,20951,76013572,3.74,26353631500,1745650.0,-3515.0,20250610
089970,12350,12430,12120,12160,26505,324182420,-1.54,292759235200,-48456020.0,4945635.0,20250610
251630,5080,5170,4980,4980,84947,431024055,-1.97,79395572280,12854650.0,60.0,20250610
018290,43100,44450,41750,43000,789482,33743063750,0.23,1539314301000,-1192035200.0,3496278575.0,20250610
478560,3870,3905,3800,3880,59406,228236129,0.39,94255113400,-38708691.0,19392190.0,20250610
439580,5600,5710,5400,5440,1966041,10908861160,4.62,182298006720,-480144530.0,22235030.0,20250610
033560,3445,3445,3380,3400,55679,189069650,-0.87,58140000000,-5970795.0,33900000.0,20250610
369370,1476,1502,1459,1480,74610,110482986,-0.87,73810428280,-3227602.0,,20250610
126340,29400,30400,29000,29200,32199,957661700,-0.68,186075189600,-126100650.0,-18239200.0,20250610
121800,0,0,0,3320,0,0,0.0,256309348520,,,20250610
082800,5800,5940,5680,5820,113082,655950730,0.52,291609156120,78396210.0,-19850.0,20250610
318410,8840,8930,8760,8770,11140,98580270,-0.79,48719481110,-34390800.0,-230080.0,20250610
419540,1626,1684,1612,1646,133647,219061874,1.23,37845673106,-19675077.0,,20250610
146320,9400,9400,9200,9230,30177,279915005,-1.07,118124829290,24509030.0,-103211085.0,20250610
200780,4640,4660,4625,4630,4830,22398410,-0.22,45078791200,-619840.0,590205.0,20250610
413640,15220,16100,14900,15620,317989,4917174515,1.1,112572402800,554554215.0,-73949125.0,20250610
141000,8800,8800,8600,8690,41004,356309245,-0.8,105276829900,-9170405.0,26035000.0,20250610
083650,37350,38650,36600,37700,765033,28810509075,0.0,1166602937500,4259832275.0,-1208029850.0,20250610
445360,2130,2137,2130,2135,23025,49137196,-0.23,9201850000,2137.0,-17667095.0,20250610
473370,2030,2040,2025,2040,10013,20334390,0.49,8588400000,4060.0,18986950.0,20250610
065170,924,926,906,926,100884,91965662,1.2,24708481150,-15636944.0,-3801986.0,20250610
086670,9620,9700,9500,9600,12880,123428280,-0.52,87601670400,-6706330.0,,20250610
335890,10120,10260,9970,10260,557550,5625357195,1.79,599380222500,1393438995.0,-112707820.0,20250610
230980,0,0,0,229,0,0,0.0,21370407553,,,20250610
082920,29200,31100,28750,30350,255639,7713417975,5.57,694171664550,-345828925.0,191150600.0,20250610
054220,355,360,352,358,161777,57698183,0.85,21463202998,-540078.0,,20250610
042370,8080,8190,7900,7990,167806,1347482530,-0.13,209338199750,115180610.0,14580870.0,20250610
050090,864,885,820,879,50311,43752549,1.74,17390782065,3676425.0,,20250610
148780,1807,1808,1685,1723,2629048,4531707853,-4.22,54180984175,-170380527.0,654600.0,20250610
307870,1020,1049,999,1010,151553,153037938,-0.98,51313892340,943485.0,,20250610
377030,4225,4405,4060,4385,1407411,6005852132,11.01,163258908470,112894055.0,-383668990.0,20250610
032850,5510,5510,5310,5380,296457,1600988925,0.19,89433316340,-167405355.0,5360.0,20250610
238200,3400,3465,3200,3370,9379,31290815,-0.88,27566600000,-650500.0,,20250610
093190,5930,5970,5820,5950,12153,72065320,0.85,114471484750,2662140.0,-229770.0,20250610
065450,4165,4240,4130,4230,186186,783899987,2.17,121201344000,284031491.0,4140.0,20250610
044480,470,490,470,489,218388,104547106,4.04,19884562992,1041105.0,,20250610
069540,1230,1256,1191,1202,651214,789249840,-2.59,55437521332,102926125.0,-11468038.0,20250610
072950,4660,4800,4615,4735,48497,227091654,1.72,38129108350,-2839791.0,,20250610
451250,11360,11520,11130,11510,141571,1614132290,1.41,116134484270,168278950.0,,20250610
143240,15240,15500,15090,15430,31086,476504120,1.31,180673928090,108637195.0,-5152050.0,20250610
466410,13600,13600,13150,13290,23373,310004460,-1.19,66942035670,13591740.0,-80400050.0,20250610
452430,21650,22200,21400,21900,70846,1544310900,1.15,179868444900,55607050.0,-22556050.0,20250610
419120,7950,8140,7700,8100,102215,811239015,3.85,62972040600,116701870.0,,20250610
122350,1145,1147,1138,1144,39202,44828340,0.0,43860305632,3913465.0,,20250610
419050,1712,1739,1695,1735,175765,303148001,1.34,99235476400,-1140634.0,,20250610
014970,7250,7340,6930,6940,306380,2168578600,-4.67,104967500000,-113823140.0,,20250610
018310,23900,24150,23500,23900,30242,721578150,1.06,351330000000,7568800.0,16018250.0,20250610
053700,4260,4320,4245,4310,94318,405054590,1.17,98600688900,-19281571.0,-270585.0,20250610
009620,1499,1499,1419,1426,282310,404965302,-4.17,23366565766,-144948746.0,,20250610
023600,9870,10020,9750,9900,112347,1110172045,1.54,160083000000,135294105.0,-15670.0,20250610
448740,10410,10420,10400,10400,29228,304135600,0.0,48505600000,720.0,69291610.0,20250610
468510,0,0,0,2035,0,0,0.0,22486750000,,,20250610
009300,17590,17700,17510,17650,12737,224134210,0.63,112430500000,21834580.0,-30.0,20250610
482630,19470,19470,18710,19110,359832,6867511125,1.38,207651935400,294037900.0,-429636765.0,20250610
036670,7140,7210,7050,7150,15509,111023940,0.28,80580500000,-31646900.0,,20250610
361670,4330,4480,4330,4375,8006,35234045,1.04,24796003750,3550495.0,,20250610
054540,5310,5380,5260,5320,149366,795120825,0.19,69160000000,11017070.0,10.0,20250610
065570,0,0,0,764,0,0,0.0,12295692232,,,20250610
032280,1583,1593,1558,1584,90665,142773043,0.06,25682326560,-45954249.0,-321252.0,20250610
002290,3610,3630,3595,3605,63087,227823405,0.0,44702000000,1542265.0,966185.0,20250610
037460,10980,10990,10650,10740,56927,613289645,-2.1,175260926280,-79672820.0,1252325.0,20250610
032750,4550,4585,4535,4560,22105,100878560,0.22,41181916320,-4175270.0,872865.0,20250610
054090,771,789,771,778,18510,14411648,1.04,19418282496,-1319720.0,,20250610
000250,154400,156600,151000,154800,138617,21298950500,0.72,3631216665600,-4161404500.0,904989900.0,20250610
024950,4600,4640,4550,4615,47033,216694535,0.44,61257557855,-9048700.0,-21020.0,20250610
038500,3235,3270,3210,3230,155723,505145214,-0.15,348569668380,89067354.0,-16960404.0,20250610
437730,14100,14730,13790,14230,561462,8022272250,0.99,451198678410,343891460.0,7349970.0,20250610
017480,4650,4670,4630,4650,6608,30708730,0.11,73018438500,-115505.0,-5.0,20250610
046390,1247,1320,1242,1306,351417,457502138,4.73,56383850498,23699755.0,2804.0,20250610
027580,1074,1090,1071,1085,259077,280157563,0.18,64211687715,47505137.0,,20250610
038540,2100,2130,2065,2090,110078,229710340,-0.48,115636174170,-1792270.0,-31414795.0,20250610
452670,2045,2045,2040,2045,5762,11755625,0.0,10674900000,-40800.0,-1192355.0,20250610
091580,8320,8560,8280,8410,54713,460097795,-0.94,112090321790,37887265.0,-2868990.0,20250610
263810,3035,3070,3005,3055,28975,87578502,0.66,43517613490,-14436880.0,,20250610
089980,17000,18090,16880,17650,190500,3367193505,4.25,282206503050,393328355.0,70039725.0,20250610
042940,12600,12790,11680,11910,1292053,15707689310,-5.4,81329959920,523615990.0,12320.0,20250610
042600,7050,7050,6880,6940,14192,98523070,-1.14,86219603560,-2740090.0,40.0,20250610
107600,16100,16180,15770,15770,11639,185348815,-2.05,88785951580,-35734085.0,378850.0,20250610
411080,8910,8910,8660,8760,178546,1563820465,-1.13,133744508880,247194510.0,5712960.0,20250610
252990,4860,4865,4775,4800,53126,255569560,-1.03,280262702400,-66695719.0,34849390.0,20250610
378800,3450,3625,3450,3540,1422690,5038111385,2.91,106706329740,183849603.0,-4615600.0,20250610
294630,2870,2915,2855,2905,182699,528101129,1.22,70138607595,-17390844.0,,20250610
038070,8080,8440,7900,8100,673933,5540669870,1.12,73715475600,-33434620.0,8070.0,20250610
006730,8320,8390,8030,8330,439264,3631736600,0.85,549171268590,396850750.0,89921750.0,20250610
079650,1506,1523,1492,1520,20898,31594207,0.93,30400000000,119576.0,,20250610
100660,3575,3575,3540,3565,25879,92243560,-0.28,44919000000,3890995.0,10.0,20250610
019770,3730,3860,3725,3795,44719,170020655,0.8,44211750000,-10087635.0,10.0,20250610
043710,721,766,721,735,55086,40892783,1.94,63623444850,-7962125.0,,20250610
092190,3310,3310,3265,3290,15471,50969389,0.15,150906980070,-3546564.0,419755.0,20250610
046890,6800,6850,6790,6800,102264,697146570,0.15,396476720000,-11343850.0,-32664505.0,20250610
063170,9440,9590,8820,9300,818654,7515894875,0.43,165300683100,374723140.0,573516900.0,20250610
027040,218,226,214,217,374900,81414020,-1.36,15100779799,4914008.0,-13134.0,20250610
018680,3440,3495,3425,3470,17667,61264725,0.58,40457836930,12320420.0,,20250610
036120,2495,2615,2465,2550,795369,2019330167,2.2,90525000000,95341506.0,,20250610
093920,5690,5790,5640,5790,100548,576926170,1.76,107694000000,1143845.0,-370.0,20250610
189860,4325,4325,4205,4225,74701,317063035,-2.2,40977345500,-4308200.0,40.0,20250610
178320,21850,21950,21600,21800,150441,3281136825,0.46,1226205397200,456676725.0,-454311275.0,20250610
122690,2375,2455,2375,2455,89355,215844648,3.81,53628026550,10667709.0,,20250610
140070,2510,2520,2485,2505,32027,80018355,0.2,92654940000,-2741840.0,,20250610
011370,932,933,861,920,272058,250150761,-0.76,92823275800,-53057106.0,,20250610
065710,41950,43150,40500,43100,49984,2108089300,4.48,221965000000,160532025.0,-218282950.0,20250610
035890,1834,1863,1806,1813,649920,1193123723,-1.15,416642732541,8540198.0,-40960384.0,20250610
357550,50100,51300,49500,49500,5380,268784600,-1.59,270022500000,25397650.0,4184000.0,20250610
003100,21400,21650,20950,21450,48873,1042523675,0.47,141570000000,63416700.0,-1120200.0,20250610
067370,7570,7630,7370,7520,6381,48085590,-0.27,92597933600,-978840.0,14771240.0,20250610
217620,0,0,0,3810,0,0,0.0,26803681470,,,20250610
171090,38400,38400,37350,37500,56950,2143594525,-2.34,357637687500,-546082600.0,-57342600.0,20250610
086710,13750,14000,13530,13750,113063,1563253395,0.66,167795100000,215691270.0,-97904590.0,20250610
014620,33550,34900,33000,34650,1056995,35750114850,0.87,967724153550,3816022825.0,-2051022200.0,20250610
037350,4700,4765,4615,4670,54895,256602845,-1.58,72244900000,-59922311.0,,20250610
458650,11920,11950,11610,11800,59311,696869820,-0.08,177538906000,-60813810.0,-14360810.0,20250610
081580,3420,3475,3335,3375,28615,96686685,-1.32,52339982625,-13741185.0,,20250610
045300,2995,2995,2935,2960,13538,40134861,0.34,30628200400,-3647485.0,5009070.0,20250610
015750,6060,6060,5810,5900,316423,1875674225,-1.17,472000000000,-205600495.0,-55383440.0,20250610
365340,32850,33950,32800,33000,21632,720184300,-0.6,401823675000,120576550.0,-49101400.0,20250610
080470,4435,4435,4280,4280,15229,66063995,-1.04,31244000000,-3325560.0,16790195.0,20250610
043260,1204,1225,1186,1190,935292,1126753903,-0.17,84398159370,28665520.0,,20250610
148150,6410,6470,6260,6320,438924,2787293710,0.48,226637911280,-712660870.0,479362820.0,20250610
188260,2670,2670,2480,2625,67394,173777775,-1.69,18974733750,2330235.0,,20250610
053060,1428,1442,1354,1355,78310,107960339,-5.05,23925802745,-12778805.0,,20250610
340440,1405,1408,1376,1380,87912,121866421,-1.78,39162142320,-1821686.0,,20250610
017510,8500,8550,7890,8060,4014151,33107256530,-1.59,122882760000,-1560071460.0,226422310.0,20250610
011560,11290,11380,11150,11270,37690,423808565,0.09,118673100000,-5571005.0,-3334470.0,20250610
396300,2495,2535,2460,2510,245088,612629618,0.6,66488645000,-71973816.0,5.0,20250610
100700,2490,2560,2490,2530,122847,309630060,1.4,110814000000,83061710.0,-2190725.0,20250610
024830,7940,8090,7770,7850,61404,482383670,-1.01,65547500000,67070770.0,-2717320.0,20250610
258830,0,0,0,412,0,0,0.0,22983976612,,,20250610
036630,6000,6220,5610,5670,121883,708652670,-6.13,113400000000,46934140.0,-5497860.0,20250610
039310,1572,1590,1572,1584,13150,20870964,-0.06,28704720528,-475916.0,,20250610
067770,2410,2470,2410,2460,17320,42219185,2.07,20655618780,389965.0,,20250610
053450,6000,6030,5820,5990,205763,1223449640,-0.17,88608889970,12459520.0,,20250610
222810,0,0,0,5400,0,0,0.0,81712098000,,,20250610
252500,818,824,810,822,73968,60553496,0.49,34101812580,-3863486.0,,20250610
321370,1223,1245,1209,1240,205457,252205731,1.39,52327780520,46472582.0,-24322459.0,20250610
347000,2575,2590,2520,2585,196968,505335207,-0.19,85317862960,131078516.0,,20250610
331920,3185,3185,3080,3130,20388,63687502,-1.73,25553783240,136025.0,,20250610
352770,0,0,0,5250,0,0,0.0,13610136750,,,20250610
471820,5030,5070,4950,4950,8947,44508695,-1.39,57638191050,-7586260.0,,20250610
049180,1060,1086,1026,1040,402560,420565542,-1.79,57155345520,-13937621.0,1047.0,20250610
299660,6900,7050,6690,6850,1058960,7280655750,-2.7,144555392450,812805135.0,23500000.0,20250610
108860,16200,16480,16000,16400,662483,10769425680,0.49,441402556000,1722603330.0,-175362070.0,20250610
208370,5090,5110,4955,5090,398527,2014392950,0.59,131019470760,706135975.0,-13672300.0,20250610
318160,7430,7470,7110,7380,106227,777187345,-1.73,68345449380,-152087575.0,0.0,20250610
308430,19020,20500,18740,19880,368772,7275235945,8.93,254786692160,1698321265.0,-411772360.0,20250610
068760,51100,51100,49750,50800,63474,3206191150,0.79,2218877553600,253336100.0,-333006400.0,20250610
068940,0,0,0,778,0,0,0.0,29766744466,,,20250610
007720,890,904,871,893,290981,258299424,1.25,90014801850,65115397.0,,20250610
060230,430,463,429,452,1297389,581723918,5.61,33339191396,98096365.0,,20250610
290690,5600,5600,5120,5540,11149354,61467917330,28.39,268683036220,-1159818735.0,-2874620.0,20250610
950200,4080,4080,3955,4000,26146,104715385,-0.87,76944212000,-9012950.0,28285.0,20250610
032680,380,385,371,375,490359,183971562,-1.32,39596536500,-22667216.0,,20250610
032685,7670,7670,7370,7550,233,1757460,-1.69,2696422100,-7490.0,,20250610
258790,1279,1391,1245,1320,1044598,1376227689,4.18,32988494880,-58540283.0,372961.0,20250610
066910,1065,1096,1000,1042,851607,893151949,-2.8,56361824806,-195913360.0,-4836120.0,20250610
215090,870,881,852,854,647879,557498750,-0.81,98874672470,15317680.0,,20250610
035610,4105,4310,4085,4155,246711,1040992725,1.34,113622617535,-56101665.0,65120.0,20250610
357780,167100,170000,166200,168700,14496,2445016950,1.26,1312244084200,308950100.0,-37713800.0,20250610
036830,36000,36050,34450,34800,40029,1405780575,-3.33,729549148800,-7820625.0,-17793550.0,20250610
304100,52800,54700,52100,53200,885670,47069322950,-0.93,645346217600,5093688150.0,-1052478550.0,20250610
328380,1145,1160,1112,1131,106879,120763264,-1.82,38751201918,-17401471.0,7614280.0,20250610
086980,3330,3370,3290,3335,309962,1034024149,1.06,208897730000,126703323.0,-150415010.0,20250610
050960,11270,11930,11120,11650,73840,856361935,3.46,78649150000,158293430.0,30930.0,20250610
084180,5450,5950,5420,5450,561944,3190478070,1.11,98504842350,82797125.0,4790.0,20250610
253840,7640,7640,7330,7400,551261,4106362860,-3.14,123899680000,-41665250.0,1050840.0,20250610
298830,5300,5420,5160,5290,500591,2658873035,1.34,278354832690,-230773175.0,-929825.0,20250610
236200,37500,37600,36650,37500,63575,2354239500,1.08,272147737500,457425150.0,296153950.0,20250610
094840,8110,8270,7960,8250,156087,1268062235,0.98,86392680000,116877450.0,,20250610
192440,26300,26900,25900,26150,11235,297898450,0.0,162557892450,59821200.0,68810200.0,20250610
424960,9820,9820,9520,9530,66496,637779740,-0.21,149405050200,57994070.0,,20250610
099440,2250,2290,2225,2275,308630,697210967,1.56,91553721350,-21323116.0,-677995.0,20250610
276040,4640,4690,4460,4550,163529,751389085,-2.99,58378024250,-42007680.0,,20250610
060240,0,0,0,1976,0,0,0.0,6385281968,,,20250610
115570,3295,3310,3280,3300,7490,24720985,0.15,26348876400,-3257340.0,0.0,20250610
330730,4665,4665,4510,4620,100376,460301830,0.43,83856834600,139572640.0,13750.0,20250610
352090,3865,3900,3825,3840,125249,482775820,-0.65,103192312320,-84205922.0,,20250610
253450,50000,57000,49800,56000,696355,38420045100,13.59,1683275888000,10228163550.0,3473899050.0,20250610
408900,3350,3820,3310,3400,9397257,33937950966,4.78,111280408800,-289127672.0,,20250610
204630,0,0,0,4650,0,0,0.0,23668225650,,,20250610
415380,8410,8470,8260,8310,19631,164020130,-1.19,35113888380,-4920070.0,-3862880.0,20250610
013810,3150,3150,3050,3075,108100,333079158,-0.81,45065570250,-45006153.0,5.0,20250610
347700,8860,9580,8850,9490,709055,6475651935,7.96,365373702330,1371723405.0,882177320.0,20250610
049830,8750,8850,8700,8700,1701,14945700,-1.25,53349374400,-945380.0,130.0,20250610
020710,3975,3990,3925,3975,390553,1548169027,-0.13,79690680750,54090453.0,-313910.0,20250610
033170,688,693,677,686,86298,59011745,-0.29,58809626834,-21273500.0,,20250610
048870,2865,2895,2835,2895,251465,719759208,1.4,255048976005,139793821.0,32847175.0,20250610
025320,6470,6480,6380,6390,347818,2228470065,-0.78,560532691440,-728948360.0,-160092220.0,20250610
340810,6100,6160,5620,5870,917300,5370247730,-3.77,62763178780,395655150.0,14910.0,20250610
269620,0,0,0,889,0,0,0.0,132090012299,,,20250610
056090,965,975,956,970,209351,201581665,0.52,100161264920,-7637338.0,11794622.0,20250610
429270,5680,5680,5370,5380,66099,360855885,-3.76,25060847000,-64635350.0,,20250610
418250,0,0,0,6550,0,0,0.0,52279100100,,,20250610
131090,4180,4225,4175,4200,9988,42050855,0.48,33600000000,-362055.0,392490.0,20250610
290520,1827,1844,1789,1792,11004,19947266,-1.92,28545416704,55610.0,,20250610
001000,1613,1628,1590,1619,16329,26186487,0.37,39305337260,-9048907.0,,20250610
025870,6090,6100,6000,6050,11240,67867580,-0.66,24200000000,3580370.0,,20250610
215600,3240,3365,3210,3280,729824,2411057904,0.46,453065862080,638191098.0,-5456650.0,20250610
065350,61300,61700,59800,60200,98781,5953009250,-1.95,1654533669600,-2829162000.0,-178285550.0,20250610
416180,33000,33000,32050,32600,23223,754581650,-0.76,294696762800,-49160550.0,0.0,20250610
162300,2290,2380,2260,2345,118686,277713124,2.4,97250390790,10865353.0,,20250610
290560,6600,6630,6550,6570,11002,72540825,-0.3,25478276040,250940.0,,20250610
002800,6150,6190,6070,6120,118508,724380480,-1.13,92843460000,-53294610.0,,20250610
472220,2170,2180,2170,2170,6385,13857270,-0.46,10177300000,41655.0,-65520.0,20250610
430220,2255,2350,2210,2235,182973,413607371,-0.89,15108600000,-15067020.0,-36134780.0,20250610
445970,2185,2185,2165,2180,11308,24558545,-0.46,11684800000,328185.0,-5665820.0,20250610
017000,2960,3000,2900,2925,113721,332771228,-1.18,34128978975,-62054850.0,10.0,20250610
012790,6840,6850,6770,6840,44633,304012290,0.0,81987078600,-20711850.0,,20250610
138070,2440,2485,2435,2470,44781,110140915,0.41,43232913880,876170.0,5.0,20250610
226330,8470,8470,8000,8210,176678,1447200675,-0.61,125272079750,77935760.0,1766790.0,20250610
452980,2035,2035,2030,2035,58921,119669029,0.25,38471675000,-34505.0,-32542719.0,20250610
474660,2130,2150,2120,2150,11006,23399865,0.47,11868000000,-172775.0,11868990.0,20250610
474930,2170,2180,2170,2180,383,831700,0.23,7891600000,-566795.0,,20250610
487360,2060,2070,2055,2070,3107,6401123,0.0,11674800000,,407880.0,20250610
487830,2075,2080,2065,2080,2507,5194360,0.24,9048000000,0.0,1676700.0,20250610
496070,2010,2020,2010,2015,229494,461973581,0.25,11324300000,-3131797.0,215282516.0,20250610
056700,2015,2025,1972,1995,42453,84398588,-0.25,58124506545,188232.0,,20250610
187270,3600,3600,3560,3585,19346,69128545,-0.42,36365684325,2163340.0,15.0,20250610
243840,4090,4125,4020,4030,62928,255242413,-1.47,155389687050,-89683948.0,1994545.0,20250610
257720,51500,53400,50300,51800,1221184,62815649500,0.19,3168704834400,13712471050.0,-13154487700.0,20250610
222800,22250,22250,21100,21500,689380,14859965925,-1.15,684864074500,1458524050.0,257322650.0,20250610
036710,1499,1499,1474,1486,101386,150505579,-0.2,72402792594,-17465754.0,,20250610
444530,13900,13900,12750,12750,285100,3755292395,-5.2,79575644250,-452081805.0,,20250610
160980,12630,12720,12390,12650,56079,705727430,0.64,138191673950,-28879120.0,194373420.0,20250610
356890,3555,3590,3520,3590,34774,123910252,0.98,42914231750,-9919549.0,,20250610
217330,3685,4180,3640,4110,453112,1767562301,12.3,95062438170,384687586.0,10763040.0,20250610
208640,277,286,276,280,350299,97968600,1.08,38987271120,2017825.0,-8104.0,20250610
222420,865,870,848,856,22558,19282704,-0.12,38913957736,-753578.0,,20250610
037760,1624,1624,1615,1622,2846,4611961,-0.06,54876997862,-305235.0,,20250610
081180,12370,12530,12100,12240,271930,3346213830,-1.13,108024548400,338990470.0,-156259940.0,20250610
099320,47650,51000,47400,50800,129011,6419602925,7.17,556324922400,1709426200.0,406141750.0,20250610
049960,13390,13390,13100,13260,6346,83827760,0.15,124644000000,-18968150.0,730.0,20250610
088280,2475,2575,2430,2480,72043,180678980,0.0,42920095200,29142166.0,,20250610
050890,7230,7250,7100,7160,648939,4654818295,0.99,437441853960,738255680.0,-118901680.0,20250610
394800,7090,7140,6900,7090,377632,2653170080,1.43,224905711510,113764080.0,52351595.0,20250610
177900,7280,7590,7160,7460,338484,2524508610,3.9,71308648000,14282740.0,,20250610
475400,24550,24600,23600,23750,102949,2462673675,-2.26,275700212500,32898625.0,-655362950.0,20250610
109670,6360,6460,6250,6250,20820,131654085,-2.5,36478762500,-12870950.0,,20250610
066790,1400,1595,1375,1457,10875916,16376336135,8.01,94926520823,-254861252.0,,20250610
222080,7160,7220,7050,7080,193074,1373073785,-0.84,547792620120,-73243340.0,-13314895.0,20250610
352480,35950,36500,34750,35000,142789,5045052500,-1.27,350487935000,-1839847525.0,-722219975.0,20250610
264660,13470,13590,13180,13220,54262,722921730,-1.42,128513893840,-106547430.0,,20250610
352700,2640,2640,2585,2615,25975,67653755,-0.95,68714090885,-1549310.0,1744930.0,20250610
458870,18130,18220,17720,18140,90263,1622375505,0.11,228398563200,406141255.0,-614556115.0,20250610
297090,7740,7740,7520,7550,237521,1799781690,-2.33,205888500000,-17183665.0,-249423125.0,20250610
900120,58,68,58,61,37989025,2409508519,5.17,18335248545,-38660822.0,,20250610
359090,1042,1042,1022,1035,67981,70194308,0.0,58711297185,8728132.0,,20250610
115530,493,493,485,488,306785,149502385,0.21,33165944000,-13387787.0,,20250610
115480,633,633,623,631,58237,36596618,-0.32,38254096098,-1766962.0,,20250610
376290,3410,3420,3310,3410,15746,53085565,1.49,60212075000,-1239775.0,-1608420.0,20250610
189330,8210,8500,7640,8300,139260,1137991425,1.1,50565957200,-22888275.0,,20250610
096530,32350,34100,32000,33200,437408,14512186575,2.63,1733903000800,2096853500.0,-90762675.0,20250610
101240,4755,4815,4670,4800,83272,395311511,0.95,49636545600,67100765.0,0.0,20250610
060590,6920,6920,6760,6770,10312,70008400,-0.59,163705505400,2422430.0,-5010.0,20250610
260930,4485,4570,4300,4525,66360,298456455,1.34,87520699275,7752120.0,933450.0,20250610
413630,1273,1470,1256,1298,1629171,2255175639,3.43,49581031258,-60838569.0,-20604482.0,20250610
013990,5980,6000,5800,5870,483811,2843429150,-1.68,193049836320,-284384100.0,,20250610
123860,18100,18250,17920,18250,36842,667415390,2.13,221252323750,41417885.0,-107283040.0,20250610
025980,8000,8020,7750,7830,948918,7469430115,-1.76,693968812740,-1596067235.0,-22766555.0,20250610
125210,6280,6390,6250,6330,25407,160410640,1.12,104424680700,-30243690.0,-717550.0,20250610
357580,7130,7180,6900,7120,153712,1080156535,-2.47,79888279680,-69579220.0,,20250610
052710,8610,8840,8410,8510,59771,515845110,-0.35,124374577590,4074700.0,,20250610
074430,942,944,936,942,61770,58042356,0.11,82732887048,3023017.0,,20250610
092040,3810,3940,3760,3855,435090,1683820547,1.72,212095727685,152827787.0,88357601.0,20250610
083930,13180,13300,13050,13170,63900,840115160,-0.08,196401549660,-159391860.0,158320.0,20250610
149950,8480,8520,8440,8500,9064,76790310,-0.23,132663750000,-950750.0,831640.0,20250610
036010,5430,5520,5350,5400,29689,161295130,-0.55,71781843600,1572595.0,20.0,20250610
050860,2200,2240,2190,2230,135994,301716657,1.36,50175000000,3949437.0,0.0,20250610
136410,8950,9080,8700,8750,75381,664879180,-1.13,96417177500,98138730.0,-201229440.0,20250610
246720,4300,4380,4265,4300,2381,10227874,0.12,58339390000,-697439.0,,20250610
450950,11920,11920,11450,11600,267729,3101713405,-2.03,425193847200,222050375.0,-129907600.0,20250610
067390,585,592,573,580,1234544,719358306,-0.85,229191395820,73399010.0,,20250610
159010,4350,4385,4260,4285,28512,122748040,-1.38,57139356615,-43139130.0,2454340.0,20250610
127710,1210,1252,1193,1224,16580,20100966,1.16,42722596368,-246281.0,,20250610
154030,2745,2775,2500,2655,118390,317686240,-2.21,32024256885,-34847010.0,,20250610
227610,1050,1067,1042,1046,93507,98946294,-0.38,37220390162,-28344731.0,,20250610
143160,15440,15540,15240,15500,16556,254980240,0.39,166104045000,-1850660.0,-64830.0,20250610
054800,11280,11510,11160,11510,43168,490969480,3.14,119102671560,100573380.0,-15340.0,20250610
332370,4880,5260,4820,4990,173783,873277645,1.01,66235892740,-4472235.0,19645.0,20250610
339950,2240,2280,2120,2210,269896,597208711,-1.56,99332107550,22577464.0,15987255.0,20250610
469750,907,907,879,882,94548,84092255,-2.76,29931976242,-1077462.0,,20250610
460470,3620,3650,3550,3575,117846,424720002,-0.97,53971310250,-157394561.0,,20250610
099190,15940,16280,15940,16150,49022,788837735,0.75,447601658950,159848835.0,-143602650.0,20250610
461300,18880,18880,18540,18650,34604,645492105,-1.53,245749800450,-16588150.0,134932720.0,20250610
289010,2090,2095,2035,2050,231977,475173155,-1.68,28587774800,-40169067.0,,20250610
214430,80900,82800,80100,81800,53833,4379413650,2.25,581332968000,1240660950.0,-419611100.0,20250610
040910,4200,4290,4195,4235,8368,35465485,-0.82,78662054625,-12230675.0,,20250610
368600,2705,2765,2705,2715,23513,64200865,-0.73,47616609390,-12912535.0,,20250610
456010,18460,18500,16820,16990,1083465,18935227250,-7.96,228017285240,-1843412495.0,52109360.0,20250610
052860,1889,1889,1849,1880,30205,56421486,0.64,33582165520,-3957438.0,,20250610
464500,3990,4140,3850,3965,1120031,4454297741,-0.63,55364337795,-571469006.0,,20250610
212710,9970,9970,9570,9630,91991,889575025,-1.93,89149513140,-84323755.0,-2976950.0,20250610
038880,229,231,223,227,1295461,294089625,-0.87,85288706725,-58171395.0,501694.0,20250610
307180,3025,3040,2935,2970,72523,216758665,-0.83,84533996250,-1646180.0,120830.0,20250610
101390,0,0,0,396,0,0,0.0,5140810224,,,20250610
461030,8930,9210,8760,9200,73978,671453320,3.25,128963300000,220368180.0,-61856300.0,20250610
451220,9900,10100,9760,9870,39081,385255010,-0.2,77722410570,-29673345.0,,20250610
090150,799,799,791,792,45147,35820927,-0.63,33165232056,-2295388.0,,20250610
123010,1309,1386,1294,1350,384197,515179164,3.13,44089031700,529856.0,,20250610
031310,1790,1795,1760,1784,113867,202480274,-0.34,47017396712,-43174140.0,-7100000.0,20250610
462980,3165,3195,3110,3120,71641,224968536,-1.42,56891443440,-12563341.0,-749395.0,20250610
185490,3190,3250,3090,3150,86131,271136715,-1.87,85143819600,-602785.0,,20250610
059100,5180,5320,5180,5300,21244,111652465,2.71,37475558000,-1763475.0,15668070.0,20250610
262840,2285,2335,2240,2310,47845,109492545,1.32,48819320550,-22671970.0,,20250610
175250,1998,2160,1900,2130,386106,803373321,6.71,79999323840,31858582.0,,20250610
052460,2495,2550,2410,2475,253374,630042963,-1.59,36154641600,43133128.0,,20250610
119830,6310,6400,6230,6280,235148,1483367330,-0.16,138898163760,-35602090.0,0.0,20250610
052770,841,841,821,831,91755,76022996,-1.07,46355395446,21144906.0,,20250610
124500,16520,17940,15260,17430,3250221,54540023560,10.04,404454905610,-3438372650.0,-455137310.0,20250610
010280,1120,1123,1065,1096,1389565,1523472628,-0.72,71375669456,-20454794.0,,20250610
232830,2335,2395,2285,2390,47006,111450449,0.84,27980858080,6108015.0,,20250610
372800,7040,7040,6600,6910,59526,400517500,-1.85,41784700900,-81161360.0,,20250610
084850,12010,12380,11980,12060,14544,175938910,-0.58,273556184040,-27852800.0,-5384770.0,20250610
114840,18720,18890,18550,18860,79297,1489196760,0.8,326653314000,-372043540.0,555735460.0,20250610
027360,2575,2605,2530,2595,1215566,3116526696,1.57,313853328570,762539289.0,-4615890.0,20250610
032080,1349,1360,1340,1359,24307,32870892,0.74,29206308411,-1555593.0,,20250610
013310,2940,2940,2895,2910,112367,327693707,-0.85,112927153620,-58062095.0,22610.0,20250610
059120,7020,7200,6920,6980,31828,222316670,-0.71,68045200080,-12571395.0,,20250610
203690,0,0,0,4425,0,0,0.0,74091151275,,,20250610
158430,7220,7250,6760,6930,3983454,27791232795,-1.84,171856037430,-706679100.0,-440031525.0,20250610
200350,18500,18930,18110,18920,167102,3111007910,4.07,189124793000,514951630.0,2942690.0,20250610
321820,12910,12960,12560,12880,83489,1063921680,0.86,200816922880,18356750.0,1783920.0,20250610
001540,8010,8140,7910,8140,48151,387976515,1.62,106165298800,159606855.0,514660.0,20250610
053800,64300,65900,63500,64700,66634,4315570000,0.31,719884938200,936937550.0,109339100.0,20250610
065660,21150,22000,21100,21700,8507,184791250,2.6,217132370000,-1275100.0,0.0,20250610
297570,953,968,942,949,99104,94564041,-0.21,32855535882,-7689254.0,-171026.0,20250610
260660,4405,4450,4290,4315,73600,317751069,-1.6,66136095615,-33614429.0,-156365.0,20250610
354320,24750,24750,24000,24300,15299,373144750,-0.21,155310558300,12053050.0,,20250610
361570,2665,2690,2615,2655,69171,183166840,-0.38,76313437605,56611290.0,-4179550.0,20250610
131370,3485,3490,3405,3425,204205,700781642,-1.58,182439759275,-79660502.0,6870.0,20250610
140670,15540,15890,15120,15130,164686,2541293640,-1.94,140756508200,-333951840.0,6078480.0,20250610
096610,0,0,0,2965,0,0,0.0,51550708615,,,20250610
061040,3080,3095,3050,3095,41028,126008640,-0.48,99316256605,4982620.0,,20250610
148250,7810,7960,7200,7630,148824,1115910250,-3.78,72078107360,19804710.0,,20250610
347860,2100,2190,2000,2175,1362492,2869351631,4.32,84196340175,-131905769.0,,20250610
196170,388500,398000,381500,393000,385590,150147383000,1.42,21011732424000,2675054000.0,23885817250.0,20250610
123750,1560,1560,1546,1546,27593,42805059,-0.9,19705775162,5057.0,,20250610
085810,625,630,603,624,157751,97745428,0.81,31110386736,-1976635.0,,20250610
043100,3790,3935,3750,3820,66115,253018912,0.79,65349030320,4698835.0,,20250610
117670,828,840,815,816,98317,81161782,-1.45,50098059696,-4647980.0,,20250610
314140,5810,5910,5790,5900,19886,116299400,0.85,51131529900,-7107390.0,,20250610
291650,1215,1228,1135,1164,578950,676037598,-4.28,34082213328,-23922790.0,13976094.0,20250610
293780,7800,7980,7710,7780,44640,347942580,-1.39,209136980800,-83956990.0,7820.0,20250610
310200,3825,4125,3815,3995,1811224,7273861188,5.41,195401142875,462562172.0,-11531922.0,20250610
179530,3230,3230,3230,3230,222314,717215980,29.98,36691327120,0.0,2907000.0,20250610
900100,1099,1109,1090,1102,64288,70721182,0.55,50733095784,-10576424.0,,20250610
052790,6590,6620,6520,6560,12930,85031100,-0.46,74328985280,-4904050.0,0.0,20250610
290740,5250,5250,5030,5180,10326,53270240,-0.19,52136756980,-1076510.0,,20250610
238090,2095,2150,2095,2115,41131,86886265,-0.24,49789855845,-5128630.0,,20250610
092600,674,689,667,674,35426,23870727,0.0,16906290458,-5961887.0,,20250610
129890,930,956,929,940,64132,60279512,1.18,47604805400,4147122.0,943.0,20250610
174900,12480,12850,12340,12500,154062,1941600075,1.54,238661862500,158006435.0,3309030.0,20250610
270520,1230,1260,1212,1245,925884,1151045406,0.24,197694528570,168582773.0,-6363164.0,20250610
255440,6910,7050,6720,6910,9522,65496490,-0.14,90230780000,-6645200.0,,20250610
030960,8540,8760,8510,8700,88602,767976115,1.87,139026000000,-3276835.0,,20250610
102120,12160,12160,11660,11690,152271,1795367595,-1.93,207857002570,-40154235.0,4370700.0,20250610
238120,3175,3320,3155,3260,58292,189028950,2.84,46875200960,-12192070.0,47120185.0,20250610
019990,7280,7370,7000,7070,315160,2247101840,-2.88,68975542160,327592215.0,-10.0,20250610
435570,20500,20700,19030,19610,898590,17768572045,-4.34,143967913160,-295664150.0,,20250610
270660,16920,17040,16630,16650,96680,1623531465,-0.83,204158004300,-173667595.0,-20126220.0,20250610
038680,4530,4530,4430,4505,72307,323809565,0.67,89706452210,86192610.0,7445.0,20250610
217480,0,0,0,499,0,0,0.0,54756837359,,,20250610
121890,1788,1800,1670,1718,26322,45253626,-1.49,22834704228,-3313968.0,,20250610
304360,20900,21900,20500,21150,144748,3098359300,1.2,250834685400,289168650.0,-400.0,20250610
389500,21700,21900,20900,21250,44402,940324025,-0.93,134595460000,-74305650.0,5560950.0,20250610
042110,1447,1455,1444,1450,236185,342202954,0.21,70077867800,-22297000.0,0.0,20250610
298060,827,842,818,823,87064,71986791,0.12,23644850902,3082533.0,,20250610
065420,262,262,255,257,261950,67658334,-0.39,18395365843,-3779310.0,,20250610
103230,3355,3360,3290,3325,28982,96086111,-0.45,23940000000,8305197.0,,20250610
260970,94400,97900,92600,97600,67229,6389716950,3.39,282332790400,1147315700.0,-372032500.0,20250610
101490,38650,38750,37600,38200,125309,4778663800,-0.78,819445275400,786971475.0,-422223000.0,20250610
095910,1727,1736,1666,1670,443379,744720912,-3.24,37747642930,-88225760.0,,20250610
275630,3165,3175,3110,3125,4806,15043845,-1.26,18806215625,-380925.0,817860.0,20250610
031330,2850,2855,2815,2830,278269,789589674,-0.7,282986039610,-36263201.0,279110.0,20250610
060540,1353,1373,1340,1371,171016,231355033,1.41,35828762526,-1437786.0,,20250610
056190,21850,21950,21350,21450,70632,1524041725,-1.83,770242902000,-638307250.0,63125700.0,20250610
246250,0,0,0,1969,0,0,0.0,30220617614,,,20250610
041510,140000,144700,137400,140900,196111,27813091500,1.95,3225861821000,1905536350.0,324355550.0,20250610
460870,5890,6390,5890,6380,587254,3690211170,6.69,117413085900,932079345.0,293639135.0,20250610
007820,3860,3930,3835,3880,99295,385176438,0.39,77731710480,-41160073.0,,20250610
464080,12310,12310,11900,12010,424798,5131916055,0.67,212358778300,-254562010.0,-1009999070.0,20250610
109610,3565,3635,3565,3580,144253,519205544,-0.14,175088492000,-85912677.0,,20250610
365330,5440,5610,5400,5540,278371,1538410955,2.59,169579400000,326079370.0,-32665610.0,20250610
019590,0,0,0,2765,0,0,0.0,105039161955,,,20250610
306040,4260,4270,4220,4250,8346,35428775,-0.12,41929769000,-2570630.0,0.0,20250610
398120,3980,4220,3880,3950,362179,1455924795,1.15,44086740000,-24518270.0,,20250610
457940,2090,2090,2080,2090,4939,10302365,0.24,6917900000,,6830345.0,20250610
472230,2055,2060,2050,2060,38512,79111980,-0.24,8559300000,-86405.0,-41036520.0,20250610
473000,2090,2090,2075,2090,3938,8195915,-0.48,6917900000,2210.0,2704040.0,20250610
473950,2060,2070,2055,2070,7262,14971385,0.24,9149400000,-59750.0,7542550.0,20250610
455910,2065,2075,2065,2075,1090,2254850,0.24,10416500000,12450.0,0.0,20250610
475660,5220,5240,5090,5120,38399,197267520,-1.35,40600755200,9450600.0,-6641330.0,20250610
096630,831,892,795,877,3640631,3154165905,8.67,69617677232,187712787.0,-147504.0,20250610
069510,15180,15270,14460,14570,41484,612983080,-4.02,158958700000,52640350.0,-44630650.0,20250610
234300,4175,4175,4020,4110,79005,323403372,0.12,113108083650,-38331920.0,19195825.0,20250610
039440,21350,21400,20750,20850,151686,3178649650,-0.71,330055500000,-375026250.0,-689484700.0,20250610
098660,2290,2305,2230,2295,21517,48743334,1.32,28689739920,-815680.0,,20250610
052020,6790,6810,6620,6700,149222,998489215,-1.33,455488049700,-78731820.0,,20250610
237690,80300,84700,79800,83200,208627,17391682250,3.61,1676720281600,948922600.0,4524928400.0,20250610
050760,1677,1727,1662,1716,41689,70416060,2.69,28030307448,7514664.0,6262363.0,20250610
288620,11420,12380,11370,11560,346334,4111532220,1.23,80680892960,-371745640.0,-7842690.0,20250610
443670,7390,7430,7280,7380,63353,465773715,-0.54,182591472960,8643995.0,,20250610
317830,7670,7770,7470,7560,81368,616061585,-1.43,81450064080,-125998975.0,7610.0,20250610
058610,26700,26950,25900,26000,172363,4546327575,-1.7,576611360000,-1251614750.0,-31439325.0,20250610
043340,538,538,523,526,95933,50483285,-2.23,49970000000,-935672.0,,20250610
163280,21350,21650,20700,21050,448826,9516548525,-0.71,172079308450,-748537400.0,15585700.0,20250610
054630,0,0,0,1580,0,0,0.0,12594094680,,,20250610
200710,16590,16700,15350,16320,53777,877406070,-1.09,219354215040,128624970.0,-928680.0,20250610
475580,11960,11970,11570,11640,153537,1801918010,-0.94,158593836000,-119621255.0,8280450.0,20250610
096690,1550,1578,1484,1509,63295,96451396,-2.58,50517078201,-4051342.0,,20250610
298380,79200,80400,78300,78700,586292,46397221600,-1.13,3819154150900,-1712340200.0,2562136200.0,20250610
203400,5260,5300,5080,5110,114850,592321670,-2.85,146337190650,-21878365.0,17650.0,20250610
195990,304,305,301,303,379099,115064671,0.33,86260985463,35252632.0,-1155.0,20250610
003800,28550,28750,28100,28300,8188,233589450,-0.88,313847000000,-4564350.0,100.0,20250610
088800,2425,2490,2390,2450,166647,407441133,1.45,184990763300,-25255337.0,15.0,20250610
241840,11840,12140,11580,12030,191032,2285051525,1.6,114766127820,-265941805.0,-151468940.0,20250610
364950,10330,10740,10330,10400,354392,3737556660,0.19,84563845600,-165405475.0,22565240.0,20250610
453860,19460,20800,19190,20100,46533,940209515,4.47,113710021500,244484870.0,38426595.0,20250610
312610,1295,1295,1262,1288,11212,14360164,0.94,26090871744,-1665168.0,,20250610
172670,8490,8560,8350,8510,41208,348705140,-0.35,76251804090,38599360.0,,20250610
481070,19270,22750,18910,22300,439186,9139902420,14.65,315768000000,293940930.0,633849855.0,20250610
445090,31850,31850,30700,31000,42410,1319698450,-1.59,337021460000,135860475.0,-1992150.0,20250610
295310,23550,25350,23450,25350,378031,9308858000,9.5,301713950850,3794331200.0,706836100.0,20250610
072990,9010,9020,8910,8990,37850,339579950,-0.22,66214190840,21374200.0,-125852670.0,20250610
044990,17240,17240,16860,16860,6147,104240850,-0.77,135488039040,-45258310.0,6306380.0,20250610
239610,12390,12590,12260,12510,4057,50682850,1.05,67455358650,-203350.0,-670.0,20250610
036170,1008,1020,1003,1011,58418,59241545,1.1,62040647886,7772816.0,,20250610
462020,2050,2055,2045,2055,5352,10951880,0.24,8928975000,0.0,461250.0,20250610
477340,2000,2005,2000,2005,11669,23385427,0.25,15057550000,-20050.0,20235260.0,20250610
148930,3875,4000,3875,3905,25193,99127264,0.77,39734206765,3839879.0,,20250610
376270,22700,22750,21850,21950,36044,800170625,-3.09,153918602150,-111427775.0,-42972250.0,20250610
044780,1305,1320,1295,1307,145523,189858928,0.15,24187063609,6884503.0,32621282.0,20250610
357230,2520,2565,2500,2535,15055,38070311,0.6,106696849545,-283866.0,,20250610
355690,5210,5260,5190,5260,6502,33959970,0.96,28430194800,2775660.0,,20250610
071670,6350,6400,6220,6350,15860,100163760,0.0,63500000000,-5763800.0,50.0,20250610
045660,15660,16550,15620,16470,199714,3234660705,4.9,136042200000,1159253860.0,337630.0,20250610
224110,12080,12380,11850,12170,54073,654345670,0.83,64987800000,85467630.0,514730.0,20250610
021080,2990,3065,2845,3020,2062974,6143350103,0.67,144960000000,-1000510113.0,-55454049.0,20250610
200470,2275,2290,2210,2240,159049,357001035,-1.32,94891088320,16408930.0,,20250610
262260,6050,6210,6030,6090,57675,353332255,0.66,88111045680,-915940.0,50.0,20250610
397030,17670,17800,17200,17530,142021,2478380575,0.17,394908757880,-271339340.0,-59612685.0,20250610
230240,18530,18530,17760,18130,40319,731053545,-0.6,241292170000,-8339890.0,-66543790.0,20250610
159910,851,878,799,845,168678,142297834,-0.59,33705662510,-16973711.0,,20250610
230360,8760,9020,8720,8890,155090,1377362795,1.48,279750777810,218398625.0,-23469375.0,20250610
038870,4370,4375,4215,4300,173208,747052639,-1.04,60264280700,12052373.0,8665.0,20250610
097780,1155,1155,1093,1109,577920,643583816,-3.73,75112944842,-63370755.0,112166657.0,20250610
448280,12690,12700,12000,12050,499718,6127253695,-5.49,357055104450,-648188375.0,-83456940.0,20250610
101360,22900,23100,22200,22400,95827,2157728275,-1.75,398408953600,416480050.0,-408203625.0,20250610
128540,1762,1762,1673,1699,141889,242605490,-3.58,45347091540,-37190273.0,2098031.0,20250610
086520,44800,45000,43600,44200,535924,23670267475,-0.23,6001305918400,1607693425.0,-978931675.0,20250610
247540,93300,94000,91200,92200,349959,32328247700,-0.22,9017283916800,-6552883650.0,5136808950.0,20250610
383310,24700,25050,24250,24350,66818,1639395875,-1.02,510739594200,-421525950.0,2055800.0,20250610
038110,3180,3200,3095,3105,882134,2770880975,-3.12,127830893850,-219028688.0,-327669490.0,20250610
073540,1824,1900,1824,1899,62916,118218734,4.11,21648600000,3316382.0,,20250610
064850,7340,7360,7260,7340,9769,71442860,0.0,83751836880,-11771940.0,-410.0,20250610
036810,17960,18000,17600,17650,46379,822557500,-0.95,387529542200,-200042930.0,-9786810.0,20250610
173940,4075,4195,4015,4185,48455,198409720,2.7,64418901480,5331280.0,-64236395.0,20250610
083500,9450,9450,9170,9210,39676,366610880,-1.07,78982399620,-29859490.0,-63945020.0,20250610
054940,750,757,738,755,188605,141247053,0.27,25046028740,-12524902.0,,20250610
950130,5750,5850,5600,5750,303542,1736158045,0.0,216935034000,-163764915.0,-22800260.0,20250610
373110,3360,3410,3315,3340,84752,282797649,-0.6,36534463080,-31378887.0,,20250610
205100,2215,2240,2175,2225,577418,1275136629,0.45,159003635300,219135719.0,11858830.0,20250610
356680,8610,8610,8390,8470,314429,2661814710,-0.94,241763377240,74690400.0,-7839505.0,20250610
070300,2550,2550,2490,2530,69572,174653652,0.0,25119160660,-31510595.0,,20250610
317770,4300,4655,4120,4450,5921257,26381933456,4.34,138414072700,191410081.0,1919250.0,20250610
373200,660,660,638,653,619224,400554472,-1.06,65864563557,50784422.0,,20250610
069920,2175,2220,1992,2040,235486,486777821,-2.86,80352658320,55193416.0,,20250610
092870,11900,12470,11700,12400,149376,1811414680,3.16,161829882800,-190239965.0,,20250610
317870,16830,16940,16430,16520,21000,350474870,-1.84,140779310000,-125501030.0,-1477310.0,20250610
067570,2380,2385,2340,2350,69008,162648870,-1.26,99099500000,-15042885.0,6320.0,20250610
236810,2915,3395,2905,3025,3512796,11163547762,4.85,51350663650,117665997.0,-149708340.0,20250610
333620,7130,7180,7030,7110,16094,114402005,-0.28,75055605840,1119960.0,50.0,20250610
101400,385,388,384,385,137339,52763818,0.52,26353531050,-763911.0,-33282.0,20250610
078860,1480,1488,1370,1392,188254,262360753,-1.63,82632261744,1789836.0,,20250610
438580,2145,2150,2145,2145,70446,151162480,0.0,6477900000,0.0,52552500.0,20250610
439410,2145,2150,2145,2150,69021,148206805,0.23,18920000000,0.0,-13942500.0,20250610
440820,2140,2140,2135,2140,22447,47954362,0.23,16692000000,4472622.0,0.0,20250610
451700,2055,2065,2055,2065,8150,16770490,0.24,29632750000,84665.0,8538700.0,20250610
466910,2040,2050,2035,2050,12717,25975724,0.24,18655000000,828354.0,21486560.0,20250610
481890,2045,2045,2035,2045,4487,9152940,0.0,12975525000,2045.0,,20250610
265740,7980,8140,7700,7950,84127,662857840,0.0,71007810000,-87277880.0,27850.0,20250610
354200,1949,1949,1840,1854,214059,402387888,-5.36,36743932836,-57670577.0,-9242932.0,20250610
455900,24050,24200,23550,24000,43320,1034992575,0.63,364395144000,22608250.0,64756050.0,20250610
419080,7960,7960,7360,7490,19798,149053635,-0.13,79135422730,-27469145.0,15282740.0,20250610
208860,0,0,0,2205,0,0,0.0,74859690465,,,20250610
183490,1194,1194,1170,1186,97628,115085162,-0.25,100887756532,-8756239.0,-2372.0,20250610
182400,0,0,0,2020,0,0,0.0,172748038620,,,20250610
348370,65700,66000,62300,62800,210585,13384435200,-3.98,1331002228400,-2674060750.0,-202715900.0,20250610
069410,4830,4885,4790,4820,24492,118255060,0.0,49380051680,-17838848.0,-2420000.0,20250610
227950,384,390,384,385,134591,52163870,0.26,39876579050,-4447773.0,0.0,20250610
291230,1825,1825,1755,1773,134621,240184350,-1.23,78181809075,30352774.0,,20250610
198080,2475,2505,2450,2500,92243,228786714,1.21,53837962500,-11276068.0,0.0,20250610
048830,1099,1105,1094,1102,26895,29515237,0.64,20633763146,-199210.0,,20250610
096870,2645,2740,2640,2695,5049,13576476,2.08,17998288000,-355550.0,,20250610
290650,26250,29250,26250,28500,726583,20557241025,10.04,660593491500,1721344575.0,-229150350.0,20250610
156100,6050,6090,6000,6070,31131,188015700,0.17,121016030010,23983980.0,23093910.0,20250610
073110,6670,6670,6450,6470,10636,69027350,-0.77,57555534850,-8022610.0,,20250610
083310,9570,9600,9390,9460,54643,517692570,-1.15,168482912180,26915955.0,9540.0,20250610
037950,1004,1007,991,996,539949,538798648,-0.6,84109728924,-67918941.0,,20250610
489500,21500,21500,21000,21100,76897,1624942200,-0.94,132466981600,186372450.0,-203845250.0,20250610
170920,10500,10500,10190,10370,38224,394434890,-0.19,103510799350,9264650.0,,20250610
058630,5580,5710,5510,5710,402154,2263991300,2.7,111595537670,171936165.0,-41729320.0,20250610
226590,11960,11960,11000,11600,378809,4392401150,-2.77,122586294400,-193503070.0,-46043725.0,20250610
058970,50700,50800,49450,49600,75836,3776097025,-2.36,611828449600,-324412475.0,-531387625.0,20250610
169330,2240,2240,2220,2235,5241,11684560,-0.22,40804211730,-22255.0,,20250610
373170,8940,9200,8600,8790,19239,168869640,-1.57,44283404700,-10153370.0,-748090.0,20250610
179290,7910,7930,7660,7900,64180,504910995,0.0,255688856200,-120447215.0,32432050.0,20250610
009780,8330,8520,8220,8400,122758,1024612630,0.96,147840000000,-151295930.0,35941520.0,20250610
123040,2375,3055,2330,2770,12775479,36321132021,17.87,173480388230,-239062185.0,-834125.0,20250610
432980,4230,4290,4165,4230,38859,163151260,0.0,36343068660,1654750.0,0.0,20250610
323230,33,33,18,19,21033258,483612397,-88.2,822215348,0.0,-1040000.0,20250610
413390,7910,8030,7870,7970,86438,687366395,0.13,92294034600,20974330.0,0.0,20250610
032790,1040,1040,980,1009,75511,76190785,-1.75,45157131078,-9099016.0,,20250610
033160,8010,8050,7840,7930,82669,655339050,-1.0,174986004830,-153182330.0,-20.0,20250610
347890,6010,6090,5810,5910,9720,58014380,-0.51,99957035640,-365950.0,-26396400.0,20250610
033310,2165,2200,2120,2140,84875,183252546,-0.7,86332374340,5997031.0,,20250610
259630,8010,8060,7950,7970,50537,404568550,-0.5,97890743940,33594920.0,7970.0,20250610
105550,3135,3400,3070,3400,1385683,4565132199,8.45,266243973400,23924077.0,,20250610
060850,5690,5710,5620,5700,10180,57806700,0.18,46346700000,-1922870.0,-18270.0,20250610
143540,632,692,593,604,738744,473659062,-4.43,26938336580,411933.0,0.0,20250610
265560,8100,8160,8000,8060,15076,121266895,-1.35,86162850800,-24853980.0,50.0,20250610
036000,2990,3485,2965,3285,1626347,5420791473,11.17,75667599945,364172127.0,-6800680.0,20250610
250930,528,537,520,529,72944,38517027,0.19,17457232760,-630044.0,-482141.0,20250610
053280,4545,4555,4445,4485,118713,534748595,-0.77,112125000000,-44554310.0,-121050.0,20250610
122640,15020,15400,14920,14980,44952,681286345,0.74,313925958220,-15569415.0,-389370.0,20250610
476040,33000,37900,32650,35850,2953406,106760224850,10.48,234493953750,1871628925.0,503283900.0,20250610
900300,346,430,336,430,11470756,4825465482,29.91,41280956320,-4119232.0,,20250610
045060,2615,2645,2597,2615,19174,50090321,0.0,44303262010,5560827.0,,20250610
192410,1311,1344,1260,1299,186187,239963416,2.04,18491953470,-6910266.0,,20250610
080520,3225,3320,3220,3290,48660,159578690,2.65,38646343610,8625210.0,-1961510.0,20250610
039830,6700,6820,6620,6700,18928,127615395,0.0,72111363000,-9160730.0,,20250610
322310,21600,21600,20950,21500,30117,639770675,0.23,201380653000,-112111350.0,-115167400.0,20250610
046120,2820,2845,2735,2765,642565,1793273809,-1.95,75897828790,-83991551.0,15.0,20250610
475830,17150,17720,16680,17640,316905,5502702230,3.7,371658606480,-72004425.0,495179605.0,20250610
014940,5770,5940,5690,5830,374705,2196765740,1.04,265694443630,-143248275.0,-10744340.0,20250610
065500,5110,5300,5060,5090,1776269,9140140855,-0.78,161571422080,733627830.0,18357760.0,20250610
010470,6300,6360,6260,6310,37502,236822450,0.16,75562565500,45171530.0,-510700.0,20250610
417860,11660,12820,11400,12400,132371,1612702425,10.62,54939613600,138150670.0,-12100.0,20250610
352910,4650,4650,4545,4590,24811,113918113,1.89,58007511180,2879682.0,,20250610
053980,3905,3905,3820,3865,41953,162414690,0.13,73368456295,-21004835.0,,20250610
036220,21400,21400,20300,20700,49296,1024127775,-3.27,300344911200,-161631350.0,99668650.0,20250610
052420,1492,1497,1461,1490,498575,739956394,-0.13,135844006260,280335767.0,12838778.0,20250610
052300,2810,2810,2735,2765,26577,73303995,-0.72,46632120395,-573685.0,2446835.0,20250610
039200,28200,28650,27950,28150,77310,2189278625,-0.88,1076686154400,370149875.0,-71964950.0,20250610
226400,6470,6640,6310,6590,256603,1664073860,1.38,136159950590,193729230.0,162119240.0,20250610
031510,1110,1110,1085,1085,25611,27877728,-0.64,30380000000,-116666.0,,20250610
368970,3000,3000,2910,2960,31635,93365350,-0.67,27664633600,-9251705.0,,20250610
138080,10280,10290,10030,10270,30095,304372500,-0.19,109109455650,-33903695.0,10350.0,20250610
080580,5730,6070,5670,5890,448558,2646679610,2.79,105638168970,316191045.0,55025780.0,20250610
067170,2570,2575,2520,2535,26593,67762023,-1.36,39017718675,-7590344.0,,20250610
353590,3695,3705,3650,3705,20392,75101435,0.27,47703986850,1431250.0,,20250610
173130,7040,7150,6910,7110,136958,967314540,0.14,92760423030,311135340.0,,20250610
440320,5800,5930,5650,5770,206535,1195490800,-0.35,56574850000,-75551320.0,,20250610
049480,2580,2580,2490,2520,93222,234527934,-0.59,79184405160,29526120.0,,20250610
394280,13800,13900,13350,13800,82209,1124067930,1.4,303648217200,3983920.0,-37221250.0,20250610
309930,3255,3445,3215,3370,78019,258835150,3.22,71750636300,68860430.0,,20250610
476060,22200,22300,21600,21900,152793,3342646225,-2.23,240950589000,-295540600.0,21850.0,20250610
382150,13810,13880,13460,13600,667170,9117097465,-0.44,161791543200,-141603485.0,,20250610
244460,0,0,0,1651,0,0,0.0,8980622755,,,20250610
226950,48600,49200,46700,47650,840012,40342984400,2.14,942294093300,1979013150.0,4447689075.0,20250610
057540,1014,1020,988,993,656026,655064085,-1.68,59033209515,-54994834.0,38397.0,20250610
131030,6220,6220,6100,6120,37850,231778950,-0.49,98857351440,-27958880.0,-1103350.0,20250610
082210,1752,1808,1730,1784,60315,106971602,1.83,59215195216,-4782089.0,,20250610
109080,9190,9200,9020,9120,29804,272313780,-0.76,51400320000,-28838995.0,,20250610
380540,1783,1960,1769,1834,906528,1673993187,2.86,88196984806,113242342.0,,20250610
153710,5020,5070,4975,5020,8824,44163345,0.2,73643189160,-95055.0,,20250610
432430,6370,7260,6150,6190,3991655,26901092220,1.48,101765580800,-1262911640.0,-54297000.0,20250610
338840,8890,9270,8760,9210,98678,896695295,3.72,136146972360,-75913165.0,14605870.0,20250610
122990,6660,6690,6490,6550,91681,600905205,-1.65,181248541150,-136559960.0,17495295.0,20250610
232140,10050,10100,9800,9810,290297,2865322665,-1.6,804864883500,-485153935.0,-194885630.0,20250610
112290,27000,27000,25400,26250,119548,3117646900,0.77,265401806250,-558390125.0,55948425.0,20250610
065530,1324,1339,1319,1323,34084,45230218,-0.53,69933780000,-2506349.0,,20250610
067900,6960,7120,6960,7020,43591,307145185,0.29,127761606180,17278370.0,-68160.0,20250610
007530,2240,2270,2220,2250,4797,10761775,0.45,50072019750,-573575.0,,20250610
155650,3605,3605,3485,3545,21681,76430170,-0.14,69036599110,881910.0,,20250610
273640,10400,10420,10200,10230,7828,80545090,-2.2,112182180000,-11212630.0,40.0,20250610
251370,10890,10890,10380,10440,41685,439448615,-2.43,170323004160,-43067225.0,-11240.0,20250610
066430,1243,1289,1202,1240,240431,294992447,-0.88,48550310240,50311473.0,,20250610
209640,7600,7640,7440,7620,46608,352746910,0.26,108368386260,-28753930.0,359810.0,20250610
096250,19200,19690,18620,19250,792941,15210228495,0.26,252108318000,431320860.0,15932840.0,20250610
273060,1102,1163,1080,1142,1036219,1169383593,4.29,57624842644,134015817.0,,20250610
019210,6100,6140,6000,6050,199856,1210198325,-0.82,203121604950,51773235.0,-357890.0,20250610
122870,87400,91200,86600,90300,332761,29905836250,3.44,1687801724700,-3211197650.0,11627800050.0,20250610
079000,5300,5300,5200,5290,8450,44514065,-0.19,38088000000,565775.0,3980.0,20250610
403490,2040,2470,1993,2160,77310135,179253426236,5.88,97658922240,818955021.0,-28688720.0,20250610
032820,2380,2400,2285,2325,10336967,24170342352,-2.11,382875029400,-1630780307.0,21029066.0,20250610
041190,8240,9510,7730,9450,14288920,127200988755,20.08,793800000000,-7180197805.0,8260664725.0,20250610
115440,6680,6770,6630,6640,69321,462629835,-0.9,71674098880,-76964580.0,-17346570.0,20250610
046970,1428,1430,1397,1405,496856,700015472,-1.54,61574123595,-96375411.0,,20250610
082850,2450,2455,2415,2440,154090,375706205,-0.2,118234050320,-44096722.0,,20250610
215360,9840,9890,9720,9740,38476,376793490,-0.92,88947267620,48441680.0,-9042260.0,20250610
072470,3690,3965,3570,3640,4519194,16892590509,-1.09,68749921240,33814875.0,,20250610
073560,1504,1505,1488,1488,282475,422771278,-1.13,103025612784,11340974.0,2173898.0,20250610
037400,1118,1139,1110,1120,64108,71947060,-0.36,29370147520,-2762323.0,100078.0,20250610
153490,663,678,663,671,70813,47550835,1.36,34543080000,196713.0,,20250610
101170,5180,5290,5120,5220,76106,397214425,0.97,70470000000,9334185.0,20.0,20250610
066590,3200,3200,3145,3150,43917,138627985,-0.63,123080277600,-8050060.0,1009025.0,20250610
103840,3000,3035,2980,3000,61115,183716997,0.0,49099284000,-33934186.0,,20250610
101970,15370,15720,15150,15430,35537,546568750,1.51,224471149870,102434540.0,25950690.0,20250610
046940,3090,3090,2985,3030,201214,607387411,-0.98,54765280500,129574494.0,,20250610
215380,1667,1720,1640,1661,47301,78460096,-0.36,27953925736,8272642.0,,20250610
065680,30900,30900,29250,29650,36132,1071711725,-3.26,273979965150,-425806725.0,1839050.0,20250610
018620,968,999,953,955,39089,37794274,-0.83,27589274815,-1088506.0,,20250610
457550,20500,20550,19920,20350,118887,2405173510,-1.21,188671748650,-16688025.0,17721650.0,20250610
396470,8170,8200,8050,8080,46933,379979450,-0.74,130249600000,-14792490.0,,20250610
307280,5650,5740,5650,5690,13517,76814880,-0.87,42059353380,2591705.0,0.0,20250610
032940,6690,6690,6480,6580,777424,5093072880,-2.08,119711453400,119349640.0,10449780.0,20250610
240810,24150,24300,23700,24000,126527,3032293350,0.0,1178013624000,434727525.0,-77482775.0,20250610
074600,17680,17700,17350,17410,117193,2049341085,-0.29,457674080000,-443617830.0,-170439825.0,20250610
104830,21800,21900,21300,21500,34906,751853100,-1.38,271072000000,82894250.0,-123007350.0,20250610
014190,1551,1562,1532,1541,171125,265000916,-0.64,54551255146,-11253908.0,,20250610
217820,2680,2700,2595,2650,135830,359138082,-0.93,125754581350,-19269484.0,-26873417.0,20250610
030530,5910,5990,5670,5710,3297412,19137515315,-2.73,441028871510,117409840.0,26796175.0,20250610
012620,7780,7890,7650,7870,22747,176851115,1.03,34628000000,-4949385.0,285715.0,20250610
136150,24800,25550,24100,25200,119756,2989287900,1.2,211201956000,191105350.0,-349863150.0,20250610
382840,9150,9200,9030,9100,38625,351346910,-0.44,138971387100,-92728820.0,-318340.0,20250610
336570,10050,10500,9980,10440,1813243,18670206475,4.09,933743285280,3506787120.0,1356729725.0,20250610
376980,5990,6000,5720,5810,295568,1720076115,-1.69,56742749140,-158935950.0,10177285.0,20250610
008370,4365,4400,4340,4340,9709,42291005,-0.57,52080000000,2103420.0,-311820.0,20250610
008290,524,550,519,525,129522,68679802,1.16,21364181475,2431917.0,,20250610
101160,19880,20400,19360,19490,70973,1388423295,-1.22,321799253570,-223592025.0,251611745.0,20250610
336060,1252,1377,1239,1282,3537534,4570052464,1.58,61734966400,-362564403.0,,20250610
095270,5340,5500,5230,5300,15648,83157075,-0.75,79347656800,-8954970.0,,20250610
289930,9770,10200,9560,10040,363980,3623498695,3.29,125696713720,157720090.0,17986650.0,20250610
065950,2215,2220,2180,2190,111893,245388046,-1.35,61826551380,-12424581.0,,20250610
076080,1357,1373,1346,1348,22574,30622934,-0.66,30456922288,-1790560.0,,20250610
043590,654,675,654,656,25885,17137723,0.31,17801715872,302674.0,216794.0,20250610
196700,1579,1579,1495,1511,117091,178910229,-4.67,21704221584,-52118994.0,,20250610
069080,14500,15260,14420,14820,71506,1064430300,1.16,512785100880,-74178810.0,146682360.0,20250610
053580,21500,21500,19990,20850,1956625,40500131880,-4.14,284315770800,3022431575.0,14764850.0,20250610
479960,15480,15480,15180,15280,54879,838006800,-0.97,104683280000,-158109020.0,,20250610
071460,53,53,40,40,15417220,687414708,-32.2,1438691800,-1635779.0,,20250610
377460,0,0,0,1691,0,0,0.0,26030247855,,,20250610
044340,6810,6810,6630,6680,38576,258783005,-1.18,119394479000,-20665610.0,-3959390.0,20250610
330350,8260,8320,7990,8190,401194,3261483230,-1.92,108125518410,-217385645.0,0.0,20250610
348350,7990,8070,7800,7830,27731,218301030,-2.97,79737588000,-50871060.0,-2060.0,20250610
112040,31150,31650,29900,30500,300771,9215797325,2.01,1035428731500,-423241100.0,389399600.0,20250610
101730,7860,7960,7610,7900,107353,843017995,1.94,655191366400,234058515.0,45659160.0,20250610
123420,7500,7560,7300,7500,59051,440138105,1.49,86023815000,17617990.0,-97440.0,20250610
065370,9050,11200,8400,9910,4365824,44782995835,12.87,73174984140,-1120728750.0,208010.0,20250610
038620,665,665,640,641,561718,364749591,-3.17,47076248285,-71541183.0,-24909.0,20250610
299900,1499,1544,1456,1468,2048426,3070347877,-2.46,251099761712,-384154918.0,-178933734.0,20250610
036090,709,753,695,733,4057574,2967218253,3.97,86781544172,-73837986.0,0.0,20250610
459100,6820,6900,6720,6820,53069,360347850,0.15,85741040000,42566330.0,23490.0,20250610
136540,12390,12700,12310,12340,17567,217835310,-0.4,151532065640,-19348420.0,20143500.0,20250610
097800,505,514,496,498,722440,364377721,-1.39,57992214042,-140716839.0,,20250610
192390,3055,3070,3020,3060,22415,68201010,0.33,33758620740,-1330695.0,,20250610
335870,2475,2590,2475,2500,27368,69182490,0.2,41876182500,-11705900.0,,20250610
900340,1333,1356,1310,1354,346175,463782771,2.19,68148076512,52371257.0,,20250610
036200,6220,6280,6130,6190,91250,565640740,-0.48,189811540370,15526845.0,-72470605.0,20250610
018000,1652,1652,1559,1579,2172225,3476696049,-4.48,269160148548,-403719181.0,,20250610
203450,3100,3160,3055,3100,31582,97780957,0.49,43644921700,2662757.0,,20250610
011320,3790,3850,3715,3825,107910,410050285,0.92,73901658375,18152525.0,3815.0,20250610
086390,11580,11800,11200,11310,195051,2225574135,-2.5,239026965060,60096810.0,-13250385.0,20250610
241690,3070,3095,3045,3065,37051,113495507,0.0,75002713890,5939405.0,,20250610
142210,6100,6100,5970,6030,100920,607642230,-1.15,116053934760,-56148010.0,-4760330.0,20250610
389680,710,715,686,690,469161,325937950,-2.68,28676030850,-79265534.0,,20250610
088340,28650,28850,25850,26200,726075,19379333350,-8.23,114181381600,1497180750.0,-89254250.0,20250610
048430,9660,9780,9400,9570,174998,1666378820,-1.95,110246400000,34359525.0,,20250610
206650,13040,13180,12790,13050,167942,2179243540,-0.08,477946279800,233215260.0,-134870210.0,20250610
089850,7100,7140,6880,6970,969769,6783074285,-3.33,102669487030,631601595.0,-23100.0,20250610
084440,1275,1275,1210,1238,89887,111421151,2.74,24404446400,-3149514.0,,20250610
032620,4390,4460,4045,4075,1501945,6318191607,1.24,212703341425,-1591755541.0,19181685.0,20250610
264450,7880,7960,7800,7830,27676,218518930,0.38,116810938890,-37174235.0,-787535.0,20250610
078070,9950,9950,9680,9950,15366,150719025,0.1,175167481400,436090.0,-238705.0,20250610
024800,3045,3130,2940,2975,177030,538384918,-2.3,110229140700,-83640690.0,,20250610
054930,25150,25700,25050,25250,14402,365169700,0.4,75750000000,-15825975.0,-507350.0,20250610
069330,1238,1246,1229,1238,55208,68119986,0.0,17568570658,343559.0,,20250610
049520,3630,3680,3540,3620,132133,477871148,-0.28,116735602480,87317072.0,-18185665.0,20250610
444920,2070,2070,2055,2070,14452,29834775,0.24,10846800000,-45425.0,1786040.0,20250610
446150,2195,2200,2190,2200,20471,44940445,0.23,10494000000,-1066670.0,-17287215.0,20250610
449020,2080,2090,2080,2085,14030,29234348,-0.24,20287050000,-266880.0,18133712.0,20250610
450940,2065,2080,2065,2080,7086,14635765,0.24,9443200000,-22865.0,0.0,20250610
473050,2015,2015,2005,2015,13187,26465220,0.0,14125150000,2015.0,-16023250.0,20250610
474490,2025,2030,2015,2030,13241,26774860,0.25,11185300000,2020.0,21346625.0,20250610
493790,2010,2025,2005,2015,21386,43127370,0.25,10699650000,40055.0,33799330.0,20250610
263770,2065,2110,2050,2065,17123,35542065,-0.96,48940855180,-775685.0,,20250610
388720,76900,79200,75200,76300,109331,8420973300,-0.52,876154883800,-2071604900.0,580004850.0,20250610
340930,1479,1497,1460,1474,129407,190600595,-0.47,50417359300,-25721520.0,,20250610
023410,3695,3740,3620,3680,496140,1823002071,0.27,284503975840,300070260.0,-68895.0,20250610
056080,10820,10830,10480,10510,468451,4970038210,-0.28,394252717520,-772458325.0,19379080.0,20250610
468760,2130,2135,2125,2135,971,2065055,0.0,9052400000,17075.0,748000.0,20250610
488060,2070,2070,2060,2070,2397,4961410,0.0,9770400000,,4843800.0,20250610
442130,2140,2142,2135,2142,64240,137473698,-0.14,7411320000,3498787.0,55640000.0,20250610
084370,34550,34650,33900,34550,106119,3638047200,0.73,791749251100,-36890075.0,219415775.0,20250610
240600,4280,4330,4240,4250,17121,73382840,-0.58,29444641750,-618450.0,,20250610
221800,3200,3200,3145,3175,62337,196992401,-0.78,35836847300,-2884212.0,,20250610
179900,22550,23600,22350,23000,28185,647928300,0.88,412910467000,17637850.0,-51963900.0,20250610
263050,1373,1399,1364,1395,65068,89769465,1.6,51384624120,6060843.0,,20250610
191410,2020,2020,1942,1942,50026,98611759,-3.86,21758663210,-3279789.0,,20250610
372170,28850,29250,28550,28650,13916,402033775,-0.52,228599725200,-596725.0,-41155800.0,20250610
146060,1490,1490,1455,1470,42553,62724306,0.48,35302924650,-5334259.0,,20250610
072770,673,679,655,661,849790,563648119,-1.78,47538776280,24961366.0,,20250610
039020,5060,5070,4880,4970,350346,1735819069,-1.78,112246003730,-462864155.0,-13470.0,20250610
067920,5540,5570,5490,5540,36789,202831060,0.0,60918499260,44213230.0,,20250610
044960,4520,4530,4470,4490,46367,208405425,-0.66,56762054670,-7025320.0,15.0,20250610
303530,6990,7090,6920,6950,10017,69675620,-0.57,51008128050,-8849430.0,20.0,20250610
296640,7650,7870,7500,7620,15914,122160040,-0.52,39458280240,-166130.0,,20250610
302430,8410,8420,8130,8130,27892,230260215,-2.87,79943981040,-27597980.0,,20250610
462350,17800,18090,17730,17960,22728,408354995,1.24,168387464240,-56811300.0,-12368140.0,20250610
274400,4890,5070,4710,4900,101489,502126967,3.59,38317147400,-75981177.0,,20250610
073490,20200,20300,19810,19930,27690,554754790,0.1,151544650780,-12334345.0,-38359080.0,20250610
215790,475,475,465,472,48398,22759089,0.43,19013646328,682368.0,,20250610
344860,2340,2360,2210,2330,329012,751044248,3.79,28029900000,19209749.0,40798045.0,20250610
088390,7490,7590,7340,7510,8622,64028420,0.67,70487688440,-9700320.0,,20250610
272290,22900,23200,22650,22950,88344,2028261200,0.66,464224751100,121354425.0,-71342275.0,20250610
053350,9090,9140,8840,9010,91179,821787790,1.69,178316153160,4509210.0,,20250610
452400,8420,8500,8290,8400,7293,61287950,-0.36,76199995200,-5811600.0,,20250610
264850,4920,5010,4855,4880,153149,753186110,-0.71,147837706560,-158899750.0,,20250610
054210,5470,5540,5380,5480,68602,375729150,-0.36,138595830800,-32696200.0,60.0,20250610
009730,914,921,900,905,335233,303686367,-0.98,55151568800,-38031678.0,0.0,20250610
065440,1602,1604,1585,1591,168196,267629389,-0.44,43394556820,3496874.0,31736923.0,20250610
424870,5760,5960,5750,5910,1516032,8878661860,3.5,431455466190,1071492505.0,-4786460.0,20250610
115610,1461,1475,1402,1458,144276,209581651,0.76,25278130404,9051935.0,,20250610
478110,2015,2020,2015,2020,6019,12129795,0.0,10140400000,0.0,6236425.0,20250610
131400,1365,1380,1344,1358,270181,367393034,-0.59,80923059756,15500887.0,,20250610
351330,7880,7920,7740,7800,35856,280069765,-1.02,64650456000,-1546680.0,,20250610
080010,5810,5820,5730,5770,20519,118394465,-0.69,56748359670,19222190.0,,20250610
086890,5130,5160,5060,5090,114467,583858705,-0.2,188010643220,73237395.0,-511000.0,20250610
047560,22550,22550,21500,21800,194801,4266975025,-2.24,253902245600,248199450.0,-22917075.0,20250610
900110,47,61,46,55,223183994,12482863786,17.02,35345782340,-655287961.0,,20250610
239340,2680,2680,2520,2525,775066,1994275124,-6.48,68123575850,163524373.0,,20250610
067010,2945,2965,2925,2940,40632,119528077,-0.51,36144360000,-17047550.0,,20250610
456070,13050,13340,12700,13210,60323,789661460,2.17,144002936550,8690310.0,-1277570.0,20250610
102710,31950,31950,31100,31300,48320,1517639675,-1.26,447209266800,-86787550.0,-93649075.0,20250610
041520,8230,8380,8100,8230,47496,392642930,-0.36,100313247900,12688880.0,,20250610
063760,2245,2260,2150,2260,7158,15901380,0.67,21074793800,-865425.0,,20250610
123570,2465,2500,2440,2460,37128,91491025,0.0,54799151880,-3342900.0,,20250610
083470,1086,1086,1067,1079,29348,31485293,0.19,23026214991,-54859.0,,20250610
095190,2205,2230,2135,2135,140299,307009889,-1.61,139331086370,34964580.0,-7998205.0,20250610
091120,11440,11530,11020,11150,97391,1091798395,-2.28,191032236400,-160101520.0,80938550.0,20250610
039030,150100,151200,146600,147200,49822,7411793900,-0.07,1813437760000,5000150.0,90860350.0,20250610
294090,0,0,0,1490,0,0,0.0,51691236450,,,20250610
088290,1311,1325,1270,1317,73620,95524054,0.46,48787839609,-12409319.0,,20250610
353810,5200,5250,5090,5230,153973,798983925,0.58,173018441600,189590540.0,-88910.0,20250610
099750,18730,19750,18430,18760,60220,1138982080,1.3,128220397760,-53770940.0,-8950560.0,20250610
377330,4930,4950,4685,4800,16585,79452975,-2.54,39071779200,8210840.0,35.0,20250610
035810,3955,3970,3870,3950,283147,1107166098,-0.5,254838930750,-58285677.0,1000530.0,20250610
092130,15850,15880,15800,15820,16964,268631800,-0.13,190529752000,3622240.0,6320.0,20250610
096040,0,0,0,271,0,0,0.0,245561580945,,,20250610
134060,4525,4535,4450,4525,2093,9442524,0.89,21580856250,-407379.0,,20250610
001840,0,0,0,1616,0,0,0.0,36010355776,,,20250610
024810,0,0,0,899,0,0,0.0,196834827360,,,20250610
041830,25750,25900,25100,25700,70098,1797768375,-0.39,346458667400,-60835650.0,88510175.0,20250610
352940,2690,2740,2645,2710,38853,104982675,2.65,29451548300,-508795.0,,20250610
079950,614,628,608,612,41735,25644229,-0.33,14198400000,-415868.0,,20250610
389470,38400,41800,38400,40650,533763,21366041675,6.97,434322242100,-567206375.0,-19269450.0,20250610
277410,1281,1300,1266,1277,110395,141480000,-0.31,48981619553,-3976717.0,0.0,20250610
060150,5740,5870,5670,5780,137585,795076790,0.87,269137677360,-54346665.0,297000.0,20250610
033230,2390,2390,2235,2240,3486713,8034705691,-1.54,113154451200,-1361458922.0,-9260090.0,20250610
450520,4325,4410,4255,4400,106091,461187527,1.27,64700143200,34179575.0,,20250610
465480,7200,7290,7070,7120,90709,649610855,-1.11,72180936640,-65187125.0,-4350.0,20250610
037330,1374,1380,1367,1374,25997,35623613,0.07,60298297776,5643.0,,20250610
100030,15720,15970,15580,15770,2685,42185160,0.32,51784169780,155200.0,190.0,20250610
211050,11450,11570,10810,11080,531714,5868115355,-3.23,569288184000,1996247245.0,-131172510.0,20250610
083640,320,325,316,322,407521,130541216,0.63,25025953022,11816042.0,-83881.0,20250610
064090,2235,2270,2070,2135,259328,552514005,-5.11,106200760575,50687650.0,1092365.0,20250610
216050,8290,8300,8010,8100,60276,491017300,-2.29,104030098200,524730.0,3984050.0,20250610
049070,16100,16410,16040,16170,32296,524579785,0.43,278124000000,67155610.0,-24158755.0,20250610
119610,17260,17280,16580,16650,90120,1514618485,-3.53,220054358700,-316358660.0,-207133760.0,20250610
017250,1034,1034,1024,1029,50052,51325390,-0.48,21655785543,-1003148.0,780896.0,20250610
051370,8470,8560,8400,8440,38626,326739900,-0.59,196883863680,-64591210.0,-1855860.0,20250610
064290,9430,9460,9180,9300,25197,233744370,-1.06,119634846600,-72645900.0,-35133800.0,20250610
189300,46100,49400,45350,48550,147641,7106817525,5.09,521103365700,899612450.0,440202375.0,20250610
287840,38150,40550,37750,38700,722282,28197594425,2.52,573885937800,-1475603600.0,852705325.0,20250610
150840,0,0,0,5850,0,0,0.0,251537720850,,,20250610
048530,4340,4400,4275,4335,51201,222139505,-0.46,148043553270,-18783725.0,4355.0,20250610
115310,44500,45250,42100,43200,16143,703809450,-1.71,137932545600,105374100.0,75145750.0,20250610
039290,6740,6760,6570,6670,26775,178412380,-1.04,57988833260,3650210.0,-366180.0,20250610
071200,7550,7550,7080,7230,183518,1334804995,-1.36,176386391340,-192742045.0,-5878810.0,20250610
101930,38350,39600,37550,38350,17272,664094450,1.86,368763360550,167506900.0,-104200.0,20250610
333430,4610,4725,4605,4705,349103,1633023715,2.06,144569344635,87569660.0,,20250610
068330,1691,2020,1620,1747,32324036,60911127000,1.63,77245596580,601772803.0,-3373813.0,20250610
178780,3010,3090,2980,2990,33771,101709780,-0.66,53129893050,-1779755.0,,20250610
019540,4320,4370,4260,4345,67916,293885319,2.0,58716157500,27615134.0,-623180.0,20250610
094820,11080,11090,10800,10990,116989,1281209130,-0.54,165715011910,-66018910.0,42133950.0,20250610
950140,10790,11240,10610,11210,329589,3609532910,4.09,222718777860,396140930.0,258632290.0,20250610
049550,3470,3485,3430,3470,2768,9524800,0.29,68033781190,123940.0,,20250610
389020,41400,42450,40750,41500,26335,1095490850,-1.43,257205795000,237610100.0,10140500.0,20250610
254120,1520,1520,1485,1510,72337,108691915,-0.26,46438947700,-19684097.0,,20250610
043910,790,793,776,781,2277744,1785552877,-0.38,88558727917,-77772215.0,-143778.0,20250610
234920,4670,4690,4480,4500,156139,709156144,-3.23,60889095000,-45293137.0,,20250610
289220,7470,7580,7220,7350,115602,855108030,-1.47,163994824350,174949765.0,-144976040.0,20250610
174880,0,0,0,2650,0,0,0.0,11610352250,,,20250610
049630,874,895,865,882,814373,716789009,0.11,79989364098,64951250.0,30624.0,20250610
417840,9780,9830,9670,9690,65571,638049820,0.0,70376047500,136198920.0,14525000.0,20250610
110020,4150,4150,3745,3810,259237,1008279841,-9.61,34513883220,-2713467.0,,20250610
208140,2715,2735,2700,2720,284674,773777615,-0.37,88901149120,-88296510.0,-32870.0,20250610
040420,6150,6220,6150,6170,23671,146227085,0.33,96730495840,-18706490.0,-6305380.0,20250610
045510,970,1149,969,1149,1301002,1481959627,29.98,37008476508,-4446807.0,,20250610
217190,7100,7100,6900,7030,37028,259987905,-0.99,61647293220,48199890.0,-182560.0,20250610
095700,4955,5080,4925,5040,98253,491018250,1.61,229524089760,151426135.0,-13240695.0,20250610
072520,29,29,20,21,9739695,237015147,-32.26,1557427074,-681271.0,,20250610
122310,5930,5930,5820,5880,6805,39825440,-0.34,85576602720,-786090.0,2506890.0,20250610
361390,18550,19250,18490,19200,52380,995172720,3.34,144015148800,442712320.0,5348290.0,20250610
225220,2490,2490,2440,2450,32917,81061580,-1.61,47015551450,-19128510.0,,20250610
123330,37000,38850,36150,37450,173237,6442247275,-0.27,298427066000,1270279400.0,-608339325.0,20250610
381620,7580,7590,7410,7450,28690,213778460,-0.93,97728504000,-20868240.0,-20299750.0,20250610
159580,5020,5090,4965,4975,175265,880107405,-1.68,99662364100,13335400.0,40.0,20250610
147830,6890,6890,6590,6630,285102,1909668120,-0.9,132600000000,-207295555.0,,20250610
033100,36900,36950,35350,35500,265571,9554907050,-1.11,570215519500,-3059913825.0,36826825.0,20250610
079370,13600,13670,13290,13350,166714,2236532330,-1.11,414076816500,283492825.0,-150922435.0,20250610
054950,24450,24800,24250,24600,37499,919054425,1.03,297411343200,196887775.0,-197394900.0,20250610
023440,1871,2050,1805,1862,846855,1602835764,-0.48,138597837798,-230553201.0,,20250610
090470,4060,4060,3890,3950,31054,122052075,0.25,69032546300,13989775.0,,20250610
137950,4090,4090,4020,4065,26526,107694025,-0.37,90518663910,-21894605.0,5.0,20250610
033320,5720,5750,5580,5660,261340,1487209275,-1.05,108187685120,362273005.0,,20250610
417500,3525,3635,3475,3580,238308,852896501,1.56,117369383520,145336719.0,-124983085.0,20250610
204270,17410,18430,17230,18050,472133,8474871325,5.74,1044164811300,2417544165.0,-176241300.0,20250610
127120,9300,9880,9200,9660,275783,2672503655,6.15,260611575840,313691020.0,52110.0,20250610
026040,3195,3775,3000,3275,4819284,16093998381,0.0,54049912250,-747264.0,,20250610
452160,5620,5640,5410,5630,35287,196675510,1.99,54146677010,-31645030.0,,20250610
126880,3990,4095,3955,4010,125942,510324504,1.39,93051661030,4531622.0,-12807424.0,20250610
322510,6720,6720,6510,6550,72542,478044640,-0.76,167214242600,5316700.0,-64399300.0,20250610
033050,880,895,880,893,25645,22841216,0.9,29093352406,-251538.0,,20250610
094970,2395,2405,2370,2380,68197,162516219,-0.63,39860811200,-33940574.0,,20250610
418550,9020,9150,8930,8990,62443,562583750,-0.33,287838880270,-2273200.0,-37650530.0,20250610
420570,10890,11090,10660,10980,42401,462756225,0.83,64205363340,-38671005.0,,20250610
089790,4455,4490,4320,4420,62441,276591170,-0.67,45594567460,-10675382.0,,20250610
052670,0,0,0,2080,0,0,0.0,60588453120,,,20250610
412540,0,0,0,3935,0,0,0.0,81063616775,,,20250610
199820,10040,10130,9740,9770,326305,3235174085,-0.61,217089400000,-450263340.0,-12653580.0,20250610
038010,6950,7060,6860,6980,128526,895167815,0.72,62820000000,-128557470.0,-6990.0,20250610
080220,13930,13930,13440,13500,386106,5244543550,-2.1,464978245500,-958295950.0,-452135715.0,20250610
216080,7030,7040,6860,7010,98570,682367815,0.14,251368211180,-76340985.0,161618140.0,20250610
337930,6050,6290,6050,6230,183839,1137536860,2.64,186164704250,-19783330.0,144291640.0,20250610
229000,1737,1768,1710,1768,29545,51342600,1.84,27937884728,10201868.0,,20250610
082270,51700,54700,51000,54200,247635,13207057100,4.43,2244208506200,976547950.0,-246801300.0,20250610
044060,0,0,0,732,0,0,0.0,70075958688,,,20250610
034940,1046,1046,1020,1030,19762,20290364,0.68,31909221810,-3537041.0,0.0,20250610
067000,1746,1825,1712,1782,505878,903645450,1.08,124567940772,-92230164.0,-2797565.0,20250610
033340,1210,1280,1161,1191,14880466,18267858100,-3.33,115468114578,-294703559.0,,20250610
036930,32850,32900,30800,30950,1111285,34855897525,-4.92,1462954534950,-17415024650.0,-5867552425.0,20250610
072020,10030,10030,9930,9970,20553,204967030,-0.6,96297109390,-8473410.0,,20250610
000440,13300,13430,13270,13370,3936,52674200,0.0,83256728100,2705350.0,-13370.0,20250610
051980,3050,3050,2750,2775,1928611,5520602824,-7.81,282501379725,-494539132.0,-216892.0,20250610
228760,13080,13520,12880,13120,85661,1121621560,-0.15,319821543040,101953440.0,-6840260.0,20250610
314130,2835,2930,2820,2860,75188,215520963,0.35,88904572900,-13944401.0,,20250610
389030,2300,2400,2190,2355,264944,616303939,2.39,78543594975,37445710.0,-10667455.0,20250610
263860,19390,19480,18910,19300,38557,739210585,1.37,175236280000,72488870.0,-7192695.0,20250610
303030,981,1250,981,1120,5321006,6173525309,14.17,40035148160,-12848122.0,,20250610
036180,0,0,0,577,0,0,0.0,53929030348,,,20250610
208350,2910,2955,2795,2835,65584,186728010,-2.58,25057286415,14465920.0,14695.0,20250610
144510,21500,22050,21150,21950,88321,1908988925,1.86,346817550800,-243444650.0,-61098475.0,20250610
358570,18000,20900,17620,20800,1771810,34062008125,15.68,1281576878400,4342803005.0,2034826425.0,20250610
382480,2185,2200,2155,2180,83246,180839281,-0.46,85798565200,-49462001.0,,20250610
382800,3935,3980,3890,3905,70923,278341999,-0.76,124300215105,-20226026.0,,20250610
051160,10730,10810,10340,10420,66451,697037570,-2.89,161243560600,79319240.0,18454340.0,20250610
053050,2855,2860,2790,2810,128067,360921337,-2.09,84265147570,-149402165.0,0.0,20250610
119850,28500,28500,27250,28000,183059,5117316850,-0.36,460569452000,1065945400.0,-103195750.0,20250610
065060,1858,2040,1694,1694,2098153,3993536070,-8.92,18296561976,-105682879.0,2574633.0,20250610
204840,1288,1303,1283,1285,184943,238715089,-0.39,98900289710,67169387.0,,20250610
311320,6910,6990,6880,6890,7598,52597180,0.0,86914318400,-8642630.0,20880.0,20250610
388050,9350,9500,9110,9220,375846,3487290565,0.22,172501009140,-261100690.0,35793630.0,20250610
018120,18820,18820,18550,18610,2444,45615755,0.11,123219043200,-1350.0,-748640.0,20250610
109820,2795,2840,2775,2815,147971,414882660,-0.35,57408096600,-10534455.0,,20250610
086060,4310,4335,4250,4335,181320,779200102,0.58,37326894645,43121613.0,,20250610
036890,10880,11550,10820,11260,701112,7939353775,3.49,253150337680,-110080320.0,662834265.0,20250610
363250,9380,9390,9150,9360,18778,174124810,-0.21,65826989280,8967600.0,-46295730.0,20250610
007370,6540,6540,6410,6490,58357,378004255,0.0,84625569710,-33113740.0,,20250610
285800,2405,2405,2335,2350,114425,269748714,-1.67,41071584500,22230885.0,,20250610
085660,10300,11600,10210,11600,1351648,15166576620,12.73,653247538800,4463682130.0,-3500188335.0,20250610
261780,3155,3320,3085,3250,125383,403143485,3.83,87312049500,63783640.0,,20250610
351870,7680,7770,7530,7760,16884,129710290,0.65,86606581920,-14363720.0,,20250610
094850,6420,6500,6290,6500,104954,672835025,1.4,91000000000,181090890.0,-213750.0,20250610
004650,9960,9970,9760,9870,26408,260429745,-0.4,90714034950,-49119820.0,45500.0,20250610
278280,38200,39500,38000,39100,29513,1145239300,2.36,391000000000,20907800.0,103963925.0,20250610
362320,6200,6310,6090,6150,181841,1126106465,0.65,129465433500,158803135.0,56177800.0,20250610
066360,851,851,823,840,160817,134905207,0.0,40279692600,-1604483.0,,20250610
047820,4910,5040,4815,5000,176674,879241243,2.46,122269650000,90179446.0,,20250610
094360,16800,17060,16330,16850,138846,2334685610,1.51,356503436900,-492833190.0,-41933490.0,20250610
016920,1460,1460,1419,1424,186853,268766837,-0.7,37726798112,-72721376.0,12586.0,20250610
284620,1205,1217,1187,1215,35779,42905299,0.83,40200647895,-9029683.0,,20250610
293490,18450,18470,16930,17010,618829,10799800275,-2.8,1409558093370,-2517808955.0,-701349515.0,20250610
140430,2695,2730,2570,2625,283656,746355584,-3.85,50143324875,-150156960.0,,20250610
042000,47150,47150,45500,46050,248750,11490385100,0.99,1116853136700,-2439285000.0,-425916800.0,20250610
313760,4805,5060,4665,4760,86883,425780881,0.42,53346205360,44459885.0,,20250610
317530,5010,5140,4805,5040,18848,93788205,0.6,50598848160,-8551865.0,0.0,20250610
071850,1702,1712,1600,1690,12574,20595412,-0.53,41000985220,-853119.0,,20250610
210120,4830,4835,4605,4755,140536,663193075,-1.55,112135286775,-186326190.0,,20250610
050110,761,808,753,792,683126,539066222,4.07,58468701456,46643800.0,7285.0,20250610
452300,3830,3830,3540,3600,934943,3390369393,-6.49,50762718000,-58137630.0,,20250610
451760,9010,9410,8960,9400,61072,561445175,4.44,143370642400,189121490.0,-5058965.0,20250610
900310,778,791,740,770,62781,48675708,-1.03,49312089750,347979.0,,20250610
078340,41000,41350,40400,40950,49527,2026868650,-0.12,521611067250,513195925.0,-206378875.0,20250610
063080,32500,34000,29600,32800,626472,20126199975,12.14,216322297600,-2405569275.0,2166713225.0,20250610
307930,6460,6490,6300,6380,186407,1186773760,-1.24,99591800000,320061905.0,,20250610
079190,517,530,503,518,114048,58568699,0.19,19868156252,-1318686.0,0.0,20250610
263700,3600,3600,3165,3225,417347,1381945522,-7.73,62610795000,-178816784.0,60.0,20250610
214370,34550,34850,33800,34800,52463,1801200850,3.42,1869282000000,-139819125.0,-17002250.0,20250610
221980,11380,11400,11300,11380,1256,14296010,0.0,45916024000,,-2836120.0,20250610
038530,278,280,271,274,956900,263294062,-1.44,31705731078,57336998.0,,20250610
192250,10110,10110,9720,9950,97544,965119645,-1.58,70317893750,-78410230.0,,20250610
431190,5860,5860,5510,5530,222929,1252275340,-4.66,41400024260,-209380370.0,,20250610
115500,10950,10950,10630,10730,118175,1272277265,-2.01,128760000000,-84485795.0,10840.0,20250610
089150,4675,4750,4210,4355,2534395,11167727474,-5.22,74688250000,389790755.0,-5.0,20250610
025880,2925,2950,2865,2880,214840,621855145,-1.54,48141671040,38679030.0,1435000.0,20250610
093320,82900,84300,82100,83500,12733,1058691250,0.72,407480000000,36941150.0,50250600.0,20250610
093640,3900,3940,3770,3800,64746,247045623,-2.56,123905551200,-43704363.0,,20250610
073010,4300,4390,4300,4355,115545,502660354,1.4,175032893750,81908466.0,,20250610
105330,4140,4440,4075,4315,46861,199408699,5.24,69299020820,13391571.0,0.0,20250610
053080,12900,12900,12540,12640,55472,702291950,-1.48,164317560480,-20713660.0,0.0,20250610
199430,7280,7480,7190,7280,25913,190110360,0.0,79116950640,17963860.0,,20250610
432470,10350,10390,10140,10300,4135,42500310,-0.1,90347026800,-9595160.0,0.0,20250610
272110,17460,17500,17120,17380,45628,789042765,-0.11,139481365100,3758995.0,73083030.0,20250610
039420,2820,2850,2780,2795,76615,215285891,-1.93,67512470350,-14913729.0,-40465.0,20250610
083550,3080,3190,3080,3150,74419,234443055,1.29,40795294050,3616415.0,,20250610
032500,10380,10540,10250,10350,131866,1370226650,-0.29,412146139050,-153172490.0,-134885600.0,20250610
225430,630,642,605,629,147798,92603277,-0.16,17540954450,269418.0,,20250610
102370,4160,4245,3925,4090,399037,1620932612,-2.15,111367468900,18091314.0,10.0,20250610
068100,3545,3810,3440,3805,207815,772352604,7.49,37820231270,44400074.0,,20250610
106080,2205,2225,2115,2175,86640,186258850,-1.58,54669636375,11036820.0,-847790.0,20250610
036030,4580,4645,4575,4580,109276,503323533,0.0,224508316140,74479270.0,-25893375.0,20250610
064820,6550,6670,6460,6520,105652,693411095,-0.46,201479266560,154667905.0,-6790.0,20250610
024880,4580,4845,4540,4800,278045,1317182999,4.58,99277430400,-93803302.0,99197265.0,20250610
042040,268,291,266,277,1692183,476058944,4.53,53739354530,29372808.0,2212003.0,20250610
054410,3900,3900,3725,3755,8166,30783102,1.21,21502797220,-6964205.0,7792280.0,20250610
258610,1705,1731,1686,1713,33582,57293299,0.47,45886358829,5560828.0,,20250610
274090,13180,13950,13080,13340,467662,6344646580,1.52,174817365000,668619715.0,-5564730.0,20250610
089010,25100,25100,24150,24300,227393,5567785150,0.0,372624607800,-2277989025.0,852600.0,20250610
220260,4740,4760,4665,4690,199256,939737903,-1.37,124558459830,117172273.0,85.0,20250610
052400,72100,72800,66400,71300,2558749,178274764600,-4.68,1038362648300,-1554208900.0,1690917400.0,20250610
402030,39600,40500,38950,39800,298378,11787154575,-2.57,456398062400,1250163425.0,-1228755350.0,20250610
391710,1679,1710,1627,1671,86590,145041066,0.66,70290758706,36235317.0,,20250610
046070,0,0,0,10280,0,0,0.0,159196994920,,,20250610
047770,1831,1860,1798,1799,229254,418068430,-3.02,68078840998,4634755.0,,20250610
080530,1598,1598,1541,1541,82126,128510791,-3.51,70781219705,-23508991.0,0.0,20250610
104540,6440,6500,6340,6400,22466,143652665,-0.62,81828736000,-16083910.0,,20250610
027050,2465,2475,2445,2460,180657,445053751,-0.2,98400000000,60804729.0,,20250610
190650,7430,7490,7290,7410,23375,172534915,0.68,47335080000,-21442530.0,,20250610
123410,4695,4995,4645,4995,487512,2371540753,7.53,139066114680,553747952.0,75849068.0,20250610
036690,0,0,0,2885,0,0,0.0,45885746130,,,20250610
049430,10230,10340,10180,10300,38365,394342690,0.88,93194400000,113295180.0,-4783330.0,20250610
183300,66800,68800,65500,66900,125051,8393309600,2.14,699819759600,-2039102350.0,2248427750.0,20250610
041960,5380,5390,5180,5190,154947,814247930,-3.53,375962681370,-162613760.0,-46877280.0,20250610
089890,7360,7400,7190,7290,52551,381915600,-0.55,120904372980,21954600.0,-7180.0,20250610
360350,8020,8200,8020,8170,7531,61020030,1.36,46609604900,-4165860.0,-2542850.0,20250610
082660,0,0,0,480,0,0,0.0,47827617120,,,20250610
222040,5050,5130,4810,4945,155799,769524685,-2.08,102005460000,-105492870.0,-146092985.0,20250610
241710,51600,53300,50900,51800,92052,4793434700,0.97,553224000000,-1294919800.0,364077000.0,20250610
355150,9500,10210,9340,10100,367178,3658899735,8.02,78753235000,-267426520.0,-65398620.0,20250610
166480,2990,3080,2930,3010,70721,211718900,0.84,98939831760,51829635.0,-10611580.0,20250610
045970,3790,3790,3465,3690,63713,228987735,1.93,97101892440,-70230565.0,-57045.0,20250610
196450,713,715,709,712,42551,30282375,-0.14,32267542384,-364721.0,,20250610
384470,6870,6900,6610,6660,149884,1003750405,-3.48,85521486240,-96295105.0,-9994380.0,20250610
029960,0,0,0,8940,0,0,0.0,434311636800,,,20250610
102940,28850,30300,28600,29300,40634,1195147925,1.91,364005239100,371279150.0,-450.0,20250610
950160,38900,40000,38000,38500,216558,8394158750,-0.9,3141636767500,683906450.0,-150861600.0,20250610
033290,2275,2300,2250,2300,65226,148428206,1.1,129159492300,-21485155.0,4405.0,20250610
056360,5850,5910,5720,5820,32043,185479755,-0.51,57017376000,-5420690.0,-3990.0,20250610
282880,12400,12470,12300,12370,14559,180073315,0.08,141876106900,17602930.0,-49210.0,20250610
121850,1009,1010,985,1006,105792,106127657,-0.3,30797860050,-7513774.0,,20250610
448710,18200,20400,18170,18950,499129,9575233695,5.57,99688161550,186826375.0,-181824130.0,20250610
126730,12790,12790,11830,12440,148900,1848416380,-2.74,105783042400,246789165.0,-9676420.0,20250610
015710,4250,4295,4220,4285,49072,209387075,0.23,75118192500,37080300.0,,20250610
052330,9900,9940,9730,9890,39051,386175690,0.51,163453750860,66483140.0,8314800.0,20250610
322780,1079,1105,1074,1096,132786,145569665,1.58,41574143848,16328422.0,-1833.0,20250610
200130,15190,15300,14920,15210,62395,945235015,0.46,447410637180,128414185.0,1956990.0,20250610
294570,34550,35100,31650,32900,926157,30222377325,-8.1,337379136500,264646000.0,-2007506575.0,20250610
317690,3590,3590,3500,3530,57354,203285560,-0.98,64049340170,-2669010.0,0.0,20250610
227100,0,0,0,612,0,0,0.0,14770119384,,,20250610
432720,15000,15500,14530,14850,186062,2776916610,0.54,208069468200,-197088305.0,-1044060.0,20250610
365270,4730,5070,4695,5060,290197,1421658123,7.89,70886324300,251546017.0,,20250610
348080,1121,1178,1108,1129,560491,639466713,0.8,83391173456,-87989595.0,,20250610
060280,9870,9890,9670,9770,145118,1414519895,-0.41,401449202300,-106419580.0,-128109990.0,20250610
372320,28300,28850,27950,28750,34124,965424950,1.95,411802953750,51734650.0,-33553600.0,20250610
051780,898,953,869,953,102295,93531630,6.12,22149859485,-3264615.0,,20250610
115180,11000,11340,10290,10550,209226,2192237670,-4.09,355807896850,-829407805.0,-65157820.0,20250610
445680,32800,33300,31600,32100,345724,11121186850,-3.75,518391888000,-264709650.0,-1052554500.0,20250610
182360,18650,19840,18300,19460,308783,5928167905,5.02,291948455400,1179372330.0,661730750.0,20250610
405100,13330,13360,13060,13260,26114,344670510,-0.45,162956131260,-63032150.0,3721520.0,20250610
066310,7950,8000,7840,7920,7546,59820020,-0.38,73431238320,-20645960.0,15980.0,20250610
016600,284,332,280,301,11842546,3659586288,6.74,53652380712,1595482.0,-2251411.0,20250610
355390,10400,10400,9810,9980,339572,3412886685,-5.49,92892981720,-503888305.0,-53996540.0,20250610
096240,14250,14310,14140,14290,19259,274371125,0.28,159164592200,5937535.0,2330630.0,20250610
040350,623,629,577,590,891110,529618973,-5.6,113991140570,-46094971.0,,20250610
110790,5070,5070,4840,4990,110696,546176830,-0.6,116920490400,39485315.0,-1073645.0,20250610
900250,939,950,926,941,877883,825776667,0.21,122932243764,-18386149.0,,20250610
045520,4685,4695,4602,4645,7120,33119972,0.32,30192500000,-550590.0,-1513765.0,20250610
214150,58300,58400,55500,57600,553504,31411215666,-1.54,3773125958400,1137145400.0,-6101465800.0,20250610
466100,18200,18350,17940,17940,360121,6510104525,-1.27,442245021660,-712337295.0,4716625.0,20250610
237880,16430,16920,16330,16800,209730,3503231615,2.88,303598730400,554883930.0,11866625.0,20250610
139670,2725,2735,2645,2690,29709,79634568,-1.28,37979598900,497445.0,,20250610
475430,8130,8470,7860,7960,2311800,18900681865,-3.05,142070955600,228162695.0,8230040.0,20250610
487720,2140,2145,2140,2145,1759,3771900,-0.23,9073350000,-12870.0,0.0,20250610
489480,2080,2105,2080,2100,7170,15038170,0.0,13860000000,-560770.0,11809930.0,20250610
446840,2090,2125,2065,2125,32988,69282478,0.95,12495000000,-1237910.0,-21998920.0,20250610
054780,4285,4485,4210,4360,115209,503535969,1.75,85228377480,60921057.0,1383790.0,20250610
256940,16100,16660,16010,16460,312962,5106351825,3.2,313996062600,253740575.0,-37017330.0,20250610
219130,13450,13450,13030,13070,13142,173114360,-2.83,82527770300,9221560.0,,20250610
336680,5100,5200,4980,5030,74734,380204525,0.0,98451078370,-37091050.0,-19451100.0,20250610
360070,24900,25300,24550,24550,24110,599285900,-0.61,199923980650,-70790875.0,74503750.0,20250610
065130,3820,3905,3790,3830,16886,64717161,0.26,62545746060,3058985.0,,20250610
134580,1930,2165,1855,1855,1840410,3727800882,0.0,91440646395,-13609789.0,,20250610
023160,21250,21450,20800,21400,439936,9278948325,0.23,567100000000,1735838275.0,-1713243875.0,20250610
323280,22950,24000,22700,24000,316159,7419906500,4.58,732017520000,-392613150.0,164844925.0,20250610
053620,6900,6950,6780,6820,7056,48258930,-1.16,58652000000,-786560.0,0.0,20250610
044490,27700,33400,26200,29300,6371541,194791295025,4.27,586216263300,-531845575.0,-323727275.0,20250610
124560,3020,3020,2955,2975,197035,589124341,-1.0,112801837400,-13112253.0,-4280995.0,20250610
191420,19190,19500,18970,19280,16535,316298440,0.47,156338319520,52954250.0,-30.0,20250610
073640,0,0,0,654,0,0,0.0,69571715580,,,20250610
066700,3020,3060,3015,3035,79448,241486211,0.5,112757461160,57290556.0,354720.0,20250610
095610,24300,24400,23700,23700,72757,1737731450,-0.84,468506956200,-326226000.0,-126685150.0,20250610
064520,2105,2115,2080,2100,4702,9884462,-0.24,46937230200,-1126717.0,,20250610
089030,35600,35650,33850,34050,546982,18757702875,-3.27,1271891612250,-2263395325.0,-4911239575.0,20250610
054450,13980,14120,13850,13900,40648,567034900,-0.22,210504838700,13969115.0,181250.0,20250610
200230,4000,4175,3865,4110,44491,182160817,3.66,49422844530,71215362.0,1067680.0,20250610
393210,7580,7580,7090,7170,454142,3287212135,-3.63,111956280480,-252390105.0,-23319980.0,20250610
475960,25400,26550,24750,25950,288678,7436050300,2.77,341784180300,-2223736225.0,559401400.0,20250610
215480,2510,2550,2480,2505,32973,82839645,-0.2,22995900000,-10499220.0,,20250610
051360,14440,14520,14150,14480,121178,1743388245,1.83,232650999840,169438705.0,-385440525.0,20250610
045340,6150,6400,6010,6300,140276,881112695,2.44,53915652000,14038435.0,7360.0,20250610
108230,4260,4420,4225,4410,149274,651376628,3.64,167682510450,79127358.0,44100.0,20250610
079970,0,0,0,596,0,0,0.0,6807796888,,,20250610
199800,31300,32700,30700,31000,12667,394402850,-0.64,266059205000,125125400.0,-81735950.0,20250610
417790,9680,9770,9580,9650,57281,554176000,0.42,106146622500,12697570.0,107145460.0,20250610
290090,8180,8290,7970,8090,6418,51667280,-1.1,60191768120,-3440240.0,8200.0,20250610
026150,8150,8150,7790,7880,162880,1291402965,-1.5,138265088280,-58194560.0,-25233740.0,20250610
464280,11800,11800,11510,11770,19709,230232325,0.09,65088100000,-16055575.0,,20250610
117730,12200,12450,12010,12040,365274,4445839215,-1.07,226136363600,-853030240.0,-12860705.0,20250610
033830,727,735,727,732,63923,46712865,0.14,73200000000,,-8859.0,20250610
057680,864,969,846,940,3047718,2819700884,8.92,66973590940,-57712391.0,0.0,20250610
204610,1988,2045,1966,1996,345468,693727732,0.4,122398153120,50304095.0,-10915355.0,20250610
125020,6460,6990,6360,6650,8609377,57671228225,6.74,227614969750,737898980.0,-535963835.0,20250610
064760,94800,95400,93300,94500,22889,2161143000,0.11,1103287500000,141304500.0,-94900900.0,20250610
246710,4805,4950,4710,4930,54013,261345040,2.6,106225862040,38004815.0,5095245.0,20250610
340570,64200,65500,63500,65300,62158,4012492900,2.35,530758400000,-1613357200.0,632794000.0,20250610
043220,0,0,0,171,0,0,0.0,27227331873,,,20250610
277880,5360,5410,5300,5300,40227,215055110,-0.93,107093114400,-33079350.0,,20250610
131290,41250,41400,40500,40650,43886,1788685500,-1.09,449647088850,68104050.0,-591304100.0,20250610
425420,25150,25250,24300,25000,36476,903648800,0.2,284525000000,-230620025.0,257758850.0,20250610
484810,16860,16910,16540,16620,156774,2620029165,-0.89,256794207300,-266398680.0,,20250610
131100,1410,1472,1400,1459,59940,86477527,3.48,40922399668,2216594.0,1356339.0,20250610
356860,18510,18510,18020,18140,67124,1218618760,-0.38,178363908200,-215552300.0,-9162570.0,20250610
321550,6300,6390,6110,6310,174455,1087828170,2.6,168674364180,259481675.0,-110542440.0,20250610
425040,6620,6780,6570,6580,51342,340428060,-0.9,140345359560,1230480.0,-40382950.0,20250610
241790,6200,6230,6020,6100,35602,217194440,-0.81,61016067400,55518630.0,,20250610
104480,1644,1670,1625,1647,402259,664300871,0.43,149704779798,-59654220.0,17287.0,20250610
081150,3200,3250,3190,3210,108103,347246663,0.47,77901570420,-24758923.0,,20250610
130740,1787,1820,1773,1800,25476,45765797,0.73,20298022200,-9477371.0,,20250610
084730,9320,9640,9250,9390,20750,193912370,0.75,104317491360,15711110.0,-822230.0,20250610
440110,10770,10780,10500,10660,67540,716565975,-0.47,526906882580,58280895.0,8911410.0,20250610
033540,1350,1350,1332,1340,110519,147973538,0.37,50586424420,-8564391.0,,20250610
388870,6960,7000,6810,6960,31027,214408225,0.58,90103686720,-4741245.0,-20340500.0,20250610
043200,1288,1324,1288,1288,1249551,1632480719,0.63,53843957720,13251163.0,,20250610
214450,510000,525000,505000,520000,84979,43996548000,3.79,5464992000000,-1385265000.0,-2547277000.0,20250610
208340,0,0,0,2915,0,0,0.0,233786229820,,,20250610
177830,3080,3080,3020,3050,10094,30669385,0.49,41156550550,554260.0,,20250610
037070,7410,7450,7080,7140,127192,917796435,-3.51,142800000000,-318955270.0,100.0,20250610
150900,5030,5030,4925,4970,18723,92978205,0.1,58076547340,-24073300.0,,20250610
037030,2635,2730,2600,2610,231775,610284245,-0.76,57104122140,104095125.0,11433760.0,20250610
047310,4540,4575,4500,4570,56995,258482845,0.66,167311150350,-47233810.0,-2688435.0,20250610
368770,6650,6870,6600,6810,179628,1210247185,3.03,223737272250,72893170.0,-8273320.0,20250610
170790,7680,7690,7570,7580,5146,39225140,-0.66,51970981400,-5072320.0,0.0,20250610
049120,979,995,979,992,17110,16931116,1.33,51596642048,26.0,,20250610
038950,3445,3555,3310,3360,7963,27009020,-2.47,34308170400,395000.0,10.0,20250610
387570,8110,8210,8050,8150,50507,410429910,0.0,45851085000,61063500.0,-3827270.0,20250610
441270,5410,5460,5340,5400,95982,516372785,0.93,199734665400,160227120.0,-89168510.0,20250610
106240,1143,1155,1088,1107,271328,304660295,-3.15,18818269380,-22419359.0,23.0,20250610
131760,816,816,797,797,329681,264389645,-1.73,34614971651,-47951442.0,-282510.0,20250610
065690,1079,1079,1053,1065,22945,24336164,0.85,14962537515,-676048.0,,20250610
140860,265500,268500,263000,265000,32993,8740868500,0.38,1852343905000,687573000.0,-898426250.0,20250610
091700,6640,6660,6580,6600,229452,1517564990,-0.6,376200000000,-12188430.0,-442789245.0,20250610
032800,569,593,566,588,459191,267310615,3.34,27022750104,-1900723.0,,20250610
318010,3900,3935,3855,3865,6555,25471100,-2.15,30646891370,1368785.0,2070840.0,20250610
027710,1323,1326,1305,1309,404323,531569976,-0.61,145844329400,219711.0,-1955576.0,20250610
225590,955,987,955,984,129249,126452648,3.04,26210525592,-2029878.0,,20250610
054300,678,678,653,656,1651613,1094759485,-3.24,75926679840,-130033473.0,,20250610
068050,2220,2580,2185,2485,3822611,9315258775,11.94,68819778860,877861279.0,107134613.0,20250610
222110,6400,6590,6400,6540,24392,158323250,2.19,88252048380,25345230.0,,20250610
271830,1630,1717,1617,1679,162364,270240566,3.01,49514049158,1327441.0,-517215.0,20250610
263750,38450,39250,38400,38450,193777,7500356175,0.0,2470330024750,629944025.0,-352421900.0,20250610
251970,56500,58900,56500,57100,39487,2266268950,0.88,708040000000,539485550.0,-303721900.0,20250610
168360,11330,11500,10960,11030,106727,1189633595,-0.81,234809772520,-150192730.0,22260.0,20250610
087010,163800,205000,162700,192500,1494010,275238432600,19.79,4484739875000,5098881600.0,2862572350.0,20250610
064800,1205,1229,1191,1216,390056,470835725,1.0,155413674368,75419231.0,94848.0,20250610
119500,3255,3265,3200,3220,227488,735704067,-0.16,38148087040,-633191.0,,20250610
389140,21350,21350,19400,19590,1637921,32880044575,-8.88,217698478650,-4730001125.0,1490.0,20250610
105760,7620,7870,7280,7500,344062,2596211135,-1.06,72307575000,-165376755.0,,20250610
009520,11330,11480,11220,11320,80057,909698980,0.09,471395397960,-1012920.0,-24562140.0,20250610
189690,2380,2385,2335,2370,135100,319023264,-0.42,64753066530,-7716488.0,,20250610
318020,4500,4515,4375,4400,32938,145208770,-1.46,55713996800,-60732620.0,-3135.0,20250610
256630,1148,1157,1148,1153,11217,12938006,0.44,66870624016,44950.0,,20250610
331380,1627,1670,1590,1600,42331,68293512,-1.66,36360723200,-13167829.0,,20250610
208710,2425,2435,2380,2410,64813,156094490,-2.23,31764118120,-23223255.0,,20250610
472850,8320,8490,8020,8190,217567,1780283105,-1.56,264896811270,270159235.0,98133765.0,20250610
039980,3005,3005,2920,2950,1255350,3708496584,-2.64,214453388800,32413539.0,,20250610
041910,9030,9360,8710,9020,849824,7655652615,1.12,121784495140,-499514845.0,-43074130.0,20250610
234100,1057,1071,1054,1065,107721,114584560,0.85,69783406125,-8718555.0,,20250610
041020,5980,6010,5830,5900,441698,2604887345,-1.01,293380438200,41405635.0,9138270.0,20250610
114630,537,542,530,536,185999,99915986,0.0,47139885728,-3888405.0,,20250610
290720,2195,2230,2140,2180,22778,49504930,-0.68,53475238680,-2603020.0,,20250610
005670,5570,5600,5520,5550,14135,78479690,-0.36,55500000000,-27975690.0,1004640.0,20250610
094940,8260,8430,8120,8430,131067,1088148595,1.08,70486483980,-134871790.0,-40.0,20250610
057880,0,0,0,8790,0,0,0.0,216061434720,,,20250610
007330,9490,9570,9300,9390,68184,643972790,-1.05,141627492000,-172462450.0,,20250610
093380,2640,2655,2615,2615,14255,37451230,-0.95,25834403495,501305.0,-2640.0,20250610
023900,9300,9490,9270,9280,28066,263000930,0.0,116928000000,8462605.0,1021920.0,20250610
371950,10190,10190,10000,10080,13324,134193100,-1.08,212088119040,-15999760.0,-34719080.0,20250610
370090,18100,18110,17420,17790,126636,2243446840,2.07,152226005700,-52074830.0,-320969555.0,20250610
445180,5920,6000,5870,5910,15903,94121700,-0.17,99105901080,-10258390.0,-11840.0,20250610
151910,0,0,0,640,0,0,0.0,121645902080,,,20250610
220100,16310,16700,16200,16660,134656,2211421735,2.15,368221902300,763087220.0,-702078180.0,20250610
035200,3790,3790,3660,3745,77695,288943949,-1.19,36441059550,36073079.0,,20250610
334970,3755,3830,3745,3805,41640,157876238,1.33,294574108785,23210290.0,129490.0,20250610
321260,2195,2195,2160,2190,71696,156128064,-0.23,61740663960,-4274799.0,,20250610
053610,24900,25000,24450,24500,18895,467252150,-1.8,269500000000,51120050.0,-16798700.0,20250610
303360,3250,3280,3200,3225,13604,43876347,0.16,41529018375,-787715.0,551790.0,20250610
377220,2315,2345,2230,2260,908798,2065552404,-2.59,63980600000,130688754.0,50.0,20250610
335810,2625,2725,2545,2630,32431,85403856,0.19,30546203380,-3463055.0,10215.0,20250610
053160,9160,9270,9020,9020,34312,312985070,-2.38,54120000000,-18985860.0,0.0,20250610
405000,9030,9690,9030,9390,11757,110317090,4.1,36042989160,-7220610.0,,20250610
041590,0,0,0,2370,0,0,0.0,116064014460,,,20250610
367000,4410,4445,4340,4435,5860,25921555,0.8,37201698045,-5367965.0,,20250610
075130,3265,3265,3105,3190,405962,1291128073,-3.04,53025200800,111154159.0,,20250610
237820,5340,5340,5190,5310,37655,198550840,0.0,68112113400,3076310.0,,20250610
023770,3135,3135,3050,3115,29731,91653085,0.32,27308644300,9328357.0,,20250610
019570,321,328,317,321,694878,223114399,0.31,20964523482,23569754.0,,20250610
300080,23800,29000,23000,28300,1416272,38180402125,19.41,155701421100,731237375.0,86086950.0,20250610
033790,4760,5070,4710,4930,162490,799360924,3.9,112516404000,54042034.0,-73574108.0,20250610
032580,1231,1241,1210,1229,153150,187629765,-0.16,40719306656,-12481154.0,,20250610
051380,2440,2470,2395,2410,48261,116763510,-1.23,36969573520,-25235345.0,,20250610
241820,0,0,0,302,0,0,0.0,17869934034,,,20250610
452450,8780,8790,8370,8500,957179,8172246060,-1.73,304521000000,-113454865.0,-62422750.0,20250610
237750,4450,4455,4350,4380,24090,105838059,-1.79,28455108000,-471306.0,25.0,20250610
460940,14070,14100,13570,13570,94675,1308512660,-2.79,87821511800,-29553810.0,-84485510.0,20250610
319660,19800,19830,19360,19450,158307,3086344085,-0.77,563402587300,38786950.0,-355106070.0,20250610
031980,33700,33775,32800,33000,106020,3522757675,-0.6,711559035000,-237068875.0,-329543000.0,20250610
002230,4150,4160,4070,4140,9460,38964245,-0.24,79793614800,-381065.0,-2877150.0,20250610
043370,10880,11130,10680,10900,44283,483872180,0.55,228900000000,-51092070.0,-74375110.0,20250610
239890,5160,5380,5160,5330,63740,337273325,3.5,52957574150,103266790.0,-1819300.0,20250610
347740,2950,3040,2870,3040,351115,1050206520,5.56,91232151040,168962107.0,59440650.0,20250610
137400,32300,32500,31550,31750,136820,4358922475,-0.94,753842980500,-338917500.0,-239997500.0,20250610
257370,2835,2855,2790,2800,15665,44036793,-1.23,35013610800,-1502414.0,,20250610
147760,2570,2575,2510,2560,14987,38192859,-0.19,27698856960,-649941.0,,20250610
128660,3065,3095,3055,3080,57306,176197990,0.49,76394376520,2858556.0,0.0,20250610
006140,6200,6330,6030,6240,93124,578123655,1.46,93600000000,-76969725.0,,20250610
376180,2850,2855,2740,2785,221468,617497962,-2.28,51498487730,33861417.0,,20250610
304840,2585,2585,2515,2535,97023,245612405,-0.59,53813768385,-53892740.0,,20250610
087600,7050,7170,6920,7070,12113,85331280,0.28,57737565060,-8252880.0,,20250610
291810,2185,2195,2120,2150,28007,60433965,-1.6,24419080800,1393595.0,,20250610
378340,13360,13460,13270,13300,47173,629419885,-0.15,284325830600,-48617030.0,-465770.0,20250610
161580,38150,38150,36600,36850,438414,16283081550,-0.41,843339224200,-1650426975.0,-93781225.0,20250610
347770,1623,1670,1500,1623,92807,148501685,0.0,37096979166,153068.0,1630.0,20250610
163730,14630,14630,13380,13850,830360,11467233185,-5.14,129713670800,-1027348730.0,44764165.0,20250610
417180,2970,3590,2865,2945,22459513,74269892614,5.94,49523735505,-230230225.0,-214450.0,20250610
446750,2110,2120,2110,2120,2713,5747595,0.0,12783600000,-10575.0,5065690.0,20250610
448370,2125,2130,2120,2130,12404,26323350,0.0,11970600000,-133800.0,-12542260.0,20250610
454750,0,0,0,2045,0,0,0.0,14728090000,,,20250610
454640,2110,2110,2095,2110,6881,14456415,-0.24,11396110000,-4215.0,-2912500.0,20250610
469880,2070,2080,2065,2080,9773,20264545,0.0,15194400000,32955.0,12870755.0,20250610
469900,2075,2090,2075,2080,15986,33319050,-0.24,11658400000,-1829280.0,23422175.0,20250610
475240,2160,2175,2160,2165,2017,4358665,-0.46,6928000000,-125020.0,-145055.0,20250610
475250,2125,2165,2125,2165,599,1286975,0.0,8010500000,-2155.0,554245.0,20250610
484130,2100,2105,2095,2105,3013,6331830,0.0,9514600000,2100.0,3703830.0,20250610
299030,23600,24150,22800,22950,24329,567285400,-3.16,183483184500,-15492925.0,3820400.0,20250610
067310,11470,11690,11190,11470,657951,7578450365,1.15,760139255030,4325890.0,-47838250.0,20250610
166090,25700,26000,25200,25350,148637,3800854150,-0.39,501364035900,463111425.0,-1315938850.0,20250610
136480,3295,3295,3230,3265,1263153,4120424347,-0.61,346774677030,407307122.0,-2145065.0,20250610
003380,9360,9430,9090,9120,833364,7711503365,-1.51,1021491263520,1841046445.0,-782660805.0,20250610
450330,8540,8640,8500,8570,27090,232476490,0.0,67154597130,17843315.0,-9141145.0,20250610
101670,1394,1395,1347,1373,326221,444855623,0.96,74375368810,27908586.0,,20250610
365590,644,647,634,635,118418,75699725,-0.63,98287277390,6821270.0,-45393.0,20250610
149980,0,0,0,5090,0,0,0.0,94645307670,,,20250610
013030,30700,31350,30400,30900,99059,3051445525,-0.32,379929157800,229609675.0,71230500.0,20250610
126700,14720,14900,14620,14750,100598,1485656180,0.96,220396152000,-16850510.0,19260680.0,20250610
450050,2085,2090,2080,2085,4823,10063725,0.24,10454190000,1165945.0,4933270.0,20250610
160190,36950,37500,36150,36300,134313,4939606650,-1.22,1121234400000,-765468700.0,-453390250.0,20250610
221840,1826,1845,1789,1844,24588,44700715,0.99,34483834484,347871.0,,20250610
106190,12550,13000,12320,13000,36051,455087770,4.42,138231249000,57421740.0,-49582360.0,20250610
065650,0,0,0,229,0,0,0.0,24430116399,,,20250610
066130,5220,5270,5140,5200,35849,186224105,-0.76,66560000000,-566910.0,1579800.0,20250610
004590,5370,5510,5300,5410,104083,563201585,0.74,81150000000,32554145.0,-61660.0,20250610
039340,5550,5550,5500,5550,22894,126996390,0.0,124875000000,-12441120.0,-5420.0,20250610
034950,101800,101800,98300,98600,6280,624715950,-1.6,447694680400,276144050.0,12437000.0,20250610
222980,4020,4060,3840,3860,621147,2425347460,-3.98,42581524380,12216128.0,15.0,20250610
256840,5200,5620,5140,5320,4499526,24358651580,3.1,363860793520,-1016648520.0,255832460.0,20250610
219750,1300,1395,1252,1337,933612,1229533451,5.19,87475745245,288050229.0,,20250610
025550,4020,4115,3905,3945,1571024,6291643360,-1.87,100652745780,595883672.0,,20250610
017890,9980,10210,9800,10030,132892,1338574400,0.8,216705772800,27565330.0,6511980.0,20250610
080720,0,0,0,2725,0,0,0.0,21562456300,,,20250610
041460,4180,4180,3920,4050,319429,1290319602,-1.46,76950000000,133790.0,,20250610
101680,2520,2530,2445,2485,46921,116562635,-1.78,20883940000,-5606270.0,,20250610
039740,2930,3010,2925,3010,21986,65087203,1.86,24135374970,3677301.0,,20250610
053300,8020,8260,7220,7700,10492827,80812636315,-1.28,326798479700,134738380.0,1070056400.0,20250610
025770,8210,8240,8000,8040,34339,278307810,-1.35,301051938840,-319360.0,4930790.0,20250610
458610,2195,2195,2170,2180,1528,3317490,-0.46,9221400000,10875.0,-17440.0,20250610
464440,2170,2175,2155,2170,3739,8105455,-0.23,9374400000,-219170.0,-6128080.0,20250610
479880,2130,2150,2130,2145,9391,20073311,0.94,14736150000,-36265.0,-6848000.0,20250610
062970,4460,4460,4310,4365,420380,1831562277,-2.13,86151210570,-420237749.0,,20250610
023760,687,717,682,705,708121,494910036,3.07,222504751080,65817628.0,14112.0,20250610
054040,4990,5050,4935,4965,55045,273355609,-0.5,79793954850,13576584.0,,20250610
021650,2515,2520,2485,2510,17747,44397192,-0.2,41039913130,-2317807.0,,20250610
032300,14770,14870,14600,14690,7174,105443285,-0.61,160219437690,25679450.0,221260.0,20250610
037230,2020,2040,1994,2005,81150,163310497,-0.74,59749655635,-7236383.0,-807124.0,20250610
448900,16060,16580,15960,16060,345654,5591603495,0.12,96431579420,100683750.0,-256888825.0,20250610
030520,29050,29450,28550,29100,633494,18365689225,-2.18,703630550400,2029382850.0,-1238940525.0,20250610
052600,4940,4940,4675,4715,392915,1865701266,-2.78,54522845500,94661493.0,-10.0,20250610
256150,6200,6270,6150,6230,9236,57442860,0.48,52300850000,-2478800.0,,20250610
092460,9200,9460,9130,9390,112352,1046957760,2.85,160659895200,193779070.0,30890.0,20250610
452190,5620,5630,5410,5470,605697,3323814160,-0.73,127815066790,-84215585.0,,20250610
047080,1423,1452,1409,1446,131080,188602415,2.26,35893135452,-3067916.0,,20250610
452280,7520,7720,7380,7490,78173,592057710,-0.13,129320467500,67295750.0,3690960.0,20250610
066980,1535,1553,1471,1480,270195,407840510,-3.27,76863985000,-68484589.0,,20250610
114810,9250,9440,9080,9380,149044,1391096215,2.74,268203972120,-317103455.0,352665030.0,20250610
070590,2000,2050,1950,1989,122275,241478877,-0.3,27606367269,-9574420.0,,20250610
226440,63,63,52,52,25414224,1404912048,-96.6,3418437672,-929082.0,-52038.0,20250610
042520,9000,9410,8960,9260,47060,433090680,2.55,125254158420,91415920.0,21774790.0,20250610
430690,5640,5640,5510,5560,183161,1017065825,-1.24,60578018120,-55444450.0,,20250610
078350,9520,9580,9370,9410,43628,411456055,-0.95,143449634620,-15162665.0,28230.0,20250610
045100,17130,17260,17020,17100,38165,653571830,0.18,307800000000,46397770.0,62695720.0,20250610
320000,2700,3150,2700,3045,621686,1838812139,11.95,98192051055,430894854.0,,20250610
091440,3120,3225,3050,3070,165420,515914720,-1.44,84562671080,42481415.0,,20250610
276730,2780,2800,2570,2680,135406,361235822,-2.9,42015314080,-31393335.0,,20250610
024740,2135,2140,2105,2130,421813,896098132,0.24,70070714370,-94842301.0,,20250610
005860,3690,3695,3655,3655,97599,358570184,-0.68,144020468675,5416929.0,-84065.0,20250610
007770,9900,9900,9760,9880,2087,20558200,-0.2,34678800000,65980.0,,20250610
198940,780,785,772,781,63460,49357222,1.17,30398845818,-886291.0,,20250610
058450,1085,1167,1085,1144,50694,57106718,5.73,16923902424,13510373.0,,20250610
107640,26400,26400,25500,25600,263856,6788524325,-3.03,231883417600,1723793150.0,-1301433575.0,20250610
079170,7150,7150,6940,7060,13695,96472170,0.14,36712000000,-1223110.0,,20250610
054920,3500,3585,3380,3490,602248,2103592914,0.58,98477612690,108981393.0,30.0,20250610
457370,8220,8500,8110,8420,98340,821653460,2.68,67588468280,-15923465.0,168656070.0,20250610
002680,784,784,753,770,35946,27480436,0.0,24883935230,-557231.0,,20250610
098070,38050,38550,37050,37600,308200,11628329425,-0.92,418154901600,-842706750.0,12145800.0,20250610
455310,0,0,0,2010,0,0,0.0,10170600000,,,20250610
498390,2015,2020,2015,2020,3705,7469105,0.25,10019200000,2020.0,-1146535.0,20250610
034810,7890,7950,7600,7670,60534,467993380,-2.79,249711093190,-36386670.0,9806890.0,20250610
03481K,7970,8480,7720,7950,14756,116862020,-0.13,11041929900,1121990.0,521330.0,20250610
059270,6090,6130,5950,5960,143694,862893860,-2.13,66399162040,-14072780.0,,20250610
076610,749,749,716,721,191071,138760780,-2.3,18351755758,3779175.0,-22879690.0,20250610
220180,2635,2685,2515,2530,46919,120935225,-0.2,49102240000,3103040.0,,20250610
900270,230,254,229,237,27517745,6657483923,3.04,41778913632,115320800.0,,20250610
214180,15590,15640,14000,14090,942797,13728531495,-7.91,184925797170,-2875509085.0,304078550.0,20250610
234340,24700,25400,20650,21650,2694743,61222868050,10.69,204657450000,-2672177800.0,1389575350.0,20250610
084990,3005,3030,2935,3030,62183,186084234,2.02,139661174910,-11319770.0,526985.0,20250610
187660,1462,1478,1445,1468,101324,147901248,0.41,63108114772,-4537289.0,,20250610
170030,5870,5900,5790,5830,52469,306605200,-0.51,89432200000,6444950.0,40.0,20250610
319400,4205,4225,4085,4160,306085,1266379959,0.24,490238948160,-215111335.0,-280873720.0,20250610
048410,10840,10980,10790,10840,173119,1879721135,0.0,520554230720,-162101765.0,-73677805.0,20250610
052260,4850,4945,4820,4945,86420,423495165,1.96,148350000000,28913355.0,-1042610.0,20250610
016790,0,0,0,994,0,0,0.0,187340898626,,,20250610
041440,7930,8200,7870,8070,188429,1524587645,1.89,144581668080,-135921410.0,-8100.0,20250610
039010,8050,8180,7990,8080,120129,971891840,-0.98,69690000000,169516290.0,,20250610
090850,6700,6770,6600,6770,240337,1605528300,0.59,160762863970,363872580.0,69652000.0,20250610
460930,19550,19800,19330,19620,417464,8169644890,0.87,695043817020,-1203895905.0,30917260.0,20250610
092300,2775,2820,2735,2780,73218,204070524,0.18,51910428480,5238770.0,3168535.0,20250610
138360,780,780,739,744,107881,80814956,-2.11,35971096512,-16549279.0,-134175.0,20250610
011080,1075,1075,928,941,5875148,5797193195,-11.81,29680726526,64181503.0,-174650713.0,20250610
308100,3255,3255,3045,3050,430379,1338546051,-6.01,30724568450,-156405801.0,,20250610
060560,847,850,835,836,97732,82296212,-1.3,106731722900,-1217949.0,,20250610
064240,2530,2620,2510,2515,73429,187252886,-2.14,88120600180,40334109.0,1186350.0,20250610
039610,10790,11550,10560,11050,1081336,12103240295,2.6,115034920000,1893216380.0,16981670.0,20250610
126640,1343,1344,1311,1325,114100,151215710,0.23,48195400275,-29226624.0,,20250610
127980,6210,6210,6100,6100,7683,47443820,-0.65,72228172400,-1216790.0,,20250610
061250,1143,1146,1136,1142,97714,111512734,-0.09,94642853726,-532067.0,,20250610
097870,7200,7250,6950,7010,164452,1165334240,-2.64,59514900000,-54864790.0,7120.0,20250610
290270,3595,3630,3570,3580,14939,53669700,0.28,34395465760,-2060325.0,423830.0,20250610
353190,719,720,708,710,64558,46132762,-0.7,27958678200,4289.0,,20250610
090710,2165,2165,2100,2105,2327563,4932686214,-1.64,232050554265,-945013051.0,39995.0,20250610
078590,543,550,543,549,109883,59982029,0.73,30859475562,-551651.0,,20250610
205470,1577,1587,1550,1552,2434650,3811479292,-1.59,200790013968,-321926261.0,-66489583.0,20250610
115160,1133,1143,1115,1121,55801,62832720,-1.06,49290509004,-7458152.0,,20250610
028080,2430,2430,2275,2280,88056,206468585,-2.98,28676713680,-45674325.0,,20250610
175140,5490,5650,5400,5420,213214,1178232430,0.74,134405225040,-37327555.0,,20250610
200670,51300,54400,50600,54000,162832,8593020100,7.57,606416220000,-1594490050.0,-400426050.0,20250610
065510,8030,8080,7900,8040,37042,296847010,0.63,97761342840,65810080.0,-8170.0,20250610
263920,906,906,892,896,46167,41498805,-0.67,43944440064,-5512568.0,,20250610
243070,28650,29575,28600,29300,46325,1353338825,2.27,351004184500,254503450.0,-3165350.0,20250610
084110,53100,54000,51100,52800,70556,3700808650,0.0,667224096000,152264600.0,-88908950.0,20250610
145020,346500,364500,341500,363500,107622,38258337000,5.52,4472515995500,2697125500.0,6090499500.0,20250610
024060,11180,11220,11050,11110,74391,828431150,-0.8,166650000000,-89503025.0,90.0,20250610
010240,5370,5460,5340,5370,24014,129756600,0.0,66172877520,-16688940.0,3826620.0,20250610
189980,1981,1990,1950,1974,108178,213313250,-0.35,79232070498,-80246191.0,,20250610
037440,5280,5370,5240,5290,182577,969699290,0.38,73649892750,130723100.0,,20250610
238490,3465,3480,3410,3480,13365,45974590,0.43,39366581280,-2719305.0,,20250610
