code,open,high,low,close,volume,거래대금,등락률,시가총액,foreign_net,inst_net,date
060310,1838,1838,1800,1809,202903,367586491,-0.6,95983803360,61491877.0,0.0,20250828
054620,4700,4730,4655,4695,6791,31786040,-0.74,93403367595,-4344055.0,,20250828
265520,17550,18140,17500,17850,127185,2276473170,1.71,272773364850,718763965.0,-14770370.0,20250828
211270,11900,11900,11700,11750,13289,156532100,-0.17,177217072000,-28535880.0,-4809130.0,20250828
109960,383,384,363,366,808570,299384271,-4.44,80808872454,-16802768.0,,20250828
139050,0,0,0,2805,0,0,0.0,24247965555,,,20250828
126600,2995,3010,2960,3000,17512,52192995,0.67,188300697000,-26148980.0,271165.0,20250828
083790,1626,1700,1603,1696,187016,311418130,4.43,130412532672,74132710.0,,20250828
035760,74000,74700,73000,73800,121076,8911200600,-2.89,1618371565200,237084350.0,-355008900.0,20250828
311690,9960,10070,9840,9930,7690,76002890,-0.3,129740037660,-4384365.0,-108860.0,20250828
051500,29250,29750,29250,29550,16266,479801275,0.17,350805366300,29504275.0,938100.0,20250828
058820,1881,1898,1881,1884,197829,373417763,0.05,277869935400,84634540.0,3908939.0,20250828
056730,771,772,741,755,5004,3752443,0.0,55953945430,-184042.0,-11182.0,20250828
065770,997,1009,989,996,54304,54100147,-0.1,19333485480,1057546.0,0.0,20250828
083660,1436,1507,1388,1465,408616,590201671,4.34,89727120165,-33020537.0,-558904.0,20250828
477760,2065,2085,2065,2075,1905,3945820,-0.24,12118000000,,0.0,20250828
099520,0,0,0,1284,0,0,0.0,58141862016,,,20250828
060900,1048,1062,1048,1048,20377,21380056,-1.04,27377982392,-963874.0,,20250828
290120,2460,2490,2405,2430,9806,23859180,-1.22,38452925070,-5631400.0,,20250828
025440,807,815,801,809,43250,35006470,-0.12,39464010216,-1822593.0,,20250828
068790,0,0,0,6330,0,0,0.0,149939488590,,,20250828
241520,6570,6770,6530,6670,223018,1485773660,1.52,180090000000,-127764095.0,0.0,20250828
180400,2480,2490,2395,2435,227510,552053620,-1.81,119849316920,-37934690.0,,20250828
418620,3520,3585,3500,3550,40335,143447370,0.14,45619193350,47946340.0,,20250828
245620,0,0,0,415,0,0,0.0,57474989665,,,20250828
037370,5790,6030,5680,5750,13043,75207570,0.17,49593589000,-15981160.0,17640.0,20250828
050120,2660,2660,2420,2515,52993,132899011,-4.55,34113676290,-11147069.0,,20250828
214270,2700,2760,2675,2685,218383,593991779,-0.56,117310224915,-13020887.0,143968721.0,20250828
130500,2725,2755,2710,2725,40726,111182282,-0.55,39635266700,-3724975.0,5.0,20250828
900290,3020,3250,3020,3110,1005544,3180639983,2.98,251443500000,-96522321.0,-6910.0,20250828
083450,19900,20450,19840,20000,189881,3813804230,-0.99,368600000000,1827058540.0,-769819250.0,20250828
297890,2255,2290,2235,2235,162429,366097107,-1.11,163469942790,24347650.0,-7189215.0,20250828
440290,2155,2160,2130,2140,26723,57355901,0.0,58009001400,21271544.0,-750666.0,20250828
078150,1831,1850,1815,1816,322982,589076160,-1.47,168372103456,-66375192.0,-3632.0,20250828
225530,3485,3500,3440,3460,3578,12406370,-0.72,125731995420,1743515.0,3520.0,20250828
060560,756,756,750,754,8008,6027233,-0.26,96262821850,-771412.0,,20250828
195940,49100,49600,48550,48650,145826,7120463475,-0.92,1378249197150,204152450.0,-199654625.0,20250828
028300,36950,38550,36700,37750,514119,19441877925,0.67,4961824439500,1214476200.0,1967727850.0,20250828
278650,1240,1267,1221,1258,75061,93797136,0.72,109452968062,5715089.0,5.0,20250828
067630,3505,3630,3460,3560,614265,2180067945,0.56,434024726480,296131582.0,-543812418.0,20250828
024850,1522,1590,1494,1571,167073,259492045,3.22,226701777233,73882881.0,,20250828
187420,3170,3190,3100,3155,18755,59220517,1.61,91923707710,11556125.0,3335.0,20250828
047920,13520,13820,13500,13650,82115,1120892730,0.59,447711209400,139283700.0,31140150.0,20250828
115450,3100,3140,3040,3100,341409,1056450806,0.0,261585015300,75261368.0,83500835.0,20250828
046210,1710,1736,1700,1722,43096,74061988,0.7,77708208396,14827671.0,-3869145.0,20250828
196300,7920,8010,7680,7830,18145,143210930,1.82,72767306340,26802790.0,9038470.0,20250828
403870,25550,25700,25150,25350,329275,8362625050,-1.74,2116688698800,-799545875.0,335728800.0,20250828
036640,5460,5470,5400,5460,23072,125489770,0.55,89297208000,43548210.0,16420.0,20250828
442770,2185,2190,2180,2185,19732,43076685,-0.46,9198850000,613285.0,-4707520.0,20250828
448760,0,0,0,2275,0,0,0.0,10078250000,,,20250828
467930,2180,2190,2170,2180,238,517525,-0.68,9221400000,-191475.0,374125.0,20250828
469480,2135,2175,2135,2145,2532,5407105,0.0,9073350000,111420.0,0.0,20250828
095340,57400,59200,57300,58100,88781,5196453300,0.35,1231549069800,1507231750.0,-563285150.0,20250828
950170,6480,6570,6350,6530,69079,447989830,0.77,337903652440,102845805.0,-146705855.0,20250828
067290,1492,1515,1481,1514,44847,67373331,2.09,80811454764,-3658873.0,,20250828
035900,74200,74200,72900,73200,435891,31950612100,-2.79,2600978414400,984430900.0,-8709712350.0,20250828
318000,4935,4985,4865,4880,48019,235404767,-1.11,42652288240,-18579213.0,3070530.0,20250828
024840,1792,1792,1741,1770,119614,211314199,-1.01,61789282230,-9120660.0,,20250828
024120,3690,3690,3590,3600,26305,95111323,-2.44,41400000000,-10750365.0,13790.0,20250828
455250,2095,2095,2080,2095,6656,13850050,0.48,9018975000,,4080540.0,20250828
464680,2030,2030,2020,2022,8087,16359944,-0.39,26093910000,2046240.0,-856174.0,20250828
478390,2070,2075,2070,2075,1295,2685250,0.24,12906500000,,0.0,20250828
486630,2045,2045,2025,2045,980,1988580,0.74,10858950000,,354375.0,20250828
492220,2010,2010,2000,2010,8099,16230250,0.25,12482100000,192480.0,4024070.0,20250828
0037T0,1999,2005,1996,1996,30464,60919509,-0.15,12634680000,-311436.0,47996000.0,20250828
021320,4980,5070,4930,5050,9103,45589715,1.81,108070000000,15724190.0,,20250828
044180,704,844,702,731,24578396,19298177382,4.43,19530711069,-164790699.0,,20250828
046440,5000,5050,4985,5050,25285,126746720,1.0,191954550100,36085375.0,-96020.0,20250828
151860,5760,5900,5720,5850,47257,274309670,1.39,278477561700,-47173320.0,579090.0,20250828
035600,10130,10210,10080,10170,44306,449698615,0.39,280228593780,130413910.0,19370.0,20250828
226360,0,0,0,2555,0,0,0.0,67617390260,,,20250828
111870,0,0,0,8910,0,0,0.0,62746456410,,,20250828
060720,13030,13050,12770,12900,336564,4348896150,-1.68,305439001800,-8142795.0,219370.0,20250828
058400,736,742,735,738,99676,73654028,0.14,97733133360,,,20250828
101000,1880,1924,1771,1801,589168,1086952053,-4.2,60237690402,-176508107.0,,20250828
089600,14770,14870,14680,14770,2899,42745280,0.0,170861767510,-19590240.0,13414710.0,20250828
418470,14500,14760,14300,14600,19558,283588090,0.76,124841519400,-162259260.0,10098350.0,20250828
043610,2135,2195,2135,2185,55941,121184545,1.63,126982232030,-22693375.0,0.0,20250828
122450,4030,4070,3950,4030,66825,267433493,0.0,180623931020,9394190.0,-1911180.0,20250828
052900,905,909,898,904,104933,94513777,0.33,49817195368,10531384.0,-2533509.0,20250828
036560,16490,16490,15320,15410,6072,94815565,-1.09,242707500000,-47762765.0,-107870.0,20250828
061970,4030,4145,3995,4115,199738,819063783,1.11,239011569690,205071077.0,49305.0,20250828
309960,4870,4980,4845,4950,23320,114759065,1.64,114925333050,42038325.0,,20250828
225190,1552,1595,1548,1580,236048,371748118,1.02,80182535200,85602547.0,,20250828
060370,23700,24200,23200,23550,246779,5833401650,-2.89,1230225011700,688869925.0,-296235225.0,20250828
417200,10050,10100,9920,9980,143809,1435634195,-1.19,675173536820,-663452665.0,95033375.0,20250828
078020,4880,5040,4835,5030,146258,729389122,3.07,279070385700,128295493.0,9240.0,20250828
322180,5290,5320,5140,5140,36011,187974770,-3.38,107538997760,-31068640.0,,20250828
476080,12390,14630,12190,12690,2577032,35346235680,2.42,98791650000,-431926330.0,768180.0,20250828
086960,1290,1315,1269,1293,707782,907725544,-1.3,120018571884,-168855750.0,1.0,20250828
160550,2555,2595,2510,2580,197605,505513512,-0.19,71997753480,59162808.0,,20250828
053290,2220,2275,2215,2270,27413,61573095,1.79,37514716890,-2786085.0,2225.0,20250828
060250,13610,13720,13480,13540,229794,3114697345,-1.02,543774672940,-273153190.0,-156151020.0,20250828
104200,3235,3340,3205,3300,110626,363135739,1.54,48930915000,-14082968.0,-10.0,20250828
063570,4700,4700,4610,4670,53232,247266344,0.0,159469889760,41233880.0,-26634534.0,20250828
222160,0,0,0,8040,0,0,0.0,79551289560,,,20250828
024940,4445,4525,4400,4445,15001,66710150,-0.45,44450000000,-5698560.0,,20250828
332570,4380,4690,4330,4515,6107511,27700061362,4.76,195046907370,1101769734.0,-682368505.0,20250828
218410,25650,26200,25550,25700,103960,2697529075,0.39,681138459400,-597434125.0,854149775.0,20250828
327260,6440,6750,6410,6720,39917,265384485,4.35,56671312320,36592990.0,-7630.0,20250828
474610,4350,4500,4350,4460,134304,598507683,1.94,59888086120,30306251.0,-11898575.0,20250828
091340,2430,2460,2420,2440,11557,28144760,0.41,28557079240,4764860.0,,20250828
419530,59500,60200,58400,60000,132754,7838181500,-1.15,530245800000,1989197200.0,-1689716250.0,20250828
019550,752,754,746,747,161182,120733107,-0.66,121063731525,-15697165.0,-598444.0,20250828
246960,2490,2490,2430,2450,23120,56720795,-1.61,83232161950,-13605175.0,-9430.0,20250828
099220,1208,1229,1208,1214,150698,183533272,-0.33,78842440900,-10397403.0,,20250828
036540,3360,3460,3345,3410,653977,2235289998,0.74,560809633230,496884710.0,114075730.0,20250828
255220,2250,2335,2250,2305,795390,1833019808,0.44,227446783170,289033392.0,53369115.0,20250828
040610,1820,1843,1808,1838,54422,99321230,0.77,62652266248,-695482.0,479084.0,20250828
049470,2830,2855,2610,2630,3575443,9717471431,-5.73,154807714870,-1049701814.0,-12294555.0,20250828
184230,649,662,641,654,369236,241577827,1.55,55819319214,58867557.0,766104.0,20250828
016250,15300,15800,15290,15800,507,7846990,3.27,79584378800,-76880.0,-3081500.0,20250828
357880,1948,2060,1910,1975,485281,958661157,1.65,67615748450,64802790.0,,20250828
048550,1385,1393,1370,1393,412741,570082807,-0.07,134723465660,-35909437.0,23231298.0,20250828
063440,1579,1591,1569,1569,53350,83980569,-0.63,72219742626,-14674401.0,,20250828
067160,78300,79100,78200,78800,15287,1202378000,0.51,905787639600,-146253800.0,283332600.0,20250828
289080,1780,1800,1751,1779,258881,461460454,0.0,96308388750,-87661218.0,,20250828
013720,1155,1188,1061,1102,725218,811906178,-7.47,67032613586,-153925893.0,,20250828
089230,1109,1123,1065,1103,59587,64524542,-1.78,27037787159,-7904885.0,,20250828
032540,6000,6030,5910,5990,2093,12500270,0.0,83450337910,894080.0,20.0,20250828
048770,1970,1978,1944,1957,16958,33161696,0.31,30720968387,28833.0,,20250828
246690,1409,1428,1391,1420,148624,209427559,0.78,58898564040,48322233.0,,20250828
317240,222,228,220,226,1068928,240357515,2.26,24236448372,68814530.0,,20250828
057030,3250,3325,3250,3290,22177,72574817,0.15,53668773130,-1034770.0,,20250828
040300,2825,2830,2780,2830,125806,353730704,0.18,134925853400,-2059821.0,,20250828
051390,3825,3875,3785,3870,4275,16401835,1.18,43945274160,61520.0,-12105.0,20250828
052220,3715,3730,3650,3670,755574,2779271475,-1.48,84410000000,2447869.0,,20250828
079940,24950,25550,24700,25450,54580,1379038350,3.25,344483157800,654020825.0,262850.0,20250828
078890,3545,3570,3400,3475,62082,215100900,-1.97,62712880200,-401665.0,-5.0,20250828
399720,44000,44900,43750,44250,40919,1816950350,-0.78,513318585000,147903725.0,192325700.0,20250828
036620,5660,6040,5610,5710,1088248,6326105580,0.88,516776532410,768222700.0,-360342165.0,20250828
198440,1305,1309,1274,1305,36567,47100708,0.0,79516124280,8880962.0,,20250828
217730,1308,1308,1243,1253,459776,577309869,-4.2,70235848697,-176356261.0,-19414500.0,20250828
114190,12010,12190,11700,11910,454604,5425464795,-1.16,311125382580,-68114620.0,41020.0,20250828
094480,10240,10500,10100,10100,282041,2885053315,-2.13,396221363800,-258111925.0,565600.0,20250828
039240,3025,3040,2990,3005,121692,365943252,-0.17,81073710020,48299998.0,-10998855.0,20250828
053950,628,628,622,626,62203,38846386,0.81,48920246108,-7329746.0,,20250828
011040,5900,5930,5840,5860,147723,868262870,-0.68,180304968760,64278030.0,-12681690.0,20250828
024910,1596,1602,1590,1591,24086,38399379,-0.25,56988036955,-788235.0,,20250828
049720,10440,10530,10350,10500,33399,349408090,0.77,150150000000,138159150.0,6714510.0,20250828
014570,4560,4595,4560,4595,2721,12458895,1.43,50545000000,-1629770.0,,20250828
348150,6420,6510,5650,5680,2988959,17938446260,-7.79,110299289520,-531072735.0,-62746540.0,20250828
950190,9720,9840,9370,9660,26266,251106990,-0.62,125744789940,20970400.0,-182080.0,20250828
098460,14790,14810,14510,14550,206349,3015547795,-0.61,998926685250,-71868725.0,-78024735.0,20250828
035290,371,470,371,395,11188994,4891867193,5.33,18832209600,-17734588.0,-11129885.0,20250828
215000,63600,64200,63100,63700,11283,718583250,0.16,399743935500,276444850.0,-271616300.0,20250828
121440,5350,5480,5310,5430,61928,335814910,1.12,232603921740,25284070.0,-5165340.0,20250828
366030,4225,4335,4225,4260,20784,88663730,0.24,96505401000,1402755.0,,20250828
014200,0,0,0,6040,0,0,0.0,91311391200,,,20250828
029480,2640,2670,2575,2600,127712,331817065,-1.52,146382301000,-28154045.0,,20250828
026910,2805,2825,2800,2800,1719,4822430,-1.06,17935134000,53430.0,,20250828
456490,2160,2160,2145,2160,16986,36458275,0.0,9072000000,36635.0,0.0,20250828
465320,2220,2220,2210,2215,609,1349325,0.0,8439150000,266165.0,0.0,20250828
482520,2040,2040,2025,2035,17890,36293720,-0.25,12413500000,-10175.0,21945540.0,20250828
489210,2055,2065,2050,2060,2048,4200760,-0.24,10670800000,160.0,3347650.0,20250828
0041B0,1998,2000,1998,1999,50297,100537878,0.05,10074960000,35994.0,58397000.0,20250828
053270,2265,2295,2260,2265,33790,76750725,0.0,62084567325,-8794215.0,,20250828
066620,20300,20450,20150,20250,3695,75110500,0.0,151875000000,32978850.0,-1492300.0,20250828
043650,4500,4720,4460,4520,30957,141198425,0.44,80719534080,-1834375.0,5.0,20250828
006050,1302,1302,1286,1289,84994,109582153,-0.77,44979968227,-20890322.0,,20250828
060480,1721,1753,1718,1721,4642,8021121,-0.81,19085890000,-21022.0,,20250828
078130,497,498,485,489,1112989,545275143,-1.41,551301470919,11335648.0,11290.0,20250828
307750,3955,4115,3950,4070,250797,1016114906,2.13,203362149100,30424615.0,5.0,20250828
035080,14890,14920,14740,14750,13909,206086800,-0.94,201729820500,-134155360.0,132772320.0,20250828
318060,11000,11170,10750,10770,1162430,12726632935,-0.74,118887628290,44133240.0,138030.0,20250828
453450,18930,19100,18550,18770,6633,124651505,-1.21,149085417500,33191160.0,-546545.0,20250828
204020,2575,2595,2545,2560,104023,267065488,-0.97,49794129920,-30324424.0,,20250828
402490,10400,10730,10260,10520,141097,1483513585,-0.38,87099750880,-5523240.0,130.0,20250828
114450,2795,2850,2760,2815,256353,718931734,0.0,56300000000,79808091.0,2825.0,20250828
186230,6290,6400,6180,6260,37620,235927275,-0.48,68360376880,10147390.0,12550.0,20250828
900070,454,456,448,454,85888,38740200,0.0,24399761472,3885226.0,,20250828
204620,5000,5020,4805,4880,1161814,5702270903,-1.41,342982650400,-2197858116.0,1083625260.0,20250828
019660,2855,2855,2720,2770,4481,12333140,0.36,38625802410,-3636510.0,,20250828
053260,4140,4190,4130,4140,6564,27267535,-1.19,77500800000,-3464665.0,5.0,20250828
282720,9300,9300,9010,9020,7819,70736670,-0.88,109317890000,13693290.0,-9020.0,20250828
036190,33100,33950,33000,33300,31538,1052001400,2.3,199800000000,444334550.0,-184523300.0,20250828
049080,468,476,468,474,55946,26471574,1.28,40234706478,12019980.0,,20250828
420770,24600,25100,24400,24850,9425,233657750,0.61,314992586300,-64326600.0,42639900.0,20250828
035460,1719,1730,1705,1719,36464,62641321,0.0,25058447460,-2290539.0,,20250828
407400,6310,6360,6230,6320,68077,429178435,0.0,93627854880,177282160.0,-152768750.0,20250828
187790,1970,2090,1950,1981,236995,473122101,0.3,61095684230,59053403.0,,20250828
121600,55200,55600,53400,53700,51262,2774919800,-3.07,655026048600,-282806100.0,262824200.0,20250828
286750,1790,1790,1721,1741,58726,103196065,-0.8,47460850844,9235865.0,,20250828
247660,5000,5030,4925,4990,4780,23815005,-0.2,21676160800,-838390.0,,20250828
039860,3500,3540,3465,3530,195069,682773472,1.29,113348589460,5412314.0,10.0,20250828
091970,604,620,604,613,5864,3582652,0.33,22936923209,485012.0,,20250828
417010,5070,5180,5010,5040,23881,120853410,-1.18,101670549120,-20678500.0,0.0,20250828
405920,2800,2865,2765,2825,15091,42721870,0.89,36380564700,6436640.0,,20250828
051490,4270,4270,4145,4150,56471,236352260,-2.7,58930000000,-54040810.0,4235.0,20250828
137080,3255,3280,3180,3255,18816,60908035,-0.15,35998418610,4566280.0,-10.0,20250828
190510,17290,17410,17070,17270,66188,1142840580,-0.17,253884266680,105287265.0,-725420.0,20250828
242040,1402,1436,1396,1426,84330,118588780,0.85,49348532464,-9624338.0,-149216.0,20250828
293580,1227,1246,1221,1235,235063,290777390,0.73,117238488250,41580806.0,-14130.0,20250828
459510,17400,18480,16310,16480,2839460,49556668290,8.71,210129591360,-2591066640.0,-17267640.0,20250828
138610,24500,24750,24000,24600,34793,848740950,0.61,278176603200,43482850.0,,20250828
130580,5420,5420,5260,5310,18471,98125870,-0.93,81774000000,4252930.0,-2222650.0,20250828
036800,22550,23150,22200,22700,12279,279951075,2.48,227000000000,41221000.0,92591825.0,20250828
267320,3420,3485,3400,3410,691504,2377140151,-1.73,193922345430,-53908701.0,688400.0,20250828
111710,4805,4835,4780,4805,60,287880,0.0,98925340000,-20.0,,20250828
091590,4110,4140,4065,4120,10792,44070675,0.24,48368800000,2695425.0,,20250828
168330,3050,3160,3040,3110,33683,104620382,0.97,98757739000,41169970.0,,20250828
094860,1026,1067,1026,1033,61291,63801417,-0.19,24843204777,5373218.0,,20250828
253590,7980,8060,7900,7980,67332,537938505,-0.13,350075928720,41507465.0,27272960.0,20250828
212560,5420,5890,5360,5450,474681,2646529950,0.55,64376713450,-215667510.0,-10880.0,20250828
095660,24200,24450,24050,24250,55219,1337451425,0.0,530027788000,715372150.0,-311903675.0,20250828
042420,23200,23850,23050,23850,2526,59225425,1.49,204963227100,1778350.0,62100.0,20250828
950220,921,1215,916,1096,25095149,28362715951,17.22,108358741640,-221192381.0,-55255333.0,20250828
311390,8190,9830,8190,8870,2145034,19513061110,7.65,112239108430,368418895.0,3805820.0,20250828
085910,3175,3175,3115,3140,4248,13300506,0.0,43755328520,25270.0,3140.0,20250828
092730,18640,18900,18460,18670,107164,2003020575,0.11,299242554630,-33065870.0,80288100.0,20250828
290660,1215,1292,1201,1229,192555,239020543,1.15,59455989286,26985513.0,,20250828
306620,1939,1954,1909,1918,157796,303427399,-1.08,86337350680,-24321302.0,-72306871.0,20250828
153460,7770,7880,7610,7710,382,2944280,0.0,50346407940,-69920.0,,20250828
007390,20700,21000,20550,20800,269230,5591057325,-0.24,1340249164800,1187353400.0,341659975.0,20250828
033640,12750,13500,12600,12930,345468,4514819670,-0.08,298155481860,370166470.0,-515264030.0,20250828
330860,14890,15370,14700,15210,65741,996759210,1.6,185319324450,69584185.0,193499290.0,20250828
351320,1633,1633,1452,1472,695078,1048912798,-9.86,32407384192,-3063498.0,,20250828
089140,2380,2390,2340,2355,36331,85642555,-1.05,33997328715,27378110.0,0.0,20250828
389650,62900,65200,61700,63500,148503,9413259650,2.58,516060436000,-2249464450.0,573668000.0,20250828
137940,366,368,362,367,185412,67620086,0.27,31330420064,11622446.0,,20250828
396270,3320,3610,3205,3475,547049,1888062116,4.67,69146453500,51796459.0,,20250828
348210,41900,42950,41900,42300,24317,1031161775,-0.59,443177311500,-26940250.0,-108585875.0,20250828
225570,14280,14300,14160,14160,89178,1267462015,-1.12,932580063840,-378696810.0,519639050.0,20250828
205500,3080,3120,3010,3110,161610,496195515,0.97,183969039520,114206700.0,-127510.0,20250828
217270,6530,6540,6460,6470,18561,120496080,0.0,302379610210,-45104455.0,3487270.0,20250828
104620,5800,5860,5760,5850,69895,407170665,-0.51,93809494350,46626890.0,,20250828
473980,33400,34100,32500,33500,225104,7503943425,-3.74,367874287000,-186012000.0,166870625.0,20250828
194700,19890,20500,19450,20300,177154,3556627130,1.91,380723414400,-380676680.0,578691290.0,20250828
285490,19520,19560,19030,19560,14237,276514755,1.14,206863254360,93040090.0,89230.0,20250828
145170,4885,4890,4850,4860,20962,101983535,-0.51,82174848300,-3410745.0,,20250828
106520,0,0,0,411,0,0,0.0,15904036272,,,20250828
376930,2110,2195,2040,2060,803951,1683677581,-0.48,76110943600,97038740.0,-67885.0,20250828
142280,3990,3990,3920,3945,29409,115847939,-0.63,85771898070,-13979630.0,,20250828
234690,8800,8860,8740,8790,31558,277106190,-0.9,156042506040,5381280.0,0.0,20250828
054050,8310,8520,8240,8470,54018,452777255,2.05,135778851670,118968140.0,38737900.0,20250828
069140,2665,2725,2455,2510,331482,842907588,-5.82,32887884930,-28970593.0,,20250828
040160,4765,5000,4705,4765,68927,337015315,0.0,57444624275,51711585.0,,20250828
332290,1420,1454,1382,1383,949607,1334262261,-5.21,46171182549,48849323.0,,20250828
348340,22950,23050,22250,22450,51481,1158013675,1.13,254787003150,-347814050.0,115502150.0,20250828
380550,11020,11300,10590,10600,370875,4056793085,-3.11,121645971000,-230223650.0,-190792850.0,20250828
060260,1562,1575,1526,1527,116488,179087943,-3.05,20632837743,-55629494.0,,20250828
463020,23200,23200,22550,22600,73334,1670025225,-3.0,200669920000,14803450.0,,20250828
123840,1150,1177,1144,1144,17690,20387309,-2.97,42504527208,-1255366.0,,20250828
012340,496,500,493,498,39781,19721048,0.4,25700018076,229630.0,-1874976.0,20250828
462310,6750,6750,6460,6470,102047,670657090,-4.15,51125940000,-152175185.0,,20250828
270870,5510,5550,5400,5400,24823,135386170,-2.35,49681209600,-19370810.0,,20250828
144960,5040,5100,5000,5090,159280,804999600,0.99,222395456160,50612490.0,7490300.0,20250828
085670,5080,5160,4990,5120,119725,606473950,-0.19,125187896320,-54640060.0,5120.0,20250828
064260,7400,8190,7400,7580,8789506,68532512075,0.66,522633723200,-4158322605.0,-392900575.0,20250828
340360,1728,1762,1645,1668,564861,956743291,-4.41,73311784212,-105840747.0,,20250828
039560,3340,3405,3250,3370,410448,1366474407,2.9,133499115970,-106363609.0,62205239.0,20250828
154040,1276,1300,1265,1298,7323,9351820,0.85,23299222012,1403578.0,,20250828
032190,16100,16770,15940,16680,114112,1880095565,3.67,638844000000,83469945.0,50454020.0,20250828
323350,6770,7050,6690,6690,21429,145843930,-1.62,53592064680,-20469390.0,,20250828
068240,7130,7240,7060,7180,67187,481546510,2.43,274013477660,25743790.0,-1879420.0,20250828
464580,2810,2945,2790,2890,479667,1384948111,2.85,53058914540,36359227.0,-3271635.0,20250828
020400,6000,6000,5900,5910,3861,22936480,-0.67,18847971060,775945.0,,20250828
008830,17140,17250,17050,17120,27397,469940340,-0.23,153866342400,23564160.0,50.0,20250828
048470,3590,3625,3555,3570,22681,81238815,-1.24,35700000000,-5649455.0,5.0,20250828
004780,3780,3835,3765,3790,13228,50179020,0.26,60273124210,19680.0,985420.0,20250828
017650,7140,7180,7070,7170,20121,143147290,0.28,64530000000,887050.0,-706700.0,20250828
389260,21500,21850,21400,21800,25961,562727900,-0.68,390575885000,163925350.0,-390300.0,20250828
317850,7510,7590,7450,7510,16731,125618870,-0.27,62516394200,9331880.0,10.0,20250828
290670,16200,16600,16180,16250,11485,187351540,-1.75,127686975000,64941260.0,16490.0,20250828
078140,13120,13190,13010,13110,16431,215290640,-0.23,145345050690,38027730.0,0.0,20250828
065150,0,0,0,145,0,0,0.0,23110448725,,,20250828
036480,7780,8030,7780,7850,1673,13074980,-0.13,29830000000,-1167620.0,,20250828
027830,1702,1730,1702,1725,124249,213269599,0.29,93150000000,31857895.0,,20250828
104040,1166,1184,1153,1175,318333,373268769,1.03,55489359725,81131491.0,,20250828
129920,4420,4470,4380,4385,14086,62385205,-0.9,60140507405,-2801595.0,,20250828
457630,0,0,0,2150,0,0,0.0,15716500000,,,20250828
471050,2175,2175,2155,2155,43,92865,0.47,13059300000,49565.0,0.0,20250828
478780,0,0,0,2185,0,0,0.0,17283350000,,,20250828
482690,2095,2100,2085,2085,2772,5796080,-0.48,11707275000,-2095.0,6300.0,20250828
020180,1011,1011,999,1001,287730,288201367,-0.6,38467343915,23401560.0,,20250828
045390,4890,4950,4820,4910,542300,2649370881,0.2,346024281070,-359321632.0,2590975.0,20250828
108380,29200,30000,28000,29300,201721,5851340950,0.34,280322856900,-511261125.0,236501725.0,20250828
007680,4590,4650,4545,4600,7274,33526460,0.11,61853780400,31850.0,22589490.0,20250828
048910,9820,9970,9550,9630,103296,998617815,-2.43,121135249980,-135738175.0,5506030.0,20250828
005710,11700,11980,11500,11720,63882,752384140,0.17,234840672000,243751210.0,-241358160.0,20250828
120240,13070,13240,13070,13070,9211,120845650,-0.98,93978410370,-25841200.0,13010.0,20250828
003310,1670,1698,1660,1683,153103,256232954,0.36,59565325050,12113146.0,-227.0,20250828
078600,72100,72100,70600,70600,53011,3757312550,-1.81,1092929865800,-1156896500.0,-93473900.0,20250828
393970,6260,6310,6170,6170,126943,792883550,-1.28,91296379400,-43873980.0,-431330.0,20250828
096350,440,440,426,436,773414,335703676,0.0,80343381596,6407003.0,-2029136.0,20250828
140520,2210,2270,2210,2265,5207,11773560,2.03,47812435395,-1116910.0,,20250828
131220,4805,4935,4790,4925,25694,125335636,2.93,36713363250,-17347211.0,-30.0,20250828
010170,1231,1233,1170,1174,2674244,3180279596,-4.32,143938433186,-582106574.0,-176301398.0,20250828
054670,6970,7070,6960,7030,8195,57372810,0.29,100915087600,-3815370.0,0.0,20250828
023910,29950,29950,29500,29800,12786,378943075,-0.5,178800000000,74193950.0,-122856300.0,20250828
021040,1182,1238,1182,1199,28434,34368104,1.44,26024024026,88552.0,,20250828
021045,2505,2515,2450,2460,25571,63365235,-3.91,2087290320,,,20250828
067080,13930,14050,13810,13990,36778,512029215,-0.07,260446933500,1619060.0,18091730.0,20250828
298540,10750,10890,10620,10850,16761,180218105,1.59,161103577600,-15969650.0,52900.0,20250828
032860,1191,1208,1189,1207,16886,20313625,0.33,48757806641,-1955453.0,,20250828
214610,4615,4660,4485,4600,13713,62247780,0.0,38563281200,-6123325.0,,20250828
393890,8140,8180,7740,7740,264593,2095872385,-5.72,261945934560,-625524630.0,-8944645.0,20250828
299170,1652,1656,1587,1590,1947032,3129415649,-5.07,59754473700,-20262081.0,,20250828
462860,5070,5270,5010,5070,1311266,6707152825,-0.98,363586983630,-55466270.0,9114220.0,20250828
224060,2980,3000,2930,2940,10440,30940790,-1.34,15172522680,-2161045.0,,20250828
043090,0,0,0,380,0,0,0.0,4718944500,,,20250828
213420,48000,48850,47350,48450,274231,13186458050,-0.82,1203070622550,-2934922875.0,5090080325.0,20250828
317330,20200,20300,19150,19240,174117,3401816515,-6.15,393969476160,-737202150.0,-57283645.0,20250828
077360,4560,4600,4490,4525,172087,779504885,-0.77,205602434050,-1370138.0,-10765.0,20250828
090410,1460,1461,1440,1449,82204,118973619,-0.75,66775853655,-33919147.0,,20250828
263600,4890,4905,4815,4865,18471,89749670,0.1,77500958150,11843600.0,4855.0,20250828
194480,50500,50800,49000,50500,94576,4744971925,-0.98,616259075000,1484316150.0,-2221548600.0,20250828
373160,5960,6220,5960,6190,43621,268318950,2.65,85196250700,56945510.0,59896460.0,20250828
263800,5010,5040,4965,5010,33090,165008719,-0.2,81274123800,-16066760.0,,20250828
206560,5380,5430,5360,5410,26980,145503940,0.0,137477491760,-55639850.0,24836770.0,20250828
261200,5910,6000,5850,5950,18123,107001330,0.51,94067715000,13212330.0,8951490.0,20250828
484120,36000,36400,34750,34950,141250,4997741000,-1.13,375957918900,-791662175.0,360565275.0,20250828
067990,4810,4855,4790,4825,24746,119296379,-0.21,140800978750,-24061159.0,7907660.0,20250828
006620,5110,5120,5060,5120,40597,206454910,0.2,145740759040,-11453560.0,20.0,20250828
100130,2380,2385,2340,2360,73926,174971907,0.0,134857480000,65111250.0,-22581547.0,20250828
005160,3280,3290,3195,3235,235656,760922108,-0.77,175480899270,-335964464.0,436725.0,20250828
303810,4270,4330,4245,4305,153922,660378491,1.18,68845861350,13301760.0,-28778831.0,20250828
075970,2395,2395,2370,2370,11662,27695055,-0.42,43608000000,1602420.0,0.0,20250828
086450,17110,17210,17000,17080,102321,1750860430,-0.12,766614193800,-156193285.0,697416935.0,20250828
240550,10700,10760,10510,10590,217199,2295484980,-2.31,220380653400,-211101200.0,-69945520.0,20250828
099410,3600,3985,3565,3760,3009772,11453704910,2.87,52640000000,821831401.0,-727287.0,20250828
033500,31100,32150,30500,32050,404391,12837402450,3.22,961163282700,2638076375.0,-24144025.0,20250828
025950,16920,17250,16800,16890,13713,231978970,-0.94,141876000000,37833970.0,16950.0,20250828
088130,3265,3435,3265,3420,128635,434490660,3.48,59799773880,-33157270.0,,20250828
041930,6070,6070,6000,6040,28466,171297030,-0.49,95432000000,4016900.0,6030.0,20250828
060380,1417,1430,1409,1424,17405,24721659,0.42,28052800000,-1962253.0,,20250828
079960,22250,22250,21700,21900,25923,567054950,-1.35,172134000000,-55793000.0,-4573500.0,20250828
228340,1909,1909,1882,1893,5347,10133515,0.0,37860000000,-329892.0,,20250828
088910,2145,2175,2140,2165,23575,50699093,0.93,55925769060,-1350161.0,,20250828
094170,17970,18020,17840,17920,37547,673088300,-0.44,374706053120,-76157760.0,18040.0,20250828
013120,2900,2930,2860,2905,48398,139618865,1.22,263797530500,26566362.0,840468.0,20250828
109860,8110,8110,8100,8100,2215,17945110,0.0,73710000000,1922070.0,-1792310.0,20250828
032960,11310,11390,11280,11310,1710,19324960,-0.26,46581309450,-135740.0,587240.0,20250828
023790,909,1196,883,1196,8299542,9188362925,30.0,31262981932,153319999.0,-6947204.0,20250828
005290,29700,30050,29550,29750,206457,6143789675,-0.5,1529581196500,-313691125.0,-1796604575.0,20250828
025900,9990,10020,9770,9780,69381,681704275,-2.1,494450247300,-147979860.0,24576640.0,20250828
131970,35100,36200,34850,35850,213848,7632428125,-0.28,692881482300,1890385550.0,-683452750.0,20250828
073190,2060,2095,2010,2010,38441,78702580,-1.95,24055760400,17155465.0,1524030.0,20250828
176750,10270,10270,9960,10070,36203,363522060,-1.08,286544065400,45004430.0,130.0,20250828
030350,0,0,0,973,0,0,0.0,13503093562,,,20250828
203650,3270,3330,3270,3305,67591,222972885,0.15,158033274710,-22339185.0,,20250828
223250,3870,3885,3555,3640,2073979,7581187906,-8.77,86629539360,-1381565565.0,-10905000.0,20250828
060570,1947,2060,1922,2030,189100,375930240,4.26,150426193190,-55317806.0,14107115.0,20250828
362990,2265,2275,2220,2220,24202,54354850,-1.99,37297274280,-10555065.0,,20250828
016670,6420,7320,6000,6000,85423,566677800,-6.25,29651076000,-40125040.0,182520.0,20250828
187870,11200,11330,11150,11210,2125,23950670,-0.18,78880386890,335890.0,10196245.0,20250828
489730,2015,2015,2005,2005,10352,20802906,-0.25,12695660000,,18226680.0,20250828
0004Y0,1998,1998,1995,1998,13973,27911088,0.0,10619370000,0.0,19980000.0,20250828
110990,12080,12370,11850,12340,80961,988247340,2.15,233226000000,247267110.0,-81988080.0,20250828
263690,6180,6290,6110,6180,180899,1120823040,-1.44,69992269800,-13083240.0,-206110.0,20250828
214680,1986,1994,1943,1952,250689,491526494,-1.11,144613439808,-69775590.0,-27328.0,20250828
347850,139900,144700,138000,141700,228690,32359230350,3.58,1533293048300,-2476556850.0,937081000.0,20250828
263720,16190,16240,15900,16230,26435,425427380,-0.37,203272196790,-66554500.0,-30306030.0,20250828
376300,53300,53300,49750,50300,534165,27069610625,-8.21,1194041821800,-2954761150.0,-3908791425.0,20250828
109740,8540,8540,8180,8210,59759,496592230,-2.38,211082301900,-27967750.0,,20250828
031860,869,876,851,856,29985,25884620,-1.5,14699249976,-2539474.0,,20250828
196490,0,0,0,203,0,0,0.0,36245520080,,,20250828
066900,2200,2200,2105,2105,12321,26428100,-2.55,47877178815,2287325.0,69875.0,20250828
092070,13850,13980,13500,13500,34950,475335870,-3.5,156220083000,-158338355.0,64319470.0,20250828
039840,16650,16650,16160,16260,51425,837955620,-2.34,233738914620,-40377295.0,-9981180.0,20250828
219550,330,355,327,350,649924,219420845,4.48,43788386600,58265396.0,,20250828
310870,1409,1410,1355,1363,174924,241247722,-3.33,28196750373,-37023217.0,,20250828
104460,15750,16010,15500,15970,24832,392668420,1.53,171096591250,60165435.0,-53924580.0,20250828
079810,6520,6560,6290,6300,75923,484346730,-3.37,138776992200,-226304665.0,,20250828
113810,865,905,865,881,332770,294585876,1.85,28745312931,-19559816.0,,20250828
043360,2220,2300,2175,2175,17640,39409030,-2.03,19575000000,2301775.0,,20250828
197140,2065,2085,2040,2080,1877,3875320,0.97,27067360320,-19550.0,,20250828
068930,7600,7600,7370,7450,51835,384565460,-1.06,206181297900,7838795.0,-35271805.0,20250828
033130,1535,1544,1528,1534,27351,41866547,-0.07,56934819578,-9283241.0,141566.0,20250828
105740,8720,8940,8600,8860,151110,1332750690,0.45,90093025180,-93975600.0,17720.0,20250828
263020,3095,3120,3040,3075,28340,86875585,-0.65,44586980325,-30390550.0,,20250828
290550,8100,8310,8030,8090,157014,1278519340,-0.37,161809950700,38232845.0,-288680.0,20250828
066670,3010,3010,2945,2985,30450,90223640,-0.83,55795375230,2566930.0,5.0,20250828
187220,2860,2880,2815,2845,21039,59729960,-0.7,33280869745,4982245.0,0.0,20250828
383930,3000,3045,2940,3005,39761,119131475,0.17,38416304640,41425865.0,,20250828
131180,981,987,957,986,13950,13559288,1.13,28939100000,-199021.0,,20250828
315640,5450,5470,5380,5460,44367,239899680,0.18,123050862480,-24260430.0,29934170.0,20250828
317120,1519,1548,1514,1538,57966,88434386,0.39,23469880000,7944256.0,0.0,20250828
462510,7700,8950,7290,7420,2655473,21732329335,4.07,65080560300,-817115445.0,-191834575.0,20250828
042510,10420,10600,10420,10490,12021,126339830,-0.38,117542275260,-50192345.0,-52410.0,20250828
232680,7390,7720,7200,7430,235990,1778460915,1.64,93129358620,-177247100.0,,20250828
418420,5850,5860,5550,5710,313873,1789325970,-2.73,173227456180,274924865.0,-55949840.0,20250828
300120,3770,3805,3730,3750,21035,79184870,-0.53,78225045000,17047105.0,-25.0,20250828
171120,2245,2245,2215,2225,12126,26974775,-0.67,79881416000,-5599375.0,,20250828
388790,2220,2270,2210,2230,26079,57958935,0.45,68237710100,-5251445.0,,20250828
214260,14520,14520,14210,14390,3773,54171510,-0.76,128394242570,-22189290.0,150.0,20250828
171010,3970,4070,3920,3960,79095,313107830,-1.49,56623057920,89452340.0,-20.0,20250828
084650,2290,2350,2290,2305,253020,584007560,0.44,171123176950,-17175715.0,17746230.0,20250828
217500,1801,2290,1798,2055,24036917,51377445354,15.38,65373660000,-28472031.0,-965.0,20250828
038390,11920,12080,11780,12050,29330,351172690,1.26,201485905100,77756825.0,2704185.0,20250828
294140,5250,5270,5110,5220,70165,361988220,0.0,117005349960,-32360110.0,,20250828
443250,11250,11280,11140,11230,9828,110180540,-0.35,124891749800,-44398390.0,1044440.0,20250828
228670,6350,6410,6260,6320,36892,233115890,-0.63,98604956000,31452450.0,120650.0,20250828
228850,6000,6150,5900,6100,19149,116302600,3.04,101205185400,4992230.0,-41736540.0,20250828
412350,3185,3185,3025,3045,57724,176777587,-2.56,26573629740,-28265320.0,0.0,20250828
199550,6810,7110,6810,7060,43646,304720500,2.02,86596484460,33773040.0,,20250828
281740,12610,12610,12220,12260,178972,2211147835,-3.39,805856518480,-938575530.0,-82822365.0,20250828
277810,291500,292000,276000,278000,158769,44582258750,-3.14,5393160524000,-12525267750.0,-438848750.0,20250828
215100,5000,5060,4825,4830,290400,1422214186,-1.43,98283032820,-257226722.0,9705.0,20250828
090360,29150,29350,27600,27950,146954,4165370850,0.54,272512500000,-721912075.0,31675500.0,20250828
108490,97600,98400,91500,93600,731444,69037986450,-0.95,1237444416000,-13892463300.0,-1414733650.0,20250828
900260,1030,1045,1009,1020,150679,153295059,-1.54,36751913760,41191651.0,,20250828
067730,3025,3175,3000,3060,26028,79876380,0.33,29602201320,-13499800.0,,20250828
071280,12230,12750,12120,12720,58832,739937805,2.75,194572790160,74101455.0,2510.0,20250828
376900,14930,15080,14760,14830,95202,1419516280,-0.13,229269412370,-56139370.0,-117379050.0,20250828
328130,39000,39300,38450,38800,95810,3714821075,-0.39,1133138092000,85797025.0,283953775.0,20250828
038060,816,824,808,820,22120,17980069,-0.49,39444516580,-306585.0,0.0,20250828
474170,7770,7840,7680,7740,47043,364778405,0.91,137212367040,11648465.0,-1063150.0,20250828
141080,150000,150100,147000,148400,170382,25284928950,-0.74,5432974159200,-3828757000.0,5233845350.0,20250828
058470,47350,47950,46800,47200,306069,14460022700,-1.05,3597199320000,2741883575.0,-3723225750.0,20250828
016100,2450,2490,2410,2430,8502,20600116,-0.82,46415172420,-2776941.0,,20250828
012700,4095,4140,4010,4090,76447,312410150,0.49,108164692150,115795570.0,-28215.0,20250828
302550,3290,3385,3290,3345,34823,116509974,0.9,105352541160,7462305.0,2748215.0,20250828
073570,1271,1303,1200,1210,803932,984180354,-4.04,72825835610,8581322.0,,20250828
377450,16580,16950,16480,16620,36735,611833870,-1.77,288024600000,-10445410.0,-19052560.0,20250828
277070,5370,5410,5200,5360,30836,164605505,0.94,73389120000,5825575.0,,20250828
042500,4610,4610,4555,4590,35340,162157155,-0.33,87531915060,-6910275.0,29845485.0,20250828
193250,473,504,458,470,172174,82737951,-0.63,29761987190,-19521853.0,-553065.0,20250828
474650,22550,23600,22000,23000,129492,2973757050,-1.29,128317736000,-400155325.0,467783450.0,20250828
219420,5130,5140,4985,5080,46570,235233510,-0.59,58265095560,65578550.0,,20250828
439090,16540,16750,16510,16620,18163,301778440,0.18,272206681200,44300225.0,14478540.0,20250828
195500,2845,2865,2830,2855,13187,37485535,0.35,45617190000,7470780.0,,20250828
377480,19110,19190,18910,18910,23880,453752675,-1.77,134426935250,-11283480.0,359520.0,20250828
305090,10600,10780,10460,10700,91331,973784520,0.47,193714105400,138564910.0,-42410.0,20250828
098120,16630,16650,16280,16530,105978,1740943940,-0.66,137410021980,-136058950.0,,20250828
424980,7620,7700,7500,7570,3465,26343765,-1.56,44805997300,-988080.0,0.0,20250828
038290,15690,15690,15450,15510,8463,131284530,-0.83,168150114000,-9724390.0,10.0,20250828
267980,35800,36200,35500,36200,3836,138090500,1.12,283939695600,34236600.0,23525700.0,20250828
005990,11300,11300,11090,11210,11252,126559380,0.81,153782187840,-8012830.0,-33862650.0,20250828
093520,22900,24150,22450,23650,442201,10462999400,3.28,334957125800,-374701925.0,53505675.0,20250828
100590,3285,3285,3225,3225,148834,483011410,-0.62,51051824175,-8114135.0,-83985.0,20250828
067280,32750,33250,32750,32900,1206,39925600,-0.15,194991029100,9067150.0,-32400.0,20250828
072870,10980,11020,10910,11020,4891,53697765,0.64,131368968180,-8061225.0,-859070.0,20250828
215200,46600,47050,46300,46500,16077,748565450,-1.17,500846245500,-16207700.0,118606400.0,20250828
133750,2010,2010,1992,1993,15813,31551060,-0.35,46650304461,-588641.0,,20250828
446540,3905,3910,3840,3850,110193,426101152,-1.41,79968350000,-70775925.0,-92855.0,20250828
235980,4235,4380,4160,4180,403249,1721692502,0.48,143270005780,122894213.0,4245.0,20250828
041920,5330,5360,5260,5310,7546,39889550,-0.38,98756564130,-11107800.0,,20250828
014100,2030,2095,2005,2045,9787,20011045,-0.24,24131000000,530415.0,,20250828
054180,0,0,0,2295,0,0,0.0,12686716395,,,20250828
086900,119300,120500,119100,119500,28124,3362647550,-0.58,872170391500,-1059602000.0,-466882150.0,20250828
078160,10510,10860,10200,10690,57059,605375880,3.09,365788121650,41552130.0,-120.0,20250828
408920,3700,3755,3525,3580,154779,562534057,-3.24,154772188900,1018032.0,-53958977.0,20250828
021880,323,339,323,330,388297,128235568,1.23,70020854640,13018955.0,,20250828
140410,39900,41100,39400,40600,165399,6692905850,2.92,1222662504000,2125857225.0,198400250.0,20250828
241770,12080,12620,11820,12420,29216,357048640,1.47,126592588800,98701520.0,1598360.0,20250828
059210,5310,5310,5170,5180,210657,1099914660,-2.45,143216334380,-155420930.0,7066780.0,20250828
058110,1980,1999,1965,1999,18776,37267398,1.68,32085009470,-1788299.0,1981.0,20250828
434480,4135,4165,4090,4145,23771,97995452,0.0,51026193500,27303478.0,,20250828
080420,2300,2300,2250,2275,1474,3361155,0.0,181366690050,4535.0,787690.0,20250828
417970,10780,10840,10570,10670,6020,64041500,-0.37,68252789000,1557560.0,-7230.0,20250828
080160,12120,12120,11910,12080,52563,629952990,-0.33,228312000000,87041760.0,-943470.0,20250828
087260,2095,2115,2075,2085,124968,261549835,-0.48,67872715185,-26710695.0,,20250828
101330,3095,3120,3075,3100,75572,234148775,0.16,71755789900,-13547080.0,,20250828
012860,1444,1444,1415,1416,52972,75212190,-0.91,103698575112,-10943381.0,3340373.0,20250828
363260,1869,1869,1815,1823,316348,579727735,-2.46,58634550887,151591679.0,,20250828
348030,4180,4180,4080,4170,4578,18990525,0.0,40047846000,-900945.0,-792965.0,20250828
250060,2415,2450,2390,2405,65289,157121147,-0.21,77372010170,-29078395.0,,20250828
288980,1137,1144,1131,1134,36274,41138805,-0.18,39187141308,-12136252.0,,20250828
142760,1590,1609,1539,1592,130598,204515933,0.13,62173207024,-5341948.0,,20250828
033200,3100,3850,3100,3260,360389,1254649080,5.16,46719663100,-795322.0,7.0,20250828
333050,1455,1470,1423,1452,131911,190746925,-1.22,35738549352,-14919666.0,585729.0,20250828
118990,9220,9240,9140,9190,17482,160483610,-0.22,228481688100,-82101850.0,33996520.0,20250828
463480,9500,9660,8950,9130,215597,1998133410,-4.8,113123968540,-268528560.0,,20250828
006920,3040,3095,3040,3080,32183,98743583,1.48,33633600000,-10933461.0,30087130.0,20250828
001810,1591,1591,1568,1588,31698,49974481,-0.19,35154350000,-190189.0,,20250828
279600,11400,11410,11310,11320,670,7611950,0.0,53031720920,-2958490.0,,20250828
095500,11360,11380,10510,10580,460361,4995428800,-1.4,328085789420,-2483164535.0,52231215.0,20250828
254490,16590,16990,16420,16700,61609,1029323235,-2.4,241114600000,-84675675.0,300.0,20250828
218150,3480,3520,3475,3480,37402,130936235,0.0,71046990960,27199615.0,15.0,20250828
442900,10370,10380,10370,10370,17156,177935220,0.0,79641600000,-684420.0,-5156390.0,20250828
100790,5950,6220,5900,6160,118252,723005940,4.05,327247745440,51376650.0,76899515.0,20250828
446190,0,0,0,2965,0,0,0.0,14676750000,,,20250828
448830,0,0,0,2155,0,0,0.0,10602600000,,,20250828
477380,2045,2045,2045,2045,10,20450,0.0,16564500000,0.0,0.0,20250828
477470,2075,2080,2065,2075,3028,6276615,-0.24,11371000000,-53950.0,0.0,20250828
478440,2020,2025,2010,2020,2612,5262055,0.5,13998600000,67075.0,6065.0,20250828
482680,2000,2000,1999,1999,5964,11923049,0.0,16421785000,-283858.0,4997500.0,20250828
049950,15190,15310,14970,15030,22168,334040295,-0.6,132532796520,-31817300.0,8773480.0,20250828
207760,1663,1692,1650,1650,594255,990917655,-1.96,137081641950,17042661.0,1422357.0,20250828
059090,16210,16680,15730,16390,1006869,16319338180,-0.97,547700991420,124359255.0,713345930.0,20250828
201490,5340,5680,5280,5320,3005640,16451810060,-1.48,161675289440,-736595910.0,-97356360.0,20250828
475460,10640,10780,10470,10660,93653,993261285,0.19,59756229000,48683585.0,-70.0,20250828
452200,3115,3165,3085,3110,60967,189151252,-0.8,73457578000,-11604200.0,-12232662.0,20250828
206640,14400,14820,14310,14790,138483,2027674120,3.43,347366222400,297421940.0,216771330.0,20250828
018700,1169,1187,1163,1175,66141,77332924,-0.25,41265714475,3238616.0,,20250828
035620,485,492,480,492,135443,65495879,1.03,36624320100,5710663.0,-19737.0,20250828
053030,16140,16490,16140,16340,151994,2484252085,0.99,534059631920,598720540.0,141597310.0,20250828
301300,4600,4600,4445,4470,21271,95273560,-1.76,58801562640,16345360.0,,20250828
064550,14170,14180,14000,14160,30450,429913010,0.07,365473720560,78947160.0,85053910.0,20250828
314930,14420,14420,14080,14240,45396,642474970,0.49,423840826720,-111419230.0,17780850.0,20250828
489460,15880,15930,15510,15560,109382,1716072370,-2.14,234091330800,-263067080.0,-120249675.0,20250828
086820,8740,9730,8690,9570,234494,2214733300,8.63,232078835340,460079245.0,-60737070.0,20250828
038460,3050,3070,3010,3020,53379,161513655,-1.47,79016602760,-14038155.0,,20250828
251120,18980,19150,18890,18950,14647,278102140,-0.37,164783515000,-21872840.0,70400.0,20250828
199730,5420,5490,5310,5310,3623,19455875,-2.03,25829788770,1927575.0,,20250828
086040,2900,2950,2825,2940,49917,144409507,2.44,46917246180,6652355.0,29154325.0,20250828
188040,14160,14400,13900,14040,49617,701825015,-1.06,62181236520,-15819570.0,41248540.0,20250828
099430,5990,6060,5980,6020,212224,1276757575,0.17,364449656200,-335978210.0,330697000.0,20250828
032980,0,0,0,302,0,0,0.0,13522952980,,,20250828
308080,3550,3610,3420,3450,81451,284044430,-3.63,70549395000,-30445550.0,,20250828
043150,21500,21500,21150,21400,13566,288377725,-0.47,317881078400,-47290575.0,-44803275.0,20250828
323990,9090,9090,9000,9020,28192,254335615,-0.99,209781251900,15000525.0,3771860.0,20250828
267790,3910,3985,3910,3935,5020,19847650,0.64,31041247500,-834220.0,,20250828
046310,2655,2695,2620,2685,46219,122614415,1.13,44084051085,31544725.0,-5780880.0,20250828
331520,597,605,595,599,107526,64349193,0.5,30467769610,15923635.0,,20250828
199480,6340,6490,6310,6310,75691,483865300,-1.41,63741335780,-53101050.0,,20250828
438700,4060,4090,3990,4000,15953,64125417,-1.36,44579560000,1430559.0,,20250828
066410,0,0,0,1153,0,0,0.0,143032122032,,,20250828
382900,20150,20150,19240,19990,435916,8570693925,-2.01,175132390000,325018100.0,189887900.0,20250828
206400,2300,2460,2300,2425,197383,470574350,5.43,90962133150,119866025.0,-5130.0,20250828
019010,2300,2310,2275,2295,7895,18081425,-0.22,110619000000,135390.0,266640.0,20250828
177350,976,981,965,969,52782,51211797,-0.72,19044500223,-10993846.0,,20250828
457600,3045,3060,3010,3010,14693,44483705,-1.95,41259575000,-6955625.0,,20250828
424760,936,954,926,941,53215,49901529,0.53,18504766882,1048515.0,,20250828
250000,9450,9580,9390,9450,11205,106386060,0.43,63794426850,8021240.0,-20.0,20250828
310210,122800,124700,121500,123500,50402,6206561200,-0.72,2271340493500,-1512780000.0,2186618200.0,20250828
006910,3845,4020,3835,3955,3319722,13064950465,0.76,194308453920,-225350871.0,-614955.0,20250828
226340,835,856,830,831,60858,50763667,-1.42,34862461020,-1990169.0,,20250828
014470,1558,1568,1551,1552,69163,107783787,-0.89,93201107520,12226224.0,,20250828
008470,3960,4000,3955,3955,15711,62438120,-0.63,33240984000,248040.0,170095.0,20250828
338220,19870,19890,19310,19590,65715,1283536075,-1.46,274295712570,-459167590.0,54175640.0,20250828
100120,20500,20550,20250,20500,10223,208778150,0.24,199875000000,-67425500.0,-34955600.0,20250828
406820,11820,11980,11820,11850,4642,55060650,-0.5,41878374000,-1957580.0,50.0,20250828
099390,5770,5780,5680,5720,1961,11186960,-0.35,46951378760,-1661740.0,,20250828
064480,5020,5020,4945,4970,30556,151717412,-0.5,59403925000,-8970572.0,-5.0,20250828
365900,3500,3620,3465,3500,8451,29618435,0.0,25586050000,-3509035.0,10.0,20250828
089970,11590,11880,11380,11780,82989,969360040,1.9,283610509100,173890380.0,32701320.0,20250828
251630,5450,5470,5330,5460,89251,483036450,1.87,87048157560,30077400.0,5400.0,20250828
018290,37950,38550,37200,37250,312740,11788709475,-2.36,1333475760750,-1658776200.0,774812425.0,20250828
478560,3640,3745,3600,3645,45866,168573677,0.14,94151436210,-37650179.0,0.0,20250828
439580,6060,6130,5850,5850,2137853,12741422270,-4.1,196037378550,-844195650.0,1177000.0,20250828
033560,3360,3425,3350,3380,11766,39755625,0.45,57798000000,6645205.0,1583560.0,20250828
369370,1301,1316,1255,1270,84504,107399847,-3.79,63337326970,-28493881.0,,20250828
126340,38150,44750,38050,44050,328036,14097293150,13.97,280705893900,477012450.0,2123188050.0,20250828
121800,0,0,0,3320,0,0,0.0,256309348520,,,20250828
082800,7510,7610,7430,7490,89912,675817410,-0.13,375283948340,-1288885.0,25160.0,20250828
318410,8710,8880,8580,8880,13514,118387360,1.14,49330557840,1075780.0,,20250828
419540,1337,1352,1311,1314,37836,49868844,-1.72,30212159454,-9422020.0,,20250828
146320,10930,11170,10810,11070,23703,259664460,1.1,141673007610,-98718970.0,10900.0,20250828
200780,4405,4440,4370,4415,1097,4837805,0.23,42985499600,128045.0,423845.0,20250828
413640,13650,13750,13370,13500,25662,348445100,-1.1,97293690000,-72516080.0,370.0,20250828
141000,7800,7920,7790,7850,8804,69186920,0.0,95100473500,16826940.0,39290000.0,20250828
083650,54200,58800,54000,57400,605847,34717785150,4.17,1776207125000,108457450.0,2020963350.0,20250828
473370,2020,2020,2020,2020,2060,4161200,0.0,8504200000,76760.0,0.0,20250828
065170,749,749,706,726,101732,73403912,-1.63,19371876150,-1105771.0,-6058948.0,20250828
086670,10400,10580,10250,10420,21702,226572195,0.19,95084313080,68486970.0,,20250828
335890,12170,12530,12130,12510,146736,1831772440,2.46,730823253750,-19985940.0,-107209280.0,20250828
230980,0,0,0,229,0,0,0.0,21370407553,,,20250828
082920,28600,28600,27800,28200,59106,1661177750,-0.88,644996406600,-290495500.0,58212425.0,20250828
054220,403,417,394,397,2841650,1152060538,-3.41,23801373157,25322767.0,,20250828
042370,8140,8170,8050,8120,27997,226678385,-0.25,212744203000,-6820835.0,,20250828
050090,991,1015,985,1003,63121,62914080,0.3,19844089205,16448617.0,,20250828
148780,1889,1930,1875,1903,348241,663865540,0.74,59841214675,87489386.0,,20250828
307870,1250,1335,1247,1325,413295,534330797,6.43,70610145700,39699628.0,,20250828
377030,4410,4490,4270,4300,223806,972118154,-2.49,160094254600,35607117.0,-58238955.0,20250828
032850,5120,5160,5080,5090,54218,277328020,0.0,84612561370,-65253155.0,10.0,20250828
238200,3910,4045,3860,3915,11477,45151300,-0.25,32024700000,-4056195.0,,20250828
093190,5940,5940,5760,5830,6293,36369870,-0.85,112162816150,-5237850.0,-658680.0,20250828
065450,3925,3930,3890,3905,95736,374186433,-0.51,111889184000,88073333.0,5.0,20250828
044480,384,384,367,369,675243,251775283,-3.91,15004915632,-13401734.0,,20250828
069540,1058,1084,1028,1078,295895,312535126,3.55,51145695986,103853075.0,,20250828
072950,5510,5530,5330,5500,27285,148002830,-0.18,44289355000,-13654895.0,,20250828
451250,9870,10070,9870,9950,11171,111736990,-0.1,100394276150,23532560.0,,20250828
143240,14380,14650,14260,14400,23444,338351890,0.14,168613387200,25841260.0,-577490.0,20250828
466410,13380,13720,13310,13610,23494,318403930,0.44,68553883030,-14152130.0,90774090.0,20250828
223310,3365,3500,3280,3305,118588,396576786,-1.78,84130305215,-43630070.0,,20250828
452430,27500,30200,27500,29800,125406,3700191125,6.43,244752495800,762094375.0,152271325.0,20250828
419120,7120,7120,6880,7030,99485,693824105,0.86,54653511780,1190340.0,,20250828
122350,1414,1455,1414,1414,143002,205418936,-0.14,54211951192,62640959.0,,20250828
419050,2240,2340,2170,2175,2971075,6680864432,1.4,124401822000,-415791474.0,226340.0,20250828
014970,7720,7780,7550,7570,42715,326464540,-1.94,114496250000,69378070.0,,20250828
018310,19400,19490,19300,19480,5488,106510790,0.41,286356000000,7234820.0,448940.0,20250828
053700,4220,4230,4185,4210,32869,138565600,-0.12,96312969900,-8545177.0,-10410.0,20250828
009620,1800,1885,1759,1867,443935,815213495,4.89,30592831897,108442229.0,,20250828
023600,9350,9500,9290,9480,9416,88627510,1.5,153291600000,16495630.0,28318240.0,20250828
0044K0,1988,1989,1986,1987,106445,211607426,-0.1,14942240000,759357.0,76663364.0,20250828
448740,10450,10470,10450,10470,11196,117126115,0.19,48832080000,0.0,42426330.0,20250828
009300,16950,17220,16950,17150,2540,43475860,0.47,109245500000,-3959100.0,60.0,20250828
482630,16070,16080,15820,15900,21492,342866030,-1.12,174011826000,-141406570.0,,20250828
484590,15460,17450,15330,16350,6246554,103225977805,6.65,673790857500,4260446280.0,146511515.0,20250828
036670,6570,6620,6510,6520,15827,103513185,-0.76,73480400000,17887045.0,,20250828
361670,4025,4075,4025,4070,4806,19490235,0.37,23067368060,-234865.0,,20250828
054540,6570,7120,6320,6650,4908882,33147521215,1.22,86450000000,-474382870.0,13870.0,20250828
065570,0,0,0,764,0,0,0.0,12295692232,,,20250828
032280,1394,1399,1383,1399,33009,45867091,0.36,22682812410,8502179.0,0.0,20250828
002290,3395,3405,3360,3385,19845,67238455,0.0,41974000000,-6570725.0,4640.0,20250828
037460,11230,11300,11150,11200,20638,231268105,-0.27,182767446400,-37667135.0,90248770.0,20250828
032750,4055,4140,4040,4090,11713,47767810,0.86,36937288980,-4148315.0,-1317760.0,20250828
054090,837,855,828,850,35496,29865467,0.59,21215347200,1385007.0,,20250828
000250,191200,199300,189500,196000,193655,37869853050,0.98,4597664512000,-2059897950.0,1194399400.0,20250828
024950,4725,4725,4530,4575,131124,601217734,-2.66,60726614775,-195243639.0,15765.0,20250828
038500,3290,3335,3255,3305,159146,526380731,1.07,356663391330,-8872898.0,1773399.0,20250828
437730,14410,14800,13650,13830,1192206,16917775145,2.22,438515651610,-1430653690.0,-14434120.0,20250828
017480,4625,4665,4610,4660,14624,68030210,0.54,73175467400,88325.0,32540.0,20250828
046390,1611,1657,1501,1542,5332357,8264792357,-3.87,66572662686,20782421.0,-8447.0,20250828
027580,943,947,931,932,197759,185282419,-1.17,55156952028,11328224.0,,20250828
038540,1885,1915,1865,1914,39616,74988760,1.7,105898391082,-2910503.0,-12822827.0,20250828
452670,2040,2040,2035,2035,7669,15606420,-0.25,10622700000,-203500.0,0.0,20250828
091580,9940,10660,9800,10400,167966,1733566425,5.48,138613477600,442257955.0,134122510.0,20250828
263810,2945,2980,2925,2965,18630,54911205,0.68,47217106125,-4423225.0,,20250828
089980,18300,18390,17960,18290,43588,791710795,-0.05,292439486730,151485440.0,104990.0,20250828
042940,11040,11200,10800,11040,129339,1428338150,-0.09,75388980480,388883870.0,14690.0,20250828
042600,9010,9010,8330,8330,58708,494827270,-5.34,103488371420,79240515.0,30.0,20250828
107600,32650,32850,28500,29250,269038,8069384325,-8.16,164679079500,-916807100.0,2314300.0,20250828
411080,7750,7900,7650,7790,37026,288891730,-0.13,118934900020,64869455.0,132430.0,20250828
252990,4635,4790,4560,4755,220831,1042489790,2.59,277635239565,236805795.0,-122134525.0,20250828
378800,2420,2425,2330,2345,1005349,2380517991,-3.7,70685407695,343943002.0,,20250828
294630,2740,2740,2650,2680,101799,272585435,-0.92,64706185320,-9226409.0,,20250828
038070,6840,6870,6800,6820,12082,82512045,-0.87,62066610320,5894485.0,-30.0,20250828
006730,9660,9680,9380,9500,322614,3049390965,-1.25,621555768500,441637020.0,-73352725.0,20250828
079650,1650,1713,1649,1670,28968,48694538,3.15,33400000000,6172652.0,,20250828
100660,3660,3725,3600,3635,95067,347217575,-0.82,45801000000,-35196470.0,-15.0,20250828
019770,3860,3900,3850,3870,14824,57354665,-0.77,45085500000,-13241710.0,-5.0,20250828
043710,989,1000,958,979,36791,35925201,-1.01,84744697290,-6903780.0,,20250828
092190,2915,2930,2880,2905,10288,29825955,-0.34,133247652615,26160.0,-13081215.0,20250828
046890,6790,6850,6760,6810,42474,289039640,0.15,397059774000,33192740.0,85271560.0,20250828
063170,8300,8300,8090,8120,17425,141994890,-1.58,144327048040,-22809620.0,-333910.0,20250828
027040,230,232,223,229,94621,21371320,0.88,15935845963,-1777466.0,133687.0,20250828
018680,3250,3290,3220,3285,3477,11295155,0.15,38300862915,-318375.0,,20250828
036120,2285,2305,2280,2300,26688,61113660,-0.22,81650000000,-36263735.0,,20250828
093920,5650,5650,5560,5620,4636,25912610,0.0,104532000000,-483330.0,23450.0,20250828
189860,3500,3500,3360,3360,17107,57704229,-0.74,32587900800,-11489305.0,5.0,20250828
178320,19710,19840,19350,19500,156637,3066952900,-1.22,1096835103000,-627333365.0,317874665.0,20250828
122690,1909,1923,1880,1913,28926,54911084,0.21,42778423741,-1915796.0,-7646068.0,20250828
140070,2410,2795,2390,2475,7059167,18446229485,2.91,91545300000,25359429.0,,20250828
011370,956,979,942,957,223296,214277309,0.74,96556385805,28888437.0,,20250828
065710,36300,37000,35950,36800,11715,428834550,1.1,189520000000,48377400.0,117212500.0,20250828
035890,0,0,0,1623,0,0,0.0,372979125711,,,20250828
357550,54500,54900,53300,53700,5042,270786200,-1.65,292933500000,-23315100.0,15700.0,20250828
003100,19060,19350,19040,19340,5909,113818430,0.89,127644000000,48818050.0,-596950.0,20250828
067370,6410,6560,6290,6420,2580,16524050,0.78,79053023100,-2782000.0,0.0,20250828
217620,0,0,0,3810,0,0,0.0,26803681470,,,20250828
171090,37600,37850,37100,37350,24503,919591425,-2.1,357010124400,21473450.0,-30438950.0,20250828
086710,10590,10750,10590,10680,30330,323691250,0.66,130331030400,13902125.0,40.0,20250828
014620,32900,34250,32300,33350,287329,9644030000,0.3,885688089400,6585175.0,1268091200.0,20250828
037350,4640,5000,4640,4710,223331,1059858910,0.96,72863700000,246568908.0,1074000.0,20250828
458650,12300,12330,12150,12260,19058,233451510,0.74,184459914200,-15548970.0,-7503150.0,20250828
081580,2915,2950,2875,2910,15657,45333655,0.0,45128696130,2834895.0,,20250828
045300,2965,2965,2900,2960,19300,56415196,-0.17,30628200400,-35150.0,-1967275.0,20250828
015750,6040,6190,6010,6070,249367,1525957420,0.33,485600000000,173102675.0,54806450.0,20250828
365340,39000,39000,37500,37600,24104,910643575,-2.46,458525044000,-377535500.0,45056050.0,20250828
080470,4345,4350,4245,4250,13009,55527627,-1.16,31025000000,55400.0,2110.0,20250828
043260,1050,1057,1048,1052,32064,33703998,-0.09,74610809796,-2753608.0,0.0,20250828
148150,6390,6400,6300,6370,138837,881503970,-0.31,228430932730,69384890.0,12730.0,20250828
188260,2470,2580,2470,2535,17234,43386900,2.22,18324171450,15768585.0,,20250828
053060,1455,1489,1455,1477,66675,98476614,1.51,26080007863,3728800.0,-296000.0,20250828
340440,1610,1617,1583,1602,100204,160308793,-0.68,45462139128,25937360.0,,20250828
017510,10950,11170,10810,11160,477557,5271893285,1.27,170145360000,-353457600.0,281086440.0,20250828
011560,12130,12320,12110,12200,14695,179394535,0.58,128466000000,70306105.0,12240.0,20250828
396300,3290,3300,3170,3170,369115,1186347437,-3.65,83971715000,182338073.0,2122245.0,20250828
100700,2570,2620,2560,2610,22247,57835430,1.95,114318000000,12101315.0,-1070375.0,20250828
024830,10770,11170,10690,11030,10703,116701595,1.66,92100500000,-4374910.0,,20250828
258830,0,0,0,412,0,0,0.0,22983976612,,,20250828
036630,5590,5590,5240,5260,26183,139148660,-1.68,105200000000,-42062440.0,1556700.0,20250828
039310,1523,1524,1484,1500,14924,22412589,-1.38,27182500500,-36231.0,,20250828
067770,2355,2355,2310,2335,10658,24784855,0.0,19606044655,6885.0,,20250828
053450,5700,5830,5650,5730,47510,273986940,0.7,84762761190,31868210.0,,20250828
222810,0,0,0,5400,0,0,0.0,81712098000,,,20250828
252500,843,847,835,843,88369,74217479,0.0,34973026770,-2152285.0,-22995854.0,20250828
321370,1360,1360,1325,1344,231555,309768459,-1.18,58706543616,49322787.0,,20250828
347000,2315,2725,2290,2410,8676852,22418753713,4.1,79541992160,-522517285.0,-71750000.0,20250828
331920,3000,3010,2900,2955,7986,23629904,-1.83,24125057340,-8955945.0,,20250828
352770,0,0,0,5250,0,0,0.0,13610136750,,,20250828
471820,5650,5800,5560,5570,26400,149536735,-2.11,66223300740,-24442795.0,,20250828
049180,581,724,576,628,7373115,4902665455,8.28,34513035564,-156966090.0,-6307516.0,20250828
299660,3900,3930,3860,3910,210103,818726117,0.26,115356640070,122440570.0,,20250828
108860,13170,13170,12930,12960,56662,736800915,-0.92,348815678400,-283729120.0,142593910.0,20250828
208370,3970,4005,3965,3970,51727,205561445,-1.0,102190039080,-44947685.0,-67660.0,20250828
318160,8830,9650,8750,9310,148602,1388567065,3.91,86218988310,278856075.0,84943145.0,20250828
308430,27900,28050,27000,27250,134118,3660479250,-3.37,349312981250,-374931425.0,-716189450.0,20250828
068760,52800,54000,52700,53700,50275,2688114450,1.13,2345572610400,578498000.0,326646800.0,20250828
068940,0,0,0,778,0,0,0.0,35720093048,,,20250828
007720,860,867,851,862,61030,52314953,0.23,86889987900,-10339219.0,,20250828
060230,435,442,432,437,268417,117386581,-0.68,32232802301,8507692.0,,20250828
290690,5150,5390,5130,5250,607500,3189349340,1.16,255886664250,393824380.0,,20250828
950200,3905,3970,3895,3965,17339,68143595,1.54,76270950145,-5919875.0,-6440.0,20250828
032680,305,315,300,313,691206,211634155,1.62,33049909132,5273127.0,,20250828
032685,6550,6550,6510,6530,396,2581300,-0.15,2332137260,-39130.0,,20250828
258790,1089,1135,1085,1093,104097,114548222,0.37,27315473412,26528984.0,,20250828
066910,1020,1054,1003,1019,2270645,2330336060,1.8,68204894116,-33899502.0,-42252677.0,20250828
215090,812,812,782,794,1172673,931620364,-1.73,91927974170,31245522.0,11909924.0,20250828
035610,4255,4260,4185,4190,14929,62973450,-1.64,114579727430,-15064870.0,440.0,20250828
357780,212000,213500,205000,207500,63803,13215005250,-3.49,1614052445000,2657084000.0,-4128476500.0,20250828
036830,42400,42400,39100,39750,169724,6755740925,-5.92,833321226000,1731575550.0,-4051339500.0,20250828
304100,31650,31650,31000,31200,79357,2479035375,-1.73,378536121600,103659675.0,54472175.0,20250828
328380,1010,1026,1006,1018,38155,38744338,0.2,34879508004,-962675.0,,20250828
086980,2730,2745,2715,2735,70239,191576155,0.18,171314930000,44319048.0,11540870.0,20250828
050960,10430,10450,10320,10360,10391,107711180,-1.05,69940360000,3764520.0,-482570.0,20250828
084180,4575,4615,4425,4430,76228,342015857,-2.85,80069073690,-111724327.0,1517275.0,20250828
253840,6830,6980,6700,6910,207439,1430944430,1.17,115695512000,204779235.0,30.0,20250828
298830,4895,4950,4875,4880,71369,349517602,-0.31,256781017680,10178773.0,,20250828
236200,32500,32500,31250,31650,13771,434145000,-1.09,229692690450,-176398550.0,-46794200.0,20250828
094840,6660,6750,6630,6670,24002,160590310,0.15,69847172800,60504380.0,,20250828
192440,23550,23950,23450,23550,4741,111566325,0.0,146395348650,48222750.0,-47012100.0,20250828
424960,8500,8630,8370,8490,69910,593121155,1.68,133100616600,43590690.0,-8525400.0,20250828
099440,3670,3770,3525,3540,2828962,10249214275,-2.48,241581614760,-705820230.0,7670415.0,20250828
276040,1699,1746,1686,1730,254841,437371484,1.76,37420479550,81273302.0,0.0,20250828
060240,0,0,0,1976,0,0,0.0,6385281968,,,20250828
115570,2915,3140,2895,2940,27281,81363387,0.86,23474453520,-2358485.0,42755.0,20250828
330730,4325,4325,4215,4305,9973,42561450,0.94,78139323150,-15932015.0,12825.0,20250828
352090,3720,3770,3720,3740,34913,130844925,-0.4,100505012520,32874228.0,9482340.0,20250828
253450,46700,46750,45600,46150,157901,7267804500,-2.74,1387199682700,-787710950.0,-1903170950.0,20250828
408900,4950,5070,4890,4950,1567809,7781870451,-0.8,162011183400,-558746242.0,29264580.0,20250828
204630,0,0,0,4650,0,0,0.0,23668225650,,,20250828
415380,12010,12860,11780,12700,690898,8602015870,8.55,51493801000,948341860.0,-101808590.0,20250828
013810,2810,2815,2760,2760,55741,155444160,-1.78,40449097200,-30057310.0,0.0,20250828
347700,12530,12550,11520,11590,464703,5571501005,-8.88,454657376210,-1592373625.0,-293354235.0,20250828
049830,8640,8730,8520,8520,1338,11534540,-1.27,52245594240,-43150.0,90.0,20250828
020710,3845,3850,3795,3850,43907,167668705,0.79,77184684500,13067330.0,-461615.0,20250828
033170,616,619,613,613,56028,34433869,-0.49,52551459547,-13124459.0,,20250828
048870,2810,2815,2765,2770,136888,380777536,-1.42,244056287510,-30089226.0,-30470.0,20250828
025320,6600,6660,6590,6610,119916,793832635,-0.6,579866189560,-65273255.0,20923610.0,20250828
340810,3390,3445,3355,3400,46266,156228358,-0.44,44050678800,34066179.0,-2715.0,20250828
269620,0,0,0,889,0,0,0.0,132090012299,,,20250828
056090,1001,1009,993,999,190256,189856464,-0.2,103155776964,16970589.0,,20250828
429270,5710,6780,5710,5990,528866,3295743665,5.27,27902318500,-116985000.0,785940.0,20250828
418250,0,0,0,6550,0,0,0.0,45439033350,,,20250828
131090,4105,4220,4045,4170,5039,20827000,2.46,33360000000,50075.0,3405645.0,20250828
290520,1635,1635,1595,1603,1320,2118510,-1.17,25534767286,-239351.0,0.0,20250828
001000,2115,2125,1970,2035,87725,180125522,-4.01,49404793900,-14023078.0,,20250828
025870,5560,5790,5560,5790,4780,26734350,2.84,23160000000,-405600.0,,20250828
215600,2860,3060,2840,2975,1170200,3476394148,3.84,410936262100,7714225.0,9107245.0,20250828
065350,59600,60100,59300,59400,44281,2642359600,-1.16,1632546511200,157874450.0,180002600.0,20250828
416180,36800,36800,35700,35750,41013,1479770800,-2.19,323172063500,-180564225.0,-155056300.0,20250828
162300,2130,2130,2060,2080,76629,159009177,-1.42,86260474560,33264513.0,,20250828
290560,6900,7000,6890,6950,4102,28461955,-0.43,25903497900,7821790.0,,20250828
002800,5710,5730,5670,5700,29042,165560900,-0.18,86471850000,59469850.0,,20250828
472220,2155,2170,2150,2170,2663,5725720,0.46,10177300000,-2165.0,0.0,20250828
017000,2595,2660,2595,2645,15495,40736920,0.76,30861931415,6349680.0,5.0,20250828
012790,6300,6310,6255,6260,11872,74533060,-0.32,75034957900,-15267300.0,,20250828
138070,2260,2300,2240,2250,32848,74176885,-0.22,39382209000,-14479995.0,-20.0,20250828
226330,5690,5730,5590,5640,42439,238956055,-1.74,86057799000,-49216600.0,24306330.0,20250828
452980,2035,2035,2035,2035,2293,4666255,0.0,38471675000,0.0,-1017500.0,20250828
474660,2065,2075,2065,2075,1402,2895745,-0.24,11454000000,-4140.0,2653525.0,20250828
474930,2125,2130,2120,2120,26,55205,0.24,7674400000,-23370.0,0.0,20250828
487360,2010,2015,2010,2010,918,1845899,-0.25,11336400000,0.0,-4030.0,20250828
487830,2015,2020,2015,2020,3950,7964430,0.0,8787000000,,0.0,20250828
496070,2000,2010,2000,2010,2885,5779869,0.0,11296200000,0.0,0.0,20250828
056700,1916,1940,1912,1929,29066,55862355,-0.26,56201590539,-5077490.0,,20250828
187270,3690,3735,3605,3620,430029,1577972311,-2.03,36720718900,-6383989.0,687745.0,20250828
243840,4650,4780,4625,4695,227646,1066258181,-0.11,181030913325,-247821961.0,2856100.0,20250828
257720,45500,46650,45050,45700,529667,24178794000,-0.65,2795556195600,3961767475.0,-2018944050.0,20250828
222800,25100,26200,25000,26000,465233,12019124225,0.78,848079544000,547090375.0,2936853000.0,20250828
036710,1533,1540,1484,1534,146187,221570633,2.13,77260015846,78985968.0,-66505189.0,20250828
444530,10040,10200,10030,10070,30557,308662860,-0.98,64346524610,65237140.0,140.0,20250828
234030,7690,7950,7600,7820,189376,1472262610,0.0,184591100000,44904325.0,8319000.0,20250828
160980,12420,12570,12310,12560,17359,215405940,0.16,137208492080,-75628870.0,-468740.0,20250828
356890,3150,3170,3095,3120,28604,89387970,-0.95,37295934000,4537770.0,,20250828
217330,2710,2710,2610,2685,19075,50801342,0.37,62102833695,-10047987.0,-1060345.0,20250828
208640,580,595,558,558,4714223,2689895185,-6.38,77696061732,-271393381.0,128835.0,20250828
222420,834,834,806,808,51010,41294337,-0.25,36731866648,2824330.0,,20250828
037760,1745,1762,1745,1762,7507,13222433,0.11,59613606802,0.0,,20250828
081180,8500,8500,8220,8290,29924,248162925,-1.54,73163685150,-22119385.0,-28906635.0,20250828
099320,51400,51600,50500,51100,27746,1415060600,-0.58,559610305800,36550000.0,-38473100.0,20250828
049960,12730,12960,12730,12950,8159,104826830,0.86,121730000000,51921180.0,,20250828
088280,2205,2230,2100,2110,118202,252379035,-4.31,36516693900,-28029980.0,-153155190.0,20250828
050890,6530,6530,6440,6450,247561,1606216735,-1.07,394064239950,-276596850.0,403477160.0,20250828
394800,5870,5970,5860,5900,97942,578621860,0.34,187157080100,20892255.0,65136565.0,20250828
177900,6980,7120,6940,7040,47616,335037945,0.14,67293952000,26557220.0,,20250828
475400,22850,23200,21850,22000,83949,1868980300,-0.9,257065908000,-418036975.0,128398950.0,20250828
109670,6990,7100,6860,6860,3862,26894110,-1.86,40039089720,-8479760.0,,20250828
066790,0,0,0,1493,0,0,0.0,97271994227,,,20250828
222080,6960,6970,6860,6870,205289,1415582200,-1.86,531544533930,-518965870.0,69877215.0,20250828
352480,43650,44550,43550,44400,36230,1594127075,1.14,444618980400,3347225.0,532546575.0,20250828
264660,12260,12320,12150,12270,7503,91685150,0.08,119278780440,-11481710.0,120.0,20250828
352700,2560,2660,2560,2630,25782,67431530,1.54,69108244370,838245.0,8542720.0,20250828
458870,49300,49700,46450,48750,153217,7491862425,-1.52,617461650000,625902550.0,728408725.0,20250828
297090,6640,6710,6610,6670,30946,206425555,0.3,181890900000,56363460.0,-51990.0,20250828
900120,613,613,591,599,80141,48071277,-0.17,18004612616,193253.0,-2392.0,20250828
359090,1013,1020,1010,1017,32582,33064981,0.0,57919178187,-6983290.0,,20250828
115530,473,473,464,470,65834,30717682,-0.63,31942610000,-924265.0,,20250828
115480,617,625,613,623,19616,12197943,0.32,37769099634,-216908.0,,20250828
376290,3205,3290,3190,3210,7641,24675320,0.16,56680575000,-179795.0,-876905.0,20250828
189330,5260,5280,4970,5020,448630,2295666795,-4.56,30583265680,-3065845.0,-789037340.0,20250828
096530,26050,26050,25650,25650,170771,4407863050,-0.77,1339596746100,-1138462325.0,482862675.0,20250828
101240,4245,4300,4230,4265,9260,39415035,0.47,45266829135,-4015395.0,,20250828
060590,6840,6840,6670,6670,9872,65958860,-0.6,161287403400,-29581110.0,0.0,20250828
260930,5450,5510,5320,5500,109399,594724435,0.92,106378750500,18394890.0,-20370.0,20250828
413630,1842,1915,1775,1800,3374829,6207585805,-3.43,65585926800,185800467.0,,20250828
013990,5050,5090,5020,5040,65138,329915325,-0.59,165753181440,106892440.0,,20250828
123860,18140,18650,18010,18300,28800,530076200,1.16,221858494500,189212000.0,-30159700.0,20250828
025980,9710,9860,9570,9700,1124032,10893521540,-0.82,895033666400,-403534005.0,-97821360.0,20250828
125210,6700,6700,6570,6600,41202,272104915,-1.35,108878814000,-45189090.0,10.0,20250828
357580,7360,7820,7340,7800,178277,1364054490,6.41,87518059200,9319920.0,255605540.0,20250828
052710,13220,13220,12850,13160,86848,1134333180,-0.08,192334834440,-250171140.0,171911240.0,20250828
074430,1047,1060,1034,1037,120515,125721322,-1.24,91076437228,3017839.0,,20250828
092040,3500,3535,3440,3460,95775,332878850,-0.72,190363480620,-53789225.0,10505.0,20250828
083930,13160,13200,13040,13120,24804,325296435,-0.3,192565506880,30065840.0,20140.0,20250828
149950,8130,8130,7900,8010,4649,37056995,0.13,125016075000,-4052375.0,-16130.0,20250828
036010,6300,6410,6250,6390,44088,280564640,1.43,84941848260,6056580.0,10.0,20250828
050860,2090,2130,2075,2130,20876,43678930,1.91,47925000000,2536245.0,0.0,20250828
136410,10200,10240,10040,10200,34306,346982960,0.0,112394881200,15427360.0,-20.0,20250828
246720,6170,6180,6000,6050,9068,54997330,-1.63,87977648000,-7538150.0,,20250828
450950,9100,9860,9100,9780,157994,1509685165,6.42,365841359760,-454922965.0,426662460.0,20250828
067390,540,564,531,547,1657292,907837779,1.3,220527195713,12587678.0,,20250828
159010,3595,3595,3480,3485,17811,62349065,-1.69,46471565415,5202585.0,201905.0,20250828
127710,1107,1121,1102,1119,22882,25429166,0.54,39057667758,-271379.0,,20250828
154030,2065,2090,2040,2055,55782,114433313,-0.48,24787136685,9686565.0,,20250828
227610,1029,1030,1006,1019,20910,21383951,-0.97,36259634393,1340877.0,,20250828
331740,13800,14120,13410,13720,76402,1054647640,-0.36,132111691040,45317410.0,35846260.0,20250828
143160,17430,17810,17310,17800,21355,377859435,1.77,190751742000,94459980.0,-524160.0,20250828
054800,11770,11870,11600,11780,12879,150793310,0.0,121896565680,-22757800.0,1403510.0,20250828
332370,5520,5520,5410,5450,5994,32763690,-1.62,72341806700,-5173080.0,-3570.0,20250828
066430,1572,1624,1530,1609,148377,234308067,4.96,62997942884,57303614.0,,20250828
339950,1989,1998,1959,1965,87673,172656110,-1.21,88320177075,-73298078.0,,20250828
469750,1513,1559,1476,1488,5084371,7679975556,-1.0,50497483728,-110287341.0,,20250828
460470,3050,3115,3040,3045,37284,114303900,-1.14,45969969150,13692975.0,-36720.0,20250828
099190,17880,18090,17700,17740,76654,1373984770,0.45,489392067240,126508985.0,97318740.0,20250828
461300,19600,19650,19070,19640,21864,425133095,1.97,260091204120,11737225.0,34131600.0,20250828
289010,1851,1872,1830,1830,23424,43153281,-1.93,25519818480,-11276196.0,,20250828
214430,87800,89200,85400,87600,78492,6861767600,-0.34,622552176000,-2975030600.0,13395950.0,20250828
040910,3810,3835,3755,3805,8365,31616355,-1.3,70675116375,-5747420.0,,20250828
368600,2565,2600,2555,2575,9440,24233585,0.0,45161240950,-169055.0,,20250828
456010,11780,12000,11780,11850,54502,647094880,-1.5,159035010600,136736460.0,,20250828
052860,2140,2205,2090,2200,102308,218151058,2.8,39298278800,43039720.0,,20250828
464500,3010,3065,3005,3045,46510,141317475,1.16,42518135835,15904035.0,,20250828
212710,8580,8990,8580,8750,45169,396095890,0.81,81247932500,39249310.0,-38081660.0,20250828
038880,189,189,183,183,1953592,361928207,-2.14,68756975025,40158826.0,-1466135.0,20250828
307180,2560,2640,2530,2550,102897,265730885,0.2,72579693750,28217770.0,216755.0,20250828
101390,0,0,0,396,0,0,0.0,5140810224,,,20250828
461030,8100,8120,8000,8080,11678,94148440,-1.1,113263420000,4116100.0,-72450.0,20250828
451220,10140,10270,9980,10150,29981,304159460,0.0,79927301650,-27272690.0,0.0,20250828
090150,729,733,719,733,249319,182589616,0.55,30694589769,5009724.0,,20250828
123010,772,803,772,785,163512,128517900,1.68,25636955470,5501931.0,,20250828
031310,1669,1670,1634,1656,42347,70023406,-0.24,43643951208,10518188.0,,20250828
462980,2495,2535,2490,2525,38131,95739385,1.2,46041953425,37454920.0,,20250828
185490,2995,2995,2750,2895,101260,286150884,-1.03,78251224680,12961931.0,,20250828
059100,5490,5490,5350,5480,23061,125123070,0.92,38748312800,-30434070.0,,20250828
262840,2200,2250,2175,2190,21353,46873065,-0.45,46283251950,-6067580.0,,20250828
175250,0,0,0,2170,0,0,0.0,81501658560,,,20250828
052460,2875,2900,2825,2875,105587,302092382,-0.17,41997816000,28161747.0,,20250828
119830,6080,6130,6000,6090,109233,662431605,1.0,134695830780,180325585.0,18180.0,20250828
052770,793,820,771,800,239645,191158745,0.88,46368507200,24245233.0,,20250828
124500,14920,15300,14510,14900,109536,1637565605,-0.6,345747452300,-294316800.0,-48410310.0,20250828
010280,1018,1070,999,1053,601555,624953707,4.57,68575346658,165802965.0,,20250828
232830,2375,2375,2350,2370,8738,20621065,0.42,27746708640,3951425.0,,20250828
372800,6470,6470,6230,6390,12276,77305125,-1.39,38640266100,-14413660.0,,20250828
084850,12880,12880,12450,12550,28987,365399010,-3.76,284670821700,-115897960.0,-27188470.0,20250828
309710,20350,20350,19490,19580,32055,633398205,-2.59,246375159580,-40890020.0,29677690.0,20250828
114840,23100,24950,23050,24600,242765,5936771550,3.36,426069540000,542413950.0,631462475.0,20250828
027360,2165,2240,2140,2210,217710,478032268,1.84,267731347260,-4726638.0,39865.0,20250828
032080,1355,1366,1346,1351,4350,5912652,-0.3,29034380179,-313413.0,,20250828
013310,3680,3725,3585,3640,541048,1979807341,-1.49,141255958480,437134860.0,-531730.0,20250828
059120,6900,6950,6570,6640,121296,815863425,-1.63,64730677440,51021560.0,0.0,20250828
203690,0,0,0,4425,0,0,0.0,76921522875,,,20250828
158430,7780,7980,7660,7740,301474,2348420785,-1.65,192343094460,-232469740.0,371520.0,20250828
200350,9020,9080,8970,9000,15832,142390355,-0.66,89964225000,-35635860.0,116980.0,20250828
321820,6100,6100,6000,6060,14644,88442860,-0.16,94483738560,-30443920.0,,20250828
001540,7750,7800,7670,7670,11128,85911920,-0.52,100035361400,-2134640.0,3415720.0,20250828
053800,60200,60900,60000,60600,21340,1291253100,0.17,674266263600,328014100.0,-208039500.0,20250828
065660,24400,24900,24250,24800,4991,122498650,1.64,248151280000,6965800.0,33939600.0,20250828
297570,795,801,782,796,29753,23607102,0.0,27558489528,-2216514.0,,20250828
260660,4550,4620,4535,4555,115500,528966010,0.11,69814580655,62168975.0,604850.0,20250828
354320,23200,23550,23050,23100,4624,107281550,0.43,147640901100,3989650.0,,20250828
361570,2160,2160,2120,2125,22439,48128272,-1.39,61079493375,-15106617.0,-2152145.0,20250828
131370,2910,2925,2870,2920,31905,92620922,0.69,155539882360,8503225.0,63840.0,20250828
140670,16610,16620,15960,16020,132409,2157047845,-1.17,149036302800,17044545.0,37725160.0,20250828
096610,0,0,0,2965,0,0,0.0,51550708615,,,20250828
061040,2410,2430,2300,2325,138724,325098820,-3.33,74607527175,-24669180.0,10.0,20250828
148250,7140,7140,6740,6900,43857,299764530,-3.36,65182036800,-32993570.0,,20250828
347860,2715,2800,2700,2785,174401,477209706,1.09,107810026385,-52918133.0,,20250828
196170,426500,426500,417000,418000,202873,85354202250,-1.18,22348356624000,-9820883500.0,-7641881500.0,20250828
123750,1626,1675,1594,1637,37900,61783457,0.68,20865688189,-6299184.0,,20250828
085810,621,646,618,625,117385,73772122,-0.32,31160243125,5335056.0,,20250828
043100,1785,1900,1773,1870,220442,405021195,4.82,31990232120,46441312.0,,20250828
117670,6750,6870,6730,6730,1921,12999770,-0.3,41318619640,-2242550.0,-20310.0,20250828
314140,6250,6430,6200,6410,16377,103825250,2.56,55551374010,-17778030.0,,20250828
291650,1181,1192,1153,1192,118982,139980886,0.08,34902060384,-14363983.0,,20250828
293780,7850,7930,7550,7860,122878,957222695,0.13,211287489600,30974680.0,-22407720.0,20250828
310200,4775,4920,4610,4660,1524229,7163566544,-2.61,240136030420,1416081882.0,-948689950.0,20250828
179530,2980,3130,2950,3060,106168,320251030,0.99,38537052480,-11181740.0,,20250828
397810,12260,13580,12120,12230,1694281,21692338345,-0.49,62913443700,505112210.0,-64183860.0,20250828
900100,970,992,970,970,108599,106110542,-0.21,44656173240,18588670.0,,20250828
052790,6220,6450,6050,6100,20493,125007000,-1.61,69116891800,-2059690.0,,20250828
290740,5320,5320,5230,5230,5090,26715045,-1.69,52640007530,5735590.0,,20250828
238090,2000,2000,1966,1966,19487,38505570,-1.6,46282201698,-7277296.0,,20250828
092600,584,700,550,607,412381,254030668,7.24,15225694819,-2179370.0,,20250828
129890,1265,1290,1034,1050,33707984,39528827509,-8.93,53175580500,-238293616.0,-28924.0,20250828
174900,10090,10100,9880,10020,55101,551625185,-0.69,191311348980,-125394155.0,,20250828
270520,1116,1133,1105,1105,305915,340045838,-0.81,213908154200,1177778.0,2954527.0,20250828
255440,7730,7800,7680,7800,3351,25969520,0.91,101852400000,-2408210.0,,20250828
030960,8400,8450,8330,8400,32038,268305540,0.24,134232000000,2597290.0,,20250828
102120,10570,11150,10430,10950,137888,1502346515,3.11,194699245350,176247220.0,10860.0,20250828
238120,3330,3350,3300,3340,20656,68641620,0.0,48025512640,185895.0,,20250828
019990,7550,7660,7480,7510,82508,623236425,-0.53,73268220880,51206800.0,90.0,20250828
435570,12650,12710,12400,12560,23158,290565670,-1.26,95669306480,46343770.0,-10527350.0,20250828
270660,16600,16670,16170,16250,30652,502661570,-0.18,199748282500,-146731190.0,37429860.0,20250828
038680,3900,3905,3815,3900,36982,143242985,1.17,77659303800,-34092805.0,6965.0,20250828
217480,0,0,0,499,0,0,0.0,54756837359,,,20250828
121890,1395,1440,1395,1424,35954,51202389,1.21,18927019104,16059088.0,,20250828
304360,19200,19250,18680,19000,27700,526448930,0.64,225336124000,73680250.0,120.0,20250828
389500,21250,21750,20300,20350,52150,1088669225,-3.1,128894946400,-304075875.0,31670800.0,20250828
042110,1361,1368,1352,1354,101490,137769829,-0.59,65438229656,6840181.0,,20250828
298060,990,1032,984,1009,29841,29722976,1.51,39823542952,-1047850.0,,20250828
065420,290,295,283,295,362819,103920785,1.72,21115303205,12992879.0,,20250828
103230,3780,3860,3640,3835,105726,400196780,2.13,27612000000,39576163.0,,20250828
260970,124100,135900,123500,134000,108786,14415055850,7.37,387629036000,758714950.0,63175600.0,20250828
101490,55100,56100,54700,55100,111533,6187321150,-0.9,1181974729700,-779280600.0,272648500.0,20250828
095910,1542,1567,1511,1522,34087,52198254,-1.3,34858093562,-20947316.0,,20250828
275630,3215,3395,3195,3285,9587,31472175,2.18,19769093865,-447480.0,-1052630.0,20250828
031330,2910,2935,2890,2925,122744,357482494,0.52,292485570975,27421150.0,-9989730.0,20250828
060540,1310,1322,1299,1308,8528,11118781,-0.08,34182364248,-3840488.0,,20250828
056190,22800,22900,22600,22900,36574,831788450,0.44,822310604000,20931975.0,21147225.0,20250828
0008Z0,48800,49650,47550,47900,534664,26006045300,-2.54,452011415600,-1771417675.0,191122650.0,20250828
246250,0,0,0,1969,0,0,0.0,30220617614,,,20250828
041510,140500,142500,137500,139300,339191,47200548400,-3.26,3189230317000,11470950950.0,-18403681000.0,20250828
460870,6880,7020,6800,6890,72240,497027830,0.29,132999764560,-157148995.0,4415995.0,20250828
007820,4280,4305,4085,4175,1144437,4777041580,-1.3,83641724550,-76518631.0,,20250828
464080,10470,10550,10110,10390,101350,1052016520,-0.95,183714213700,1888795.0,53030135.0,20250828
109610,3380,3415,3355,3355,138165,467466907,-1.32,164084327000,29094010.0,,20250828
365330,4810,4910,4805,4865,220239,1071617040,0.0,148917650000,309924805.0,,20250828
019590,250,312,191,312,9753876,2299046029,-88.72,11852520264,-35815580.0,,20250828
306040,4190,4190,4095,4140,10070,41530190,0.12,40844527920,3649355.0,5190.0,20250828
398120,3190,3190,3070,3130,14546,45206470,0.0,35399361000,1209440.0,,20250828
457940,2070,2085,2070,2085,1010,2090745,0.0,6901350000,,2084490.0,20250828
472230,2015,2025,2015,2025,10,20180,0.0,8413875000,,0.0,20250828
473000,2040,2040,2040,2040,57,116280,-0.24,6752400000,,0.0,20250828
473950,2020,2050,2020,2045,390,792475,0.49,9038900000,,0.0,20250828
455910,2062,2070,2055,2070,682,1401660,0.0,10391400000,-1395450.0,0.0,20250828
475660,6280,6570,6100,6110,212047,1338496905,-4.08,48451291850,-87070285.0,74748100.0,20250828
096630,685,687,677,677,150568,102489325,-1.17,53741354032,-12704173.0,0.0,20250828
069510,14300,14620,14290,14550,14113,204520870,2.03,158740500000,53712650.0,13266745.0,20250828
234300,4010,4020,3845,3865,354502,1385690835,0.52,106365630975,-388801530.0,,20250828
039440,18000,18380,17970,18110,64699,1177189145,-0.33,286681300000,-87095980.0,-86727790.0,20250828
098660,2065,2070,2000,2050,52057,105217330,-1.44,25627000800,89590.0,,20250828
052020,7610,7690,7400,7650,128618,971639560,1.86,520072176150,-42412900.0,,20250828
237690,94500,95000,93100,93500,68018,6381785300,-1.16,1884295028000,252998050.0,-347338250.0,20250828
050760,1539,1564,1536,1545,56990,88267937,0.39,25237077510,-16443569.0,30117626.0,20250828
288620,10900,11210,10830,11000,106910,1177156795,-0.72,76772476000,47168150.0,10.0,20250828
443670,6150,6290,6050,6100,46897,288583420,0.66,150922491200,1336820.0,,20250828
317830,8730,8880,8050,8130,1508155,12711974700,-4.24,87591140340,-140310380.0,30.0,20250828
058610,26500,26550,25450,25600,157035,4049702175,-0.97,567740416000,-1316903375.0,262051050.0,20250828
043340,502,506,499,504,18676,9379269,0.4,47880000000,-3550632.0,,20250828
163280,16480,16530,16060,16190,24354,397070160,-1.4,132349833910,43742620.0,-2261430.0,20250828
054630,0,0,0,1580,0,0,0.0,12594094680,,,20250828
200710,21700,22600,21400,21950,136970,3035717525,-0.9,295026042900,-322817925.0,22550.0,20250828
475580,10120,10690,10020,10190,79507,809957445,1.09,138837731000,-46219840.0,10392580.0,20250828
096690,1731,1749,1661,1695,76302,128756975,-2.08,40912304835,22161710.0,,20250828
298380,95200,97400,93000,94700,640326,60643242900,-0.11,5168261496500,4222391500.0,-2972731900.0,20250828
203400,6300,6300,5920,5990,316112,1905962005,-4.92,176443117200,-498451790.0,-14345155.0,20250828
195990,225,234,215,219,1615210,359215053,-2.67,62347048899,-113434711.0,-115850.0,20250828
003800,27700,28200,27700,27950,5667,158626100,0.9,309965500000,62389850.0,28000.0,20250828
088800,2360,2375,2320,2330,15249,35734915,-1.27,175929991220,-1686505.0,5.0,20250828
241840,9650,9720,9400,9510,90705,863401490,-2.46,90725342940,-28955420.0,-158463840.0,20250828
364950,8650,8950,8380,8380,232642,1993180610,-3.01,68138944820,-664905.0,,20250828
453860,19820,19870,19300,19780,19504,383479020,0.15,111899712700,-15126845.0,-78810.0,20250828
312610,1532,1545,1462,1467,225482,336019483,-4.24,29716854696,45405203.0,,20250828
172670,8660,8720,8380,8470,64434,549513895,-2.08,75893393730,-68756330.0,-41023475.0,20250828
481070,21600,22700,20850,21950,63148,1370876075,1.15,310812000000,60514900.0,262824050.0,20250828
445090,28350,28600,28050,28250,11965,338561425,-1.22,307124395000,30120575.0,-11841950.0,20250828
295310,31000,31250,30100,30100,145495,4454157550,-1.47,358248123100,-1451238800.0,-294858775.0,20250828
072990,10880,10880,10470,10490,37663,397715330,-2.24,77262164840,37373490.0,,20250828
044990,14200,14250,14070,14150,1964,27768100,-0.35,113710305600,-7452220.0,-1050840.0,20250828
239610,11400,11700,11330,11560,2080,23804410,0.61,62332849400,-264380.0,9470.0,20250828
036170,902,919,893,917,38660,34922018,1.66,56272279042,5084020.0,,20250828
462020,0,0,0,2045,0,0,0.0,8885525000,,0.0,20250828
477340,2000,2000,1996,1996,4783,9549659,-0.05,14989960000,181.0,4996499.0,20250828
148930,3800,3800,3715,3715,7765,29035195,-2.24,37800916295,24055.0,,20250828
376270,19400,19530,19040,19040,14065,270702755,-1.81,134777248480,-60503140.0,,20250828
044780,1330,1337,1315,1330,20882,27764386,-0.15,24612696710,-1327332.0,0.0,20250828
357230,2480,2530,2470,2505,15113,38016040,0.6,105434164935,2436855.0,,20250828
355690,6880,7180,6620,6860,20144,137769105,-0.44,37078162800,-41042400.0,-6918000.0,20250828
071670,6070,6290,6010,6120,12396,75356620,-0.16,61200000000,-2400.0,70.0,20250828
045660,12980,13170,12980,13100,26219,343621095,0.69,108206000000,70329085.0,13200.0,20250828
224110,11040,11100,10960,11030,13259,146048240,-0.09,58900200000,59471740.0,-13611160.0,20250828
021080,2445,2465,2425,2465,127627,311713145,0.82,118320000000,95835455.0,-8580.0,20250828
200470,2710,2770,2600,2705,81790,221072672,-0.37,114589461565,-27335020.0,,20250828
262260,6130,6130,5990,6000,38261,230597745,-1.15,86808912000,-39531345.0,6000.0,20250828
397030,22400,22550,21950,22300,184276,4085730650,-0.22,503231366700,-996754250.0,477584100.0,20250828
230240,16630,16800,16430,16580,25438,420046940,-0.96,220663220000,30004080.0,-148865890.0,20250828
159910,741,750,536,599,4083161,2427747902,-20.24,23893126442,-2525079.0,,20250828
230360,13720,13900,13460,13530,106434,1447153655,-1.38,425762432370,110437610.0,-444614615.0,20250828
038870,3910,3910,3825,3840,36122,139229126,-1.92,53817404160,-21934016.0,3875.0,20250828
097780,888,888,867,870,43518,37881809,0.35,58925394060,-9805701.0,368192.0,20250828
448280,13850,13900,13550,13900,21463,294134850,0.72,411872693100,-72799750.0,,20250828
101360,22300,22500,21450,21500,118227,2579415750,-4.02,382401451000,-882005725.0,29411150.0,20250828
128540,1801,1839,1780,1800,80772,145020261,-0.06,48042828000,12145792.0,11848.0,20250828
086520,55500,55700,52500,52500,731061,38923617900,-4.55,7128247980000,-15526720600.0,1430513850.0,20250828
247540,131100,133000,126100,126700,379462,48484185600,-2.84,12391430284800,-5404321750.0,-7572307500.0,20250828
383310,26000,26100,25250,25300,63333,1613419975,-2.69,530665779600,-426201000.0,50141150.0,20250828
038110,3405,3430,3380,3400,130454,444850727,-0.15,139975858000,131258299.0,0.0,20250828
073540,1951,1951,1876,1926,31715,60741603,-1.28,21956400000,12419423.0,,20250828
064850,7970,8040,7920,8000,7854,62779490,0.38,91282656000,-23176030.0,-2709800.0,20250828
036810,21000,22150,20800,21650,133777,2889146200,2.85,475354934200,136737550.0,134111275.0,20250828
173940,3130,3140,2985,3115,5795,17688140,-0.48,47948596920,-3358415.0,,20250828
083500,12440,12440,11640,12280,128935,1540546555,-0.24,105309866160,293923280.0,,20250828
054940,717,728,717,722,47685,34524612,0.14,23951301656,-1539436.0,,20250828
950130,0,0,0,5260,0,0,0.0,198448396320,,,20250828
373110,2815,2815,2715,2740,47409,130094230,-2.84,29971385880,-25662890.0,,20250828
205100,2030,2040,2005,2015,311983,629068518,-1.71,143996550620,-120759863.0,-17189484.0,20250828
356680,7150,7180,7050,7100,38854,276435090,-1.25,202658793200,25992000.0,2786430.0,20250828
070300,1238,1238,1191,1205,467767,565963849,-2.74,21603869010,56517763.0,-82983452.0,20250828
317770,3535,3680,3495,3660,356282,1278277505,3.98,121295551260,234153734.0,,20250828
373200,579,609,565,575,648059,375470010,-0.69,63253068200,77751962.0,,20250828
069920,0,0,0,1755,0,0,0.0,71609549310,,,20250828
092870,9780,9900,9640,9770,25751,252380750,0.21,127506286690,-2100390.0,40.0,20250828
317870,13620,13700,13460,13620,1409,19098120,0.0,116403588780,-3941510.0,,20250828
067570,2315,2375,2315,2355,83233,195939790,1.95,99310350000,68754268.0,-1537335.0,20250828
236810,3260,3290,3230,3265,44922,146331350,0.15,55424765890,64978875.0,3255.0,20250828
333620,7300,7400,7250,7350,8024,58499060,0.41,77589128400,-20552480.0,29260.0,20250828
101400,353,357,342,343,1294820,448185509,-2.83,23478600390,-2901644.0,-29850.0,20250828
475230,12860,13080,12250,12250,366030,4596657200,-4.74,127732452750,-170509785.0,-1301676420.0,20250828
078860,1338,1470,1329,1392,147666,205310139,3.96,82632261744,21626180.0,,20250828
451700,2060,2065,2055,2055,49274,101482145,-0.48,29489250000,-6373640.0,-57009010.0,20250828
466910,2030,2030,2020,2025,2780,5637710,-0.25,18427500000,-1840.0,0.0,20250828
481890,2025,2030,2020,2030,11984,24266200,0.5,12880350000,0.0,533280.0,20250828
265740,5120,5370,5020,5250,120841,632055675,2.54,46891950000,38288010.0,-119968210.0,20250828
354200,1772,1788,1755,1776,15647,27730090,0.34,44467715328,-12965073.0,0.0,20250828
455900,22400,22550,21700,21950,37513,824792250,-0.9,333269725450,-213852300.0,71957750.0,20250828
419080,6080,6160,6020,6050,11295,68617460,0.0,64014910850,12937970.0,0.0,20250828
208860,1933,1934,1854,1858,93957,176234825,-3.93,63079049834,-29876054.0,,20250828
183490,1025,1031,1003,1007,285752,288897756,-0.59,85661020934,-71309022.0,30685501.0,20250828
182400,0,0,0,3685,0,0,0.0,263029901475,,,20250828
348370,84100,84700,79100,79600,351829,27032059100,-5.46,1729311512400,-6653387000.0,612812150.0,20250828
069410,5290,5310,5230,5270,20007,104985625,-0.38,53990222480,-15672900.0,,20250828
227950,476,484,469,477,756324,359407926,1.49,82302079419,35716954.0,-36320.0,20250828
291230,1479,1624,1470,1475,217999,328110600,-0.67,65041268125,-58230797.0,,20250828
048830,1099,1099,1086,1089,42994,46864052,-0.91,20390352147,441837.0,,20250828
096870,2940,3035,2895,3035,44013,132046305,3.23,20268944000,10469090.0,,20250828
290650,30200,32300,30200,30900,304215,9494511475,3.87,760722465000,565005325.0,-127947625.0,20250828
156100,7300,7300,7170,7190,21311,153809690,0.14,145063958860,5439020.0,-33873500.0,20250828
0041J0,2000,2000,1995,1998,12716,25408238,-0.1,8211780000,-5234896.0,3023458.0,20250828
073110,6450,6450,6310,6370,4961,31636860,0.79,56665959350,-4684220.0,,20250828
083310,11520,11940,11330,11840,252875,2964737970,2.78,210870790720,29324405.0,222043445.0,20250828
037950,848,855,841,850,117422,99883708,0.24,71780391150,2265260.0,,20250828
489500,17730,18270,17560,18000,21055,378814290,1.52,113005008000,48542650.0,-790330.0,20250828
170920,12180,12460,11880,12220,104095,1277566425,1.92,122643537120,143513150.0,-64402595.0,20250828
058630,6130,6170,6110,6150,43877,269439100,0.33,120194843550,-81268850.0,19881410.0,20250828
226590,11320,12120,11100,11200,362789,4188147365,-4.19,119064780800,-384304820.0,115247840.0,20250828
058970,42300,42600,41900,41900,28018,1182403000,-0.48,517340892200,-424729850.0,446066400.0,20250828
169330,2090,2090,2005,2065,11954,24372320,0.0,37762485670,3267155.0,,20250828
373170,8040,8170,7940,7960,2478,19944180,-1.0,40101922800,-4402620.0,-346720.0,20250828
179290,6650,6750,6630,6670,24578,164048470,0.15,215879072260,-27338460.0,237350.0,20250828
009780,8500,10770,8480,10770,2870626,29026826360,29.92,189552000000,-318489790.0,-1002732640.0,20250828
123040,2570,2625,2565,2590,67241,174567825,0.19,162207294410,-15559385.0,-6835.0,20250828
432980,3925,3925,3840,3855,40363,155646150,-1.78,33121165410,19662055.0,-105236965.0,20250828
413390,6700,6820,6700,6820,27518,185477645,0.89,78976827600,23156750.0,-191790.0,20250828
032790,961,978,950,959,44182,42267096,-0.21,43812336960,-14466550.0,,20250828
033160,7950,8480,7850,8150,327064,2674433890,3.3,179840597650,-97314120.0,50.0,20250828
347890,6120,6120,5920,5940,50009,298994665,-1.82,100464431760,-923210.0,288090.0,20250828
033310,1916,1929,1900,1915,28041,53636710,0.0,77255372365,7169667.0,,20250828
259630,12560,12560,11810,11880,208699,2511322955,-4.96,144432953280,210981155.0,60209860.0,20250828
105550,2335,2385,2320,2360,284273,671921165,1.29,184804640360,114262650.0,,20250828
060850,6530,6590,6340,6390,33003,212303155,-0.78,51957090000,5677220.0,28332970.0,20250828
143540,661,671,639,666,351689,230055435,-0.75,29703530070,-1362920.0,,20250828
265560,7510,7560,7500,7560,5069,38221420,0.8,80817760800,2952870.0,30.0,20250828
036000,3405,3475,3360,3425,43543,147907195,0.59,78892398725,35357535.0,24255.0,20250828
250930,490,493,473,479,102707,49787431,-2.84,15807210760,-1047838.0,29769.0,20250828
053280,3955,3955,3905,3915,51160,200790112,-0.51,97875000000,-74179090.0,15725.0,20250828
122640,17340,17470,17010,17060,35403,605955250,-1.61,364227946260,7117120.0,-175499210.0,20250828
476040,32750,33550,32200,32350,155133,5087415950,2.05,212043218650,-466461700.0,-9734950.0,20250828
900300,362,365,349,352,1654490,585167082,-2.76,33792782848,-246668773.0,,20250828
045060,2565,2565,2530,2540,6804,17293105,-0.97,43032613960,104875.0,,20250828
192410,1526,1618,1502,1523,202523,313461795,-0.2,24797626116,2342847.0,,20250828
080520,3225,3250,3060,3215,24182,76656300,-0.62,37765347935,4468640.0,-20310.0,20250828
039830,20850,21050,20200,20500,92036,1895118300,-1.91,220639245000,-232599000.0,-26969900.0,20250828
322310,20250,20700,19940,20350,23087,468059635,-0.49,190609129700,-111196745.0,0.0,20250828
046120,3710,3745,3655,3705,321443,1185965245,-0.13,101700345630,-116291897.0,-5.0,20250828
475830,26150,26450,25850,26150,72555,1893681075,0.38,550956494300,-589623275.0,105637200.0,20250828
014940,6800,7070,6700,6970,1213781,8416641630,0.72,317648417170,-878284640.0,399870.0,20250828
065500,2955,3055,2930,3015,321686,969065502,2.2,95704879680,176139196.0,,20250828
010470,6140,6140,6100,6140,4570,27947950,0.0,73526807000,542980.0,10.0,20250828
417860,13460,14170,13420,13670,16580,226605595,1.64,60841602130,-27953015.0,,20250828
352910,4380,4380,4310,4315,2982,12887350,-0.12,54532115630,-4695625.0,,20250828
053980,3530,3545,3510,3545,15897,56005688,0.42,67293965735,-7622822.0,,20250828
036220,16040,16250,15890,16120,11285,180842550,0.56,233891785920,3992400.0,25921040.0,20250828
052420,1402,1418,1399,1413,261052,367599708,0.78,128823879762,42339866.0,0.0,20250828
052300,2845,2860,2797,2840,17058,48240918,1.25,47897006120,5342752.0,2154850.0,20250828
039200,36750,38250,36550,37500,243114,9116259975,1.35,1434569100000,-1626533800.0,3728344375.0,20250828
226400,7380,7380,7050,7140,156314,1113859540,-2.99,147523831140,-517028460.0,-131949760.0,20250828
031510,1055,1103,1054,1088,50655,55081280,3.13,30464000000,2318582.0,,20250828
368970,2435,2465,2420,2465,7464,18252040,1.23,23038284400,-3272805.0,0.0,20250828
138080,9460,9570,9250,9540,6824,64233350,-0.31,101353866300,-397350.0,,20250828
080580,6350,6400,6210,6210,59161,372742515,-2.2,118031110200,-69802915.0,,20250828
067170,1898,1922,1884,1891,87828,166835605,-0.89,45179025055,9142498.0,-38157317.0,20250828
353590,3140,3185,3100,3180,14293,44835060,1.27,40944312600,358235.0,0.0,20250828
173130,6740,6790,6610,6630,52325,348363145,-2.07,86498115990,78652015.0,,20250828
440320,4860,4920,4810,4875,17210,83501280,0.1,47799375000,-3863555.0,,20250828
049480,2425,2430,2390,2425,66376,160237890,0.41,76199278775,-29172485.0,,20250828
394280,11870,11970,11700,11800,95172,1121265050,-0.67,259983134200,393968920.0,-724875390.0,20250828
309930,2800,2800,2565,2680,113332,298281260,0.37,65625288640,41259545.0,,20250828
476060,26050,26450,25500,26000,270424,7035422700,-1.14,287659060000,-1059804800.0,508937275.0,20250828
382150,9330,9330,9120,9160,41177,379254650,-0.76,110084302920,-54340375.0,-36960.0,20250828
244460,0,0,0,1651,0,0,0.0,8980622755,,,20250828
226950,60000,60000,56800,58200,382280,22338608100,-2.02,1168078306800,-4217574900.0,-1301826250.0,20250828
057540,849,852,839,843,72494,61179382,-0.24,50115806265,3424955.0,-937906.0,20250828
131030,8100,8410,7630,8390,147553,1219343425,1.82,135525029180,185619080.0,-638935.0,20250828
082210,1993,2010,1967,1985,25162,49788070,-1.24,65886862390,-5802743.0,,20250828
109080,9240,9280,9090,9150,18359,168226510,-0.97,51569400000,3192620.0,,20250828
380540,1441,1475,1393,1424,145056,206005448,-1.18,68969077584,-1140021.0,,20250828
153710,5300,5300,5220,5220,3058,16043840,-1.51,76577180760,-846140.0,,20250828
432430,5460,5460,5380,5450,26386,142550455,-0.91,89970344000,-7630165.0,,20250828
338840,11600,11600,11180,11290,63381,718721360,-2.59,168776253490,-125923430.0,-24905540.0,20250828
122990,5730,5730,5640,5680,66546,378351595,-0.7,157174307440,-62507660.0,52797615.0,20250828
232140,10930,11350,10860,11040,231081,2559542310,-0.45,905780664000,145784535.0,12601365.0,20250828
112290,20000,20100,19690,19830,23168,460425710,-1.1,200492107350,17375715.0,-130785920.0,20250828
065530,1299,1308,1299,1308,14307,18658867,0.0,69140880000,,,20250828
067900,6570,6670,6540,6570,7213,47309450,0.15,119571759630,10447360.0,-8010.0,20250828
007530,2685,2780,2685,2735,24988,68054225,1.86,60865321785,764605.0,39749585.0,20250828
155650,3740,3745,3685,3740,24440,90846890,0.81,72834098920,-16378575.0,,20250828
273640,9300,9300,9190,9200,8395,77477630,-1.08,100887200000,-8728950.0,0.0,20250828
251370,10190,10250,10000,10200,17663,178815400,0.99,166407532800,-14630790.0,57001040.0,20250828
209640,7470,7640,7400,7510,98105,738194385,0.54,106804013230,178714605.0,5238180.0,20250828
096250,12830,12850,12620,12710,19452,247052600,-1.78,166456972560,-40305080.0,50355180.0,20250828
273060,1066,1090,1050,1065,107521,113927114,-0.09,53739454830,-14071437.0,,20250828
019210,5370,5480,5370,5410,50407,273161940,0.0,181634360790,122859750.0,-108011960.0,20250828
122870,100000,102300,98700,101400,186032,18789622250,-2.03,1895272368600,-839486600.0,3892957350.0,20250828
079000,5410,5540,5350,5520,13355,72927570,2.03,39744000000,6344410.0,-1520.0,20250828
403490,1640,1683,1632,1670,227667,378433717,1.21,76070944880,21661975.0,,20250828
032820,3790,4045,3765,4005,25302385,100442994317,4.84,662950277280,4871196368.0,341059798.0,20250828
041190,10080,10370,10080,10250,522784,5361905495,0.79,861000000000,1125476600.0,211540640.0,20250828
115440,6700,6740,6650,6720,46128,309225615,0.3,72537642240,-9212125.0,65009410.0,20250828
046970,1270,1270,1253,1261,147337,185670271,-0.24,55263323739,17616431.0,,20250828
082850,2400,2400,2340,2350,314226,741399327,-2.29,113872958300,-135797837.0,,20250828
215360,8620,8670,8580,8660,8122,70154680,0.0,79084531580,-20917020.0,17310.0,20250828
072470,3160,3390,3160,3275,128367,427570041,2.99,61856041775,18449081.0,,20250828
073560,1605,1631,1590,1611,382654,619524275,0.37,111541842873,52778908.0,-222796.0,20250828
037400,1111,1184,1105,1129,183996,211863651,1.62,29606157634,-1124588.0,-570146.0,20250828
153490,706,721,703,705,42544,30148471,-0.14,36293400000,-5926424.0,,20250828
101170,5040,5100,5020,5100,48330,245176670,0.99,68850000000,6619180.0,0.0,20250828
066590,2900,2900,2830,2860,92683,264439762,-1.55,111749077440,-17559345.0,1016015.0,20250828
103840,5000,5440,4805,4875,4924620,25565415603,-3.08,79786336500,-352549225.0,-1883200.0,20250828
101970,16500,16700,15600,16300,40845,661546250,-1.21,237127656700,-62337700.0,-294810.0,20250828
046940,3200,3230,3150,3190,104846,333747386,-0.31,57657176500,-45017656.0,,20250828
215380,1685,1697,1658,1665,144217,241532921,0.42,28021244040,5966604.0,,20250828
065680,40450,40450,39550,39900,11190,447383375,0.13,368694792900,-115830850.0,50078925.0,20250828
018620,958,983,946,961,24475,23625924,0.31,27762610573,320492.0,,20250828
457550,24800,25350,24700,25150,40694,1020579550,0.6,233174175850,370878325.0,22836100.0,20250828
396470,7630,7800,7630,7710,64755,499947660,0.0,124285200000,111125135.0,,20250828
307280,5600,5620,5380,5510,29417,160092480,-1.43,40728829020,9921910.0,-373750.0,20250828
032940,6430,7330,6250,6980,6321405,44333149320,11.15,126988745400,-2071458590.0,-106458200.0,20250828
240810,40650,41550,40400,40750,310044,12669683550,-1.09,2000168965750,1765692950.0,-1390944200.0,20250828
074600,17370,17850,17230,17520,105868,1864601865,0.69,460565760000,310875545.0,-234238015.0,20250828
104830,23900,24000,23550,23900,59881,1421743600,-0.21,301331200000,-111630500.0,156003175.0,20250828
014190,1476,1549,1470,1485,194620,290238395,0.61,52568860410,-9992868.0,,20250828
217820,2765,2795,2675,2690,108200,292067045,-2.71,127652763710,-56568560.0,30.0,20250828
030530,8230,8700,7880,8540,12156730,101423005055,11.63,659612357740,1076529495.0,2782834745.0,20250828
012620,8060,8170,8050,8140,16225,132039390,1.12,35816000000,98720.0,8670.0,20250828
136150,23500,23900,22500,22650,121133,2790589500,-0.44,189830329500,-159602300.0,684000.0,20250828
382840,9180,9190,8990,9000,32960,297950280,-1.85,137444229000,-113007100.0,-17990.0,20250828
336570,9860,9970,9800,9890,392761,3883795480,0.41,889792391330,-471598225.0,48086750.0,20250828
376980,4150,4245,4140,4190,36822,154105577,0.96,40921190860,30377095.0,20.0,20250828
008370,4455,4560,4435,4485,14915,67228695,0.67,53820000000,597625.0,-3739255.0,20250828
008290,503,519,503,503,41904,21303262,0.0,20468920537,2393660.0,,20250828
101160,22050,22300,21950,22000,42346,934988150,-1.79,363241846000,-57389150.0,118610800.0,20250828
336060,1157,1157,1127,1127,175920,200140753,-0.88,54270910400,-545383.0,,20250828
095270,4500,4700,4500,4660,34904,160705543,3.56,69766052960,32393498.0,,20250828
289930,8120,8240,8070,8200,15028,122540000,0.37,102660662600,-14849260.0,613290.0,20250828
065950,2055,2060,2030,2035,84365,172412905,-0.97,57450699570,-35589175.0,,20250828
076080,1585,1608,1571,1580,33107,52441584,-0.32,35698766480,-6413606.0,,20250828
043590,649,649,640,644,24117,15481210,-0.77,17476074728,3155.0,-560548.0,20250828
196700,1444,1444,1421,1421,31808,45568819,-1.59,20411448624,-6565575.0,,20250828
069080,14300,14430,14280,14350,28409,407510865,-0.49,496522685400,-154229495.0,56237560.0,20250828
053580,13230,13370,13220,13340,29566,393198310,0.3,181907548320,126926340.0,-100110.0,20250828
479960,12520,12660,12500,12510,8460,106299360,-0.95,85706010000,18819740.0,70.0,20250828
377460,0,0,0,4080,0,0,0.0,253187202960,,,20250828
044340,6040,6040,5820,5920,43241,255125150,-0.17,105810676000,-99538520.0,-549110.0,20250828
330350,7330,7510,7330,7450,67023,497546335,0.4,98355935550,80933010.0,10.0,20250828
348350,8750,8770,8590,8700,26876,232606915,-0.57,88597320000,6756795.0,100.0,20250828
112040,28650,28900,28000,28700,48011,1371923800,0.17,974321462100,-94137900.0,82300650.0,20250828
101730,7090,7170,7070,7150,19275,137091830,0.56,599193494900,11825140.0,33638970.0,20250828
123420,10290,10290,10050,10150,43134,436268810,-0.98,116418896300,-47568770.0,10080.0,20250828
065370,6870,6880,6720,6760,15742,107230445,0.0,49915529040,6641845.0,2530620.0,20250828
038620,598,599,593,597,158421,94361387,0.0,45210490605,7478864.0,-896443.0,20250828
299900,890,910,886,910,408058,366611291,2.25,155654484440,140513030.0,39868551.0,20250828
036090,701,710,701,706,78159,55052411,0.43,83584952504,-15883828.0,,20250828
459100,6730,6730,6520,6530,38955,255733710,-2.39,82095160000,34544630.0,12935330.0,20250828
136540,12380,12450,12280,12420,12072,149438050,0.32,152514445320,65637940.0,48740220.0,20250828
097800,451,454,447,450,118418,53336713,0.0,52402603050,-1740118.0,,20250828
192390,2645,2655,2615,2625,30959,81404095,-0.76,28959601125,-320870.0,,20250828
335870,2180,2320,2105,2300,89127,200633905,4.78,38526087900,690010.0,,20250828
900340,1147,1154,1136,1140,96869,110557736,-1.3,57377257920,-693156.0,,20250828
036200,7810,7930,7680,7730,378735,2948499590,-2.64,237034443790,-278633500.0,70594750.0,20250828
018000,1004,1040,992,1017,1295744,1324334093,1.29,173614930821,88159772.0,-16363959.0,20250828
203450,3145,3155,3095,3150,9986,31300735,0.0,44348872050,-6050210.0,,20250828
011320,3945,3945,3850,3880,36182,140388835,-1.65,74964296600,-1401815.0,5.0,20250828
086390,12570,13110,12400,12930,95364,1228683770,2.05,273264249180,160449865.0,-2479370.0,20250828
241690,3040,3835,3030,3565,11549721,41605863416,19.63,87238066890,-661276521.0,-119370.0,20250828
142210,5710,5850,5600,5600,131268,745341790,-2.78,117656397600,-60187610.0,-5600.0,20250828
389680,601,602,579,592,1039961,614698831,-1.17,24622739280,15893100.0,0.0,20250828
088340,16000,16700,15800,16590,44597,728238740,3.49,72300348120,2844230.0,11888000.0,20250828
048430,8360,8410,8260,8400,15880,132389780,0.48,96768000000,23847120.0,,20250828
206650,13430,13910,13350,13690,427411,5845502310,2.39,501385790840,1818218140.0,54776570.0,20250828
089850,5930,6000,5900,5910,18785,111417590,-0.34,87055476090,-20727140.0,0.0,20250828
084440,1043,1116,1031,1045,34613,36409573,0.19,20599876000,10358661.0,,20250828
032620,4035,4140,4035,4055,216759,883442470,0.37,211659398645,-120013730.0,283860.0,20250828
264450,8960,9090,8950,9000,4628,41699355,-0.55,134265447000,2917490.0,15300.0,20250828
078070,9910,10040,9760,10040,86119,852420610,1.31,176751910880,-91173370.0,-204520.0,20250828
024800,2435,2445,2385,2415,14696,35316235,0.63,89480125980,-4167870.0,18520800.0,20250828
054930,23250,23300,22800,22950,4658,107120075,-1.29,68850000000,-41058875.0,100.0,20250828
069330,1156,1159,1136,1151,24141,27628579,-0.95,16333945741,307344.0,,20250828
049520,3165,3205,3160,3190,33773,107654131,0.31,102869218760,-44579276.0,-40.0,20250828
444920,2055,2060,2050,2055,12902,26510650,0.24,10768200000,0.0,6175.0,20250828
446150,0,0,0,2305,0,0,0.0,10994850000,,,20250828
449020,2095,2100,2085,2090,86449,180743972,-0.24,20335700000,-1511745.0,-121982257.0,20250828
450940,2050,2050,2050,2050,18493,37910650,0.0,9307000000,,0.0,20250828
473050,2010,2010,2005,2010,8061,16162650,0.0,14090100000,142605.0,15440507.0,20250828
474490,2010,2010,2000,2005,10005,20047885,0.0,11047550000,,15037500.0,20250828
493790,2005,2005,1995,1997,4313,8616172,-0.1,10604070000,-419370.0,1084472.0,20250828
263770,2170,2180,2015,2110,71115,150255645,-2.54,50007362920,38526255.0,,20250828
388720,74000,74200,70100,70600,98950,7097020500,-2.62,810701635600,-2997195650.0,206670600.0,20250828
340930,1907,1907,1820,1822,252052,462754193,-4.46,62320507900,-29196355.0,,20250828
023410,3450,3492,3430,3465,97135,335558209,0.73,267882140295,29358311.0,-51210.0,20250828
056080,10450,10570,10060,10160,242263,2478324430,-0.2,381123464320,-728150525.0,62104090.0,20250828
468760,2105,2105,2105,2105,1427,3003835,0.0,8925200000,,0.0,20250828
488060,2025,2040,2020,2030,1878,3804595,0.25,9581600000,,0.0,20250828
084370,47800,48850,47400,47750,127160,6123465350,-1.14,1094241005500,-591894000.0,456268325.0,20250828
240600,4570,4680,4545,4680,28559,131462566,0.43,32423746680,-19011037.0,,20250828
221800,3105,3155,3075,3125,19543,60663445,0.64,35272487500,23526260.0,,20250828
179900,22750,23000,22500,22900,29439,669399150,0.0,439832491100,74123300.0,-112384250.0,20250828
263050,1577,1630,1561,1583,52922,83532500,1.34,58309577048,13671735.0,,20250828
191410,1609,1609,1592,1604,9703,15505446,-0.31,17971625020,-629512.0,,20250828
372170,31950,31950,30750,31050,12261,379741200,-2.05,247749440400,-58964525.0,142550.0,20250828
146060,1280,1281,1254,1260,47489,60034255,-1.56,30259649700,-977368.0,,20250828
072770,1170,1309,1170,1241,1776604,2223919823,-0.56,89252074680,10947377.0,0.0,20250828
039020,5050,5250,4990,5210,490544,2513288365,3.17,117666333890,467757280.0,-49060.0,20250828
067920,5560,5580,5510,5580,13758,76153530,0.36,61358344020,16315200.0,18204130.0,20250828
044960,4235,4285,4235,4265,7646,32512555,0.35,53917630995,-5681860.0,35.0,20250828
303530,6390,6440,6300,6380,9396,59488600,-0.16,46824727620,-7629660.0,20.0,20250828
296640,6130,6290,6100,6290,21983,135833740,2.61,32571205080,39907770.0,,20250828
302430,7870,7870,7600,7610,11423,87304230,-0.52,74830712880,-13304450.0,,20250828
462350,15000,15250,14590,14840,30126,448244960,-0.2,139743738960,-44432650.0,-237590.0,20250828
274400,4600,4665,4520,4535,7851,35725767,-1.41,41207245755,904878.0,,20250828
073490,19430,19790,19200,19260,14391,279762010,-1.13,146450073960,-35134190.0,940650.0,20250828
215790,457,464,454,462,32542,14929328,0.65,18610814838,-588235.0,,20250828
344860,1780,1829,1765,1827,12012,21509940,2.18,21978810000,6479439.0,,20250828
088390,10440,10600,10280,10590,16313,170055700,1.44,99396087960,-14061520.0,,20250828
272290,24500,24850,24100,24200,173901,4242222625,-1.83,489509323600,106907825.0,-291727100.0,20250828
053350,9700,9700,9120,9490,109549,1021353510,-2.16,187815792840,-371326540.0,204701600.0,20250828
452400,10980,10980,10660,10700,44351,477737295,-2.01,97064279600,137497945.0,,20250828
264850,4950,4960,4740,4765,310291,1494999681,-1.45,144353826180,-191368432.0,,20250828
054210,7980,8000,7710,7760,72579,565509875,-3.0,196259789600,-33901150.0,-38642325.0,20250828
009730,1004,1005,967,975,1670200,1649510125,-2.89,60330242700,-2810897.0,,20250828
065440,1600,1605,1576,1596,82986,131875881,-0.62,43530931920,-19460074.0,7607302.0,20250828
424870,5240,5250,5110,5130,469523,2432447375,-2.1,379138133970,-324825520.0,,20250828
115610,869,879,840,871,199885,172272483,0.23,20588295598,40899541.0,-4101431.0,20250828
478110,2010,2010,2000,2010,858,1717805,0.25,10090200000,,0.0,20250828
131400,2295,2340,2165,2170,1296983,2885616164,-4.82,129310043940,9733680.0,,20250828
351330,7240,7480,7010,7060,103618,739671590,-1.4,58516951200,119779180.0,,20250828
080010,6300,6340,6150,6180,16882,105321000,-2.52,60780738780,16181280.0,,20250828
086890,5340,5340,5210,5210,36289,190191075,-2.43,205800090170,-70261730.0,,20250828
047560,20250,20250,20000,20000,31322,629196725,-1.23,233707840000,73230700.0,100000.0,20250828
900110,86,88,82,84,31883687,2714233844,-2.33,53982649392,51153892.0,,20250828
239340,2170,2185,2150,2165,68202,147387139,-0.23,58410907610,-25157596.0,,20250828
067010,2645,2665,2640,2640,3558,9401695,-0.19,32456160000,-1561060.0,,20250828
456070,10490,10650,10290,10500,27475,289092360,1.06,114468952500,62979040.0,-253650.0,20250828
102710,38400,39500,38050,38850,88144,3414160150,-0.26,555082428600,-47315575.0,-87195400.0,20250828
041520,8140,8140,7860,8030,3876,30899130,1.9,97875501900,-5882490.0,,20250828
063760,2085,2095,2060,2085,2422,5023309,0.0,19442896050,-84007.0,,20250828
123570,2260,2275,2235,2245,14058,31757950,-0.66,50009795110,-5590210.0,,20250828
083470,1031,1115,1027,1060,1670313,1792897754,3.31,22620748740,103806064.0,,20250828
095190,1949,1992,1949,1971,63019,124703572,0.05,128628370602,7270660.0,3551488.0,20250828
091120,9990,9990,9740,9770,23962,234711920,-2.01,167388784720,-61782920.0,31825365.0,20250828
039030,209000,212000,206000,209000,72295,15072845750,-1.65,2574785950000,1982574500.0,-3480195250.0,20250828
294090,0,0,0,1490,0,0,0.0,52267866450,,,20250828
088290,1114,1128,1070,1095,42614,46777160,-0.18,43668998580,-2048632.0,,20250828
353810,5610,5680,5560,5600,81890,460707475,-0.18,185258752000,-54230895.0,102362590.0,20250828
099750,17620,17620,17400,17470,2211,38612400,0.06,119403536720,-6231380.0,160.0,20250828
377330,4210,4280,4150,4160,17375,72501270,-1.89,33862208640,-496180.0,10.0,20250828
035810,3780,3825,3760,3815,132542,503189005,0.79,246129245775,92612260.0,5098605.0,20250828
092130,17150,17320,17140,17320,11023,190454065,0.99,208595152000,43972925.0,-1706330.0,20250828
096040,0,0,0,271,0,0,0.0,245561580945,,,20250828
134060,4495,4700,4495,4670,4589,20967685,2.64,22272397500,9135.0,,20250828
001840,0,0,0,1616,0,0,0.0,36010355776,,,20250828
024810,0,0,0,899,0,0,0.0,196834827360,,,20250828
041830,28250,28600,27900,28450,22274,631300850,0.71,383531092900,92212100.0,27960400.0,20250828
352940,2270,2310,2250,2295,12885,29230595,2.0,24941440350,198035.0,,20250828
079950,630,642,630,635,24367,15527693,-0.16,14732000000,3493321.0,,20250828
389470,47500,49300,46300,47850,1195299,57460729600,0.84,514833127050,3987923100.0,53569750.0,20250828
277410,1247,1266,1243,1253,56166,70222995,-0.32,48129615765,14098666.0,,20250828
060150,4690,4700,4640,4665,51776,241701281,-0.74,217219249980,-38171890.0,3226315.0,20250828
033230,2180,2220,2170,2185,402205,882036063,0.0,110376105300,22877145.0,,20250828
450520,3915,3965,3900,3960,40527,159597300,0.0,58230128880,-2175370.0,,20250828
465480,6170,6280,6150,6240,8495,52976000,1.3,63259697280,-2021590.0,7510.0,20250828
037330,1409,1410,1390,1400,40738,56874954,0.14,61439313600,1094582.0,,20250828
100030,17890,17900,17600,17900,4216,74730790,0.06,58778480600,-2919660.0,120.0,20250828
211050,11250,11730,11250,11660,161446,1868827245,2.55,599088468000,590966795.0,240011345.0,20250828
083640,338,338,326,328,628372,206634377,-2.96,25492275128,-5240237.0,2310285.0,20250828
064090,2665,2680,2550,2550,427023,1113265765,-5.03,126843999750,45582000.0,-15750.0,20250828
216050,7920,8030,7910,7990,23600,188044290,0.88,102617343780,-4204920.0,-639300.0,20250828
049070,15670,15850,15510,15640,10027,157117115,0.58,269008000000,-33003490.0,33986370.0,20250828
119610,18060,18200,17840,18000,24254,437095140,-0.33,222278076000,85949660.0,-193029810.0,20250828
017250,1078,1132,1074,1112,186549,206470924,3.15,23402559304,4929156.0,-894917.0,20250828
051370,8840,8880,8700,8780,49869,439018620,-0.45,204815204160,14670795.0,-8790.0,20250828
064290,12790,13060,12410,12780,381250,4881781370,-1.62,164401434360,-721174145.0,64574590.0,20250828
189300,47300,47350,46100,47150,21503,1005460425,-0.11,506076698100,130118125.0,-65118475.0,20250828
287840,29300,29400,28450,28750,202348,5825598850,-1.71,426868500000,-1141252950.0,-325032525.0,20250828
150840,0,0,0,5850,0,0,0.0,251537720850,,,20250828
048530,3925,3930,3825,3825,110152,425594907,-2.55,130626664650,-8115738.0,3920.0,20250828
115310,77200,84900,76100,79400,57385,4645524800,3.39,253514910200,3031100.0,232582400.0,20250828
039290,5820,6060,5820,6010,19271,115693495,3.44,52250807780,-13029240.0,11940.0,20250828
071200,6120,6200,6060,6160,21465,131407890,0.65,150282181280,-18532180.0,,20250828
101930,47300,52000,45450,49500,103909,5166051900,4.65,457027659000,1706319575.0,-8706000.0,20250828
333430,5990,6300,5870,6090,5500731,33791530330,1.5,187125889230,-507956945.0,,20250828
068330,1601,1627,1600,1606,108148,174325866,0.06,71011120840,60810681.0,,20250828
178780,2880,2880,2785,2855,57135,161150845,-0.87,50731051725,-7490130.0,,20250828
019540,4425,4520,4370,4380,34789,153831805,-1.02,59189130000,-6693225.0,676885.0,20250828
094820,11200,11290,10860,10880,234604,2592959015,2.84,164056353920,-158447095.0,4674560.0,20250828
950140,12900,13400,12900,13260,138444,1830735110,2.55,263447903160,207673970.0,-94138875.0,20250828
049550,3125,3125,3065,3120,2801,8649197,0.32,61171584240,1181960.0,,20250828
389020,34850,35700,34550,34700,12788,448890750,-0.86,215061231000,35187050.0,-5198800.0,20250828
254120,1447,1467,1415,1436,35515,50910066,-0.62,44163131720,-3906347.0,,20250828
043910,731,735,726,732,450495,329126793,-0.27,83002546524,89438139.0,-3102.0,20250828
234920,5300,5540,5300,5380,63916,345908160,1.51,72796295800,18466280.0,,20250828
289220,6140,6140,5920,6040,19982,119620965,0.5,134765814840,-22816410.0,14698110.0,20250828
174880,0,0,0,2650,0,0,0.0,11610352250,,,20250828
049630,902,914,875,896,5025962,4501325004,-0.44,91205470720,156553778.0,404584.0,20250828
417840,11500,11610,11290,11420,61245,698170385,-1.47,82940605000,-13629090.0,-150656060.0,20250828
110020,3165,3165,2900,2910,54246,160266265,-6.13,26360997420,-19030235.0,,20250828
208140,2650,2650,2635,2640,20175,53268884,-0.19,86286409440,-7322166.0,-4120.0,20250828
040420,6370,6410,6350,6410,9039,57665550,0.63,100493108320,-6944270.0,-5028205.0,20250828
045510,1003,1007,959,972,103429,101153481,-2.99,31307431824,-1956445.0,155792.0,20250828
217190,7810,7900,7200,7430,376300,2824638030,4.21,65154962820,-256413660.0,1177590.0,20250828
095700,5210,5600,5210,5490,497552,2717968190,5.37,250017312060,53683830.0,-140185260.0,20250828
122310,5300,5300,5230,5230,5624,29554690,-1.32,76116604120,-4980890.0,,20250828
361390,15750,16610,15720,16370,34199,557004800,4.87,144068915930,68902330.0,-471500.0,20250828
225220,2510,2615,2485,2545,237020,605593455,1.39,48838603445,-32340170.0,,20250828
123330,28300,29250,28000,29150,73031,2077620250,2.1,232287022000,673315900.0,-817151500.0,20250828
381620,7250,7540,6880,6990,1071223,7712488195,-0.85,91694260800,-732872285.0,-830840.0,20250828
159580,4490,4505,4465,4480,19992,89741675,-0.22,89746209280,31275860.0,-10.0,20250828
147830,6670,6750,6610,6680,80308,536679365,-0.15,133600000000,66480400.0,0.0,20250828
033100,35100,35250,34850,35100,36262,1270605900,0.14,563790555900,221388700.0,107214450.0,20250828
079370,12630,12850,12510,12570,99848,1268167775,-0.48,389883564300,480114145.0,198720855.0,20250828
054950,29300,29800,28800,29450,117899,3457601975,0.68,356047319400,1232820200.0,-1783059625.0,20250828
023440,1640,1651,1567,1595,490936,782375605,-3.51,134372755990,-105965459.0,,20250828
090470,3720,3750,3710,3715,4159,15482415,-1.33,64925546710,-3055400.0,,20250828
137950,3775,3810,3755,3770,21277,80530140,-0.13,83949658780,20869515.0,3780.0,20250828
033320,4885,4950,4845,4850,61868,302216554,-1.02,92704995200,-11855943.0,14720.0,20250828
417500,3100,3100,2990,2990,106496,323176680,-3.55,98026384560,-14419330.0,-42092220.0,20250828
204270,17020,18070,16930,17810,183931,3249501630,3.25,1030281179460,1191595040.0,79825245.0,20250828
127120,18190,18870,18050,18050,246608,4546575455,-1.8,519728793950,-1314420820.0,113964040.0,20250828
026040,3770,4245,3650,4000,3077440,12338600461,6.24,66015160000,-580003929.0,0.0,20250828
452160,8300,9170,7800,8230,2265346,19691815080,-3.29,79152247210,-388577360.0,,20250828
126880,4280,4730,4180,4380,2064487,9275804651,2.34,101637475140,-101750407.0,17380.0,20250828
322510,6000,6000,5900,6000,36086,214739810,1.35,153173352000,9074130.0,2551910.0,20250828
033050,842,848,839,848,4340,3655701,0.71,27627282016,-381998.0,0.0,20250828
094970,2715,2775,2680,2695,224070,609545263,-1.82,45136506800,-147218265.0,,20250828
418550,8960,9000,8820,8900,71025,630987610,-1.44,284957289700,-180496440.0,17614370.0,20250828
420570,9490,9780,9320,9510,19663,186694080,2.26,55609563330,22558830.0,-145870.0,20250828
089790,3930,3955,3885,3910,15113,58978187,-0.64,40333655830,-4958460.0,,20250828
0010V0,18240,18680,17330,17410,476044,8471275275,-3.6,88885014000,-69441900.0,322630.0,20250828
052670,0,0,0,2080,0,0,0.0,60588453120,,,20250828
412540,0,0,0,3935,0,0,0.0,81063616775,,,20250828
199820,9860,10040,9810,9920,116313,1157166545,0.0,220422400000,91347585.0,-1439060.0,20250828
038010,6260,6340,6240,6290,13668,85779810,-0.32,56610000000,15548730.0,0.0,20250828
080220,14330,14890,14190,14680,402526,5899206440,1.24,505620788440,617936845.0,210145255.0,20250828
216080,6190,6200,6030,6100,66825,407793155,-1.45,218736959800,31510600.0,-7351340.0,20250828
337930,5390,5620,5380,5490,193974,1066734420,2.81,164052042750,14683185.0,174750.0,20250828
229000,1605,1718,1561,1638,109998,183526725,2.5,26400998988,-11265664.0,,20250828
082270,51300,53100,50800,51300,142642,7353787650,0.39,2169189001800,42780850.0,530313600.0,20250828
034940,1042,1113,1031,1035,103881,110160333,-0.48,32064120945,-22156084.0,,20250828
067000,1803,1810,1782,1782,116438,208394866,-1.55,124567940772,-22585975.0,465124.0,20250828
033340,2345,2515,2285,2450,7190513,17389034704,2.08,237528867100,685453144.0,,20250828
036930,26600,27950,26600,27400,342613,9414293550,3.2,1295151995400,1536380300.0,-94158200.0,20250828
072020,9650,9750,9630,9750,9406,91131080,0.93,94172198250,-17015210.0,,20250828
000440,14280,14480,14110,14390,5314,75969140,0.56,89608400700,28291430.0,60.0,20250828
051980,2830,2835,2710,2750,1410431,3897622665,-3.0,279956322250,348162147.0,556000.0,20250828
228760,18700,19500,18380,18950,155923,2978490730,1.07,461937365900,199848490.0,9394670.0,20250828
314130,2630,2645,2520,2560,63775,162599395,-2.66,79578918400,-23759985.0,,20250828
389030,1610,1635,1582,1612,50101,80304402,0.44,53763174140,-7992615.0,,20250828
263860,19020,19830,18990,19410,21136,412087050,1.94,176235036000,121069510.0,10.0,20250828
303030,946,953,932,932,37952,35547348,-1.48,34552678148,-2819559.0,,20250828
036180,0,0,0,577,0,0,0.0,53929030348,,,20250828
208350,2730,2780,2705,2735,23301,63486800,0.18,24173431515,5157935.0,9110.0,20250828
446840,1696,1701,1632,1660,223728,370557430,-2.01,91735406380,49491610.0,10374366.0,20250828
144510,19060,19140,19020,19020,13814,263349475,-0.73,300522542880,-29580385.0,4116770.0,20250828
340450,7680,7840,7650,7700,59903,462699595,-0.26,182111106100,95528055.0,-766480.0,20250828
358570,17440,17550,16680,16840,344744,5843793540,-3.44,1040770316920,-1552136350.0,97083690.0,20250828
382480,2085,2085,2060,2065,36958,76486035,-0.72,81272494100,-1018825.0,,20250828
382800,3040,3100,2865,3090,171836,523205335,-0.32,98357916690,133129780.0,,20250828
051160,8660,8660,8500,8620,29510,252428925,-0.23,133389586600,13716125.0,-113902980.0,20250828
053050,2730,2735,2715,2725,40732,110914379,0.0,81716201825,-26585455.0,5.0,20250828
388610,19000,19150,18410,18510,110264,2059919360,-3.24,96727873590,-188014390.0,,20250828
119850,30450,30700,29850,30100,205550,6213128850,-0.82,495112160900,1280179150.0,-1424307125.0,20250828
065060,844,912,837,876,463350,407296710,4.29,20849504304,33198066.0,-2740482.0,20250828
204840,1150,1169,1120,1135,178457,202461057,-1.3,87639258810,-56270132.0,,20250828
311320,6650,6660,6560,6560,7749,51159950,-1.35,82751513600,-16001190.0,19830.0,20250828
456160,154600,171600,147100,160100,821883,133943320150,1.07,859047609400,-904556500.0,1704641200.0,20250828
388050,8830,8980,8830,8930,145882,1298293595,-0.22,167075272410,194545605.0,-1471870.0,20250828
018120,19490,19540,19350,19420,633,12293780,0.21,128582150400,-445870.0,-58830.0,20250828
109820,2435,2435,2400,2420,16808,40551225,0.41,49352608800,9189050.0,,20250828
086060,4525,4590,4460,4575,67306,304772007,0.99,39393435525,45710780.0,,20250828
036890,11910,11960,11800,11890,45066,535682940,-0.17,267314166520,113210990.0,11174780.0,20250828
363250,4970,5000,4860,4950,4192,20710760,-0.7,34861850100,-4618860.0,,20250828
007370,5800,5810,5720,5800,44843,257933780,0.0,76900808000,33989360.0,,20250828
285800,2085,2140,2070,2100,17764,37080915,0.72,36702267000,2111610.0,,20250828
085660,10330,10600,10330,10550,156300,1635736340,1.34,806296230650,48961085.0,79841040.0,20250828
261780,2860,2860,2790,2855,9289,26358190,-0.17,76700277330,-1965905.0,,20250828
351870,6850,6850,6740,6750,16091,109069160,0.15,75334333500,6778330.0,,20250828
094850,6720,6820,6660,6740,28269,190230105,0.3,94360000000,-10513890.0,1440.0,20250828
004650,10090,10110,10020,10020,22011,221111575,-0.69,92092667700,78635345.0,6154130.0,20250828
278280,45250,45250,43600,43900,24014,1056101625,-1.9,439000000000,-409689475.0,-49554275.0,20250828
362320,7410,7550,7320,7440,235806,1747803825,0.54,156621597600,33294515.0,38838440.0,20250828
066360,813,818,803,809,42042,34109772,-0.49,38793180135,2524670.0,,20250828
047820,5050,5050,4980,4995,53921,269413305,-1.09,122147380350,-68536095.0,,20250828
094360,15790,16000,15660,15730,40635,641810460,-0.63,333511770020,-3899050.0,43546120.0,20250828
016920,1192,1202,1170,1200,86224,102600029,0.67,31792245600,9581545.0,-12563171.0,20250828
284620,0,0,0,1087,0,0,0.0,35965517911,,,20250828
293490,16410,16600,16300,16580,78486,1293751720,0.61,1373925525460,110384510.0,176905950.0,20250828
140430,2275,2275,2220,2260,12898,28907522,0.44,43171014940,-1939880.0,,20250828
042000,38800,39600,38700,39200,73398,2874427475,0.77,950719716800,429707450.0,38712175.0,20250828
313760,2970,3000,2860,2875,85870,250224420,-2.87,32220659750,-27447280.0,,20250828
317530,4590,4685,4405,4530,22446,99985143,-2.48,45478726620,-7728795.0,0.0,20250828
071850,1644,1644,1620,1620,4715,7666396,-1.46,39302719560,-66231.0,,20250828
198080,2345,2465,2325,2365,29005,68917792,0.85,50930712525,-13685810.0,166480.0,20250828
210120,1266,1271,1209,1217,978820,1196511512,-4.32,28700030285,-97822301.0,15821.0,20250828
050110,864,889,855,864,96481,83585003,0.0,63784037952,-7983373.0,-3088.0,20250828
452300,3110,3150,3075,3150,50340,156062170,1.29,44417378250,15283475.0,,20250828
451760,8750,8780,8590,8700,12662,109740335,-0.11,132694105200,-13534415.0,-1121730.0,20250828
900310,693,708,691,700,43656,30398006,1.01,44829172500,-161546.0,,20250828
078340,39400,39900,39300,39600,25760,1018775225,0.13,504415098000,170418100.0,-128304700.0,20250828
063080,22950,22950,22500,22700,8525,193337250,-0.66,149710858400,15016000.0,726400.0,20250828
307930,6200,6490,6180,6290,124218,786742270,0.48,98186900000,70304760.0,-10.0,20250828
079190,475,475,457,460,60887,28571597,-3.16,17643536440,302823.0,,20250828
263700,5340,5830,5330,5610,318886,1786100060,3.51,108913662000,251999950.0,147327080.0,20250828
214370,50700,54000,50200,53500,145595,7650315100,4.9,2873752500000,831907350.0,215678550.0,20250828
221980,11410,11410,11310,11310,343,3900670,-0.09,45633588000,-443950.0,0.0,20250828
038530,281,283,277,280,213674,59662531,-0.71,32400017160,-8790585.0,,20250828
192250,11150,11450,11010,11130,92277,1037578580,0.72,78657101250,33568205.0,-50.0,20250828
431190,4560,4750,4560,4720,23185,108144665,3.28,35336006240,-1384845.0,,20250828
115500,9510,9530,9400,9440,32564,307717620,-1.97,113280000000,-50162010.0,10.0,20250828
089150,3735,4515,3695,4190,16747186,71383526174,10.99,71858500000,-2015476907.0,-40.0,20250828
025880,2880,2900,2845,2855,110457,317353025,-0.87,47723774590,-40771250.0,-2019710.0,20250828
093320,82000,83300,81600,83300,8047,666228150,1.59,406504000000,36498500.0,38287900.0,20250828
093640,4615,4655,4435,4465,52152,235991405,-3.25,145665494715,-54961545.0,,20250828
073010,4810,5120,4675,4930,1216836,5995216191,2.71,198142862500,-12969066.0,,20250828
105330,4280,4395,4265,4360,10605,45834420,2.71,70021722080,4513345.0,,20250828
053080,10790,10790,10550,10550,12011,127131420,-0.85,137147963850,-52676870.0,10640.0,20250828
199430,10400,10600,10060,10190,259174,2668793975,0.0,110843895470,-432603370.0,0.0,20250828
432470,10630,10730,10480,10540,5918,62351260,-1.86,92452200240,-7757130.0,0.0,20250828
272110,17190,17190,16530,16550,90427,1504899220,-3.72,132820287250,-10207170.0,-1445970.0,20250828
039420,2930,2950,2920,2925,51223,150298900,-0.17,70652585250,22300470.0,-9590.0,20250828
083550,3115,3115,3080,3080,7018,21735625,-1.28,39888731960,-2357875.0,,20250828
032500,12380,12640,12210,12450,37691,466168315,0.48,501679311150,-59498800.0,59012830.0,20250828
225430,637,642,631,642,43446,27685199,0.78,17903486100,4716799.0,,20250828
102370,4540,4595,4455,4485,198745,896482010,-3.24,122123006850,-183843446.0,0.0,20250828
068100,2980,3015,2925,2980,9986,29742865,0.0,29620049720,4714920.0,,20250828
106080,1700,1700,1652,1677,73700,123313360,0.72,43536217998,-8086017.0,2238598.0,20250828
455180,5800,6050,5650,5660,503002,2932020805,-2.08,68453013520,165527045.0,,20250828
036030,5180,5240,5070,5210,34618,178874610,0.77,255390464430,21491800.0,-346450.0,20250828
064820,7690,8880,7540,8700,2740615,23108169040,10.83,268845033600,715105575.0,814260180.0,20250828
024880,4795,4795,4715,4765,26570,126321830,0.53,98553532470,19198725.0,9530.0,20250828
042040,253,256,251,254,163818,41513879,0.4,49566975796,6707162.0,-122899.0,20250828
054410,3540,3680,3455,3480,7697,26919360,-1.69,19928025120,1225710.0,-825610.0,20250828
258610,1859,1935,1859,1885,57283,108255897,-0.53,50493745705,6103156.0,,20250828
274090,10550,10690,10540,10620,37459,398031605,0.0,139172445000,-74698840.0,56151380.0,20250828
089010,24350,25300,24350,24800,147074,3663885050,1.22,380291780800,529271425.0,-29998550.0,20250828
220260,3965,4030,3965,3985,29949,119446260,-0.13,105834853395,-28753760.0,10.0,20250828
052400,51000,51800,50400,51800,39662,2027534300,0.58,754378473800,702807000.0,102680650.0,20250828
402030,26100,26100,25200,25650,31812,810908875,-2.1,294253927200,-184718950.0,56965400.0,20250828
391710,2215,2415,1970,1970,13932819,31509172143,-7.51,82868219420,-83848201.0,-152282760.0,20250828
046070,0,0,0,10280,0,0,0.0,159196994920,,,20250828
047770,2150,2240,2140,2175,977620,2138983280,-0.46,82307659350,-149657305.0,-71045500.0,20250828
080530,1335,1379,1335,1360,15332,20739647,0.89,75494790000,8058785.0,,20250828
104540,5500,5540,5430,5530,18263,100121840,0.55,70705142200,1812890.0,-16920290.0,20250828
027050,2660,2695,2645,2665,168562,448862116,0.19,106600000000,71183109.0,,20250828
190650,7000,7180,6990,7170,15538,110892010,1.99,45801960000,-572310.0,,20250828
123410,6000,6240,5890,6080,1003847,6138798155,1.0,169273669120,-1702367545.0,969334185.0,20250828
036690,0,0,0,2885,0,0,0.0,45885746130,,,20250828
049430,10880,10900,10740,10800,9627,104049840,-1.1,97718400000,25783470.0,,20250828
183300,81700,84500,81400,83300,76642,6382566550,-0.12,871374977200,469161600.0,-623419800.0,20250828
041960,5630,5990,5610,5990,336275,1955142070,6.39,436272179810,556076405.0,-295741640.0,20250828
089890,12770,13200,12350,12830,193332,2498199355,1.66,212785062460,-928929575.0,40827070.0,20250828
360350,8010,8200,7910,8030,10096,80600090,0.25,45810909100,-6744560.0,-3343770.0,20250828
082660,0,0,0,480,0,0,0.0,47827617120,,,20250828
222040,3745,3745,3645,3685,6310,23151960,0.0,76014180000,-1409335.0,,20250828
241710,62200,63600,61700,63100,47324,2980977800,1.45,673908000000,778035700.0,142313100.0,20250828
355150,9900,11720,9900,11720,428589,4788132625,16.85,91384942000,1045102430.0,-148745240.0,20250828
166480,2320,2520,2290,2340,400265,972228807,0.86,76916679840,61192182.0,1181545.0,20250828
045970,5290,5590,5150,5310,267708,1444181285,0.38,139731991560,214487220.0,,20250828
196450,924,988,904,970,966813,908310109,4.3,43959994540,25741142.0,,20250828
384470,4830,4950,4765,4890,98923,481632206,1.24,87759323880,-34055186.0,24554040.0,20250828
102940,29100,29600,28700,29500,9032,265534025,1.37,366489916500,-35927350.0,0.0,20250828
950160,37600,38400,37200,37950,111823,4207436125,-0.13,3149992122750,-205644850.0,58667300.0,20250828
033290,2185,2185,2165,2180,17805,38631160,0.23,122420736180,-10134515.0,1412010.0,20250828
056360,5100,5290,5100,5170,10303,53245630,0.78,50649456000,16253120.0,2661620.0,20250828
282880,13020,13020,12740,12880,10467,134162920,-0.54,147725485600,-46782320.0,12900.0,20250828
121850,853,857,847,853,66749,56828593,0.0,26113891275,5849350.0,,20250828
448710,19380,19830,19290,19410,99131,1939036340,0.15,102108032490,355091460.0,-27185320.0,20250828
126730,11630,11950,11630,11730,17262,202332340,-1.01,99745585800,6712980.0,0.0,20250828
015710,4020,4150,4000,4070,58187,235915352,1.37,71349135000,16356105.0,,20250828
052330,8570,8750,8570,8750,23567,204318900,1.51,155413903750,73941810.0,624240.0,20250828
322780,1300,1339,1217,1339,566538,718811362,3.0,52278365438,114439055.0,-9898.0,20250828
200130,15660,16390,15660,15900,831199,13312226835,2.51,467707372200,-378526355.0,-293689650.0,20250828
294570,35000,35300,33900,33950,89115,3063176300,-3.55,348146555750,163876350.0,23927100.0,20250828
317690,3845,4740,3800,4395,3315992,14796929664,14.01,84783087975,-618257293.0,-421857149.0,20250828
227100,0,0,0,612,0,0,0.0,14770119384,,,20250828
432720,13000,13300,12900,12950,32994,430751535,-1.75,182499325400,-34198410.0,,20250828
365270,4090,4090,3695,3715,453650,1732925441,-9.06,52044010825,-161041373.0,-509989545.0,20250828
348080,1237,1250,1082,1100,6400301,7451325873,-11.15,81249150400,-170953786.0,11717324.0,20250828
060280,8470,8470,8280,8340,47296,394166315,-0.36,342690516600,-67159295.0,76705210.0,20250828
372320,37400,37400,36150,36900,40573,1482214550,-0.94,530632368900,49707550.0,-536801400.0,20250828
051780,742,762,734,742,16501,12233759,0.0,17245745790,256941.0,,20250828
115180,10470,12300,10470,12110,401149,4653116045,14.79,421603740320,1467501750.0,-89979410.0,20250828
445680,42000,42750,40800,41500,100717,4212615750,-3.04,700293451500,-825264825.0,-7670900.0,20250828
182360,17030,17150,16000,16290,150913,2497256305,-6.49,244390562100,-852052240.0,50223070.0,20250828
405100,12290,12480,12000,12400,17926,218782120,0.0,152387332400,34127980.0,,20250828
066310,7580,7670,7490,7490,10199,76811820,-1.06,69444441290,-5525345.0,30.0,20250828
016600,263,265,261,264,135660,35494837,0.0,47057237568,-2421125.0,-1909.0,20250828
355390,5400,5880,5310,5750,1297581,7221273010,-7.85,53520505500,1260262930.0,-2044719920.0,20250828
096240,13100,13110,12820,12930,74338,960319510,-0.92,144016667400,-164489465.0,923600.0,20250828
040350,337,396,326,340,3326635,1206568620,3.03,65689809820,65545750.0,,20250828
110790,4480,4580,4450,4545,6022,27122200,1.45,106493713200,-754450.0,4545.0,20250828
900250,803,856,803,824,2433120,2033645986,2.62,107647363296,-1040353.0,,20250828
045520,4055,4055,4040,4055,2512,10170089,0.0,26357500000,247240.0,-574735.0,20250828
214150,52600,52700,51700,52400,117983,6164534650,-0.19,3432496531600,-1245467700.0,968870550.0,20250828
466100,19630,20400,18700,18700,3455206,67731280945,-1.22,463098749300,-1814309240.0,-74063810.0,20250828
237880,14600,14810,14520,14800,83787,1230559010,1.37,267456024400,536928465.0,-636180250.0,20250828
139670,2355,2440,2340,2390,9086,21656100,2.36,33743955900,-796625.0,,20250828
475430,5260,5300,5230,5250,39369,207080545,-0.57,93702577500,24615515.0,-45067320.0,20250828
487720,2082,2082,2070,2070,3850,7970225,-0.72,8756100000,18675.0,7712820.0,20250828
489480,2030,2030,2015,2020,14984,30259230,0.25,13332000000,,848485.0,20250828
054780,4210,4210,4150,4175,53212,221590493,-1.53,81612035775,-46857010.0,10.0,20250828
256940,12450,12490,11900,11910,110777,1341979730,-4.8,239130730770,-428318410.0,1144370.0,20250828
219130,17000,17900,16850,17260,43583,762892770,1.95,108984645400,128908910.0,18591530.0,20250828
336680,4190,4190,4065,4130,57426,235787537,-0.72,161671154540,-18606045.0,-789245.0,20250828
360070,23500,23600,23050,23150,21719,502491200,-1.07,188523020450,-165786225.0,11550050.0,20250828
065130,3745,3745,3655,3690,19097,70370580,-1.47,60259478580,-5894026.0,,20250828
134580,2570,2710,2550,2550,614004,1611005132,-1.54,125700079950,126105475.0,,20250828
023160,24550,25450,24250,24700,252223,6282519950,-0.8,654550000000,-412556300.0,706291000.0,20250828
323280,28700,29300,28400,28600,151905,4377159225,-1.38,872320878000,-522028975.0,128085850.0,20250828
053620,6610,6640,6560,6640,650,4298390,0.45,57104000000,-178470.0,0.0,20250828
044490,37150,39000,36800,38150,317885,12126364250,1.6,763281585150,570299075.0,1756970800.0,20250828
124560,3085,3115,3060,3100,82043,253221172,0.81,123134824100,-5324188.0,10.0,20250828
191420,18350,18900,18050,18200,14136,259924575,0.28,147580778800,18328705.0,,20250828
073640,0,0,0,654,0,0,0.0,69571715580,,,20250828
066700,2905,2925,2880,2900,17497,50824792,-0.17,107741890400,-12199272.0,2629290.0,20250828
095610,29500,30250,29300,29750,126850,3777179225,-0.83,588104723500,1474626275.0,-195987525.0,20250828
064520,2085,2120,2060,2115,2641,5536560,0.24,47272496130,-252155.0,,20250828
089030,30400,30900,29700,30550,382337,11622094675,-1.45,1141153854750,-2751878800.0,2304446100.0,20250828
054450,12320,12500,12170,12410,32498,402357900,1.14,187939931530,12259630.0,24680.0,20250828
200230,3725,3835,3260,3270,2448495,8826983497,-11.5,39321825210,-299883976.0,-57926000.0,20250828
393210,6060,6200,6030,6150,76144,467953840,1.15,96029445600,84853140.0,-66660.0,20250828
475960,38200,40250,37950,40000,301223,11794425200,6.67,530170960000,-204265750.0,-41758225.0,20250828
215480,2360,2435,2340,2355,22622,54194577,-1.05,21618900000,2306875.0,,20250828
051360,17140,17620,17140,17290,39680,687554095,0.88,277799432820,-37779825.0,-44001830.0,20250828
045340,9090,9180,8780,8880,231953,2086348310,-2.31,75995395200,-167237760.0,18043770.0,20250828
108230,4660,4745,4595,4715,128821,602502984,0.96,179279600175,-74380618.0,-18860.0,20250828
079970,0,0,0,596,0,0,0.0,6807796888,,,20250828
199800,31100,32050,30700,31050,13033,407056750,2.48,266488332750,-13143450.0,1830350.0,20250828
417790,8920,9000,8820,8930,14590,130425500,0.45,98226874500,-9723240.0,-10858480.0,20250828
290090,8280,8350,8135,8250,4466,36784460,0.24,61382211000,-1739540.0,8150.0,20250828
026150,6850,6850,6730,6770,34436,233219600,-1.31,118788660870,-27352885.0,0.0,20250828
464280,10500,10500,10150,10360,38319,392378205,-1.33,57290800000,-151163565.0,10250.0,20250828
117730,11270,11280,10720,10810,87785,961315990,-0.73,203034392900,-347676780.0,26530600.0,20250828
033830,691,692,686,691,90840,62502713,0.14,69100000000,,-2579647.0,20250828
057680,1164,1183,1149,1166,95336,111640909,0.17,83075752166,-5839997.0,,20250828
204610,2300,2300,2205,2260,184750,413640824,-2.16,139219887200,-50800978.0,-673480.0,20250828
125020,4475,4475,4395,4405,69921,309570771,-1.34,150773525075,11986951.0,,20250828
064760,110800,112200,109000,110400,16355,1810674650,-0.45,1288920000000,-341530250.0,342757100.0,20250828
246710,2830,2855,2745,2760,80203,221816870,-2.3,59469245280,17019030.0,-110383955.0,20250828
340570,54600,54600,52900,53800,25559,1367346750,-0.92,437286400000,167566050.0,-450334950.0,20250828
043220,0,0,0,171,0,0,0.0,27227331873,,,20250828
277880,5600,5600,5410,5500,54532,298253830,-0.54,111134364000,-54639230.0,447320.0,20250828
131290,37950,38400,37550,37750,24019,911708725,-0.66,417568944750,229917700.0,-287165175.0,20250828
425420,38800,38850,37550,38750,181657,6959481450,-0.13,441013750000,55540725.0,1804592775.0,20250828
484810,13050,13980,12260,12270,891626,11746131110,-0.24,189582727050,-452852765.0,-2143360130.0,20250828
131100,1640,1643,1580,1608,81864,131558799,-1.95,45101589216,24930796.0,542106.0,20250828
356860,28700,30950,28700,30400,408468,12373143300,4.47,298911952000,1540235400.0,3287245075.0,20250828
321550,5150,5180,4940,4990,20379,102735360,-2.35,135249503910,4543960.0,3213535.0,20250828
425040,7060,7110,6960,6960,38785,273248740,-1.42,148450410720,-70332210.0,42869310.0,20250828
241790,7060,7080,6700,6890,105740,723493685,-2.27,68918148260,14683420.0,-223643315.0,20250828
022220,862,862,852,859,26560,22696048,-0.35,44491543361,-902334.0,1807892.0,20250828
104480,1706,1742,1690,1732,121257,208770332,1.64,157430891688,46220479.0,8582.0,20250828
081150,3285,3370,3265,3290,154513,508940316,0.0,79843042580,278673918.0,0.0,20250828
130740,1742,1800,1736,1765,3669,6437240,1.32,19903338435,-714818.0,,20250828
084730,8690,8690,8510,8610,8240,70496310,-0.23,95652140640,-9537860.0,-3684740.0,20250828
440110,13820,14100,13650,14000,168367,2355521975,1.01,692184262000,600660730.0,380498490.0,20250828
288330,2700,2755,2450,2485,1590316,4097948416,-8.3,205810622360,-638150226.0,0.0,20250828
033540,1379,1395,1366,1387,93373,129113190,0.58,52360724381,8522724.0,,20250828
388870,5500,5960,5500,5710,123030,710850740,3.82,73921271720,-110239025.0,,20250828
043200,1117,1125,1100,1117,300840,336092076,0.18,46695419855,154983674.0,,20250828
214450,700000,706000,684000,684000,39430,27288850000,-2.84,7106519232000,-4519318500.0,339612000.0,20250828
208340,0,0,0,2915,0,0,0.0,233786229820,,,20250828
177830,2850,2905,2840,2875,130222,372048900,0.52,38795109125,5731975.0,26453080.0,20250828
037070,5850,5920,5800,5890,62592,365443400,-0.34,117800000000,19989085.0,5910.0,20250828
150900,4375,4400,4305,4400,10854,47114285,0.57,51470856800,146985.0,5355630.0,20250828
037030,2830,3040,2825,2930,592672,1750807399,3.17,70544247550,-81935770.0,0.0,20250828
047310,4305,4335,4270,4270,51519,221196993,-1.73,156327923850,-56507955.0,12910.0,20250828
368770,5810,5930,5800,5840,26812,157124585,-0.51,191868674000,41968145.0,-858480.0,20250828
170790,8300,8300,8160,8240,30681,252171400,0.37,55363645360,-22504260.0,90455130.0,20250828
049120,911,918,888,899,2729,2471676,0.33,47654478781,-229886.0,,20250828
038950,3400,3475,3315,3330,2195,7362150,-0.89,34001847450,-1229565.0,5.0,20250828
387570,7820,7970,7730,7730,34057,266221200,-3.01,43488207000,5772390.0,-1567090.0,20250828
441270,11410,11990,11270,11800,2033909,23698509180,1.99,441820851000,1780542775.0,446317020.0,20250828
106240,1125,1153,1119,1137,410700,468710423,1.97,19328249580,10777290.0,-1152.0,20250828
131760,882,886,867,880,106712,93505258,-0.11,38219793040,4339754.0,-1359150.0,20250828
065690,1043,1053,1043,1052,24329,25545278,-0.09,14779896212,-746186.0,,20250828
140860,250000,250500,245000,246500,10474,2593844250,-1.6,1723650510500,-1362756250.0,341127750.0,20250828
091700,6410,6460,6370,6440,70073,449938210,0.63,367080000000,213113740.0,60319605.0,20250828
032800,502,507,498,498,313434,157252273,-0.99,22886614884,-19295033.0,,20250828
318010,4355,4375,4205,4325,54488,232877930,-0.69,34294386850,-19319810.0,4906785.0,20250828
027710,1185,1190,1176,1189,93511,110569533,0.34,132474337400,26734675.0,0.0,20250828
225590,895,903,885,903,38942,34660894,0.89,24052951839,-413229.0,,20250828
054300,942,1070,933,1036,10100972,10342675497,9.05,119908598040,789816342.0,,20250828
068050,2315,2320,2270,2305,542110,1239982831,-0.86,63834845180,-127004705.0,2452890.0,20250828
222110,6050,6100,5870,5980,15802,94340800,-0.99,80695298060,-29241860.0,,20250828
271830,1886,1889,1860,1861,21813,40895736,-1.33,54881265922,-2488895.0,,20250828
263750,32850,33150,32400,32650,157167,5141688950,-1.06,2097692465750,-546649125.0,73960250.0,20250828
251970,65500,66100,65200,65800,33593,2207146350,0.15,815920000000,476279200.0,-670912450.0,20250828
168360,11110,11510,11020,11200,38741,433687555,-0.44,238428780800,-188817875.0,,20250828
087010,316500,322000,310000,317500,87454,27627650250,-0.94,7396908625000,-2562082500.0,1994137250.0,20250828
064800,1000,1000,971,979,153967,150565948,-1.9,125123344742,-43567588.0,-1958.0,20250828
119500,2985,3040,2985,3020,69899,211109761,0.67,35778640640,44039040.0,0.0,20250828
389140,13850,13950,13520,13790,53624,734868555,-0.14,154030645650,22529830.0,-170.0,20250828
105760,6160,6230,6130,6150,24907,154030840,-0.16,59383446750,14260600.0,,20250828
009520,13480,13480,13190,13260,110985,1470535115,-0.6,552182241780,224838640.0,93090105.0,20250828
189690,2210,2380,2195,2200,847492,1921134992,-0.23,60108331800,-288482905.0,-763420.0,20250828
318020,4655,4660,4430,4600,23271,106934280,-1.5,58246451200,28298555.0,-29605435.0,20250828
256630,1168,1168,1160,1167,21112,24576277,0.0,67682583024,-910.0,,20250828
331380,2345,2380,2220,2280,89667,208351767,0.44,55266830640,11444686.0,,20250828
208710,2335,2350,2190,2200,114589,256285967,-3.51,28996290400,-6506080.0,,20250828
472850,9440,9800,9280,9620,77589,748545170,2.45,311148635460,35093205.0,88753025.0,20250828
039980,2305,2330,2290,2295,215327,496119530,-0.65,167027290920,-9887421.0,,20250828
041910,6280,6380,6280,6350,20495,130025960,-0.16,85735204450,62406650.0,-63400.0,20250828
234100,1294,1305,1283,1295,241803,312873766,-0.15,90754445635,48298326.0,,20250828
041020,5490,5520,5450,5470,141237,773163230,-0.36,271998474060,-30067920.0,43281090.0,20250828
114630,508,509,504,508,32339,16387239,-0.2,44677354384,-605483.0,,20250828
290720,2045,2460,2015,2090,217350,487750920,1.95,61413174460,38220505.0,,20250828
005670,7570,7630,7280,7490,282618,2102580955,-1.45,74900000000,344036980.0,-1413190.0,20250828
094940,8800,9050,8400,8400,2006562,17560862565,-1.75,70235642400,-261209355.0,30.0,20250828
057880,0,0,0,8790,0,0,0.0,216061434720,,,20250828
007330,9830,10080,9720,9900,48557,479537740,1.02,149319720000,11292950.0,,20250828
093380,3035,3035,2945,2945,4526,13461195,-2.97,29094576785,-636075.0,-339560.0,20250828
023900,9380,9480,9310,9420,10540,98863950,0.43,118692000000,-8366940.0,-1016310.0,20250828
371950,11440,12250,11160,11550,87333,1038442140,0.87,243017636400,420277910.0,60941870.0,20250828
370090,13500,13620,13410,13490,10795,145499855,-0.59,115431636700,779965.0,53930.0,20250828
445180,6500,6520,6390,6490,29698,191605260,-0.15,110584330120,-57817915.0,-64400.0,20250828
151910,0,0,0,640,0,0,0.0,121645902080,,,20250828
220100,18900,18970,18510,18720,80015,1496945085,-0.32,413752341600,-87324235.0,19548715.0,20250828
035200,3800,3870,3765,3835,52818,201239750,0.0,37316812650,-12281840.0,,20250828
334970,3585,3605,3485,3600,88771,312704510,0.42,279909493200,43352420.0,-43395.0,20250828
321260,2175,2360,2175,2210,3173631,7241605137,0.0,62304505640,-75177895.0,,20250828
053610,26850,27250,26550,27150,21935,589545100,0.18,298650000000,-95324350.0,193933800.0,20250828
468530,15500,16210,15110,15300,169237,2614415800,-1.1,166341462300,-71015085.0,37287440.0,20250828
303360,4505,5210,4505,5190,480866,2406756875,14.07,66832745850,159717090.0,-36146120.0,20250828
377220,1701,1759,1701,1759,201492,346120907,2.09,49797290000,153728968.0,1727.0,20250828
335810,3110,3140,3080,3120,14878,46163720,0.48,36237321120,-1188380.0,-627205.0,20250828
053160,8440,8600,8370,8460,5563,46956100,0.24,50760000000,1375200.0,8490.0,20250828
405000,8180,8200,7500,7700,5903,46295285,-0.65,29556018800,-3314860.0,,20250828
041590,0,0,0,2370,0,0,0.0,116064014460,,,20250828
367000,4565,4565,4400,4530,1710,7661730,0.89,37998577710,-155100.0,,20250828
075130,2840,2875,2800,2845,74849,211918980,0.18,47290500400,5018930.0,,20250828
237820,5130,5130,5080,5080,17402,88488390,-0.78,65161871200,-17987980.0,,20250828
023770,3805,3965,3635,3785,50167,190564375,-0.53,33182413700,24053455.0,,20250828
019570,307,311,304,305,237933,72702862,-1.61,20346562810,4960090.0,,20250828
300080,11150,11370,11140,11340,62442,701870760,0.62,187171814340,82659955.0,29089240.0,20250828
033790,4115,4135,4005,4055,88885,357542075,-0.12,275891336655,-77388958.0,49764100.0,20250828
032580,1121,1430,1108,1271,39011322,52927510323,15.55,42110853344,257867847.0,,20250828
051380,2185,2195,2160,2170,33848,73543720,-0.69,33287956240,1327225.0,-2.0,20250828
241820,0,0,0,302,0,0,0.0,17869934034,,,20250828
452450,7900,7970,7840,7840,119294,941457320,-1.51,281287440000,58368660.0,15680.0,20250828
237750,4750,4760,4645,4705,17879,83950345,-0.95,30566503000,-13398725.0,-5.0,20250828
460940,13570,13900,13180,13280,144094,1957806695,0.61,85944707200,-160173530.0,-958200.0,20250828
319660,21600,22550,21400,22250,862528,19140087075,3.25,644509386500,-473302650.0,4055873300.0,20250828
031980,33000,33900,32800,33050,64944,2160102175,-1.2,712637154750,29135400.0,-372880825.0,20250828
002230,4555,4630,4500,4620,20145,92374950,1.43,89045048400,11066720.0,-4416910.0,20250828
043370,11040,11170,11020,11140,14122,156943490,0.91,233940000000,29512980.0,-13658930.0,20250828
239890,5990,6050,5910,5980,116478,695707955,-0.83,59415814900,31435905.0,753150.0,20250828
347740,3035,3065,2985,2985,122245,369144365,-2.45,89581569360,-89877810.0,55826960.0,20250828
137400,40200,40250,38650,39000,255625,10023848925,-3.11,925980354000,1559649875.0,270463200.0,20250828
257370,3205,3265,3170,3265,38277,123029670,1.4,40828371165,24488955.0,,20250828
147760,2395,2480,2365,2465,21260,51692345,2.07,26670969690,9688845.0,,20250828
128660,2930,2945,2900,2945,58589,170813560,0.51,73045921705,-16219470.0,,20250828
006140,5090,5420,5020,5070,449862,2332214830,0.8,76050000000,-264228200.0,,20250828
376180,3035,3130,3025,3105,67720,208495031,2.64,57632022990,31971575.0,,20250828
304840,1773,1797,1750,1761,51539,90825730,-0.68,37383055671,-620690.0,,20250828
087600,6710,6710,6630,6680,2496,16638070,0.15,54552607440,-2220010.0,,20250828
291810,2240,2280,2220,2235,10779,24061335,-0.22,25409071320,-807525.0,,20250828
378340,13100,13110,12860,12880,39597,512412390,-1.38,275347120160,-184835130.0,90730.0,20250828
161580,30850,31300,30600,30800,81402,2522054275,-0.96,720681407600,127180225.0,79753750.0,20250828
347770,1963,2035,1963,2020,127817,256631102,1.35,46171224840,38974108.0,2010.0,20250828
163730,12540,12560,12340,12400,68832,855572430,-1.35,116641443200,59450625.0,235710.0,20250828
417180,2310,2365,2300,2350,85930,201199272,1.73,41239264050,25102850.0,,20250828
446750,2080,2085,2080,2080,18455,38386425,0.0,12542400000,,-17759015.0,20250828
448370,2080,2085,2080,2085,9614,19997140,-0.24,11717700000,0.0,18888485.0,20250828
454750,2445,2480,2435,2450,34533,84511030,-0.41,17644900000,-2632580.0,2449815.0,20250828
454640,2080,2080,2060,2065,10514,21711515,0.0,11153065000,0.0,-1794585.0,20250828
469880,2045,2045,2030,2040,2857,5814400,0.25,14902200000,-30675.0,3816435.0,20250828
469900,2040,2040,2040,2040,1035,2111400,0.0,11434200000,,0.0,20250828
475240,2110,2110,2100,2110,348,731060,0.0,6752000000,,0.0,20250828
475250,2090,2110,2070,2085,2073,4334455,0.0,7714500000,-448290.0,82800.0,20250828
484130,2040,2045,2030,2030,4427,9031270,-0.49,9175600000,-6090.0,-4463540.0,20250828
0041L0,1992,1995,1990,1994,26948,53740105,0.1,12023820000,-199400.0,39968036.0,20250828
299030,24200,24200,23550,23600,35695,846735075,-2.48,188679876000,-125304575.0,3742100.0,20250828
067310,12630,14260,12570,13830,6544513,89949550190,8.3,916541054670,19550518640.0,2589080400.0,20250828
166090,24950,27000,24800,26550,312608,8258570900,4.94,525097244700,2838858500.0,1606903125.0,20250828
136480,3010,3020,3000,3015,235221,707766759,0.17,320222251530,231688403.0,-149078995.0,20250828
003380,8250,8570,8240,8470,370593,3128539655,1.56,948687609870,293856540.0,-210458490.0,20250828
450330,7100,7100,6890,7030,14209,98873255,-0.99,57553506290,10338240.0,-4876865.0,20250828
101670,3015,3080,2750,2800,2792619,7932737870,-3.78,151675916000,-865062012.0,,20250828
365590,627,629,606,612,153598,94063245,-1.92,94727265768,-14858759.0,8046.0,20250828
149980,0,0,0,5090,0,0,0.0,94645307670,,,20250828
013030,32300,33300,31900,32850,137463,4496304575,2.34,403905269700,-314832150.0,345674550.0,20250828
126700,15140,15200,15000,15100,22876,344463630,0.0,225625891200,63216010.0,-15911280.0,20250828
450050,2055,2070,2055,2055,35927,73832795,-0.24,10303770000,0.0,29476990.0,20250828
160190,36950,37000,33800,34250,432329,15243224600,-2.56,1057914000000,-3132077725.0,-1550560875.0,20250828
221840,2585,2665,2460,2515,143297,367672330,0.2,47031910915,16427880.0,0.0,20250828
106190,11500,11500,11130,11310,29102,327506790,-0.62,120261186630,-48943190.0,-67044260.0,20250828
065650,4355,4360,4200,4250,27467,116852720,-2.41,56674668000,-13608040.0,,20250828
066130,4735,4735,4660,4675,44966,210546540,-1.27,59840000000,-19467455.0,4391315.0,20250828
004590,4945,5040,4905,4995,40496,201695685,1.01,74925000000,13890725.0,-990880.0,20250828
039340,5790,5890,5680,5890,7385,42370060,1.55,132525000000,-6489540.0,-2996140.0,20250828
034950,97400,97700,97100,97400,969,94358500,0.31,442246063600,10336300.0,20160200.0,20250828
222980,3745,4150,3695,3755,752945,2960105779,2.04,41423218665,-162721059.0,-330.0,20250828
256840,4935,5080,4885,5030,335084,1665753882,1.93,344026276580,-8933335.0,370699895.0,20250828
219750,1128,1129,1091,1115,21342,23771696,0.18,72950976775,7818737.0,,20250828
025550,3280,3285,3235,3255,103410,336325655,-1.21,83048083020,-85526070.0,-196375.0,20250828
017890,9320,9390,9260,9370,17326,161209520,0.64,199332751220,9343710.0,-112690.0,20250828
080720,0,0,0,2725,0,0,0.0,21562456300,,,20250828
041460,4175,4210,4120,4185,56469,235394918,0.24,79515000000,-24828790.0,20855.0,20250828
101680,2175,2290,2170,2195,28934,64167432,1.15,18446780000,8887404.0,,20250828
039740,2815,2840,2767,2785,6215,17362966,-2.28,22331235645,-1017786.0,,20250828
053300,6910,7050,6900,6950,156706,1090002260,-0.43,294967458950,190335755.0,75240.0,20250828
025770,8780,8800,8670,8770,9659,84283590,-0.11,328386256670,23217500.0,1320.0,20250828
458610,2145,2145,2105,2135,3760,7937230,-0.23,9031050000,-855.0,7017020.0,20250828
464440,2125,2125,2125,2125,1,2125,0.47,9180000000,,2125.0,20250828
479880,2050,2050,2035,2050,2002,4084220,0.0,14083500000,,0.0,20250828
062970,3065,3100,3020,3050,126194,386506840,-0.33,60197294900,16495720.0,,20250828
023760,778,791,776,788,218404,171643491,1.29,248700345888,57312253.0,2496488.0,20250828
054040,5060,5060,4970,5030,29942,149874630,0.6,80838588700,41962993.0,-310480.0,20250828
021650,2340,2340,2315,2340,10068,23420100,0.0,38260317420,27625.0,-3016920.0,20250828
032300,14220,14250,14180,14210,1888,26838430,-0.35,154984221210,3852060.0,40.0,20250828
037230,2040,2040,1991,1995,29364,58649123,-1.24,59451652365,-14426511.0,1448389.0,20250828
448900,12300,12670,12000,12080,102883,1266301400,-0.25,72533840560,73690620.0,-2357050.0,20250828
030520,24850,25250,24750,25000,86635,2167240850,0.0,604493600000,143311725.0,-145731900.0,20250828
052600,4440,4695,4440,4570,241894,1109691722,1.56,52846109000,-50401733.0,-10.0,20250828
256150,5900,5930,5820,5900,5846,34361250,0.85,49530500000,-237520.0,,20250828
092460,12740,13310,12470,13150,311532,4063098510,2.02,224992292000,-695145775.0,128399420.0,20250828
125490,5020,5130,4860,4880,3555178,17769285566,-0.2,178131477760,-747065835.0,104706025.0,20250828
452190,4550,4590,4415,4565,54122,246112680,-0.76,106668332705,46381455.0,9100.0,20250828
047080,1300,1339,1300,1324,20971,27511975,1.22,32864807288,-6955333.0,,20250828
452280,7220,7400,7190,7300,71138,520408695,1.11,126057495000,4241740.0,,20250828
066980,1281,1305,1223,1266,119895,151238132,-1.17,65749868250,8305707.0,,20250828
114810,9200,9350,9020,9060,205263,1888036535,-1.31,259054156440,68177450.0,55533220.0,20250828
070590,1836,1855,1777,1814,28226,51089903,-1.25,25177451094,-7309679.0,,20250828
042520,7420,7670,7380,7670,10841,81555470,1.05,103747234890,-3461870.0,,20250828
430690,5040,5090,4990,5000,23559,118625450,-0.4,54476635000,4426490.0,0.0,20250828
078350,9140,9230,9050,9060,28065,255472180,-1.95,138114100920,-109228020.0,,20250828
045100,18700,19290,18610,19160,91336,1745386855,2.13,344880000000,869339685.0,-15906450.0,20250828
320000,2225,2225,2145,2220,175257,382951065,0.0,71725957800,14971808.0,,20250828
091440,2140,2180,2130,2170,42373,91596825,0.93,61985629020,33895330.0,,20250828
276730,2130,2165,2080,2120,40506,85813965,-1.4,33235994720,-3353355.0,,20250828
024740,2080,2115,2070,2095,107107,223877419,0.0,68919317655,37999084.0,,20250828
005860,3535,3545,3520,3530,68334,241921406,-0.14,139095008050,31183006.0,,20250828
007770,9240,9360,9200,9260,601,5546925,-0.22,32502600000,-130905.0,,20250828
198940,765,776,763,763,14530,11143456,-1.42,29698232214,-29619.0,,20250828
058450,954,958,932,943,33756,32047156,-1.15,13950384603,3019377.0,,20250828
107640,34000,34850,33100,33600,67607,2280595025,-1.9,304582185600,-418656775.0,-392079525.0,20250828
079170,7410,7530,7300,7450,11746,86836020,0.81,38740000000,13575660.0,,20250828
054920,4400,4500,4345,4460,197014,875184642,1.25,125848181260,19629969.0,10.0,20250828
457370,9220,9350,9200,9260,51644,478805295,0.0,74331260840,-61293720.0,34879325.0,20250828
002680,738,744,729,738,14542,10708800,-0.4,23849797662,68216.0,,20250828
098070,48900,49500,48250,49000,247318,12097365350,-1.8,544935909000,-1841112250.0,926682075.0,20250828
455310,2045,2045,2045,2045,2291,4685095,0.0,10347700000,0.0,0.0,20250828
498390,2005,2005,2000,2005,478,956379,0.25,9944800000,28070.0,0.0,20250828
034810,8180,8220,8090,8190,26841,219197670,0.37,266640658830,61058190.0,-2748120.0,20250828
03481K,7770,7890,7720,7850,742,5750780,0.9,10903037700,-87910.0,3400360.0,20250828
059270,5880,5940,5710,5780,91601,531566990,-0.34,64393818220,44032540.0,,20250828
076610,554,565,537,542,601677,328741894,-1.28,23551633316,6682543.0,-26944359.0,20250828
220180,2835,2855,2720,2720,28887,79955630,-3.37,52789760000,2925975.0,,20250828
900270,230,232,229,232,1675956,385589039,0.43,43626913280,-9763729.0,,20250828
214180,15300,15720,15230,15600,43283,668616580,1.3,204743962800,96821830.0,55962200.0,20250828
234340,15670,15940,15570,15620,48395,758772725,-1.58,218221646720,59718555.0,194700.0,20250828
084990,6090,6690,6050,6540,1357075,8781316215,8.1,301446892380,39660785.0,-182200.0,20250828
187660,2325,3000,2240,3000,34980949,96352211195,29.87,145043004000,-730579783.0,127750.0,20250828
170030,6400,6530,6320,6350,184625,1184987280,-1.24,97409000000,33153020.0,40.0,20250828
319400,5090,5100,4735,4750,1460271,7095838812,-5.19,529036185250,-2162265831.0,38345715.0,20250828
048410,5220,6870,5190,6660,9853912,61418199020,25.19,639632793600,-170405500.0,100631920.0,20250828
052260,4650,4850,4625,4750,91739,435150485,1.39,142500000000,5654570.0,1961695.0,20250828
016790,0,0,0,994,0,0,0.0,187340898626,,,20250828
041440,8270,8800,8180,8340,400646,3397860635,1.58,149418972960,-140386710.0,-845190.0,20250828
039010,6980,6980,6840,6920,36209,249901580,0.0,59685000000,-1957340.0,,20250828
090850,6470,6590,6450,6530,59873,391316520,0.62,155063737330,-127382140.0,17917880.0,20250828
460930,23800,28700,22950,27300,9521654,253433368725,17.67,968600478300,5701503775.0,-499174275.0,20250828
092300,2980,3230,2865,2915,4007806,12198533084,2.1,54431258640,-55148891.0,-454530.0,20250828
138360,815,838,782,809,552074,450416016,-1.34,42016842076,27710793.0,82472.0,20250828
011080,800,808,792,801,290589,232817557,0.13,33893200008,69337089.0,,20250828
308100,2025,2070,1997,2040,452246,918389044,0.74,49006936320,110976311.0,-49535.0,20250828
064240,2090,2125,2000,2000,39168,81489850,-2.91,70076024000,13379870.0,-665435.0,20250828
039610,9960,9990,9810,9900,53839,532356710,-1.0,103062960000,36155860.0,-10.0,20250828
126640,1310,1330,1303,1311,105764,139059932,0.08,47686165857,13551582.0,,20250828
127980,5850,5880,5700,5850,4184,24268810,0.0,69268001400,-46790.0,,20250828
061250,1126,1127,1105,1114,106713,118532802,-1.07,96378653558,-26374792.0,,20250828
097870,6660,6710,6590,6710,17993,119683890,0.75,56967900000,-24755900.0,6650.0,20250828
290270,3595,3710,3570,3640,25089,90555840,1.25,34971926080,3080085.0,-3279485.0,20250828
353190,758,759,728,759,95330,70793890,0.13,29888220780,-1194452.0,,20250828
090710,2660,2730,2585,2585,4516368,11901542821,0.19,308796854245,-362918548.0,40604830.0,20250828
078590,470,478,461,465,97024,45233228,-0.43,26137807170,-9205257.0,,20250828
205470,1335,1347,1332,1339,301372,403530580,0.0,173233137051,14723864.0,17748946.0,20250828
115160,1002,1025,997,1014,35045,35388309,1.3,44585705736,-2332734.0,,20250828
028080,1952,1953,1922,1925,21043,40738597,-1.38,24211699050,-15996653.0,,20250828
175140,4600,4850,4600,4745,71269,340517983,1.61,117666566940,-66177004.0,,20250828
200670,53900,56400,53900,54600,69734,3826644800,0.0,613154178000,-1712155300.0,825096150.0,20250828
065510,9090,9090,8870,8940,34591,309520465,-1.65,108704776740,-17784535.0,24671970.0,20250828
263920,4700,4730,4645,4690,1011,4735980,-0.95,46004331940,-9355.0,-4680.0,20250828
243070,29700,30300,29700,30050,19985,598600200,0.67,359988933250,28320850.0,43756100.0,20250828
084110,46000,46600,44750,45100,25466,1153462325,-1.96,569920582000,-20712075.0,22282200.0,20250828
145020,317000,321500,315000,317000,31029,9856451000,-1.09,3900378461000,411088750.0,1477818250.0,20250828
024060,12100,12130,12010,12040,41479,501284895,0.33,180600000000,171925435.0,24250.0,20250828
010240,5160,5160,5120,5140,20849,107103100,-0.39,63338657440,19207770.0,1790410.0,20250828
189980,1707,1708,1692,1707,25163,42761576,-0.18,68515270689,-305916.0,,20250828
037440,4565,4580,4530,4530,24987,113784218,-0.77,63068811750,-67064990.0,,20250828
238490,3805,3975,3755,3935,78018,303398150,4.38,44513648660,34850490.0,,20250828
