code,open,high,low,close,volume,거래대금,등락률,시가총액,foreign_net,inst_net,date
060310,1831,1854,1820,1842,109478,201255863,0.11,97734751680,28678563.0,,20250326
054620,6080,6250,6050,6130,33821,207345470,0.0,121951574730,4963750.0,91609170.0,20250326
265520,17880,18390,17880,18200,81686,1488604735,1.39,278121862200,365111830.0,218917265.0,20250326
211270,12220,12380,12200,12260,25168,308408510,0.33,184909047040,2962955.0,-7300430.0,20250326
109960,480,500,480,485,176550,85191164,-0.21,97382795465,-6706229.0,,20250326
139050,0,0,0,2805,0,0,0.0,24247965555,,,20250326
126600,2700,2715,2685,2690,17773,47935374,0.0,168842958310,-14344770.0,-2980.0,20250326
013720,722,750,710,727,86045,62347566,-0.55,37170159961,-6433299.0,,20250326
083790,2325,2360,2255,2335,85846,198290600,0.86,179547914970,-20129808.0,,20250326
035760,57400,57500,56100,56600,30506,1731935600,-0.18,1241190116400,-480633200.0,346421850.0,20250326
311690,11380,11420,11250,11330,13261,149968760,-0.26,148031684460,-30943860.0,5393700.0,20250326
051500,23150,23450,22700,22950,51002,1173171125,-0.22,272452898700,163181125.0,-198826100.0,20250326
058820,1996,2145,1979,2025,4551284,9405860862,1.5,281256794100,766144336.0,-6608298.0,20250326
023460,0,0,0,109,0,0,0.0,4054800000,,,20250326
056730,664,664,657,662,7727,5096018,0.76,49061605132,-1992.0,-203234.0,20250326
065770,1522,1960,1448,1893,1739666,2979714405,24.38,36745269090,-451330443.0,,20250326
083660,645,657,641,642,31663,20384682,-0.47,39320690202,-6382123.0,,20250326
456440,2250,2275,2237,2265,47168,106494911,0.89,12038475000,73562.0,-15750000.0,20250326
477760,2060,2065,2055,2060,348,715910,0.0,12030400000,-59740.0,0.0,20250326
099520,0,0,0,1284,0,0,0.0,58141862016,,,20250326
060900,916,920,886,904,36367,32920497,1.57,22833439016,1395053.0,,20250326
290120,2245,2245,2155,2235,16709,37145940,-0.45,34676333430,1167870.0,,20250326
025440,699,737,670,689,602484,422094005,-0.43,33610263336,-17540727.0,,20250326
068790,0,0,0,6330,0,0,0.0,151838488590,,,20250326
241520,4290,4360,4160,4290,1284837,5431773188,-1.38,117958376250,286794831.0,0.0,20250326
180400,1830,1970,1819,1931,705502,1353901655,4.43,95042723192,56503907.0,-80059133.0,20250326
245620,0,0,0,415,0,0,0.0,57474989665,,,20250326
037370,6070,6380,5980,6170,103086,645215615,0.65,53216077240,9576075.0,33330.0,20250326
050120,2500,2505,2270,2270,11586,27474870,-9.02,30790475220,-1196760.0,,20250326
214270,1275,1275,1210,1240,61220,74790063,-0.88,41230574120,-26641957.0,,20250326
130500,2655,2655,2575,2575,67639,176401714,-0.58,37453508900,30005901.0,-2625.0,20250326
900290,3225,3375,3155,3270,288266,940416145,1.71,264379500000,38793812.0,14326945.0,20250326
083450,20200,21000,19730,19800,1584047,32108216745,3.07,364914000000,-1117897520.0,25818725.0,20250326
297890,2665,2705,2645,2695,263233,705592997,1.13,197114763230,233776546.0,-6166090.0,20250326
440290,1748,1748,1720,1725,23788,41217607,-0.4,46759592250,1837278.0,,20250326
078150,2205,2255,2190,2230,788084,1757376532,0.68,206756492680,368395292.0,-89200.0,20250326
195940,37250,37550,36750,37250,121894,4541775300,0.68,1055288439750,212640925.0,728831475.0,20250326
028300,54600,55500,53700,55200,890987,48819151950,-0.18,7254664747200,-157852300.0,3370328600.0,20250326
278650,1810,1829,1785,1816,226538,410042923,-0.06,157502749624,54080045.0,9135.0,20250326
067630,6800,6840,6530,6650,1818825,12118228690,-3.06,810579745150,-1688986050.0,-1468093785.0,20250326
024850,2050,2125,2035,2080,495941,1025745597,-0.95,300152575840,-47199807.0,,20250326
187420,3695,3695,3470,3610,44138,159636835,-1.63,105180534020,38599778.0,-1460.0,20250326
047920,21000,21700,20600,21450,676504,14369471425,0.94,682431621300,646049125.0,-12758600.0,20250326
115450,7770,8390,7600,8390,784704,6395122055,7.98,705870173190,300135505.0,456962295.0,20250326
046210,2155,2190,2100,2160,85789,183044165,-0.23,94300390080,37112595.0,-14657820.0,20250326
403870,29450,29950,29150,29900,494574,14686411600,2.4,2496607183200,4556501975.0,469995650.0,20250326
036640,4930,4935,4865,4885,38457,188047423,-0.51,79893198000,1519091.0,9810.0,20250326
439730,2110,2112,2110,2110,10120,21353234,0.0,9094100000,-4220.0,13090440.0,20250326
442770,2175,2175,2155,2155,7433,16070240,-0.92,9072550000,0.0,0.0,20250326
448760,2225,2225,2180,2205,4136,9086844,-0.23,9768150000,-36420.0,0.0,20250326
467930,2120,2130,2115,2130,1579,3340245,0.0,9009900000,-6360.0,3162115.0,20250326
469480,2110,2130,2110,2125,204,431790,0.24,8988750000,-4255.0,211000.0,20250326
095340,60700,61900,59200,61100,72698,4407440200,1.33,1295140243800,1147535250.0,-795805200.0,20250326
950170,5090,5100,5000,5030,40723,204915810,-1.18,260284130440,-21509890.0,-4508460.0,20250326
067290,1400,1403,1385,1395,35400,49198216,0.14,74459695770,-5265479.0,,20250326
035900,63800,63900,62100,63000,264606,16663488100,0.32,2238546996000,-4647299650.0,1541502350.0,20250326
318000,4755,4770,4705,4760,9828,46615285,0.0,41603461480,172300.0,,20250326
024840,2145,2270,2110,2165,9628228,21168749825,6.65,75578415835,267485511.0,,20250326
024120,3260,4120,3220,3355,8348188,32047219695,4.19,38582500000,37296324.0,897925.0,20250326
455250,2110,2110,2100,2105,267,561860,0.0,9062025000,0.0,0.0,20250326
458320,0,0,0,3020,0,0,0.0,16625100000,,,20250326
464680,1988,1988,1984,1985,1260,2501762,0.1,25616425000,-631096.0,15883.0,20250326
476470,2120,2155,2120,2140,58760,126069922,0.71,11780700000,6861975.0,-60402525.0,20250326
478390,2035,2045,2035,2045,1588,3232980,-0.24,12719900000,0.0,0.0,20250326
486630,2020,2025,2015,2025,8480,17132602,0.25,10752750000,1235250.0,,20250326
492220,1991,1997,1988,1990,5029,10013022,-0.05,12357900000,-948282.0,0.0,20250326
021320,3995,4010,3920,3975,3589,14200127,0.51,85065000000,-223735.0,-178690.0,20250326
036670,6350,6350,6120,6280,27512,171108955,-1.1,70775600000,-5490545.0,,20250326
044180,520,643,484,637,3507310,2037534339,27.4,17019237963,-39532586.0,955266.0,20250326
046440,4160,4215,4135,4140,24279,100891530,-0.48,157364720280,-24999950.0,8290.0,20250326
151860,5070,5130,5010,5120,43333,219682025,1.99,251407370240,48510185.0,-25600.0,20250326
035600,8660,8730,8600,8630,55667,481763090,-0.12,240815265420,-59235090.0,82943895.0,20250326
226360,0,0,0,2555,0,0,0.0,60698450260,,,20250326
111870,0,0,0,8910,0,0,0.0,43928518590,,,20250326
060720,9200,9680,9110,9160,289543,2708223270,1.78,216885368720,-268921020.0,-956805.0,20250326
058400,765,765,752,754,204867,154610113,-0.79,99852008880,,,20250326
101000,2100,2170,2060,2125,146572,308523755,1.92,70702579250,20783480.0,2125000.0,20250326
122450,3570,3660,3530,3645,106948,384026059,2.1,165249588780,-23483874.0,-9671955.0,20250326
052900,970,970,952,960,111122,106486142,-1.03,52903216320,-9071679.0,-3522721.0,20250326
061970,3610,3665,3505,3525,159498,566792196,-3.16,204742596150,-119708262.0,1819520.0,20250326
309960,3620,3650,3575,3640,66517,240649365,0.97,84510749960,28123110.0,,20250326
225190,2000,2020,1980,2000,196988,394171499,-0.25,101496880000,123602902.0,,20250326
060370,15900,15950,15720,15810,38805,614292595,-0.38,516494581740,-30747160.0,9628920.0,20250326
417200,12000,12050,11830,11950,125841,1505608785,1.1,808449275050,-110758130.0,196348135.0,20250326
078020,3700,3750,3695,3735,22015,81998760,1.08,207222244650,5837503.0,-3579425.0,20250326
476080,19370,19450,16040,16040,3394180,62799186735,-12.54,124871400000,616727515.0,-371334590.0,20250326
086960,1162,1190,1162,1169,288949,339560576,-0.09,108508670172,68455666.0,2367.0,20250326
038340,300,329,220,220,1129023,293042333,-13.04,7133476240,,,20250326
160550,2005,2020,1995,2005,38933,77969545,0.0,55951742530,-9736089.0,,20250326
053290,4385,4490,3960,4120,2123281,9065343691,-5.4,68088384840,-30352795.0,-4335.0,20250326
060250,8020,8030,7850,7920,77722,614476780,-0.38,318072039120,-37271790.0,117427970.0,20250326
104200,3060,3105,2985,3055,73460,222826915,-0.81,45298165250,21579100.0,-2980.0,20250326
222160,0,0,0,8040,0,0,0.0,79551289560,,,20250326
024940,9370,9570,6440,6440,7112335,60997916505,-30.0,64400000000,-1068553480.0,40277550.0,20250326
218410,15450,15450,15000,15250,66739,1013943370,-0.33,403887740500,38100505.0,133485665.0,20250326
327260,6330,6410,6070,6170,37981,236849530,-2.53,52033035270,60382360.0,43910.0,20250326
474610,5090,5210,4985,5170,259066,1326482890,1.77,66821541710,103272175.0,61989190.0,20250326
091340,2715,2770,2690,2730,36781,100024549,0.55,31951158330,13963660.0,,20250326
419530,32300,32400,29850,29950,241001,7475755800,-6.41,262689353500,-332138500.0,-100087550.0,20250326
019550,686,695,686,689,172506,119021895,0.58,111663870175,25996733.0,-10534.0,20250326
950110,4915,4925,4900,4920,9131,44926085,0.0,118338496800,39355295.0,3050140.0,20250326
036120,2100,2100,2050,2070,75760,156856765,-1.66,73485000000,25140680.0,,20250326
246960,7990,8210,7990,8020,3478,27830060,0.38,58412876020,-202840.0,-1450010.0,20250326
099220,1020,1046,1015,1046,160969,165729896,2.55,58755714306,72611469.0,-7322.0,20250326
036540,3295,3325,3260,3305,501873,1655055867,0.3,543541301415,46857694.0,177145246.0,20250326
255220,2520,2530,2405,2440,1381768,3383377901,-2.98,240108200000,11761832.0,,20250326
040610,1530,1540,1525,1525,30841,47217351,-0.33,51982973900,418074.0,100885.0,20250326
049470,295,298,291,294,85308,25026349,-0.34,17305501206,710407.0,,20250326
184230,466,466,452,457,26966,12214191,1.11,28607816577,-878026.0,864131.0,20250326
016250,14590,14800,14530,14800,4295,63217665,1.37,48005058000,-146290.0,-17218050.0,20250326
357880,2005,2050,1906,1924,360579,701141307,-3.7,65327532556,-52195585.0,,20250326
048550,1426,1442,1418,1418,114364,163077685,-0.56,137141331160,22366265.0,-28426745.0,20250326
063440,1333,1362,1333,1362,189775,256408774,1.72,62691707748,68397788.0,,20250326
067160,84800,84800,83000,83600,37083,3099365850,-0.71,960962521200,-1246805950.0,499069350.0,20250326
289080,1328,1344,1328,1336,157750,210716095,0.6,71974454920,-1488186.0,0.0,20250326
089230,773,790,773,780,17656,13738692,0.91,18979703340,-1920285.0,,20250326
032540,4720,4730,4640,4680,12914,60677995,0.11,65199930120,2776555.0,-31963900.0,20250326
022220,929,930,902,905,68769,62713946,-0.11,46874093995,-1827077.0,298286.0,20250326
048770,2105,2105,2005,2005,7991,16258250,-1.23,31474471955,-6281140.0,,20250326
246690,1080,1186,1050,1080,781387,860137568,-0.92,44796090960,8076357.0,,20250326
317240,253,256,242,256,1394755,349001243,0.0,27453676032,8772045.0,,20250326
057030,3735,3800,3680,3700,46157,171667080,-1.46,60356978900,-9817495.0,,20250326
040300,3200,3290,3185,3265,487654,1610049023,2.03,137130000000,-27439774.0,,20250326
051390,3625,3635,3615,3615,938,3401710,-0.41,41049655320,-25340.0,-1128360.0,20250326
052220,3905,4670,3785,4550,6084585,26843703474,16.52,104650000000,-1004539554.0,0.0,20250326
079940,18440,20100,18100,19900,452283,8834537125,7.92,269360111600,3127979025.0,90358795.0,20250326
078890,2960,3015,2935,2940,22195,65694377,-1.18,51731584380,-12723632.0,-34960.0,20250326
399720,46500,46950,45500,46600,39038,1811078950,0.22,540435112000,-11440775.0,164406100.0,20250326
036620,3805,3945,3790,3910,2073196,8063642572,2.89,363264641780,783832694.0,-768543991.0,20250326
198440,1200,1212,1180,1207,20932,25081707,0.58,73544798472,2393505.0,0.0,20250326
217730,2430,2435,2220,2300,846748,1938089137,-4.56,128924542700,-513430434.0,5443967.0,20250326
114190,7150,7210,7060,7160,98886,704199630,0.28,187040952080,38080765.0,-5580.0,20250326
094480,7360,7800,7360,7800,292065,2232352885,5.98,305992736400,-339687105.0,795600.0,20250326
039240,4765,4940,4510,4605,722753,3413394417,-3.36,124241076420,116432019.0,4840510.0,20250326
053950,635,643,633,636,88209,56071304,0.16,49701719688,-3624783.0,,20250326
011040,5640,5640,5600,5620,11037,62037285,-0.35,172920464920,-24542965.0,222040.0,20250326
024910,1809,1824,1741,1812,38825,69796184,0.17,64904037060,9895595.0,,20250326
049720,9740,9750,9640,9650,22781,220446445,-0.92,137995000000,-12492565.0,-19228300.0,20250326
014570,4640,4640,4555,4595,8019,36939435,0.0,50545000000,-1273670.0,,20250326
348150,4560,4605,4490,4545,17195,77866175,-0.33,88054148250,-499797.0,,20250326
950190,7590,7590,7430,7500,10759,80275950,0.0,101849190000,-36032995.0,-3560850.0,20250326
098460,14490,14670,14040,14590,1377265,19896717510,0.97,1001672875450,3739515605.0,-2565490445.0,20250326
035290,385,414,382,386,170180,66886929,0.26,18403121280,4674770.0,,20250326
215000,65400,65400,64300,64300,9501,613229200,-0.16,403509184500,68762700.0,144765000.0,20250326
121440,4250,4370,4240,4345,287663,1244577974,3.82,186125974210,17982258.0,426154260.0,20250326
366030,4100,4195,4100,4145,36156,149458210,0.61,93900208250,50258390.0,,20250326
014200,0,0,0,30200,0,0,0.0,91311391200,,,20250326
029480,2180,2270,2170,2270,145252,325300560,3.18,124914969670,117850715.0,0.0,20250326
026910,1864,1864,1848,1856,6197,11531550,-0.43,11888431680,-264531.0,,20250326
440790,2150,2150,2120,2135,5502,11681660,0.0,8646750000,-278410.0,5813110.0,20250326
456490,2120,2120,2095,2110,1795,3777640,0.0,8862000000,-29470.0,-2494960.0,20250326
465320,2110,2110,2105,2110,1475,3111160,0.0,8039100000,71590.0,2738555.0,20250326
482520,2020,2022,2010,2020,803,1621720,0.25,12322000000,-103060.0,,20250326
489210,2005,2005,1995,1999,2020,4036186,-0.3,10354820000,65885.0,,20250326
053270,2315,2350,2255,2280,334423,768960390,0.44,62495723400,187228690.0,,20250326
066620,16940,17000,16710,16760,2979,50210865,-1.06,125700000000,4596865.0,-16750.0,20250326
043650,4460,4500,4365,4450,12631,55767850,-0.11,79469452800,2564925.0,40.0,20250326
006050,1772,1795,1335,1335,3890364,6179214425,-25.42,46585149405,-769958253.0,,20250326
060480,1747,1790,1682,1688,185820,325421062,-1.17,18719920000,335621.0,,20250326
078130,0,0,0,800,0,0,0.0,901924696800,,,20250326
307750,3245,3270,3240,3255,21902,71233700,0.0,162639753150,-127875.0,15.0,20250326
035080,13650,13850,13620,13810,15087,207329590,1.1,188873818380,30770480.0,46305200.0,20250326
453450,15260,15590,15190,15260,30876,472124020,-0.59,121206365000,-315820.0,,20250326
204020,2800,2840,2770,2825,31231,87972690,1.07,56916489750,658140.0,,20250326
402490,14840,15190,14710,15100,52127,781859685,1.48,124815754400,193075285.0,4516690.0,20250326
114450,1623,1623,1604,1615,20389,32790885,0.69,32300000000,1352420.0,-1606.0,20250326
186230,7250,7370,7070,7260,43422,310327560,0.14,79280564880,105224940.0,-90209015.0,20250326
900070,382,387,380,384,16120,6182030,1.05,20637683712,-193.0,,20250326
204620,4985,5080,4855,4995,1257230,6240441716,-0.7,351065233350,325252675.0,481793670.0,20250326
019660,746,794,710,786,237039,178169366,5.36,27345526356,3654426.0,,20250326
053260,4035,4085,4015,4030,7064,28693410,-0.49,75441600000,-861085.0,5.0,20250326
282720,8200,8430,8200,8420,19651,163653025,1.94,102046190000,53125860.0,0.0,20250326
036190,25700,25900,25600,25600,8727,224184950,-0.19,153600000000,-79113300.0,9128950.0,20250326
049080,499,508,499,504,50944,25580981,0.2,42781206888,-2572275.0,-26746.0,20250326
420770,28200,28800,28000,28700,17645,501759700,1.41,363794254600,15609525.0,78186200.0,20250326
035460,1968,1976,1944,1958,29122,57088887,-0.51,28542431720,-1805778.0,,20250326
308100,2705,2800,2675,2800,39404,112450695,0.0,18549252400,-1997650.0,25.0,20250326
407400,7760,8330,7660,8120,93407,747120730,4.64,100646994000,-77170985.0,,20250326
187790,0,0,0,1025,0,0,0.0,31611850750,,,20250326
286750,2570,2580,2505,2520,137660,348954222,-0.79,54214168680,-95793813.0,,20250326
121600,65400,67300,64800,66400,47956,3164734850,2.31,809819579200,-19200000.0,494156550.0,20250326
247660,5890,6220,5870,5970,8876,53410800,1.36,25933202400,-6497530.0,,20250326
039860,3330,3400,3330,3360,153243,515175398,0.6,107889875520,216396301.0,4988267.0,20250326
091970,542,597,541,587,482102,276320150,8.91,21964068391,34724175.0,,20250326
417010,7200,7250,7110,7160,76953,551613790,-0.56,144355108480,61197765.0,-64440.0,20250326
405920,2555,2600,2550,2585,5941,15294555,0.98,33289826460,-5008635.0,,20250326
051490,4025,5070,4000,4815,9792227,47469339561,18.89,68373000000,8607738.0,4014045.0,20250326
137080,3200,3200,3090,3110,4155,12939413,-1.27,34394802420,-1679415.0,6295.0,20250326
190510,12340,12530,12330,12460,11664,145111745,0.4,187924922220,22576220.0,74820.0,20250326
242040,1356,1356,1335,1335,114048,153265796,-0.07,46199362440,7092009.0,-33247.0,20250326
089600,14550,14550,14300,14330,8320,119614910,0.21,165771775790,-7017490.0,4616790.0,20250326
293580,1050,1180,1050,1180,1693604,1929028122,10.9,112017341000,-152340755.0,7731.0,20250326
138610,14410,14470,14220,14330,29550,422137000,-0.42,156098366610,-12592440.0,14340.0,20250326
130580,4740,4855,4725,4815,12229,58812925,1.58,74151000000,-23731265.0,-650.0,20250326
036800,17820,17930,17820,17850,2002,35722780,0.11,178500000000,-15842630.0,2551780.0,20250326
267320,3910,4045,3595,3795,4814321,18173132168,-2.94,168212957550,-322041426.0,-834065.0,20250326
111710,4970,5010,4935,5000,536,2661445,0.3,102940000000,24725.0,,20250326
091590,3770,3840,3750,3770,13827,52244645,0.0,44259800000,-4478625.0,,20250326
168330,1443,1455,1417,1417,14930,21417273,-1.8,44996693300,-775300.0,,20250326
094860,891,897,865,875,22838,20040737,-1.8,18724622875,25639.0,,20250326
253590,10450,10750,10380,10700,236091,2508659150,1.61,469400054800,281546455.0,117964140.0,20250326
212560,8820,9040,8770,8900,20072,178408885,1.48,70087170700,-10113550.0,0.0,20250326
095660,21800,21900,21500,21850,25119,545774275,0.69,477571429600,-103026575.0,241977050.0,20250326
042420,19490,19490,18830,19220,6765,129703420,0.0,165173720120,-33983900.0,61488440.0,20250326
950220,1052,1060,1000,1030,243663,250692700,-2.09,101833488950,12056567.0,75839.0,20250326
311390,7490,7710,7430,7430,69487,529543420,-2.62,94017652270,21192170.0,-20.0,20250326
085910,3075,3075,3000,3025,5218,15765125,-0.33,42152824450,-2575000.0,10.0,20250326
092730,12850,12850,12600,12720,47227,602003700,-0.16,203876020080,166391570.0,9580450.0,20250326
290660,827,827,802,802,19578,15798938,-0.99,36957281998,-234485.0,,20250326
306620,2320,2365,2320,2340,134990,316562789,0.21,101705458140,30576095.0,-8990.0,20250326
153460,6920,7000,6810,6810,422,2901290,-1.59,44469395340,100.0,-967400.0,20250326
007390,29500,29550,26000,26650,3629166,98562856750,-7.63,1715118207400,-6562098250.0,825760350.0,20250326
033640,7350,7620,7250,7550,40173,301166200,4.28,174096975100,-19630015.0,75484715.0,20250326
330860,11810,12140,11710,11920,24418,291430025,1.27,145233816400,41958655.0,-10.0,20250326
089140,2315,2400,2315,2340,24080,56475860,1.08,29334813300,4897280.0,-8885.0,20250326
389650,42550,43300,42000,42500,93508,3991489700,1.43,343747905000,-511514175.0,640217925.0,20250326
137940,447,457,431,441,502376,222174435,-1.34,37647725472,-32109715.0,,20250326
396270,7320,7600,7230,7240,100497,737783590,-2.69,130963925600,-9801310.0,-21426700.0,20250326
348210,61300,62700,60100,62000,56046,3447595400,2.65,649574310000,-82990150.0,-140120400.0,20250326
225570,13190,13290,13090,13210,146823,1936557520,0.69,870012898540,387667635.0,470609090.0,20250326
205500,2785,2830,2680,2765,125365,342401357,-0.72,161331387735,1885993.0,605530.0,20250326
217270,7260,7260,6970,7150,136252,969037160,-1.52,333734472500,-34172240.0,-106343860.0,20250326
104620,4865,4885,4830,4830,33684,163559164,-0.72,76517468580,14500250.0,,20250326
473980,24300,25550,24100,24550,360928,8881294150,1.03,266799997350,-413013425.0,1202616475.0,20250326
194700,9070,9070,8930,8950,24792,222618695,-0.56,167855889600,-43420550.0,28909335.0,20250326
285490,14670,18350,14310,18350,951310,17143787955,29.96,194066498850,-37013425.0,-1392895030.0,20250326
145170,6050,6210,6050,6180,77159,472658820,1.31,104493942900,51243630.0,,20250326
106520,0,0,0,411,0,0,0.0,15904036272,,,20250326
376930,2680,2720,2650,2685,354828,953301204,-0.19,99202856100,84653972.0,-53650.0,20250326
142280,3930,4015,3900,3960,101632,402802630,0.76,86098026960,-43656485.0,,20250326
234690,8800,8830,8580,8730,55408,481256370,-0.8,154977369480,-77631620.0,-24017230.0,20250326
054050,7470,7590,7470,7530,15425,115777765,1.35,120710124330,-5271920.0,-2932360.0,20250326
069140,1372,1400,1372,1393,6282,8715095,0.65,18252120999,45549.0,,20250326
040160,2490,2505,2470,2485,6101,15171196,-0.2,29958004475,-29815.0,,20250326
332290,998,1012,998,998,34137,34179018,0.0,33318033394,178111.0,,20250326
348340,26400,26500,25600,26150,62826,1632112800,-0.95,291605161350,287553975.0,1788200.0,20250326
060260,1168,1180,1149,1154,55232,64027006,0.44,15592858386,-837080.0,,20250326
123840,1070,1120,1070,1070,38144,41035144,-0.93,39755108490,1563574.0,,20250326
012340,488,488,480,480,46632,22519379,-1.64,24435437760,-65639.0,24634.0,20250326
270870,5540,5590,5510,5520,8583,47417890,-0.36,50785236480,-9343490.0,,20250326
144960,4810,5310,4810,4880,1758897,8959921414,1.46,213220005120,-271833552.0,-5806583.0,20250326
085670,4725,4770,4650,4745,64672,305178254,0.42,116018860945,-1621497.0,-322660.0,20250326
064260,2865,3345,2845,2980,20916584,66378792429,4.01,205468139200,942122745.0,910800.0,20250326
340360,1657,1905,1600,1885,2272346,4096403679,14.04,82849348465,364505945.0,65322.0,20250326
039560,2950,2985,2905,2915,98135,286596375,-1.19,115474754615,-36691210.0,-131015.0,20250326
154040,974,977,918,975,80397,77106277,0.1,17501341650,-276773.0,,20250326
032190,11530,11760,11450,11590,55770,647867150,1.49,443897000000,-17538940.0,90993425.0,20250326
323350,6350,6610,6330,6570,39198,254594565,2.5,52630772040,17865960.0,6592730.0,20250326
068240,9550,9670,9400,9590,76195,726719165,1.37,365987360830,-176963770.0,235429420.0,20250326
464580,5820,5850,5710,5800,18364,106222895,0.0,53058098400,8991420.0,-525680.0,20250326
020400,6560,6690,6510,6610,5682,37188595,0.15,21080387260,-3820025.0,,20250326
008830,21000,21200,19990,20000,584214,11871535885,-6.54,179750400000,-201393575.0,20810.0,20250326
048470,4320,4430,4110,4155,289786,1225850919,-2.92,41550000000,130976930.0,12322420.0,20250326
004780,3790,3805,3750,3780,12969,48926221,-0.13,60114092220,-3426910.0,-247070.0,20250326
017650,6610,6670,6470,6470,2029,13363290,-3.0,58230000000,0.0,0.0,20250326
007720,845,859,843,845,255212,216838186,-1.17,85176380250,7423946.0,,20250326
389260,12620,12690,12140,12690,66574,821376910,0.55,216364500000,-70684040.0,-152280.0,20250326
317850,8430,8560,8330,8420,37072,311189550,-0.94,70091616400,-44950930.0,-20.0,20250326
290670,11710,12130,11710,11950,7555,90284320,1.7,93899037000,28868580.0,-11760.0,20250326
078140,14400,14600,14310,14360,124448,1794697210,-0.07,159203274440,178061790.0,0.0,20250326
065150,0,0,0,145,0,0,0.0,23110448725,,,20250326
036480,8640,8770,8620,8650,11151,96650765,0.12,32870000000,10112040.0,,20250326
027830,1776,1823,1745,1823,384228,687313423,3.82,98442000000,140991324.0,,20250326
104040,807,829,802,814,26587,21493276,0.87,38441139418,-2760915.0,,20250326
129920,4030,4095,3965,4070,74193,297898400,1.88,55820265710,14356822.0,,20250326
442310,2120,2120,2110,2110,261640,552105390,-0.47,14158100000,-993710.0,-49205200.0,20250326
457390,2820,2830,2790,2830,30491,85615325,0.18,19909050000,-34588360.0,3193050.0,20250326
457630,0,0,0,2095,0,0,0.0,15314450000,,,20250326
471050,2130,2130,2115,2125,4709,9992370,-0.23,12877500000,0.0,346860.0,20250326
478780,2115,2115,2105,2115,10811,22816710,0.0,16729650000,-2317900.0,4146150.0,20250326
482690,2030,2035,2030,2030,9272,18835415,0.0,11398450000,369770.0,-1268750.0,20250326
020180,1040,1049,1011,1045,224299,231880931,1.46,40158216175,39281735.0,,20250326
045390,3075,3145,3055,3135,352083,1085590136,1.95,220934036895,75231686.0,-34583.0,20250326
108380,16700,16890,16500,16580,29591,493109710,-0.72,158626381140,60904190.0,2942070.0,20250326
007680,4090,4150,4030,4050,1856,7561135,-1.58,54458219700,16520.0,,20250326
048910,10560,11110,10240,10370,111264,1178288910,-1.61,130443670020,-15888535.0,465970.0,20250326
005710,7360,7480,7260,7390,34474,253303110,-0.14,148077864000,-5431050.0,28985420.0,20250326
290380,0,0,0,2300,0,0,0.0,56841307600,,,20250326
120240,12510,12680,12510,12560,6456,80933910,0.0,90311310960,-1120210.0,-1792720.0,20250326
003310,1600,1700,1591,1700,727532,1214746079,6.25,60166995000,-86371109.0,1000000.0,20250326
078600,100600,101800,88200,90300,486253,44750693450,-8.88,1397897547900,-4044982300.0,-7908771350.0,20250326
393970,15840,17590,15250,15550,17481538,290059799500,2.17,230090551000,105170880.0,-4832000.0,20250326
096350,329,329,320,323,355061,114640417,-0.62,52894805907,-31287368.0,-7209.0,20250326
140520,2040,2055,2020,2050,4267,8671760,0.49,43273948150,-1682455.0,,20250326
131220,4415,4415,4350,4375,3817,16686730,-1.13,32613393750,-8177335.0,30.0,20250326
010170,509,530,503,511,890625,459742027,2.61,55960205826,79618223.0,-37722.0,20250326
054670,7020,7130,6930,6950,26849,187299140,-1.0,99766694000,-32071900.0,0.0,20250326
023910,25550,25900,25500,25600,15916,409713350,0.0,153600000000,-114388975.0,-43554625.0,20250326
021040,911,912,905,910,16990,15442185,0.0,19751344340,-59730.0,,20250326
021045,2600,2645,2600,2640,54,140565,1.15,2240018880,,,20250326
067080,15040,15490,14560,14870,947252,14266522730,1.71,276829585500,-376225955.0,10356990.0,20250326
298540,9030,9070,8770,9070,40433,363150130,0.44,133926313920,11259260.0,-42590160.0,20250326
032860,1553,1643,1416,1485,575002,885377423,-3.57,59987856555,37979014.0,0.0,20250326
393890,8190,8500,8120,8320,127685,1055803435,2.09,281574958080,137480590.0,120129700.0,20250326
299170,1613,1652,1585,1597,130876,210462020,-1.66,47954656911,-7426257.0,,20250326
462860,8440,8660,8010,8030,2495721,20667055195,-6.63,189199471340,5109155.0,73285780.0,20250326
224060,3030,3035,2990,3005,5012,15068635,0.17,15507969610,1972165.0,,20250326
043090,365,365,350,351,126678,44978626,-3.57,4358814525,-3389156.0,,20250326
213420,28700,28700,28000,28650,70763,2007520625,1.24,711413278350,245150550.0,-29714500.0,20250326
317330,22050,22650,21300,22600,163168,3605126925,2.26,462770798400,-17897375.0,135220675.0,20250326
077360,4280,4410,4255,4390,84627,368139827,2.45,199468438780,35208560.0,70.0,20250326
090410,1486,1505,1480,1500,151321,225810089,1.63,69126142500,56564382.0,,20250326
263600,4610,4720,4600,4695,31056,144404265,0.97,74792805450,37503955.0,70.0,20250326
194480,38750,40200,38750,39800,51417,2027031300,2.71,479317370000,237716650.0,-180624550.0,20250326
373160,6470,6480,6370,6380,10902,70053545,-1.39,86802605120,-10257105.0,13191830.0,20250326
263800,4395,4490,4380,4465,21150,93904125,1.25,72419531700,38290020.0,,20250326
206560,6240,6350,6175,6250,96485,602108510,-0.32,158823350000,57760970.0,-78635585.0,20250326
261200,7140,7450,6900,6930,1020656,7340175560,-3.75,109561221000,-35651320.0,,20250326
067990,4460,4495,4405,4415,23258,102877045,-0.34,128836543250,-37460525.0,3668965.0,20250326
006620,5260,5390,5130,5160,1012403,5296036890,-1.9,146879358720,-82425195.0,-30.0,20250326
100130,2030,2050,2005,2025,42771,86427793,-1.22,115714575000,-22567730.0,-435767.0,20250326
005160,3920,3975,3845,3910,111850,436659213,0.0,212095924620,24640872.0,246330.0,20250326
303810,10120,10180,9980,9980,113195,1136958450,-1.29,159600858600,-126034175.0,1002000.0,20250326
075970,2440,2465,2422,2430,35563,86855921,-0.41,44712000000,-33067836.0,,20250326
086450,15070,15080,14800,15020,140266,2093143755,0.47,667789200000,57065630.0,-407365515.0,20250326
240550,10570,10720,10110,10330,468943,4891841285,-2.27,212663090200,228622930.0,-13909310.0,20250326
099410,3180,3200,3125,3185,68961,218298138,0.47,44590000000,-16710402.0,-673680.0,20250326
033500,22300,22750,21750,22750,424254,9504299500,2.94,682260988500,1480648600.0,268176375.0,20250326
025950,39200,50700,38900,50700,2529341,113460667300,30.0,425880000000,-1138244350.0,7800.0,20250326
088130,2980,3100,2980,3040,12395,37648710,1.67,53155354560,-5862450.0,,20250326
041930,5230,5290,5220,5250,14766,77591150,0.77,82950000000,2370100.0,-105000.0,20250326
060380,1379,1392,1326,1391,38071,51565775,0.87,27402700000,6755.0,,20250326
079960,19700,19900,19560,19800,7829,154867290,0.35,155628000000,-61405360.0,76623450.0,20250326
228340,1795,1795,1757,1783,14740,26227217,0.0,35660000000,-1926708.0,,20250326
088910,1995,1995,1941,1945,17010,33205953,-0.46,50242780980,-4036811.0,,20250326
094170,21650,22150,21550,22000,141601,3095693025,2.09,419478576000,208601300.0,-87500.0,20250326
013120,2265,2285,2260,2280,20708,47463040,-0.22,207042468000,-13469060.0,513735.0,20250326
109860,8070,8130,8070,8100,5539,44844990,-0.61,73710000000,-419420.0,0.0,20250326
032960,10000,10190,10000,10110,1175,11880090,1.1,40301725530,-30330.0,-20060.0,20250326
023790,1085,1085,1008,1015,74901,76728418,-2.03,21495577635,-2654412.0,-24797322.0,20250326
005290,31350,31750,30550,31350,384153,11997882300,0.48,1611844386900,1280645425.0,845879075.0,20250326
025900,9590,9700,9310,9690,91752,873712185,4.31,489900091650,141164015.0,62108280.0,20250326
131970,28200,28900,27900,28600,118098,3370215125,1.6,552759006800,467385875.0,208615900.0,20250326
073190,3430,3430,2905,3200,897405,2888165671,-3.9,38297728000,191583856.0,-11025630.0,20250326
176750,13480,13660,13080,13500,94874,1269567305,0.0,384145470000,67339390.0,33645540.0,20250326
030350,0,0,0,973,0,0,0.0,13503093562,,,20250326
203650,3130,3180,3125,3140,182421,575035125,0.16,158902067560,214930930.0,,20250326
223250,2815,2850,2775,2805,45763,128830990,0.0,66757103820,5620325.0,0.0,20250326
060570,1682,1728,1671,1698,142975,241693283,0.18,128405430954,16360092.0,-27683348.0,20250326
362990,2025,2080,2015,2015,63984,130613564,-1.23,33853156610,18501460.0,,20250326
016670,3980,4065,3920,4065,17249,68377620,2.14,20088603990,-1035640.0,,20250326
187870,11140,11150,10990,11000,3105,34229240,-1.26,77402699000,-1057240.0,-1920190.0,20250326
489730,1992,1992,1982,1984,7836,15537513,0.1,12562688000,725778.0,13151639.0,20250326
110990,15110,16640,15110,16400,165153,2670950855,8.18,309960000000,663112545.0,170811760.0,20250326
263690,5370,5370,5240,5300,12880,68096615,-1.12,60025733000,336580.0,3000.0,20250326
214680,2270,2340,2125,2160,6984299,15658838181,-7.69,159872948640,-135245685.0,-96750.0,20250326
347850,51500,51500,48600,48850,156056,7690991600,-4.22,523051653850,-1387223050.0,-986449700.0,20250326
263720,19370,19620,19020,19260,56225,1086332065,-0.57,241221349980,177347505.0,66934500.0,20250326
376300,39350,40300,38950,40300,156149,6236179100,3.6,956657761800,1231532975.0,-125197900.0,20250326
109740,4220,4430,4175,4430,13548,57514430,4.85,113897027700,-823320.0,4511720.0,20250326
031860,1285,1287,1223,1236,175918,217420597,-3.81,21224617956,5763896.0,,20250326
196490,0,0,0,203,0,0,0.0,36245520080,,,20250326
066900,2560,2560,2435,2485,35969,88796490,-1.19,56520089955,-38910.0,750225.0,20250326
127120,7200,7720,7090,7700,449216,3339224770,6.06,176750812700,349439510.0,25189350.0,20250326
092070,11200,11220,10810,10850,24843,271653615,-1.18,125554659300,14407850.0,-60756510.0,20250326
039840,16900,17240,16710,17200,37891,649071495,0.88,257686186000,208198365.0,-175920.0,20250326
219550,730,759,683,723,1971227,1420023872,-1.63,90251485572,-80023881.0,,20250326
310870,1525,1539,1498,1509,26654,40252136,0.87,31217091939,-2361631.0,,20250326
104460,14940,15620,14860,15480,77264,1183813185,4.45,165846915000,273589475.0,130238480.0,20250326
079810,5710,5830,5600,5790,55577,317760945,2.66,127542664260,81297005.0,,20250326
113810,1340,1739,1275,1739,7170926,10714569464,29.97,56740180689,-1001465305.0,544944.0,20250326
043360,1975,2050,1930,1974,5991,11721246,-0.05,17766000000,2315618.0,,20250326
197140,2300,2330,2275,2325,4727,10869795,1.09,30255583050,-199885.0,,20250326
068930,7040,7220,7000,7110,9870,69469880,0.0,196771681620,-16646030.0,-848480.0,20250326
033130,1637,1665,1637,1659,38508,63752985,0.67,61574227953,294185.0,6453.0,20250326
105740,7930,8050,7900,7950,66733,532534800,-0.38,80839678350,33860180.0,-135150.0,20250326
263020,3085,3115,3065,3115,26182,81010920,-0.16,45166973565,-27176565.0,2668595.0,20250326
290550,7680,7700,7560,7640,45943,349645165,0.66,152809397200,64346540.0,-21560560.0,20250326
066670,2965,2965,2905,2935,18477,54147419,-1.18,54860779330,1611369.0,5.0,20250326
187220,2885,2930,2875,2880,16346,47280310,-0.52,33690300480,5222700.0,,20250326
383930,6090,6090,5800,5830,183153,1089853265,-4.58,74452084960,184926935.0,-247828020.0,20250326
131180,860,860,846,846,12136,10302796,-0.47,24830100000,265735.0,,20250326
315640,6850,6980,6600,6920,175634,1200512815,1.62,155155174560,96965330.0,38080200.0,20250326
223310,2520,2920,2475,2540,1734546,4755264035,3.67,58012012500,42895952.0,645280.0,20250326
317120,2925,2995,2870,2915,10097,29398995,-1.02,28158900000,464850.0,,20250326
462510,8000,8190,7900,8000,27211,218805205,1.65,69205880000,47054930.0,,20250326
042510,1949,1995,1916,1994,420584,829487418,5.0,111715586774,262258035.0,-273178.0,20250326
232680,8730,8980,8580,8980,93216,820061550,3.34,112557421320,101925120.0,,20250326
418420,2520,2610,2520,2580,35312,91239035,1.57,77679757140,18890550.0,-144480.0,20250326
300120,3860,3965,3840,3895,38330,148929075,0.13,81249746740,29133080.0,45.0,20250326
171120,2460,2500,2440,2485,182329,451291725,1.02,89215873600,-41963714.0,0.0,20250326
388790,2440,2515,2435,2475,52854,130267038,0.61,74036976750,21087698.0,,20250326
347700,7280,7970,7270,7900,277218,2160784050,6.04,304157244300,95255460.0,522063565.0,20250326
214260,14600,16150,14600,15330,90483,1396292880,4.14,136781357790,3531240.0,170.0,20250326
171010,4205,4300,4155,4270,144594,614177308,1.3,61055671040,31439950.0,-4230.0,20250326
084650,2295,2340,2295,2330,352578,818985088,0.87,172979176700,137463931.0,4352805.0,20250326
217500,1685,1700,1582,1680,40357,66761351,0.06,53444160000,3905805.0,,20250326
038390,9860,9860,9640,9670,40879,397168975,-1.93,161690348740,16093615.0,372610.0,20250326
294140,3560,3740,3520,3635,39542,143568397,0.55,76335000000,6699385.0,,20250326
443250,11510,11560,11070,11300,148357,1667024585,-2.25,125602438000,-42443375.0,-15416820.0,20250326
228670,8850,8850,8220,8420,276268,2321427695,-4.97,130619906260,-682493115.0,128517105.0,20250326
228850,6380,6400,6320,6390,4405,28050950,0.16,106016579460,-2440390.0,0.0,20250326
412350,3495,3525,3400,3475,42525,147139825,-0.57,30326227700,9709530.0,30600.0,20250326
199550,9510,9860,9340,9500,668292,6418661765,-0.11,114425514500,-194038915.0,-15050800.0,20250326
281740,15500,16470,15240,16070,355194,5657921510,4.35,1056289906360,401035695.0,418431140.0,20250326
277810,273000,276500,265500,273500,219140,59573034250,1.11,5305861163000,1197190250.0,1214750000.0,20250326
215100,3695,3740,3650,3685,59803,221597147,-0.27,74984052990,59979814.0,3745.0,20250326
090360,23600,23850,23300,23750,39932,944778950,1.06,231562500000,280517325.0,16801300.0,20250326
108490,32950,33200,32100,32950,419776,13715711225,0.0,435187454500,-210098600.0,53925200.0,20250326
900260,682,718,572,585,8601329,5535731046,5.79,21078303480,-3434335.0,,20250326
067730,2885,2945,2770,2945,82200,234092020,2.08,28489700290,-856775.0,,20250326
071280,16790,16890,16330,16680,26439,440163575,1.03,255147338040,41916050.0,-251860.0,20250326
328130,55900,58900,55900,57900,510274,29390255800,4.89,1678824396000,2919594850.0,5554555700.0,20250326
038060,889,909,889,905,30598,27448783,1.23,43533277445,81239.0,,20250326
474170,9060,9240,8860,8970,118314,1064131645,-2.18,159017433120,-107104140.0,23534800.0,20250326
141080,101400,101400,95700,98500,257141,25221537750,-1.6,3606118293000,2009356450.0,514372800.0,20250326
058470,203000,203500,197300,202000,56623,11334547050,0.5,3078958740000,-2431281800.0,615592450.0,20250326
016100,2485,2525,2350,2465,13535,32859630,-1.0,47083703710,382455.0,,20250326
012700,3930,3930,3885,3905,9050,35262159,0.13,103272157175,-2573815.0,23305.0,20250326
302550,3025,3085,3025,3055,66313,202716590,0.16,93599334400,-2929315.0,6130.0,20250326
073570,820,981,751,760,5486435,4778698046,0.66,27504017720,-270640243.0,,20250326
377450,12650,12650,12310,12640,31603,394119980,0.8,219051200000,30217260.0,-73856290.0,20250326
277070,4170,4235,4135,4200,20977,87758850,0.0,57506400000,-4504755.0,,20250326
042500,4245,4245,4185,4215,15952,67108790,0.24,80380614810,-3085690.0,5.0,20250326
193250,443,446,413,430,112363,48180176,4.12,27229052110,1064845.0,-765557.0,20250326
219420,5190,5500,5190,5250,104519,561139945,0.77,60214911750,24021760.0,,20250326
439090,18660,19010,18570,18610,171931,3222047510,0.05,304799418600,-167349200.0,21608440.0,20250326
195500,3415,3455,3300,3395,46534,158006570,-0.59,54245310000,-9297770.0,,20250326
377480,16260,17390,16150,16700,225254,3807503735,2.71,112075670600,296638810.0,-42125650.0,20250326
305090,9510,9540,8800,9350,186121,1699512920,-1.68,155562121000,-80117200.0,-463288810.0,20250326
098120,9870,10080,9600,9800,121028,1190479930,-0.91,81465106800,39088115.0,-1494000.0,20250326
424980,5980,5990,5820,5970,2934,17270600,2.75,35335773300,-826350.0,,20250326
038290,17370,17480,16800,16800,23736,404663700,-3.28,182135520000,-47589505.0,-20.0,20250326
267980,35700,36100,35200,36050,11583,415619425,1.84,282763149900,-59653025.0,301329275.0,20250326
005990,9900,9900,9710,9860,2053,20184910,0.72,135262477440,-372860.0,-22930.0,20250326
093520,10130,10330,9960,10230,29790,303986125,2.71,165348431160,45437205.0,10570.0,20250326
100590,3345,3435,3320,3345,55981,188031190,0.75,52951426935,43024450.0,-19970.0,20250326
067280,32650,32650,32200,32450,849,27475575,0.0,192323978550,-4666325.0,7419800.0,20250326
072870,10470,10530,10420,10460,8561,89427420,-0.1,124693231140,4064170.0,-8569010.0,20250326
215200,40900,40950,39700,40050,22237,890406000,-1.35,431374024350,-5579950.0,-123696000.0,20250326
133750,2075,2090,2050,2070,32273,66557015,-0.24,48452649390,-6084795.0,-3092090.0,20250326
446540,3905,4250,3865,4010,808987,3301932852,1.52,83291710000,143277650.0,-8235.0,20250326
235980,3330,3430,3260,3265,164302,546560785,-2.39,111908270065,-113965100.0,3733845.0,20250326
041920,4955,5110,4945,5020,11705,58533980,0.4,93363079460,-2162635.0,,20250326
014100,2285,2285,2200,2275,72644,162361594,0.0,26845000000,-32207484.0,,20250326
054180,305,310,267,272,3369704,936759125,-10.53,22542892976,-50773494.0,,20250326
086900,131500,132300,129300,132000,17244,2259938650,1.15,963401604000,-235075600.0,608453400.0,20250326
078160,9150,9910,8930,9670,295599,2863356230,5.68,330885980950,406704460.0,247506625.0,20250326
408920,2165,2165,2115,2130,11005,23386115,-0.93,92085129150,741825.0,,20250326
021880,259,268,250,267,205717,53666858,3.09,40633236936,-3874680.0,,20250326
140410,32600,33400,31800,32300,112465,3650125525,-0.46,967815785100,144565050.0,422898200.0,20250326
241770,10180,10400,10010,10270,34397,348616230,0.88,104678412800,-5501240.0,1069380.0,20250326
059210,4590,4635,4450,4485,247305,1107478254,-2.07,107022644235,-115624024.0,9917890.0,20250326
058110,1883,1914,1883,1896,26584,50354937,-0.16,30431804880,1594697.0,1894.0,20250326
434480,4090,4150,4065,4110,68702,281950743,0.49,50361063000,87628197.0,,20250326
080420,2300,2305,2210,2285,13836,31521570,-0.44,182163906270,-169605.0,,20250326
417970,11610,11880,11610,11680,4920,57565210,-0.26,74713456000,-7699280.0,-23760.0,20250326
080160,10870,11280,10660,11160,348230,3823707545,2.86,210924000000,-93261380.0,130250975.0,20250326
087260,1986,2005,1980,1994,49617,98760279,0.0,64910404834,-11249388.0,,20250326
101330,3120,3140,3065,3080,21937,67957305,-0.32,71292849320,-19685830.0,,20250326
012860,1523,1560,1523,1544,115218,178129221,0.59,113072457608,17583294.0,,20250326
363260,1993,2020,1973,1998,205547,407963463,0.25,64263210462,-36535532.0,,20250326
348030,4415,4465,4400,4415,4722,20756945,0.0,42400777000,647285.0,60.0,20250326
250060,2415,2510,2415,2480,174337,431150617,2.69,79784858720,88346690.0,,20250326
288980,989,998,953,985,287414,280318443,-1.2,34038213570,47218118.0,,20250326
142760,1279,1329,1279,1299,105582,137149342,-1.44,49017519489,8611942.0,,20250326
033200,2775,2870,2735,2820,9650,27214150,3.11,40413941700,-2572650.0,60.0,20250326
333050,1267,1269,1254,1265,29488,37160256,-0.24,31135857390,-193174.0,923349.0,20250326
118990,9800,9870,9670,9730,50887,495816990,0.62,241907162700,-42026095.0,86812840.0,20250326
463480,13540,15880,13450,15700,16677072,253321270275,15.95,194528620600,874769545.0,10926000.0,20250326
006920,2995,3005,2930,2930,12351,36672160,-1.18,31995600000,-315390.0,14868465.0,20250326
001810,1437,1462,1433,1454,11124,16085103,1.18,32187925000,-43020.0,,20250326
279600,0,0,0,11300,0,0,0.0,52938025300,,,20250326
095500,8240,8420,8200,8380,90874,753700425,2.44,259863791620,52580540.0,6218925.0,20250326
254490,11920,12150,11910,12000,18124,217986025,0.25,173256000000,32536850.0,,20250326
218150,3885,3950,3860,3880,161485,628477181,-0.51,79213311760,96560262.0,3885.0,20250326
442900,10200,10230,10200,10220,3368,34381830,0.2,78489600000,20450.0,-25535230.0,20250326
100790,4720,4820,4720,4770,81874,389862723,0.42,253404504180,74301715.0,-121884600.0,20250326
446190,0,0,0,2155,0,0,0.0,10667250000,,,20250326
448830,2150,2150,2130,2130,2856,6087875,-0.47,10479600000,-59740.0,0.0,20250326
477380,1999,2005,1999,2000,5731,11466986,0.0,16200000000,-10000.0,9391930.0,20250326
477470,2030,2040,2030,2040,151,307545,0.49,11179200000,,0.0,20250326
478440,2000,2000,1996,2000,56,111913,0.0,13860000000,8.0,7997.0,20250326
482680,1981,1981,1978,1980,5210,10307140,0.05,16265700000,-158257.0,6899264.0,20250326
049950,20500,20900,20400,20550,10731,221020850,0.0,181207516200,38013850.0,-1787850.0,20250326
207760,1003,1017,1000,1001,101342,102072196,-0.1,83162862783,16250233.0,-3210798.0,20250326
059090,9290,9480,9130,9450,165168,1542824900,1.72,315788552100,92221330.0,-13116990.0,20250326
214610,527,547,525,546,516929,278612349,3.61,28122083808,40929289.0,1626390.0,20250326
201490,1734,1753,1715,1743,40763,70892041,0.46,52969930356,-5554262.0,,20250326
475460,9950,10180,9950,10120,43605,438488890,2.12,56540693000,29430115.0,2210130.0,20250326
452200,4240,4390,4235,4370,53359,230037035,3.07,96849251000,52837323.0,165375.0,20250326
418470,13190,13230,13020,13060,35478,464902930,-0.53,111000714340,61366605.0,1435020.0,20250326
206640,14910,15920,14910,15620,518078,8034035135,5.68,366860067200,1500913170.0,-328133720.0,20250326
018700,794,805,783,793,28205,22300012,-0.75,27849967301,350321.0,,20250326
035620,397,397,387,389,79024,30887590,-2.02,28957033575,648521.0,-2250234.0,20250326
053030,17000,17170,16540,16860,238243,4013996620,-0.47,551055409680,-380517170.0,909332100.0,20250326
301300,4375,4510,4320,4505,18804,83237765,2.97,59013855675,9455915.0,,20250326
064550,14690,14800,14520,14640,61470,903205365,0.62,377862660240,-122099915.0,199719970.0,20250326
314930,12760,12870,12500,12720,65967,834996665,-1.4,378599390160,-68850575.0,-20745200.0,20250326
208710,618,618,591,596,347147,208727603,-1.49,39276795744,39726553.0,,20250326
086820,23500,24100,22950,23800,21269,501221200,1.28,194289538800,-19673300.0,1750.0,20250326
038460,3065,3150,3010,3130,56785,175665676,2.79,81894690940,49190268.0,,20250326
251120,13690,13790,13560,13690,8473,115521970,0.0,119044133000,-35975100.0,1023560.0,20250326
199730,6860,7530,6450,6570,821104,5783949350,-3.52,31958891190,-29018765.0,20489190.0,20250326
086040,3090,3095,2910,3035,17026,51218475,-0.33,48433279645,-927815.0,-6010.0,20250326
099430,6940,7250,6820,7160,780549,5474241440,1.99,427922476440,767718175.0,-1742949010.0,20250326
032980,0,0,0,302,0,0,0.0,13522952980,,,20250326
308080,2995,3100,2985,2985,35770,107661635,-1.0,57502263900,6137367.0,,20250326
043150,21450,21950,21250,21800,46297,1004386025,2.35,323822780800,131492425.0,-93511350.0,20250326
323990,8830,9010,8740,8890,68383,607420085,0.0,204409548000,-9051570.0,-469280.0,20250326
267790,4435,4595,4435,4470,6038,27149025,0.79,35261595000,424385.0,0.0,20250326
046310,2250,2280,2225,2260,39128,87814946,0.44,37106128660,4744465.0,1456544.0,20250326
331520,834,870,800,807,563601,471381546,-3.35,41047562730,88909321.0,32622462.0,20250326
199480,6380,7010,4815,4905,17150339,111244207095,-16.01,49548534390,338687380.0,0.0,20250326
438700,3350,3375,3260,3360,48896,162526388,1.51,37446830400,32876757.0,,20250326
066410,0,0,0,1153,0,0,0.0,99670679144,,,20250326
382900,14710,15500,14640,15240,27202,411381930,3.6,133517640000,6284515.0,-228600.0,20250326
206400,1860,1905,1827,1860,225741,423511620,0.65,69768893880,29439799.0,2124068.0,20250326
019010,2055,2080,2045,2075,20942,43316905,0.0,100015000000,-309960.0,-8933445.0,20250326
177350,1079,1091,1001,1037,306936,319113979,-3.8,18535761096,4528195.0,,20250326
457600,3420,3760,3420,3520,210352,752129535,2.18,48250400000,-59489910.0,,20250326
424760,835,845,814,835,35577,29606059,0.0,16420276670,-1021603.0,-6781733.0,20250326
225530,4255,4355,4205,4205,29322,124189672,-1.52,152804347035,-27454787.0,-4210.0,20250326
250000,9850,10160,9820,10160,36515,365447970,3.15,68587447280,75226000.0,-1867830.0,20250326
310210,120100,121300,109200,115300,149664,17073865150,-1.62,2118038747100,1865565750.0,-1584120700.0,20250326
006910,2670,2700,2660,2695,112303,300795720,0.94,132404875680,24826312.0,-1288210.0,20250326
226340,0,0,0,1458,0,0,0.0,61166628360,,,20250326
014470,1874,1915,1857,1886,145540,274204423,0.64,113258562360,45910742.0,,20250326
008470,3545,3545,3495,3535,4049,14268310,-0.42,29710968000,7010.0,0.0,20250326
338220,23000,23000,21850,22200,112242,2505361075,0.45,310784970600,122655000.0,-59717700.0,20250326
100120,23850,24150,23600,24000,15248,364856000,0.63,234000000000,-7217350.0,117270300.0,20250326
406820,13810,13980,13780,13850,8109,112421080,0.07,48946454000,765935.0,,20250326
337930,6390,6440,6320,6390,65595,417321750,1.43,187300785330,131330915.0,-98630945.0,20250326
099390,5450,5450,5360,5370,10693,57623920,-0.92,44078479710,-15932575.0,,20250326
064480,5010,5170,5010,5100,30559,155766255,1.8,60957750000,15994585.0,-10290.0,20250326
288330,7340,7540,7050,7480,709422,5214258935,3.89,384927973320,-654685195.0,397220365.0,20250326
365900,3690,3720,3510,3670,3760,13637590,-1.48,26828801000,-294035.0,140.0,20250326
089970,10880,12270,10855,12120,902814,10694951135,11.4,291796211400,933049810.0,819157140.0,20250326
251630,4240,4350,4225,4290,8485,36273680,1.18,68394980940,-2916400.0,125.0,20250326
018290,32700,33500,32350,33200,332343,10975212775,2.15,1188493832400,1215738450.0,530750950.0,20250326
478560,4135,4195,4070,4165,146653,603991181,0.73,101178491575,14466085.0,-52329810.0,20250326
439580,11480,11480,11010,11110,166158,1859919100,1.28,124101155310,-317123860.0,-55460.0,20250326
033560,3355,3700,3320,3405,144566,502809099,1.19,58225500000,-40012765.0,27143380.0,20250326
369370,1553,1553,1510,1550,2052,3160976,0.91,77301462050,9641.0,,20250326
126340,24300,24300,23700,23900,8579,205384925,0.0,145434320200,51592500.0,-14695950.0,20250326
121800,0,0,0,3320,0,0,0.0,256309348520,,,20250326
082800,6840,6980,6790,6880,149409,1026851885,0.58,344720102080,194783750.0,-32040.0,20250326
318410,7880,7880,7800,7880,4573,35814700,0.0,43775314840,-124990.0,,20250326
419540,1674,1674,1619,1625,109963,179380964,-2.93,37362830375,-26501284.0,32559808.0,20250326
146320,10180,10200,9990,10010,21550,216699730,-0.1,128107209230,60293025.0,-44385830.0,20250326
200780,4280,4525,4280,4385,3196,14025485,2.45,38993103840,-1106260.0,2098575.0,20250326
413640,11210,11550,11100,11420,80572,913017985,1.87,82303254800,225341540.0,45686300.0,20250326
141000,7200,7200,7100,7160,5430,38821630,-0.28,86741323600,2134060.0,,20250326
083650,20050,20200,19210,19280,761943,14875923435,-3.6,596607550000,-1690533920.0,316498510.0,20250326
445360,2115,2115,2115,2115,7,14805,0.24,9115650000,,10575.0,20250326
473370,2005,2020,2000,2015,219,438785,0.25,8483150000,,0.0,20250326
065170,1311,1420,1300,1305,464670,620295967,-0.46,34821347625,-74778866.0,5920455.0,20250326
086670,8540,8940,8500,8940,25351,223904880,5.8,81579055560,3663350.0,85133040.0,20250326
335890,7400,7680,7390,7560,865401,6531609325,3.14,441648585000,349581390.0,-30451745.0,20250326
230980,0,0,0,229,0,0,0.0,21370407553,,,20250326
082920,25300,25650,24900,25200,63839,1607436025,0.0,576379767600,365573175.0,-399820650.0,20250326
054220,354,361,340,354,170635,59482587,0.0,21223390674,-4870441.0,,20250326
042370,7620,7820,7600,7720,54257,418142610,1.45,202264193000,161587575.0,849200.0,20250326
050090,579,579,565,572,60602,34537598,0.53,11316868420,2062830.0,,20250326
148780,955,1010,945,973,44946,43476465,1.88,30596690425,-6165286.0,,20250326
307870,970,970,933,945,218870,207695345,-2.58,48011513130,-14930430.0,,20250326
377030,1770,2140,1770,2080,2572363,5135723183,17.51,77440941760,435485243.0,-6887661.0,20250326
032850,4750,4795,4750,4760,31141,148487799,0.0,79126874680,-11483284.0,5.0,20250326
238200,3135,3185,3090,3150,9070,28701710,0.64,25767000000,-343260.0,,20250326
093190,5240,5260,5210,5230,11743,61340490,-0.19,100619473150,-12418990.0,-34197240.0,20250326
065450,4075,4095,4045,4055,122695,498103693,-0.25,116187104000,-146189901.0,30.0,20250326
044480,455,455,446,451,28231,12699952,0.89,18339341328,-2943836.0,,20250326
069540,910,924,907,911,264132,240749253,0.22,41940234469,-20667214.0,,20250326
072950,4230,4300,4215,4270,13511,57532280,1.18,34384644700,-5033810.0,,20250326
451250,10280,10460,9900,9930,232499,2379828790,-1.97,100192478610,-190303940.0,102900000.0,20250326
143240,15270,15480,15080,15430,10594,162295640,0.72,180673928090,-22208985.0,-10505790.0,20250326
466410,13220,14100,13070,13710,86564,1191604885,4.9,69057585330,289860745.0,84065610.0,20250326
452430,17260,17980,16960,17500,71291,1241404670,1.45,142562367500,185639240.0,-87870.0,20250326
419120,6640,7050,6620,6740,31195,211830285,1.05,52398957240,-26124135.0,,20250326
122350,1178,1186,1172,1182,17416,20535393,0.34,45317203896,1250326.0,,20250326
419050,1658,1713,1640,1677,163512,274492943,1.08,95918094480,2348317.0,,20250326
014970,2775,2775,2745,2760,8019,22073320,-1.25,41745000000,193470.0,,20250326
018310,20000,20250,19990,20000,7898,158678950,0.0,294000000000,36911750.0,47976400.0,20250326
053700,4405,4505,4365,4470,177857,794934295,1.13,102261039300,116659789.0,43227277.0,20250326
009620,2075,2085,1969,2025,111403,225748461,0.5,33181834275,37330784.0,,20250326
023600,8190,8230,8120,8180,6891,56090040,-0.37,132270600000,-6527570.0,-16289150.0,20250326
439250,10560,10570,10560,10560,2696,28490215,0.0,36981120000,-3379200.0,5871360.0,20250326
448740,10290,10310,10290,10310,1687,17383170,0.0,48085840000,0.0,-6327030.0,20250326
468510,2115,2120,2080,2080,53343,111912485,-1.65,22984000000,-35781115.0,-4207410.0,20250326
009300,16090,16110,15910,16080,10042,160535660,0.0,102429600000,-21108360.0,-16000.0,20250326
482630,17180,17350,16600,17000,110501,1866964510,-0.99,184724380000,298131425.0,1518150.0,20250326
361670,4630,4630,4450,4535,4544,20354020,0.22,25702829030,-1090285.0,,20250326
054540,4700,4740,4600,4700,109783,512266476,0.75,61100000000,-63121560.0,1004395.0,20250326
065570,0,0,0,764,0,0,0.0,12295692232,,,20250326
032280,1944,1974,1882,1902,66021,126099719,-2.96,30838248180,1700877.0,-78372.0,20250326
002290,3735,3735,3680,3705,41325,153089840,-0.8,45942000000,19206355.0,1341000.0,20250326
037460,9570,9670,9400,9510,44687,424153770,-0.63,155189144220,24656820.0,-90268190.0,20250326
032750,4175,4260,4165,4260,23661,99718789,2.04,38472579720,17922850.0,0.0,20250326
054090,710,715,706,715,26901,19169763,0.7,17845850880,-1551762.0,,20250326
000250,185700,191200,178900,182600,253349,46347187850,-1.35,4283334387200,-8441176650.0,-1528834400.0,20250326
024950,4105,4125,4055,4065,21100,86023937,-0.61,53957090505,2073545.0,-5810958.0,20250326
038500,3045,3070,3035,3045,73042,222709401,-0.33,328605151770,-42558912.0,242520.0,20250326
437730,10420,10750,10380,10580,257669,2726288105,1.24,335466058860,208911965.0,,20250326
017480,4355,4470,4355,4425,7766,34368208,1.61,69485288250,-1514850.0,15.0,20250326
046390,1175,1188,1173,1177,37648,44351553,0.17,50814542141,3665561.0,-5.0,20250326
027580,1159,1187,1158,1175,420811,493266691,1.12,69538002825,120531764.0,,20250326
038540,1840,1934,1777,1841,345450,641457185,-0.49,101859424233,-20782587.0,-8779826.0,20250326
452670,2005,2005,2000,2005,2114,4238370,0.0,10466100000,24060.0,,20250326
091580,8400,8530,8300,8330,46710,392295300,-0.6,111024064270,40361600.0,-3406170.0,20250326
263810,2890,2910,2835,2910,21466,61576805,1.22,41452129380,2431335.0,,20250326
089980,15130,15660,15080,15560,44297,685164325,2.57,248789415720,79811630.0,156520150.0,20250326
042940,3635,3680,3575,3590,2499,9053505,-2.45,14294712260,23315.0,,20250326
042600,8880,9130,8870,9080,8200,74088450,1.57,112806051920,19644000.0,-8910.0,20250326
107600,16150,16400,16080,16190,5010,81002095,-0.67,80651213550,14620420.0,242820.0,20250326
411080,7800,8120,7800,7900,115175,918130775,1.28,120464240200,136210355.0,10432740.0,20250326
252990,4845,4890,4755,4870,103585,500132030,1.04,284349866810,-22059110.0,-3705085.0,20250326
378800,3210,3245,3095,3245,399256,1262116541,3.18,97814135595,-47602363.0,,20250326
294630,2915,2955,2890,2905,90626,264095640,0.0,69660328395,46520999.0,,20250326
038070,6490,7150,6490,7150,165819,1178219765,9.83,63639833400,-188500825.0,-6500.0,20250326
006730,5750,5760,5600,5740,105106,598344530,1.23,378420538020,40442100.0,129782970.0,20250326
079650,1200,1200,1165,1178,18717,22119554,-1.83,23560000000,80570.0,,20250326
100660,3565,3580,3520,3525,25634,90827145,-1.12,44415000000,-5606900.0,50.0,20250326
019770,3800,3800,3630,3730,12131,45196715,-0.8,43454500000,146940.0,50.0,20250326
043710,560,565,556,563,10069,5669836,0.18,48734693130,-423951.0,,20250326
092190,3415,3425,3395,3420,3880,13221680,-0.15,156869869860,-2927960.0,10.0,20250326
046890,6680,6780,6640,6740,97503,656473490,1.81,392978396000,50401255.0,156938485.0,20250326
063170,6550,6620,6540,6620,19580,128944715,1.07,117665647540,-1916770.0,4830.0,20250326
027040,208,219,206,210,528345,111039115,-1.87,14613657870,1085015.0,127554.0,20250326
018680,3250,3295,3245,3265,3139,10215715,0.62,38067676535,-208165.0,,20250326
093920,5290,5290,5180,5250,7318,38126440,0.96,97650000000,-248810.0,-3393810.0,20250326
189860,3875,3955,3870,3940,18921,74292260,1.81,38213193200,18431557.0,45.0,20250326
178320,22250,22450,21900,22350,114353,2534519750,1.36,1257141771900,-54721650.0,417777175.0,20250326
122690,1822,1857,1822,1854,6284,11577785,1.31,40499536140,20273.0,,20250326
140070,2565,2595,2475,2580,65662,168304580,0.0,95429040000,69822560.0,,20250326
011370,782,820,782,788,118631,94791903,1.55,79505153620,-4115858.0,,20250326
065710,23250,23450,22850,23150,10989,254363875,-0.43,119222500000,8057475.0,-614050.0,20250326
035890,1531,1548,1528,1532,553327,851846690,2.27,352066556124,61304167.0,459643331.0,20250326
357550,47600,49200,47350,49000,6202,300506800,3.05,267295000000,44159100.0,-58600.0,20250326
003100,16220,16240,16060,16230,4872,78692420,0.0,107118000000,-21222230.0,-427630.0,20250326
067370,6440,6570,6360,6540,7067,45595640,1.55,80530649700,-621990.0,2737580.0,20250326
217620,0,0,0,3810,0,0,0.0,26803681470,,,20250326
171090,43800,44400,43050,43600,27178,1184575575,-0.46,415813418000,-76606275.0,-71065550.0,20250326
086710,11320,11550,11170,11350,121207,1375149060,1.16,138507228000,-177540945.0,20.0,20250326
014620,24500,25100,23950,24900,347564,8557622100,1.43,695420820300,790402850.0,-638955450.0,20250326
037350,4065,4095,4050,4090,20601,83832152,0.62,63272300000,-10862693.0,,20250326
458650,18590,20500,18350,19810,1635670,32355739215,7.14,298054722700,1117035305.0,719679125.0,20250326
081580,2290,2360,2290,2325,10208,23643090,0.22,36056432475,3965490.0,,20250326
045300,2840,2840,2755,2790,14312,39944030,-0.36,28322916570,-20665.0,573565.0,20250326
015750,6450,6600,6140,6210,2738455,17546025675,-0.16,496800000000,-948444925.0,1118629515.0,20250326
365340,35550,35700,34450,34600,53418,1868532875,-1.7,420320800000,403928725.0,179559350.0,20250326
080470,3475,3540,3460,3475,5186,18027580,0.0,25367500000,161920.0,265420.0,20250326
043260,1064,1075,1060,1069,65038,69543503,0.0,65211340041,-5115847.0,,20250326
148150,7690,7820,7500,7530,259129,1961979810,-2.59,270029030370,104690610.0,-641645395.0,20250326
188260,2570,2685,2525,2605,15521,40113945,1.36,18830164350,-2851745.0,0.0,20250326
053060,1005,1010,993,1005,41885,41909949,-0.2,17745706095,962781.0,,20250326
340440,1313,1336,1290,1290,19960,26389874,-2.35,36608089560,-26712.0,,20250326
017510,5380,5570,5380,5480,227328,1248838195,2.43,83548080000,-64013375.0,14815160.0,20250326
011560,10370,10370,10160,10160,40687,416760440,-2.12,106984800000,-49198690.0,0.0,20250326
396300,2180,2310,2165,2225,181731,406972290,2.06,58939137500,-23977765.0,5963540.0,20250326
100700,2370,2395,2360,2390,103811,246948241,0.84,104682000000,-2055096.0,-15510.0,20250326
024830,7870,8220,7700,7900,44618,355067600,0.38,65965000000,67208480.0,,20250326
258830,0,0,0,412,0,0,0.0,22983976612,,,20250326
036630,0,0,0,425,0,0,0.0,85000000000,,,20250326
039310,1595,1722,1500,1545,62711,102608692,-3.13,27997975515,16774149.0,,20250326
067770,2275,2430,2210,2430,24162,56840719,8.72,20403720990,-222521.0,,20250326
053450,6220,6350,6170,6270,106333,667584320,1.79,92750874810,2146955.0,,20250326
222810,0,0,0,5400,0,0,0.0,81712098000,,,20250326
252500,816,823,807,816,149931,122224406,0.0,33852894240,-3370587.0,,20250326
321370,1296,1296,1251,1291,391122,496985874,0.7,53855295323,-50331344.0,,20250326
347000,2200,2290,2180,2230,41643,93675917,1.36,73601096480,-13317440.0,,20250326
331920,3000,3020,2970,2970,12215,36424455,-0.67,24247519560,-16379080.0,,20250326
471820,4560,4720,4550,4600,14922,68894861,0.0,53562763400,17126525.0,,20250326
049180,1209,1226,1145,1188,530818,622742741,-0.83,61200896328,-113538630.0,1169.0,20250326
299660,3710,3870,3630,3680,370016,1395943458,-0.94,77658955360,236950538.0,,20250326
108860,12450,12730,12280,12660,146059,1836721250,2.18,340741241400,20369890.0,211458520.0,20250326
208370,4390,4430,4320,4360,176304,768723869,0.81,112228859040,40707891.0,4390.0,20250326
318160,4315,4385,4205,4325,22217,95392030,0.23,40053396825,696655.0,19398480.0,20250326
308430,18450,20950,18210,20300,720660,14394207195,10.03,259860482700,699049385.0,401476015.0,20250326
068760,53100,53100,52400,52500,43852,2310717200,-0.19,2184188317500,-677714050.0,640662700.0,20250326
068940,0,0,0,778,0,0,0.0,29766744466,,,20250326
060230,735,745,692,700,870511,615565909,-4.76,38499682900,-84331043.0,,20250326
290690,4240,4850,4240,4360,6324269,29234231072,2.83,211454519480,1245631262.0,,20250326
950200,3640,3640,3550,3615,13369,47769730,0.42,69538331595,-4891865.0,65610.0,20250326
032680,332,339,320,322,1307352,426481684,-3.88,34000226008,-56311057.0,,20250326
032685,7000,7050,6950,6960,1224,8614830,0.43,2485708320,-21150.0,,20250326
258790,875,952,851,949,101759,92115749,7.47,23716728516,-1254725.0,,20250326
066910,530,569,509,515,10332571,5536647540,-26.43,17398893385,-31279254.0,-1063744432.0,20250326
035610,3825,3830,3615,3720,217398,802420397,-2.62,101727108840,179583445.0,55385.0,20250326
357780,201000,204500,200500,202500,8993,1824417500,0.75,1575159615000,-206167750.0,543692250.0,20250326
036830,31300,31900,31050,31750,23178,730789350,1.76,665608778000,127378900.0,117134200.0,20250326
304100,21500,23550,21300,22800,401346,9103273750,6.54,276576950400,99050050.0,19845250.0,20250326
328380,889,977,860,884,370477,337033019,-0.67,30288295752,-21423430.0,8009389.0,20250326
086980,3110,3150,3100,3120,197811,618352095,0.32,195430560000,-34789965.0,-46649610.0,20250326
050960,13000,16960,12710,16910,384963,5733682585,29.58,114159410000,-722476165.0,-1209150.0,20250326
084180,4840,4935,4600,4920,142102,677483840,0.0,88299294120,88476330.0,933275.0,20250326
253840,5540,5670,5540,5620,105796,595301030,1.44,94096784000,212794975.0,-5570.0,20250326
298830,5130,5190,5010,5040,560578,2870394655,0.4,265200067440,-372731200.0,,20250326
236200,27750,27900,27450,27700,26144,723838600,-0.36,199253662100,224481875.0,-39885650.0,20250326
094840,6090,6700,6090,6700,156335,1028289050,9.66,70161328000,-89381930.0,,20250326
192440,23400,23700,23250,23250,2174,50770650,-0.64,144530439750,-7583950.0,23600.0,20250326
424960,12300,12640,12180,12500,245236,3033040325,1.46,195966750000,39955080.0,-180.0,20250326
099440,3135,3170,3105,3150,198574,623567546,0.16,126766691100,59201003.0,56645.0,20250326
276040,4575,4660,4315,4400,85990,382489461,-4.03,55239685600,-67679412.0,,20250326
159910,958,958,900,915,74788,68059033,1.67,33315239670,-3623785.0,,20250326
060240,3650,3870,3335,3360,224095,799502599,-5.35,10857564480,2754045.0,,20250326
115570,2705,2780,2275,2275,173407,440330640,-15.9,18164755700,3276360.0,1946840.0,20250326
330730,3870,3900,3830,3855,39192,151022895,-0.77,69971449650,-7945528.0,7835.0,20250326
352090,3345,3420,3325,3325,57342,193145875,-0.45,89352718350,53098270.0,,20250326
253450,48850,49000,47300,47600,47074,2253208475,-1.65,1430784504800,-422178550.0,-34864900.0,20250326
408900,3275,3400,3210,3300,960587,3177953872,0.92,107930242200,-48503507.0,,20250326
204630,0,0,0,4650,0,0,0.0,23668225650,,,20250326
415380,7930,7980,7840,7950,3386,26725530,0.25,33592709100,-270920.0,,20250326
013810,3405,3430,3360,3385,52796,178523184,0.45,49608765950,-3447645.0,0.0,20250326
049830,7450,7530,7440,7460,2438,18209450,-1.45,45745555520,-319080.0,90.0,20250326
020710,3655,3800,3645,3780,203856,756452841,2.3,75781326600,123803198.0,-1827140.0,20250326
033170,758,778,749,768,172141,131996771,0.92,65839348992,14111296.0,,20250326
048870,2670,2725,2645,2705,278042,745273995,1.31,223766112635,178446730.0,8145.0,20250326
025320,8030,8060,7250,7440,2284775,17469700675,-6.77,654657280800,99696965.0,213948770.0,20250326
269620,0,0,0,889,0,0,0.0,132090012299,,,20250326
056090,922,937,909,911,92591,84834957,-2.04,94068981796,-19970337.0,5501.0,20250326
429270,4265,4330,4195,4270,9893,41773962,0.12,19241687500,-1185982.0,,20250326
418250,0,0,0,6550,0,0,0.0,52279100100,,,20250326
131090,833,834,820,832,68765,56689775,-0.12,33280000000,91485.0,11390136.0,20250326
232830,2250,2310,2215,2305,34952,79480671,2.44,26985722960,43670350.0,,20250326
290520,1940,2000,1890,1954,10800,21010254,0.57,31125973348,-359070.0,,20250326
001000,1146,1255,1002,1082,2859893,3233012708,0.0,26268298280,8241337.0,66672.0,20250326
025870,5880,6240,5750,6200,26915,163870805,5.44,24800000000,-4456075.0,,20250326
215600,2290,2310,2270,2290,352548,805791142,-0.65,314570716250,-82934958.0,-614220.0,20250326
065350,63800,66600,63400,64100,145463,9431225850,0.63,1761721066800,782494650.0,1065073550.0,20250326
416180,31200,33600,31000,31550,77794,2485091425,0.8,285204995900,52202225.0,3457700.0,20250326
162300,2390,2450,2340,2440,63070,151437085,1.67,101190172080,206935.0,,20250326
290560,6250,6550,6250,6460,10187,65531570,3.36,25051699120,-933600.0,30697750.0,20250326
002800,5170,5290,5150,5240,81599,427198490,1.16,79493420000,26297490.0,,20250326
472220,2105,2105,2100,2105,2356,4959300,-0.24,9872450000,,,20250326
430220,0,0,0,2110,0,0,0.0,14263600000,,,20250326
445970,2180,2180,2165,2175,572,1241070,-0.46,11658000000,0.0,0.0,20250326
017000,2835,2835,2780,2790,22337,62717925,-1.59,32553795330,1831300.0,14220.0,20250326
012790,6500,6510,6450,6470,17871,115775130,-0.61,77552105050,-54906860.0,9513240.0,20250326
138070,2495,2560,2365,2370,359439,886486062,-3.85,41482593480,49359721.0,30.0,20250326
226330,7400,8180,7400,7620,1174742,9264563625,3.67,116269579500,260759735.0,21037460.0,20250326
418210,2110,2115,2110,2110,196158,414176675,0.0,7722600000,,-42331935.0,20250326
452980,1995,1999,1995,1999,2533,5058552,0.05,37791095000,79960.0,0.0,20250326
474660,2050,2065,2045,2055,5024,10299205,0.0,11343600000,20500.0,10250000.0,20250326
474930,2135,2150,2125,2145,13,27760,-0.23,7764900000,,0.0,20250326
487360,1995,1998,1995,1996,5357,10687680,0.05,11257440000,6008.0,9775500.0,20250326
487830,2010,2010,2005,2010,251,504340,0.0,8743500000,,,20250326
056700,1573,1581,1557,1578,8278,13012123,0.32,45975173598,-1489141.0,,20250326
187270,3280,3380,3215,3325,136369,452264445,2.62,33728284625,7265367.0,-3285.0,20250326
243840,4830,4990,4800,4935,90201,442137230,1.75,192065437725,134455040.0,55075.0,20250326
257720,27050,27500,26900,27350,338153,9199191100,1.11,1673051683800,705997700.0,446639100.0,20250326
222800,21250,22000,20900,21750,413532,8934972775,1.4,692827610250,648509400.0,-494301725.0,20250326
036710,1544,1544,1473,1518,88329,131617557,-0.33,73961937522,-5809293.0,,20250326
444530,13950,14040,13030,13110,866370,11700521930,-7.02,80435710170,138242280.0,,20250326
160980,11030,11170,10840,11030,33734,372381850,0.0,120494400290,11880780.0,-6493760.0,20250326
356890,4170,4260,4105,4255,130578,547149540,1.92,50863525375,65145380.0,999600.0,20250326
217330,4065,4145,3900,3955,52366,210995110,-3.89,91477358385,-9986665.0,18490.0,20250326
208640,273,285,269,269,241842,65727272,-1.47,37455628326,-19095809.0,861309.0,20250326
222420,850,895,835,858,114759,99255741,0.94,39004878198,-2619706.0,,20250326
037760,1473,1489,1472,1488,5533,8180790,1.02,50343386448,-6576.0,,20250326
099320,47550,48400,46900,47700,72649,3453630425,-0.21,522375960600,301492500.0,-576728350.0,20250326
049960,13120,13300,13030,13030,7635,100439145,-0.91,122482000000,-11225930.0,-9919140.0,20250326
088280,2665,2670,2625,2625,5467,14413019,-0.94,45429536250,-462935.0,,20250326
050890,7260,7330,7130,7180,853559,6146480160,-0.28,438663758580,-759517610.0,-81345145.0,20250326
394800,6120,6300,6030,6260,2935961,18259155285,3.3,198576834140,147245155.0,359519620.0,20250326
177900,9750,10170,9420,9880,2308873,22834842000,1.86,93334384000,66947845.0,-71529300.0,20250326
475400,24900,25450,24450,25200,215537,5381354300,1.82,292532436000,685088650.0,-601921800.0,20250326
109670,6800,6890,6710,6890,8889,60468470,1.32,40214187780,14381010.0,,20250326
066790,1195,1415,1195,1310,11084252,14780850462,9.62,85349171090,252424843.0,,20250326
222080,8020,8100,7890,7900,289950,2310559790,-0.5,611237528100,165681145.0,269313445.0,20250326
352480,43750,43900,42000,42200,97899,4213385600,-1.52,422588310200,-1101533750.0,234726900.0,20250326
264660,13300,13610,13210,13540,57248,770986535,1.5,130361711840,150023625.0,,20250326
352700,2590,2605,2565,2590,15089,39045603,0.39,70647168410,304583.0,2137320.0,20250326
458870,14010,14460,14000,14090,43187,612666285,0.71,177405499200,16168890.0,16262170.0,20250326
297090,4930,5000,4870,4900,55282,271361327,-0.91,133623000000,49675516.0,-14252772.0,20250326
900120,53,54,53,54,986189,52647261,1.89,16231203630,-10447943.0,,20250326
359090,1080,1080,1060,1068,89628,95427367,-0.19,60583251588,-36100328.0,,20250326
115530,316,339,311,321,170551,54672700,1.58,21816123000,-2308252.0,,20250326
115480,595,600,588,598,40191,23848036,-0.33,36253485684,269844.0,,20250326
340810,3200,3230,3120,3225,67097,215012927,0.78,34178108175,10175275.0,8130.0,20250326
376290,3170,3295,3140,3140,5869,18699415,-2.18,55444550000,-852275.0,294995.0,20250326
189330,6720,6720,6470,6550,12035,78748150,-0.76,39904460200,-10247230.0,,20250326
096530,24900,25750,24750,25600,304398,7733963425,3.64,1336985446400,3092914225.0,764733125.0,20250326
101240,4495,4520,4400,4440,102155,455824033,-1.99,45913804680,-27562149.0,,20250326
060590,7150,7150,6920,6990,26678,186590230,-1.41,169025329800,-50754480.0,-14400.0,20250326
260930,4055,4185,4055,4120,45739,189070524,-0.36,79687354920,20098121.0,40390255.0,20250326
413630,1530,1548,1492,1500,51930,78430383,0.54,57297031500,-4226042.0,,20250326
013990,5250,5570,5160,5490,389355,2093119050,3.78,180552572640,-399987020.0,2756640.0,20250326
123860,20150,20350,19940,20000,30257,608106810,-0.74,242468300000,204324110.0,71851700.0,20250326
025980,5640,5730,5510,5700,321997,1803622230,1.97,505188024600,-254325520.0,193332550.0,20250326
125210,5980,6040,5870,5940,44192,262917680,-0.67,97990932600,6024400.0,-5930.0,20250326
357580,5940,6040,5850,6000,22257,131627170,1.18,67321584000,33013280.0,-1447950.0,20250326
052710,6590,6760,6490,6630,80839,536264860,1.84,96898172670,-63942510.0,20294035.0,20250326
074430,920,931,915,925,39578,36466447,0.54,81239830700,1806917.0,,20250326
092040,3600,3800,3550,3790,453472,1675584837,5.87,208519535130,169220108.0,113773490.0,20250326
083930,15450,15660,15270,15550,65146,1011440690,0.32,231894008900,161554100.0,53590.0,20250326
149950,8600,8640,8510,8630,1378,11834665,0.47,134692725000,-2516285.0,34520.0,20250326
036010,5570,5760,5470,5620,42247,237398390,0.0,74706289080,27973340.0,150.0,20250326
050860,1950,1960,1934,1940,21233,41180259,0.1,43650000000,146886.0,-6232717.0,20250326
136410,8490,8660,8360,8400,16118,136384885,-0.24,92560490400,1436640.0,5079500.0,20250326
246720,5050,5170,4990,5160,3514,17824690,1.38,70007268000,-6060.0,,20250326
450950,8870,8870,8370,8650,137404,1177461035,0.0,316803153300,-312781105.0,-19899150.0,20250326
067390,749,749,724,730,267947,195959427,-2.54,262915032670,-43629023.0,,20250326
159010,5080,5290,5070,5080,36853,188594380,0.0,67740474120,32996350.0,62130.0,20250326
127710,1204,1220,1166,1214,6267,7516111,0.75,42373555548,-263466.0,,20250326
154030,1860,1985,1835,1855,240688,454376090,2.66,22374763285,7566310.0,-1953000.0,20250326
227610,859,939,858,859,70758,62990297,0.12,30566266873,2023718.0,,20250326
143160,16140,16960,16100,16720,52208,861567520,3.4,179178040800,149669700.0,236598200.0,20250326
054800,9030,9030,8940,8940,38337,344195870,-1.0,92508938640,-55052040.0,,20250326
332370,4910,4910,4700,4735,29591,141821175,-3.56,62851092610,-37163105.0,1018040.0,20250326
339950,1935,1977,1924,1977,110094,214576026,2.12,88859536935,-10267090.0,10689158.0,20250326
469750,1001,1010,1001,1006,76703,77276349,0.8,34140099886,7473958.0,,20250326
460470,4635,4730,4590,4645,54760,254603195,0.22,70066898650,55006380.0,,20250326
099190,16150,16230,16000,16120,52374,843239915,2.74,445577320760,111693745.0,157604770.0,20250326
461300,13100,13610,13000,13470,57604,770564680,2.43,176967957510,13386220.0,261879730.0,20250326
289010,2070,2080,2010,2070,20387,42102943,0.0,26628556590,-1292685.0,,20250326
214430,55200,55500,54000,55200,46457,2542175000,0.0,392293152000,717204200.0,43946150.0,20250326
040910,4570,4620,4345,4495,143384,637813792,-1.64,83491366125,46839922.0,,20250326
368600,3270,3320,3110,3110,247626,786287940,-3.72,54544256060,6734820.0,-236460.0,20250326
456010,12180,13310,12170,12960,1228782,15796007220,4.43,172068053760,944435895.0,0.0,20250326
052860,1749,2045,1716,2020,89796,171189144,15.49,36082965080,-9636641.0,,20250326
464500,3740,3795,3655,3655,164499,609934433,-2.27,51035726265,59754680.0,,20250326
212710,11920,12240,11430,12030,291104,3464397905,1.35,109466720340,553134230.0,-234942070.0,20250326
038880,240,245,238,240,533285,128517608,-0.41,90173082000,4045453.0,-18706.0,20250326
307180,2860,2900,2800,2840,52254,148339950,-0.7,76801631520,-4216625.0,-3941810.0,20250326
101390,929,974,865,867,1173163,1081697434,-6.67,11255258748,-13035302.0,,20250326
461030,11500,11630,10930,11100,413050,4669538005,-2.72,155597025000,130010940.0,5124595.0,20250326
451220,10640,12570,10620,11430,3703463,44263784480,6.62,90006803730,504902520.0,-48289805.0,20250326
090150,815,815,796,808,115248,92247475,0.12,33835236744,709126.0,,20250326
123010,1326,1328,1286,1307,281953,367986857,-0.23,42684714394,34085510.0,0.0,20250326
031310,1664,1670,1621,1635,21281,35183444,0.86,41422129860,-186024.0,,20250326
462980,3345,3345,3280,3305,54723,180759455,-0.3,60264814285,-26380453.0,-3499520.0,20250326
185490,2550,2580,2495,2510,12431,31248549,0.0,67844757840,-1282104.0,,20250326
059100,5090,5140,5080,5100,7547,38574440,0.2,36061386000,45520.0,,20250326
262840,2250,2345,2205,2295,21583,48471825,2.0,44270550000,-2142365.0,,20250326
175250,1672,1701,1634,1650,80710,133491402,-1.32,61971307200,4801235.0,,20250326
052460,2225,2270,2210,2265,31235,70076715,1.8,33086975040,17183855.0,,20250326
119830,6010,6090,5940,6000,46362,278083770,-0.66,128605782000,-10270110.0,0.0,20250326
052770,833,860,775,806,810365,651370412,-8.62,42219332636,-61575036.0,-29017563.0,20250326
124500,6030,6300,6030,6210,68644,420374140,1.97,144100112670,34369995.0,,20250326
010280,765,789,751,760,157997,120822589,-0.52,49494077360,-799389.0,,20250326
372800,4400,4450,4270,4390,8765,37795005,-0.23,26458486100,-172767.0,,20250326
084850,12180,12280,11950,12040,19697,237631370,-0.99,273102525360,-87576090.0,41263090.0,20250326
114840,20700,20850,20100,20500,84195,1717007650,0.24,355057950000,-77534250.0,-157337450.0,20250326
027360,2145,2175,2140,2140,279846,602505935,-0.23,258823168840,131690628.0,-1846265.0,20250326
032080,1269,1309,1226,1305,25432,32525008,2.84,28045792845,2735152.0,,20250326
013310,3025,3145,2990,2990,920207,2801506977,0.17,116031680180,254560827.0,11985.0,20250326
059120,7310,7480,7260,7440,14151,104229040,1.64,72529554240,-1416380.0,10.0,20250326
203690,0,0,0,4425,0,0,0.0,69648384900,,,20250326
158430,5630,6160,5540,5550,2784866,16286244005,-1.07,137633623050,-758689165.0,165532705.0,20250326
200350,14050,14270,13560,13750,249731,3462533500,-3.17,137445343750,-247904545.0,-1355820.0,20250326
321820,11310,11480,10670,10800,167205,1845659640,-4.51,168386860800,321582125.0,561600.0,20250326
001540,6590,6650,6570,6580,5581,36862370,-0.15,85819123600,-953680.0,-1562460.0,20250326
053800,82000,83300,79500,80500,125630,10270553950,-0.86,895683733000,2333419250.0,764457700.0,20250326
065660,20100,20600,19290,20000,23044,454944230,-1.48,200122000000,109634330.0,55208060.0,20250326
297570,669,672,641,652,81081,53406309,-2.54,22573034136,-4455102.0,,20250326
260660,4870,5000,4750,4780,622894,3044907825,-1.65,73263160380,145311719.0,-1179560.0,20250326
354320,27300,28400,27300,27850,32698,913583225,1.09,177999960850,137111225.0,-1949500.0,20250326
361570,2630,2630,2555,2595,13069,33775075,-0.38,74588840145,-17160555.0,-12960.0,20250326
131370,2715,2790,2705,2745,103019,282363145,1.1,146218142835,-11425880.0,-226010.0,20250326
140670,14540,15100,14430,14850,107899,1595922845,1.71,138151629000,307836560.0,11994090.0,20250326
096610,0,0,0,2965,0,0,0.0,51550708615,,,20250326
061040,3110,3140,3080,3140,27569,85872650,1.62,100760273260,-11424265.0,45.0,20250326
148250,9470,9470,7790,7830,221990,1891911380,-15.63,60129451440,-172544590.0,-209560.0,20250326
347860,1488,1550,1483,1493,384722,579895160,-0.47,57795464773,48758377.0,,20250326
196170,362000,366500,349500,362000,460857,164908067750,0.0,19301415736000,6700653750.0,11604425750.0,20250326
123750,1420,1625,1420,1446,177280,268152102,1.83,18431145462,684919.0,,20250326
085810,663,663,628,632,762567,487461988,-1.86,31211966536,-40382575.0,,20250326
043100,1254,1286,1250,1268,24203,30483899,1.12,21027202156,-1010486.0,,20250326
117670,1155,1172,1133,1133,85621,97784454,-1.9,69560173573,-4345389.0,,20250326
314140,6030,6030,5660,5790,96286,563282555,-4.3,50178230190,-245445.0,,20250326
291650,944,951,926,932,84627,79311440,-1.27,27289194864,-3279470.0,,20250326
293780,7030,7120,6900,7040,45029,314611105,0.14,189244774400,-47636425.0,-7030.0,20250326
196300,9000,9170,8750,9050,81624,725485000,0.0,54330652350,54242130.0,17328910.0,20250326
310200,3125,3140,3075,3090,133967,416340317,-1.12,140659825110,-18946705.0,46901580.0,20250326
179530,1450,1450,1419,1447,33005,47415916,2.19,16437260168,4433414.0,,20250326
900100,1151,1178,1120,1120,279012,322133139,-4.03,49434511840,-11519720.0,,20250326
052790,6300,6470,6300,6460,15082,96360350,1.89,73195921480,12606920.0,,20250326
290740,5650,6120,5650,5820,2653,15296190,1.93,58578364020,-2901960.0,,20250326
238090,2200,2235,2035,2045,172890,365418003,-6.83,48141964635,12971368.0,,20250326
092600,657,657,605,605,40735,25397219,-4.12,15175527785,-840923.0,,20250326
129890,926,931,923,926,21964,20328469,0.0,46895797660,-926099.0,-934.0,20250326
174900,8000,8050,7530,7770,353277,2742036785,-3.72,136669210650,362722675.0,-38266240.0,20250326
270520,1045,1045,1010,1020,335167,341695390,0.2,161966601720,63382875.0,-341700.0,20250326
255440,7120,7310,7070,7300,10179,73018120,3.25,95323400000,1554490.0,8470280.0,20250326
030960,9470,9580,9340,9570,108559,1024367285,0.84,152928600000,14284730.0,9390.0,20250326
102120,11950,12200,11580,11830,309463,3691272860,-1.25,210346307990,77989900.0,23985045.0,20250326
238120,2985,2985,2930,2930,15274,44879075,-1.84,42130165280,-15718070.0,,20250326
019990,5670,6080,5640,5690,68595,398668430,0.71,55512140720,-28112330.0,-5630.0,20250326
435570,6780,6890,6500,6620,62310,413339610,-2.36,46470771480,8194410.0,7020120.0,20250326
270660,15130,15330,14980,15310,25299,384015565,1.19,187727270020,10204160.0,14640500.0,20250326
038680,3960,4060,3960,4005,38661,154901865,-0.25,78296456385,18937080.0,-368440.0,20250326
217480,0,0,0,499,0,0,0.0,54756837359,,,20250326
121890,1619,1619,1602,1602,26806,42976258,-1.11,21292896492,-1134405.0,,20250326
304360,26200,26250,24800,25350,131922,3341826825,-2.31,297755928600,-168871950.0,7201675.0,20250326
389500,21000,21400,20500,21150,18091,380253025,0.95,130599219600,11542625.0,11112550.0,20250326
042110,1440,1452,1434,1446,43204,62258212,0.0,69884549544,-4293478.0,,20250326
298060,1389,1389,1220,1222,823392,1050013052,-14.0,25010977056,-122763419.0,,20250326
065420,250,252,243,246,281899,69357597,-1.6,17608015554,-12712533.0,,20250326
103230,3115,3160,3095,3155,5344,16697800,2.6,22716000000,1537035.0,,20250326
260970,71400,71500,67700,70400,29614,2048450200,-1.4,203649881600,-26779350.0,-207012300.0,20250326
101490,34150,35150,34000,34400,141244,4882054250,0.73,737929776800,642641950.0,-822162750.0,20250326
095910,1371,1430,1360,1430,43984,61686959,4.3,28090602540,-1415624.0,,20250326
275630,3105,3130,3105,3110,1612,5021780,-1.11,18715945790,-274150.0,-15600.0,20250326
031330,2800,2810,2760,2790,137129,381819943,0.72,278986236930,10342874.0,-50247883.0,20250326
060540,1470,1514,1457,1460,69498,103310916,-0.82,38154626760,-17441394.0,,20250326
351320,2480,2505,2415,2445,55622,136672309,-1.41,53828841270,-36850815.0,,20250326
056190,20750,20750,20250,20600,87653,1793603800,0.24,739720456000,-342651725.0,623146500.0,20250326
246250,1560,1571,1531,1571,51995,80215222,0.71,24112031626,-3361880.0,,20250326
041510,104700,105500,101600,105000,99795,10344903850,1.06,2403942450000,-850984300.0,3792734650.0,20250326
460870,4015,4080,3765,3850,1313506,5134741955,-2.78,70852724250,-572307831.0,35249962.0,20250326
007820,4230,4315,4225,4285,37514,160015160,0.71,85845458610,66642555.0,,20250326
464080,12000,12410,11920,12040,596481,7254321490,1.86,212889233200,122599485.0,59444030.0,20250326
109610,3810,3860,3785,3825,186945,713695299,1.32,187070805000,82467697.0,,20250326
365330,5650,5770,5500,5500,364469,2030692310,-2.65,168355000000,244813300.0,,20250326
306040,4175,4365,4105,4360,31511,132929163,4.43,43015010080,-3988143.0,2315.0,20250326
398120,2820,2850,2795,2820,79444,223314392,-0.53,31230654000,35647775.0,-56160407.0,20250326
457940,2085,2085,2070,2085,542,1122365,0.0,6901350000,,0.0,20250326
472230,2020,2025,2010,2020,10504,21167470,-0.25,8393100000,-4040.0,-21052325.0,20250326
473000,2060,2085,2060,2085,3457,7170305,0.97,6901350000,-6180.0,6041400.0,20250326
473950,2020,2020,2020,2020,15,30300,0.25,8928400000,0.0,,20250326
435870,2110,2115,2110,2110,63043,133028719,0.0,7849200000,1309520.0,-13964198.0,20250326
455910,2065,2075,2065,2075,29,59895,0.0,10416500000,,0.0,20250326
475660,5370,5450,5300,5330,15213,81431715,-0.74,42266020550,332680.0,-420.0,20250326
096630,581,609,579,605,224537,134087304,4.67,48025877680,3258258.0,-581.0,20250326
069510,10760,11000,10760,10860,11403,124119790,0.56,118482600000,2508110.0,-15952310.0,20250326
234300,3695,3805,3695,3795,44421,166860844,2.29,105538373160,-20378721.0,,20250326
039440,22000,22900,21450,22450,178507,3972950525,1.81,355383500000,653885350.0,-226283025.0,20250326
098660,2365,2365,2230,2335,41809,95001882,0.21,29189778960,1523630.0,,20250326
052020,6750,6790,6470,6680,239164,1591179180,-1.04,454128383880,326491260.0,,20250326
237690,77900,78000,75900,77200,43880,3375193650,0.0,1555802953600,-679911850.0,622425650.0,20250326
050760,1544,1649,1500,1523,105584,163457048,-0.07,24877714594,-1575158.0,1840909.0,20250326
288620,8250,8250,7990,8050,5158,41436070,0.25,56183493800,-5348260.0,-48360.0,20250326
443670,8290,8300,7840,7930,309129,2482436340,-4.34,191917038560,-235687780.0,,20250326
317830,8020,8140,7920,8090,60125,483618180,1.13,87160187620,-8147075.0,40.0,20250326
058610,24100,24400,23850,24300,101819,2457683200,0.62,538909848000,723293225.0,222513450.0,20250326
043340,530,540,528,536,7115,3815467,0.19,50920000000,-111717.0,,20250326
163280,16020,16280,15390,15680,386014,6073463375,-1.32,128180691520,40547660.0,9239210.0,20250326
054630,0,0,0,1580,0,0,0.0,12594094680,,,20250326
200710,17050,17600,17050,17340,59143,1025291595,0.46,233063853480,-126283125.0,69360.0,20250326
475580,11240,11370,10920,11370,173228,1929612710,1.07,154346613000,334856905.0,-102721500.0,20250326
096690,1482,1482,1431,1480,47467,69339545,-0.94,49546239720,-1820.0,,20250326
298380,35350,35850,32600,34600,606905,20652566875,-2.81,1679069042200,3389358250.0,-1841829150.0,20250326
203400,6520,6590,6300,6330,37647,240599230,-4.24,181274836950,-106051570.0,649020.0,20250326
195990,337,337,314,317,1033340,330586452,-4.23,90246641557,-22944124.0,885216.0,20250326
003800,25250,25250,25100,25100,345,8668500,-0.59,278359000000,-301300.0,,20250326
088800,765,785,738,740,205033,154763331,-3.14,167624284220,11442963.0,-3718.0,20250326
241840,8590,8630,8350,8420,65127,550942100,-1.41,80326749480,36180510.0,79899640.0,20250326
453860,20700,21200,20650,20700,13986,292150825,0.0,117104350500,-12602275.0,-2105000.0,20250326
312610,1267,1275,1210,1260,56922,70177987,1.04,25523678880,-637639.0,,20250326
172670,10980,11250,10580,10800,206138,2246890040,-4.26,96770797200,4386580.0,30311770.0,20250326
445090,30500,30900,29700,30350,61051,1851894425,-0.98,329954881000,52458950.0,9144625.0,20250326
295310,21900,22500,21250,22150,198942,4378282200,0.68,263627771650,-143327775.0,678618750.0,20250326
072990,9050,9050,8800,8880,23615,209757880,1.02,64711588080,14858250.0,79687030.0,20250326
044990,16180,16190,15600,15650,2751,43304220,0.0,125764401600,-18936770.0,,20250326
239610,11400,13360,11400,11810,159300,2000647110,3.6,63680878150,-6822550.0,117830.0,20250326
462020,2005,2010,2000,2010,35516,71214275,0.0,8733450000,-80200.0,-30183285.0,20250326
477340,1986,1986,1983,1986,10301,20457242,0.0,14914860000,,210516.0,20250326
148930,3875,3920,3850,3900,3249,12634380,0.52,39683330700,-2995265.0,11625.0,20250326
376270,24900,25300,23800,23800,71648,1751094450,-3.25,165696528200,-210778850.0,-181558375.0,20250326
044780,1098,1111,1090,1098,14864,16354807,0.0,20319354126,-562547.0,,20250326
357230,2550,2555,2520,2545,4195,10657785,0.0,107117744415,-608105.0,,20250326
355690,6800,6800,6360,6470,7071,46304390,-0.46,34970220600,-12693090.0,0.0,20250326
071670,6100,6220,6050,6110,27463,167792855,-0.16,61100000000,817895.0,80.0,20250326
045660,26250,34100,24550,34100,3605747,108832309025,29.9,281666000000,-1504825425.0,5750.0,20250326
224110,16070,20950,15760,20950,638871,11738365945,29.64,111873000000,-1108660535.0,-2951090.0,20250326
021080,2080,2110,2070,2090,88804,185375490,0.48,100320000000,23687570.0,2090.0,20250326
200470,2640,2665,2600,2645,82431,217072390,0.19,112047735985,-4112580.0,,20250326
262260,5070,5290,5070,5170,25244,130617200,1.17,74800345840,27761270.0,10450.0,20250326
397030,15310,15440,14740,15080,184165,2761923695,-1.57,339090327680,99732925.0,9261610.0,20250326
230240,21450,22650,21400,22150,60385,1328313950,2.07,294794350000,200142375.0,-57763100.0,20250326
230360,8180,8270,8050,8150,77417,627089355,-0.73,256464436350,-48188635.0,-40235020.0,20250326
038870,3455,3500,3435,3485,22526,78282335,0.87,48842097265,38282725.0,5.0,20250326
097780,1015,1033,1000,1030,67361,69072727,0.68,69762248140,-378365.0,-16809895.0,20250326
448280,19800,20500,19800,20350,9450,189746590,2.26,200997825050,30403060.0,-14199890.0,20250326
101360,27100,27850,26800,27550,91656,2502404125,1.66,490007440700,198466100.0,283976600.0,20250326
128540,1720,1720,1680,1698,116661,198306881,-0.12,45320401080,25391266.0,24123.0,20250326
086520,59200,60200,58500,59800,337180,20013071950,1.87,7961672732000,-152095850.0,4709764700.0,20250326
247540,108300,113100,107900,111400,482240,53326838650,3.63,10895069721600,9582776450.0,14037445150.0,20250326
383310,28800,29400,28750,29000,34411,998251500,0.35,608273028000,-112332200.0,255302550.0,20250326
038110,2695,2765,2630,2660,407584,1100028953,-0.37,109510524200,7903433.0,0.0,20250326
073540,1475,1475,1433,1437,27163,39115472,-0.07,16381800000,1840244.0,,20250326
064850,6790,7050,6650,7030,40041,277982325,3.23,80214633960,167447810.0,18800.0,20250326
036810,20700,21050,20050,20800,96351,1987059425,1.46,452541211200,333094425.0,114410950.0,20250326
173940,2895,2915,2705,2775,18606,51689715,-4.8,42715042200,-2376240.0,-24175875.0,20250326
083500,10230,10500,10100,10130,51318,527227720,-0.98,86872063860,126824600.0,-34309820.0,20250326
054940,736,749,734,743,129139,95663679,0.95,24647946164,9228117.0,,20250326
950130,4960,5120,4950,5000,71507,359475715,1.01,188639160000,85209855.0,,20250326
373110,3820,3950,3790,3880,29730,114443462,1.04,42441232560,-1756679.0,,20250326
205100,1910,1954,1904,1945,276590,534571433,1.89,139968873295,193498094.0,20878299.0,20250326
356680,7700,8050,7680,7990,397106,3139585495,1.91,228062501080,306331145.0,,20250326
070300,2460,2460,2300,2325,51335,120475770,-5.49,23083813650,-8490900.0,,20250326
317770,3485,3670,3395,3615,458624,1619900955,1.97,87311902050,356944015.0,-7275025.0,20250326
373200,794,800,770,780,477021,374411582,-2.38,69990302460,-57648758.0,,20250326
069920,1293,1394,914,952,7853460,9624002989,-12.98,33504798432,-93715748.0,,20250326
092870,12820,13030,12400,12800,100870,1291205690,2.89,167050201600,145774205.0,,20250326
317870,17160,17550,17050,17530,13424,232376740,2.16,149123327500,71186340.0,-515850.0,20250326
067570,2270,2300,2250,2255,88444,201410140,-0.66,95093350000,-29369255.0,938600.0,20250326
236810,3400,3580,3300,3325,672173,2325762498,-1.63,56443291450,113916641.0,17000035.0,20250326
333620,8140,8400,8050,8340,17338,142212890,2.46,88039908960,69452345.0,16480.0,20250326
101400,380,416,374,385,451588,180546747,2.39,24914279005,992595.0,1053388.0,20250326
078860,1528,1587,1397,1439,299865,430835794,-5.82,78149924305,-39597088.0,,20250326
437780,2120,2120,2110,2120,13458,28472726,0.24,10663600000,1605920.0,14994594.0,20250326
438580,2125,2125,2115,2125,4855,10276835,0.0,6417500000,-86730.0,-77120.0,20250326
439410,2125,2125,2115,2120,456,964542,-0.24,18656000000,-2117.0,0.0,20250326
440820,2117,2117,2115,2115,8452,17876058,-0.24,16497000000,,0.0,20250326
451700,2030,2030,2020,2030,11555,23410060,0.0,29130500000,10125.0,4400525.0,20250326
466910,1996,1996,1990,1996,30484,60668221,0.0,18163600000,0.0,-60564591.0,20250326
481890,2010,2010,2005,2010,120,240885,0.0,12753450000,0.0,,20250326
265740,4820,4905,4815,4900,18577,90043755,1.77,43765820000,5842500.0,-890330.0,20250326
354200,1575,1602,1565,1578,49994,78904722,0.57,31273962252,-9933105.0,,20250326
455900,25600,25900,25150,25850,58430,1494682500,1.37,387520736350,176729050.0,32101300.0,20250326
419080,8790,9020,8600,8750,23094,202518155,-1.24,92447923750,5516260.0,17831560.0,20250326
208860,0,0,0,2205,0,0,0.0,67316270805,,,20250326
183490,1177,1204,1163,1198,168113,199126187,3.01,101908543276,3547681.0,48165202.0,20250326
182400,0,0,0,2020,0,0,0.0,172748038620,,,20250326
348370,78700,81500,75800,79800,182696,14284245200,2.31,1691305379400,1078066900.0,728532250.0,20250326
069410,3880,4000,3880,3925,12195,47991075,0.64,40210934200,-1064720.0,,20250326
227950,363,366,354,356,299511,107123596,-2.73,36872888680,-19329601.0,10069.0,20250326
291230,1720,1731,1709,1716,57593,98964636,-0.23,75668349900,10218030.0,,20250326
198080,2340,2390,2335,2370,71789,169579830,1.28,51038388450,34247670.0,,20250326
048830,1044,1044,1026,1040,10370,10718412,-0.38,19472879920,-42760.0,,20250326
096870,2715,2715,2615,2615,10240,27079195,-3.68,17464016000,-152155.0,,20250326
290650,22600,22600,21800,22100,51852,1138568075,-1.12,501336091100,-461384675.0,206601450.0,20250326
156100,6500,6630,6440,6470,27755,179788255,-0.46,128990727210,-27813695.0,-3060.0,20250326
073110,6340,6430,6290,6390,12274,78199340,1.59,56843874450,-1022760.0,,20250326
083310,9550,9920,9550,9850,33947,333246255,2.07,175428825050,50680820.0,0.0,20250326
037950,992,1004,988,998,332708,331017898,0.6,84278623962,41232426.0,,20250326
489500,30500,32600,30050,31150,618561,19514557350,3.15,195561444400,-3211335725.0,494605625.0,20250326
170920,10000,10040,9520,9840,44106,433313230,-0.3,97683766080,-2214165.0,-10313930.0,20250326
058630,4825,4880,4820,4865,45931,223937825,0.1,95080961605,-19270520.0,690870.0,20250326
226590,9660,9850,9360,9380,508193,4883703175,-1.57,99125813920,79711070.0,38398715.0,20250326
058970,55100,56300,54600,55000,46366,2567480300,0.73,671626505000,-146988000.0,331830800.0,20250326
019590,0,0,0,921,0,0,0.0,104963185182,,,20250326
169330,2290,2290,2230,2255,7248,16261090,0.0,41169350090,448235.0,,20250326
373170,7160,7600,7060,7260,3254,23757000,1.54,36575371800,1025140.0,,20250326
179290,7440,7650,7340,7480,122660,912590340,0.54,242095271440,-201973930.0,6578670.0,20250326
009780,6010,6010,5900,5900,26546,157618660,-1.83,103840000000,10750180.0,-3746440.0,20250326
123040,3060,3085,2875,2905,1611032,4796642716,-1.36,181935208595,-187479552.0,-29290.0,20250326
432980,4170,4480,4135,4260,86958,373668990,2.4,36600820920,72439420.0,0.0,20250326
323230,0,0,0,161,0,0,0.0,6967193212,,,20250326
413390,9120,9880,9100,9480,814633,7768450405,2.6,109780106400,532629505.0,-2120.0,20250326
032790,1335,1335,1240,1278,698859,891924810,-0.16,55450148994,-100438234.0,,20250326
033160,7500,7690,7450,7580,73808,558368860,0.66,167262788980,157285860.0,200.0,20250326
347890,5370,5380,5250,5350,4552,24194520,0.0,90485641400,-3050740.0,-5559820.0,20250326
033310,1742,1744,1718,1742,16772,29049731,0.0,70276166402,-4946082.0,,20250326
259630,8120,8650,8040,8550,212154,1779947835,6.08,105014537100,254500220.0,,20250326
105550,4650,4680,4430,4675,1227215,5622683485,-0.11,297943023400,-54953437.0,-37893925.0,20250326
060850,5180,5310,5050,5130,25009,129022045,-1.16,41712030000,-12187270.0,6178560.0,20250326
143540,614,629,613,621,22577,14005426,1.14,27696534795,-841466.0,,20250326
036560,11460,11600,11350,11400,12170,139103685,0.09,179550000000,7945215.0,11480.0,20250326
265560,7740,7740,7610,7680,11404,87430080,0.13,82100582400,-10801140.0,135.0,20250326
036000,2710,2725,2630,2705,72098,192572357,-0.18,62307719285,-8906660.0,0.0,20250326
250930,412,429,412,429,50284,21227099,4.13,14157188760,-669090.0,-1549.0,20250326
053280,4135,4240,4135,4230,63462,266399294,1.44,105750000000,88742041.0,16860.0,20250326
122640,12570,13590,12450,13210,121405,1594244060,5.09,276486726680,381385890.0,-1383690.0,20250326
900300,336,340,331,339,228680,76865945,0.89,17289753936,-424024.0,,20250326
045060,2525,2560,2510,2545,9928,25124590,0.79,43117323830,-180795.0,,20250326
192410,701,725,701,720,112037,79580504,2.71,10249581600,25312174.0,,20250326
080520,3015,3025,2985,2985,13279,39768095,-1.16,35063627865,-732865.0,-282450.0,20250326
039830,6810,6810,6370,6410,41822,269639880,-6.01,68990124900,-52032210.0,10284000.0,20250326
322310,23500,23950,22900,23500,22833,537731000,-0.21,220113737000,-7534875.0,41555500.0,20250326
046120,2380,2410,2360,2400,58096,138736525,0.84,65878766400,12296635.0,30.0,20250326
475830,25750,26250,24550,25100,745370,18948100225,-2.14,525320861800,-265944150.0,729356900.0,20250326
014940,5260,5650,5070,5300,1903668,10004356190,0.76,241540403300,-1728994155.0,-15558250.0,20250326
065500,7100,9190,6960,9190,42940177,344550020370,29.99,291717361280,650412770.0,310403445.0,20250326
010470,6900,6960,6850,6960,14859,102311390,0.87,83346348000,8938720.0,6930.0,20250326
417860,8130,8500,8110,8300,4154,34452180,2.22,36774096200,-195540.0,,20250326
352910,5120,5400,4630,4905,151402,740689961,-4.39,61988418810,7558880.0,,20250326
053980,3200,3295,3190,3215,48646,156017295,-0.46,61029647345,615515.0,,20250326
036220,13940,14260,13900,14070,9256,129685450,0.5,203866083120,-17724600.0,,20250326
052420,1402,1435,1402,1430,465500,662951091,0.85,129114348220,163118205.0,103538613.0,20250326
052300,2335,2390,2315,2340,6160,14394895,0.21,39464434620,-54715.0,-796680.0,20250326
039200,31850,31900,30950,31650,170527,5364403775,1.28,1210554770400,-758559100.0,725405525.0,20250326
226400,6870,6930,6700,6870,100408,686111790,0.0,141945198870,-81471890.0,67675690.0,20250326
031510,1105,1119,1083,1103,29689,32569508,-0.18,30884000000,-492040.0,,20250326
368970,2450,2475,2420,2470,6805,16605315,0.82,23085015200,1083215.0,,20250326
138080,9920,9930,9640,9680,25638,249340390,-2.52,102841239600,-18076400.0,18340090.0,20250326
080580,5950,5950,5700,5740,79576,460670925,-0.17,102947893020,15116170.0,0.0,20250326
067170,2995,3060,2925,2925,45797,136488440,-0.85,45020444625,1891950.0,,20250326
353590,3900,4030,3900,3950,11391,45071655,0.51,50858501500,-741470.0,5.0,20250326
173130,8230,8260,7910,7910,178693,1448720310,-3.77,103197601430,309651610.0,,20250326
440320,7100,7800,6930,7730,169955,1261724445,8.87,75792650000,-47332045.0,0.0,20250326
049480,2300,2335,2295,2300,99865,230890583,-0.43,72271480900,44897087.0,0.0,20250326
394280,13670,13840,13310,13700,53951,736722605,1.18,299860215900,15152770.0,82631730.0,20250326
309930,1946,1979,1888,1920,12742,24421134,-1.34,40878700800,-810468.0,,20250326
476060,18450,18720,17450,18260,3106115,56814515630,-4.8,198704589600,3132277305.0,58081750.0,20250326
382150,10330,10510,10120,10230,497844,5131496905,-1.63,121552215510,389582320.0,-75679045.0,20250326
244460,4070,4365,2940,3100,1100362,3856532954,-11.68,14663883500,-357997177.0,-2807880.0,20250326
226950,43000,44450,42350,44000,373921,16311550150,1.15,842663800000,1187192450.0,394821875.0,20250326
057540,790,824,788,824,340444,274181711,4.3,50634268520,22712249.0,-777770.0,20250326
131030,6620,6640,6390,6410,114834,743102770,-3.17,103541768420,207157240.0,2391440.0,20250326
082210,1169,1184,1123,1168,59877,69069204,2.91,38768692832,1123582.0,,20250326
109080,8470,8530,8370,8470,7853,66547030,0.24,47736920000,13692780.0,,20250326
380540,1560,1740,1515,1730,1871298,3117004450,12.41,66848663580,789684573.0,,20250326
153710,5490,5500,5340,5470,10930,59477230,-0.36,80244670260,736090.0,,20250326
432430,5790,5980,5700,5730,41007,235703925,-1.04,94203033600,40798770.0,0.0,20250326
338840,6620,6700,6510,6650,27251,180244465,0.45,98303731400,45647775.0,,20250326
122990,6480,6560,6450,6510,171291,1113711390,0.93,180141679830,104209475.0,-148540580.0,20250326
232140,11990,12900,11980,12350,1676984,20953422795,2.75,1013260072500,1104033560.0,-96441215.0,20250326
112290,20800,21400,20600,21150,91791,1931916100,1.44,213838026750,489029125.0,-1189300.0,20250326
065530,1270,1300,1261,1268,20612,26182109,-0.24,67026480000,-510792.0,,20250326
067900,6200,6320,6200,6300,14484,90847565,1.78,114657851700,7633390.0,-8260.0,20250326
007530,2250,2310,2230,2290,1699,3880618,1.78,50962188990,28403.0,,20250326
155650,3300,3315,3270,3305,15117,49820915,0.15,64362753190,3000145.0,,20250326
273640,11200,11200,10730,10920,22614,247239490,2.34,119748720000,-21334500.0,290.0,20250326
251370,9720,9880,9320,9520,108090,1029231670,-2.16,155313697280,250753500.0,-340980.0,20250326
066430,1084,1094,1000,1012,1393876,1441133742,-5.77,39623317712,51654357.0,36119.0,20250326
209640,8320,8690,8200,8200,178194,1495013220,-0.85,116616898600,-192589570.0,8564560.0,20250326
096250,10650,10980,10550,10780,38373,414566130,1.51,140847297360,35916860.0,1080450.0,20250326
273060,742,777,741,752,66194,49536506,0.67,37945605664,3569227.0,,20250326
019210,5370,5560,5370,5500,82593,454003825,2.42,184656004500,-30502640.0,76613615.0,20250326
122870,67600,67700,64100,65700,191353,12528548000,-1.05,1228001919300,-1419319950.0,-6240950.0,20250326
332570,3365,3475,3365,3420,636323,2176907598,1.63,151083014400,465151472.0,-7637145.0,20250326
079000,5320,5540,5300,5380,11974,64245720,1.51,38736000000,-1198920.0,22014130.0,20250326
403490,1421,1442,1413,1439,111595,159484317,0.98,65060735696,45236169.0,,20250326
032820,1935,1966,1930,1931,1230081,2383040391,-0.57,317992121192,-35555901.0,372683.0,20250326
041190,6480,6500,6370,6480,250436,1614139725,1.73,544320000000,88221285.0,205706960.0,20250326
115440,6800,7100,6750,6800,104670,717111970,1.19,73401185600,3967430.0,34342310.0,20250326
046970,1237,1266,1235,1252,207425,259010158,0.32,54868898748,30269851.0,0.0,20250326
082850,2345,2380,2330,2375,249088,587018099,1.28,115084372750,167704783.0,,20250326
215360,9510,9640,9490,9540,12374,118161840,-0.52,87120835020,11933440.0,-9676975.0,20250326
072470,2365,2450,2320,2400,14597,34563985,0.63,45329618400,3505025.0,,20250326
073560,1315,1323,1312,1312,41497,54627644,-0.46,90839787616,2402219.0,2055116.0,20250326
037400,1062,1072,1049,1069,53308,56705309,0.94,28032756874,2630029.0,-602519.0,20250326
153490,691,700,682,700,36376,25137248,0.86,36036000000,-1726912.0,,20250326
101170,5230,5280,5170,5250,61508,321638310,1.16,70875000000,38009145.0,30.0,20250326
066590,3010,3050,3010,3045,48939,148482594,0.5,118977601680,7858405.0,1292475.0,20250326
103840,3200,3225,3135,3180,226793,719874840,-0.78,52045241040,-24901165.0,,20250326
046940,2620,2660,2565,2655,144975,380449167,2.91,47987399250,65602168.0,,20250326
215380,1542,1545,1503,1545,20036,30413633,0.32,26001694920,-7391078.0,,20250326
065680,27400,27400,26500,27000,38363,1033741800,-1.46,257310000000,-202935900.0,269417000.0,20250326
018620,858,858,840,841,38690,32687457,-1.29,24295895413,586235.0,,20250326
457550,17310,17500,16960,17160,55381,950654985,-1.27,159096177240,-27075670.0,892320.0,20250326
396470,8330,8640,8320,8390,121490,1031778050,0.84,135246800000,61636105.0,,20250326
307280,1075,1080,1066,1076,41497,44586953,0.0,39767897988,-2069250.0,-2048170.0,20250326
032940,3510,3590,3480,3555,180918,639083502,-0.42,64676932650,27177679.0,,20250326
240810,25800,26050,25300,25950,197049,5050284075,1.57,1273727230950,1041688925.0,-712860550.0,20250326
074600,19700,20100,19200,19950,113530,2259808725,1.06,524445600000,80804535.0,-150772875.0,20250326
104830,20450,20900,20200,20750,41134,847752175,1.72,261616000000,-57231975.0,-20232225.0,20250326
014190,1580,1614,1577,1596,86098,137177495,0.44,56498249976,29860497.0,,20250326
217820,2150,2230,2130,2215,61929,135146820,2.78,105111848185,1280115.0,-2699455.0,20250326
030530,4115,4215,4030,4175,2492149,10310410067,1.83,322468570675,1277024501.0,-26555415.0,20250326
012620,7070,7140,7050,7100,6011,42639230,0.42,31240000000,-355720.0,593790.0,20250326
382840,10020,10240,9990,10150,53420,540937580,1.3,155006547150,89743730.0,456010.0,20250326
336570,6190,6330,6150,6320,457182,2867734065,3.1,564632712080,1193849590.0,-361873055.0,20250326
376980,5650,6200,5620,6040,88226,517008545,6.34,58920163760,36606665.0,150.0,20250326
008370,4040,4045,4010,4020,5903,23729300,-0.5,48240000000,-5925105.0,1308265.0,20250326
008290,473,473,462,473,41247,19242476,2.38,19248110167,-769082.0,,20250326
101160,19570,19900,19360,19780,93910,1849307320,1.07,326587441540,161189775.0,-10923560.0,20250326
336060,1224,1235,1179,1230,165121,201874222,0.49,59230896000,3100477.0,,20250326
095270,4180,4180,4060,4075,8720,35844815,-2.51,61007868200,-12006570.0,,20250326
289930,8130,8290,8040,8150,46226,376611060,0.37,102034682950,61887695.0,-43523945.0,20250326
065950,2055,2120,2045,2105,93975,195952024,2.43,59426890710,44866303.0,0.0,20250326
076080,1323,1323,1250,1294,21558,27796227,1.89,29236837864,-730346.0,,20250326
043590,620,649,620,649,31157,19563663,1.88,17611758538,-1069803.0,-2331166.0,20250326
196700,1146,1146,1132,1133,18547,21040303,0.0,16274575152,-721123.0,,20250326
069080,13580,13880,13470,13860,140037,1921512525,2.9,479568252240,209165150.0,73729410.0,20250326
053580,8780,11110,8660,10900,578141,5771782540,25.29,148635103200,-300552770.0,-177816530.0,20250326
479960,18090,18240,16760,16760,333295,5875669625,-4.99,114822760000,-16221945.0,-8100000.0,20250326
071460,0,0,0,613,0,0,0.0,22047951835,,,20250326
377460,0,0,0,1691,0,0,0.0,26030247855,,,20250326
044340,6440,7590,6080,6600,6494226,46090121335,10.92,117964605000,-32025685.0,-671735.0,20250326
330350,6030,6190,6030,6050,5287,32030690,-0.17,79872940950,-6175200.0,30.0,20250326
348350,7170,7220,7130,7170,11487,82300420,0.0,73016412000,5293560.0,9476350.0,20250326
112040,30650,30800,30250,30700,87134,2661226800,0.99,1042218428100,61889175.0,491570925.0,20250326
101730,7770,7860,7760,7800,25432,198280690,0.0,646897804800,25282990.0,2363510.0,20250326
123420,6840,6870,6710,6830,8724,59069490,1.34,78339020860,47170.0,6910.0,20250326
065370,6390,8290,6350,8290,587926,4148664485,29.94,61212978660,-419657600.0,473265.0,20250326
038620,681,730,669,730,378686,263486335,6.26,52419766270,22103308.0,-36972783.0,20250326
299900,1120,1133,1116,1117,635846,714320968,-0.27,191061603428,78327338.0,-63593765.0,20250326
036090,696,708,695,704,245791,172661200,1.15,83348167936,71890140.0,,20250326
459100,7450,7470,7230,7260,89624,653180275,-1.63,91272720000,-91010320.0,7060.0,20250326
136540,11060,11070,10960,11010,12479,137304430,-0.45,135200003460,1726910.0,30728310.0,20250326
097800,582,604,577,593,376499,221089888,1.89,69054985797,19351704.0,,20250326
192390,3960,4190,3215,3225,1083976,4013402494,-18.46,35578938525,136000173.0,,20250326
335870,2080,2155,2030,2115,18265,38614995,1.68,35281207530,-2225830.0,,20250326
900340,1700,1722,1697,1711,108513,185411828,0.65,86116217808,64387541.0,0.0,20250326
036200,6670,6910,6660,6840,111687,761614110,2.55,209743285320,193229040.0,30.0,20250326
018000,760,775,755,771,346463,264075618,0.92,129829895844,10142547.0,-771.0,20250326
203450,2970,2995,2855,2945,43196,125369640,-0.84,41462675615,11416030.0,5341750.0,20250326
011320,3500,3500,3380,3385,53489,182959192,-3.29,65400552575,7693180.0,-3407.0,20250326
086390,11400,13380,11280,12380,459552,5747023850,7.56,261640479880,27680045.0,430085505.0,20250326
241690,3100,3125,3065,3080,77033,238435575,-0.32,75369774480,18820878.0,,20250326
142210,5650,5980,5650,5870,197423,1156873380,3.89,112974560040,299679685.0,0.0,20250326
389680,702,749,686,686,808303,576172113,-1.86,27448780114,-8862017.0,,20250326
088340,12570,13820,11600,11600,4304119,56471295465,-0.43,50228788800,-210370770.0,-37688750.0,20250326
048430,8360,9310,8360,9180,329988,2979745685,9.03,105753600000,-387032820.0,0.0,20250326
206650,11400,11430,11190,11290,118113,1330674835,-1.31,412472326030,-88421940.0,-100281440.0,20250326
089850,6200,6230,6160,6190,9065,56135885,-0.16,91179931810,-15767065.0,7219460.0,20250326
084440,1105,1109,1084,1084,29633,32545273,0.65,21368675200,-1140502.0,,20250326
032620,3390,3455,3390,3440,72875,250002450,0.73,179558158160,-22920985.0,815260.0,20250326
264450,7160,7240,7090,7240,12996,92917265,0.14,108009092920,-28316460.0,-68380.0,20250326
078070,9820,9820,9600,9690,1479,14273730,-0.62,175880283000,-592770.0,-4106830.0,20250326
024800,1822,1825,1790,1790,52733,95109157,-1.76,66322743480,507936.0,,20250326
054930,21250,21600,21150,21400,4736,101413525,0.94,64200000000,-27487225.0,-100.0,20250326
069330,1299,1310,1288,1290,7659,9911375,-0.69,18306507390,-267735.0,,20250326
049520,4070,4100,4000,4055,44784,181401330,-0.25,130763223220,21709445.0,-28046625.0,20250326
435380,2110,2110,2110,2110,6194,13069340,0.0,12090300000,,-105500.0,20250326
444920,2030,2030,2025,2025,1165,2361780,-0.25,10611000000,0.0,-1283850.0,20250326
446150,2170,2185,2170,2175,7912,17234450,-0.46,10374750000,255070.0,0.0,20250326
449020,2050,2055,2050,2055,2588,5316180,0.0,19995150000,-4100.0,0.0,20250326
450940,2065,2065,2030,2030,456,930155,-0.98,9216200000,,0.0,20250326
473050,1996,1999,1987,1999,6824,13592103,0.0,14012990000,-65776.0,-11407514.0,20250326
474490,2000,2000,1996,2000,6603,13181964,0.0,11020000000,-70000.0,8912173.0,20250326
493790,1980,1980,1974,1974,28062,55466031,-0.25,10481940000,-412860.0,-30959139.0,20250326
263770,2150,2155,2100,2145,5546,11819940,-0.46,50836868940,-411435.0,,20250326
388720,61500,62500,60300,62100,80816,4955030650,2.14,713095914600,114792900.0,29916000.0,20250326
340930,2050,2105,1990,2060,103785,210612317,0.49,70461167000,57779.0,,20250326
023410,3355,3410,3345,3370,123845,418469652,0.45,260537608310,-122066638.0,2350262.0,20250326
056080,7840,7880,7730,7780,175094,1365013960,-0.77,291844542560,66231345.0,13222590.0,20250326
468760,2095,2095,2085,2090,329,689140,-0.24,8861600000,0.0,0.0,20250326
488060,2005,2015,2000,2010,302,607585,0.25,9487200000,-40100.0,0.0,20250326
442130,2120,2125,2115,2125,9124,19338180,0.24,7352500000,-214610.0,10600.0,20250326
084370,42000,42550,39700,40700,200162,8163832850,-3.1,932682909400,1738562625.0,-4074371100.0,20250326
240600,5050,5140,5000,5000,31624,159664360,-0.79,34640755000,32174440.0,,20250326
221800,3490,3810,3440,3790,1477773,5435098556,10.5,42778472840,445522673.0,,20250326
179900,22850,23350,22400,23250,61272,1392697100,2.65,417398624250,-259391750.0,336493800.0,20250326
263050,1634,1639,1604,1621,85665,138821983,-0.8,59709301576,-2473020.0,,20250326
191410,1526,1908,1520,1668,1527253,2657068396,9.38,18688697340,8967687.0,,20250326
372170,35100,35900,34950,35550,19685,698505425,1.28,283655156400,104433825.0,64807050.0,20250326
146060,1300,1327,1284,1327,30458,40007351,2.08,31868694565,18209.0,,20250326
072770,1813,1854,1745,1760,686685,1236424107,-2.92,123619309440,80411952.0,,20250326
039020,3305,3510,3250,3480,57150,193283815,5.45,78594787320,3995450.0,-1828045.0,20250326
067920,5220,5250,5140,5190,42216,219086830,-0.57,57069857610,-3011650.0,51070230.0,20250326
044960,4400,4445,4375,4410,25174,110776530,0.0,55750704030,-10220150.0,13280.0,20250326
303530,6850,6850,6700,6800,8587,58255725,1.8,49907233200,-4540005.0,10.0,20250326
296640,6250,6270,6130,6260,10029,62303420,0.16,32415857520,1317140.0,,20250326
302430,10300,10720,10250,10290,250910,2623316325,-1.06,101183710320,44342900.0,0.0,20250326
462350,19270,19480,18820,18900,63612,1210630955,-1.92,177200616600,-535716110.0,-11765995.0,20250326
274400,4540,4800,4480,4635,12855,59050385,2.09,36244893510,-4092770.0,,20250326
073490,20000,20050,19600,19850,29498,583816020,-0.75,150936343100,-131220800.0,-13896250.0,20250326
215790,441,450,440,446,10416,4619726,1.13,17966284454,-50576.0,,20250326
344860,1633,1699,1625,1681,43816,73084902,2.94,20222430000,-605765.0,,20250326
088390,7810,8000,7810,7900,5653,44772890,0.25,74148167600,-2172120.0,,20250326
272290,23850,24100,23450,23950,131830,3137830375,0.0,484452409100,981220050.0,-1096879625.0,20250326
053350,7660,7770,6970,7690,498098,3723093715,0.52,152192144040,-345906360.0,166526960.0,20250326
452400,9080,9290,9070,9280,13186,120939380,1.64,84182851840,21931160.0,,20250326
264850,4910,4985,4870,4930,250981,1238298782,0.61,149352437160,-27368387.0,,20250326
054210,5020,5880,4990,5290,2529538,13972043625,4.96,133790500900,38120675.0,-49790.0,20250326
009730,1099,1148,1081,1124,434789,482208631,3.59,68497639040,69874297.0,,20250326
065440,1471,1490,1465,1489,81342,119988352,1.22,40612504780,7177382.0,,20250326
115610,1841,1911,1817,1857,225591,419224248,0.98,30919519821,-4400279.0,,20250326
478110,2020,2020,2005,2020,76,152870,0.0,10140400000,,,20250326
131400,1757,1790,1750,1763,208348,367693604,0.34,105056961966,42782630.0,,20250326
351330,6970,7060,6870,7000,24624,171071600,-0.28,58019640000,29330360.0,,20250326
080010,5450,5450,5370,5440,5070,27451975,-0.18,53502786240,-439830.0,2048760.0,20250326
086890,5390,5420,5290,5380,80760,431667805,-0.19,196829209900,86798500.0,-6864750.0,20250326
047560,17630,18310,17530,18100,210844,3800985580,3.08,210279320200,273254735.0,1755600.0,20250326
900110,48,48,46,47,3146758,148191700,0.0,30204577636,5147777.0,,20250326
239340,1450,1452,1425,1427,12863,18419550,-1.59,38499937718,-1920157.0,,20250326
067010,2810,2810,2770,2800,35528,99314955,-0.18,34423200000,-15657255.0,-18771140.0,20250326
418620,3280,3350,3250,3340,38664,127451967,0.3,32232593180,41371575.0,-14892410.0,20250326
456070,16340,17030,16280,16460,262113,4367598045,1.17,177260653420,-30613505.0,14347710.0,20250326
102710,26450,26950,26100,26850,116100,3078761600,0.94,383628396600,406061625.0,-678984275.0,20250326
041520,6300,6380,6130,6350,9327,58766730,3.76,77398435500,-610970.0,,20250326
063760,1953,1999,1953,1980,6338,12544391,0.76,18463757400,-3119625.0,,20250326
123570,2270,2295,2260,2285,25946,59054230,1.33,50900838230,4000460.0,,20250326
083470,1194,1194,1184,1185,11253,13368853,-0.25,25288289865,-133077.0,,20250326
095190,2115,2150,2085,2110,85444,180228436,-0.94,137699574820,31720688.0,-148680.0,20250326
091120,16460,16700,13940,14100,727747,10583798815,-13.5,241574397600,160134770.0,246674690.0,20250326
039030,148000,153900,146400,153600,84906,12854223050,4.7,1892282880000,-812879500.0,1818904700.0,20250326
294090,0,0,0,1490,0,0,0.0,51113511300,,,20250326
088290,1248,1320,1210,1320,182446,230004048,5.68,41357803080,25832178.0,-36495197.0,20250326
353810,4870,4890,4805,4885,143279,694564584,0.93,167026552200,187747513.0,89539622.0,20250326
099750,17840,18050,17700,17700,4573,81064380,-0.62,120975535200,-1987670.0,154180.0,20250326
377330,5090,5150,4975,4975,23993,120199960,-1.68,40496271150,10314000.0,70.0,20250326
035810,3000,3015,2950,2985,133637,397927170,-1.16,194460347325,-180425180.0,5547235.0,20250326
092130,13820,13880,13790,13880,7035,97437635,0.14,167165168000,5621345.0,1841760.0,20250326
096040,0,0,0,271,0,0,0.0,245561580945,,,20250326
134060,3940,4135,3900,4095,4631,18232265,3.93,19530078750,76355.0,,20250326
001840,1414,1429,1363,1403,137878,192436795,-0.07,31263941308,30713056.0,1377.0,20250326
024810,0,0,0,899,0,0,0.0,196834827360,,,20250326
041830,22650,22850,22550,22600,20265,459856150,-0.22,304667933200,122869900.0,-114184050.0,20250326
352940,2165,2235,2125,2180,4572,9973645,0.69,23691651400,-130810.0,,20250326
079950,598,606,589,589,33876,20205060,-3.13,13664800000,557456.0,,20250326
389470,15880,15880,14860,15160,125499,1897831125,-1.43,152283337000,-446390335.0,108258700.0,20250326
277410,1240,1257,1238,1244,28406,35341990,0.32,47715845516,-350727.0,,20250326
060150,4925,4955,4905,4950,46277,228340172,0.51,230489879400,48556549.0,-2039520.0,20250326
033230,1645,1645,1616,1624,144588,234784274,-0.18,82036977120,22449073.0,,20250326
450520,4045,4175,4040,4105,79159,324861485,0.49,60362292690,72106015.0,,20250326
465480,7210,7500,7210,7270,36149,266327460,0.83,73701602440,24209100.0,19060.0,20250326
037330,1307,1350,1292,1316,19858,26192168,0.69,57752954784,-554890.0,,20250326
100030,15990,15990,15640,15910,180,2848270,0.38,52243889740,948890.0,460.0,20250326
211050,7090,7090,6800,6930,165486,1139671375,-0.57,356062014000,43581635.0,89402375.0,20250326
083640,255,262,251,253,333870,85868564,-0.39,19663248803,9680471.0,-2495948.0,20250326
064090,2770,2850,2530,2790,234633,626135901,-1.06,138782258550,15594715.0,-12940.0,20250326
216050,7220,7300,7150,7300,13241,95597700,1.11,93755520600,7877760.0,-970.0,20250326
049070,17330,17330,17000,17190,50365,861607520,0.41,295668000000,283564115.0,-156104625.0,20250326
119610,0,0,0,24900,0,0,0.0,329090302200,,,20250326
017250,1087,1088,1077,1077,15570,16863327,-0.92,22665967959,-16221.0,-973296.0,20250326
051370,8850,9010,8840,8950,394437,3529194265,1.13,208780874400,-32950760.0,-8950.0,20250326
064290,10060,10290,9880,10240,54698,555409020,2.4,131726970880,135347740.0,40600.0,20250326
189300,37050,38100,36850,38000,64642,2424985150,3.54,407866692000,208321650.0,-262374650.0,20250326
150840,0,0,0,5850,0,0,0.0,251537720850,,,20250326
048530,3745,3980,3435,3640,614784,2287493705,-2.67,124308773680,-2535620.0,90.0,20250326
115310,31850,32950,31250,31250,19755,631930700,-1.88,99777593750,123843350.0,550.0,20250326
039290,6130,6250,6120,6200,15367,94716570,1.14,53902663600,29725520.0,16920.0,20250326
071200,5060,5120,4975,5000,109533,551676735,0.6,121982290000,15470705.0,-1012000.0,20250326
101930,34350,34800,33000,34400,7112,243530100,0.15,330781215200,-54032950.0,103452200.0,20250326
333430,4365,4420,4255,4295,228654,986286825,-2.39,131971378365,65862040.0,,20250326
068330,1010,1010,993,995,55335,55327464,-1.0,43995059300,-1117619.0,,20250326
178780,3275,3365,3230,3235,32045,105095240,-2.12,56124645825,-8474505.0,,20250326
019540,3835,3890,3770,3850,70563,269953625,0.39,52026975000,43099185.0,1129490.0,20250326
094820,8810,8960,8705,8900,28093,247982040,1.02,134200510100,-1402815.0,5010210.0,20250326
950140,7960,7960,7700,7750,108702,851134880,-2.52,153975961500,25123220.0,-2967315.0,20250326
049550,3735,3760,3700,3740,655,2443540,0.27,73327475980,0.0,,20250326
389020,43550,44900,42750,44150,58875,2586618400,1.15,273629779500,163153000.0,-21819900.0,20250326
254120,1675,1676,1620,1662,173693,287416091,-0.42,51113596740,-31639499.0,,20250326
043910,566,675,565,606,24435459,15236251349,11.19,68715222942,-113454950.0,-24447441.0,20250326
234920,3180,3980,3150,3340,471505,1709281254,5.03,45193239400,-23961505.0,,20250326
289220,5800,5850,5720,5730,25041,144833920,-1.04,127849026330,33563610.0,-44267110.0,20250326
174880,0,0,0,2650,0,0,0.0,11610352250,,,20250326
049630,660,662,651,651,305666,200311093,-1.36,54468198057,6486880.0,-315937.0,20250326
417840,8720,9060,8500,8750,99230,869012170,-1.69,63430281250,45074240.0,,20250326
110020,2490,2490,2340,2405,30437,72526984,0.21,21786322610,4890935.0,,20250326
208140,2545,2560,2525,2560,110968,282907257,0.59,83671669760,26424023.0,-37968215.0,20250326
040420,5610,5630,5600,5630,15344,86177225,0.36,88264617760,-6315675.0,-12344590.0,20250326
045510,785,803,780,789,18374,14569925,0.51,25413131388,97559.0,968326.0,20250326
217190,8130,8220,7930,8030,36438,294244270,-0.62,70416467220,51170740.0,,20250326
095700,4475,4620,4310,4345,461419,2047678425,-2.91,197873446430,37865888.0,3819520.0,20250326
072520,0,0,0,389,0,0,0.0,28849482466,,,20250326
122310,5610,5640,5580,5600,6970,38995510,-0.18,81501526400,-7581420.0,-19650960.0,20250326
361390,17000,17130,16560,16720,39746,663916120,-0.65,125413192080,-9617965.0,-1030865.0,20250326
225220,2475,2475,2395,2430,21577,52604771,2.53,46631751030,-3620739.0,,20250326
123330,22400,23400,22300,22850,45084,1031938350,2.01,182084338000,-141369050.0,72388250.0,20250326
381620,10110,11050,9980,10140,1189946,12568345985,0.6,133015708800,400202555.0,-11610060.0,20250326
159580,5200,5570,5150,5450,123496,656296495,3.81,109177866200,-87472715.0,-10300.0,20250326
147830,5520,5800,5520,5580,164202,929115680,1.27,111600000000,31746085.0,,20250326
033100,36600,36750,36050,36400,51937,1888764850,0.14,584671687600,173030100.0,232485600.0,20250326
079370,14510,14940,14300,14800,186673,2740763105,2.0,459051452000,290334235.0,-67387300.0,20250326
054950,22150,22400,22000,22250,18130,402203025,0.45,269000097000,93724900.0,-6461000.0,20250326
023440,2015,2110,1955,1969,1312574,2611109369,-2.28,143144494427,-219454143.0,,20250326
090470,4400,4440,4395,4440,4864,21492219,0.11,77596077360,-5989859.0,,20250326
137950,3865,3915,3820,3875,22390,86645905,0.0,86287779250,1488740.0,75.0,20250326
033320,5000,5110,5000,5070,135239,682671235,1.0,96910170240,316758940.0,35.0,20250326
417500,3465,3475,3390,3400,59291,202587495,-2.02,111468129600,-26739840.0,-17951150.0,20250326
204270,15630,16060,15510,16060,235586,3730978845,2.36,929046363960,880416005.0,162632785.0,20250326
026040,1831,1880,1824,1862,8066,14914651,0.76,30730056980,-703536.0,,20250326
452160,5440,5620,5320,5470,18953,103139960,-0.18,52607872690,16236960.0,,20250326
126880,3980,4125,3980,4090,47940,195424926,2.12,94908053270,14792647.0,20243165.0,20250326
322510,7290,7580,7250,7390,104624,771991620,1.51,188658511880,-6023320.0,-25223900.0,20250326
033050,796,875,791,794,250785,207264727,-0.25,25867997548,-6419465.0,,20250326
094970,2435,2475,2430,2445,57081,139218330,-0.41,40949446800,15616910.0,-48704845.0,20250326
418550,11330,11520,11230,11230,136002,1547114575,-0.71,359558467790,-115383800.0,130828215.0,20250326
420570,11310,13410,11310,12030,729681,9173731135,6.37,70345220490,515220420.0,,20250326
089790,4090,4245,4090,4215,39350,164392700,2.55,43479887295,66893550.0,,20250326
052670,0,0,0,2080,0,0,0.0,60588453120,,,20250326
412540,5460,5530,5170,5270,365810,1930349045,-4.87,108565504550,-3484750.0,-737762315.0,20250326
199820,9480,9810,9420,9420,167056,1596687965,-0.32,209312400000,101008030.0,-184362500.0,20250326
038010,6000,6040,5950,6040,9719,58319950,0.67,54360000000,-2328940.0,30.0,20250326
276730,1920,1984,1909,1924,35989,69065869,0.0,30163232944,-11878935.0,,20250326
080220,15070,15500,14740,15170,597566,9072331825,-0.85,522497776610,872136750.0,265875280.0,20250326
216080,7460,7460,7110,7180,108197,780279185,-2.31,257363639240,-16197905.0,1102820.0,20250326
229000,1584,1743,1550,1636,98779,163107427,4.54,25852024556,-8295260.0,-4419083.0,20250326
082270,35650,37400,34700,37350,464783,16679313100,0.67,1493782398900,-1105807875.0,667854150.0,20250326
044060,0,0,0,732,0,0,0.0,70075958688,,,20250326
034940,1016,1022,1005,1011,24286,24613057,0.1,31320605097,2363253.0,0.0,20250326
067000,1565,1603,1561,1596,59474,94253664,1.59,111565899816,6070041.0,651268.0,20250326
033340,620,621,594,603,545292,329243149,-2.11,58461186474,43827624.0,0.0,20250326
036930,40000,41950,39000,41150,725090,29621337150,2.36,1945091409150,2166377375.0,-451575525.0,20250326
072020,10100,10100,9940,10010,23482,234871440,-0.2,96683456870,-35282650.0,,20250326
000440,13410,13610,13320,13540,8720,117360925,0.07,84315340200,9885990.0,60.0,20250326
051980,3915,4130,3745,4065,2253633,8835679905,3.83,413826345435,820902853.0,-36585.0,20250326
228760,16260,16380,15960,16350,81581,1316811010,0.37,398324144550,152014525.0,-126924855.0,20250326
314130,2465,2465,2365,2425,95790,229709534,-1.82,75382373875,-3606304.0,,20250326
389030,1291,1315,1290,1300,19329,25031991,-0.54,43357398500,-4565.0,-2426774.0,20250326
043610,1995,1999,1920,1931,228781,445594636,-2.57,112220910778,1144173.0,29676424.0,20250326
263860,11460,13250,10880,11500,1850876,22644048750,10.9,104415400000,-261018470.0,-23470.0,20250326
303030,940,940,892,923,67150,61147404,-0.97,32993251564,1701077.0,,20250326
036180,0,0,0,577,0,0,0.0,53929030348,,,20250326
208350,2780,2825,2760,2770,3901,10846250,-0.72,24482780730,425.0,1180585.0,20250326
144510,21850,22100,21550,21650,38129,827399050,-1.14,342077447600,95543300.0,7302075.0,20250326
358570,15000,15000,14010,14660,483772,6989616400,-1.94,649508353340,815152875.0,-304360195.0,20250326
382480,2580,2975,2465,2705,25423874,71254960198,3.24,106461063700,278376103.0,140828585.0,20250326
382800,3620,3640,3540,3640,41455,148711270,0.55,115864989240,-29948515.0,5114465.0,20250326
051160,9640,9800,9550,9600,91962,889080365,-0.41,148554528000,-33948095.0,19617490.0,20250326
053050,2840,2850,2805,2815,117652,332195688,-1.23,84415085555,-24248137.0,-10.0,20250326
119850,15390,15670,15100,15240,304365,4679933410,0.26,250681373160,223455485.0,321937275.0,20250326
065060,155,156,145,154,4469048,674140088,-0.65,16633238776,-10230172.0,-1013092.0,20250326
204840,968,983,968,982,79116,78300625,0.82,75579832292,2495198.0,0.0,20250326
311320,7270,7740,7260,7640,28761,216255600,4.8,96375238400,-2107670.0,22660.0,20250326
388050,6920,7080,6920,6970,104701,734033890,0.14,130404775890,178555240.0,571540.0,20250326
018120,17090,17190,17090,17140,1493,25600510,0.29,113485996800,-206060.0,6784710.0,20250326
109820,2370,2440,2360,2385,50260,119705456,-0.21,48638831400,14566751.0,4359100.0,20250326
086060,3170,3200,3125,3165,9797,30997810,0.0,27252507855,-2505270.0,0.0,20250326
036890,9530,9610,9360,9400,122919,1161725080,-2.08,211333319200,34919070.0,-120363790.0,20250326
363250,10510,10650,10060,10140,42986,440085255,-3.8,71312571720,-139032095.0,,20250326
007370,6040,6090,5990,6040,68080,411059540,-0.17,78527405040,110885220.0,,20250326
285800,1976,2015,1975,1995,53707,107041059,1.01,34867153650,50903321.0,,20250326
085660,11410,11650,11400,11500,111535,1282632790,0.79,647616094500,107148480.0,294778140.0,20250326
261780,3050,3080,2990,3020,46147,139759005,-1.15,81010738960,15016911.0,18258400.0,20250326
351870,7790,7980,7770,7980,14082,111104020,2.05,89061923160,51005490.0,,20250326
094850,5930,5970,5790,5790,102276,600723920,-1.7,81060000000,19379630.0,5730.0,20250326
004650,8880,8880,8820,8850,6380,56404400,-0.23,81339332250,-5095920.0,-1035900.0,20250326
278280,36350,36650,35700,36500,22775,821462000,1.39,365000000000,117085350.0,-167621600.0,20250326
362320,5390,5460,5350,5400,35635,192925790,0.19,110976966000,68365610.0,27000.0,20250326
066360,834,839,814,821,63915,52561073,-1.56,39368604315,469955.0,,20250326
047820,0,0,0,5400,0,0,0.0,132051222000,,,20250326
094360,17900,18070,17700,17890,87155,1558754085,0.22,372525688360,100298615.0,170470390.0,20250326
016920,1750,2210,1709,2135,2274128,4456238837,24.27,56563703630,-479368914.0,587192.0,20250326
284620,1248,1310,1180,1293,206227,256061300,7.93,36437765349,49628116.0,,20250326
293490,15300,15380,15210,15320,133271,2035170570,0.13,1269513814840,352689585.0,244689855.0,20250326
140430,1963,2000,1950,1982,21555,42748306,0.97,37860598058,-8951914.0,,20250326
042000,54000,54600,51900,53600,92182,4922374200,0.19,1299963694400,-522977250.0,701472850.0,20250326
313760,4515,5100,4515,5090,337961,1642686910,13.11,51831098430,486309158.0,,20250326
317530,6150,6200,5540,6050,140522,814701850,-1.63,60738696700,80166090.0,68718780.0,20250326
071850,1498,1511,1467,1480,24588,36461155,-2.05,35906188240,-142193.0,,20250326
210120,2970,3020,2840,2880,232286,677287285,0.88,67917902400,171596835.0,,20250326
050110,706,708,699,702,144949,101865157,0.43,51824530836,16913703.0,-5700.0,20250326
452300,2780,2800,2720,2770,160103,442675451,-0.72,39046972600,9503968.0,,20250326
451760,10020,10210,10020,10210,25155,255057775,1.49,153062969960,39756485.0,250675.0,20250326
900310,850,851,835,840,7394,6216278,-0.12,53795007000,-352695.0,,20250326
078340,42150,46700,42150,44900,160255,7159389275,7.54,571925199500,1360775175.0,526579925.0,20250326
063080,22700,23650,22400,23400,61125,1410308750,3.08,154327492800,881325.0,865850.0,20250326
307930,5250,5290,5140,5160,193097,1007265030,-2.27,80547600000,221030860.0,-10.0,20250326
079190,467,475,460,466,47808,22333986,0.0,17873669524,-7514491.0,,20250326
263700,2260,2285,2240,2260,5724,12960775,0.0,43876092000,371960.0,35.0,20250326
214370,24950,25150,23900,24450,66032,1603532625,-1.01,1313331750000,573381125.0,-3314250.0,20250326
221980,10910,10910,10790,10880,1686,18334680,0.0,43898624000,-151610.0,-97330.0,20250326
038530,235,236,230,234,759012,176081185,-0.43,27077157198,6209585.0,,20250326
192250,8130,8130,7890,8000,3163,25186815,0.38,56537000000,4873520.0,,20250326
431190,4305,4415,4300,4355,14930,65268600,0.23,32603454910,1259460.0,,20250326
115500,11800,12080,11710,11860,205693,2442222195,-1.08,142320000000,-152122220.0,30.0,20250326
089150,2160,2160,2105,2160,19601,41777287,1.17,37044000000,179310.0,30.0,20250326
025880,2945,3180,2930,3005,3842607,11754950090,2.21,50231153290,-55758693.0,2472000.0,20250326
093320,74600,75800,73900,75400,9335,700428650,0.13,367952000000,51891350.0,1255800.0,20250326
093640,3830,3990,3750,3760,40650,154456849,-1.83,122601282240,-45869859.0,,20250326
073010,3830,3905,3825,3900,238577,922678842,0.78,156745875000,115462526.0,-3452019.0,20250326
105330,3780,3785,3680,3700,54296,202147825,-2.12,59422103600,17160400.0,,20250326
053080,12320,12540,12280,12360,51515,639595700,0.82,160677614520,67372680.0,4899250.0,20250326
199430,7910,8240,7910,8150,43900,356088400,3.03,88571860950,33239530.0,,20250326
432470,12250,12550,11890,12330,64206,790960075,2.32,106957275480,-125745140.0,-220.0,20250326
272110,17470,17830,17090,17590,58031,1015310310,0.69,141166698050,-54641040.0,260898020.0,20250326
039420,2500,2510,2480,2485,46215,115181360,-0.6,60024504050,-1763131.0,32674805.0,20250326
083550,2995,3040,2985,3040,10728,32397890,1.5,37617647040,6650.0,,20250326
032500,7920,8000,7840,7940,31719,251383935,1.28,316177811020,-27467430.0,123426770.0,20250326
225430,549,603,536,550,398328,226901245,-0.72,15337877500,16228724.0,,20250326
102370,3225,3275,3225,3255,14791,48032725,0.93,88631078550,2333310.0,-3220.0,20250326
068100,3515,3865,3310,3320,4847019,17691967958,1.68,32999518480,-55202011.0,0.0,20250326
106080,1790,1790,1602,1620,339671,559960888,-7.32,40719453300,50586814.0,-202125894.0,20250326
036030,3795,3860,3745,3825,37282,142103325,-0.13,187498757475,1085110.0,2967065.0,20250326
064820,5940,6070,5630,6060,955753,5626120880,2.36,187264471680,4849130.0,4967664720.0,20250326
256940,9800,9980,9470,9510,105054,1008481175,-3.26,178299737580,-338692300.0,19895890.0,20250326
024880,4175,4175,4095,4165,43993,181838110,0.36,86143853670,-10413510.0,0.0,20250326
042040,227,232,226,228,174581,39925125,0.44,44233114920,-66833.0,1035811.0,20250326
054410,3360,3385,3350,3360,3207,10804490,-0.74,19240851840,-72060.0,1369780.0,20250326
258610,1532,1532,1453,1504,27134,40524059,-0.86,40287848032,-1907891.0,-1496.0,20250326
274090,12250,12610,12140,12470,140062,1734489180,1.14,163416232500,236428125.0,23036525.0,20250326
089010,25350,25800,25150,25700,499839,12748743575,1.78,394092692200,1025472075.0,107081300.0,20250326
220260,4210,4345,4165,4295,78955,338046463,2.02,114067928565,-32274993.0,-40.0,20250326
052400,23800,30700,22800,30700,1423501,38549402725,28.99,447093033700,-2549607150.0,1689475725.0,20250326
402030,20600,26000,20450,24550,1560684,38458159050,21.53,281521920400,321111675.0,23851600.0,20250326
391710,1592,1615,1585,1598,29937,47812846,-0.68,67220007428,12433341.0,,20250326
046070,0,0,0,10280,0,0,0.0,146172317160,,,20250326
047770,1306,1328,1280,1286,148846,191604589,-1.53,48665586172,47033684.0,,20250326
080530,1248,1248,1182,1186,11879,14148070,-0.08,54475357930,-744332.0,,20250326
104540,6220,6400,6110,6200,8631,53439740,-0.32,79271588000,-5247430.0,,20250326
027050,2360,2405,2350,2350,153754,365893035,-0.21,94000000000,42390650.0,,20250326
190650,6010,6080,5940,6070,9676,58459530,0.66,38775160000,-272670.0,995320.0,20250326
123410,5190,5210,5030,5120,241609,1236192725,1.19,142546247680,90756100.0,72834345.0,20250326
036690,0,0,0,2885,0,0,0.0,45885746130,,,20250326
049430,11160,11520,10220,10220,248980,2691690360,-8.26,92470560000,109704690.0,-823080.0,20250326
183300,56300,60500,55900,60100,213913,12526949750,6.94,628687108400,-2270099700.0,904710300.0,20250326
041960,4090,4120,4010,4040,80758,326767315,-1.94,285313821320,-96233830.0,56575.0,20250326
089890,8070,8120,7730,7810,71997,571175260,-3.22,129528553220,39493520.0,-7810.0,20250326
360350,7130,7190,7020,7050,21466,152310265,-1.12,40220038500,-19768680.0,,20250326
082660,0,0,0,480,0,0,0.0,47827617120,,,20250326
222040,3690,3765,3675,3745,12360,46235095,1.22,77251860000,-3752210.0,13122044.0,20250326
241710,45000,46000,44400,44600,45659,2057624175,0.0,476328000000,-132315700.0,235574700.0,20250326
355150,6600,6810,6360,6590,65339,425919260,-0.15,51384536500,55720065.0,21491980.0,20250326
166480,3680,3750,3605,3645,189510,696763310,-1.22,119812520520,121292286.0,-135865.0,20250326
045970,3210,3300,3210,3225,26904,87227636,-0.62,84865475100,3097745.0,,20250326
196450,560,579,555,573,27657,15713229,2.32,25968120486,-36828.0,,20250326
384470,6500,7030,6380,6630,681347,4559723035,2.0,85136254320,-109474855.0,13544300.0,20250326
029960,8880,8890,8870,8870,12053,106937580,0.0,443500000000,5523490.0,51605680.0,20250326
102940,29550,30750,29400,30200,16380,494195175,0.83,375186287400,70174675.0,,20250326
950160,49550,53300,49000,51700,538745,27856276800,2.58,4214779426000,5443352900.0,2589882475.0,20250326
033290,2035,2060,2030,2045,29056,59362790,1.24,114839635545,14412770.0,6135.0,20250326
056360,5660,5740,5610,5650,89341,503803640,-0.35,55351920000,40307220.0,-3730.0,20250326
282880,13810,14040,13700,13810,26264,363492435,0.0,153868354670,34677235.0,-96360.0,20250326
121850,1208,1560,1150,1533,2045315,2801514428,25.86,46931530275,-265982649.0,,20250326
448710,17090,17580,17050,17450,41331,715908065,2.23,91797278050,106571455.0,49307100.0,20250326
126730,11570,11830,11100,11350,93737,1070481205,-3.07,96514271000,51595100.0,95244640.0,20250326
015710,4005,4035,3955,4000,57076,228003500,0.38,70122000000,42828510.0,,20250326
052330,8990,9300,8940,9260,43279,396766360,4.04,153041631240,70527050.0,26839385.0,20250326
322780,996,1045,996,1017,802903,816189106,2.11,38577467421,35324269.0,22347.0,20250326
200130,13130,13240,13000,13110,72073,943370560,-0.53,385637965380,-130162910.0,106163020.0,20250326
294570,16810,17690,16780,17690,23385,399047900,5.23,181405377650,124230170.0,-11022080.0,20250326
317690,4360,4420,4260,4410,57478,248991315,1.15,79744455630,45041995.0,3386595.0,20250326
227100,0,0,0,612,0,0,0.0,14770119384,,,20250326
432720,15420,16600,15150,15820,842510,13521724845,2.06,221660537840,110062145.0,-9122060.0,20250326
365270,6910,7050,6510,6650,105004,717040880,-3.76,92891183350,-14306445.0,0.0,20250326
348080,560,690,560,588,1308169,819249685,5.0,34082164032,-10781688.0,646666.0,20250326
060280,8740,8950,8560,8900,116951,1032151030,3.13,365700911000,-20155770.0,149965730.0,20250326
372320,28600,29100,27700,27800,35062,984590125,-1.77,394740345400,-80835525.0,31628875.0,20250326
051780,560,578,558,567,70229,39768143,1.25,13178352915,-6620863.0,,20250326
115180,9500,9750,8000,8890,800857,6962312730,-1.11,287118463100,-1114520715.0,50983165.0,20250326
445680,16950,17200,16000,16450,53851,894617840,-2.95,265650721000,-226576095.0,-1184900.0,20250326
182360,16800,16840,16400,16800,73184,1217037900,0.96,252041832000,-123790165.0,199934990.0,20250326
405100,12350,12510,12200,12400,16928,209620290,0.4,152387332400,27208045.0,-646990.0,20250326
066310,8670,8830,8600,8680,20316,176156210,0.12,80477670280,41524670.0,8900.0,20250326
016600,261,268,257,259,167085,43639321,-1.52,46166002008,-2460534.0,334906.0,20250326
355390,6220,6460,6160,6340,66645,418951710,0.63,56666514240,6722005.0,,20250326
096240,15290,15380,15240,15330,27827,426255100,0.79,170748299400,63977530.0,-113118350.0,20250326
040350,532,564,510,561,613755,335235744,5.25,108388186203,42816043.0,,20250326
110790,4705,4850,4560,4570,18376,85209848,-2.14,107079487200,2271785.0,-4642391.0,20250326
900250,839,859,830,858,466508,394933397,2.39,112089123432,77130796.0,,20250326
045520,4980,5110,4940,5040,33638,169160470,2.13,32760000000,3674428.0,673005.0,20250326
036170,905,946,900,931,184213,170251848,2.87,57131397806,5403943.0,,20250326
214150,58200,58600,57000,58400,105969,6138269000,0.17,3825530485600,334759150.0,742028700.0,20250326
466100,17750,18920,17490,18650,3835347,70346319245,5.31,459747472350,2165179920.0,19202940.0,20250326
352770,626,660,500,548,5835408,3455867198,-8.82,21309589924,37713493.0,,20250326
237880,20100,20450,19420,19550,181483,3600079270,-2.25,353294951150,10553230.0,-112014145.0,20250326
139670,2500,2645,2500,2555,11749,30214710,1.79,36073559550,268090.0,0.0,20250326
487720,2045,2055,2045,2055,1085,2223835,0.0,8692650000,0.0,,20250326
489480,1994,1996,1990,1996,6158,12282634,0.0,13173600000,-165376.0,9597530.0,20250326
446840,0,0,0,2130,0,0,0.0,12524400000,,,20250326
054780,4240,4285,4200,4275,33541,142035562,1.18,83566815075,14824700.0,-783195.0,20250326
219130,12580,12840,12420,12760,7201,91322070,1.43,80570340400,-34517880.0,,20250326
336680,9160,9180,9070,9080,24656,224644350,-0.98,177720833320,-18264925.0,766840.0,20250326
360070,30550,31250,30050,30650,31941,974685275,0.49,248612662950,65257825.0,427550.0,20250326
065130,4315,4400,4220,4285,8742,37329175,-0.7,73659072870,6718125.0,,20250326
134580,1971,2040,1960,1977,11893,23515665,-0.15,43544941359,-3733855.0,,20250326
023160,20500,21100,20150,21000,317238,6562783650,1.94,556500000000,397218775.0,-739760175.0,20250326
323280,30700,31000,27900,28100,546683,16076419675,-5.23,855384513000,-1939122775.0,45382150.0,20250326
053620,6230,6600,6190,6370,3895,24924130,2.25,54782000000,-2380.0,57210.0,20250326
044490,15250,15250,14650,14800,101816,1511286725,-1.6,296109238800,578000440.0,-521213585.0,20250326
124560,3005,3020,2975,2990,113560,340180193,-0.5,113370586160,-65644129.0,7960370.0,20250326
191420,16420,16980,16000,16080,9244,150366170,-3.13,130390050720,-52810870.0,-232110.0,20250326
073640,0,0,0,654,0,0,0.0,69571715580,,,20250326
066700,3085,3100,3050,3095,32436,99630350,0.32,100508376325,-32836285.0,95510.0,20250326
095610,23150,23450,22600,23050,110329,2528666550,0.66,455657609300,597761775.0,-488447000.0,20250326
064520,2030,2160,2030,2100,6050,12778985,3.7,46937230200,-1166975.0,,20250326
089030,37250,37450,35850,37200,378182,13930628200,0.0,1389555594000,2002612125.0,-1317736275.0,20250326
054450,15000,15230,14530,15140,86442,1295179800,1.14,229283687620,238422915.0,2897340.0,20250326
200230,3180,3240,3060,3140,45151,140941874,-1.26,37758572220,7044900.0,-3280595.0,20250326
393210,6180,6220,5900,5980,455193,2746142040,-3.24,93374973120,276792295.0,,20250326
475960,15030,15190,14510,14960,124075,1843104685,-0.53,195192006240,-13564395.0,-89305055.0,20250326
215480,2305,2335,2280,2335,11961,27394920,2.19,21949000000,33580.0,,20250326
051360,18870,18900,18450,18580,34327,637760595,-0.96,298525937640,-83657640.0,-11649460.0,20250326
045340,6860,8880,6740,8710,648101,5067865460,25.5,74540528400,-678479075.0,145995.0,20250326
108230,4345,4600,4290,4460,125010,548643799,2.65,169583672700,-65177319.0,4460.0,20250326
079970,0,0,0,596,0,0,0.0,5900183056,,,20250326
199800,33300,33700,32600,33150,7123,235773975,-0.45,283643168250,-46301175.0,2922850.0,20250326
417790,9670,9710,9530,9600,45554,437054035,-0.52,105596640000,51882820.0,-26481325.0,20250326
290090,7620,7770,7560,7760,948,7241420,1.7,57697679680,-23020.0,15380.0,20250326
026150,6380,6500,6360,6440,26926,172907045,0.63,112998371640,26221900.0,50.0,20250326
464280,13180,13280,12980,13220,28828,378240350,0.0,73106600000,18310280.0,,20250326
322180,5640,5640,5430,5480,66832,367045450,-0.54,114652472320,-30336645.0,,20250326
117730,12990,13490,12800,13300,459399,6078983660,2.39,241692414600,301692135.0,16296310.0,20250326
033830,781,782,765,772,95868,74313438,-1.15,77200000000,,1963276.0,20250326
057680,848,859,838,851,118704,100857191,0.35,60632474351,-479629.0,,20250326
204610,1761,1789,1738,1748,226724,397311586,-0.74,112434366560,-29457400.0,-16446056.0,20250326
064760,86500,87300,84600,86000,26723,2300210800,0.35,1004050000000,-497521100.0,838239500.0,20250326
246710,4890,5040,4260,4405,170834,789941392,-9.92,94913777340,5354525.0,-21202360.0,20250326
340570,77100,78700,76600,78500,34237,2673759400,1.95,638048000000,49310600.0,-240185150.0,20250326
043220,205,227,203,216,4382554,952412078,5.37,34392419208,59819462.0,-5328.0,20250326
277880,6200,6400,6110,6350,106838,672038530,-1.55,128021283200,82021930.0,,20250326
131290,49400,50900,48700,50900,42291,2111733450,4.52,563026736100,-47555325.0,290124500.0,20250326
425420,17910,18310,17800,18100,18972,343189145,1.63,205996100000,-32645005.0,,20250326
484810,19670,20200,18080,18300,1879643,36199677050,-7.01,282751744500,-4657215.0,-9845000.0,20250326
131100,1626,1638,1610,1628,38513,62819701,-0.31,45662554256,-46013.0,-6587.0,20250326
356860,22850,24650,22650,23900,3080604,72925501700,4.82,234999857000,-1496764175.0,-267171225.0,20250326
321550,3230,3390,3215,3265,55627,181274943,-2.54,87215434215,-4087290.0,-32297586.0,20250326
425040,7620,7920,7380,7670,160036,1214620900,2.68,163494195540,-84055080.0,-50811080.0,20250326
241790,5500,5520,5390,5480,10791,58844530,0.37,54814434320,919730.0,,20250326
104480,1446,1512,1446,1489,278738,414751871,1.99,135343301226,40143142.0,19934.0,20250326
081150,3000,3025,2985,3005,85153,255824355,0.17,72926548010,60757110.0,,20250326
130740,1655,1752,1640,1752,30290,51339366,5.86,19756741608,-589791.0,,20250326
084730,10990,11070,10790,10970,36966,405808845,0.64,121870381280,62525890.0,-12645210.0,20250326
440110,13140,13330,12820,12970,183863,2394694970,-1.29,640830748210,-777433780.0,98740450.0,20250326
033540,1783,1800,1590,1620,4828723,8125200219,3.91,61156722060,-121172264.0,,20250326
388870,7150,7180,6650,6690,84330,580769370,-0.74,86608285080,-91145030.0,,20250326
043200,508,516,502,510,45863,23381587,1.59,21320200650,151821.0,,20250326
214450,322000,337500,310500,337500,79936,25990454000,5.63,3546990000000,-543575500.0,6840199250.0,20250326
208340,0,0,0,2915,0,0,0.0,233786229820,,,20250326
177830,2940,2980,2915,2945,12778,37625050,0.17,39135377585,-2952010.0,,20250326
037070,5690,5920,5650,5880,83741,487110375,3.34,117600000000,37047300.0,50.0,20250326
150900,4620,4770,4600,4730,13995,65955465,2.16,55272046060,-174345.0,-9460.0,20250326
037030,2290,2335,2280,2290,51444,118275864,0.22,50102850460,3330851.0,,20250326
047310,4770,4840,4720,4765,65792,315524909,0.0,174450247575,68126524.0,1007280.0,20250326
368770,7090,7090,6720,6930,683289,4696552970,-2.67,227679779250,693011280.0,-159729590.0,20250326
170790,7780,7890,7550,7800,7017,54412560,0.26,53479374000,-3674200.0,4897010.0,20250326
049120,990,994,990,994,7419,7370306,-0.1,51700667536,,,20250326
038950,3265,3455,3255,3300,3238,10731420,0.3,33695524500,1650.0,-3260.0,20250326
387570,9870,9930,9410,9660,146799,1419828775,-2.52,54346194000,182836375.0,0.0,20250326
441270,5000,5110,4985,5080,102368,516575560,1.4,187898537080,85453930.0,57452550.0,20250326
106240,1128,1157,1103,1154,249883,284790142,2.3,19617238360,48189195.0,-2264.0,20250326
131760,973,980,954,961,325403,312964803,-1.23,41737751263,19497182.0,-969.0,20250326
065690,943,995,940,964,16051,15332895,0.52,13543555084,566416.0,,20250326
140860,206500,220000,200500,215500,33922,7269371500,5.38,1506016793500,-1518650000.0,1137357250.0,20250326
091700,7020,7050,6980,7010,73622,516470310,0.14,399570000000,67120850.0,124897060.0,20250326
032800,560,560,550,552,120434,66594721,-0.36,25368296016,3367995.0,,20250326
318010,3320,3345,3295,3295,15785,52207198,-0.75,26127168710,1860303.0,902622.0,20250326
027710,1219,1227,1211,1211,149484,181807922,-0.33,134925502600,6496570.0,-1809199.0,20250326
225590,891,903,889,899,31755,28393565,0.9,23946404987,136433.0,,20250326
054300,504,515,503,503,81399,41241459,-0.98,33704166888,-9010256.0,,20250326
068050,2755,2880,2710,2730,1499471,4188886652,-0.91,75604827480,-273046241.0,-630025.0,20250326
222110,5080,5080,4950,5020,7856,39174595,-0.79,64748948940,-4750655.0,,20250326
271830,1492,1556,1492,1515,44010,66884676,1.54,44677656030,-1889839.0,,20250326
263750,32450,32450,31650,31700,71898,2290686575,-1.4,2036657003500,-605216450.0,673719925.0,20250326
251970,48000,48200,46400,47550,55393,2613259225,-0.94,589620000000,480452975.0,-336147550.0,20250326
168360,11900,12140,11470,11520,256400,3045391820,-4.16,245241031680,-330688085.0,-16522940.0,20250326
087010,90700,90700,88100,89500,124333,11081636450,-0.44,2085112825000,980191350.0,-620631100.0,20250326
064800,1109,1115,1089,1100,208097,228387969,0.46,140588027800,11550544.0,-6600.0,20250326
119500,3095,3130,3035,3080,193904,596330375,0.0,36489474560,114549785.0,-3010.0,20250326
389140,6700,6750,6400,6510,296720,1936235615,-2.84,72343904850,100873330.0,6490.0,20250326
105760,6630,6720,6490,6500,203302,1332849815,-1.96,62666565000,-137772170.0,,20250326
009520,13640,13890,13540,13710,122417,1676184815,1.93,570921458130,209904765.0,67919270.0,20250326
189690,2120,2130,2085,2110,61010,127921270,0.24,57649354590,-26741965.0,,20250326
318020,2900,2925,2850,2890,13002,37345660,-0.34,36593966080,-92090.0,1642965.0,20250326
256630,1185,1195,1180,1192,15175,18038284,0.42,69132509824,-1577146.0,,20250326
331380,1773,1820,1655,1798,201271,342292132,-0.11,40860362696,-13955352.0,,20250326
472850,5910,5910,5780,5810,20397,118543160,-0.85,187918250730,-18111060.0,0.0,20250326
039980,2440,2680,2425,2490,5397177,13909561797,3.75,180170194920,-736512100.0,,20250326
041910,5860,6070,5860,5920,17364,103304870,0.34,79929513440,584930.0,,20250326
234100,1030,1056,1030,1043,166704,174119099,1.26,68341870975,17808864.0,,20250326
041020,5450,6180,5450,5620,5587749,32874551040,4.27,279457298760,552074875.0,17192230.0,20250326
114630,492,514,492,507,348259,176039445,3.05,39423076836,-4372734.0,,20250326
290720,2500,2500,2370,2390,23672,57109445,-0.42,55245863360,-18272325.0,,20250326
005670,4985,5000,4950,5000,14954,74357580,0.3,50000000000,-3968205.0,-303440.0,20250326
094940,6800,6900,6750,6760,56137,380847290,-0.44,56522969360,38501170.0,120.0,20250326
057880,0,0,0,8790,0,0,0.0,216061434720,,,20250326
007330,8420,8420,8250,8300,8177,67946110,-0.36,125187240000,-16367350.0,,20250326
093380,2485,2610,2485,2545,28333,72186120,2.41,25142851585,1443810.0,-1212260.0,20250326
023900,8910,8910,8830,8910,3802,33653035,0.34,112266000000,-4788530.0,344950.0,20250326
371950,13150,13540,12810,12810,60164,788859390,-2.59,269528651280,-299297020.0,90754760.0,20250326
370090,16920,17290,16920,17010,57963,990408735,0.59,145551678300,-138968895.0,-16840.0,20250326
445180,6380,6470,6270,6430,14752,94322195,0.0,107825878840,-5224010.0,-6460.0,20250326
151910,0,0,0,640,0,0,0.0,121645902080,,,20250326
220100,23200,24250,22150,23550,360986,8309967450,1.73,520505750250,26168275.0,756653650.0,20250326
035200,4760,5500,4630,5500,567680,2976954932,15.55,53518245000,-328475657.0,-180450000.0,20250326
334970,4140,4140,4010,4100,88287,359196555,-0.61,317412311700,24185715.0,15469510.0,20250326
321260,2265,2320,2250,2285,55463,126738335,0.66,64418911940,-20264610.0,5889000.0,20250326
053610,23950,23950,23500,23750,12015,285327575,0.42,261250000000,-51729625.0,87290800.0,20250326
303360,3290,3390,3265,3325,9621,31981245,1.06,42816739875,-2488535.0,-2162100.0,20250326
377220,1854,1892,1825,1875,20274,37539431,0.27,53081250000,-1449390.0,1866.0,20250326
335810,2670,2695,2610,2635,10472,27944145,-1.31,30604276010,-1063780.0,-18467740.0,20250326
053160,10410,12180,10370,11800,493467,5782043410,12.27,70800000000,-310537470.0,220.0,20250326
405000,588,615,579,585,229298,135944314,2.63,15254953740,16931646.0,,20250326
041590,0,0,0,789,0,0,0.0,115917098775,,,20250326
367000,4255,4395,4200,4395,12815,55908365,2.21,36866169765,48065.0,,20250326
075130,2340,2555,2320,2530,283858,703393790,8.12,42054469600,-28821795.0,,20250326
237820,5470,5520,5420,5510,41690,228436200,0.36,70677541400,36829490.0,,20250326
023770,3690,3970,3570,3730,69488,257824585,1.08,32700238600,-4365835.0,,20250326
019570,261,263,254,258,299805,76870678,-1.15,16849990836,-3003034.0,,20250326
300080,19690,20950,19660,20500,53636,1097579445,4.27,112787248500,30462990.0,4871950.0,20250326
033790,5590,5690,5480,5680,101435,567146035,1.97,129633504000,57061920.0,,20250326
032580,1254,1268,1250,1260,120666,151986969,0.48,41746400640,36269798.0,,20250326
051380,2555,2560,2500,2560,74984,189721560,0.2,39270584320,11550815.0,37773900.0,20250326
241820,0,0,0,302,0,0,0.0,17869934034,,,20250326
452450,9400,9700,9290,9320,1575753,14956461370,0.11,333898320000,-364703015.0,,20250326
237750,3795,3820,3795,3820,3322,12646080,0.66,24817012000,-550330.0,-3780.0,20250326
460940,12040,12650,11950,12560,63968,790268490,4.32,81285054400,123368755.0,88046480.0,20250326
319660,21150,22300,20950,22150,298465,6519531225,4.48,641612715100,-308905550.0,1276964575.0,20250326
031980,40000,41400,39700,41050,84131,3424678150,2.24,885136314750,468140725.0,214627700.0,20250326
002230,3920,3975,3920,3965,9979,39431315,1.15,76804718445,-401635.0,-1431400.0,20250326
043370,11390,11500,11330,11340,26350,300399040,-0.09,238140000000,39378520.0,97275435.0,20250326
239890,6360,6450,6280,6450,20546,130855600,1.42,64085619750,-5463690.0,8384310.0,20250326
347740,2165,2195,2135,2180,31655,68274188,0.69,65423055680,-583387.0,11825765.0,20250326
137400,43400,44550,43150,44000,100961,4430265725,1.38,1044695784000,601072725.0,213727575.0,20250326
257370,3145,3190,3060,3115,8563,26670990,-0.95,38952642015,-7320783.0,,20250326
147760,2855,2895,2750,2865,8386,23876773,3.43,30998916090,104514.0,,20250326
128660,3100,3220,3100,3155,142970,453612425,0.8,78254629195,127344850.0,,20250326
006140,5640,5720,5640,5690,8435,47684330,0.53,85350000000,11527680.0,,20250326
376180,2280,2395,2240,2350,113807,267220150,3.07,43454738300,15402735.0,,20250326
304840,2680,2740,2635,2740,102734,277442808,3.98,58165572140,53682353.0,,20250326
087600,7350,7410,7090,7250,33011,239046960,-1.63,59207545500,22170790.0,,20250326
291810,2180,2230,2055,2160,31372,66092427,-1.82,24532657920,2070090.0,,20250326
378340,17040,18740,16960,17790,1419801,25554946015,3.19,378675840780,-350253915.0,-25257250.0,20250326
161580,36800,38150,36500,37500,864432,32470500000,1.9,856881750000,5546492400.0,-129211275.0,20250326
347770,1523,1537,1490,1502,25628,38499172,-2.34,34331277084,-915679.0,26.0,20250326
163730,8550,8830,8490,8830,65929,571822515,3.4,82698318640,135494880.0,4895365.0,20250326
417180,2250,2260,2215,2255,37249,83251847,0.22,37920551295,-11670137.0,,20250326
446750,2085,2085,2070,2080,453,942580,0.24,12542400000,125100.0,0.0,20250326
448370,2080,2080,2070,2080,634,1317985,0.0,11689600000,,0.0,20250326
454750,2015,2020,2015,2020,1171,2362110,0.0,14548040000,0.0,0.0,20250326
454640,2080,2080,2075,2080,955,1982670,0.24,11234080000,,0.0,20250326
469880,1995,1999,1982,1998,37042,73523628,0.15,14595390000,684904.0,24886026.0,20250326
469900,2010,2025,2005,2025,2398,4837255,0.75,11350125000,-70875.0,0.0,20250326
475240,2120,2125,2115,2125,3421,7246865,0.0,6800000000,,,20250326
475250,2100,2100,2095,2100,940,1970995,-0.24,7770000000,-260400.0,,20250326
484130,2020,2020,2015,2020,429,866145,-0.25,9130400000,-24240.0,,20250326
435620,10570,10580,10560,10570,12132,128242800,0.0,45472140000,-31710.0,-57895870.0,20250326
299030,23100,24250,23050,23750,68527,1631148750,4.4,189879112500,260098450.0,9386100.0,20250326
067310,12590,13210,12440,13110,1057212,13687773910,3.39,868825251390,300980720.0,640456610.0,20250326
166090,34200,34700,33300,33950,177220,6023630475,-0.15,671452032300,812365550.0,-1468063475.0,20250326
136480,3085,3100,3020,3045,467985,1432035362,-1.3,323408542590,-9905782.0,-3571605.0,20250326
003380,5890,5970,5780,5830,180039,1058681550,-0.34,652992770430,27614390.0,156050600.0,20250326
450330,8520,8750,8370,8490,25508,216087200,-0.12,66527716410,44259250.0,,20250326
101670,1716,1830,1670,1682,1104842,1915126504,-1.41,91113889540,-60499658.0,,20250326
365590,621,634,605,617,193446,118170772,-0.64,95068142973,12071182.0,437576.0,20250326
149980,5460,5740,5460,5610,102106,572577160,2.94,104314376430,94550395.0,167818820.0,20250326
013030,27850,28300,27700,28200,44851,1259136625,0.89,346731464400,120783725.0,142349500.0,20250326
126700,17340,17530,17130,17190,59047,1021260375,-0.64,256854905280,-52410885.0,-6848850.0,20250326
450050,2060,2070,2060,2060,1458,3009930,0.0,10328840000,,-2070.0,20250326
160190,28700,31950,28700,31450,646912,19807636275,9.58,971427600000,1506737675.0,165901275.0,20250326
221840,1424,1424,1389,1399,5894,8240417,-0.43,26162084839,-74220.0,0.0,20250326
106190,14810,14940,14560,14680,17433,256600755,-0.88,156094979640,-43199240.0,0.0,20250326
065650,230,233,212,213,2306745,507188088,-6.58,22723208703,-20865518.0,-161479.0,20250326
066130,5250,5300,5200,5250,23214,121545825,-0.57,67200000000,-5884060.0,8919155.0,20250326
004590,4160,4170,4010,4090,30182,123596165,-1.45,61350000000,753255.0,-359295.0,20250326
039340,5960,6010,5940,5970,24157,144417130,0.67,137310000000,-26910140.0,119356410.0,20250326
034950,88400,88400,87700,88100,2234,196742450,-0.11,400019283400,-44005900.0,2452000.0,20250326
222980,3790,3850,3740,3775,44381,167786755,0.94,41643848325,11980510.0,3830.0,20250326
256840,3940,4010,3910,3985,131938,523889546,1.14,272553620710,12351434.0,707730.0,20250326
219750,0,0,0,967,0,0,0.0,63267797795,,,20250326
025550,3455,3500,3420,3475,168971,584214335,0.72,88661163900,152960110.0,,20250326
017890,9170,9170,9000,9150,19262,174980790,-0.22,197692704000,4646430.0,-944690.0,20250326
080720,0,0,0,2725,0,0,0.0,21562456300,,,20250326
063570,5230,5240,5180,5210,25469,132782170,-0.38,177909662880,-9955795.0,-14028715.0,20250326
041460,3335,3465,3335,3430,94316,322334533,1.93,65170000000,-21891704.0,40799555.0,20250326
101680,2925,3040,2700,2700,190543,545324306,-4.26,22690800000,-39079222.0,,20250326
039740,2805,2825,2690,2815,18125,49732250,-0.53,22571787555,2109160.0,,20250326
053300,4200,4260,4200,4260,53535,226432863,0.71,180800197860,27258748.0,-18805.0,20250326
025770,7820,7910,7820,7850,13578,106974570,0.38,293937527350,-2003650.0,50868540.0,20250326
458610,2130,2130,2120,2125,53,112415,0.0,8988750000,,0.0,20250326
464440,2125,2125,2105,2105,541,1138870,-0.24,9093600000,-985140.0,10550.0,20250326
477530,2895,2895,2740,2760,91281,256179190,-4.5,13275600000,-44911710.0,0.0,20250326
479880,2020,2030,2020,2030,193,391365,0.0,13946100000,,0.0,20250326
062970,5900,6110,5800,5800,2192366,13051643020,-2.52,114473544400,24256620.0,,20250326
023760,557,564,557,563,104806,58866482,1.08,177688191288,192823.0,-3644608.0,20250326
054040,4610,4705,4555,4600,41076,189915520,-0.76,73927934000,-12991000.0,,20250326
021650,2200,2230,2175,2195,7299,16124665,-0.23,35889485785,255797.0,,20250326
032300,14850,15020,14850,15020,10854,161904215,0.87,163818649020,49997565.0,70.0,20250326
037230,1623,1638,1613,1620,9813,15903511,-1.22,48276529740,-252004.0,-404206.0,20250326
030520,19400,19730,19380,19560,128559,2519623160,1.35,472955792640,149324510.0,150993750.0,20250326
052600,4150,4150,4085,4135,68568,281919695,0.24,47815899500,-4680285.0,10.0,20250326
256150,6110,6150,6030,6100,1944,11895520,-0.16,51209500000,18440.0,,20250326
092460,8900,8980,8770,8870,38103,336829605,-1.44,151762861600,-30966115.0,820.0,20250326
452190,5950,6220,5930,6050,1189256,7222820720,1.17,140134679850,64812980.0,,20250326
047080,1303,1314,1277,1296,33558,43173051,-0.54,32169781152,-218940.0,,20250326
452280,7510,7550,7300,7300,136184,1008643120,-3.82,125792505000,-12394950.0,0.0,20250326
066980,1219,1240,1187,1205,170719,207091890,-2.03,62581825625,91049059.0,,20250326
114810,8110,8410,8030,8340,200746,1665004535,3.09,242803871160,116024835.0,493417120.0,20250326
070590,1459,1542,1417,1507,521728,779048694,3.22,20916438147,7462730.0,,20250326
226440,0,0,0,1530,0,0,0.0,100580954580,,,20250326
042520,7140,7170,6960,7120,13473,94976090,-0.28,96307733040,3483360.0,-21055960.0,20250326
430690,4840,4950,4840,4855,78406,383666330,0.52,52896812585,80753136.0,,20250326
078350,11160,11540,10970,11480,67741,770622700,2.68,175005505360,94848375.0,-22949910.0,20250326
045100,16130,16300,16000,16240,36111,583188430,0.56,292320000000,-63202570.0,9429100.0,20250326
214870,99,99,85,85,3088907,280759300,-18.27,795533785,0.0,,20250326
320000,2685,2900,2625,2790,237121,658913291,3.72,78024099330,173339772.0,,20250326
091440,4375,4400,4170,4320,154079,660313387,-1.26,109431276480,-119531823.0,,20250326
024740,2220,2275,2200,2270,726130,1627685936,2.95,74676301230,489755391.0,0.0,20250326
005860,3640,3675,3630,3665,130526,476759909,0.83,144414505525,61114755.0,,20250326
007770,10090,10410,10010,10230,1048,10782945,1.39,35907300000,-621250.0,,20250326
198940,724,729,722,725,58580,42433143,0.14,28219159050,155363.0,,20250326
058450,939,950,924,940,97734,91389390,0.21,13906003740,-4584523.0,,20250326
107640,22800,23600,22250,23450,52834,1216768650,1.96,212408833700,52139175.0,11207525.0,20250326
079170,7000,7060,6930,7000,13466,94244370,-1.69,36400000000,1425510.0,,20250326
054920,2710,2775,2710,2755,27693,76240829,1.66,77738058155,28866376.0,15.0,20250326
457370,9750,10050,9530,9690,100110,972470780,-0.31,77782928460,-39291970.0,108312620.0,20250326
002680,761,775,730,735,130585,96882339,-3.42,23752847265,10722058.0,,20250326
098070,30350,31950,27000,28200,2622504,77023841225,-6.47,313616176200,-88762950.0,-47747125.0,20250326
455310,0,0,0,2010,0,0,0.0,10170600000,,,20250326
498390,1978,1983,1977,1979,117114,231730539,0.05,9815840000,1711447.0,50235941.0,20250326
034810,6510,6550,6400,6550,18920,122435455,0.61,213247413350,14841150.0,-40230.0,20250326
03481K,7080,7090,6960,6960,1927,13528790,-1.56,9666897120,-217600.0,2130.0,20250326
059270,6030,6440,6030,6440,159159,990798525,8.05,71746745560,117971530.0,,20250326
076610,815,827,807,823,10947,8982728,0.98,20947981954,-671819.0,,20250326
220180,2040,2095,2020,2060,9869,20177725,0.98,39980480000,-2483655.0,,20250326
900270,245,251,244,249,1221808,301301764,0.81,37918301664,35291775.0,,20250326
214180,12110,12170,12030,12100,13998,169097230,-0.66,158807817300,-57568820.0,49220.0,20250326
234340,13150,13460,13050,13240,9412,124064755,0.68,125157720000,-24731990.0,820630.0,20250326
084990,2340,2415,2295,2405,93404,219981265,2.78,110853176785,-39203440.0,-1382665.0,20250326
187660,1766,1842,1729,1760,738990,1318627822,-0.34,75660955040,10095819.0,,20250326
170030,7660,7900,7070,7350,4731443,35590993540,-3.29,112749000000,152767440.0,416600.0,20250326
319400,3580,3850,3535,3545,3160964,11665092393,0.71,417763719045,-197726782.0,13497442.0,20250326
048410,11780,12040,11690,11770,124008,1466665480,0.26,565214326160,103230710.0,314802700.0,20250326
052260,4410,4410,4360,4400,52066,227985905,0.0,132000000000,10020070.0,1918610.0,20250326
016790,0,0,0,994,0,0,0.0,187340898626,,,20250326
041440,9020,9050,8600,8600,285664,2507123835,-2.38,154077118400,-245317725.0,-216511820.0,20250326
039010,6200,6440,6170,6250,66595,421012250,0.81,53906250000,38268310.0,,20250326
090850,5210,5230,5130,5200,34390,177643635,-0.38,123481077200,2574880.0,24530.0,20250326
460930,15020,15260,14910,15100,117524,1771459785,-0.2,534423292100,136410095.0,-53545135.0,20250326
092300,2910,3065,2905,2920,490424,1467665408,-0.34,54524622720,77937696.0,10345.0,20250326
138360,601,627,594,598,130636,78706587,-0.33,28912252304,5474319.0,,20250326
011080,754,962,720,962,11901251,9740204325,30.0,30343101932,-471370562.0,,20250326
060560,814,818,806,810,77888,63285637,-0.49,103412315250,2397217.0,,20250326
064240,1978,2005,1890,1900,92720,178888260,-4.86,66572222800,-36635419.0,2046339.0,20250326
039610,10300,10500,9880,9980,521551,5264869080,-3.39,103895792000,588259745.0,-1496890.0,20250326
126640,1408,1418,1353,1372,114854,159881124,-1.22,49904972964,58020122.0,,20250326
127980,6070,6070,5910,5980,5635,33633660,-0.83,70807290320,-433280.0,,20250326
061250,1063,1067,1052,1067,96007,101698669,0.38,88427254751,26478175.0,,20250326
097870,7190,7470,5880,5980,1481297,10227605615,-13.21,50770200000,108830485.0,190.0,20250326
290270,3420,3470,3420,3445,7481,25773365,-1.01,33098430040,1266815.0,-31145.0,20250326
353190,660,723,660,680,168740,115948695,3.03,26777325600,-4379009.0,,20250326
090710,1932,2005,1931,1947,3198560,6256047385,-1.12,214632982971,74113954.0,-1947.0,20250326
078590,579,591,569,571,211243,121463739,-1.55,32096102998,-6102140.0,,20250326
205470,1512,1542,1512,1534,587345,899844790,1.46,198461263806,275745719.0,-599832.0,20250326
115160,1062,1065,1050,1053,22723,23986498,-0.85,46300540572,760249.0,,20250326
028080,2195,2250,2160,2210,34837,76565435,0.68,27796288260,13856165.0,,20250326
175140,5330,5620,5330,5540,55834,307635820,3.94,130899574280,-10050905.0,,20250326
200670,40850,40950,39900,40750,62062,2518561275,-0.24,457619647500,631928475.0,-515574050.0,20250326
065510,8090,8120,7960,8030,44635,357457690,-0.74,97639749130,-57753650.0,-39970020.0,20250326
215090,0,0,0,1505,0,0,0.0,149972154360,,,20250326
263920,953,970,953,965,8857,8539411,0.21,47328554310,234233.0,,20250326
243070,26400,26650,25850,26500,22838,599021625,0.38,317461122500,-110206525.0,62054400.0,20250326
084110,43700,45000,42550,43000,81414,3544934325,-2.71,543383260000,-778648350.0,841896000.0,20250326
145020,338000,338000,327500,337000,31757,10595673500,-0.15,4247559121000,-1871954000.0,2862553750.0,20250326
024060,11210,11320,11160,11290,57904,649409025,0.62,169350000000,68174335.0,-11190.0,20250326
010240,5140,5250,5100,5240,13695,70751930,1.95,64570927040,-907030.0,-165200.0,20250326
189980,1752,1764,1729,1753,70859,123901829,0.06,70361610731,4786639.0,,20250326
037440,5100,5130,5000,5060,77349,391555140,0.0,70447723500,18816850.0,,20250326
238490,3600,3600,3510,3535,15398,54409155,-1.39,39988754260,-1852265.0,,20250326
