code,open,high,low,close,volume,거래대금,등락률,시가총액,foreign_net,inst_net,date
060310,1838,1895,1824,1890,220234,411331477,2.27,100281585600,132074923.0,,20250102
054620,5220,5270,5100,5180,30464,157028350,-1.52,103052064780,-7366410.0,9580.0,20250102
265520,15770,16010,15660,15850,40365,639795300,0.57,242210522850,-37657230.0,75304350.0,20250102
211270,12570,13510,12540,13460,310344,4083772530,6.57,203007811840,251323770.0,-11036770.0,20250102
109960,536,536,509,510,196176,101142874,-2.11,102402527190,-38981722.0,,20250102
139050,0,0,0,2805,0,0,0.0,24247965555,,,20250102
126600,2855,2870,2760,2775,25432,71241400,-1.94,174178144725,-19574755.0,10720.0,20250102
013720,806,824,798,810,91429,73591046,0.5,36148790160,-7464529.0,,20250102
083790,2420,2430,2390,2415,13334,32126550,0.42,185699449530,-11017385.0,,20250102
035760,53900,54700,52600,53700,68409,3665773300,0.0,1177595569800,-10608800.0,-1165744100.0,20250102
311690,10120,10150,9880,10150,23183,232676740,0.59,132614439300,33704680.0,5440.0,20250102
051500,17420,17460,17120,17290,28367,490270740,-0.97,205259721940,-68864330.0,-46356250.0,20250102
058820,1761,1775,1753,1765,233363,410829580,-0.17,245144810660,21658472.0,7666273.0,20250102
023460,0,0,0,109,0,0,0.0,4054800000,,,20250102
056730,690,705,683,693,8147,5652706,0.29,51359051898,-81408.0,661962.0,20250102
065770,1957,2270,1800,2180,3614410,7473630251,24.36,42316263400,404934213.0,-4069433.0,20250102
083660,1019,1020,999,1007,55709,56239066,-2.23,61675911267,129309.0,,20250102
456440,0,0,0,2275,0,0,0.0,12091625000,,,20250102
477760,2040,2060,2030,2060,11734,24102350,1.23,12030400000,-571795.0,17709065.0,20250102
099520,0,0,0,1284,0,0,0.0,58141862016,,,20250102
060900,994,1010,986,1000,38207,37975363,0.6,25258229000,3829108.0,,20250102
290120,2215,2235,2205,2215,10196,22586390,0.23,34366030670,-415325.0,,20250102
025440,819,825,806,825,33471,27263561,0.73,25394509800,2448754.0,,20250102
068790,5750,5870,5700,5750,22846,131834970,-2.21,141295100750,19236230.0,,20250102
241520,2870,2885,2830,2870,21060,60265245,-0.35,78913878750,-8331545.0,,20250102
180400,1859,1886,1829,1874,388119,720517965,0.81,92237215568,-80125803.0,,20250102
245620,0,0,0,415,0,0,0.0,57474989665,,,20250102
037370,5750,5750,5600,5680,9969,56413710,-1.22,48989840960,-3480490.0,4720.0,20250102
050120,1875,1899,1868,1895,3797,7174142,0.05,25703942970,-540826.0,,20250102
214270,1810,1860,1810,1828,63959,117377704,1.22,60781846364,42275943.0,,20250102
130500,2715,2810,2690,2760,316085,882232050,1.47,40144343520,10772960.0,5.0,20250102
900290,3275,3350,3230,3295,36111,118410405,0.61,266400750000,-26652745.0,13320.0,20250102
083450,16690,16900,16470,16640,250475,4169240020,-0.6,309807846400,-902834340.0,-8327980.0,20250102
297890,2730,2770,2680,2745,297455,811642840,1.48,200771808930,69184255.0,188650.0,20250102
440290,1580,1588,1554,1576,46649,72847362,-0.25,42720647760,7872884.0,,20250102
078150,1951,1996,1940,1994,513820,1016331259,2.41,184875536504,28785697.0,-3988.0,20250102
195940,36300,36600,35550,35950,114387,4108358150,0.28,1018459581450,-610090600.0,-1077905300.0,20250102
028300,73100,75000,72100,73400,619817,45655584300,0.41,9643837582200,130975800.0,-741332100.0,20250102
278650,2095,2145,2080,2115,209965,444223895,0.95,183435195735,225597580.0,-13761210.0,20250102
067630,9920,10400,9920,10030,498084,5066065460,0.2,1222494323430,-177381980.0,-163731010.0,20250102
024850,2520,2715,2430,2590,1043746,2694953665,3.19,373747678570,-424204815.0,-268304575.0,20250102
187420,4525,4530,4335,4365,269340,1189787890,-2.13,126961123320,-301805290.0,,20250102
047920,24000,24500,23650,23950,268536,6477841400,-0.62,761969106300,-777184400.0,6399250.0,20250102
115450,11730,12770,11590,12390,1375163,17049829580,5.81,992933769870,1905046440.0,287400610.0,20250102
046210,2825,2925,2805,2850,51346,146495795,1.06,121145853450,19249840.0,1270335.0,20250102
403870,25800,26550,25450,26450,462920,12081357050,1.54,2201036115200,2053307800.0,333641050.0,20250102
036640,4565,4670,4565,4650,13067,60346645,0.54,76049820000,-7709960.0,0.0,20250102
439730,0,0,0,2150,0,0,0.0,9266500000,,,20250102
442770,2210,2215,2100,2110,78,165210,1.2,8883100000,-6630.0,0.0,20250102
448760,2115,2115,2095,2100,1227,2580985,0.0,9303000000,-54645.0,-1486130.0,20250102
467930,2065,2080,2060,2060,20988,43244210,0.24,8713800000,113560.0,40151675.0,20250102
469480,2080,2100,2070,2090,4265,8880350,1.21,8840700000,-145640.0,5075980.0,20250102
095340,71100,73600,69200,70000,212210,15158872900,-2.91,1483794060000,-2084772100.0,2953824400.0,20250102
950170,4070,4075,4000,4040,15917,64274710,0.5,209055245920,-1815475.0,17590580.0,20250102
067290,1540,1570,1511,1566,129320,199194175,3.78,79617792132,-50539476.0,-99914.0,20250102
035900,69600,71000,66800,67600,498428,33926583300,-3.29,2401996459200,-5625614200.0,-2926371800.0,20250102
318000,4580,4800,4570,4670,13994,65280735,-0.21,40816841410,-7574550.0,,20250102
024840,1911,2025,1904,2025,720239,1429682194,4.76,70691127975,283744656.0,,20250102
024120,3110,3180,3110,3175,7408,23387875,0.47,36512500000,305555.0,-3565.0,20250102
455250,2035,2055,2025,2050,9723,19874150,0.49,8825250000,365260.0,12516340.0,20250102
458320,2160,2165,2135,2135,12766,27348420,0.0,11753175000,-1548295.0,,20250102
464680,1949,1959,1945,1950,15298,29813775,0.05,25164750000,-2221778.0,-22818841.0,20250102
476470,0,0,0,2095,0,0,0.0,11532975000,,,20250102
478390,1991,2000,1990,2000,10440,20873693,0.45,12440000000,-352865.0,19996610.0,20250102
486630,2005,2005,1989,2000,7121,14237188,-0.25,10620000000,98119.0,10608947.0,20250102
492220,1926,1930,1924,1928,54276,104560772,0.1,11972880000,-1615481.0,69754192.0,20250102
021320,4005,4060,3995,4005,5026,20161130,0.0,85707000000,1262785.0,318260.0,20250102
036670,6610,6630,6540,6610,8683,57221370,0.0,74494700000,-224910.0,-1312860.0,20250102
044180,635,698,609,668,1622404,1068278124,9.69,17847489732,51720431.0,435813.0,20250102
046440,4710,4810,4705,4780,47889,228318870,0.74,185586215040,-37173795.0,-9644395.0,20250102
151860,4690,4765,4625,4730,56098,263673270,-0.21,232257199460,-48221590.0,-17824975.0,20250102
035600,8750,8820,8670,8770,76255,665364290,-0.79,244721886180,-165981570.0,-68749920.0,20250102
226360,0,0,0,2555,0,0,0.0,60698450260,,,20250102
111870,0,0,0,8910,0,0,0.0,43928518590,,,20250102
060720,8070,8150,8040,8120,41519,335710450,-0.25,192260829040,-16684480.0,-30336350.0,20250102
058400,796,814,792,810,330875,267446964,1.76,107268073200,,,20250102
101000,2125,2180,2065,2155,90005,191014300,-0.46,66044567305,-33794500.0,,20250102
122450,2985,3035,2920,2960,190193,565121520,-2.47,134194453440,19381125.0,-8643360.0,20250102
052900,864,911,864,898,93199,82668254,2.86,49486550266,5243945.0,386904.0,20250102
376190,3965,3965,3800,3955,2892,11263930,3.53,97293000000,-769035.0,,20250102
061970,3560,3610,3520,3560,57001,202783580,0.0,155873147520,-7670990.0,3467400.0,20250102
309960,3185,3205,3070,3185,43374,136502745,0.0,73946906215,12058045.0,,20250102
225190,2635,2770,2580,2745,1303470,3520428405,5.58,139304467800,-19174830.0,,20250102
060370,14730,15500,14730,15500,380299,5787260410,4.8,506367237000,1286615590.0,-25195660.0,20250102
417200,11700,11920,11450,11850,200901,2361257400,0.59,801684009150,-560170240.0,-45202660.0,20250102
078020,3830,3835,3605,3745,57700,214189720,-2.22,207777056550,-9916690.0,646465.0,20250102
476080,14790,15960,14420,15060,820648,12506041750,3.86,117242100000,-1083381480.0,552180.0,20250102
086960,975,985,938,972,782213,756805446,-1.82,90222777936,88001884.0,970.0,20250102
038340,0,0,0,1233,0,0,0.0,39979891836,,,20250102
160550,2200,2200,2125,2125,50653,108618280,-0.7,59300475250,-1709990.0,,20250102
053290,3640,3770,3600,3745,72428,266052470,2.88,61891019715,89849940.0,45.0,20250102
060250,7080,7590,7030,7570,161833,1185141130,6.62,304015825270,-53832190.0,154725420.0,20250102
104200,2690,2805,2690,2805,13261,36237130,2.19,41591277750,2317115.0,2755.0,20250102
222160,0,0,0,8040,0,0,0.0,79551289560,,,20250102
024940,7720,8010,7450,7960,640681,4986578250,2.18,79600000000,141246120.0,,20250102
218410,13100,13230,12680,12820,142524,1843776470,-2.14,339530546440,-377467410.0,-46690410.0,20250102
327260,4715,4970,4715,4925,38317,186971030,3.14,41533662675,48376810.0,-18922210.0,20250102
474610,3925,4115,3915,4100,149803,607054465,4.99,51586458300,88534790.0,0.0,20250102
091340,2455,2490,2435,2470,19015,46918065,0.61,28908190870,2964140.0,,20250102
419530,12740,13220,12340,13220,66440,862590590,3.85,113572094600,248861770.0,450.0,20250102
019550,790,825,774,818,1592747,1272589381,7.49,132570458350,106673096.0,198.0,20250102
950110,4975,4980,4970,4975,28640,142400495,0.0,119661386500,0.0,0.0,20250102
036120,2440,2440,2330,2400,339338,806480225,-2.04,85200000000,57214520.0,,20250102
246960,8240,8600,8180,8330,8012,67077120,1.09,60670730330,3484990.0,-3043320.0,20250102
099220,1095,1126,1092,1118,383432,427183315,0.99,62800084698,5482496.0,,20250102
036540,3060,3120,3040,3085,228164,703001615,0.0,507360034755,-15814590.0,-58173660.0,20250102
255220,2860,2945,2790,2935,2935483,8450545250,2.62,284571389540,-528018485.0,38486260.0,20250102
040610,1593,1594,1561,1593,27514,43525777,-0.06,54300903228,952668.0,140446.0,20250102
049470,289,300,289,290,128840,37589974,0.35,17070052210,13178032.0,,20250102
184230,464,474,455,464,51106,23752130,0.0,29046010704,-431957.0,-2961.0,20250102
016250,12700,12990,12700,12970,1685,21645830,2.13,42069297450,15100.0,2018600.0,20250102
048550,1395,1433,1395,1427,86854,122847976,1.93,138011762740,-4043861.0,-1087880.0,20250102
063440,1248,1268,1248,1258,59498,74731786,-0.16,57904675732,-1049969.0,,20250102
067160,90600,91600,89700,90200,47847,4324257900,-0.77,1036827983400,348423700.0,-1545097500.0,20250102
289080,1325,1366,1323,1360,159090,214882476,2.8,72398240000,55776658.0,,20250102
089230,868,1100,868,960,1417401,1445291874,10.6,21007634880,-31373911.0,,20250102
032540,4660,4865,4640,4760,5159,24308330,1.38,66314458840,-1393560.0,-2527580.0,20250102
022220,950,980,950,972,56629,54775673,0.41,50344330788,9004148.0,1033105.0,20250102
048770,2010,2330,1990,2150,894655,1943405633,9.97,33750680650,-14843719.0,,20250102
246690,924,973,918,973,90202,85766465,6.46,40357959726,14249253.0,,20250102
317240,0,0,0,279,0,0,0.0,29920217238,,,20250102
057030,4415,4510,4385,4485,172095,766191935,1.7,73162446045,-148504715.0,,20250102
040300,3115,3270,3080,3190,790035,2514919940,3.91,133980000000,133882880.0,0.0,20250102
051390,3620,3670,3620,3645,1784,6510115,0.83,41390316360,-196650.0,1209780.0,20250102
052220,3460,3790,3315,3545,3600031,13001196730,6.14,81535000000,-296391680.0,,20250102
079940,16290,17270,16290,17200,86989,1479714830,4.43,232813764800,547955620.0,1798100.0,20250102
078890,3040,3150,2975,3135,45997,141604145,5.38,54968789040,16820695.0,12470.0,20250102
399720,39100,41600,37600,41500,182762,7344640700,6.14,481288780000,-234250.0,103479800.0,20250102
036620,3080,3140,3045,3100,416705,1294940435,0.65,283601441600,247637675.0,23506060.0,20250102
198440,1203,1225,1196,1219,12628,15196446,1.33,74275981224,1572245.0,,20250102
217730,2020,2080,1990,2015,203974,410965554,-0.25,112949110235,-55816664.0,,20250102
114190,8900,8970,8800,8950,94663,839968720,0.0,233801190100,-86092640.0,1950.0,20250102
094480,7720,7910,7620,7890,542400,4219649310,3.54,309523421820,61224290.0,-560190.0,20250102
039240,4740,4975,4620,4855,2993674,14435297010,6.82,130985977420,-140186140.0,-518425.0,20250102
053950,796,812,777,799,479770,381387922,-0.25,62439739042,45101852.0,,20250102
011040,6120,6190,6060,6180,73791,450227870,0.82,190150973880,48754360.0,1532510.0,20250102
024910,1901,1930,1901,1930,31694,60821700,0.36,69130679650,7692083.0,,20250102
049720,10110,10170,10000,10040,37584,378649320,-0.69,143572000000,17374750.0,16621380.0,20250102
014570,4595,4750,4580,4650,6483,30068715,1.2,51150000000,4173175.0,,20250102
348150,5360,5480,5340,5450,50630,274001530,1.68,105587482500,67183380.0,,20250102
950190,8790,8850,8710,8730,6897,60464640,-0.68,118552457160,-7269950.0,9780.0,20250102
098460,8150,9050,8150,8890,1696740,14855398550,9.62,610340771950,-2419038620.0,1486160330.0,20250102
035290,409,429,407,410,70448,28893401,1.49,19547356800,1559365.0,,20250102
900280,5,6,4,5,46943505,232056157,-16.67,1027021440,,-52290.0,20250102
215000,64000,65900,63700,65500,12495,808089000,0.15,411039682500,-83463900.0,12199900.0,20250102
121440,3500,3530,3440,3495,17603,60911700,0.87,149714678910,-22565985.0,3798110.0,20250102
366030,3645,3700,3610,3650,7917,28878930,0.0,82686552500,-10943465.0,,20250102
014200,0,0,0,30200,0,0,0.0,91311391200,,,20250102
029480,2490,2525,2380,2440,266606,657417990,-1.81,134222162520,-117447755.0,,20250102
026910,1960,2050,1960,1979,8193,16291346,0.97,12676296495,-1366702.0,,20250102
440790,2110,2110,2090,2095,1421,2973640,-0.24,8484750000,-54420.0,-521755.0,20250102
456490,2095,2095,2065,2085,16497,34155485,0.72,8757000000,1018705.0,24354245.0,20250102
465320,2085,2085,2080,2085,714,1488630,0.0,7943850000,-10425.0,1459500.0,20250102
482520,1970,1997,1970,1995,80,159293,1.12,12169500000,-5958.0,21945.0,20250102
489210,1965,1976,1965,1974,26329,51895639,0.25,10225320000,1966967.0,37993410.0,20250102
053270,1981,2035,1971,2035,26248,52455353,2.73,55780174175,6324636.0,,20250102
066620,18100,18250,18010,18110,12869,233072250,0.33,135825000000,-189220.0,293390.0,20250102
043650,4600,4695,4590,4670,14551,67627250,1.52,83398279680,-3480445.0,50.0,20250102
006050,1553,1626,1501,1609,1521625,2340964740,3.61,56146445987,173428159.0,,20250102
060480,1730,1763,1719,1748,22237,38522579,1.04,19385320000,-483454.0,,20250102
078130,0,0,0,800,0,0,0.0,901924696800,,,20250102
307750,3475,3570,3475,3570,57999,205048670,1.56,175177290330,15814760.0,30.0,20250102
035080,11940,12060,11850,12010,8772,104950360,-0.41,164255941980,-8009060.0,2982270.0,20250102
453450,16500,17000,16500,17000,33922,571939830,2.53,135026750000,39499480.0,,20250102
204020,2875,2915,2840,2895,26688,76899015,-0.17,58326809850,-5993065.0,28567000.0,20250102
402490,17870,18540,17390,18540,297905,5377845570,3.75,153250601760,-20475100.0,40230.0,20250102
114450,1604,1638,1587,1625,23580,38033445,1.31,32500000000,297593.0,15.0,20250102
186230,7450,7800,7420,7750,20549,155099080,4.17,83856457000,11554240.0,-30.0,20250102
900070,406,417,402,406,22717,9261953,0.0,21820051008,-3756.0,,20250102
204620,3405,3525,3390,3440,275927,951708620,1.03,210239160400,-254345185.0,-107403050.0,20250102
019660,595,618,589,589,30510,18102814,-0.34,20491749394,115551.0,,20250102
053260,3920,4000,3885,4000,6754,26446785,2.04,74880000000,-2175450.0,2063685.0,20250102
282720,9200,9390,9130,9300,38114,352717930,1.09,112711350000,-61194140.0,46500.0,20250102
036190,24800,24800,24550,24600,3657,89916900,0.2,147600000000,-14948500.0,24900.0,20250102
049080,542,555,534,550,60212,32929716,0.36,46685840850,2703969.0,8250.0,20250102
420770,24400,25250,24050,25250,20064,497279250,2.85,320062889500,16747750.0,-24553300.0,20250102
035460,1756,1785,1721,1758,19444,33901390,0.46,25626963720,2001121.0,,20250102
308100,3095,3150,3000,3065,24121,74139915,2.51,20304806645,-399950.0,-169395.0,20250102
407400,8620,8890,8380,8890,246772,2138439010,7.89,108986723860,-20081670.0,,20250102
187790,0,0,0,1025,0,0,0.0,31611850750,,,20250102
286750,1990,2055,1990,2050,115803,234312564,3.12,44102795950,84682561.0,-10792213.0,20250102
121600,58800,59100,57100,58100,58013,3355231900,-0.17,708592131800,114157200.0,-57471800.0,20250102
247660,6610,6730,6600,6720,2977,19846360,1.66,29191142400,4601670.0,,20250102
039860,3225,3330,3165,3295,203030,660742735,1.23,105802720190,-90246515.0,3215.0,20250102
091970,684,684,660,668,43437,29044169,-2.34,24994885324,-2898886.0,,20250102
417010,7030,7240,6430,6970,158269,1083382880,-1.83,137478566160,82371020.0,-5005810.0,20250102
405920,3125,3125,3040,3090,9444,29026895,-0.16,39793254840,5450710.0,,20250102
051490,3745,3850,3690,3790,22492,83910120,1.2,53818000000,-5728905.0,-25.0,20250102
137080,4045,4060,3870,3905,32980,129264905,-4.52,43187042910,14907660.0,40.0,20250102
190510,13230,14800,13230,14700,453162,6498979530,11.2,239086444800,1350520610.0,-8483480.0,20250102
242040,1451,1517,1436,1509,220382,329860126,5.08,52220852376,63679833.0,10563.0,20250102
089600,13850,14050,13850,13880,16633,231024520,-0.14,160566102440,24685700.0,-18952180.0,20250102
293580,1223,1415,1190,1378,11793195,15808629771,18.69,130813471100,1006980710.0,1603418.0,20250102
138610,16060,16440,15700,16270,114492,1833933810,1.81,177231013590,-21311720.0,1534960.0,20250102
130580,4820,4820,4760,4785,8082,38650000,-0.73,73689000000,-15217000.0,292835.0,20250102
036800,17940,17940,17810,17850,1886,33652960,-0.5,178500000000,-303420.0,3732590.0,20250102
267320,1866,1929,1866,1919,52349,99201159,0.52,83791415576,19235844.0,181165.0,20250102
111710,5130,5130,4960,4965,13152,66450270,-3.22,102219420000,3008485.0,,20250102
091590,3915,3945,3850,3945,19571,76141150,0.77,46314300000,10690165.0,,20250102
168330,1322,1340,1314,1318,17683,23401325,-2.44,41852958200,424214.0,,20250102
094860,1010,1015,955,1000,29094,29018795,-0.5,21399569000,-4134966.0,,20250102
253590,8660,9080,8530,9020,273827,2415658040,3.2,395699859280,97193000.0,-24464060.0,20250102
212560,7850,7950,7510,7880,35925,281243740,0.38,62054708440,15675920.0,1143350.0,20250102
095660,18880,19000,18310,18510,102580,1899835550,-2.01,404569664160,-73673400.0,-747266050.0,20250102
042420,17850,17880,17460,17660,4613,81442320,-0.51,156412253560,-27997310.0,2748000.0,20250102
950220,1122,1215,1116,1150,430371,495898666,2.22,113697584750,-62940612.0,,20250102
311390,5490,5550,5380,5550,1883,10286480,1.28,70228528950,-2031830.0,20.0,20250102
085910,3135,3195,3135,3180,22439,71052185,0.95,44312721240,199060.0,3160.0,20250102
092730,11940,11940,11500,11530,55176,641196070,-2.7,184802713170,-261355250.0,-5640070.0,20250102
290660,889,897,875,883,32372,28684186,-0.11,40689875317,2040655.0,,20250102
306620,2700,2810,2635,2800,1645366,4533631415,3.7,120648970400,78924465.0,-15570.0,20250102
153460,6590,6970,6590,6650,1397,9247290,-1.48,43424593100,-240.0,,20250102
007390,22450,22700,20600,20650,1359769,29208043000,-3.95,1328975271400,-10162086500.0,-96512350.0,20250102
033640,6450,6750,6350,6750,35371,232799520,3.05,155649613500,10688640.0,-17253750.0,20250102
330860,10430,10670,10330,10670,15570,164029740,2.3,130003760150,5104090.0,1158070.0,20250102
089140,2915,2915,2820,2860,46816,133883410,2.33,34807958900,-18443355.0,,20250102
389650,42950,44000,41900,42650,253971,10891582800,4.02,344897157900,-478512050.0,33665950.0,20250102
137940,510,537,495,532,999838,512892783,4.31,41666767744,37669480.0,,20250102
396270,13750,14050,13600,13880,388929,5409617610,2.21,251074487200,94688070.0,-131046790.0,20250102
348210,50100,52900,49500,51800,37701,1934367050,1.37,540649550000,218163200.0,352491150.0,20250102
225570,13230,13510,13190,13470,196995,2624437070,0.6,887136543780,-81760100.0,80389510.0,20250102
217270,5410,5470,5320,5400,246229,1324854760,-0.74,252051210000,-65788160.0,2290890.0,20250102
104620,4600,4615,4485,4500,56366,255221625,-2.17,71289567000,-23238575.0,,20250102
473980,20550,21600,20450,20650,99658,2090759100,0.24,222846891050,120063200.0,223684200.0,20250102
194700,7590,7590,7410,7470,52396,392778900,-0.4,140098714560,-19745780.0,-16157340.0,20250102
285490,14450,14680,14210,14550,34460,499361190,-0.75,153878341050,28761060.0,4070600.0,20250102
145170,7500,7710,7420,7710,75232,570077210,3.07,68078020140,93146480.0,,20250102
106520,0,0,0,411,0,0,0.0,15904036272,,,20250102
376930,3065,3190,3020,3190,2719800,8410547060,7.23,117861121400,264252215.0,10563850.0,20250102
142280,3520,3690,3505,3670,83069,298956065,2.51,79792868420,5701795.0,,20250102
234690,10060,10200,9730,9830,100825,993924850,-2.29,174504873080,-27444240.0,-152460690.0,20250102
054050,7050,7110,7040,7100,7527,53216230,-0.14,113816983100,-6063950.0,-3410.0,20250102
069140,1345,1373,1319,1352,104808,140170749,1.27,17714908536,3900267.0,,20250102
040160,2750,2800,2740,2750,13506,37228085,-0.36,33152721250,-10735.0,,20250102
332290,993,1000,983,999,12154,12100981,0.6,33351418197,-229818.0,,20250102
348340,30300,33500,30200,32950,1482951,48065643100,14.61,349316789000,1881876100.0,4897561150.0,20250102
060260,1163,1219,1155,1172,290071,342331765,1.47,15836074548,-19512072.0,,20250102
123840,1616,1635,1599,1610,10149,16303023,-0.37,47071586100,-3065903.0,,20250102
012340,485,490,480,485,51976,25139057,0.0,24689973570,255387.0,791139.0,20250102
270870,5520,5650,5510,5650,6886,38600580,2.36,51981265600,-6258640.0,,20250102
144960,4400,4485,4365,4475,39401,173652115,1.24,195524492400,-23367155.0,-17030.0,20250102
085670,5420,5530,5330,5500,422843,2296805940,0.73,134479185500,-75922980.0,9763490.0,20250102
064260,2845,2895,2840,2890,92752,266435965,1.58,199262725600,29237630.0,-192305.0,20250102
340360,1977,2025,1956,1984,811821,1605873956,-2.27,86082212608,-146491957.0,,20250102
039560,3400,3445,3320,3435,162496,553389155,1.03,135703044735,3604580.0,20610.0,20250102
154040,1121,1156,1114,1126,13011,14719276,0.45,20211805844,276734.0,,20250102
032190,10160,10270,10040,10070,32873,332619200,-0.89,385681000000,-77546470.0,-59904320.0,20250102
323350,5030,5030,4810,5020,8932,44110370,0.4,40214075440,102020.0,,20250102
068240,8930,9140,8930,9120,58413,529683290,1.33,348050545440,145529690.0,-45716290.0,20250102
464580,5490,5700,5450,5530,88215,492917180,0.36,50588152440,-6124930.0,-20287800.0,20250102
020400,6480,6860,6410,6610,54611,366232050,2.01,21080387260,-26606530.0,,20250102
008830,13150,15770,13150,14990,5726967,85096947950,13.99,134722924800,2713058500.0,6303160.0,20250102
048470,3180,3200,3115,3180,20892,66251700,1.76,31800000000,10499270.0,3165.0,20250102
004780,3910,3920,3835,3890,15325,59184250,-0.51,61863444110,-764835.0,-9850.0,20250102
017650,6620,6620,6510,6590,1444,9467490,-0.15,59310000000,-91510.0,943030.0,20250102
007720,863,877,854,872,402789,349570841,0.58,87897992400,10284348.0,,20250102
389260,11300,12180,11190,12140,42875,505333270,7.43,206987000000,52297330.0,-230.0,20250102
317850,8750,8960,8640,8880,75963,671224130,0.34,73920849600,75111950.0,-10.0,20250102
290670,17040,18380,17040,18350,87888,1581013990,7.81,144188061000,27895200.0,950.0,20250102
078140,13470,13610,13300,13560,65669,884710120,0.89,150334011240,-19370060.0,0.0,20250102
065150,0,0,0,145,0,0,0.0,18165948725,,,20250102
036480,9190,9880,9040,9550,40840,388054990,5.06,36290000000,12395020.0,,20250102
027830,1870,1947,1832,1930,2263477,4294959691,6.63,104220000000,205557995.0,,20250102
104040,827,843,827,832,18951,15844687,0.73,39291189184,599111.0,,20250102
129920,3275,3305,3120,3225,20198,65082735,-1.98,44231045925,-18650690.0,,20250102
442310,2100,2170,2080,2155,6360,13651315,2.86,14460050000,-273085.0,1065385.0,20250102
457390,2175,2260,2175,2200,54902,120856135,1.38,15477000000,732340.0,-20581580.0,20250102
457630,0,0,0,2095,0,0,0.0,15314450000,,,20250102
471050,2085,2085,2045,2045,256,525190,0.49,12392700000,86400.0,0.0,20250102
478780,1998,2020,1991,2015,8693,17453288,0.85,15938650000,-9137597.0,-5976049.0,20250102
482690,1990,2000,1990,1999,8244,16426157,0.0,11224385000,-465551.0,-2417222.0,20250102
020180,999,1114,999,1068,2873637,3025827134,8.54,41042081220,-164416798.0,,20250102
045390,3030,3075,2960,3065,427953,1301442060,1.16,216000900505,-81457660.0,-89220.0,20250102
108380,12800,13280,12800,13070,29565,387681220,1.71,125045042310,156630220.0,-6540250.0,20250102
007680,4075,4235,4075,4105,3302,13646165,1.23,55197775770,99455.0,,20250102
048910,7640,7920,7580,7780,35404,275186230,1.83,97864199880,61935760.0,135520.0,20250102
005710,5920,6000,5840,5910,9582,56935970,0.0,118422216000,-711880.0,3383520.0,20250102
290380,0,0,0,2300,0,0,0.0,56841307600,,,20250102
120240,12740,13000,12730,13000,3397,43769860,0.93,93475083000,-1091790.0,1280.0,20250102
003310,1412,1452,1412,1449,108066,154477107,2.33,51283515150,19132973.0,,20250102
078600,74500,74800,71000,72400,137901,9978138000,-3.21,1120794933200,-623209600.0,-1476939400.0,20250102
096350,308,309,306,308,206265,63423309,0.0,50438390772,1549900.0,-1029.0,20250102
140520,2075,2110,2060,2095,2814,5858555,0.0,44223864085,199505.0,,20250102
131220,4690,4720,4630,4650,25919,120865425,0.43,34663378500,8506645.0,-50950.0,20250102
010170,853,853,818,830,223682,185960808,-2.81,61844267780,26405464.0,19086.0,20250102
054670,6870,6970,6850,6870,12223,84218540,0.0,98618300400,-20389740.0,20.0,20250102
023910,26200,26250,25800,25800,2908,75533100,-1.53,154800000000,-10342250.0,102250.0,20250102
021040,919,919,896,905,21349,19318978,1.46,19642820470,-677259.0,,20250102
021045,2800,2870,2705,2850,5672,15428445,0.35,2418202200,,,20250102
067080,10940,11050,10770,10900,112345,1221381210,-0.37,202921485000,-253592500.0,5245950.0,20250102
298540,9320,9600,9200,9410,16283,151641930,0.97,138946704960,2655050.0,61500.0,20250102
032860,1199,1222,1199,1206,20857,25243144,0.75,48717410778,3467661.0,,20250102
393890,11020,11120,10760,10960,154041,1681318800,-1.17,370920858240,-334531910.0,40135400.0,20250102
299170,1261,1285,1257,1284,19250,24449162,0.86,38555904492,4014606.0,,20250102
224060,4005,4330,4005,4195,11247,46761600,4.88,21649228790,582070.0,,20250102
043090,263,264,248,257,411346,105658403,-2.28,19148980050,-12676301.0,,20250102
213420,27150,27700,27000,27450,85367,2335883950,-1.08,681615863550,-303239100.0,28739750.0,20250102
317330,30000,30700,29350,30250,93044,2796671250,2.02,619416666000,-377502750.0,-52478950.0,20250102
077360,3850,3875,3795,3860,41450,159313125,0.26,175386827720,9914340.0,-7845905.0,20250102
090410,1510,1550,1507,1550,124216,190075550,2.99,71430347250,72117639.0,,20250102
263600,4680,4880,4660,4880,27016,128447850,3.06,77739912800,44503715.0,70.0,20250102
194480,27450,28400,27100,28350,67706,1891808250,2.35,341352427500,395590750.0,-17628800.0,20250102
263800,4365,4520,4335,4520,58686,260574455,1.8,73311597600,36076995.0,,20250102
206560,7270,7580,7130,7220,1308973,9635877890,0.84,183472733920,-5873590.0,-1246270.0,20250102
261200,5950,5980,5900,5950,6942,41192390,0.0,94067715000,-11443420.0,,20250102
067990,4470,4525,4400,4405,76097,336553505,-2.97,128544727750,-44198175.0,-4128935.0,20250102
006620,4800,4905,4750,4900,37380,180911710,2.08,139478460800,36476455.0,4910.0,20250102
100130,2400,2535,2395,2525,112542,281188895,4.34,144286075000,-32779950.0,134101395.0,20250102
005160,4430,4465,4355,4410,68973,302970405,-0.45,239218165620,-48702445.0,43680.0,20250102
075970,2550,2615,2525,2610,317486,818234925,1.36,48024000000,114410000.0,,20250102
086450,16340,16640,16230,16300,69193,1129781080,-1.33,724698000000,-119956720.0,-323008190.0,20250102
099410,3055,3145,2935,3015,196779,597280900,-1.31,42210000000,52830070.0,16037970.0,20250102
033500,15050,16330,14950,15630,727077,11492950350,4.76,468735791220,1765704130.0,-250241860.0,20250102
025950,47550,58300,45750,58300,1802251,95739914300,29.99,489720000000,-756760800.0,36420800.0,20250102
088130,3545,3690,3475,3650,35970,129238905,1.81,63821396100,20011860.0,,20250102
041930,5340,5520,5240,5430,17382,93724660,1.31,85794000000,11337450.0,-16270.0,20250102
060380,1391,1433,1384,1406,8281,11617619,1.08,27698200000,-765041.0,,20250102
079960,17900,18130,17730,18130,17149,306538960,1.12,142501800000,11209440.0,1265480.0,20250102
228340,1762,1775,1747,1774,8670,15341352,0.68,35480000000,-239333.0,0.0,20250102
088910,1940,1940,1815,1930,22435,42928696,0.0,49855304520,1324109.0,,20250102
094170,17990,18680,17500,18530,289387,5209867440,3.0,353315364240,-364454250.0,-56400.0,20250102
013120,2355,2355,2310,2325,26109,60925340,-1.27,211128832500,-6439150.0,3372965.0,20250102
109860,8100,8300,8100,8140,18453,150184960,0.49,74074000000,-211560.0,2471540.0,20250102
032960,10400,10520,10220,10520,1954,20124430,1.15,41936117960,-756450.0,-3515010.0,20250102
023790,1009,1034,977,978,32675,32406038,-3.36,20382825630,1415754.0,,20250102
005290,20750,21100,20250,21000,151974,3154505250,0.48,1079704374000,263693900.0,-418272950.0,20250102
025900,8210,8330,8100,8210,66399,542324750,-0.85,415075309850,-1495180.0,-46659640.0,20250102
131970,25000,25100,24200,24600,52380,1290439150,-1.6,475450054800,-85970600.0,-119879150.0,20250102
073190,1920,1990,1893,1902,21399,40854286,-0.94,22763212080,-4060233.0,-1136242.0,20250102
176750,8160,8570,8040,8050,370213,3038383790,-1.23,229064521000,-15944560.0,40964590.0,20250102
030350,1300,1387,1222,1283,372484,481272189,-10.28,17805209702,-38460268.0,,20250102
203650,3870,3885,3780,3865,1645063,6309435040,0.39,195591239210,-510783585.0,,20250102
223250,2955,2985,2920,2985,59203,175419625,1.19,71040982140,-62783100.0,,20250102
060570,1661,1818,1661,1818,151399,270185221,8.09,137480019714,147665450.0,5221062.0,20250102
362990,1785,1890,1748,1810,31379,55891983,1.69,30409038940,12658823.0,,20250102
217620,0,0,0,3810,0,0,0.0,26803681470,,,20250102
016670,3615,3695,3615,3655,11496,42055115,1.11,18062447130,1353465.0,,20250102
187870,11960,12080,11860,11880,5752,68644990,-0.67,83594914920,2492920.0,214740.0,20250102
489730,1930,1945,1930,1940,30395,58893934,0.36,12284080000,-69381.0,39793308.0,20250102
110990,12530,12700,12340,12620,30124,378016060,0.64,238518000000,-40275190.0,53287460.0,20250102
263690,5970,5970,5510,5790,4259,23995780,1.94,65575281900,-2025220.0,-160.0,20250102
214680,2260,2395,2260,2365,579170,1351584770,3.73,175031885710,56346185.0,2640740.0,20250102
347850,48450,49250,47250,49100,173232,8330121350,1.03,518892187900,-1960168500.0,189515800.0,20250102
263720,21000,22300,21000,21550,42311,923036900,2.62,269902393150,-74592400.0,-12079450.0,20250102
376300,36350,36350,33600,33800,286812,9826652050,-6.24,802358122800,-4304534500.0,-1122098900.0,20250102
109740,4440,4455,4410,4445,4832,21427745,0.23,114282683550,-326140.0,7775.0,20250102
196490,0,0,0,203,0,0,0.0,36245520080,,,20250102
066900,2295,2350,2260,2320,13048,29865955,0.43,52767246960,389065.0,-2924300.0,20250102
127120,5640,5790,5290,5620,242353,1355584140,-1.06,126359197660,13137660.0,1097540.0,20250102
092070,8900,8900,8420,8500,62101,530014960,-3.63,98360793000,59433030.0,-281769470.0,20250102
039840,16120,16410,15850,16330,33240,539006570,1.18,244652059150,34974800.0,-52331280.0,20250102
219550,503,555,494,550,3620623,1941878469,14.11,55635818700,29770941.0,2362099.0,20250102
310870,1615,1634,1581,1615,106107,170591240,0.0,33409942665,9912903.0,,20250102
104460,12900,12900,12670,12810,23686,302620730,-0.7,137241536250,-95399730.0,867820.0,20250102
079810,5130,5220,5070,5210,49360,253160270,1.56,114766369740,3216880.0,627070.0,20250102
113810,1750,1955,1674,1860,9677339,17873348247,16.98,60688174860,114554571.0,-874086.0,20250102
043360,1959,2005,1955,1999,6178,12278642,1.01,17991000000,-1784174.0,,20250102
197140,2325,2375,2255,2365,7698,18089380,1.72,30776109210,-3314625.0,,20250102
068930,6840,6920,6720,6720,13550,92179390,-2.61,185978298240,-13826020.0,14536580.0,20250102
033130,1649,1678,1638,1670,176598,291697603,1.27,61982495890,73259042.0,,20250102
105740,7210,7520,7210,7420,59864,443166730,1.92,75450366460,166845070.0,-14840.0,20250102
263020,3015,3040,3000,3025,88945,268920130,0.5,43861988775,-63303025.0,,20250102
290550,7880,7970,7800,7900,35193,277948060,-0.25,158009717000,23946560.0,23630.0,20250102
066670,2910,2910,2850,2870,9586,27604030,-2.38,53645804660,1100370.0,10.0,20250102
187220,3345,3410,3280,3405,79235,265578970,1.79,39831761505,-4423490.0,,20250102
383930,5700,5890,5310,5890,561803,3120389080,1.55,75218315680,-264955540.0,,20250102
131180,832,848,820,840,27519,22862763,0.12,24654000000,-847046.0,,20250102
315640,5500,5740,5440,5740,184293,1034541550,4.94,128698078320,30438060.0,53152550.0,20250102
223310,3150,3160,2665,2810,1575417,4680404240,8.29,64178643750,-62463435.0,6615.0,20250102
317120,3100,3250,3060,3240,91255,288537980,0.93,31298400000,22640865.0,,20250102
462510,8280,8360,8120,8330,19393,159819530,2.08,72060622550,-14406190.0,,20250102
042510,2060,2170,2045,2145,1017621,2170388715,4.13,120175493295,68713550.0,-246675.0,20250102
232680,6410,7700,6310,6880,802650,5775585810,10.61,86235529920,-15205920.0,-168924440.0,20250102
418420,3550,3735,3510,3695,164756,599498570,4.08,111250659935,272474250.0,-262345.0,20250102
300120,3925,4200,3925,4175,235733,968665805,6.91,87090550100,211957395.0,-50.0,20250102
171120,2510,2560,2485,2525,74347,187760405,0.2,90651944000,45476095.0,-8179920.0,20250102
388790,3100,3240,3090,3230,485837,1550383995,2.87,96621993900,124052415.0,,20250102
347700,4010,4570,3955,4470,441251,1896415900,13.02,91107598110,-54160250.0,421753985.0,20250102
214260,14870,16000,14800,15840,52892,825768260,6.52,141331813920,256762830.0,-10.0,20250102
171010,2875,2995,2875,2965,12493,36449435,0.85,42395799680,-9376925.0,45.0,20250102
084650,2480,2815,2460,2630,9583616,25860134820,5.62,195251173700,-3839348930.0,47613350.0,20250102
217500,1446,1588,1446,1540,220110,341433108,6.5,48990480000,13835788.0,,20250102
038390,8590,8870,8590,8800,24467,214856800,2.44,147143233600,31123680.0,853600.0,20250102
294140,2860,2945,2850,2945,39256,113278405,2.97,61845000000,2807670.0,,20250102
443250,11910,12510,11770,12510,58205,705672850,4.25,138988489410,50002720.0,62371110.0,20250102
228670,5820,5990,5710,5980,26463,154711260,2.75,92768056940,12702260.0,-28229180.0,20250102
228850,6120,6220,6110,6200,10049,62195960,0.81,102864286800,-2473470.0,,20250102
412350,3815,3880,3710,3875,28595,108039240,3.06,33817016500,13934500.0,,20250102
199550,5330,5620,5330,5600,28769,157908900,5.26,65396503200,32319590.0,5589850.0,20250102
281740,10910,11060,10750,10900,125523,1368569180,-0.55,716462973200,-234538250.0,-51200850.0,20250102
277810,211000,211500,207000,211500,728153,153857677100,29.99,4103069967000,-721754500.0,-3051844500.0,20250102
215100,4100,4505,4090,4275,2950277,12762077460,10.61,86989640850,-44606995.0,45.0,20250102
090360,23900,27550,23650,25900,1308519,34036902200,18.26,252525000000,-363672950.0,1304258200.0,20250102
108490,25050,27550,24600,26500,2851990,75556792850,13.98,346102852500,1570369200.0,5245649100.0,20250102
900260,577,584,566,577,11663,6679151,0.0,20790053176,658102.0,,20250102
067730,2810,2875,2765,2860,20882,58990065,1.6,27667416920,10552585.0,,20250102
071280,17690,17690,16660,17090,42083,718064850,-3.39,261418945270,-93139600.0,-6597620.0,20250102
328130,64400,67100,63200,65600,1022287,66825811100,2.82,1898654240000,-6472491200.0,3819177700.0,20250102
038060,1069,1112,1065,1103,93631,102435251,3.37,53057685107,7929581.0,,20250102
474170,10160,11340,10060,11070,5698747,62036088930,6.75,196245594720,785803550.0,1692923520.0,20250102
141080,111200,114200,106900,108800,702352,77362158200,-0.18,3983204774400,-14221336400.0,-957730600.0,20250102
058470,190000,201000,190000,198000,110521,21833453700,3.34,3017989260000,369918600.0,3374930300.0,20250102
016100,2400,2545,2400,2490,15373,37748290,1.43,47561226060,-2994675.0,,20250102
012700,4020,4035,3975,3990,10914,43627735,-0.75,105520078650,-6211040.0,-115400.0,20250102
302550,3600,3700,3525,3620,53667,195445415,0.56,110909849600,43505700.0,-6741870.0,20250102
073570,1450,1467,1431,1465,138155,200717934,1.03,53017613105,8580927.0,,20250102
377450,12820,13060,12500,12870,35599,457264800,0.39,223037100000,-97486620.0,30606520.0,20250102
277070,4030,4240,3830,4180,61516,251332790,3.72,57232560000,50682460.0,,20250102
042500,4735,4775,4615,4670,88325,413214510,-1.37,89057525780,-92406245.0,867600.0,20250102
193250,577,589,555,570,833969,473589396,-0.52,36094324890,-64678377.0,1523822.0,20250102
219420,5600,6000,5560,5930,804755,4692389490,7.82,68014176510,448158800.0,,20250102
439090,14610,14970,14450,14890,70524,1046745180,1.92,243872291400,68040980.0,5385410.0,20250102
195500,2810,2840,2790,2830,36121,101595575,0.71,45217740000,59132985.0,,20250102
377480,19230,20800,19230,20350,991318,19760936720,7.56,126968656100,260977110.0,10725230.0,20250102
305090,10070,10070,9500,9790,126087,1216796190,-1.21,162882691400,166925460.0,23041510.0,20250102
098120,5070,5210,5050,5110,16291,83414710,-0.2,42478234260,19228050.0,,20250102
424980,6290,6390,6000,6130,9171,56632410,-2.54,36282795700,-14020810.0,,20250102
038290,16480,16500,16160,16350,27045,440769210,-0.79,177256890000,-46743340.0,80.0,20250102
267980,34600,35200,34350,34700,15438,535250500,-0.14,272174238600,126374400.0,-227780450.0,20250102
005990,8490,8600,8440,8470,4448,37980430,-0.59,116194034880,-330450.0,18278680.0,20250102
093520,8100,8850,8100,8790,175866,1518619330,6.8,142073578680,108136500.0,8550.0,20250102
377030,1200,1238,1181,1215,270941,327614396,-4.1,36779121630,13459062.0,-37337424.0,20250102
100590,4020,4075,3955,4060,342840,1380747275,1.12,64269893380,-38817720.0,8120.0,20250102
067280,29900,29950,29400,29850,1595,47185500,-0.17,176914353150,-3791450.0,37600.0,20250102
072870,10830,10830,10650,10700,23299,249572650,0.09,127554261300,-9207230.0,33690900.0,20250102
215200,43100,43400,41000,42250,42271,1778167950,-3.54,484267598750,-874868450.0,180633250.0,20250102
133750,2045,2165,2045,2160,97950,208086740,5.62,50559286320,-70088540.0,,20250102
446540,3160,3160,3010,3050,35630,109077990,-1.29,63351550000,-46721285.0,15300.0,20250102
235980,4370,4520,4370,4515,75731,339303810,1.8,154752171315,25838775.0,-243760.0,20250102
041920,4780,4840,4605,4830,37483,180445595,0.84,89829417090,-1169865.0,,20250102
014100,2670,2895,2670,2835,71533,199355795,8.83,33453000000,11676805.0,,20250102
054180,325,329,310,322,195292,61755073,0.63,18958807126,22002080.0,,20250102
086900,124000,124000,120400,121100,39604,4807362300,-2.96,883847986700,-1425698400.0,114431800.0,20250102
078160,11560,11670,10970,11330,238717,2699720470,-1.65,387687504050,-733142630.0,11563090.0,20250102
408920,1980,1990,1964,1977,17829,35286463,-0.15,85470563535,-1708189.0,,20250102
021880,279,288,278,286,81605,23152600,2.88,43524740688,-557992.0,,20250102
140410,30600,30800,30050,30350,85760,2597299350,-1.62,909387277950,-680140850.0,-387918600.0,20250102
241770,8340,8340,7930,8230,18576,150856430,-1.32,83885427200,18614710.0,65900.0,20250102
059210,3675,3840,3675,3750,107567,403944500,1.08,89483816250,61377715.0,0.0,20250102
058110,1937,2295,1880,2260,641776,1432828732,16.68,36274197800,-4869705.0,1933.0,20250102
434480,3285,3440,3285,3425,54270,182981090,4.42,41967552500,27397845.0,,20250102
080420,2030,2040,2005,2030,30186,61144990,0.25,161834892660,740140.0,2708345.0,20250102
417970,8990,11570,8900,11000,1495462,16061108630,23.6,70363700000,-215753950.0,-75617060.0,20250102
080160,9700,9750,9550,9690,25750,248031620,-0.1,183141000000,15889860.0,-5221440.0,20250102
087260,2005,2090,1970,2090,169766,349837056,3.72,68035479490,172122735.0,,20250102
101330,2720,2770,2700,2715,8372,22669440,-0.55,62844183735,4064660.0,,20250102
012860,1354,1399,1354,1370,49145,67800003,0.66,100329836090,18483046.0,,20250102
363260,1691,1835,1691,1743,1786757,3180981021,3.26,56061449367,305646276.0,,20250102
348030,5120,5150,5050,5050,2168,10975100,-0.79,48499190000,-499960.0,80.0,20250102
250060,2740,2820,2730,2800,305857,848904710,2.56,90079679200,166045600.0,,20250102
288980,1250,1297,1244,1297,120904,155487767,3.76,44819860914,21959834.0,,20250102
142760,1209,1217,1160,1195,32539,38982007,-1.16,45093099145,-3499266.0,,20250102
033200,2880,2940,2830,2910,9354,26743910,-1.02,41703748350,40320.0,25.0,20250102
333050,1250,1285,1240,1269,49046,61572832,1.52,31038884694,8465977.0,1039975.0,20250102
118990,9530,10060,9430,10060,250785,2478949180,6.01,250111619400,780955960.0,-22908540.0,20250102
006920,2870,2925,2870,2895,15524,44989115,-1.19,31613400000,1220850.0,365375.0,20250102
001810,1610,1700,1566,1636,97346,157891033,1.61,36216950000,-2069896.0,,20250102
279600,0,0,0,11300,0,0,0.0,52938025300,,,20250102
095500,7540,7620,7460,7560,93271,702753290,-0.79,234435592440,44003870.0,-30845520.0,20250102
254490,10700,11110,10650,11110,17464,190684700,2.49,160406180000,37152540.0,,20250102
218150,3735,3855,3735,3845,39088,149013850,0.26,78498758690,-19646465.0,-15.0,20250102
442900,9950,9990,9940,9960,6234,62234430,0.1,76492800000,12908170.0,0.0,20250102
100790,4595,4780,4585,4765,246506,1161249660,4.04,253138881010,79033205.0,179515705.0,20250102
412930,0,0,0,2695,0,0,0.0,16644320000,,,20250102
446190,0,0,0,2155,0,0,0.0,10667250000,,,20250102
448830,2090,2105,2090,2105,16502,34642500,0.48,10356600000,-62945.0,28348985.0,20250102
477380,1977,2005,1977,1985,10012,19947239,0.4,16078500000,-129895.0,16141645.0,20250102
477470,2005,2025,2005,2025,2716,5471700,0.5,11097000000,121205.0,-798940.0,20250102
478440,1993,1993,1955,1988,1662,3275295,1.17,13776840000,-108515.0,0.0,20250102
482680,1955,1969,1955,1961,2178,4269361,0.31,16109615000,15473.0,3551520.0,20250102
049950,19800,21050,19700,19890,105146,2128493480,1.17,175387712760,35068320.0,20447450.0,20250102
207760,1110,1140,1100,1139,110939,124838640,1.33,94627872837,-5996274.0,26300.0,20250102
059090,8020,8450,8000,8420,171944,1431098890,4.99,281369270760,215205540.0,83384300.0,20250102
214610,1431,1549,1419,1547,1696691,2560034213,10.74,67401157915,250801523.0,0.0,20250102
201490,1772,1799,1754,1797,27143,48325936,0.39,54610995324,7466965.0,,20250102
452200,4700,4780,4675,4760,49789,236027570,-0.63,105492548000,5827915.0,6270570.0,20250102
418470,14350,14600,13940,13970,101788,1440801660,-2.99,118735067330,19124080.0,-6932830.0,20250102
206640,16780,17700,16670,17270,153463,2626832020,2.92,405612891200,411518440.0,71297770.0,20250102
018700,1047,1050,1025,1042,44129,45800681,0.87,36594786794,-391936.0,,20250102
035620,416,427,412,426,14661,6129369,2.4,31711301550,-75856.0,-1025.0,20250102
053030,18350,18550,17230,17450,804221,14259562760,-4.85,570339080600,-5886550580.0,-237889310.0,20250102
301300,3740,4150,3740,4000,33063,130269810,6.95,49579444000,14388390.0,,20250102
064550,19390,19460,18900,19410,115205,2208912850,2.97,500977748310,34741980.0,-147353090.0,20250102
314930,16060,16550,15700,16350,177825,2859935040,1.55,486643084050,-318788320.0,26264120.0,20250102
208710,445,450,420,425,454787,195515728,-2.3,28007782200,-1846847.0,,20250102
086820,21900,23750,21700,23500,103676,2396303650,9.3,191370511000,98883950.0,-7149100.0,20250102
038460,3080,3175,3050,3165,67720,211942790,2.76,82810446270,34422520.0,,20250102
251120,13830,14010,13820,13940,21188,294753700,0.87,121218058000,150371600.0,1000.0,20250102
199730,6270,6690,6270,6560,7327,47730020,2.5,31910247520,15116910.0,,20250102
086040,3280,3335,3280,3290,11723,38779165,-1.35,52502632630,-2187720.0,45.0,20250102
099430,7330,7560,7190,7430,1270445,9370710020,1.64,430426319520,297691110.0,-2452055230.0,20250102
032980,570,570,498,516,1101636,573389681,-9.47,23105442840,41310354.0,-736006.0,20250102
308080,2510,2540,2450,2455,42551,105679785,-1.8,47292481700,-21258110.0,,20250102
043150,18980,19000,18820,18840,12042,227419430,-0.21,279854183040,-104629880.0,2608050.0,20250102
323990,10560,10780,10440,10650,79381,844106740,2.11,244877580000,112451440.0,299850.0,20250102
267790,4765,4765,4655,4750,14296,67343495,2.59,37470375000,593995.0,-3427630.0,20250102
046310,2215,2215,2190,2215,22795,50198680,0.91,36367289815,5060005.0,-355.0,20250102
331520,607,623,597,600,76894,46441012,-0.5,30518634000,3561928.0,,20250102
199480,6600,6760,6350,6740,313007,2061015890,3.85,68085040120,297063820.0,,20250102
438700,2865,3015,2865,2960,24105,71276625,3.68,32988874400,-2462880.0,,20250102
066410,0,0,0,1153,0,0,0.0,99670679144,,,20250102
382900,13100,14120,12900,13630,68687,924945490,6.24,119412430000,43065900.0,-13740.0,20250102
206400,2995,3280,2965,3130,501024,1561479245,7.75,117406794540,-113128305.0,48060.0,20250102
019010,2050,2050,2015,2030,19639,39721505,-0.73,97846000000,-5729245.0,1560490.0,20250102
177350,0,0,0,202,0,0,0.0,18053152686,,,20250102
457600,4145,4265,4135,4190,605313,2544312240,2.57,57434425000,-96858375.0,-3275265.0,20250102
424760,810,819,802,816,28108,22818333,1.75,16046641632,-1120553.0,,20250102
225530,4920,4945,4725,4805,164063,799197945,2.13,174607583235,15399155.0,4880.0,20250102
250000,9770,9960,9740,9960,54807,537960750,1.94,67237300680,137719280.0,-9750.0,20250102
310210,79200,81100,78200,80400,119965,9545258400,0.5,1475869996800,817644200.0,46491400.0,20250102
006910,2540,2605,2495,2585,223700,570117190,1.37,127000595040,192901470.0,20.0,20250102
226340,1375,1427,1360,1400,398956,559538771,2.19,58733388000,183297422.0,,20250102
014470,1604,1670,1587,1665,306814,501744435,3.1,99987012900,73263996.0,,20250102
008470,3760,3790,3760,3780,3284,12410280,0.0,31770144000,0.0,0.0,20250102
338220,24250,25150,23900,25150,146647,3623413600,3.93,349288657550,81365050.0,74181450.0,20250102
100120,21300,21300,20850,21100,4621,97070100,-0.47,211039351500,29886500.0,-2799850.0,20250102
406820,10600,12430,10600,11620,191675,2234267830,10.56,41065544800,47778670.0,14880620.0,20250102
337930,6250,6470,6150,6380,172120,1097986950,3.07,187007669860,93421260.0,6372770.0,20250102
099390,5040,5060,4800,5060,4993,24798420,0.4,41533911980,446610.0,,20250102
064480,5500,5920,5480,5670,68542,389839850,1.98,67770675000,49884100.0,-30.0,20250102
288330,3680,4290,3550,4230,1996549,7891753440,12.8,213241617900,-409026305.0,-562889000.0,20250102
365900,2710,2975,2710,2920,3764,10535745,7.75,21346076000,-142735.0,0.0,20250102
089970,6820,7000,6640,7000,26422,179901050,1.89,168529165000,-23908930.0,562050.0,20250102
251630,4100,4385,4080,4350,115691,493481125,9.85,69351554100,80725585.0,11860055.0,20250102
018290,40100,42250,39750,40700,918246,37837069550,1.75,1456978884900,-2266343550.0,5054182500.0,20250102
439580,12040,12050,11720,12050,109100,1293573070,1.77,134601163050,4772580.0,1241960.0,20250102
033560,2965,3400,2850,3035,1161781,3716181925,7.24,51898500000,-48042030.0,,20250102
369370,1698,1698,1630,1634,3531,5804049,-1.39,81490702574,312506.0,,20250102
126340,28500,29100,28000,28150,11500,326341150,-1.23,171296071700,-94234200.0,-873850.0,20250102
121800,0,0,0,3320,0,0,0.0,256309348520,,,20250102
082800,7020,7030,6620,6650,879170,5923941130,-3.34,333196028900,-128390260.0,110.0,20250102
318410,7770,7840,7710,7780,5010,38812100,0.13,43219790540,-7993920.0,,20250102
419540,1662,1745,1662,1739,82035,140796368,4.13,39983976629,581870.0,4802245.0,20250102
146320,7980,8130,7950,8100,19619,157285020,0.5,103622676300,-43248360.0,-15781760.0,20250102
200780,4625,4700,4530,4650,2705,12592020,-0.43,41349585600,-71005.0,0.0,20250102
413640,7980,8290,7770,8270,18127,145946860,6.16,59601393800,38755480.0,,20250102
141000,7040,7130,7030,7090,5300,37515200,-0.98,85893293900,7018030.0,11225570.0,20250102
083650,15370,15880,15280,15330,756121,11795295050,-0.71,474377268750,-1567162190.0,1027658410.0,20250102
445360,2055,2070,2055,2070,2114,4358030,0.73,8921700000,-4130.0,1350135.0,20250102
473370,1974,1974,1953,1961,44568,87368643,-0.71,8255810000,-760673.0,-21181870.0,20250102
065170,0,0,0,234,0,0,0.0,20819110806,,,20250102
086670,7310,7400,7230,7280,3780,27580470,-0.41,66431266720,993720.0,-6548890.0,20250102
335890,8100,8180,8060,8120,579744,4708923530,0.87,474363295000,291793850.0,258281470.0,20250102
230980,0,0,0,229,0,0,0.0,21370407553,,,20250102
082920,21150,23400,20850,23150,432328,9797299950,9.46,529491730950,3693227000.0,1854429450.0,20250102
054220,535,535,503,513,520111,267253057,-4.11,26245386774,35962509.0,,20250102
042370,6730,7130,6730,7130,206555,1448282120,5.94,186806178250,357392380.0,-472880.0,20250102
050090,704,735,700,714,26380,18850842,3.03,14126300790,344894.0,,20250102
148780,967,995,960,985,62183,61135511,1.86,30974039125,6318736.0,,20250102
307870,959,960,906,930,262532,243449673,-3.13,42127027470,-44854206.0,,20250102
357880,2300,2510,2250,2440,1332557,3241569850,7.02,82771407520,43278515.0,-2468360.0,20250102
032850,4930,4955,4910,4940,29607,145825160,0.2,82119067420,-11134040.0,-9796050.0,20250102
238200,2965,3085,2945,2975,3306,9856585,1.02,24335500000,237785.0,-1193995.0,20250102
093190,4335,4340,4300,4335,4956,21400640,0.0,83400653175,-2824840.0,-5925145.0,20250102
065450,4145,4165,4085,4160,273085,1129320410,1.46,119195648000,451349090.0,-10.0,20250102
210120,22750,24350,20550,23800,57300,1297569350,4.62,74841718000,-56520800.0,1450.0,20250102
044480,482,500,477,486,48067,23146453,2.53,19762571808,4171433.0,,20250102
069540,1000,1023,976,1008,224351,225581851,3.28,46405879632,35118293.0,,20250102
072950,3520,3595,3500,3585,4549,16052530,1.7,28868606850,1777425.0,,20250102
451250,9580,9830,9480,9680,63626,616313190,1.26,97670009360,28352160.0,-81875960.0,20250102
143240,17460,18290,17270,18180,23868,429762770,4.12,212874401340,124051250.0,-4408300.0,20250102
466410,16710,17120,16100,16650,133638,2226476900,0.97,83866432950,-50511390.0,-5408030.0,20250102
452430,14100,14660,13990,14480,58482,840151730,2.19,117236653920,44254020.0,-29031540.0,20250102
419120,5650,5760,5570,5680,2825,16027890,-0.35,44158171680,-136230.0,,20250102
122350,1206,1225,1201,1219,50021,60988829,0.33,46735762732,7803368.0,,20250102
419050,1699,1715,1685,1710,67412,114341963,0.65,97805570400,-8753499.0,,20250102
014970,3345,3345,3040,3045,70514,218719700,-8.97,46055625000,181545.0,,20250102
018310,20700,21150,20200,20650,8550,176765400,-1.67,303555000000,-46532250.0,-1301100.0,20250102
053700,4215,4345,4205,4340,90060,386237320,2.84,99287004600,89893725.0,1806915.0,20250102
009620,2515,2730,2490,2680,525743,1368829895,6.56,39549242400,76447510.0,,20250102
023600,8170,8170,8070,8130,4060,32849710,-0.49,131462100000,-6136330.0,-16173740.0,20250102
425290,2090,2100,2090,2095,25453,53287955,-0.24,11564400000,-350605.0,0.0,20250102
439250,10360,10380,10360,10370,6307,65430430,0.1,36315740000,440.0,0.0,20250102
448740,10040,10050,10020,10050,16041,161074640,0.2,46873200000,-329990.0,-135848110.0,20250102
468510,1883,1911,1880,1881,75725,142797988,-0.05,20785050000,340684.0,-50109287.0,20250102
009300,16650,16950,16600,16800,5976,100635460,0.54,107016000000,-51530880.0,16900.0,20250102
361670,4565,4725,4495,4725,4451,20408415,3.5,26779684050,6028740.0,,20250102
054540,4650,4780,4620,4710,86434,407920590,2.28,61230000000,-11714295.0,5.0,20250102
065570,1824,1826,1545,1610,961367,1538225277,-7.47,25638655910,-22667729.0,,20250102
032280,2660,2835,2610,2735,411553,1134393875,5.6,44344168650,48776535.0,-2030.0,20250102
002290,3895,4050,3800,3895,409537,1600450105,0.13,48298000000,-26094065.0,136655.0,20250102
037460,8630,8650,8460,8490,50567,430116460,-1.62,138544251780,-25033930.0,132968780.0,20250102
032750,4135,4205,4115,4180,21918,91141665,0.48,37750089960,-1161085.0,1242500.0,20250102
054090,721,734,721,726,67388,49032256,0.69,18120402432,1929726.0,,20250102
000250,149000,152500,146800,150800,318717,47625281000,1.55,3537386777600,-2647782500.0,2218510500.0,20250102
024950,4235,4240,4050,4225,53615,222922740,2.55,56080862825,34969105.0,-12875.0,20250102
038500,2955,2995,2935,2960,111840,329809805,0.51,319432265760,-29563095.0,-10310840.0,20250102
437730,9510,10910,9440,10310,11443770,117238251980,11.82,326905015770,503456920.0,942856100.0,20250102
017480,4475,4505,4455,4490,4664,20915735,0.34,70505976100,51650.0,55.0,20250102
046390,1300,1340,1290,1340,89900,118333399,3.08,57851730220,-10377065.0,,20250102
027580,1250,1275,1239,1272,424227,536560143,2.17,75278586888,101630585.0,,20250102
038540,1471,1483,1470,1482,21318,31456961,0.75,81996559866,-3176868.0,-11044267.0,20250102
452670,1970,1977,1960,1961,1629,3194927,-0.31,10236420000,-490280.0,-1097841.0,20250102
091580,7370,7470,7280,7330,37587,275680530,-1.21,98428845270,-35801750.0,2733540.0,20250102
263810,2755,2835,2755,2825,38995,109135605,0.18,40241328350,-4223135.0,,20250102
089980,18300,18880,18250,18880,24872,465225690,3.17,301873018560,114741490.0,-89630.0,20250102
042940,4755,4840,4755,4775,2197,10493165,0.42,19013161850,29295.0,,20250102
042600,9710,9900,9600,9650,8128,78574340,-1.83,119887489100,-6557080.0,9760.0,20250102
107600,15460,16130,15300,16080,9559,151786300,3.54,80103243600,10537250.0,379120.0,20250102
411080,6720,7090,6630,6990,210411,1454230180,6.23,106587979620,284476910.0,25926960.0,20250102
252990,3890,4075,3890,4075,81548,324712100,3.95,237931356725,15420515.0,5.0,20250102
378800,3535,4250,3500,3870,6625334,25823810435,10.57,116653529970,-338646920.0,-4956630.0,20250102
294630,3405,3445,3325,3330,264073,887132470,-2.06,79851598470,-28348870.0,,20250102
038070,7300,7550,7150,7340,204163,1500476160,3.23,65330961840,154367280.0,-120.0,20250102
006730,5360,5530,5360,5500,49252,268683680,1.48,362598076500,-44883040.0,14646420.0,20250102
079650,1234,1259,1216,1252,6606,8176668,1.38,25040000000,-1254.0,,20250102
100660,3650,3900,3615,3775,110724,417017510,4.28,47565000000,10706630.0,-10.0,20250102
019770,3380,3440,3380,3440,8423,28780560,1.47,40076000000,2739825.0,3435.0,20250102
043710,590,635,564,605,137473,82913744,8.04,30370322400,-1524987.0,,20250102
092190,3025,3140,2980,3030,62778,190168670,-0.98,138981200490,724400.0,0.0,20250102
046890,7270,7290,6980,7100,500571,3553035710,-2.74,413968340000,118303650.0,-59734740.0,20250102
063170,6800,6920,6780,6910,37148,254240140,1.92,122820184970,26074440.0,-95420.0,20250102
027040,230,239,227,233,116784,27057204,2.19,16214201351,-1069451.0,-1364.0,20250102
018680,3270,3435,3265,3385,4431,14831775,2.27,39466794815,-1276600.0,,20250102
093920,5470,5550,5460,5490,11090,60741420,0.37,102114000000,-4797410.0,344290.0,20250102
189860,3845,3925,3790,3885,28697,110851175,0.52,37679760300,32411915.0,35.0,20250102
178320,27050,27450,26750,27350,346775,9411408300,1.86,1538381541900,-7574100.0,-478189450.0,20250102
122690,1928,1929,1903,1926,4947,9515919,0.52,42072333660,-913117.0,,20250102
140070,2555,2600,2520,2575,54652,140139510,0.78,95244100000,-30136975.0,,20250102
011370,874,875,845,851,106978,91029976,0.12,85861530115,1010526.0,,20250102
065710,20950,20950,20600,20600,4861,100530600,-0.24,106090000000,-11238150.0,1093950.0,20250102
035890,1594,1597,1546,1552,457954,718237463,-2.7,356662725264,-258088284.0,-15903635.0,20250102
357550,39300,39750,37550,38050,3601,137283400,-3.18,207562750000,-26622950.0,1224200.0,20250102
003100,14450,14520,14410,14510,5256,76136600,0.14,95766000000,-15532930.0,667810.0,20250102
067370,7020,7290,7020,7160,3708,26542540,3.02,88165053800,175280.0,97830.0,20250102
171090,41700,46200,41700,45900,144799,6500490150,10.2,435793189500,2306003250.0,103904300.0,20250102
086710,9190,9460,9060,9450,54551,506100550,4.42,115320996000,62188920.0,-12528790.0,20250102
014620,23300,25500,22950,24550,847976,20835064700,5.59,685645828850,2891773400.0,-769428950.0,20250102
037350,4950,4950,4805,4870,29101,140822160,-0.61,75338900000,4734730.0,-11300515.0,20250102
458650,16930,17160,16780,17110,28406,482704190,0.59,257431413700,84273500.0,-4815030.0,20250102
081580,3590,3590,3460,3540,19460,68741865,-0.98,54898826220,-18866405.0,,20250102
045300,2520,2575,2495,2575,9480,24275610,2.18,26140326225,82365.0,856790.0,20250102
015750,4920,5060,4920,5020,154155,770753050,1.11,401600000000,91315640.0,-44918775.0,20250102
365340,35050,36500,34400,35350,23365,819108450,-0.42,429431800000,-1478100.0,-45640050.0,20250102
080470,3560,3600,3550,3600,9730,34704785,0.7,26280000000,1372270.0,-3590030.0,20250102
043260,1122,1148,1120,1136,144127,162960186,1.34,69298486704,57547052.0,-9665522.0,20250102
148150,8270,8850,8160,8850,610091,5226265650,7.27,317364796650,325517960.0,224562960.0,20250102
188260,2560,2825,2530,2680,129795,345810740,4.89,19372299600,9738975.0,,20250102
053060,992,1092,987,1052,299986,315158650,6.05,18575604788,23024950.0,-1168881.0,20250102
340440,1135,1197,1135,1175,24584,28270260,3.52,33344577700,-364154.0,,20250102
017510,4560,4750,4530,4750,103064,483808615,4.17,72418500000,105489195.0,,20250102
011560,10050,10180,10010,10160,27223,274702020,0.59,106984800000,-31156970.0,-78285080.0,20250102
396300,2280,2385,2280,2385,47989,112999540,3.7,63177457500,-215425.0,2336765.0,20250102
100700,2465,2510,2430,2485,49320,121675280,0.81,108843000000,11513190.0,32460.0,20250102
024830,5900,6110,5830,5860,459,2730700,1.38,48931000000,-326430.0,475700.0,20250102
258830,0,0,0,412,0,0,0.0,22983976612,,,20250102
036630,402,403,396,400,154184,61583587,0.5,80000000000,-1254847.0,807360.0,20250102
039310,1567,1580,1518,1568,17963,27529161,0.0,28414773856,358801.0,,20250102
067770,2320,2360,2215,2360,8748,20037775,1.72,19815959480,-274720.0,,20250102
053450,5380,5710,5310,5640,314120,1740615340,3.68,83431408920,298294130.0,,20250102
222810,0,0,0,1080,0,0,0.0,81712098000,,,20250102
252500,817,860,817,860,105964,89077144,5.26,35678295400,7243177.0,,20250102
321370,1652,1660,1605,1660,125470,204828315,3.49,43730616700,29170979.0,,20250102
347000,1910,1941,1907,1930,23335,44962430,1.15,63699603680,4954659.0,,20250102
331920,3205,3340,3170,3340,46853,152719120,1.98,27268254320,59601390.0,,20250102
471820,4970,4990,4890,4920,100661,495945190,0.1,57288868680,18178160.0,,20250102
049180,2565,2735,2285,2435,12584009,31814704590,-4.13,125441231110,-848406325.0,16825.0,20250102
299660,5060,5300,4950,5210,484779,2473594870,2.96,109946510170,-121865260.0,,20250102
268600,0,0,0,6680,0,0,0.0,248384003120,,,20250102
108860,11700,12540,11650,12490,867100,10623834340,7.3,336165727100,102912870.0,105801460.0,20250102
208370,4070,4215,4005,4210,214265,888353250,3.82,108367774440,11238200.0,-6013245.0,20250102
318160,3150,3185,3100,3185,10110,31772750,1.11,29495969685,5424760.0,1200150.0,20250102
308430,12000,12270,11730,12090,194792,2343191840,2.46,154764198810,-230205400.0,18110650.0,20250102
068760,56300,56700,54100,54800,163659,8980885800,-3.35,2279876567600,-3086130800.0,-253699900.0,20250102
068940,0,0,0,778,0,0,0.0,29766744466,,,20250102
060230,925,1015,900,950,787396,756468321,2.81,44670747050,55186169.0,,20250102
290690,8010,8800,7910,8320,362095,2996647580,-0.36,379095308800,-161793090.0,,20250102
950200,4030,4190,4000,4020,9414,38037080,-0.74,77328933060,-934500.0,,20250102
032680,283,300,283,300,295506,85839322,2.74,31677229200,938378.0,,20250102
032685,7110,7240,7110,7190,221,1573620,0.28,2567850980,0.0,,20250102
258790,989,1068,989,1064,186292,194630010,7.8,26590726176,23214411.0,,20250102
066910,1030,1036,1011,1021,179891,184018759,-1.83,34493728439,6904109.0,,20250102
035610,3900,4065,3900,3995,50609,203070080,1.78,109247258015,1160475.0,3285.0,20250102
357780,162100,164500,160100,163000,14306,2318395900,-1.45,1267906258000,-769741100.0,249819000.0,20250102
036830,35750,35850,34650,35450,49363,1737576600,-1.8,743175785200,-122249750.0,-43190050.0,20250102
304100,22700,24100,22150,24050,258431,6052928150,7.61,291740160400,238536200.0,129160150.0,20250102
328380,867,876,848,853,63569,54812754,-1.61,29226149634,5966620.0,,20250102
086980,3245,3315,3150,3165,1223112,3942250655,0.48,198249270000,-138174165.0,-460513185.0,20250102
050960,17290,18720,16400,18050,373861,6636605310,11.35,121855550000,-357098930.0,1802170.0,20250102
084180,5780,5920,5700,5840,37409,217754040,1.04,100132774320,-19321310.0,30558770.0,20250102
253840,5330,6920,5330,6420,5192809,34047187850,20.45,107491344000,-1027481760.0,46348000.0,20250102
298830,4400,4850,4350,4780,1533903,7236594175,9.63,251519111580,1460845260.0,32483190.0,20250102
236200,24750,25150,24700,24800,28067,698726200,1.85,178393170400,40086300.0,-24750.0,20250102
094840,6770,7090,6610,6980,348841,2401149180,5.76,73093443200,-179211020.0,,20250102
192440,19370,19370,18980,19100,7584,144995640,-1.39,118732533300,-84357750.0,-18870.0,20250102
424960,14170,15150,14080,14880,2531008,36990479860,3.55,232906819200,2655710.0,2872420.0,20250102
099440,3735,3830,3595,3700,3206040,11909716900,7.25,148900557800,-23235625.0,258250.0,20250102
276040,2985,3245,2985,3245,29157,91774675,7.99,40739268130,2012540.0,,20250102
159910,607,607,600,605,98484,59329776,-0.33,22028109290,707428.0,0.0,20250102
060240,430,435,421,421,193536,82378281,-4.54,13604269359,756150.0,,20250102
115570,2500,2515,2400,2510,33461,82555125,0.2,20041115080,5182590.0,-23400.0,20250102
330730,3725,3760,3685,3740,32376,120520200,-0.66,67884104200,28545650.0,11210.0,20250102
352090,3140,3150,3060,3130,24604,76691325,1.13,84112483740,952880.0,,20250102
253450,42750,43450,41700,42600,51591,2192685300,-1.05,1280492014800,167023550.0,-228126800.0,20250102
408900,2430,2460,2380,2405,53161,127921580,-0.62,78658252270,-28639785.0,,20250102
204630,0,0,0,4650,0,0,0.0,23668225650,,,20250102
415380,8270,8470,8210,8370,12286,102996490,1.21,35367418260,35563210.0,32601280.0,20250102
013810,3465,3545,3450,3535,80648,283860695,0.43,51807086450,58172110.0,3535.0,20250102
049830,7510,7600,7480,7590,647,4867660,1.61,46542730080,-22530.0,30.0,20250102
020710,4100,4465,3970,4000,2597971,11073367710,-1.11,80191880000,-347898310.0,228490.0,20250102
033170,862,894,845,894,378138,329552300,3.47,76641117186,79675112.0,,20250102
048870,2580,2640,2580,2630,141327,367749485,1.35,217522944720,70576425.0,2252735.0,20250102
025320,5860,6170,5810,6080,536711,3242693880,2.53,509613050880,707304850.0,-74661160.0,20250102
269620,0,0,0,889,0,0,0.0,132090012299,,,20250102
056090,1002,1100,1002,1055,462187,484106182,4.66,108938282980,115161988.0,-695442.0,20250102
429270,5280,5430,5130,5430,28502,150273630,3.63,24468937500,3572980.0,,20250102
418250,0,0,0,6550,0,0,0.0,52279100100,,,20250102
131090,879,879,839,840,76019,64244066,-1.75,36960000000,2955974.0,-21769852.0,20250102
232830,2910,2965,2815,2965,463530,1332870875,2.24,34712654480,21516495.0,,20250102
290520,2305,2480,2260,2325,12394,28926725,1.97,37035766650,-1627250.0,,20250102
001000,984,1000,981,999,51027,50341026,1.52,24253262460,7118976.0,,20250102
025870,6120,6420,6090,6310,43097,270426960,3.1,25240000000,18811960.0,,20250102
215600,2510,2545,2450,2535,403124,1013618545,1.0,348225661875,248854885.0,621945.0,20250102
065350,116300,119300,107000,107700,585025,65602680600,-7.08,2960021199600,-9445489700.0,-395835900.0,20250102
416180,28700,29950,28200,28700,61071,1757174800,0.35,259441628600,-359679100.0,28700.0,20250102
162300,2640,2680,2520,2615,179352,466620745,-0.95,108447663930,68293080.0,3688965.0,20250102
290560,5690,6130,5690,6030,7692,45176870,2.55,23384171160,-2859180.0,9498880.0,20250102
002800,5370,5540,5370,5520,52538,287109850,1.66,83741160000,25153290.0,,20250102
472220,2065,2070,2045,2045,27146,55685650,-0.49,9591050000,985945.0,-6646285.0,20250102
430220,2100,2115,2100,2110,97,204135,0.48,14263600000,0.0,0.0,20250102
445970,2130,2130,2125,2125,8,17010,0.47,11390000000,-2130.0,0.0,20250102
017000,2800,2950,2800,2885,51365,148685345,3.04,33662257895,31439375.0,0.0,20250102
012790,6370,6590,6370,6500,13107,84862660,1.09,77911697500,-8343640.0,,20250102
138070,2510,2565,2490,2550,111044,281388385,2.2,44633170200,112659855.0,2550.0,20250102
226330,5400,5710,5310,5660,176248,969950710,7.81,86362968500,212748120.0,1205010.0,20250102
418210,0,0,0,2245,0,0,0.0,8216700000,,,20250102
452980,1942,1945,1942,1943,7384,14346040,0.05,36732415000,227395.0,8316040.0,20250102
474660,2010,2030,1995,2025,6702,13517005,1.25,11178000000,-34135.0,10964580.0,20250102
474930,2050,2070,2050,2050,2246,4616760,-1.44,7421000000,-381160.0,0.0,20250102
487360,1921,1929,1921,1928,44976,86560927,0.21,10873920000,-7054856.0,46686143.0,20250102
487830,1991,1999,1991,1998,5773,11532131,0.35,8691300000,347662.0,3996000.0,20250102
056700,1691,1691,1668,1691,9288,15603336,0.0,49267438881,-853233.0,,20250102
187270,2965,3040,2900,2955,30058,89003270,-0.34,29975061975,3434360.0,10.0,20250102
243840,5050,5110,4945,5010,95717,476939475,-2.15,194984365350,-148721265.0,-7264940.0,20250102
257720,32900,35100,32550,33700,1743470,59407188000,3.06,2051427985800,-4227059700.0,5583958800.0,20250102
222800,10870,10970,10690,10920,108406,1173811320,-1.0,347847241560,-91323260.0,-101057060.0,20250102
036710,1042,1060,1027,1054,13349,13924618,1.15,51354336066,-1058534.0,,20250102
160980,8730,9120,8510,9000,63295,561993870,5.51,98318187000,100571410.0,-19588540.0,20250102
356890,2810,2940,2810,2925,16295,46959965,4.09,34855250625,329805.0,,20250102
217330,4615,4890,4570,4715,44575,211194870,3.97,109055814105,31758065.0,2108295.0,20250102
010280,639,660,634,653,81472,53049282,2.19,42525832258,-138385.0,,20250102
208640,296,311,290,298,434115,127897255,1.02,41493595692,-975075.0,3138485.0,20250102
222420,618,621,617,621,3855,2360649,0.49,28230803451,-86852.0,,20250102
037760,1427,1427,1406,1425,3230,4573082,-0.14,48211912425,-35789.0,,20250102
099320,40050,44000,39950,42700,106214,4456989950,6.62,467619570600,229034200.0,264399850.0,20250102
049960,14270,14790,14010,14510,37323,537527850,1.68,136394000000,-122065010.0,14160.0,20250102
088280,2395,2600,2380,2550,94094,237606510,7.37,44131549500,4632895.0,,20250102
050890,6730,7000,6630,6800,7246634,49452779410,2.41,415447570800,389287060.0,470473480.0,20250102
394800,5120,5340,4945,5270,2098691,10882902745,2.93,166974732700,314962600.0,91997035.0,20250102
177900,7690,7780,7410,7440,385474,2924467200,-3.25,69093792000,60217460.0,-341326970.0,20250102
475400,25350,27550,25200,26450,4558077,120121383000,10.21,307042973500,-1131090750.0,1512152750.0,20250102
109670,7880,8150,7880,8150,11392,91269800,0.99,47568306300,2940780.0,,20250102
066790,1499,1499,1440,1460,1403050,2049453648,-2.67,95121976940,-46995962.0,,20250102
222080,7400,7490,7340,7470,178959,1328163420,0.95,577967637330,3681390.0,-63414100.0,20250102
352480,45700,47500,44500,44650,99659,4522970100,-2.3,447122465650,-1112091300.0,-294373100.0,20250102
264660,9320,9490,9210,9390,3318,30809740,0.86,90405943440,-7021700.0,,20250102
352700,2830,2830,2770,2810,17155,47929450,0.36,76648086190,-1474410.0,2800.0,20250102
458870,10510,11530,10510,11470,61778,694354190,9.13,143967769600,310232790.0,-8743880.0,20250102
297090,4375,4695,4375,4660,150354,691979470,6.51,127078200000,95565515.0,-23175325.0,20250102
900120,66,67,63,64,1061309,68664093,-3.03,19236982080,-5020697.0,,20250102
359090,1160,1186,1160,1183,158183,185820684,1.81,67106729053,52047280.0,,20250102
115530,393,430,393,409,157396,64832344,4.6,27796867000,8369714.0,,20250102
115480,672,681,667,681,21192,14310684,1.34,41285323998,-445636.0,,20250102
340810,3195,3465,3060,3355,156458,524805080,5.01,35555830365,-3417525.0,-27535.0,20250102
376290,2875,3025,2865,2915,7132,20933315,1.75,51471612500,-268095.0,882000.0,20250102
189330,5820,6090,5630,6050,15452,90928380,6.14,36858318200,13664830.0,,20250102
096530,22600,25550,22550,24200,1320344,32633097850,6.14,1263869054800,-1172727750.0,232983350.0,20250102
101240,3840,3860,3790,3820,26327,100431780,-0.52,39502417540,-22618135.0,,20250102
060590,6510,6700,6460,6570,19451,128011840,0.31,158869301400,-13533060.0,38830.0,20250102
260930,5240,5380,5070,5140,136755,704285860,-2.47,99415777740,-13431750.0,-45473770.0,20250102
413630,1720,1965,1717,1800,287307,519667816,4.65,72510165000,-19460836.0,-1640000.0,20250102
013990,5290,5450,5180,5440,632367,3379073270,6.25,178908195840,308040660.0,-7681170.0,20250102
123860,20500,20800,20100,20500,23960,491810350,-0.49,248530007500,-148861300.0,-38900.0,20250102
025980,5310,5410,5260,5400,384011,2049514340,1.89,478599181200,-59207920.0,-41488250.0,20250102
125210,5880,5960,5800,5900,21142,124676600,0.51,97331061000,13758340.0,23700.0,20250102
357580,5110,5200,5100,5180,5032,25819510,1.37,58120967520,1468250.0,,20250102
052710,3700,3850,3695,3790,18684,70160695,1.47,55391263110,-4599420.0,,20250102
074430,898,915,889,908,53760,48320812,1.11,79746774352,17844457.0,,20250102
092040,3850,3880,3785,3865,79766,305309850,0.13,212645911155,-94451740.0,-20938235.0,20250102
083930,12020,12200,11840,11940,16710,199098240,-0.67,178058808120,-49068180.0,1087160.0,20250102
149950,8200,8200,7790,7990,3158,25049000,2.44,124703925000,-2870550.0,2230.0,20250102
036010,4555,4555,4455,4515,13775,61934335,0.56,60017597010,15776390.0,4530.0,20250102
050860,2010,2050,2005,2050,41901,84838880,1.23,46125000000,21423305.0,-5185.0,20250102
136410,6940,7100,6940,6980,11695,81879590,0.58,76913359880,-376760.0,40.0,20250102
246720,4650,4700,4575,4665,18448,85836020,-0.32,63291454500,-147835.0,,20250102
067390,504,536,503,509,474295,243676886,0.99,179387919558,52006597.0,,20250102
159010,4190,4240,4115,4215,21603,90455350,0.6,56205924885,12283000.0,1569415.0,20250102
127710,1610,1720,1600,1719,302527,512393636,5.59,60000116958,4254161.0,284929456.0,20250102
154030,1960,1960,1900,1946,7833,15014270,0.57,22556770992,-26509.0,,20250102
227610,1049,1080,1037,1041,33762,35326992,-0.76,37042472427,10052139.0,,20250102
143160,16950,16980,16150,16350,54490,899634590,-2.15,175212976500,-311224130.0,3310.0,20250102
054800,9300,9520,9100,9270,9376,86117300,-1.38,95923698120,-1682920.0,,20250102
332370,3690,3795,3690,3765,8730,32691695,2.03,49975578390,522145.0,4695.0,20250102
339950,2065,2170,2040,2145,407574,862636205,6.19,96410574975,33534935.0,,20250102
469750,1061,1070,1040,1062,129595,136805682,1.63,36040542822,43609059.0,,20250102
460470,4780,4845,4660,4835,512345,2452955040,1.15,72932928950,194350045.0,-4173000.0,20250102
099190,14960,15500,14880,15400,56928,864759900,0.85,425675604200,247919080.0,-52167940.0,20250102
461300,11720,12050,11660,12000,34911,415284340,2.21,156911196000,166268880.0,345860.0,20250102
289010,2500,2545,2485,2515,30235,75791585,1.41,32353053055,10936460.0,-143135.0,20250102
214430,45100,48350,44800,47400,223732,10342172150,5.33,336860424000,-438344350.0,59832800.0,20250102
040910,4295,4385,4265,4365,13311,57502835,2.34,81076710375,14528555.0,-10768005.0,20250102
368600,2920,2990,2900,2980,64610,190475695,-1.32,52264271080,33317760.0,,20250102
456010,10070,10770,9590,10190,4934797,50575527510,3.98,135291162640,-523148650.0,-358270930.0,20250102
052860,1814,1916,1770,1905,366443,678573041,5.89,34028736870,65613386.0,,20250102
464500,3720,3845,3670,3780,234151,879732600,1.61,52781134140,-38529310.0,-3807940.0,20250102
038880,174,208,174,196,3837055,744305347,12.0,61805601592,7224892.0,-38511.0,20250102
307180,2545,2660,2525,2570,45707,116916820,0.98,69500067960,-24199375.0,239600.0,20250102
101390,2415,2445,2380,2400,70580,169954565,-0.62,26794144800,74935690.0,,20250102
461030,10850,11070,10530,11000,71534,773273720,3.29,154195250000,-136261150.0,35654210.0,20250102
451220,7690,8030,7690,8010,29961,236966250,3.09,63075634110,75636710.0,-1381990.0,20250102
090150,845,857,810,856,108889,90879612,1.3,35845250808,9257483.0,,20250102
123010,1165,1190,1096,1149,2375864,2720282855,0.44,37524664758,-94727564.0,-3882316.0,20250102
031310,1910,1979,1907,1911,198974,381341070,0.26,48414489396,43039388.0,,20250102
185490,2530,2650,2530,2625,20161,52062575,2.54,70953183000,9106115.0,,20250102
059100,4845,4845,4720,4800,11923,57129685,-1.84,33940128000,452800.0,,20250102
262840,2270,2335,2230,2310,16750,38388360,0.87,44559900000,-1409125.0,,20250102
175250,1947,1947,1792,1815,89369,164117499,0.0,68168437920,-27055691.0,,20250102
052460,2000,2035,1971,2020,42913,86121301,1.46,29508030720,23557277.0,,20250102
119830,5300,5400,5290,5370,54763,292973050,1.51,115102174890,-75852980.0,86341310.0,20250102
052770,945,977,918,938,89068,83753332,1.52,45943189348,-11779924.0,,20250102
124500,5110,5260,5030,5210,84705,435883990,0.19,120895585670,-74663330.0,,20250102
372800,4670,4670,4500,4650,8367,38260295,-0.43,28025503500,-1428785.0,,20250102
084850,12630,12630,12250,12410,25963,323353270,-2.67,281495210940,-12304810.0,-56021530.0,20250102
114840,18510,20600,18510,20400,215823,4316068000,9.15,351735657600,830619490.0,859870500.0,20250102
027360,2450,2585,2420,2585,981859,2468453030,6.38,312643874510,-167885995.0,187220010.0,20250102
032080,1218,1285,1217,1265,24504,30946165,4.03,27186151685,-1234393.0,,20250102
013310,2400,2495,2400,2475,50027,123248385,2.91,96046290450,-24783920.0,3190.0,20250102
059120,7330,8100,7070,7850,1183530,9151752110,19.3,76526478600,-31588680.0,-44843430.0,20250102
203690,5670,5790,5540,5620,11663,65744720,0.36,76381498680,-9398450.0,,20250102
158430,6200,6470,6030,6150,9524997,59265690550,7.33,143136975750,-21547190.0,-145148550.0,20250102
200350,15130,15570,13690,14780,1306327,19089781200,0.2,147741249500,159355980.0,-56499600.0,20250102
321820,13610,14040,12030,12660,1081687,13943699310,-3.87,169223814600,41042240.0,810.0,20250102
001540,6530,6570,6530,6560,4357,28534650,0.46,85558275200,-4611860.0,-4238530.0,20250102
053800,66800,69100,66400,68700,111729,7591866700,3.78,764390962200,-927175500.0,694764500.0,20250102
065660,19000,19010,18200,18760,47393,884660200,-0.69,182560557480,-10366540.0,121799820.0,20250102
297570,761,765,755,758,78395,59632219,-0.79,26242883244,16581693.0,,20250102
260660,3475,3495,3415,3415,18935,65274275,-1.16,52341776715,7804185.0,14185.0,20250102
354320,25450,25900,25250,25600,70070,1794630400,-0.19,163619353600,-58426750.0,12668100.0,20250102
361570,2565,2645,2565,2620,57868,151048030,1.16,75307422420,46366790.0,49656205.0,20250102
131370,2645,2745,2635,2740,43594,117435400,3.79,145951807420,12967110.0,13473865.0,20250102
140670,15570,16800,15070,15660,5605488,89532024850,11.86,145687172400,430667420.0,1511964560.0,20250102
096610,0,0,0,2965,0,0,0.0,51550708615,,,20250102
061040,3920,3960,3760,3760,220586,844749975,-4.69,120655613840,-33981645.0,115834565.0,20250102
148250,3490,3560,3490,3545,1834,6473920,2.46,26201754370,-408515.0,,20250102
347860,1702,1780,1691,1770,88073,154583830,3.87,43596530160,46324957.0,,20250102
196170,308000,311000,298500,300000,593351,180303958000,-3.07,15995648400000,-44704924500.0,-24594523500.0,20250102
123750,1429,1440,1406,1440,14458,20749319,-0.28,18354667680,-1230962.0,,20250102
085810,1196,1270,1175,1243,179236,218560198,3.93,38634875037,43347540.0,,20250102
043100,1457,1535,1450,1520,100584,150946894,4.32,25206109840,32239848.0,,20250102
117670,0,0,0,945,0,0,0.0,37743429465,,,20250102
314140,5050,5100,4900,5090,25981,129696250,0.79,44111777490,9775825.0,,20250102
291650,1095,1149,1091,1136,473437,535874837,3.84,33262366272,8006941.0,-9163000.0,20250102
293780,6440,6440,6060,6270,37402,233925720,-1.57,168546127200,10345320.0,-42617860.0,20250102
196300,11760,11840,10250,11080,146539,1615916710,-5.62,66517527960,-711570.0,35856180.0,20250102
310200,2590,2640,2575,2580,64837,168100255,0.19,117444125820,4673070.0,106835.0,20250102
299910,0,0,0,6880,0,0,0.0,32483121920,,,20250102
179530,2080,2130,1998,2010,37782,77439210,-3.37,18372292440,5621485.0,,20250102
900100,993,1007,970,988,68993,67959586,-0.4,41691524212,-8308023.0,,20250102
205500,3025,3355,2855,3220,1667241,5218896195,7.69,167208546400,324255895.0,,20250102
052790,7090,7430,7070,7400,33621,245315620,4.37,83846721200,-21724570.0,8027870.0,20250102
290740,5050,5140,5030,5140,3491,17755570,1.58,51734156540,-1069600.0,,20250102
238090,2920,2940,2820,2845,7900,22733130,-2.57,66975007035,-3928620.0,,20250102
092600,1145,1156,1101,1130,22202,25027706,-2.33,28344374210,438257.0,,20250102
129890,994,999,970,983,46204,45360675,-1.11,49782472030,532521.0,1004.0,20250102
174900,14130,14590,14130,14580,56058,807425880,3.26,254058118380,73873330.0,-90962000.0,20250102
255440,7620,7860,7620,7720,3426,26336840,0.92,100807760000,1911850.0,,20250102
030960,10070,10120,9610,9860,221846,2186208110,-1.2,157562800000,129198000.0,,20250102
102120,7510,7710,7390,7710,62738,475355250,1.85,137089605630,29429060.0,588830.0,20250102
238120,3030,3075,3010,3040,18318,55606970,0.5,43711843840,-330435.0,,20250102
019990,4860,5050,4850,5040,16338,81019505,3.07,49170683520,34298530.0,20.0,20250102
270660,17870,19500,17350,19150,1948497,36269316580,16.41,234812359300,-6152080.0,84209240.0,20250102
038680,3905,4190,3905,4185,103882,426778760,5.95,81815398245,162756725.0,19595.0,20250102
217480,0,0,0,499,0,0,0.0,54756837359,,,20250102
121890,1302,1344,1290,1330,21665,28585760,2.15,17677623180,1494645.0,,20250102
304360,17570,17570,17100,17290,53299,924838800,-0.06,203084812840,87136360.0,0.0,20250102
389500,20650,23400,20500,23400,595462,13472315400,30.0,144492753600,-220821800.0,344494500.0,20250102
042110,1425,1425,1399,1424,39510,55650385,-0.14,68821299136,-1901224.0,,20250102
298060,1908,1948,1872,1900,41174,78212794,0.48,38887771200,1605482.0,,20250102
065420,208,212,205,210,202554,42066413,1.94,15031232790,-5542370.0,,20250102
103230,3280,3490,3250,3430,31263,106369490,5.54,24696000000,-10624395.0,,20250102
260970,43650,44450,41300,41650,75991,3224221900,-5.77,120483204100,676891500.0,-833832200.0,20250102
101490,25300,28100,25300,27800,236439,6404341600,8.59,596350226600,-552647800.0,2016291600.0,20250102
095910,1497,1520,1431,1493,29919,44672052,4.41,29120222979,1711247.0,,20250102
275630,3255,3375,3255,3290,3553,11638855,1.08,19799183810,-608325.0,-30.0,20250102
031330,2605,2665,2570,2650,377499,986727460,1.73,264986927550,79675705.0,95786450.0,20250102
060540,1535,1550,1497,1550,75842,115380423,0.98,40506624300,-22992195.0,,20250102
351320,1320,1330,1301,1309,15801,20606713,-0.23,28818794774,92890.0,,20250102
056190,19330,19700,18670,19140,136590,2606510040,-1.85,687293666400,-462759910.0,155974840.0,20250102
246250,1925,1972,1917,1929,22476,43307481,0.21,29606689374,3560543.0,,20250102
041510,75100,76500,70200,71500,184848,13309499800,-5.42,1669784330500,-1623051700.0,-3495972300.0,20250102
007820,3730,3920,3730,3910,69159,267363250,3.71,78332728860,24211895.0,,20250102
464080,13230,14490,13030,14100,6773610,94811499820,4.6,249313803000,-55537220.0,798439040.0,20250102
109610,3700,3830,3660,3830,252352,946483625,2.96,187315342000,25178040.0,,20250102
365330,7550,7980,7520,7930,1475087,11487017760,3.52,242737300000,-1617420950.0,,20250102
031860,1677,1699,1621,1651,71519,119712396,-1.55,24808513756,-33541083.0,,20250102
306040,4885,5070,4845,5050,17628,86347195,2.43,49822431400,-286870.0,6380.0,20250102
398120,4050,4250,3980,4130,609855,2491251470,2.23,45738511000,50903665.0,,20250102
457940,2065,2080,2065,2075,140,289310,0.48,6868250000,0.0,266435.0,20250102
472230,2005,2045,2005,2005,252,505865,-0.99,8330775000,-34125.0,0.0,20250102
473000,2060,2065,2055,2060,292,601470,-0.24,6818600000,-255440.0,0.0,20250102
473950,1995,1995,1985,1994,2626,5224662,0.4,8813480000,-146890.0,1037389.0,20250102
435870,2075,2085,2075,2085,1856,3857275,0.24,7756200000,,1334225.0,20250102
455910,2130,2130,2100,2100,202,425655,0.48,10542000000,0.0,177825.0,20250102
475660,6440,6580,6360,6450,19014,122469250,0.16,51147435750,30308440.0,-4080.0,20250102
096630,659,697,650,695,454366,307488348,6.6,55169840175,98608721.0,0.0,20250102
069510,10510,10640,10450,10450,4365,45835990,-0.57,114009500000,-959280.0,11030.0,20250102
234300,3710,3815,3710,3805,89252,337695275,0.53,105816471640,-30492785.0,,20250102
039440,17450,18120,17030,17320,319629,5569419650,-0.74,274175600000,-928743440.0,5141970.0,20250102
098660,2890,2980,2740,2900,44224,126796660,0.0,36252830400,-15738625.0,,20250102
052020,8600,8950,8500,8760,344995,3006749290,2.58,595533629160,-589706620.0,,20250102
237690,89000,89100,85400,85400,120855,10525491300,-3.94,1719555474000,-2998932900.0,-1410663300.0,20250102
050760,1328,1334,1301,1323,3528,4648765,-1.27,21610778994,-101861.0,89508.0,20250102
288620,8810,9280,8810,9250,15462,142137140,3.58,64558673000,62564480.0,-9180.0,20250102
443670,8360,8910,8250,8880,522198,4535847860,5.97,214908360960,267020830.0,32996660.0,20250102
317830,4580,5720,4580,5720,2179115,11649353200,30.0,61626238960,-95125830.0,491450.0,20250102
058610,27900,29200,27450,28450,3931974,111387053450,21.58,630945892000,-1337733200.0,7993151600.0,20250102
043340,549,558,536,549,51069,27749091,0.0,52155000000,2937833.0,,20250102
163280,12920,13680,12700,13630,342270,4577222690,2.48,111422374070,-403079210.0,37723050.0,20250102
054630,0,0,0,158,0,0,0.0,12594094838,,,20250102
200710,16190,16310,15720,16280,109302,1752919350,2.07,218816582160,-23051070.0,,20250102
475580,11840,12940,11720,12750,3161038,39660279520,6.34,170227545000,797381560.0,566241020.0,20250102
096690,1634,1732,1634,1690,48709,82079834,3.43,56576449410,14901659.0,,20250102
298380,30050,30300,29400,29750,427846,12779665150,-0.5,1436387774500,-4259317250.0,1403969400.0,20250102
203400,7150,7240,6960,7150,38258,269433060,-1.24,197966447250,160220.0,-11201270.0,20250102
195990,446,448,436,440,669218,294659430,-2.22,125263477240,-15819218.0,1350714.0,20250102
003800,25050,25150,24800,24900,2407,60087600,-0.8,276141000000,-4257000.0,,20250102
088800,708,749,701,733,131976,95144184,3.53,133370719977,15672418.0,-722.0,20250102
241840,7750,7760,7500,7640,33932,257983200,-1.55,72885554160,40509550.0,-15527990.0,20250102
453860,18990,19200,18210,19150,6402,121497270,1.81,108335667250,-4629360.0,19050.0,20250102
312610,1200,1200,1137,1200,16463,19379954,0.0,24308265600,-152023.0,,20250102
172670,9560,9570,9040,9210,495871,4570546380,-1.92,82523985390,78925940.0,-18302110.0,20250102
445090,34600,36900,33500,36900,573822,20597665500,7.27,397475213400,1970790350.0,124563100.0,20250102
295310,24600,27850,24100,27400,2044688,53732907950,11.84,326112909400,2529259300.0,2088112200.0,20250102
072990,7970,8000,7630,7750,109231,846209840,-5.37,56476892750,-246035700.0,-180230740.0,20250102
044990,15850,16180,15840,16040,4292,68552920,1.26,128898466560,2463380.0,-18258140.0,20250102
239610,12340,12590,12250,12510,5799,71890290,1.38,67455358650,12755910.0,200.0,20250102
462020,1990,1999,1990,1994,8335,16600782,0.4,8663930000,840202.0,5973000.0,20250102
477340,1942,1942,1929,1941,3323,6446802,0.1,14576910000,-255403.0,0.0,20250102
148930,3500,3730,3455,3515,5633,19998765,-0.99,35765873695,4489495.0,,20250102
376270,16600,17290,16500,17150,57045,967176970,3.94,119398968850,34747090.0,4614420.0,20250102
044780,1130,1165,1129,1141,42796,48836668,-0.09,21115102967,5773433.0,,20250102
357230,2435,2485,2430,2465,12607,30758185,0.61,103750585455,-3330335.0,,20250102
355690,5230,5400,5040,5320,13650,70909260,6.19,28754493600,-4396070.0,,20250102
071670,5500,6400,5360,6060,224116,1359858920,9.58,60600000000,223220.0,-570.0,20250102
045660,30850,35950,29750,34400,3387801,112857180950,17.41,284144000000,-1510309150.0,8381400.0,20250102
224110,19200,21350,18800,20550,552956,11195042100,11.56,109737000000,293601860.0,-25227560.0,20250102
021080,2170,2235,2160,2225,152924,335780715,3.01,106800000000,10570805.0,-10405.0,20250102
200470,2115,2140,2075,2105,194537,409482260,-1.86,89172205765,63160205.0,,20250102
262260,4930,5150,4930,5070,13899,70324700,0.8,73353530640,27314920.0,5150.0,20250102
397030,16240,16340,16000,16200,158672,2557390430,0.0,363456655200,-1068367410.0,11009080.0,20250102
230240,17770,18500,16400,18230,227753,4091698100,2.76,242623070000,107028250.0,1167307040.0,20250102
230360,9990,10050,9640,9830,81525,797573370,-2.58,309330725070,-203059600.0,-45433050.0,20250102
038870,4000,4085,3900,3950,233676,926191395,-0.25,55359048550,118863720.0,11336840.0,20250102
097780,893,894,878,888,17619,15643765,-0.56,60144540144,-1302741.0,980550.0,20250102
448280,24500,24850,23400,24450,415031,10052559800,0.2,241493701350,-38451400.0,-381646000.0,20250102
101360,21900,22350,21500,21950,101277,2220276900,0.23,390405202300,-64897300.0,-55130100.0,20250102
128540,1329,1329,1282,1310,67696,87976630,0.46,34964502600,-8818138.0,,20250102
086520,57600,57700,55100,55200,917528,51268843100,-4.0,7349236368000,-2745068900.0,-1115680100.0,20250102
247540,110400,110900,105000,105500,459369,48872997500,-4.0,10318041792000,-10677937700.0,-5452920600.0,20250102
383310,33000,33050,32000,32600,228591,7433741200,0.31,683782783200,-1254960050.0,-397022850.0,20250102
038110,2270,2310,2260,2305,51418,117264865,0.66,94895397850,10135720.0,0.0,20250102
073540,1332,1365,1326,1365,23063,30807828,2.48,15561000000,-625181.0,,20250102
064850,7890,7980,7680,7850,13821,107262640,0.38,89571106200,4809520.0,,20250102
036810,15580,15880,15310,15760,75474,1178073490,0.19,342886994640,72582870.0,-19921560.0,20250102
173940,2775,2780,2710,2775,3717,10250680,0.0,42715042200,-205220.0,,20250102
083500,7900,8180,7800,8100,8159,65820980,1.0,69463348200,-2247780.0,,20250102
054940,699,706,691,699,76100,52884453,0.0,23188310052,-21014.0,,20250102
950130,5190,5550,5150,5420,209411,1136256660,4.43,204484849440,-111411540.0,,20250102
373110,4010,4230,3990,4230,179630,740868640,4.06,46185094260,66786610.0,0.0,20250102
205100,1917,1975,1893,1965,576280,1127239241,2.5,141408141915,156275328.0,76023173.0,20250102
356680,10390,11500,10000,11390,5090418,54504727340,9.62,325110373880,-507639200.0,2086094830.0,20250102
070300,2960,3090,2855,2920,46069,133748070,-0.85,28991284240,-13381340.0,,20250102
317770,2825,2920,2800,2865,71551,204250750,-0.17,68042624055,48270620.0,,20250102
373200,656,658,621,638,310760,198947664,-0.47,48300209166,-19502309.0,,20250102
069920,893,907,876,904,24109,21678350,0.11,31815480864,2236009.0,,20250102
092870,10530,11300,10530,11260,157099,1718798150,6.23,146951974220,197101040.0,-55385960.0,20250102
317870,14090,14090,13660,13680,4265,58841490,-2.91,116372340000,-11952420.0,72100.0,20250102
067570,2310,2335,2290,2305,114552,264042990,-0.22,97201850000,23434805.0,-23400.0,20250102
236810,3030,3145,3030,3115,40628,124890350,0.32,52878451990,35961265.0,-3060.0,20250102
333620,7560,8000,7550,7980,30048,236708290,4.31,84239625120,-103359070.0,139448730.0,20250102
101400,397,408,396,404,187175,75064568,1.76,25113614852,3012054.0,-3911.0,20250102
078860,7950,8010,7660,8000,21766,170040800,0.13,84248432000,2289810.0,,20250102
422040,2115,2120,2110,2120,7904,16703015,0.24,15179200000,-114115.0,-10624635.0,20250102
437780,2075,2115,2075,2090,49,101985,0.48,10512700000,,0.0,20250102
438580,2090,2150,2090,2095,148,311225,0.24,6326900000,960.0,0.0,20250102
439410,2075,2085,2070,2075,34077,70690920,0.24,18260000000,2701000.0,-65495320.0,20250102
440820,2065,2075,2065,2070,3947,8159045,0.24,16146000000,-1426230.0,0.0,20250102
451700,1980,1984,1970,1982,1572,3101664,0.15,28441700000,-49670.0,-986319.0,20250102
466910,1945,1974,1945,1962,15872,31162662,0.87,17854200000,-11662369.0,25556744.0,20250102
481890,1988,1988,1974,1980,101,199819,0.3,12563100000,-75036.0,0.0,20250102
265740,4700,4815,4625,4780,30981,147536265,4.03,42694004000,9075150.0,4040.0,20250102
354200,1642,1688,1615,1663,174016,286702632,1.28,32825098892,289849.0,0.0,20250102
455900,25000,26950,24600,26850,1963229,50906100100,16.49,401283479850,3692142700.0,1779067150.0,20250102
419080,9180,9460,9080,9360,12116,112577430,1.96,98696304720,-12647220.0,,20250102
208860,0,0,0,2205,0,0,0.0,67316270805,,,20250102
183490,1425,1519,1404,1485,389778,572447227,4.21,126322359570,36437493.0,153759971.0,20250102
182400,0,0,0,2020,0,0,0.0,172748038620,,,20250102
348370,132900,135400,131200,134100,168708,22460198700,0.9,2830881172500,-3425500400.0,-409580200.0,20250102
069410,3750,3915,3750,3865,20417,78097375,2.11,39596244760,14500315.0,,20250102
227950,440,445,425,445,167370,72988689,2.3,46091110850,11057142.0,-1835.0,20250102
291230,1893,1984,1893,1983,158462,309932591,3.66,87441921825,15782545.0,,20250102
198080,2420,2420,2370,2385,27075,64754975,-0.42,51361416225,-528410.0,,20250102
048830,1074,1125,1067,1121,27352,29954653,3.7,20989517683,-553083.0,,20250102
096870,2490,2595,2480,2580,22815,58006265,4.03,17230272000,366185.0,,20250102
290650,24100,25850,23950,25500,292841,7368943350,5.81,578464720500,-205366750.0,2137708050.0,20250102
156100,6500,7140,6500,7010,69180,476791540,5.73,139756568430,83914980.0,2004320.0,20250102
073110,6260,6260,6210,6250,2803,17476300,-0.79,55598468750,-286910.0,,20250102
083310,8350,8460,8240,8450,23338,195890660,1.2,150494778850,33564840.0,0.0,20250102
037950,1020,1047,1014,1042,496452,509321478,2.16,87994314798,158914857.0,,20250102
170920,8790,8790,8600,8620,17157,148436440,-1.93,84524444400,-38806350.0,-9835650.0,20250102
058630,5110,5290,5090,5280,77855,404571600,2.13,103191670560,48256180.0,-6385990.0,20250102
058970,64500,68700,64000,64600,188570,12529566100,0.16,785265326000,-333866300.0,242449500.0,20250102
019590,0,0,0,921,0,0,0.0,104963185182,,,20250102
169330,2030,2030,1990,2010,2426,4840672,0.75,36696405180,-9968.0,,20250102
373170,6930,7570,6900,7400,18297,134718190,7.4,37280682000,28704620.0,,20250102
179290,8120,8400,8100,8340,96621,801861310,2.71,269929754520,213793690.0,-44932600.0,20250102
009780,5640,5640,5450,5520,47919,263798270,0.0,97152000000,-40608210.0,-9770.0,20250102
123040,2360,2390,2320,2345,47616,112055490,-1.88,162208839485,-49930620.0,-9850.0,20250102
432980,6210,6250,5600,5630,1194028,7161661410,-3.43,48371507460,21924420.0,-12244190.0,20250102
323230,0,0,0,161,0,0,0.0,6967193212,,,20250102
413390,5950,6130,5920,6050,50861,306734560,1.85,70060089000,4618320.0,1040.0,20250102
032790,947,974,940,968,48039,45906978,2.22,41999799864,1622240.0,,20250102
033160,6480,6620,6440,6600,19084,125229820,0.3,145637784600,22996200.0,6590.0,20250102
347890,5310,5720,5310,5720,22535,125934450,5.34,96743526880,2793770.0,24883550.0,20250102
033310,1780,1850,1770,1786,18880,33961296,0.51,72051224566,-37040.0,,20250102
259630,7630,7670,7400,7460,25125,189001050,-3.12,91626718920,-29196160.0,124760.0,20250102
105550,2585,2585,2390,2460,200589,489020535,-2.57,140926937580,-111413570.0,,20250102
060850,5180,5250,5130,5210,22907,118902230,0.77,42362510000,26240500.0,-300.0,20250102
143540,666,690,662,690,33790,22856023,4.23,30773927550,2022900.0,,20250102
036560,12310,12690,12310,12600,20737,258215360,0.48,198450000000,7929340.0,37740.0,20250102
265560,6580,6820,6510,6820,10040,67686050,3.65,72907027600,15756340.0,-40.0,20250102
036000,1860,1904,1850,1903,84051,158321174,1.44,43834229131,23796165.0,96828.0,20250102
250930,462,462,432,432,170397,76660362,-5.26,14256190080,-1898654.0,16559.0,20250102
053280,4585,4715,4585,4670,138521,644970240,1.85,116750000000,263333360.0,5.0,20250102
122640,9910,10290,9420,10200,153624,1548609290,3.87,213487101600,357585740.0,-49081150.0,20250102
900300,465,482,464,474,233084,110410242,2.82,23135580708,24166997.0,,20250102
045060,2535,2555,2530,2535,6086,15472295,0.0,42947904090,-691150.0,,20250102
080520,3035,3060,2995,3055,6815,20564170,1.66,35885890495,359365.0,-6265.0,20250102
039830,5980,5990,5950,5970,3977,23787150,-0.17,64254453300,-740.0,,20250102
322310,16340,16880,16090,16880,56689,942195040,4.91,158107228960,-25544600.0,-67520.0,20250102
046120,1919,1973,1906,1968,41562,81022685,2.39,54020588448,24722365.0,1946.0,20250102
014940,5210,5520,5160,5350,1371992,7387021950,2.69,243819086350,-116521530.0,-28042950.0,20250102
065500,7240,7300,6780,7020,14180290,99705874950,5.88,222835242240,-567475940.0,16119490.0,20250102
010470,6920,7110,6850,7070,37681,262982430,2.17,84663603500,96819300.0,0.0,20250102
417860,8100,8580,8090,8530,4695,39351170,5.57,37793137420,363760.0,,20250102
352910,6210,6560,6190,6520,11461,72986510,3.66,82398469040,2095400.0,,20250102
053980,3360,3395,3260,3370,25695,85347505,0.3,63971978710,-16874895.0,,20250102
036220,11350,11470,10800,11400,16147,180057950,0.09,165179342400,24824160.0,-11610.0,20250102
052420,1423,1451,1417,1423,655459,937467571,0.07,122826518216,-171397173.0,123867682.0,20250102
052300,0,0,0,300,0,0,0.0,50595429900,,,20250102
039200,24850,25050,24250,24400,140064,3430203050,0.21,933243294400,-931523200.0,-78175400.0,20250102
226400,6550,6810,6420,6630,489070,3243457260,2.0,136986414630,296148370.0,-98310880.0,20250102
031510,1231,1231,1200,1218,26730,32434619,-1.06,34104000000,64306.0,,20250102
368970,2800,2800,2690,2695,352896,972110520,-2.53,25187901200,16242855.0,,20250102
138080,10500,10760,10370,10620,28810,304283380,1.82,112827888900,-29754640.0,-200.0,20250102
080580,4450,4600,4400,4570,40367,182016190,3.16,80794391860,14659595.0,,20250102
067170,3280,3280,3180,3225,8327,26739915,0.16,49637926125,1984655.0,,20250102
353590,4260,4455,4250,4455,70096,303519675,4.45,57360664350,76778995.0,-40.0,20250102
173130,8170,9070,8050,8960,1479786,12710341860,6.16,116896398080,-226633430.0,-11655640.0,20250102
440320,6160,6560,6070,6530,221623,1405708220,9.38,64026650000,95778420.0,-14732010.0,20250102
049480,2430,2485,2375,2435,291531,713171340,1.46,76513502605,133926580.0,,20250102
394280,13710,14750,13560,14700,413897,5889104310,5.53,321544227900,-1022328880.0,-11486680.0,20250102
309930,2185,2185,2085,2100,35238,74272795,-3.23,44711079000,1059150.0,,20250102
476060,16340,16510,15590,15600,686339,11033112330,-4.53,168541776000,-217292190.0,,20250102
382150,6400,6650,6260,6330,322197,2063850160,-0.16,75060741210,-52765880.0,5808000.0,20250102
244460,5300,5300,4890,5060,44918,226019460,-2.5,20387109380,-53528205.0,,20250102
226950,19610,19620,18740,18960,266916,5083508910,-1.56,349993504080,-1029517420.0,-627206880.0,20250102
057540,726,771,726,766,196965,148882678,4.22,47070205930,-7789575.0,279986.0,20250102
131030,6100,6320,5860,6120,307560,1869865410,0.33,98857351440,227412350.0,,20250102
082210,1673,1770,1637,1770,41617,72317928,5.8,58750501980,16134611.0,,20250102
109080,8930,8930,8590,8750,38289,335415570,-2.02,49315000000,-9716200.0,,20250102
380540,1275,1303,1250,1294,121077,155836876,0.47,38534797224,4582294.0,,20250102
153710,4645,4700,4595,4670,6618,30680045,0.54,68508703860,-2045200.0,,20250102
432430,4250,4345,4220,4330,26056,112113420,1.88,71186585600,12106610.0,,20250102
338840,7700,7960,7490,7900,37620,294564200,2.73,116781876400,20702200.0,,20250102
122990,5130,5130,5020,5120,37053,187523670,0.39,141678248960,-6077740.0,-56998840.0,20250102
232140,10050,10490,9880,10490,557120,5695510850,2.74,860655721500,-371559200.0,27409920.0,20250102
112290,12950,13620,12900,13570,58386,777039130,3.91,137200095650,117842590.0,,20250102
065530,1275,1300,1275,1299,15984,20691719,0.08,68665140000,39558.0,,20250102
067900,6130,6130,6060,6130,16654,101394740,0.0,111563909670,7180960.0,-5661570.0,20250102
007530,2440,2440,2285,2375,17965,42525455,-1.45,45539323500,2782080.0,,20250102
155650,3340,3445,3290,3445,21520,71855675,3.14,67089163310,7547725.0,,20250102
273640,10390,10600,10300,10490,11682,121078280,0.96,115033340000,45124850.0,-21118010.0,20250102
251370,9860,9860,9560,9810,21504,208134490,0.2,160044891840,-28389220.0,76570.0,20250102
066430,540,544,532,537,38238,20549585,-0.56,21025416612,-1143552.0,,20250102
209640,12280,13900,12070,13480,3273796,43904005210,9.15,191706804040,2126241860.0,3665490.0,20250102
273060,715,737,709,737,114646,83151490,1.94,37188711934,14760810.0,,20250102
019210,5100,5120,5050,5070,28789,145920460,-0.98,170219262330,-25357920.0,-10625730.0,20250102
122870,45350,46400,44050,44700,210600,9435697300,-2.4,835489890300,-622095400.0,-1634903600.0,20250102
332570,2790,2965,2740,2955,668470,1917051660,7.07,124801026750,98236825.0,101716430.0,20250102
079000,5290,5310,5170,5260,7868,41076760,-0.94,37872000000,7282180.0,-8000.0,20250102
403490,1455,1506,1434,1492,202960,301228679,3.4,67456996288,115075867.0,,20250102
032820,1675,1701,1659,1687,1508908,2540307622,1.26,271418609336,306812574.0,-271990416.0,20250102
041190,7030,7230,7020,7190,1023476,7284338580,3.9,603960000000,51770560.0,-59209060.0,20250102
115440,8610,8870,8330,8870,1401438,12090968260,1.37,95390099930,-249253040.0,-1292670.0,20250102
046970,1440,1445,1391,1421,1534268,2165489953,-0.91,62275323579,35892652.0,,20250102
082850,2640,2655,2605,2645,377702,992418525,0.19,128167648810,-14199815.0,,20250102
215360,9830,10030,9830,10000,6753,67115300,0.1,91321630000,-5604940.0,-10000.0,20250102
072470,2400,2440,2390,2390,3505,8429005,-0.42,45140744990,1078490.0,,20250102
073560,1249,1265,1244,1258,30968,38773798,0.72,87100954894,-276907.0,-1594.0,20250102
037400,1042,1042,1011,1023,131861,134459220,-1.82,26826482958,4192477.0,90758.0,20250102
153490,711,718,687,695,190646,132220985,-2.25,35778600000,20918546.0,,20250102
101170,5050,5590,4960,5400,1698431,9137778830,13.45,72900000000,129940680.0,-50.0,20250102
066590,3005,3025,2990,3000,57587,172836820,-0.66,117219312000,-1485830.0,355.0,20250102
103840,3285,3385,3200,3240,316928,1036938945,0.31,53027226720,15151965.0,,20250102
046940,2480,2525,2455,2515,82489,205868015,3.29,45456990250,22442995.0,,20250102
215380,1692,1735,1648,1700,83325,140822796,0.0,28610279200,-9817625.0,,20250102
065680,17100,17450,16610,16950,113951,1939826830,0.3,161533500000,-40840070.0,-115104720.0,20250102
018620,885,905,885,905,21049,18944029,2.26,26144810165,-189949.0,,20250102
457550,14010,14620,14000,14550,140745,2028118050,3.26,134897982450,366660170.0,-451740.0,20250102
396470,7600,7740,7370,7680,82385,625326740,1.99,123801600000,-61136400.0,,20250102
307280,1153,1154,1134,1150,25145,28775890,0.17,42502864950,-87272.0,792229.0,20250102
032940,3400,3575,3400,3560,105905,372114735,5.17,64767898800,97470125.0,0.0,20250102
240810,21900,22300,21700,22100,91382,2004731550,-1.12,1084754212100,-224351500.0,-116583350.0,20250102
074600,17730,17810,17370,17650,154648,2709212470,-0.95,463983200000,-68332420.0,-633881550.0,20250102
104830,17440,17470,17080,17440,32885,569723630,1.16,219883520000,-256172950.0,-3474310.0,20250102
014190,1429,1453,1428,1448,58548,84477569,1.33,51259063888,32567397.0,,20250102
217820,2300,2350,2230,2320,118206,272625015,3.8,110094576880,48365550.0,3840605.0,20250102
030530,2695,2935,2655,2810,11317163,31926099330,10.2,217038726610,909439395.0,-691385.0,20250102
012620,7150,7180,7100,7110,2401,17113120,-0.56,31284000000,-142670.0,469280.0,20250102
382840,9470,9780,9360,9680,46151,441811010,2.11,147828904080,-15714000.0,662650.0,20250102
336570,4505,4760,4460,4690,985959,4595387825,6.71,419007503110,355125155.0,85128615.0,20250102
376980,5800,6280,5770,6270,194142,1178658480,11.37,61163812380,50474660.0,-30.0,20250102
008370,3980,4035,3910,3940,36793,144926855,-1.01,47280000000,43005870.0,17940.0,20250102
008290,453,480,452,476,79320,36171160,5.08,19370191204,-667219.0,,20250102
101160,16940,16950,16250,16410,76828,1263447300,-3.13,270945395130,-135205380.0,-14089150.0,20250102
336060,1243,1251,1220,1251,308218,381514363,1.71,60242155200,76175485.0,,20250102
095270,3845,3980,3825,3975,14150,55672120,3.92,59510742600,376610.0,,20250102
289930,7230,7500,7080,7480,115639,847446740,5.95,93646555640,166878800.0,-830490.0,20250102
065950,2105,2300,2090,2255,965756,2138075525,4.88,63661586010,160014125.0,,20250102
076080,1045,1149,1045,1053,134146,146371010,1.45,23791646268,1167083.0,,20250102
043590,852,866,790,798,1216722,989365793,-7.21,21655136076,34971282.0,3012633.0,20250102
196700,1160,1202,1130,1202,147029,170882797,3.62,17265701088,3099046.0,,20250102
069080,13570,13710,13270,13400,83476,1119186170,-2.26,468341845600,-329160400.0,-145557820.0,20250102
053580,10070,10700,9910,10500,293943,3041419300,7.47,143180604000,-132468390.0,,20250102
071460,0,0,0,613,0,0,0.0,22047951835,,,20250102
377460,0,0,0,1691,0,0,0.0,26030247855,,,20250102
044340,4630,4685,4600,4680,7206,33351015,1.08,83647629000,5061875.0,-9685.0,20250102
330350,7040,7050,6910,7030,12142,84755910,-0.14,92811037170,-14968510.0,-10.0,20250102
348350,6910,7040,6650,7030,25046,172438730,1.74,71590708000,67130420.0,,20250102
112040,35100,35550,34650,34850,122588,4279216500,-0.85,1183104632550,356694550.0,-657506050.0,20250102
101730,7580,7750,7500,7610,30948,235342250,0.0,253377172120,25273420.0,2129120.0,20250102
123420,6910,7000,6850,6970,22438,155000500,0.87,79944798740,15517360.0,34860.0,20250102
065370,5810,6640,5620,6340,503251,3140293020,13.42,46814268360,133819710.0,4588140.0,20250102
038620,766,848,747,835,1573583,1278672839,11.48,59413844675,24649033.0,-39176770.0,20250102
299900,1420,1670,1420,1567,7737680,12218191330,13.47,268033601228,1105517799.0,3749360.0,20250102
036090,708,735,708,729,392822,283312267,3.11,86307975036,26365667.0,,20250102
459100,9730,10120,9580,9920,387690,3807825490,1.95,124714240000,71092010.0,-111120.0,20250102
136540,12130,12430,12100,12430,18589,227861110,1.47,152637242780,70131520.0,90627990.0,20250102
097800,625,625,603,625,498781,307596681,1.46,72781393125,3205133.0,,20250102
192390,3755,3980,3725,3965,128924,500977985,5.73,43742787985,18967850.0,,20250102
335870,1232,1252,1185,1190,63977,77572398,-3.41,19850892180,5784349.0,,20250102
900340,1655,1704,1655,1698,253913,426298800,1.62,84939780744,106874530.0,,20250102
036200,5880,5950,5800,5930,74304,436853230,0.68,181838842390,53046810.0,10.0,20250102
018000,742,800,735,778,871837,669826936,2.64,131008636792,35014756.0,,20250102
203450,2700,2740,2605,2730,21542,57121600,0.74,38435689110,4257415.0,,20250102
011320,3430,3480,3420,3480,24395,84252925,1.46,67236018600,20290725.0,51885.0,20250102
086390,8790,9130,8700,9100,39865,358744990,3.53,192320546600,35894980.0,18319960.0,20250102
241690,3025,3085,3005,3085,34122,103948640,1.98,75492128010,26822795.0,,20250102
142210,5010,5480,4950,5390,756813,3992058870,11.02,103736435880,795790270.0,-782000.0,20250102
389680,682,749,682,726,1127842,805201463,5.37,29049292074,93112441.0,,20250102
088340,10910,11180,10420,11070,47067,515986940,0.91,47933852760,-7049230.0,-7328260.0,20250102
048430,7630,7940,7610,7940,106172,827893480,4.06,91468800000,95539170.0,4764000.0,20250102
206650,12130,12280,11900,12270,99029,1200854410,0.99,448275946890,-216603690.0,173405960.0,20250102
089850,6400,6640,6320,6570,16763,108283250,2.02,96777407430,8986900.0,-1540.0,20250102
084440,966,1015,966,1015,129323,128766824,5.62,20008492000,1429814.0,,20250102
032620,3440,3515,3425,3500,101565,353477930,1.74,182689986500,-49312190.0,-510325.0,20250102
264450,7900,8000,7870,7950,6080,48057980,-0.63,118601144850,19551210.0,2147490.0,20250102
078070,9990,10030,9780,9960,2358,23306790,-1.29,180780972000,-1997240.0,72580.0,20250102
024800,1877,1889,1860,1876,5098,9507436,-0.05,69509199312,456122.0,,20250102
054930,23600,23850,23300,23600,6596,155314400,0.85,70800000000,31004500.0,250.0,20250102
069330,1279,1279,1251,1269,21261,26807712,-0.78,18008494479,-189441.0,,20250102
049520,5180,5440,5160,5320,116979,618314380,3.5,115895859520,-5087220.0,272812440.0,20250102
435380,2075,2090,2070,2080,14980,31078195,0.24,11918400000,181395.0,-22187365.0,20250102
444920,1993,2005,1981,2000,4379,8750923,0.35,10480000000,-1207761.0,5001491.0,20250102
446150,2020,2025,2015,2025,1140,2300690,0.0,9659250000,-34345.0,-2017520.0,20250102
449020,2010,2020,2005,2015,15326,30791360,0.5,19605950000,-255265.0,1894650.0,20250102
450940,2040,2065,2040,2065,8204,16885655,1.47,9375100000,-246590.0,12091395.0,20250102
473050,1950,1955,1931,1944,34919,68073934,-0.05,13627440000,-2156339.0,-11757071.0,20250102
474490,1957,1966,1945,1966,15843,31051208,1.08,10832660000,-509686.0,19603620.0,20250102
430700,2090,2090,2080,2085,2548,5310000,0.24,10925400000,-31200.0,0.0,20250102
263770,1955,1955,1900,1904,4228,8089062,-1.96,45125127488,-105837.0,,20250102
388720,32050,36450,31850,35000,890634,30704808600,18.85,400870190000,1005641500.0,3606240500.0,20250102
340930,1307,1307,1270,1305,22310,28863094,-0.31,44636807250,-5053993.0,,20250102
023410,3310,3310,3265,3285,52130,171108525,-0.3,253966184955,-30907060.0,4494060.0,20250102
056080,6850,7850,6720,7620,7120442,52676813180,22.12,285842598240,648342240.0,84848100.0,20250102
468760,2125,2125,2095,2110,223,469405,0.96,8946400000,4210.0,150235.0,20250102
488060,1995,1997,1993,1993,4323,8624331,-0.1,9406960000,-3003834.0,341145.0,20250102
442130,2085,2125,2085,2125,4247,8872975,0.0,7352500000,-196980.0,3364570.0,20250102
084370,30800,31600,30750,31150,76671,2389818100,-0.48,713834708300,-141728750.0,-16870700.0,20250102
240600,4760,4775,4610,4715,17199,80648060,0.0,32666231965,7665875.0,,20250102
221800,2665,2745,2625,2695,39427,106063495,1.13,30418993220,4191295.0,,20250102
179900,26100,28400,25550,28000,175385,4732037900,7.28,456033060000,-290378050.0,115982650.0,20250102
263050,1940,1940,1895,1920,25744,49195744,-0.21,70722923520,1632905.0,,20250102
191410,1456,1500,1455,1497,10527,15565642,2.89,16772769735,-186873.0,,20250102
372170,34900,35900,34400,35800,19102,674824550,0.99,285649918400,164850.0,-14330800.0,20250102
146060,1100,1150,1100,1143,38316,42882673,3.91,27449825085,1951631.0,,20250102
072770,1287,1327,1287,1325,68838,90071991,0.53,93065673300,32879460.0,,20250102
039020,4245,4270,4120,4260,128861,538099980,2.4,96210860340,58723105.0,-29090.0,20250102
067920,5290,5300,5180,5260,15031,78375710,-0.57,57839585940,1608550.0,7285240.0,20250102
044960,4775,4800,4700,4800,45239,214570515,0.73,60681038400,60774300.0,30.0,20250102
303530,7170,7260,7110,7220,21259,152802710,1.83,52989738780,48331740.0,120.0,20250102
296640,6200,6410,6200,6280,18538,116328080,0.96,32519422560,-6668180.0,,20250102
302430,7210,7450,7080,7300,15062,109998900,1.81,71782418400,-12495970.0,3616100.0,20250102
462350,17040,18870,16950,18570,151440,2742799010,8.6,174106637580,626257100.0,222258430.0,20250102
274400,4550,4650,4435,4650,15647,71435030,5.08,36362190900,5863090.0,,20250102
073490,20550,21000,20500,20950,41564,861289950,1.21,159300573700,112879950.0,-203050.0,20250102
215790,478,488,468,487,48340,23172174,3.62,19617893563,10203340.0,,20250102
344860,1481,1583,1418,1420,111667,162234629,-4.12,17082600000,4550297.0,,20250102
088390,7660,7990,7640,7930,3438,26582740,1.8,74429742920,1756390.0,,20250102
272290,19900,20250,19410,19590,130048,2560641590,-2.54,396259820220,-100654450.0,-423102410.0,20250102
053350,3250,3445,3225,3260,41009,133262040,0.31,64518386160,4551245.0,,20250102
452400,9250,9720,9250,9510,11785,112031980,2.26,86269280280,23479470.0,,20250102
264850,5190,5790,5060,5790,9009797,50302027670,29.82,175405803480,-1277256770.0,0.0,20250102
054210,5020,5240,5020,5150,40401,207472140,0.98,130249731500,-30922900.0,30900.0,20250102
009730,1095,1145,1082,1123,855269,956100937,2.09,62473873536,-76089759.0,,20250102
065440,1416,1458,1416,1455,92385,133037639,2.75,39685154100,-6783293.0,,20250102
115610,2965,3260,2730,3220,1288255,3938899240,22.43,52339602700,259724460.0,,20250102
478110,1994,1994,1980,1990,1687,3342443,-0.2,9989800000,0.0,2914560.0,20250102
131400,1813,1843,1800,1822,185651,336529447,0.5,108572765004,-79152640.0,,20250102
351330,6940,7630,6860,7440,320295,2341721770,10.71,61666588800,58527230.0,,20250102
080010,5130,5230,5090,5090,6939,35662340,-0.78,50060511390,-792030.0,,20250102
086890,4495,4500,4380,4430,32760,145612935,-0.45,159047565550,-49941410.0,5606000.0,20250102
047560,23050,25350,22900,25200,971091,23702799700,8.86,292517618400,-67021400.0,514042300.0,20250102
900110,60,60,59,60,1434385,85622365,0.0,25915923000,-206618.0,,20250102
239340,1814,1817,1770,1817,96680,173446427,2.83,49021994978,-21181985.0,,20250102
067010,2955,3030,2955,2980,12059,35856790,0.85,36636120000,4125690.0,,20250102
418620,5460,5460,5310,5410,37838,203646430,0.19,52209080570,62150440.0,,20250102
456070,17350,17660,17060,17110,847299,14657712770,-1.1,183054363470,-292887120.0,3830130.0,20250102
102710,16580,16780,16250,16500,40253,663025130,-1.9,235749294000,-365409700.0,26736530.0,20250102
041520,4900,4990,4900,4950,1206,5964430,0.92,60334213500,-1228265.0,,20250102
063760,2060,2300,2060,2210,149064,329287270,7.28,20608537300,15477150.0,,20250102
123570,2260,2325,2260,2325,14812,34044095,1.09,51791881350,-32225.0,,20250102
083470,1395,1426,1395,1415,18757,26451777,0.14,30196565535,1040628.0,,20250102
095190,2200,2310,2130,2245,284803,640065395,2.28,101742888140,57409060.0,-50440.0,20250102
091120,29050,30700,28700,28750,179136,5276417100,-0.17,492571910000,-459257950.0,-44822850.0,20250102
039030,137900,144600,136100,144600,118138,16647261700,3.88,1781406930000,-1297458000.0,316721300.0,20250102
294090,3180,3210,3090,3110,302141,944523375,-2.05,94654899490,-122422385.0,-3004115.0,20250102
088290,1087,1087,1061,1064,40550,43445151,0.09,33336895816,-3266651.0,,20250102
353810,4210,4230,4150,4230,48003,201169185,0.48,144630975600,-41714945.0,3607740.0,20250102
099750,17170,17590,16910,17010,6156,104682210,-0.93,116259539760,12260160.0,-4170.0,20250102
377330,4355,4515,4340,4500,5091,22457815,3.33,36629793000,-562465.0,-961565.0,20250102
035810,2725,2755,2700,2735,78419,213472305,-0.73,178173886075,-5652940.0,2369810.0,20250102
160600,0,0,0,3100,0,0,0.0,163573177100,,,20250102
092130,12930,12930,12310,12860,11787,150705960,-0.62,154880696000,65437410.0,1676920.0,20250102
096040,0,0,0,271,0,0,0.0,245561580945,,,20250102
134060,3985,4120,3970,4120,5184,20769080,2.74,19649310000,-56840.0,,20250102
001840,2915,2995,2845,2995,147838,435698215,3.28,59318251200,15945185.0,2945.0,20250102
024810,0,0,0,899,0,0,0.0,196834827360,,,20250102
041830,22950,24000,22950,23800,24160,568773400,2.59,325674011600,-172902100.0,163319700.0,20250102
352940,2020,2075,2020,2075,3175,6509485,2.72,22550539750,-396895.0,,20250102
079950,726,755,721,739,43194,31539117,1.79,17144800000,5651046.0,,20250102
389470,20800,21300,20300,20650,382218,7935341850,-3.05,207306878100,78354600.0,27899650.0,20250102
277410,1324,1330,1303,1328,68744,90733019,0.3,50937815792,1773820.0,,20250102
060150,5360,5460,5360,5380,62469,337822840,0.0,250512232560,50387060.0,-8064220.0,20250102
033230,1784,1819,1775,1811,168804,303516754,1.34,91483353180,54195116.0,,20250102
450520,3840,3945,3780,3930,227173,877576775,2.34,57788991540,-72540425.0,,20250102
465480,7510,7900,7480,7850,98860,766139020,3.29,79581510200,13090090.0,30688950.0,20250102
037330,1387,1408,1379,1399,17574,24373133,-0.07,61395428376,283054.0,,20250102
100030,17100,17100,16620,16640,4477,75074260,-2.69,54641000960,-2044350.0,70.0,20250102
211050,5690,5870,5430,5580,195200,1102148800,-0.53,286699284000,-51528110.0,5673640.0,20250102
083640,284,305,283,293,166235,49025015,2.81,22772062843,-1346189.0,175884.0,20250102
064090,2945,3085,2900,3065,116118,346054010,4.07,152461513425,85873245.0,-2930.0,20250102
216050,7290,7450,7260,7300,13931,101931330,-1.08,93755520600,-35139070.0,10062050.0,20250102
049070,17620,21000,17550,19280,1289197,24731403020,15.87,331616000000,-2156013220.0,273459710.0,20250102
119610,0,0,0,24900,0,0,0.0,329090302200,,,20250102
017250,1082,1100,1082,1100,37791,41144169,1.66,23150013700,-1136696.0,119749.0,20250102
051370,9260,9650,9050,9170,89890,832128560,-0.11,213912918240,-87690130.0,1183910.0,20250102
064290,10030,12530,9790,10720,490522,5463426220,6.88,137901672640,-352747830.0,19010.0,20250102
189300,37150,39000,37150,38800,67674,2593190700,3.47,416453359200,483129350.0,-107065800.0,20250102
150840,0,0,0,5850,0,0,0.0,251537720850,,,20250102
048530,5600,5690,5520,5600,37371,208260990,-0.18,191244267200,-10874030.0,3125120.0,20250102
115310,20900,21150,20200,21150,5387,109896150,2.17,67529475450,14893100.0,350.0,20250102
039290,8000,8160,7730,8030,147186,1174626580,-0.12,69812643340,4276030.0,31910.0,20250102
071200,4140,4150,4095,4150,21323,87801450,0.12,101245300700,7055005.0,,20250102
101930,30300,30450,29000,29650,38148,1136790400,-1.33,285106483450,-240401900.0,89512000.0,20250102
333430,4280,4470,4220,4415,1456537,6396967995,3.15,135658588005,122609455.0,17879390.0,20250102
068330,1018,1040,1018,1040,43646,44865147,0.48,45984785600,1858588.0,,20250102
178780,0,0,0,8650,0,0,0.0,145788786750,,,20250102
019540,3600,3600,3500,3520,30596,108361805,-2.22,47567520000,228545.0,1001985.0,20250102
094820,7970,8150,7890,8050,27211,219006890,1.0,121383607450,52972770.0,-1239820.0,20250102
950140,6800,6980,6730,6940,69729,479210640,1.76,137882990040,-14347630.0,-3945680.0,20250102
049550,3785,3785,3550,3590,15224,54868750,-0.28,70386534430,-119665.0,-92500.0,20250102
389020,46750,49850,44500,48950,431806,20433224450,4.71,303378883500,564897050.0,-426087700.0,20250102
254120,1253,1297,1253,1297,47785,60924389,2.53,39888288190,9482795.0,,20250102
043910,581,609,581,607,306873,183957773,2.88,68828614399,34122716.0,-966237.0,20250102
234920,4100,4285,4010,4090,53052,216575030,-2.39,55341421900,-26130140.0,,20250102
289220,5670,6190,5670,6080,54157,321002290,6.29,134500209600,-8906070.0,-962080.0,20250102
174880,0,0,0,2650,0,0,0.0,11610352250,,,20250102
049630,664,673,662,669,71222,47659625,0.75,55974231183,267728.0,-11569029.0,20250102
417840,6900,7050,6690,7000,47982,331367930,3.09,50744225000,-46347570.0,,20250102
110020,2360,2385,2185,2320,258804,589676980,-1.28,21016327840,32729780.0,,20250102
208140,2655,2665,2630,2645,168447,445515670,-0.75,86449830670,-39375405.0,-64528810.0,20250102
040420,6060,6110,6040,6070,35355,214229650,-0.33,95162740640,-33901570.0,-18911270.0,20250102
045510,733,734,723,728,5597,4074516,-0.82,23448364576,-8119.0,69489.0,20250102
217190,6780,6920,6660,6820,14430,97591040,0.59,59805766680,-17713940.0,-1640250.0,20250102
095700,5450,5460,5260,5350,82376,438676720,0.19,243641642900,-111052050.0,-38520.0,20250102
072520,0,0,0,389,0,0,0.0,28849482466,,,20250102
122310,5450,5520,5450,5520,6110,33523540,0.36,80337218880,1245260.0,,20250102
361390,14570,15400,14340,15140,496629,7434461120,4.05,113561945460,-177022060.0,-282140.0,20250102
225220,2175,2275,2175,2260,11030,24311995,1.57,43369447460,-6847335.0,,20250102
123330,24000,26100,23750,25250,211332,5337116750,10.02,201209170000,528226750.0,-32707100.0,20250102
381620,23600,27500,23600,25500,283784,7286106150,11.6,111502320000,589023150.0,121427850.0,20250102
159580,5570,5760,5530,5750,132358,746615810,5.89,115187657000,48417820.0,-10.0,20250102
147830,5480,5710,5460,5680,171369,963154370,3.27,113600000000,224858380.0,-9564500.0,20250102
033100,46400,47950,45800,47450,301625,14268121700,3.26,762161307050,1422459900.0,-111659850.0,20250102
079370,12050,13250,11970,12930,894971,11314686000,8.84,401049680700,-5780540.0,123854530.0,20250102
054950,19060,19390,19060,19240,34568,665608650,0.94,232609522080,721980.0,-67889480.0,20250102
023440,1688,1757,1612,1689,410165,689331920,-0.24,104040540411,-188155602.0,-107984878.0,20250102
090470,5110,5170,4680,4850,240553,1159918520,-5.64,84761480900,206163005.0,-525332070.0,20250102
137950,3895,3965,3870,3960,25891,101230065,2.33,88180543440,12968690.0,3885.0,20250102
033320,5170,5500,5160,5430,917892,4927595450,3.63,103791365760,209602390.0,10.0,20250102
417500,3150,3190,3065,3115,93320,289481130,0.32,102124477560,-22582620.0,,20250102
204270,19010,20500,18840,20500,539575,10708198060,8.64,1185893553000,2517764950.0,101876750.0,20250102
026040,2290,2460,2235,2395,114033,270315760,4.59,39526577050,-5561360.0,,20250102
452160,4740,4880,4735,4830,14018,67400530,1.05,46452655410,-6651350.0,,20250102
126880,3550,3840,3535,3830,145967,545646160,6.54,88874778490,111275760.0,-34580.0,20250102
322510,8270,8790,8150,8740,401186,3454399990,7.24,223122516080,844637460.0,355358750.0,20250102
033050,802,836,798,827,30436,24672960,3.12,26943115834,410525.0,,20250102
094970,2915,2965,2845,2925,65827,192069760,0.86,48988602000,-19757835.0,,20250102
418550,13820,14200,13630,13870,84641,1178945840,-0.57,444085124510,148479210.0,-391055590.0,20250102
420570,9290,9290,9110,9260,6658,61450180,1.76,53085792820,1306340.0,,20250102
089790,3595,3670,3555,3660,21393,77372375,1.81,37754777580,26329500.0,3640450.0,20250102
052670,0,0,0,2080,0,0,0.0,60588453120,,,20250102
412540,6650,6880,6580,6880,45998,312311870,3.15,141732575200,43024160.0,-13963030.0,20250102
199820,8620,9080,8550,8970,290867,2595903710,4.42,199313400000,204820570.0,21076620.0,20250102
038010,5630,5840,5630,5790,17520,100289120,1.76,52110000000,8729280.0,10.0,20250102
276730,2670,2720,2670,2705,61219,164707570,1.31,42407247980,24703895.0,,20250102
080220,8920,9220,8650,9200,417397,3736646040,3.14,316874063600,289988090.0,-86962720.0,20250102
216080,15500,15650,15150,15250,137238,2111144650,-1.61,272856949750,612959850.0,25938580.0,20250102
229000,1897,1971,1850,1852,595397,1125179917,-5.99,28231897260,64354622.0,,20250102
082270,14800,14830,14300,14590,179996,2621907820,-1.42,583514998660,-535007880.0,-93412490.0,20250102
044060,0,0,0,732,0,0,0.0,70075958688,,,20250102
034940,979,981,960,973,31947,31097915,-0.61,30143371671,122459.0,,20250102
067000,1521,1542,1512,1542,81077,124041272,1.98,107791113732,34448640.0,1225934.0,20250102
033340,620,653,617,651,555713,353511636,5.0,63114813258,1599038.0,,20250102
036930,29150,29900,28750,29750,269040,7854331100,1.02,1406232549750,-1374931250.0,1172374600.0,20250102
072020,9800,9850,9710,9850,17677,172491650,0.51,95138066950,11564810.0,,20250102
000440,15960,16340,15960,16260,15746,254981830,1.88,101253133800,43265520.0,30.0,20250102
051980,8390,8470,8090,8150,727850,5987127890,-2.86,814682174450,-1049598510.0,8150.0,20250102
228760,20450,21250,20150,21250,180074,3710043150,3.91,517699576250,-333502850.0,29084950.0,20250102
314130,2750,2795,2715,2775,73716,202803610,0.91,85981579575,33523110.0,-10331330.0,20250102
389030,1386,1391,1340,1340,26696,36138646,-2.55,44691472300,386778.0,,20250102
043610,2090,2140,2085,2110,74989,158041060,0.72,122623574180,1108685.0,-6914020.0,20250102
263860,9430,9640,9330,9620,6039,57650330,3.11,87345752000,11581830.0,,20250102
303030,1110,1118,1051,1111,471089,511405869,-1.24,39713437148,12243519.0,,20250102
036180,0,0,0,577,0,0,0.0,53929030348,,,20250102
208350,2995,3055,2970,3020,4460,13446675,0.83,26692417980,-1589605.0,8890.0,20250102
144510,23550,23850,23050,23350,34554,805443500,-1.48,368938032400,-302740500.0,2923400.0,20250102
358570,8830,9080,8620,9050,408005,3616443590,2.49,400958430950,-1174037090.0,18062680.0,20250102
382480,1998,2030,1952,1995,72302,143169678,-0.15,78517494300,-9652764.0,,20250102
382800,3315,3365,3275,3340,46305,153608520,0.3,105647676940,25239275.0,,20250102
051160,8190,8190,7890,8010,41612,331234210,-1.35,123950184300,-65807490.0,30.0,20250102
053050,3400,3490,3260,3300,1750642,5862828900,0.92,98959070100,-752265520.0,-303020.0,20250102
119850,8270,8700,8060,8660,272122,2320803110,5.48,142447551940,-176525290.0,181150910.0,20250102
065060,259,271,257,260,1273171,333469270,-1.89,28082091440,9114399.0,-40066.0,20250102
204840,990,990,974,986,47207,46352607,0.92,75789093116,4186766.0,,20250102
270520,1405,1476,1405,1452,824537,1190864133,3.35,230564221272,138808753.0,349283.0,20250102
311320,7350,7530,7320,7520,24875,184899630,4.01,94861491200,12697000.0,30.0,20250102
388050,6220,6400,6140,6290,221883,1393012220,-0.47,117682358730,-326863650.0,-207300.0,20250102
018120,16900,16900,16680,16800,679,11349410,-0.59,111234816000,-85070.0,68330.0,20250102
109820,2715,2960,2600,2860,378341,1079669495,5.15,58325810400,-3716755.0,,20250102
086060,3310,3390,3275,3370,35048,116761950,2.43,29017678190,15705675.0,,20250102
036890,8690,9040,8690,8890,210636,1862982530,1.37,199867362520,635314000.0,-851494900.0,20250102
363250,10970,10970,9940,10920,927667,9912963940,29.38,76798154160,-451659270.0,-239800030.0,20250102
007370,5820,6070,5820,6070,49147,293224000,4.3,76792620110,42335500.0,-2551170.0,20250102
285800,2075,2120,2060,2100,11799,24677350,1.69,36702267000,84010.0,,20250102
085660,11320,11490,11160,11220,320359,3620712430,-2.09,631848050460,75269880.0,-61866400.0,20250102
261780,3060,3070,2980,3000,32847,98657350,-1.96,80474244000,14184010.0,-23188560.0,20250102
351870,9850,10350,9850,10310,169267,1721302370,4.25,115066219020,18879010.0,,20250102
094850,5320,5440,5280,5420,142652,761675800,0.37,75880000000,64538240.0,-65060.0,20250102
004650,8990,8990,8820,8860,9865,87417220,-1.45,81431241100,-12194950.0,452710.0,20250102
278280,36350,36500,35400,36050,19381,695794350,-0.83,360500000000,-163469250.0,-9361500.0,20250102
362320,5340,5480,5340,5400,276689,1501386890,0.93,110976966000,332705490.0,81499050.0,20250102
066360,778,797,777,795,48984,38167317,2.19,38121851925,444030.0,,20250102
047820,0,0,0,5400,0,0,0.0,132051222000,,,20250102
094360,15620,16450,15270,16450,424455,6804427860,4.64,342540389800,-549309850.0,-25411100.0,20250102
016920,2255,2575,2150,2505,3450257,8121177240,17.61,66366312690,313520540.0,4043000.0,20250102
284620,2840,2840,2560,2675,428697,1160938945,-15.62,75383621275,-50938120.0,1116825.0,20250102
293490,16440,16840,16120,16300,333786,5444758810,-0.49,1350210972700,-994495460.0,-304607200.0,20250102
140430,2315,2400,2290,2305,47938,111276825,-2.74,44030614795,-27428525.0,,20250102
042000,33800,35950,33600,35900,480189,16881985050,5.9,870684638600,1851833750.0,1044742450.0,20250102
313760,4000,4060,3460,3720,249105,917567570,-5.46,29274633000,-159675120.0,75890260.0,20250102
317530,5000,5050,4700,5050,95123,464532775,6.65,50699242700,124394625.0,31966725.0,20250102
071850,1997,2020,1963,1963,2939,5823824,-1.7,47624221294,-896655.0,,20250102
050110,849,880,844,878,116418,101083035,2.21,64817575604,14654433.0,,20250102
452300,2700,2730,2655,2700,37069,99473700,0.0,38060226000,169535.0,,20250102
451760,10080,10520,9860,10490,190793,1964933490,5.75,157260583240,264336960.0,-32161130.0,20250102
900310,557,561,552,559,21435,11917480,0.54,35799296325,3246540.0,,20250102
078340,45900,46850,45200,46350,68394,3136415650,-0.32,590394944250,258215050.0,-778521400.0,20250102
063080,34100,34600,33700,34550,45630,1559116550,2.37,227863883600,170992500.0,6352300.0,20250102
307930,4800,4975,4785,4975,19608,96720550,2.58,77659750000,1801585.0,-5.0,20250102
079190,545,566,544,562,131505,73488551,3.88,21555798868,9365473.0,,20250102
263700,2520,2710,2480,2595,90726,237675050,3.18,50379849000,34550350.0,-30.0,20250102
214370,28900,30350,28100,29750,339888,10021173200,3.3,1598021250000,-420823500.0,595106900.0,20250102
221980,11250,11280,11220,11270,730,8209360,0.18,45472196000,-494620.0,60.0,20250102
038530,222,223,219,222,198500,43788745,0.91,25688585034,3351485.0,,20250102
424140,2080,2085,2080,2085,16437,34241885,0.24,16075350000,,-3459040.0,20250102
192250,7810,7900,7790,7840,4802,37620720,0.0,55406260000,7495380.0,,20250102
431190,5240,5450,5240,5380,104519,560257940,3.26,40277057960,61487420.0,-374630.0,20250102
115500,14300,14660,13990,14560,2661135,38154379700,1.46,174720000000,-1030055710.0,61286890.0,20250102
089150,2460,2550,2445,2520,53968,134850975,2.44,43218000000,1297660.0,2525.0,20250102
025880,2590,2720,2590,2720,93397,248258790,3.62,45467133760,46217630.0,,20250102
093320,76300,77900,75600,77300,11654,894065800,1.05,377224000000,-289234300.0,48084600.0,20250102
093640,4320,4790,4320,4745,163983,760506200,8.33,154718905380,210654520.0,,20250102
073010,4330,4540,4280,4460,317796,1415164660,4.69,179252975000,135898465.0,,20250102
105330,3405,3580,3370,3550,38730,135361720,2.16,57013099400,17452730.0,,20250102
053080,12480,12560,12330,12480,35750,444068040,0.65,162237591360,75315300.0,40.0,20250102
199430,7270,8840,7120,8500,1880772,15660952050,25.0,92375560500,-551976840.0,-97978230.0,20250102
432470,10700,11020,10610,10820,10087,109644300,1.12,93858695920,-10303210.0,10950.0,20250102
272110,13670,13670,13300,13330,15199,203660880,-1.62,106711915350,-22430640.0,-7964580.0,20250102
039420,2570,2600,2555,2600,40465,104866530,1.17,62802298000,25038955.0,505.0,20250102
083550,2995,3200,2950,3125,37747,117095975,4.34,38669456250,990215.0,,20250102
032500,8780,9390,8620,9300,184893,1685093940,5.92,370334211900,104847930.0,-44154210.0,20250102
225430,753,754,648,650,318895,227387685,-5.11,18126582500,4174295.0,,20250102
102370,3410,3510,3410,3500,39810,138341305,1.74,95302235000,12232825.0,10.0,20250102
068100,3000,3060,2975,3050,16678,50193560,1.67,30315822700,6255125.0,,20250102
036030,3460,3615,3460,3530,36020,126528290,0.28,173038068990,32947400.0,1853870.0,20250102
064820,5710,6000,5700,5790,175312,1025728020,0.87,178921005120,5237040.0,2083360.0,20250102
256940,5210,5400,5210,5340,21324,113369170,2.5,100117833720,-3742930.0,392470.0,20250102
024880,3910,4235,3900,4190,331377,1372306130,7.16,86660923620,264056835.0,57213030.0,20250102
042040,276,290,274,286,442087,123944161,3.62,49895822262,9128851.0,-165849.0,20250102
054410,3270,3270,3220,3270,5142,16773735,0.0,18725471880,-415270.0,-6645.0,20250102
258610,1268,1286,1268,1274,6792,8666201,0.47,34126807442,-391695.0,,20250102
274090,9810,10500,9810,10490,190428,1958476340,7.37,135459740740,259064170.0,258165710.0,20250102
089010,15770,16170,15660,16170,35706,568889190,2.54,247956374820,62230430.0,-7895110.0,20250102
220260,4895,5040,4765,4970,844151,4150680955,1.74,131994785790,101724960.0,20.0,20250102
052400,29100,30000,28300,29000,762293,22197965150,4.88,432099971000,-1394943150.0,2430202350.0,20250102
402030,19330,22600,19310,22400,255291,5566725860,15.05,256867251200,718138910.0,105236370.0,20250102
391710,1451,1763,1451,1584,2622708,4360508610,10.0,66631096224,-342744109.0,,20250102
046070,0,0,0,10280,0,0,0.0,146172317160,,,20250102
047770,1529,1547,1512,1538,363315,557779039,0.2,58201921876,211156538.0,,20250102
080530,1074,1074,1046,1055,18748,19860832,-1.22,45681950485,-8869437.0,,20250102
104540,5110,5720,5110,5330,30832,164438490,4.31,68147994200,-16212330.0,,20250102
027050,2310,2385,2310,2380,144324,340387345,2.37,95200000000,95839800.0,3997260.0,20250102
190650,5480,5540,5390,5540,3413,18664220,1.09,35389520000,-300340.0,,20250102
123410,4375,4505,4330,4500,193941,862565755,2.86,125284788000,151864765.0,-61520465.0,20250102
036690,0,0,0,2885,0,0,0.0,45885746130,,,20250102
049430,10300,10440,10150,10370,79838,820070040,0.58,93827760000,264460730.0,-7289440.0,20250102
183300,36350,37050,36150,36500,33097,1208173100,-0.27,381814966000,-192496450.0,-83363150.0,20250102
041960,3850,3850,3805,3805,44789,171022160,-1.42,268717596565,-31773645.0,5.0,20250102
089890,6530,6880,6520,6880,35243,236718830,4.72,114104538560,97390320.0,-14283230.0,20250102
360350,7820,8030,7710,7990,34521,272943960,2.17,45502810300,55024060.0,,20250102
082660,0,0,0,480,0,0,0.0,47827617120,,,20250102
222040,3085,3170,3085,3165,13161,41343815,2.59,65287620000,19832570.0,,20250102
241710,54900,57500,54200,55800,94478,5273141700,0.9,595944000000,-140914800.0,-105758200.0,20250102
355150,5210,5210,5030,5080,15339,78010300,0.0,39610538000,3831980.0,508000.0,20250102
166480,3935,4145,3885,4145,642274,2556868405,6.83,136247708520,81590085.0,151045.0,20250102
045970,3920,4060,3920,4050,37660,151333950,2.4,106575247800,42851735.0,,20250102
196450,726,732,716,730,50179,36291536,0.55,33083294860,11175529.0,,20250102
384470,6050,6250,5990,6160,43549,265139230,1.99,79045514240,51752340.0,,20250102
029960,9000,9010,9000,9000,66472,598339300,0.0,450000000000,-85672950.0,17920910.0,20250102
102940,23000,23500,22700,23100,20249,469048350,0.43,286980239700,42553350.0,-50.0,20250102
950160,23000,24450,22800,24200,228535,5432985200,4.09,1923087122000,231595850.0,63722700.0,20250102
033290,2100,2165,2080,2145,39738,84656710,2.14,120455265645,-7348160.0,-13617180.0,20250102
056360,7850,8090,7610,7950,1273848,9973600300,-0.87,77884560000,-379670640.0,-40204050.0,20250102
282880,13080,15650,13080,14600,1250817,18614829130,11.71,162670382200,-654895130.0,72600.0,20250102
121850,1590,1800,1490,1743,3629892,5982295428,20.37,53360507025,153581321.0,-1492.0,20250102
448710,14830,15610,14830,15600,67194,1041257730,5.33,80817188400,83546330.0,11406370.0,20250102
126730,9760,10300,9760,10180,15063,152339480,2.72,86565222800,24441620.0,0.0,20250102
015710,4455,4655,4450,4650,178134,813514125,3.91,81516825000,-1760265.0,,20250102
052330,7830,7940,7780,7930,14027,110281500,1.02,131060489820,13260840.0,-13252440.0,20250102
322780,785,785,711,766,136368,103329957,0.26,29056381558,-8057564.0,,20250102
200130,11400,11610,11390,11610,43251,498515380,0.52,341514628380,-100222940.0,91846500.0,20250102
294570,16400,16840,16300,16450,37005,612210030,1.04,168689568250,-36251070.0,13080.0,20250102
317690,6300,6390,6110,6320,382870,2388006410,-2.17,104516437520,113487510.0,,20250102
078940,0,0,0,2855,0,0,0.0,151584163690,,,20250102
227100,0,0,0,612,0,0,0.0,14770119384,,,20250102
432720,9380,9860,9130,9840,204453,1949806420,4.9,137063249280,106228890.0,-94021050.0,20250102
365270,6010,6100,5950,6030,39942,240301360,0.17,83660027040,71853790.0,,20250102
348080,600,600,563,578,231130,135573184,-2.53,33502535392,-5136292.0,,20250102
060280,6670,7660,6650,7660,1189059,8700939550,18.58,314749323400,421504150.0,396196440.0,20250102
372320,32500,33050,31200,31700,306436,9901109550,2.09,447762151300,-539783800.0,174410000.0,20250102
051780,1067,1085,1003,1057,59658,63338893,-1.03,14419852965,-718851.0,,20250102
115180,4315,4565,4255,4455,170074,744945310,3.24,143863849305,35860065.0,,20250102
445680,18700,19200,18510,19000,76677,1454388470,2.37,306359002000,223861010.0,-13217710.0,20250102
182360,15500,15680,15140,15170,78889,1212045270,-2.13,221050519690,-156039040.0,-7285290.0,20250102
405100,11700,12120,11700,12100,27284,326825690,3.42,148700542100,120722020.0,7262710.0,20250102
066310,10000,10110,9460,10110,1589382,15607350220,-2.51,93736088310,-165380180.0,-1594700.0,20250102
016600,264,280,262,266,3565368,960994059,0.38,47413731792,-5543630.0,55539.0,20250102
355390,15100,15350,14260,15000,71947,1065880910,-1.06,67034520000,83217700.0,-179370590.0,20250102
096240,14640,14700,14500,14700,17027,248103510,0.68,163731246000,-2364910.0,3373980.0,20250102
040350,568,579,556,569,144400,81296640,0.35,106178428787,4812052.0,,20250102
110790,6020,6220,5920,6100,18541,112410980,1.33,142928856000,-12149020.0,10450.0,20250102
900250,824,835,785,824,318558,261065935,0.0,107647363296,-3483037.0,,20250102
045520,4380,4510,4370,4500,5717,25445560,2.74,29250000000,2926245.0,4283950.0,20250102
036170,888,893,871,879,59243,52004192,-1.01,53940385254,58263.0,,20250102
214150,47250,52800,47100,52300,382465,19622641050,9.76,3425945965700,1493843750.0,7436019250.0,20250102
466100,9800,11550,9780,11190,27950500,303671927130,25.59,274772106120,1325976410.0,2142137110.0,20250102
352770,514,532,502,532,165784,86341822,2.31,20687412116,-1610296.0,,20250102
237880,17300,17760,17300,17500,59389,1044535780,1.74,316248677500,60847510.0,-96410560.0,20250102
139670,2930,2980,2865,2975,20780,60807890,3.48,42003459750,-3767215.0,,20250102
487720,1936,1960,1936,1959,105617,206187743,1.19,8286570000,26336014.0,120220679.0,20250102
489480,1926,1938,1925,1932,52810,102015705,0.26,12751200000,15196368.0,44694317.0,20250102
413600,2105,2175,2105,2150,8708,18450550,2.14,7374500000,-266670.0,369230.0,20250102
433530,2010,2010,1996,2010,11266,22597345,0.5,8251050000,-207334.0,0.0,20250102
446840,0,0,0,2130,0,0,0.0,12524400000,,,20250102
054780,5020,5050,4785,4880,55703,272892055,-2.79,95393229840,-5470480.0,680295.0,20250102
219130,12780,12920,12660,12770,7893,100733820,-0.08,80633483300,12228300.0,-8253280.0,20250102
336680,9850,10090,9790,9980,24620,245813990,1.32,195336334420,-25725270.0,-1657990.0,20250102
360070,25950,27050,25850,26900,13047,345629700,2.87,217264386700,56558500.0,582400.0,20250102
065130,5460,5650,5390,5440,27584,152350500,-0.18,93513502080,27933090.0,,20250102
134580,1580,1880,1580,1865,457118,800537453,18.04,41078055455,41237972.0,,20250102
023160,17820,19170,17740,18530,708580,13202702510,4.93,491045000000,1533774740.0,735639730.0,20250102
323280,23950,26850,23900,26250,469222,12155585600,9.15,679631662500,1989122300.0,350.0,20250102
053620,6250,6360,6200,6320,780,4913190,1.12,54352000000,12800.0,0.0,20250102
044490,11900,12000,11560,11690,81935,962496820,-1.68,233886283890,-46733700.0,-288440290.0,20250102
124560,2890,2905,2870,2885,54368,156881420,-0.17,110831844840,8817105.0,9483220.0,20250102
191420,13000,13000,12330,12600,3724,47229310,0.88,102171308400,-905640.0,190.0,20250102
073640,0,0,0,654,0,0,0.0,62514162216,,,20250102
066700,3080,3140,3080,3125,31011,96317225,0.16,101482609375,19041645.0,4884160.0,20250102
095610,15310,15640,15200,15360,28928,445556150,-0.9,303639951360,8599420.0,-41686810.0,20250102
064520,1833,1888,1735,1828,1314,2388532,-0.27,40857741336,-7340.0,,20250102
089030,37950,38850,37350,38100,640375,24328699200,-0.91,1423173874500,-6407409000.0,-1311845100.0,20250102
054450,12730,13920,12730,13830,276305,3749668910,8.9,209444742390,583131030.0,692050.0,20250102
200230,5870,5880,5440,5470,36401,202068590,-6.81,65776875810,-8123760.0,-56150.0,20250102
393210,4255,4290,4165,4215,289559,1226087125,-0.71,65815302960,126093645.0,10348880.0,20250102
475960,15320,15700,14850,15630,215547,3268829230,1.82,203933894220,-398392630.0,-23449370.0,20250102
215480,2740,2895,2725,2895,15241,42682560,5.85,27213000000,8940475.0,-86935.0,20250102
051360,19950,21150,19940,20950,166843,3465530100,5.01,338699865100,434283070.0,605539130.0,20250102
045340,9910,10600,9460,10380,781082,7834823780,10.07,88832455200,190007360.0,26050.0,20250102
108230,4480,4670,4470,4605,21702,99315550,1.21,175097043225,-5552265.0,13815.0,20250102
079970,995,1040,980,1005,83720,84945846,2.55,9336952500,6531471.0,,20250102
199800,38250,38450,36750,36950,17151,640086450,-3.4,315783826650,-90895000.0,-53026900.0,20250102
417790,10000,10130,9910,10040,19692,197775970,0.4,110436486000,58273440.0,-13234250.0,20250102
290090,7000,8020,6960,7540,10816,79938820,7.71,56039300720,-3286830.0,14930.0,20250102
026150,6470,6550,6380,6510,125199,811994610,3.01,114226614810,-4188930.0,-40.0,20250102
464280,13300,13610,13220,13500,54900,735646890,1.96,74655000000,147282320.0,70.0,20250102
322180,4800,5270,4800,5260,349201,1778195630,14.72,109970709540,204222565.0,-100187680.0,20250102
117730,8010,8980,7950,8980,1377042,11855242700,19.26,163187810760,379885670.0,-139734750.0,20250102
033830,831,848,827,835,285691,238450921,2.2,83500000000,,449759.0,20250102
057680,1012,1029,1003,1027,341934,346120800,1.48,73172210527,-14475434.0,,20250102
204610,1554,1569,1518,1530,225116,346316400,-1.54,97800231600,-113177957.0,-34788543.0,20250102
064760,69800,71000,68800,69900,18508,1297967700,-1.41,816082500000,-133464300.0,104616400.0,20250102
246710,4385,4540,4270,4375,45611,201446820,0.92,94267372500,-50056720.0,31590.0,20250102
340570,66900,68900,66300,67400,50738,3429564100,0.75,547827200000,-746873200.0,683099300.0,20250102
043220,383,390,375,385,450650,171670837,0.52,55526302755,-17567970.0,531050.0,20250102
277880,4985,5050,4850,4970,14121,70196965,-1.19,100199335040,1049170.0,,20250102
131290,40800,41600,40200,41300,22907,942014450,0.12,456837017700,-43705700.0,-46711000.0,20250102
425420,16200,17120,16160,17120,30167,508010170,5.94,194842720000,150479410.0,-50.0,20250102
131100,1280,1316,1259,1314,27566,35461100,2.66,36855403128,1947562.0,5163310.0,20250102
356860,12880,13210,12790,13120,79791,1037288050,0.54,129004105600,492382790.0,-20296240.0,20250102
321550,4315,4400,4225,4310,33314,143920680,-0.12,112256079140,6473925.0,-9879415.0,20250102
425040,7770,7930,7600,7810,54840,424691990,-0.26,166478444220,71647970.0,-16629740.0,20250102
241790,4680,4770,4630,4755,12528,59167305,2.7,47562524670,-3838875.0,,20250102
104480,1726,1768,1710,1723,1652897,2861627367,-1.2,156612832782,80892862.0,-1643862.0,20250102
081150,2890,2975,2890,2960,160074,472096950,1.2,71834469920,80337560.0,-12849825.0,20250102
130740,1995,2245,1965,2175,799908,1713473616,12.69,24526776825,136562210.0,,20250102
084730,8810,9140,8800,9140,14525,131378620,2.7,101540135360,28092900.0,-23130.0,20250102
440110,15000,15100,14730,14830,104813,1554168510,-1.13,731818916680,-49791410.0,14753880.0,20250102
033540,1412,1436,1387,1433,238056,337310283,1.49,54097273279,36169926.0,,20250102
388870,7720,7720,7470,7630,16788,127276370,0.79,98777461160,-26707050.0,,20250102
043200,543,543,534,537,32487,17477862,-1.1,22448917155,-410520.0,,20250102
214450,262000,273500,255500,260500,124127,32732672000,-0.76,2737750800000,-546694000.0,-1187572000.0,20250102
208340,0,0,0,2915,0,0,0.0,233786229820,,,20250102
177830,3000,3045,2965,2970,16667,50253570,-1.82,39467596410,-62705.0,7416790.0,20250102
037070,4765,5050,4600,4875,18300,87088150,2.31,97500000000,18369860.0,-80.0,20250102
150900,5080,5080,4850,4890,9007,43959375,-0.2,57141713580,-10626700.0,,20250102
037030,2280,2340,2265,2280,43656,100149070,0.0,49884060720,8895400.0,,20250102
047310,6070,6140,5890,6000,328585,1965924740,-0.83,219664530000,6500510.0,11990.0,20250102
368770,4900,5230,4755,5160,1726730,8771629940,5.95,169527801000,-131738025.0,3739790.0,20250102
170790,8780,8780,8670,8770,5313,46396480,-0.11,60130014100,-7038020.0,5258760.0,20250102
049120,1050,1050,1004,1020,19580,19949181,-0.39,53052998880,4808067.0,,20250102
038950,3425,3700,3400,3425,8669,30208640,1.18,34971870125,3161375.0,3540.0,20250102
387570,14650,14980,13320,13320,762951,10759065700,-7.56,74936988000,1116760.0,-8065240.0,20250102
441270,5330,5400,5210,5340,237927,1256914950,1.14,197515391340,-246703160.0,272305310.0,20250102
106240,1081,1151,1081,1149,774397,869345359,7.28,18295592493,51855780.0,312046.0,20250102
131760,1030,1333,987,1227,22912477,27382804695,19.59,53290552341,10627195.0,-4121471.0,20250102
065690,1002,1047,998,1040,83670,86138992,4.31,14611304240,-7096747.0,,20250102
140860,209000,228500,208500,227500,40435,9013064500,7.57,1589673767500,2179291500.0,2038836500.0,20250102
091700,6830,6930,6760,6930,247024,1684895350,0.0,408303223020,-227420350.0,-95506250.0,20250102
032800,578,578,574,576,50493,29066842,-0.35,26471265408,446872.0,,20250102
318010,3765,3880,3750,3880,7851,30027650,3.6,30765831440,2237290.0,-22520.0,20250102
027710,1139,1157,1138,1157,119559,137276593,1.22,128909006200,31878418.0,571558.0,20250102
225590,954,986,942,952,166699,160080364,-0.21,25358150776,2697424.0,,20250102
054300,489,496,479,492,64352,31439814,0.61,32957060340,-575973.0,,20250102
068050,2050,2105,2000,2095,89341,185028995,2.2,58019089220,-5282295.0,355660.0,20250102
222110,5650,5780,5600,5710,26161,148482210,0.18,73648704870,20261030.0,,20250102
271830,1571,1620,1520,1612,66601,103446412,2.61,47538205624,26744603.0,,20250102
263750,27650,28300,27600,28150,197903,5561778350,1.62,1808577118250,930428950.0,194012200.0,20250102
251970,43400,45250,42850,43850,62916,2756391450,0.8,543740000000,587338450.0,-204532100.0,20250102
168360,5270,5360,5060,5260,205254,1057145340,0.57,111976373840,118277440.0,,20250102
087010,101700,101700,98500,99900,368077,36733005900,-1.87,2327405265000,-8596702700.0,-1582887800.0,20250102
064800,1300,1315,1225,1300,295704,382442626,-1.37,166149487400,45362953.0,-802511.0,20250102
119500,3025,3395,3025,3380,552994,1792938200,12.67,40043644160,131752500.0,9765.0,20250102
389140,5030,5210,4995,5210,29878,151985710,3.58,57897349350,14370060.0,0.0,20250102
105760,5860,6020,5860,5990,17980,106951130,1.35,56686125400,25683070.0,,20250102
009520,11840,11990,11650,11810,101364,1195460340,-1.17,491800322430,24500410.0,-32263350.0,20250102
189690,1995,2080,1995,2060,69344,142007690,3.31,56283256140,34169645.0,22713965.0,20250102
318020,2935,2935,2880,2915,8184,23795900,0.87,36910522880,1778105.0,845970.0,20250102
256630,1150,1157,1130,1157,13673,15629764,0.61,67102612304,-150791.0,,20250102
331380,1980,2030,1951,2010,105236,209706597,3.34,45678158520,24424475.0,,20250102
472850,5190,5250,5140,5200,67117,348353920,-0.57,168188451600,-76516920.0,-9402560.0,20250102
039980,3025,3175,2975,3145,4282196,13323840370,4.83,227374832380,559471425.0,,20250102
041910,5300,5670,5300,5640,34827,190514220,5.22,76149063480,53906170.0,,20250102
234100,1083,1134,1081,1132,73163,80925441,3.47,74173535900,32266639.0,,20250102
041020,5450,6260,5450,6150,3268666,19497441160,13.68,305811812700,2722770990.0,78513140.0,20250102
114630,513,522,511,520,83346,43158498,1.36,40433924960,314222.0,,20250102
290720,2760,2795,2720,2765,10815,29772480,0.18,61632054610,971375.0,,20250102
005670,5020,5250,5010,5110,11192,57141170,1.79,51100000000,-16792510.0,341060.0,20250102
094940,7130,7270,7040,7250,184808,1326738960,4.32,60620048500,162888970.0,-7220.0,20250102
057880,0,0,0,8790,0,0,0.0,216061434720,,,20250102
007330,8400,8580,8400,8490,48660,413642710,0.12,128052972000,130540340.0,,20250102
093380,2265,2410,2265,2300,25682,60857365,1.55,22722419900,-366605.0,811550.0,20250102
023900,9160,9300,9160,9300,6720,61971130,0.43,117180000000,24050230.0,3930.0,20250102
371950,8850,8980,8450,8470,30386,260436850,-4.29,178212933360,-98115640.0,90.0,20250102
370090,26550,29250,26150,28950,901713,25420012300,9.45,246562228500,2395069050.0,3086885650.0,20250102
445180,5300,5430,5250,5430,29351,157276240,2.65,91056690840,37626610.0,10780.0,20250102
151910,0,0,0,640,0,0,0.0,121645902080,,,20250102
220100,17170,17190,16700,16760,285928,4820090410,-3.18,370432117800,-1544503720.0,115278100.0,20250102
035200,3410,3550,3410,3545,71503,249717985,3.96,34494941550,37335145.0,-62830190.0,20250102
334970,5040,5080,4875,4955,131513,650637505,-2.65,383604391335,-205500825.0,129900.0,20250102
321260,2035,2160,2015,2150,67696,143807290,4.37,60612980600,37009475.0,7424620.0,20250102
053610,21550,22400,21400,22400,16112,355120600,2.52,246400000000,56247850.0,-11540250.0,20250102
303360,2730,2830,2730,2790,21877,61267665,1.82,35927429850,-950750.0,-865.0,20250102
377220,1850,1927,1801,1923,38400,72817126,3.95,54440130000,-1999381.0,-26.0,20250102
335810,2825,2905,2780,2875,12968,37015620,1.77,33391762250,2226285.0,1287795.0,20250102
053160,14290,15380,14070,15100,482908,7166245730,10.95,90600000000,179882480.0,-380.0,20250102
405000,1367,1400,1300,1391,23161,31671396,5.06,36272890004,7054602.0,,20250102
041590,0,0,0,789,0,0,0.0,103917099150,,,20250102
367000,3915,4075,3915,4070,3210,12795885,3.83,34140002490,-259315.0,,20250102
075130,2450,2570,2400,2565,299120,743921010,5.77,42636250800,19145315.0,,20250102
237820,5590,5810,5580,5800,55862,318728510,4.88,74397412000,56728640.0,,20250102
023770,3315,3340,3220,3265,22332,73046550,-2.39,28623667300,2334130.0,,20250102
019570,268,275,268,270,86777,23441586,0.75,17633711340,1229128.0,,20250102
300080,18680,19180,18330,18760,56482,1062567100,3.93,103214086920,63072430.0,39677090.0,20250102
033790,5000,5340,5000,5180,84456,437987930,1.97,118222104000,12084630.0,,20250102
032580,1192,1237,1192,1224,149941,183182493,2.0,40553646336,31543363.0,,20250102
051380,2470,2615,2470,2605,103266,264048415,5.68,39960887560,81281150.0,51402545.0,20250102
241820,720,720,582,582,8574678,5670381486,5.05,34438084794,-216629927.0,8700.0,20250102
237750,4100,4140,4080,4105,15489,63590680,0.49,26668543000,1974815.0,20.0,20250102
460940,11500,12470,11400,11870,1314124,15619270270,10.93,76819553800,-927852980.0,7588820.0,20250102
319660,16340,16500,16210,16360,108544,1771789070,-0.85,473895441040,-458277960.0,-262266730.0,20250102
031980,37650,37650,36150,37250,312681,11481022950,-2.1,803199213750,-1095780350.0,-355149550.0,20250102
002230,3900,3945,3880,3895,1872,7291585,-0.51,75448771335,50765.0,1022525.0,20250102
043370,10050,10050,9850,9990,14751,146492110,-0.7,209790000000,-1575890.0,-8216040.0,20250102
239890,7790,7990,7720,7990,12365,96763930,2.44,79386682450,26432400.0,-11530.0,20250102
347740,2105,2160,2080,2160,18266,38655230,2.61,64822844160,485615.0,,20250102
137400,38000,38000,36900,37650,160176,5992112700,-0.53,893927187900,99340850.0,-141312800.0,20250102
257370,3510,3620,3260,3590,38150,133047445,3.76,44892450990,33323425.0,,20250102
147760,2840,2880,2715,2875,22020,61591575,1.23,31107114750,19208065.0,,20250102
128660,2990,3030,2970,3015,39023,116992920,0.0,74782157535,26991630.0,,20250102
006140,4495,4930,4495,4800,59178,285010435,6.67,72000000000,8142735.0,,20250102
376180,2280,2355,2280,2355,23039,53551945,1.07,43547195190,10350525.0,,20250102
304840,3070,3105,3025,3075,65035,198722840,0.16,64850101800,5830630.0,,20250102
087600,6490,6500,6400,6420,6185,40000960,-1.08,52429302360,-329120.0,,20250102
291810,1772,1850,1756,1756,22465,39654367,-0.85,19944142272,-98841.0,,20250102
378340,13050,13190,12880,13140,75596,983461690,0.69,279696489480,-104259750.0,1158030.0,20250102
161580,18440,20350,18210,20200,826122,16116442180,10.68,461432236000,1165475370.0,1045516370.0,20250102
347770,1641,1686,1641,1684,16111,26859346,2.68,38491258728,9737065.0,1671.0,20250102
163730,8470,8690,8470,8690,75832,650471340,2.24,81387133520,139033540.0,8530.0,20250102
417180,2805,2855,2740,2830,74350,207970090,-1.05,47589871470,-64358335.0,,20250102
446750,2045,2060,2040,2060,26039,53232625,0.49,12421800000,0.0,-15686990.0,20250102
448370,2070,2070,2050,2050,10878,22379495,-0.24,11521000000,-241450.0,5798855.0,20250102
454750,1997,2005,1997,2000,10037,20069797,0.15,14404000000,-656000.0,19995810.0,20250102
454640,2110,2115,2035,2090,9740,20359340,0.97,11288090000,-6270.0,15176170.0,20250102
469880,1949,1974,1949,1974,12709,24951602,1.28,14420070000,-585372.0,18549473.0,20250102
469900,1998,2005,1995,2005,3268,6527607,0.35,11238025000,0.0,6153709.0,20250102
475240,2090,2130,2090,2100,2778,5821720,0.24,6720000000,-217375.0,2536835.0,20250102
475250,2030,2065,2025,2040,27067,54979175,-0.24,7548000000,-331275.0,30102400.0,20250102
484130,2000,2000,1998,2000,970,1939395,0.0,9040000000,-1974.0,93995.0,20250102
435620,10360,10390,10360,10390,17524,181702050,0.19,44697780000,-820010.0,20.0,20250102
299030,17200,21600,17150,19790,220020,4341847600,15.39,158219268900,60365750.0,-2024220.0,20250102
067310,9240,9310,9030,9250,307694,2828338410,0.11,613015528250,217146890.0,-198056260.0,20250102
166090,22750,23000,22350,22800,50821,1150615200,-0.65,450930967200,-331928000.0,-86352650.0,20250102
136480,2805,2825,2775,2805,199858,559463775,0.0,297918214110,-72835700.0,987360.0,20250102
003380,5390,5440,5300,5440,153128,824073880,0.0,609310578240,-85939640.0,41546210.0,20250102
450330,7020,7050,6600,6990,12212,84750170,-0.43,54773702910,20191240.0,-2114380.0,20250102
101670,1869,1869,1708,1825,704906,1259979262,-2.41,98860195250,-219449542.0,,20250102
365590,666,676,646,660,109297,71477295,1.54,95335223940,2625335.0,60276.0,20250102
149980,6300,6570,6280,6430,70897,453322840,2.06,119561754090,13604270.0,129383970.0,20250102
013030,25150,26150,25050,25950,68437,1763402700,3.18,319066719900,557627650.0,-32119950.0,20250102
126700,17410,17830,17320,17670,77414,1366711790,1.49,264027119040,171729120.0,13551630.0,20250102
106080,2200,2520,2120,2505,486921,1152124145,13.35,62964339825,73507555.0,4672405.0,20250102
450050,2015,2045,2010,2045,4530,9151550,0.49,10253630000,658975.0,5950495.0,20250102
160190,15410,17420,14920,17420,3277163,54878045420,30.0,538068960000,2894804690.0,3899462400.0,20250102
221840,1493,1536,1427,1469,16921,24607912,-1.61,27471124109,471478.0,,20250102
106190,14190,14600,14000,14470,23350,335369530,3.36,153862013310,75534290.0,150.0,20250102
065650,1219,1237,1193,1220,266651,321759862,0.41,130151711820,-22055103.0,,20250102
066130,5350,5550,5330,5520,63419,345629880,2.6,70656000000,-43778760.0,-671840.0,20250102
004590,3995,4010,3985,4010,7496,29970005,0.63,60150000000,632720.0,735740.0,20250102
039340,6300,6330,6140,6220,12446,77667000,-1.27,143060000000,-25675840.0,2172920.0,20250102
034950,87500,88000,87400,87800,2603,228473600,0.46,398657129200,42674300.0,441700.0,20250102
222980,3245,3325,3225,3320,10427,34329445,2.15,36624523560,1154660.0,-5.0,20250102
256840,4175,4190,4100,4150,219402,905551810,0.0,281836638450,-272226760.0,-1616610.0,20250102
219750,0,0,0,967,0,0,0.0,63267797795,,,20250102
025550,4085,4200,3990,4130,816454,3342300520,2.99,96229000000,286173400.0,0.0,20250102
017890,8310,8380,8210,8340,12308,101873620,0.36,180192038400,5909750.0,25000.0,20250102
080720,0,0,0,2725,0,0,0.0,21562456300,,,20250102
063570,4630,4700,4600,4650,17075,79073660,0.43,158786935200,48010.0,-2726175.0,20250102
041460,2885,3015,2885,2985,51300,152785215,2.23,56715000000,10517790.0,101510.0,20250102
101680,2980,3090,2855,3085,158233,470824760,3.7,25926340000,40703425.0,,20250102
039740,2390,2575,2390,2510,9465,23459950,5.02,20126176470,-376640.0,,20250102
053300,4245,4310,4170,4250,130993,554958650,0.24,180375784250,-7556550.0,52132385.0,20250102
025770,7840,7970,7810,7940,14197,112390600,1.28,297307511740,10201450.0,46072080.0,20250102
458610,2095,2095,2060,2085,553,1143680,-0.48,8819550000,-4185.0,0.0,20250102
464440,2055,2085,2050,2070,404,833455,0.73,8942400000,0.0,744675.0,20250102
477530,1991,2020,1991,2020,9472,18896209,1.61,9716200000,1011279.0,3131424.0,20250102
479880,1986,1995,1986,1990,7742,15415413,0.15,13671300000,172082.0,5736731.0,20250102
062970,4605,5550,4400,5550,11712790,60919042120,29.98,54769669950,-25759075.0,,20250102
023760,547,549,541,546,86469,47151490,-0.18,172322828496,-711740.0,1315791.0,20250102
054040,4935,4980,4860,4920,31979,156679080,-0.3,79070746800,-55410295.0,,20250102
021650,2250,2255,2190,2255,23249,51591645,0.0,36870519565,-865095.0,,20250102
032300,15290,15700,15290,15700,16301,251973110,2.55,171235205700,49338670.0,10.0,20250102
037230,1679,1765,1679,1749,13127,22815001,4.17,52120771923,-770855.0,4788762.0,20250102
030520,21400,22350,21300,22250,560503,12307265700,5.2,537999304000,996474700.0,138429650.0,20250102
052600,4475,4620,4450,4570,104265,473204280,2.12,52846109000,-21682860.0,30.0,20250102
256150,6090,6090,5980,6030,5099,30827860,-0.99,50621850000,1121130.0,,20250102
092460,8150,8390,8080,8340,68565,567557830,2.33,142694731200,-5272750.0,12260.0,20250102
452190,3110,3275,3110,3265,148038,473854350,4.98,75626401605,97225325.0,,20250102
047080,1245,1268,1221,1246,44151,54908470,0.08,30928663052,-767208.0,,20250102
452280,6090,6240,6070,6220,55723,343896140,0.65,106589652000,55932680.0,,20250102
066980,1686,1693,1665,1692,39760,66748630,0.36,87874231500,-13914255.0,,20250102
114810,6410,6430,6290,6350,29015,183788750,-0.94,184868654900,-71689530.0,535770.0,20250102
070590,982,1070,977,1010,37518,38455756,3.38,14018316210,1109205.0,,20250102
226440,0,0,0,1530,0,0,0.0,100580954580,,,20250102
042520,8820,9170,8610,9060,7901,69699490,2.72,122548885020,-6148590.0,1488760.0,20250102
430690,3830,3935,3790,3860,46507,179932270,1.05,42055962220,24570475.0,,20250102
078350,8400,8580,8330,8500,35693,301610780,-0.35,129577247000,-112971690.0,1600980.0,20250102
045100,16500,16660,16380,16520,12337,203376910,-0.3,297360000000,-25005710.0,-23045440.0,20250102
214870,0,0,0,6920,0,0,0.0,64765809320,,,20250102
320000,2695,2695,2550,2595,150577,391342105,1.76,72570802065,-67941605.0,,20250102
091440,6980,7330,6500,7170,353927,2438909420,12.38,104729831070,-141230290.0,-2116460.0,20250102
024740,1993,2030,1956,2025,309721,622037739,1.61,66616524225,143183240.0,,20250102
005860,3600,3635,3570,3605,51364,185156780,0.14,142050284425,23791020.0,7210.0,20250102
007770,11150,11530,11130,11150,5573,63015080,0.0,39136500000,5021660.0,,20250102
198940,765,888,765,790,1106496,907178721,4.5,30749152620,-144557706.0,,20250102
058450,2040,2040,1983,1998,8221,16444229,-2.06,29557654758,246094.0,,20250102
107640,23850,25200,23650,25200,92340,2274620350,6.55,228033439200,271743050.0,127689050.0,20250102
079170,6690,6690,6470,6630,8832,58176370,-1.19,34476000000,-4189010.0,,20250102
054920,3140,3225,3055,3120,331887,1036962930,-1.58,88037292720,86075875.0,40.0,20250102
457370,8960,9210,8900,9110,68634,623368390,1.45,73127190740,87859730.0,-3413500.0,20250102
002680,714,725,707,723,34901,24843657,1.26,23365045677,3495254.0,,20250102
455310,2010,2035,2010,2010,13096,26558805,0.0,10170600000,-282800.0,12675140.0,20250102
034810,5710,5750,5660,5710,8408,47901260,0.0,185899653470,-12734310.0,-3640.0,20250102
03481K,7110,7190,7110,7190,160,1138290,1.13,9986349180,0.0,-580.0,20250102
059270,5480,6090,5430,5920,683297,3963760450,13.19,65953530080,510407470.0,3159300.0,20250102
076610,1005,1090,997,1023,56304,57271764,2.81,26038621554,-1491014.0,,20250102
220180,2765,2835,2685,2780,7504,20671670,-0.36,53954240000,-299290.0,,20250102
900270,276,284,273,282,942371,263346837,1.81,42943618752,67180302.0,,20250102
214180,12250,12380,12220,12320,7099,86962500,-0.16,163328519200,-14948550.0,5445070.0,20250102
234340,14800,14800,14310,14310,12411,179292160,-2.52,135272430000,-53144220.0,-7006090.0,20250102
084990,2725,2765,2650,2720,30248,81879525,0.74,125372407840,-1682850.0,363715.0,20250102
187660,1710,1750,1680,1700,2025005,3457335397,1.37,73081604300,-28287728.0,-322966.0,20250102
170030,4915,4980,4915,4945,21827,108066205,0.61,75856300000,28056860.0,15.0,20250102
319400,3440,3530,3425,3480,1863636,6501662075,2.81,409738881840,-403130600.0,534348465.0,20250102
048410,14000,14520,13980,14400,99980,1429604930,2.06,573431155200,162713130.0,-83297920.0,20250102
052260,4600,4615,4390,4485,370992,1661877490,-0.66,134550000000,-200652990.0,-49035.0,20250102
016790,0,0,0,994,0,0,0.0,187340898626,,,20250102
041440,8250,8500,8080,8450,403893,3381165180,2.42,151389726800,-9595260.0,-8480.0,20250102
039010,6060,6640,5990,6210,110658,704927690,1.8,53561250000,121827440.0,,20250102
090850,5190,5200,5100,5150,40309,207753490,-0.77,122293759150,-8538460.0,16732240.0,20250102
460930,13300,13820,12880,13700,298710,4042641210,2.01,484874112700,486068980.0,6045440.0,20250102
092300,2575,2575,2520,2540,42426,108063285,-1.36,47428952640,15256680.0,128145.0,20250102
138360,628,628,616,627,66958,41933092,-0.16,30314351496,-630590.0,,20250102
011080,830,1019,812,1019,9569693,8987500347,29.97,29666731906,249347131.0,5533042.0,20250102
060560,0,0,0,855,0,0,0.0,109157443875,,,20250102
064240,2250,2275,2165,2180,69338,152806960,-3.11,76382866160,-7938480.0,2004725.0,20250102
039610,7380,7520,7260,7460,175103,1302762260,0.95,77661584000,130218610.0,-7370.0,20250102
126640,1251,1309,1235,1260,104629,134636556,2.52,45831097620,-2652966.0,,20250102
127980,5770,5970,5770,5970,8551,49719120,1.19,70688883480,-1232300.0,,20250102
061250,1282,1287,1242,1263,201764,254294102,-1.48,104670686739,-30866842.0,,20250102
097870,7030,7220,6920,7150,342670,2440007950,3.32,60703500000,164173670.0,-7180.0,20250102
290270,3210,3245,3155,3235,13592,43450650,-0.15,31080818920,12929980.0,786575.0,20250102
353190,707,741,705,739,97391,70774079,4.53,29100652380,-718250.0,,20250102
192410,1999,2035,1925,1998,48347,96238709,4.94,28442588940,10088552.0,,20250102
090710,1584,1820,1581,1746,46096187,79590402232,17.18,191402046090,2730941994.0,-27515987.0,20250102
078590,573,577,563,564,483367,274291916,0.0,30574631196,33552832.0,,20250102
205470,1650,1780,1630,1734,3639756,6287968374,5.93,224336265606,15233244.0,290846.0,20250102
115160,1262,1262,1229,1239,196631,243364504,-0.24,54478983636,-5436525.0,,20250102
028080,2500,2550,2355,2510,101470,247773625,4.58,31569540060,-11432230.0,,20250102
175140,4720,4875,4700,4790,76126,363792610,1.7,103058248680,-9310510.0,,20250102
200670,42250,45050,42050,42550,198592,8667912000,0.71,477833521500,-941734050.0,-638899750.0,20250102
065510,8140,8200,8040,8100,17949,144980960,-0.49,98490905100,15317670.0,-51975530.0,20250102
215090,0,0,0,1505,0,0,0.0,149972154360,,,20250102
263920,968,973,962,965,12110,11717940,0.21,47328554310,-244110.0,,20250102
243070,27700,27750,27100,27400,10009,273130500,0.0,328242821000,-9795850.0,-3236150.0,20250102
084110,43250,45900,41500,41700,82645,3608640500,-3.58,526316216400,-678925150.0,121462400.0,20250102
145020,274000,278000,262500,262500,118197,31527462500,-6.42,3308558662500,-8193750000.0,-8323729500.0,20250102
024060,12650,12840,12610,12790,137767,1753596390,2.4,191850000000,293729060.0,12740.0,20250102
010240,5320,5430,5170,5400,54540,291565120,1.5,66542558400,39691260.0,-118730.0,20250102
189980,1620,1631,1600,1631,47883,77445823,0.68,65464795837,1824054.0,,20250102
037440,4900,5080,4890,5000,82686,412612115,0.81,69612375000,44814810.0,,20250102
238490,3455,3540,3350,3540,7323,25365855,2.46,40045315440,1715920.0,,20250102
