code,open,high,low,close,volume,거래대금,등락률,시가총액,foreign_net,inst_net,date
060310,1723,1740,1680,1690,149535,254076532,-1.8,89669777600,-120856493.0,0.0,20251119
054620,3920,3920,3845,3880,10293,39997455,-1.02,77189577480,-8591820.0,,20251119
265520,19200,19200,18500,18780,89257,1674983835,-2.39,282654418380,-184663180.0,18135715.0,20251119
211270,11950,12000,11550,11760,25852,305435470,-1.26,177367895040,-54720970.0,3959190.0,20251119
139050,0,0,0,2805,0,0,0.0,24247965555,,,20251119
126600,2975,3050,2935,3025,84293,252533840,1.68,189869869475,50858250.0,-7240.0,20251119
083790,1473,1473,1370,1413,249423,349359065,-4.07,108651479166,-3151136.0,,20251119
035760,64800,65100,63400,63900,52024,3338588450,-0.93,1401272940600,-524095300.0,282983300.0,20251119
311690,9010,9010,8280,8690,32504,284647520,-2.91,113538864780,-64518130.0,1016210.0,20251119
051500,27150,27150,25500,26650,27969,751016800,-0.19,316377766900,174608675.0,-38755450.0,20251119
058820,1757,1774,1733,1745,711068,1244493446,-1.47,257984609335,-379419064.0,35935.0,20251119
056730,651,652,641,649,7640,4947540,-0.46,48098159714,-11033.0,319978.0,20251119
065770,840,846,830,835,50322,42132822,-0.6,16208293550,-775728.0,-191683.0,20251119
083660,622,628,600,606,362825,220874252,-2.57,37115791686,11188045.0,,20251119
477760,2095,2105,2095,2100,1883,3945305,0.0,12264000000,-127795.0,3687200.0,20251119
099520,0,0,0,1284,0,0,0.0,58141862016,,,20251119
060900,1301,1365,1286,1302,46407,60966978,0.08,38943775668,-12244417.0,,20251119
290120,2345,2400,2325,2390,16894,39975447,1.92,37819955110,-6344705.0,,20251119
025440,734,738,715,737,44903,32790358,0.41,35951762088,-468609.0,,20251119
068790,0,0,0,6330,0,0,0.0,149939488590,,,20251119
241520,6430,6540,6240,6360,200871,1279742610,-0.93,171720000000,56229140.0,6380000.0,20251119
180400,1945,1945,1819,1843,192339,359021112,-5.24,90711413176,-59119942.0,,20251119
418620,2060,2195,2025,2090,104417,220675295,1.46,26857496930,-21517810.0,,20251119
245620,0,0,0,415,0,0,0.0,57474989665,,,20251119
037370,5610,5800,5570,5640,19046,107398590,0.71,48644842080,8085890.0,18920.0,20251119
050120,2865,2920,2805,2920,5983,17034035,2.82,39607131120,2049565.0,,20251119
214270,1976,2050,1928,1968,410581,811074705,-1.11,85983807312,204645870.0,-233962783.0,20251119
130500,2365,2450,2365,2410,14625,34994870,0.0,35053575320,6686220.0,2410.0,20251119
900290,2705,2750,2670,2740,85809,232391990,1.29,221529000000,21046045.0,-175840.0,20251119
083450,28200,28350,26500,27550,352025,9630580125,-2.65,507746500000,-1077296350.0,885307625.0,20251119
297890,2205,2230,2130,2205,501362,1091423677,0.0,161275715370,-192139355.0,,20251119
440290,2040,2080,2035,2060,62941,129179150,0.98,55840440600,39148975.0,-2851660.0,20251119
078150,1914,1928,1840,1883,1069059,2011649007,-1.62,174584069828,-80809924.0,,20251119
225530,2815,2815,2770,2795,12786,35693385,-0.53,101566741965,617905.0,15.0,20251119
060560,685,694,677,684,22066,15108553,-0.15,87325955100,-1186511.0,,20251119
195940,49900,50500,48500,50100,151628,7503668125,0.5,1419327539100,1047228300.0,-27384025.0,20251119
028300,47150,47650,45900,46300,449151,20855398350,-2.73,6103872993000,252706250.0,120653875.0,20251119
278650,1480,1494,1430,1486,389097,570581407,0.41,129290230954,97325889.0,-14905.0,20251119
067630,4250,4270,4060,4070,593517,2445738352,-4.8,496202426060,-660056937.0,58875.0,20251119
024850,1700,1700,1645,1647,171549,284395396,-2.43,238050976464,3188947.0,,20251119
187420,2920,2940,2850,2880,47009,135429997,-1.71,83911340160,-9228660.0,10570.0,20251119
047920,15610,15670,15110,15280,121961,1865972230,-3.29,501174159680,-316352870.0,161589030.0,20251119
115450,3220,3225,3130,3160,345089,1091263865,-1.71,266647951080,-214365046.0,91227426.0,20251119
046210,1687,1687,1621,1621,74447,123033760,-3.74,73150409878,-61081936.0,-9767.0,20251119
196300,6490,6490,6290,6420,19306,122768840,-1.98,59663615160,6504940.0,9633170.0,20251119
403870,29700,29800,28600,29050,449558,13081965600,-2.84,2425633400400,-59773800.0,1225883200.0,20251119
036640,5260,5260,5160,5250,34352,179162445,-0.19,85862700000,5158160.0,10515.0,20251119
448760,4295,4340,4030,4190,305996,1278587385,-2.33,18561700000,98465101.0,,20251119
467930,2200,2210,2195,2195,935,2053395,-0.68,9284850000,-6610.0,4410.0,20251119
469480,2205,2205,2200,2200,659,1450070,0.0,9306000000,-2205.0,0.0,20251119
095340,87100,91800,84300,88300,430336,38256444350,0.23,1871700221400,-230020800.0,8123551750.0,20251119
950170,3660,3695,3460,3530,749071,2642602250,-3.55,182664608440,322188551.0,-219139196.0,20251119
067290,1415,1415,1378,1400,34370,47860283,-0.36,74726576400,-11039124.0,,20251119
035900,69000,69200,66100,66600,479439,32162040650,-3.06,2366463967200,-9070813550.0,163366600.0,20251119
318000,4695,4800,4590,4675,20918,97469285,-0.85,40860542525,-3909175.0,,20251119
024840,1654,1722,1653,1683,241979,408194402,1.81,58752181917,55070849.0,,20251119
024120,3385,3395,3340,3340,31006,104178494,-0.89,38410000000,16195302.0,5303.0,20251119
455250,2105,2110,2100,2110,3820,8041330,0.24,9083550000,-2105.0,6315000.0,20251119
464680,2065,2070,2062,2065,56650,116977615,0.0,26648825000,739615.0,25812500.0,20251119
478390,2060,2075,2055,2065,527,1084665,0.24,12844300000,-10135.0,0.0,20251119
486630,2035,2040,2030,2040,6468,13166670,0.0,10832400000,24420.0,10175000.0,20251119
492220,1999,2005,1997,2005,33455,66834552,0.0,12451050000,980551.0,-35960956.0,20251119
0037T0,1995,1996,1993,1994,1763,3515139,0.0,12622020000,23940.0,0.0,20251119
0072Z0,1983,1984,1981,1982,29790,59059447,0.0,15628070000,460353.0,40957459.0,20251119
021320,4940,4940,4800,4865,12211,59645676,-1.52,104111000000,-3382765.0,,20251119
044180,589,606,553,579,341659,195491028,-0.52,15469605621,46459484.0,,20251119
046440,4715,4730,4615,4655,57209,267320915,-1.27,176940283310,-30469055.0,274725.0,20251119
151860,5360,5600,5320,5500,89033,485523120,1.48,261816511000,100482085.0,-37947585.0,20251119
035600,10300,10400,10150,10330,75737,779780190,0.29,284637303220,159146410.0,3313820.0,20251119
226360,0,0,0,2555,0,0,0.0,67617390260,,,20251119
111870,0,0,0,8910,0,0,0.0,62746456410,,,20251119
060720,11350,11600,10930,11230,164248,1837267685,-1.06,265897673660,-1574520.0,53980970.0,20251119
058400,702,709,701,706,57328,40349685,0.57,93495382320,,,20251119
101000,826,848,805,830,349477,287880684,0.48,27760845660,21649308.0,,20251119
089600,12500,13050,12500,12720,12460,157999105,1.11,147147033360,15162380.0,-8061820.0,20251119
418470,13450,13760,13300,13500,15051,203378500,-0.37,115638151500,-49130970.0,-3428440.0,20251119
043610,1837,1838,1805,1824,31764,57704594,-0.71,106002558912,1440934.0,0.0,20251119
122450,3760,3840,3745,3795,29712,112336471,0.93,170091270030,44352340.0,-7542560.0,20251119
052900,896,907,879,902,215006,192011739,0.67,58967759312,1528666.0,-23732278.0,20251119
036560,14290,14290,14060,14200,4669,66209000,0.07,223650000000,-26110350.0,-340040.0,20251119
061970,4400,4460,4210,4360,176487,766275195,-1.58,253241906160,120430910.0,53333365.0,20251119
309960,5220,5240,5110,5240,69412,357641325,0.77,121658332360,-22671825.0,,20251119
225190,1407,1440,1378,1387,193615,270510886,-1.42,70388086280,47182764.0,,20251119
060370,25250,25650,24100,25100,305469,7602569375,-1.18,1311195235400,316185025.0,-428415900.0,20251119
417200,12760,12760,12040,12110,1140402,13977700255,-5.02,819273700490,4773139190.0,-8067893355.0,20251119
078020,4955,4955,4760,4835,145069,700512874,-1.33,268251553650,34914306.0,21008000.0,20251119
322180,6600,6720,6250,6550,328850,2144281075,3.31,137038995200,-105799325.0,,20251119
476080,10160,10510,9970,10000,64408,654351195,-1.77,80370000000,11140405.0,3951820.0,20251119
086960,1389,1394,1318,1357,1134241,1537597521,-2.3,125959166316,-43381759.0,1366.0,20251119
160550,2045,2085,1999,2020,90490,183794150,-2.18,56370334120,37366360.0,,20251119
053290,1933,1962,1794,1877,49305,93757867,-2.9,31019878239,762282.0,1938.0,20251119
060250,15750,15850,15120,15700,282038,4390381185,-0.32,630521592700,557841005.0,159147040.0,20251119
104200,2580,2690,2525,2625,21696,56209815,0.77,38922318750,9646425.0,0.0,20251119
063570,4185,4245,4165,4205,56890,239476161,0.72,143591196240,56060039.0,4485100.0,20251119
222160,0,0,0,8040,0,0,0.0,79551289560,,,20251119
024940,5190,5270,5180,5220,26166,137000445,0.0,52200000000,20578405.0,,20251119
332570,4390,4440,4175,4295,631909,2702193127,-1.26,188076873170,575580220.0,-29181722.0,20251119
218410,28700,28850,27000,28150,204345,5743135150,-1.23,746071892300,-357088125.0,212652000.0,20251119
327260,17610,17610,16050,16180,112595,1864226200,-5.38,136449677580,-178249170.0,-41203450.0,20251119
474610,4070,4125,3960,4055,92669,373936310,-0.25,54449818210,31079326.0,-10580380.0,20251119
091340,2340,2440,2315,2370,45106,106930140,1.28,27737818770,13369255.0,,20251119
419530,42850,42900,40250,41250,138108,5677195425,-1.79,401548743750,856995425.0,-1325346600.0,20251119
019550,683,689,674,674,198000,134845653,-2.03,109232871550,-34839757.0,-1299936.0,20251119
246960,2565,2600,2430,2435,28396,70285330,-4.32,82722577285,-11400305.0,5400220.0,20251119
099220,1139,1169,1119,1140,145684,165872356,0.09,74036559000,-4167764.0,,20251119
036540,4145,4150,3920,3965,813465,3252682807,-4.92,652085101395,-363655441.0,55190884.0,20251119
255220,2080,2160,2055,2130,672840,1421212795,2.4,210178589220,-26813464.0,,20251119
040610,1833,1871,1814,1854,86624,160401090,1.15,63197661384,43992297.0,7045715.0,20251119
184230,710,718,702,710,272749,193467955,0.0,60967712780,28272156.0,-2065422.0,20251119
016250,13500,13500,13200,13300,1264,16776380,0.0,66991913800,464030.0,-1504590.0,20251119
357880,1733,1736,1655,1696,229805,390310066,-2.14,61185180928,34721006.0,,20251119
048550,1213,1241,1213,1215,200924,245531054,-0.25,117508263300,-35977965.0,5066735.0,20251119
063440,1655,1673,1636,1670,260332,432278202,1.46,76868687180,54487662.0,,20251119
067160,68100,70500,67700,70200,44402,3088071850,2.63,806932643400,537628400.0,438941950.0,20251119
289080,1601,1636,1590,1608,114059,184128456,-0.92,87147608592,-11582138.0,0.0,20251119
013720,784,786,700,774,295210,217557384,-2.27,47080982682,-5670805.0,,20251119
089230,942,956,921,934,31699,29529040,-0.85,24856498102,-5176070.0,,20251119
032540,5460,5490,5370,5470,3546,19223580,-0.55,76205901230,25110.0,10.0,20251119
048770,1935,1985,1915,1965,26003,50496865,1.6,30846552315,-13557552.0,,20251119
246690,1324,1377,1306,1322,191700,254916007,-0.83,54833733564,-6182912.0,,20251119
317240,222,223,213,222,1490278,325724150,0.0,25709378664,93020626.0,,20251119
057030,3025,3025,2955,3015,18523,55168892,0.67,49182781455,-7578166.0,,20251119
040300,3335,3480,3200,3210,696260,2312387158,-3.6,153043105800,78573872.0,49141870.0,20251119
051390,3910,3920,3740,3900,12623,48872940,-1.02,44285935200,3655375.0,-1853430.0,20251119
052220,2960,3020,2950,2950,106774,317252072,-1.17,67850000000,22479568.0,,20251119
079940,26300,27350,25950,26450,18161,481015225,0.0,358018841800,-93984600.0,6231400.0,20251119
078890,4805,5350,4465,4545,811015,3919362756,-4.32,82023033240,-698788533.0,75106070.0,20251119
399720,44250,45300,43000,43500,54293,2376551275,-3.23,504618270000,308760575.0,55087750.0,20251119
036620,5320,5670,5280,5600,1587252,8863508585,5.46,506821117600,614011040.0,624365350.0,20251119
198440,1033,1040,1020,1032,24029,24728291,-0.1,62881716672,1539177.0,,20251119
217730,1439,1442,1376,1397,594832,832594469,-2.85,131393646153,136208481.0,,20251119
114190,16130,16480,15720,15850,784308,12589443325,1.28,414050152300,353194070.0,68615.0,20251119
094480,10080,10500,9910,10000,337692,3435305670,-0.7,392298380000,-208933265.0,14110300.0,20251119
039240,2710,2740,2675,2700,168973,457582120,-0.37,72844930800,1186220.0,29380105.0,20251119
053950,820,830,788,791,1505461,1207346733,-2.94,61814560178,110739948.0,,20251119
011040,5850,5850,5700,5810,19260,111421195,-0.17,178766530460,14513300.0,21722540.0,20251119
024910,1426,1446,1416,1439,30512,43695552,0.7,51543548195,204638.0,,20251119
049720,10560,10560,10380,10490,29296,306459220,-0.66,150007000000,-30578560.0,-17370975.0,20251119
014570,4310,4360,4235,4255,14812,63212380,-0.7,46805000000,-680260.0,,20251119
348150,5000,5040,4860,4975,69198,342105985,-0.5,96608972775,26958835.0,,20251119
950190,8030,9910,7920,8710,3250609,30347053370,8.6,113378583890,-264441385.0,-9640810.0,20251119
098460,18420,18790,17540,17950,3709496,67107130200,-1.91,1232352852250,2523443455.0,-1340983745.0,20251119
035290,390,405,378,389,311745,122122426,-0.26,18546150720,-16365922.0,,20251119
215000,58800,59600,58100,58700,29252,1710638550,-0.17,368366860500,-214561600.0,-251243550.0,20251119
121440,5130,5240,5110,5130,60155,310519340,0.0,219752876340,25128310.0,14791870.0,20251119
366030,5340,5950,5340,5650,801570,4586873885,3.67,127994252500,-142061190.0,,20251119
014200,2150,2350,1720,1720,1831164,3541203799,-13.96,26002581600,,,20251119
029480,2095,2150,2030,2075,199528,412270740,-0.95,132044338950,-80706075.0,,20251119
026910,2390,2440,2375,2430,18922,45720195,1.67,15565134150,4268280.0,,20251119
456490,2180,2180,2150,2160,13207,28452915,-0.23,9072000000,-978325.0,-11382910.0,20251119
465320,0,0,0,2335,0,0,0.0,8896350000,,,20251119
482520,2095,2105,2095,2105,254,533125,0.0,12840500000,-100860.0,468145.0,20251119
489210,2090,2090,2075,2085,1011,2097964,0.24,10800300000,-205425.0,,20251119
0041B0,2045,2050,2045,2050,1951,3989935,0.24,10332000000,0.0,0.0,20251119
053270,2060,2060,1990,2035,56499,114073985,1.5,55780174175,18616552.0,10618014.0,20251119
066620,21950,22350,21350,21950,7128,156454800,0.23,164625000000,13117700.0,21700.0,20251119
043650,4070,4085,4000,4040,19315,78031705,-0.12,72147548160,21309205.0,-20.0,20251119
006050,1193,1200,1175,1188,131712,155991593,-0.42,41455548684,-16745171.0,,20251119
060480,1575,1590,1528,1590,16447,25725432,0.95,17633100000,1687540.0,,20251119
078130,358,363,354,356,629213,224275857,-0.28,401356490076,9018908.0,2868.0,20251119
307750,3575,3610,3435,3445,176800,618858282,-3.64,172857629100,-107461070.0,-5.0,20251119
035080,11990,12070,11850,11910,9424,112377745,0.08,162888282180,-18616305.0,19105050.0,20251119
318060,12750,12990,12200,12320,190469,2390815030,-3.37,136182532640,-398254110.0,-63072960.0,20251119
453450,15020,15140,14500,14750,17079,252226465,-2.64,117155562500,50610510.0,-50420565.0,20251119
204020,2110,2130,2075,2090,49865,104346210,-0.48,40652238880,-9308540.0,-31495.0,20251119
0015G0,23000,27450,22800,25450,11353588,293667543275,7.84,297829668450,641091625.0,-393233550.0,20251119
402490,7250,7550,7090,7160,62120,448952185,-2.45,118561638080,50280440.0,,20251119
114450,3710,3775,3640,3725,602856,2232138140,-0.53,74500000000,-3813420.0,0.0,20251119
186230,5780,5930,5750,5800,30937,180157495,-1.69,63337090400,36388880.0,5925.0,20251119
900070,420,426,416,424,35441,14898979,0.47,22787442432,-45298.0,,20251119
204620,6000,6320,5860,5950,4068761,24836786820,0.0,418185813500,869655980.0,1763533310.0,20251119
019660,2815,2815,2790,2795,11595,32437910,-1.93,38974410735,-8534150.0,,20251119
053260,3930,4065,3910,4040,16902,67232425,1.89,75628800000,10598305.0,-15.0,20251119
282720,12100,12550,11700,12500,43956,532505740,1.21,151493750000,21056640.0,124551310.0,20251119
036190,31050,31150,30250,30650,4701,144059800,0.0,183900000000,-11070550.0,11889400.0,20251119
049080,558,563,539,550,324459,178443141,-1.43,46685840850,50308792.0,,20251119
420770,32250,35350,31150,32150,62279,2035725725,1.58,407525619700,-113628450.0,73336000.0,20251119
035460,1862,1899,1825,1889,38326,71669114,0.27,27536595260,1644972.0,,20251119
407400,4455,4550,4370,4395,51073,226245910,-2.22,64318776930,74086830.0,,20251119
187790,2735,2795,2610,2625,524740,1402172133,-2.78,80957178750,-84416178.0,-197855105.0,20251119
121600,58400,58900,56400,57000,62041,3548808650,-2.4,696037887000,-307003950.0,-334445600.0,20251119
286750,1732,1807,1706,1744,82304,143076297,0.29,47542632896,-22002992.0,,20251119
247660,4405,4595,4375,4535,21614,97606073,2.14,19699677200,2157915.0,,20251119
039860,3110,3175,3060,3095,132108,410319315,-1.43,117897999035,482625.0,3125.0,20251119
091970,680,688,639,647,292114,190277212,-4.15,24209117971,21281778.0,,20251119
417010,4510,4580,4340,4455,34690,153463362,-1.44,89869503240,-9671002.0,,20251119
405920,2250,2320,2185,2210,11666,26311580,-1.78,28460547960,-2803960.0,,20251119
051490,3965,3995,3875,3965,33012,129857297,0.51,56303000000,-15453417.0,-5.0,20251119
137080,3135,3135,3055,3065,9667,29744665,-1.45,33897128430,-2247925.0,10.0,20251119
190510,15790,16050,15480,15680,26370,415546950,-0.76,224770840000,-62671240.0,79596430.0,20251119
242040,1370,1380,1342,1365,100110,136070183,-0.36,47237550360,-1386190.0,1837290.0,20251119
293580,1120,1128,1093,1117,439649,486977645,-0.27,106036754150,45111160.0,21727154.0,20251119
459510,20650,21900,19990,20300,312366,6481072015,1.65,262151804600,-30001275.0,41045800.0,20251119
138610,39100,39200,36650,37150,177229,6676231200,-6.31,422097185500,-350658975.0,-51298750.0,20251119
130580,5620,5670,5590,5650,3857,21687330,1.25,87010000000,3876910.0,-608160.0,20251119
036800,25750,26400,25250,26400,32365,836791825,2.52,264000000000,78376900.0,-19437750.0,20251119
267320,3260,3300,3160,3200,800424,2578070911,-1.99,183728944000,118902556.0,65474800.0,20251119
111710,4480,4480,4315,4320,634,2744770,0.93,88940160000,-263770.0,,20251119
091590,3700,3730,3670,3720,6821,25277855,-0.4,43672800000,-322590.0,,20251119
168330,2230,2230,2155,2190,30069,65501701,0.23,69543231000,6946967.0,,20251119
094860,1081,1159,1075,1133,85176,95504255,0.53,27248161677,-17125248.0,,20251119
253590,10520,10530,10100,10160,305750,3140914120,-3.7,445710706240,148491950.0,23728420.0,20251119
212560,5220,5540,5220,5310,67764,362976005,1.72,62722999710,-12632310.0,,20251119
095660,24500,25050,24200,24900,67521,1671896400,1.43,544234718400,496979200.0,-242205300.0,20251119
042420,27000,27000,25800,26400,13426,355219175,-2.22,220869871200,-84193900.0,43006425.0,20251119
950220,570,579,552,558,913778,509744854,-2.11,91730543490,-28886737.0,-43665049.0,20251119
311390,5930,6010,5750,5840,70332,412531790,-1.52,73898127760,61866770.0,-29345960.0,20251119
085910,4860,5680,4745,5370,2252037,12003274430,8.38,74829972660,-144080560.0,-71319930.0,20251119
092730,18050,18820,17800,18510,103533,1912000560,2.66,296678076390,194012105.0,96565490.0,20251119
290660,800,825,789,789,54280,43266219,-1.25,39827624868,-2085160.0,,20251119
306620,1829,1835,1782,1786,153582,276337979,-2.35,80395468360,-16556235.0,11222654.0,20251119
153460,7350,7850,7280,7500,4522,33768200,2.04,48975105000,-6198970.0,,20251119
007390,27100,27750,26250,27400,378377,10196011475,2.43,1765520534400,-544000575.0,85307475.0,20251119
033640,17690,17690,16790,17000,119989,2055488085,-3.3,392006434000,-555805855.0,-28348380.0,20251119
330860,18500,18700,17700,18060,61357,1112259900,-3.11,220043852700,-28934450.0,-350.0,20251119
351320,1351,1369,1296,1349,189079,251575201,-0.15,38883241448,20437252.0,,20251119
089140,2235,2300,2160,2230,69678,153698755,-0.45,33263201820,43755465.0,-6280.0,20251119
389650,64300,67000,61500,64400,122568,7915031350,2.06,528330258400,-344642600.0,937069000.0,20251119
137940,308,311,302,310,195631,60486948,0.65,26464387520,8450950.0,,20251119
396270,2080,2190,2040,2120,173576,366825003,0.47,42184311200,-51859228.0,-16692582.0,20251119
348210,63600,64300,62300,63800,58690,3712925350,-0.93,668432919000,-833362400.0,1045679350.0,20251119
225570,13000,13050,12730,12970,117219,1509171560,0.54,854206456780,-400157810.0,84447990.0,20251119
205500,2260,2325,2095,2125,328457,708071880,-6.59,126913910125,-4474325.0,8689500.0,20251119
217270,5220,5280,5150,5270,62938,328695030,0.0,246296838610,38537200.0,-3862930.0,20251119
104620,6180,7580,6140,6340,24391854,167311861885,5.32,106578899680,-757573715.0,-880783165.0,20251119
473980,20900,20900,20100,20700,112200,2309259300,-0.96,227313365400,610439200.0,8832400.0,20251119
194700,15310,15310,14110,15120,113644,1703865195,-0.33,283573301760,455802075.0,-121812340.0,20251119
285490,19280,19540,18930,19450,42265,812841770,0.57,205699912950,37109140.0,19564000.0,20251119
145170,4100,4135,4005,4090,27249,111024352,-0.12,69155376450,24365652.0,,20251119
106520,0,0,0,411,0,0,0.0,15904036272,,,20251119
376930,2730,2740,2555,2585,1180088,3096047200,-5.31,95508150100,44918105.0,-15570.0,20251119
486990,31100,33100,29850,30400,1785087,55813693150,0.16,643321152000,-523988550.0,-458382975.0,20251119
142280,4100,4125,3965,3990,100870,404422175,-2.68,86750284740,-131508775.0,,20251119
234690,9140,9150,8860,8980,29607,266630095,-0.33,159415438480,-24175235.0,,20251119
054050,7820,7970,7710,7850,48062,376100315,0.38,125839903850,22130670.0,-28868465.0,20251119
069140,2375,2490,2300,2385,46995,111171685,0.21,31250042055,1937075.0,,20251119
040160,2970,2970,2855,2950,18514,54087442,-1.01,35563828250,5525958.0,,20251119
332290,1153,1189,1141,1184,321913,377047709,2.69,47246814336,101751298.0,,20251119
348340,27000,27250,25650,27000,113493,3024860375,5.88,306425349000,-210186100.0,233094550.0,20251119
380550,23050,23800,21750,22050,756675,16960845225,-5.16,256587096150,-907686450.0,286480100.0,20251119
060260,1192,1311,1190,1253,127146,158061048,5.12,16930547277,19037134.0,,20251119
463020,17420,17800,16700,17450,123560,2118851470,0.17,154942040000,497027415.0,-348105545.0,20251119
123840,977,1013,924,924,79513,75624853,-5.62,34330579668,3291950.0,,20251119
012340,441,446,432,432,254399,110975642,-2.26,22898186784,1797160.0,-49937455.0,20251119
462310,5710,5850,5700,5790,43718,252980095,-0.17,45752580000,45306115.0,,20251119
270870,4985,5030,4910,5000,27380,135891146,-0.6,46001120000,5913546.0,,20251119
144960,5330,5330,5110,5160,135966,702617085,-2.09,225453939840,-85901805.0,46534180.0,20251119
085670,4620,4740,4480,4500,163804,741557250,-2.6,110028424500,110643405.0,-76500.0,20251119
064260,6580,6700,6430,6580,1236830,8123964210,-0.3,491452481660,1315005825.0,-735781010.0,20251119
340360,1271,1271,1198,1248,181133,220863053,-1.73,54851982432,-56095442.0,,20251119
039560,3090,3090,2950,3010,142024,424460580,0.0,119238082810,-102777785.0,-77921155.0,20251119
154040,1068,1077,1036,1077,24143,25787583,0.0,19332251238,-3638918.0,,20251119
032190,16830,16940,16550,16600,87246,1455821710,-0.72,635780000000,-225999835.0,-503794195.0,20251119
323350,5600,5650,5340,5650,16030,87678370,0.89,45260861800,-10027570.0,,20251119
068240,3210,3295,3165,3290,386872,1252684982,2.49,125557707730,113487829.0,-20768309.0,20251119
464580,2265,2310,2220,2280,117201,264122769,-0.22,41859628080,17903719.0,-71639960.0,20251119
020400,5750,5860,5730,5800,5139,29919260,0.0,18497162800,2389150.0,,20251119
008830,14180,14880,14160,14640,36775,531387460,2.02,131577292800,163022410.0,29030.0,20251119
048470,2925,2925,2845,2870,13585,39112565,-1.54,28700000000,1440775.0,2905.0,20251119
004780,3485,3490,3410,3430,21711,74765795,-1.29,54547972570,-316455.0,8870960.0,20251119
017650,7140,7200,7070,7200,4777,33975980,0.84,64800000000,7381470.0,-1280450.0,20251119
389260,19800,20100,19030,19380,31463,607012860,-2.61,347218378500,25433030.0,-1029390.0,20251119
317850,6120,6270,6020,6190,21870,134058160,1.14,51528159800,30426940.0,-60.0,20251119
290670,15210,15610,14520,14720,12235,182480790,-3.41,115664755200,1757170.0,14960.0,20251119
078140,12000,12070,11700,11770,25502,301855620,-0.34,130489034830,-14503750.0,11900.0,20251119
065150,0,0,0,145,0,0,0.0,23110448725,,,20251119
036480,7370,7440,7350,7370,1569,11572730,0.0,28006000000,356860.0,,20251119
027830,1482,1496,1466,1486,206986,305975135,-0.2,80244000000,83520484.0,,20251119
104040,682,691,665,673,219773,148210421,-1.32,90227646898,26614745.0,,20251119
129920,3790,3790,3400,3600,39212,139000386,-2.96,49374190800,16971738.0,,20251119
457630,2090,2090,2085,2090,143,298310,0.0,15277900000,-2085.0,0.0,20251119
471050,2205,2205,2150,2175,6249,13607325,-1.36,13180500000,-4350.0,0.0,20251119
478780,2805,2810,2715,2805,46802,129670080,0.0,22187550000,9286720.0,-21577405.0,20251119
482690,2155,2175,2155,2165,1143,2477627,-0.46,12156475000,-8670.0,-1778825.0,20251119
020180,1005,1015,995,999,273351,273696114,-1.58,38390486085,-13248996.0,,20251119
045390,3715,3795,3675,3735,378039,1412040234,-0.27,263218063095,348748144.0,-5948830.0,20251119
108380,31000,33500,29300,30250,87479,2665899250,-2.42,289411823250,-386093775.0,-17909925.0,20251119
007680,4380,4390,4340,4380,5285,23104625,0.0,58895556120,-189930.0,12654015.0,20251119
048910,8000,8280,7830,8000,48814,390602000,0.38,100631568000,32738970.0,7467180.0,20251119
005710,12010,15000,12010,13180,1890594,26253743315,11.32,264095568000,-902332870.0,162284295.0,20251119
120240,12760,12880,12550,12770,9691,123847420,-0.16,91821293070,31075110.0,-2795660.0,20251119
003310,1473,1491,1450,1475,159010,234216267,-0.27,52203716250,62792820.0,8217946.0,20251119
078600,74000,74300,72100,73100,70840,5175865550,0.14,1131631348300,-1237183400.0,-734770650.0,20251119
393970,4100,4125,3955,4020,509019,2040339616,-1.83,59635976400,-24137712.0,,20251119
096350,2095,2220,2020,2095,236439,488162129,-0.24,77210726390,46090141.0,32340900.0,20251119
140520,2120,2170,2115,2145,8884,19084245,0.47,45279326235,-1252245.0,,20251119
131220,4780,4900,4725,4835,52400,251391970,0.21,36042459150,38536900.0,8.0,20251119
010170,1968,2155,1886,2045,9891205,20115621355,4.28,269910674700,-1340909303.0,-470214690.0,20251119
054670,6610,6610,6480,6570,13323,86809420,0.0,94311824400,6464590.0,10.0,20251119
023910,30500,30500,29800,30150,12030,362782100,-0.99,180900000000,-51138700.0,7388650.0,20251119
021040,1300,1336,1284,1303,11519,14924083,0.23,28281320522,-4957824.0,,20251119
021045,2845,2905,2810,2905,1025,2910755,1.75,2464869260,,,20251119
067080,16160,16300,15460,15870,138019,2182413645,-2.1,295446235500,-214860290.0,65475380.0,20251119
298540,9100,9100,8870,8970,34102,304647935,0.11,129942882420,30209010.0,-101695285.0,20251119
032860,1423,1427,1329,1365,89368,122810501,-4.08,55140352995,-14972045.0,,20251119
393890,7400,7500,7150,7210,102568,747099900,-2.83,244009068240,-70223750.0,-10415070.0,20251119
299170,2145,2150,2010,2010,1481378,3034631411,-6.07,76389338460,156793821.0,39083930.0,20251119
462860,3505,3690,3445,3640,454107,1626213945,3.41,261036808760,275477585.0,42512249.0,20251119
224060,2635,2655,2610,2640,4571,12025605,0.19,13624306080,-862520.0,,20251119
043090,0,0,0,380,0,0,0.0,4718944500,,,20251119
403850,39950,45950,37000,37000,5674664,236454902725,-10.95,530987370000,89733050.0,-47100800.0,20251119
213420,38400,38400,35400,36850,361712,13384056850,-5.75,915028946150,227921375.0,-476986300.0,20251119
317330,19850,20300,19270,19680,239374,4749272005,1.65,402979173120,-291166405.0,-736850310.0,20251119
077360,6030,6070,5680,5710,602354,3490619250,-5.15,259445281420,249258150.0,-131916170.0,20251119
090410,1173,1204,1168,1182,97270,115077605,0.77,54471400290,41799110.0,,20251119
263600,3895,3905,3795,3840,23440,90050480,-2.04,61172390400,-27504680.0,27225.0,20251119
194480,32800,33050,31550,32500,44327,1442994850,-0.91,396602375000,108853775.0,90301775.0,20251119
373160,5440,5800,5440,5660,19595,110831940,2.17,78137539540,31182560.0,0.0,20251119
263800,5380,5430,5050,5100,192180,997381695,-5.56,82734138000,-116268330.0,,20251119
206560,4370,4495,4325,4405,28120,123116560,0.11,111938697080,4466385.0,11709025.0,20251119
261200,4365,4550,4335,4395,31675,138451408,-0.11,69483631500,264711.0,,20251119
484120,22100,22850,21700,22250,21556,475262850,-0.67,239343739500,103126050.0,-9502600.0,20251119
067990,4750,4835,4750,4800,79483,380404554,0.21,140071440000,12215566.0,1215477.0,20251119
006620,5780,5890,5480,5510,613286,3486191550,-4.01,156842105920,251262715.0,-5649990.0,20251119
100130,2000,2015,1966,2005,81587,162563546,0.4,114571715000,-46500569.0,2287118.0,20251119
005160,2810,2870,2745,2780,95983,268589505,-0.89,150799659960,-93740910.0,2780.0,20251119
303810,3640,3735,3560,3670,139514,505971428,0.55,117381793800,-2148320.0,-73112720.0,20251119
075970,2205,2275,2205,2235,50937,113501373,1.36,41124000000,21566355.0,,20251119
086450,18890,19060,18300,18550,268099,4991158985,-2.01,839024291000,-220390060.0,708526670.0,20251119
240550,8310,8680,8150,8550,125285,1063419125,2.52,177927723000,29120260.0,79873265.0,20251119
099410,5090,5200,4825,4995,222980,1110304569,-2.06,69930000000,8785320.0,-34103400.0,20251119
033500,28300,28300,25600,26250,354662,9416012325,-3.49,787224217500,-2837977775.0,-316603775.0,20251119
025950,13950,13990,13700,13930,8751,121052270,-0.92,117012000000,20905560.0,-10.0,20251119
088130,3860,3910,3795,3870,65437,251596875,0.26,67668165180,-2182295.0,,20251119
041930,5840,5870,5610,5820,29637,170929735,0.69,91956000000,36494120.0,23260.0,20251119
060380,1527,1533,1475,1492,69584,104031373,-2.16,29392400000,5781487.0,,20251119
079960,22400,23150,22050,22800,56347,1286006875,1.33,179208000000,-207611475.0,26635050.0,20251119
228340,1612,1627,1590,1597,17190,27440534,-1.48,31940000000,109058.0,,20251119
088910,1996,2015,1978,1999,33638,67071772,-0.05,51637696236,18357875.0,,20251119
094170,20950,21400,19820,20300,145065,2991328205,-4.92,424471700800,-500941530.0,103550.0,20251119
013120,2570,2575,2515,2555,8163,20755780,0.39,232014695500,-2679285.0,1811480.0,20251119
109860,7700,7930,7610,7710,1726,13265450,-0.13,70161000000,453550.0,-275040.0,20251119
032960,12800,12980,12630,12870,8113,103794680,-0.31,53006317650,7006310.0,3800.0,20251119
023790,1813,1839,1700,1759,947022,1663116381,-4.45,45979586303,359349881.0,,20251119
005290,33650,33850,32700,33200,258427,8588222550,-1.48,1706961200800,-105544475.0,-1329594300.0,20251119
025900,9210,9280,8950,8960,67440,610427125,-2.29,452993273600,-226899335.0,21873000.0,20251119
131970,44150,44300,42350,43750,174378,7565532075,-1.91,845566662500,1962436450.0,-1962058350.0,20251119
073190,1604,1606,1568,1585,4476,7086757,-1.18,18969343400,-1086132.0,100017.0,20251119
176750,9560,9650,9220,9630,24520,231944490,-0.1,274023768600,-23140650.0,0.0,20251119
030350,0,0,0,973,0,0,0.0,13503093562,,,20251119
203650,1624,1672,1618,1634,506779,829441286,0.68,78132033548,-68417006.0,-4278000.0,20251119
223250,4500,4620,4220,4480,293383,1295493283,-0.33,106620971520,-87306375.0,,20251119
060570,1660,1660,1604,1657,37961,62250749,1.1,122786306461,-13943153.0,17047793.0,20251119
362990,1750,1820,1730,1769,35051,61854311,0.57,29720215406,-2475435.0,,20251119
016670,5060,5300,5060,5280,9306,48053170,3.94,40097555520,2090760.0,,20251119
187870,13720,13800,13100,13690,27618,373124640,-1.08,96331177210,-61963190.0,-5674855.0,20251119
489730,2025,2035,2025,2030,4324,8781620,0.0,12853960000,-75120.0,4688235.0,20251119
0004Y0,1993,2000,1991,1997,17668,35294518,0.3,10614055000,113929.0,23966751.0,20251119
110990,15100,15100,14120,14310,116042,1675088255,-4.28,270459000000,-580266455.0,-13270630.0,20251119
263690,5310,5420,5270,5420,9449,50553885,1.31,61384806200,18822860.0,488450.0,20251119
214680,1987,1988,1890,1920,547529,1059466076,-1.08,146803296000,-253429069.0,-3983658.0,20251119
347850,92500,93900,85700,90300,515626,46689428500,-2.38,980325605700,4772044300.0,-1200868700.0,20251119
263720,12890,13000,12620,12870,31703,406104955,-0.16,161189967510,-4841650.0,1578415.0,20251119
376300,31550,32100,31050,31800,83626,2652093750,0.47,754881310800,633972650.0,-115644600.0,20251119
109740,7900,8050,7400,7970,74572,571937820,5.28,204911808300,-187407140.0,,20251119
031860,737,745,709,710,37824,27296153,-3.66,13479650330,-5767989.0,,20251119
196490,0,0,0,203,0,0,0.0,36245520080,,,20251119
066900,1950,2035,1858,2030,17151,33168417,8.27,46171341090,1172315.0,47047.0,20251119
092070,14500,14500,13430,13430,60759,833532275,-6.74,155410052940,-441960980.0,820.0,20251119
039840,17280,17280,16500,16500,27544,458613985,-3.51,237188935500,-84859305.0,-5020260.0,20251119
219550,0,0,0,200,0,0,0.0,25022123000,,,20251119
310870,1269,1286,1260,1262,39108,49757105,-0.63,26107336002,704542.0,,20251119
104460,13920,13930,13400,13820,25143,344176955,-0.72,145360155820,54456955.0,27259990.0,20251119
079810,5440,5500,5270,5400,87261,469493775,-0.74,118951707600,-51386285.0,,20251119
113810,825,849,805,827,160982,133194211,0.24,26983398177,33202091.0,,20251119
043360,2080,2080,2025,2040,2927,6044290,-1.45,18360000000,-376830.0,,20251119
197140,1958,1988,1949,1983,8083,15926966,-0.25,25805084382,-1650948.0,,20251119
068930,7510,7640,7410,7540,51966,389514150,0.67,208672078680,-15381380.0,-18567110.0,20251119
033130,1470,1497,1461,1486,53195,78738607,0.34,55153286762,6581594.0,-10973172.0,20251119
105740,10520,10580,9970,10400,118204,1214728405,0.48,105752535200,74541860.0,82153225.0,20251119
263020,3135,3400,3135,3340,810984,2680683596,6.88,48429435540,332931785.0,,20251119
290550,7000,7020,6790,6870,92163,635444085,-0.43,137408450100,-165480500.0,-24754735.0,20251119
066670,2755,2755,2665,2695,11967,32198380,-2.0,50374719010,3631150.0,10.0,20251119
187220,2550,2550,2485,2510,25267,63488560,-1.76,29362032710,9329580.0,0.0,20251119
383930,3025,3100,2950,3070,60063,183204352,1.49,39247272960,32991065.0,,20251119
131180,926,933,924,932,3450,3205043,-0.21,27354200000,-225911.0,,20251119
315640,3885,3925,3690,3735,124117,465329130,-3.74,84174903180,-2521425.0,-27147730.0,20251119
317120,2035,2070,1951,2000,125220,250719190,-1.72,30520000000,68820214.0,,20251119
462510,6850,7010,6700,6860,33240,228855130,-0.72,60388339900,-78176770.0,,20251119
042510,9570,9570,9300,9420,52813,497078080,0.0,105552739080,5922580.0,-113040.0,20251119
232680,7390,7390,7020,7260,56898,410441770,-1.36,90998538840,114359840.0,,20251119
418420,3820,3830,3700,3810,89648,337509555,-0.13,115586095980,18052320.0,-156210.0,20251119
300120,2770,2865,2600,2805,71344,196100632,1.08,58512333660,74681902.0,25.0,20251119
171120,2075,2075,2050,2070,23728,48907280,-0.24,74316643200,6218010.0,,20251119
388790,2450,2480,2400,2440,103128,251826483,-0.41,74686928680,-3829532.0,,20251119
214260,12640,12950,12560,12710,14103,179471130,-0.16,113404504730,3413160.0,0.0,20251119
171010,3800,3820,3550,3755,326296,1194369175,-1.96,53691813760,321446930.0,-85.0,20251119
084650,2255,2280,2180,2205,759864,1679072914,-2.22,163699177950,-119656790.0,122348340.0,20251119
217500,1870,1898,1800,1852,47614,88196232,-1.02,58915824000,6998056.0,,20251119
038390,11370,12090,11370,11510,320805,3748950895,1.05,192456661220,-287858230.0,-183942310.0,20251119
294140,7910,8030,7620,7820,70211,545052570,-1.14,175283876760,-64501150.0,,20251119
443250,9530,9620,9330,9620,7523,71475140,0.94,106996141200,-8097560.0,492350.0,20251119
228670,4390,4480,4205,4250,77512,332744900,-3.19,66308712500,27922950.0,-64468720.0,20251119
228850,5420,5420,5300,5330,5958,31724210,-0.19,88430104620,3687430.0,977380.0,20251119
412350,1998,2030,1920,1963,18868,37492459,-1.75,17131046036,-7560861.0,0.0,20251119
199550,5640,6000,5640,5900,33015,190553330,3.15,72368166900,28423530.0,,20251119
281740,13560,13680,13150,13170,153803,2046318505,-2.88,865671317160,-119547545.0,-32312050.0,20251119
277810,402000,403500,375000,384000,342299,133438597000,2.26,7449545472000,-30624295250.0,10204704000.0,20251119
215100,7880,8050,7450,7640,782211,6021402085,0.13,155462188560,-361788285.0,46200.0,20251119
090360,71800,72000,65300,67800,563118,38253591750,-1.45,661050000000,-3707213250.0,176346600.0,20251119
108490,213500,218000,193300,208000,763400,157167754350,1.96,2749876480000,-1558950950.0,11148884700.0,20251119
900260,901,942,901,936,69240,64027033,2.97,33725285568,27890653.0,,20251119
067730,2660,2700,2625,2700,5502,14608423,1.5,26119589400,1182340.0,,20251119
071280,9930,10020,9510,9600,43580,425271825,-3.13,146847388800,29825830.0,12060.0,20251119
376900,50500,53700,48700,51400,2153453,111089905675,2.39,805000534600,-3551228900.0,5945451800.0,20251119
214610,3560,3595,3510,3540,8579,30416540,-0.56,29676959880,-12430150.0,,20251119
328130,37350,37350,35750,36250,193123,7018661500,-2.16,1060557042500,373434450.0,-76498875.0,20251119
038060,630,630,610,621,55789,34481979,-1.43,29872005849,1297657.0,,20251119
474170,8460,8770,8230,8320,143100,1213388985,-1.65,148243230720,3510580.0,19377060.0,20251119
141080,178500,179100,169100,173400,412086,71309083550,-2.86,6348232609200,106100.0,695255050.0,20251119
058470,56900,57400,54400,56100,409357,22970537800,-1.41,4275484785000,-194817950.0,2427155650.0,20251119
016100,2200,2230,2170,2210,20940,46080995,0.0,42212975740,-14355135.0,,20251119
012700,3750,3760,3665,3705,30652,113681992,0.27,97982930175,-14894595.0,11989725.0,20251119
302550,3170,3450,3090,3220,311619,1022583610,1.58,101415600160,65687050.0,-779910.0,20251119
073570,1030,1037,953,992,627918,623766831,-2.17,59705147872,100098629.0,,20251119
377450,12300,12830,12140,12670,42503,523143870,2.92,219571100000,61922830.0,-123237360.0,20251119
277070,4615,4740,4560,4720,12432,57568485,1.51,64626240000,-152035.0,,20251119
042500,3860,3900,3815,3885,62184,240436280,0.65,86601094440,56103740.0,-50495.0,20251119
193250,437,441,412,413,85796,36064010,-4.18,26152554701,4314397.0,1617356.0,20251119
474650,34300,34500,31700,33600,322463,10677242275,2.75,187455475200,-1579973025.0,-124405675.0,20251119
219420,4840,4940,4750,4845,40408,195229509,0.1,55569761415,-55857471.0,,20251119
439090,14500,14910,14280,14460,36739,534334565,-0.28,236829639600,65007530.0,21480820.0,20251119
195500,2675,2785,2670,2715,49571,134259067,0.74,43380270000,12055527.0,,20251119
377480,22550,23450,21750,22300,103475,2331785500,1.83,158559132500,-66482100.0,-4080900.0,20251119
305090,7110,7130,6670,6970,168537,1154944010,-1.97,129412847310,129399900.0,-62770280.0,20251119
098120,17900,18790,17410,18230,126445,2280251595,1.11,151541724180,63145585.0,18640.0,20251119
424980,9220,9250,8510,8980,36575,326080645,-2.6,53151632200,7675675.0,,20251119
038290,15390,15390,14940,15140,15967,240962205,-1.05,164138796000,-31032905.0,90.0,20251119
267980,35750,36050,35450,35650,6906,245862600,-0.28,273208694700,-13665650.0,-50326350.0,20251119
005990,10790,11010,10790,11000,4438,48614520,1.85,146281344000,3125510.0,-13826590.0,20251119
093520,22050,22400,21550,22000,42670,933413125,-0.9,311588024000,-117554675.0,-999475.0,20251119
100590,3325,3325,3220,3240,63548,206475304,-2.56,51289274520,-15580326.0,1072440.0,20251119
067280,32650,32650,32050,32200,2227,71894375,-1.38,190842283800,-18439225.0,517700.0,20251119
072870,11460,11470,11340,11420,10658,121651400,0.0,136137351780,20436405.0,503190.0,20251119
215200,41900,43200,41900,42700,17086,730903050,0.83,442594723200,-87763050.0,-23174300.0,20251119
133750,1807,1822,1794,1807,46130,83021614,-1.09,42296588139,-21632060.0,,20251119
446540,3560,3560,3415,3465,112720,390921791,-1.14,71971515000,47760479.0,,20251119
235980,7130,8650,6560,7860,8324100,65784895210,12.13,269402451060,-556412690.0,-5489665.0,20251119
041920,5420,5560,5380,5460,55644,304112865,0.37,101546297580,72141790.0,,20251119
014100,1744,1744,1687,1710,59241,101002473,-1.95,20178000000,294569.0,,20251119
054180,0,0,0,2295,0,0,0.0,12686716395,,,20251119
086900,121600,122800,119800,122000,21521,2612706650,-0.57,890416634000,611360600.0,21305850.0,20251119
078160,16210,16590,15250,15840,131086,2058588370,-4.86,621000911520,-629689010.0,,20251119
408920,3140,3220,3100,3210,51742,163904967,2.39,138776180550,27460667.0,,20251119
021880,255,256,250,250,273087,68617193,-2.34,53046102000,-10711924.0,,20251119
140410,67300,68100,65900,67000,67325,4499478750,-1.62,2034382238000,337396550.0,88513000.0,20251119
241770,22800,22800,21500,22050,44156,973830350,0.23,224747712000,207809400.0,0.0,20251119
059210,5070,5400,5070,5340,478792,2525049425,5.74,150023567340,47472285.0,18883730.0,20251119
058110,2010,2045,1967,1991,98709,196276642,-0.95,31956605230,-31457573.0,10.0,20251119
434480,4005,4065,3940,3955,72346,288193000,-1.13,48687236500,3399805.0,,20251119
080420,1647,1647,1619,1638,12001,19549044,-0.55,130584016836,153824.0,,20251119
417970,20250,20450,18730,18850,182277,3516298155,-3.73,120577795000,61525680.0,-1695170.0,20251119
080160,10640,11980,10450,10600,1313197,14621492435,1.53,200340000000,-1371355795.0,65472785.0,20251119
087260,1680,1701,1652,1680,73584,123711573,-0.53,54688806480,11473418.0,,20251119
101330,3075,3085,3020,3075,26834,81981310,1.32,71177114175,13552930.0,,20251119
012860,1352,1353,1312,1337,48819,65242821,-1.11,97913132009,599291.0,,20251119
363260,1575,1637,1567,1595,114118,182579804,0.82,51301211555,11551129.0,,20251119
348030,3560,3605,3545,3575,2758,9870820,0.14,34333585000,-2749570.0,-474815.0,20251119
250060,2630,2640,2550,2570,328850,849723073,-2.1,82680276980,-72013389.0,,20251119
288980,933,950,915,944,96318,89826012,1.18,32621394528,5977410.0,,20251119
142760,1710,1749,1702,1711,430595,738572991,1.3,66820576142,-36526522.0,,20251119
033200,2995,3175,2945,2975,13114,39799543,-0.67,42635275375,-1600647.0,55.0,20251119
333050,1357,1390,1330,1359,93136,125354696,0.15,33449510034,-12678550.0,221059.0,20251119
118990,7550,7640,7060,7490,42957,320402625,-0.53,186216305100,6414810.0,30280.0,20251119
463480,8790,8950,8480,8480,107171,926265830,-3.64,105070235840,114542080.0,-8660.0,20251119
006920,2950,3010,2910,2975,35476,105881050,0.68,32487000000,-2890715.0,42932220.0,20251119
001810,1452,1485,1452,1470,12146,17867894,0.68,32542125000,569524.0,,20251119
279600,7240,7430,7170,7350,2366,17210340,1.38,34433140350,626000.0,,20251119
095500,13560,13710,13160,13470,1112877,14946953625,0.82,417704686530,-173745910.0,-285328055.0,20251119
254490,15180,15410,14750,15000,27993,421116420,-2.41,216570000000,-10929500.0,150.0,20251119
218150,3055,3090,3000,3070,40454,123128097,0.33,62676512140,62740.0,-5.0,20251119
100790,8010,8010,7630,7970,136135,1065918275,0.63,423403332980,-304533140.0,-2792870.0,20251119
448830,2120,2120,2045,2045,172268,355895105,-1.92,10061400000,-25024625.0,37113160.0,20251119
477380,2050,2060,2045,2060,18587,38247765,0.24,16686000000,-84860.0,30873795.0,20251119
477470,2085,2100,2085,2100,8586,17902350,0.48,11508000000,6120.0,9046815.0,20251119
478440,2020,2025,2020,2025,144,291010,0.0,14033250000,-20310.0,0.0,20251119
482680,2005,2010,2005,2005,26850,53953040,0.0,16471075000,-92230.0,0.0,20251119
049950,16150,16150,14780,14810,107146,1611309040,-5.43,130592862040,-586547990.0,3422610.0,20251119
207760,1412,1479,1392,1428,321158,460711990,1.2,118637930124,59960121.0,-1169614.0,20251119
059090,13100,13510,12560,13250,516871,6767218770,1.45,442772308500,915513435.0,-88879970.0,20251119
201490,4235,4800,4165,4340,3331947,15028403904,3.58,131892999280,-561243538.0,-75128355.0,20251119
475460,8220,8460,8150,8350,31177,261820510,1.21,46868758750,24478720.0,,20251119
452200,2630,2665,2515,2550,70042,181950640,-0.39,60230490000,-32962990.0,-469370.0,20251119
206640,13120,13170,12940,13130,30663,399791355,-0.23,308378532800,-90937680.0,-4069010.0,20251119
018700,942,950,927,939,34782,32587876,-0.32,32977451823,1569525.0,,20251119
035620,405,413,398,408,71876,28897873,-0.24,30371387400,186231.0,-1715142.0,20251119
053030,14100,14120,13680,13820,218350,3020586020,-1.5,451695478160,465944000.0,-1104805250.0,20251119
301300,3560,3630,3470,3495,22304,78205830,-1.83,45975718440,-2599010.0,3766925.0,20251119
064550,13960,13960,13220,13300,150996,2017544210,-3.69,343276870300,-581066365.0,-199485705.0,20251119
314930,13310,13590,12900,13350,82392,1087311740,-1.11,397350775050,-104644570.0,113111300.0,20251119
489460,12440,12440,11670,11730,123636,1476167140,-6.83,176471163900,-77319810.0,-13524000.0,20251119
086820,8420,8580,8220,8280,52979,440690515,-1.78,201090646800,-64746365.0,-3090305.0,20251119
038460,2720,2720,2630,2690,68901,183506985,0.75,70382338220,10128880.0,,20251119
251120,15830,16100,15400,15740,22681,356162285,-0.57,136870318000,-51694645.0,-478430.0,20251119
199730,4680,4725,4625,4640,3847,17975056,-0.85,22570662880,-156230.0,,20251119
086040,2700,2930,2605,2670,99191,271692947,-1.11,42608519490,-24334708.0,-30.0,20251119
188040,7900,7990,7750,7930,13409,105570530,0.25,37106912440,6036030.0,0.0,20251119
099430,5730,5870,5620,5630,375055,2132208405,-2.93,347037264860,-97866475.0,5924100.0,20251119
032980,0,0,0,604,0,0,0.0,13522952980,,,20251119
308080,3175,3295,3080,3090,30310,94705081,-3.13,63187719000,-2161265.0,,20251119
043150,19990,19990,19660,19840,21384,423158900,0.0,294708439040,-167831935.0,1813010.0,20251119
323990,9790,9790,9360,9530,103403,982078610,-2.56,221642497850,-173931020.0,29630.0,20251119
267790,3695,3745,3625,3715,10516,38677935,0.54,28565782935,-390350.0,,20251119
046310,3125,3140,3020,3125,98731,303025981,0.64,51308253125,3114195.0,37686500.0,20251119
331520,568,572,558,569,72241,40846127,0.18,28941837910,-8811279.0,,20251119
199480,6200,6340,6000,6140,93593,574909550,-0.97,62024057320,193433100.0,,20251119
438700,3325,3325,3180,3240,28012,90765057,-1.07,36109443600,24520780.0,,20251119
066410,0,0,0,1153,0,0,0.0,159637252154,,,20251119
382900,29450,29750,27250,28600,173277,4956098800,-3.05,250564600000,1038556400.0,307550.0,20251119
206400,1701,1893,1511,1856,1538867,2566646820,-0.59,69618853248,209368680.0,-78144532.0,20251119
019010,2420,2420,2385,2400,17568,42102435,-0.41,115680000000,-142330.0,-6324755.0,20251119
177350,1141,1199,1110,1130,101787,115871297,-0.96,22208756710,18644740.0,,20251119
457600,2205,2295,2125,2195,35914,79332995,-1.35,30087962500,-7285870.0,,20251119
424760,1386,1515,1349,1443,1369319,1983805479,4.64,28376597886,-53167534.0,0.0,20251119
250000,8170,8340,8020,8340,15179,124059070,1.09,56301113220,1592580.0,20.0,20251119
310210,234000,234000,218000,220500,88805,19889531750,-5.97,4055683180500,-3104228250.0,59601000.0,20251119
006910,5050,5120,4790,5030,1261289,6246792070,1.0,247123014720,654434853.0,59885135.0,20251119
226340,692,714,692,699,61585,42994138,1.01,29324741580,-2766223.0,,20251119
014470,1379,1399,1362,1380,144638,199543533,-0.79,82872118800,-4114138.0,,20251119
008470,3930,3960,3890,3935,4262,16716895,0.13,33072888000,-1465545.0,432725.0,20251119
338220,23100,23150,22000,22400,83488,1875075525,-2.82,313640835200,-435921025.0,49388500.0,20251119
100120,18940,18960,18600,18880,13659,256976310,0.16,184080000000,-13181980.0,3103930.0,20251119
406820,12020,12230,11930,12200,4678,56466330,1.5,43115288000,9715300.0,,20251119
099390,5020,5030,4900,4950,12336,61396115,-1.59,40631000850,-109885.0,,20251119
064480,4445,4535,4445,4520,26328,118498965,0.56,54025300000,32127730.0,20.0,20251119
365900,2970,2970,2660,2680,28085,76853537,-9.76,19591604000,1657667.0,40.0,20251119
089970,24900,25700,23700,24800,399777,9837385900,0.0,597570756000,-929613925.0,1780558925.0,20251119
251630,4595,4750,4335,4500,31021,141830380,-0.44,71742987000,49586165.0,-25.0,20251119
018290,20800,21200,20050,20200,557297,11303605050,-3.35,705825127600,3831304525.0,-2445832775.0,20251119
478560,3750,3840,3640,3800,60098,226851200,1.33,98155132400,-22928375.0,81792110.0,20251119
439580,4530,4590,4360,4485,367491,1643246775,-1.43,151801763295,156555687.0,-17975.0,20251119
033560,2830,2855,2780,2815,23892,67436070,-0.53,48136500000,-1695955.0,28396350.0,20251119
369370,1385,1410,1351,1390,31489,43775138,-0.71,69321956290,3388631.0,,20251119
126340,49600,52900,49600,50700,65437,3358749150,0.4,325172967600,-76712700.0,254397750.0,20251119
121800,0,0,0,3320,0,0,0.0,256309348520,,,20251119
082800,4310,4345,4190,4315,269749,1151049332,0.58,216201633790,297800240.0,-87331620.0,20251119
318410,7920,7920,7700,7900,12473,97409290,-0.88,43886419700,13151990.0,,20251119
419540,1817,1859,1737,1765,261386,469033036,-3.18,40581781915,4698342.0,,20251119
146320,12100,12390,11680,12060,43605,526294880,-0.66,154342951380,-2294960.0,-220.0,20251119
200780,4700,4700,4565,4565,5133,23535650,-0.22,44445935600,48110.0,20505.0,20251119
413640,10070,10410,9920,10130,49041,495090760,-0.49,73006302200,121999250.0,,20251119
141000,7560,7650,7440,7530,19056,143710600,-0.4,91223766300,-12748460.0,37880000.0,20251119
083650,43200,43800,41000,41350,629283,26369954975,-3.5,1279549906250,-148979450.0,-774569025.0,20251119
473370,0,0,0,2020,0,0,0.0,8504200000,,,20251119
065170,605,645,599,645,150498,91574660,6.61,17210551125,2524997.0,-6402099.0,20251119
086670,13400,13750,13060,13400,65641,879072230,-0.96,133006859000,60777650.0,77866340.0,20251119
335890,0,0,0,12500,0,0,0.0,730239062500,,,20251119
230980,0,0,0,229,0,0,0.0,21370407553,,,20251119
082920,27150,27250,26500,27050,31083,836960150,-0.37,618693361650,-207251200.0,14638750.0,20251119
054220,392,397,376,380,192547,73944958,-3.06,22782170780,-22696069.0,,20251119
042370,8340,8420,8080,8270,150373,1240523325,-0.48,216674206750,-197826685.0,,20251119
050090,904,915,882,902,69583,62702884,-0.22,17845830970,4703872.0,,20251119
148780,1391,1436,1385,1413,195702,276856571,0.57,44432809425,67264406.0,,20251119
307870,1441,1445,1405,1420,210564,300340546,-1.46,84581605620,-118519654.0,,20251119
377030,2170,2220,2130,2175,186172,403770040,0.23,80977907850,61523026.0,-128325.0,20251119
032850,4800,4800,4705,4715,56850,268573095,-0.53,78378826495,58847685.0,-2742590.0,20251119
049470,1430,1465,1365,1417,1387028,1967466901,1.21,166815613666,605847317.0,,20251119
238200,3315,3485,3305,3350,27772,94761130,0.0,27403000000,13150475.0,,20251119
093190,5910,5990,5880,5990,1863,10988160,1.18,115241040950,619160.0,-4601000.0,20251119
065450,3560,3605,3530,3535,185851,660173756,-1.26,101287648000,-90232791.0,3560.0,20251119
044480,307,342,306,308,3584559,1161315591,0.65,24844428224,-85402948.0,,20251119
069540,731,739,700,709,601038,429643181,-3.01,42123721994,37231327.0,,20251119
072950,6250,6470,5980,6100,491099,3047997175,-3.17,49120921000,296050775.0,,20251119
451250,9010,9500,8900,9060,45048,414867130,1.0,92646445620,-5918850.0,,20251119
143240,13220,13220,12820,13080,17233,224297240,0.62,153157160040,-21125730.0,-18682680.0,20251119
466410,11590,11850,11310,11550,21933,253593310,-1.11,58177615650,-34223210.0,29197840.0,20251119
223310,2240,2260,2155,2155,156671,343754480,-3.79,56080026170,47869315.0,,20251119
452430,25150,25700,24000,25100,33303,831469900,0.0,206272954600,-113358050.0,-20590100.0,20251119
419120,4270,4445,4175,4410,152120,658827742,2.8,66738765870,66691858.0,,20251119
122350,1220,1248,1200,1225,97541,119413232,0.41,46965799300,10312757.0,0.0,20251119
419050,1878,1940,1833,1860,196065,368970646,-1.01,106385006400,38634566.0,,20251119
014970,7630,9060,7510,8260,8183796,69725094620,10.13,124932500000,57824585.0,10145.0,20251119
018310,19950,19950,19520,19710,7841,154384490,-1.15,289737000000,-76571140.0,19998600.0,20251119
053700,3870,3980,3845,3920,38105,148148792,1.29,89678584800,34825490.0,1096885.0,20251119
009620,1875,1883,1814,1861,71289,132093714,-0.85,30494515351,-19404810.0,,20251119
023600,9000,9180,8980,9030,960,8669590,-0.55,144554949000,-1554500.0,9030.0,20251119
0044K0,1995,1997,1992,1995,1943,3874305,0.1,15002400000,23854.0,540645.0,20251119
0071M0,1995,1997,1994,1996,23652,47222445,0.05,11496960000,-734542.0,44088075.0,20251119
009300,16700,16700,16240,16390,8351,136438790,-1.21,104404300000,-54450140.0,150.0,20251119
482630,17440,17550,16900,16960,72658,1245510330,-2.86,185612614400,-117535.0,-187498275.0,20251119
484590,11700,12200,11560,11800,1188055,14182841535,0.85,486283310000,1568730750.0,-371295020.0,20251119
036670,6590,6680,6500,6560,27965,183564790,-0.15,73931200000,41785850.0,,20251119
361670,3450,3510,3450,3465,4520,15707499,-0.29,19638434970,-1343994.0,,20251119
054540,18070,18550,16430,16460,1748348,29614140700,-8.61,213980000000,-11253905.0,-393837690.0,20251119
065570,0,0,0,764,0,0,0.0,12295692232,,,20251119
014950,19300,25050,18550,20950,15510601,334320947505,4.49,192141102350,-1313980670.0,10015.0,20251119
032280,1372,1390,1365,1382,35978,49604378,-0.22,22407181380,12723480.0,-6179333.0,20251119
002290,3645,3645,3600,3645,27676,100278722,0.0,45198000000,-3580550.0,-600955.0,20251119
037460,12520,12690,12260,12570,44380,554874940,0.4,205123821540,-10144970.0,-25733330.0,20251119
032750,3565,3580,3500,3515,16953,59972830,-1.4,31744393830,-769577.0,2479645.0,20251119
054090,821,821,798,800,35642,28738005,-2.56,19967385600,-3984199.0,,20251119
000250,223000,224000,213000,217500,65445,14257180250,-2.03,5102000160000,-930653250.0,-355403500.0,20251119
024950,4040,4155,4040,4115,52047,213480715,1.48,54620769355,21681440.0,8654820.0,20251119
038500,3020,3050,2985,3035,106424,321536330,0.83,327525988710,55514920.0,706195.0,20251119
437730,25100,25950,24450,25400,938336,23758020925,5.18,805372201800,-2760827400.0,3129990100.0,20251119
017480,4565,4595,4540,4595,8682,39653222,0.0,72154779550,-764115.0,-1749815.0,20251119
046390,1219,1232,1183,1220,204686,247830323,3.13,52670978260,76116912.0,-39651.0,20251119
027580,765,780,750,772,145832,111615418,0.92,45687947388,34220006.0,,20251119
038540,1639,1758,1618,1681,46392,78445100,2.56,93006894153,425647.0,13900745.0,20251119
452670,2085,2085,2080,2080,269,559525,0.0,10857600000,-339040.0,0.0,20251119
091580,12690,12800,12130,12200,132843,1637307925,-3.17,162604271800,-333597175.0,86707485.0,20251119
263810,3135,3270,3100,3185,93160,295483745,1.11,50720567625,5038670.0,,20251119
089980,16400,16410,15900,16000,71757,1151908885,-2.44,255824592000,-134615050.0,-83467280.0,20251119
042940,6400,6550,6290,6400,37583,242021645,-0.62,43703756800,65134235.0,10816100.0,20251119
042600,15240,15650,14410,15550,54408,829861290,2.03,193186575700,199775030.0,30555.0,20251119
107600,30350,31900,29600,29950,22658,682783325,-1.16,168620117300,-62910100.0,-23381650.0,20251119
411080,7520,7630,7310,7380,72051,535914205,-1.73,112675168440,90123225.0,1018880.0,20251119
252990,7000,7000,6350,6870,1109051,7414947210,-1.01,401125992810,702541485.0,-15383275.0,20251119
378800,1688,1770,1663,1671,3548015,6018647365,-11.35,50369004801,-61405507.0,-934558744.0,20251119
294630,2390,2415,2300,2340,145965,341556146,-2.09,56497191660,113898273.0,,20251119
038070,6510,6680,6320,6360,60769,390496640,-2.6,57880299360,44912780.0,6440.0,20251119
006730,10800,11300,10680,11220,2139548,23612847915,3.99,734090076060,309487385.0,5265554360.0,20251119
079650,1537,1537,1520,1536,9402,14354315,-0.39,30720000000,-1369064.0,,20251119
100660,3355,3430,3315,3355,42763,144885080,-0.59,42273000000,-58292230.0,-25.0,20251119
019770,3610,3610,3525,3590,13447,47870099,-0.83,41823500000,-6881425.0,-10.0,20251119
043710,854,854,827,828,51291,42963638,-2.36,71673758280,1057708.0,,20251119
092190,2625,2680,2570,2570,57941,151222585,-2.1,117881744310,-6637250.0,2775.0,20251119
046890,6050,6130,6000,6110,134525,816572100,0.33,356245994000,118797340.0,-90519415.0,20251119
063170,7250,7720,7220,7510,98244,737657395,2.6,133484745170,-208292270.0,-766240.0,20251119
027040,182,200,180,184,534687,101633493,1.1,12804347848,1077352.0,6143737.0,20251119
018680,3055,3125,2980,3115,12124,37049940,1.8,36318778685,5132685.0,,20251119
036120,2060,2125,2060,2090,44195,92280135,0.48,74195000000,14787890.0,,20251119
093920,5570,5590,5510,5580,19473,108239590,0.18,103788000000,-5799330.0,809950.0,20251119
189860,3240,3390,3190,3240,20049,65939370,0.15,31424047200,-3154265.0,50.0,20251119
178320,22650,23125,22050,22500,282897,6384968675,-0.44,1266348352500,-112714500.0,-1226743200.0,20251119
122690,1988,1988,1926,1959,132182,257904460,-2.0,43807073763,8408999.0,489100.0,20251119
140070,2125,2170,2110,2115,22765,48429765,-0.47,78229620000,5096200.0,,20251119
011370,900,913,893,905,72766,65432190,0.22,91309852825,27788420.0,,20251119
065710,41650,42950,41250,42350,21540,912094250,3.17,218102500000,279805125.0,67269025.0,20251119
035890,0,0,0,1623,0,0,0.0,372979125711,,,20251119
357550,45000,48100,43200,44600,14236,634523300,0.34,243293000000,-69982875.0,2313825.0,20251119
003100,18970,19130,18530,19100,12347,234477680,0.69,126060000000,7212630.0,-15260650.0,20251119
067370,5890,6370,5800,6340,12825,76613175,7.64,78067938700,4184050.0,-4210.0,20251119
217620,0,0,0,3810,0,0,0.0,26803681470,,,20251119
171090,45450,46650,44300,45550,39741,1797553900,0.44,435389857200,33793500.0,-48955600.0,20251119
086710,9110,9360,8800,8950,36828,331946735,-0.78,109219356000,112285460.0,-2646930.0,20251119
014620,26950,27100,26100,26400,155097,4126154075,-2.22,701114409600,806639525.0,-228587300.0,20251119
037350,5390,5490,5300,5470,79146,427989900,1.48,84620900000,61304380.0,-10447060.0,20251119
458650,10230,10840,10200,10540,62610,662919320,3.03,158581361800,-88825250.0,274970040.0,20251119
081580,2350,2355,2265,2300,86990,199429570,-0.43,35668728900,34312455.0,,20251119
045300,3070,3175,2910,3160,28581,87722690,1.77,32697673400,7641523.0,-195085.0,20251119
015750,6270,6380,6150,6250,343902,2154310720,0.48,500000000000,244989725.0,-11813740.0,20251119
365340,39700,39950,38550,38750,27255,1058402425,-1.9,473654890000,-21889975.0,-96710700.0,20251119
080470,3740,3980,3650,3915,27135,102840667,4.68,28579500000,27550945.0,-5515.0,20251119
043260,2315,2315,2130,2220,960968,2117300482,-3.27,157448667060,37998878.0,,20251119
148150,4910,5030,4850,4925,126129,621731467,-0.3,176612612825,74248185.0,24795.0,20251119
061090,59600,60500,54500,55600,502441,28751104650,-3.97,310096434400,-265105550.0,5878700.0,20251119
188260,2120,2120,2020,2040,23065,47516595,-3.77,14746078800,-6153940.0,,20251119
053060,1218,1227,1210,1220,71211,86813124,0.16,21542051180,26463844.0,2781480.0,20251119
340440,1430,1622,1416,1446,5623072,8618172227,1.12,41035114344,-203030837.0,,20251119
017510,9480,9580,9050,9460,330845,3098515105,-0.11,144227160000,167749785.0,113619340.0,20251119
011560,14850,16400,14830,15990,143327,2262165995,7.68,168374700000,224921500.0,70017040.0,20251119
396300,2655,2690,2550,2655,215259,565940928,0.0,70329622500,37696832.0,25.0,20251119
100700,2405,2440,2385,2430,17063,41058035,-0.21,106434000000,-6158640.0,5585955.0,20251119
024830,10690,10870,10400,10810,12578,134234295,1.69,90263500000,-7164320.0,-10790.0,20251119
258830,0,0,0,412,0,0,0.0,22983976612,,,20251119
036630,9840,9840,8750,8900,262707,2401577140,-13.84,89000000000,-128100410.0,,20251119
039310,1394,1435,1379,1382,60989,85238272,-0.86,25044143794,3709531.0,,20251119
067770,2215,2215,2175,2185,8289,18194230,-1.35,18346555705,318765.0,,20251119
053450,4955,5100,4900,5020,38198,190558380,1.31,74259871060,-8011130.0,,20251119
222810,0,0,0,5400,0,0,0.0,81712098000,,,20251119
252500,800,820,800,816,54330,44062486,1.24,33852894240,-4486879.0,,20251119
321370,998,1017,970,997,298380,295513278,0.1,44927531840,-18235351.0,-10360600.0,20251119
347000,2085,2090,2030,2075,61202,126576620,0.97,78457505450,53930465.0,,20251119
331920,2670,2700,2655,2655,7971,21253750,-1.85,21675812940,-3058450.0,,20251119
352770,0,0,0,5250,0,0,0.0,13610136750,,,20251119
471820,4930,5100,4920,4925,7367,36450430,-0.61,57943624775,2976570.0,,20251119
049180,750,750,685,700,765784,543172689,-8.26,38469944100,-70319151.0,726.0,20251119
299660,3480,3485,3260,3445,485917,1639631513,-1.01,101637755765,94932200.0,,20251119
108860,12320,12400,12030,12310,154578,1885935495,-0.32,331321064900,73296690.0,185731560.0,20251119
208370,5010,5040,4785,4925,1276676,6226777686,-5.11,126772277700,-279302970.0,-4875.0,20251119
318160,7670,7920,7320,7370,98647,744750690,-3.53,68844651370,45176010.0,-68269140.0,20251119
308430,19100,19300,18010,18930,274901,5159251745,-1.56,242900484300,600280420.0,-44315990.0,20251119
068760,62100,62400,59200,60500,195471,11782963700,-1.79,2642591116000,1109711100.0,-3479653050.0,20251119
068940,0,0,0,778,0,0,0.0,35720093048,,,20251119
007720,672,685,644,655,479310,317098705,-0.91,66024294750,135514722.0,,20251119
290690,4000,4195,3925,4010,503866,2058557653,0.25,195504165560,224251550.0,,20251119
950200,3670,3715,3535,3560,21278,76779424,-3.0,68480348680,-21615.0,-2190.0,20251119
032680,267,268,259,265,495750,129997417,-1.12,27981552460,-10341131.0,,20251119
032685,6130,6270,6130,6260,10,62010,1.29,2235708920,,,20251119
258790,1240,1300,1212,1236,93847,117229371,-1.2,30889227024,-14310823.0,,20251119
066910,727,740,703,730,197439,141525052,0.41,48861209720,46411505.0,,20251119
215090,2820,2820,2720,2755,61405,169349550,-0.18,63793846055,34703345.0,,20251119
035610,3755,3755,3690,3725,31588,117213625,-0.8,101863838825,22504195.0,1960.0,20251119
357780,250000,250000,240000,244000,31494,7728153500,-2.79,1897970104000,628543250.0,76101250.0,20251119
036830,39050,39350,37750,38050,39677,1515632300,-3.18,797682330800,-402932625.0,-223297800.0,20251119
304100,26950,28700,26200,28500,243686,6791696225,5.75,358924867500,2112239925.0,175803025.0,20251119
328380,913,914,875,894,70149,62624896,-2.3,30630923532,-12560195.0,,20251119
086980,2370,2450,2370,2435,210216,507746470,2.74,152523530000,216463463.0,3556615.0,20251119
050960,9010,9240,9010,9110,8637,78867460,0.22,61501610000,-288270.0,8610570.0,20251119
084180,3055,3195,2950,3195,27261,83787600,4.58,57747334185,-4345785.0,91010.0,20251119
253840,7580,7720,7090,7090,1035418,7582756025,-7.32,118709288000,103954615.0,-9333850.0,20251119
298830,5180,5530,5170,5360,2200453,11829104315,7.2,282038166960,1414513350.0,4912345.0,20251119
236200,30900,31350,30350,31000,21674,667506350,-0.16,224975463000,-357146950.0,97480700.0,20251119
094840,6210,6240,6090,6150,15705,96604110,-0.97,64401816000,14080580.0,,20251119
192440,22400,22750,22250,22250,2808,62992750,-1.11,138314076750,6377950.0,89300.0,20251119
424960,7150,7460,7020,7250,51032,368044705,0.69,113660715000,-23506405.0,-7250.0,20251119
099440,3710,3795,3550,3630,1003034,3659145879,-0.55,247723520220,586053966.0,-671803450.0,20251119
276040,1384,1397,1365,1374,114528,157424975,-0.72,29720080290,-15622547.0,,20251119
060240,0,0,0,1976,0,0,0.0,11502414560,,,20251119
115570,3225,3290,3155,3230,24919,81245975,-0.62,25789960840,-3822055.0,35.0,20251119
330730,4895,4995,4850,4890,39109,191610645,-1.51,88757558700,5410835.0,9915.0,20251119
352090,3630,3645,3560,3590,28715,103121992,-1.1,96474062820,-9739035.0,,20251119
253450,38750,38900,38100,38600,55911,2148429450,-0.52,1160258022800,-111908300.0,-354486900.0,20251119
408900,3205,3260,3140,3190,242308,774401320,-0.93,104407207080,283353150.0,-1874045.0,20251119
204630,0,0,0,4650,0,0,0.0,23668225650,,,20251119
415380,2165,2240,2140,2200,40919,89621345,1.62,25174545000,13102195.0,,20251119
013810,2440,2440,2390,2390,43602,104610205,-1.44,35026573300,348650.0,24110.0,20251119
347700,9150,9520,8930,9130,389481,3625940680,0.66,358155465470,-445560890.0,1463951310.0,20251119
049830,8750,8750,8650,8720,788,6838870,-0.34,53472016640,-78370.0,8770.0,20251119
020710,4075,4150,4025,4060,111688,455644530,0.0,81394758200,-4899405.0,-13306575.0,20251119
033170,751,755,728,739,253738,187367097,-1.6,63353227741,44116852.0,,20251119
048870,2380,2410,2350,2365,242482,574438975,-0.42,208372967495,33857335.0,-21355.0,20251119
025320,6000,6060,5880,5910,290679,1725078750,-1.83,518505256860,-167316495.0,10724190.0,20251119
340810,2845,2845,2730,2760,82943,230289980,-2.99,35758786320,30106425.0,9790.0,20251119
269620,0,0,0,889,0,0,0.0,132090012299,,,20251119
056090,1040,1057,1016,1022,342434,355039416,-2.48,105530734792,-56362209.0,,20251119
429270,4370,4465,4230,4465,58839,254756270,0.11,20798639750,3624293.0,,20251119
418250,0,0,0,6550,0,0,0.0,45439033350,,,20251119
131090,4025,4045,3895,4000,11228,44296760,-1.11,32000000000,1623010.0,11808600.0,20251119
290520,1571,1595,1551,1574,30183,47579559,0.19,25072815788,229345.0,0.0,20251119
001000,2525,2690,2360,2400,654840,1671320945,-6.61,58266096000,-85420561.0,,20251119
025870,5220,5970,5200,5660,199724,1118695015,7.6,22640000000,40012145.0,,20251119
215600,2810,2810,2650,2690,644210,1738259993,-2.89,371569258840,-269046410.0,-1165475.0,20251119
065350,52000,52700,50200,50900,104202,5363264000,-3.23,1398932953200,542449350.0,23217250.0,20251119
416180,38200,38350,36250,37400,78467,2913736875,-3.11,338087697200,-471749350.0,68141925.0,20251119
162300,1805,1805,1740,1755,24304,42652243,-2.82,72782275410,-4744750.0,,20251119
290560,6600,6810,6520,6810,7673,50542020,3.18,25381700820,-9516370.0,,20251119
002800,5200,5270,5140,5220,18583,96497650,-0.76,79190010000,6356680.0,,20251119
472220,2180,2190,2180,2180,6096,13289450,-0.46,10224200000,-120070.0,6540000.0,20251119
017000,2705,2725,2650,2650,17472,46803080,-2.03,30920271550,-8526605.0,15.0,20251119
012790,5900,5960,5850,5910,6338,37399555,0.85,70839712650,1745740.0,,20251119
138070,2095,2185,2055,2115,19594,41184070,0.71,37019276460,-5196725.0,15.0,20251119
226330,5510,5820,5300,5820,516229,2929035440,5.82,88804324500,-19883410.0,-17840.0,20251119
452980,2080,2090,2080,2085,42895,89344185,0.0,39416925000,-560865.0,-39539950.0,20251119
474660,2095,2120,2090,2105,20138,42558780,0.48,11619600000,-548025.0,31714040.0,20251119
474930,2150,2150,2120,2150,6410,13625040,0.0,7783000000,385490.0,2135.0,20251119
487360,2030,2035,2025,2035,878,1782395,0.0,11477400000,-73080.0,0.0,20251119
487830,2030,2045,2030,2040,30152,61457315,0.25,8874000000,-154690.0,40798730.0,20251119
496070,2005,2005,2000,2000,1939,3881700,-0.25,11240000000,24000.0,0.0,20251119
056700,1771,1771,1717,1763,55802,97463293,-0.45,51365165433,-7577186.0,,20251119
187270,3205,3230,3150,3155,24193,76845675,-2.32,32003830975,17375045.0,15.0,20251119
243840,5060,5100,4865,4910,303463,1498066447,-2.96,189320933850,-132805395.0,-25669710.0,20251119
257720,45150,47250,44150,46500,1597346,74109162200,3.56,2844493722000,7562656450.0,11583078925.0,20251119
222800,54200,57400,51500,55400,1366322,75328658800,1.28,1937860532800,1865851700.0,3480437300.0,20251119
036710,3250,3570,3050,3390,1066663,3539425577,4.31,179086086060,-295932266.0,,20251119
444530,7810,7910,7410,7720,25708,199945130,-1.15,49337616760,61591285.0,,20251119
234030,9520,9880,9150,9370,1445435,13644998180,-1.06,221178850000,195864905.0,9480000.0,20251119
160980,16800,16800,16080,16320,91650,1492214025,-2.33,178283645760,460288505.0,-547154030.0,20251119
356890,3795,4070,3720,3865,572451,2231560896,1.84,46201533625,319129415.0,,20251119
217330,3245,3380,3215,3265,96031,317929818,0.0,75517970955,-15924750.0,7093655.0,20251119
208640,311,314,302,306,706403,216815666,-1.61,42607517724,71700486.0,13084753.0,20251119
222420,831,845,816,829,41594,34467600,-0.24,37686531499,-5484115.0,,20251119
037760,1733,1733,1643,1643,16462,27270538,-5.25,55587489203,-131164.0,,20251119
081180,10850,10930,10070,10380,1344967,14140044865,-6.23,91609053300,-373734310.0,15297550.0,20251119
099320,56300,57300,54800,55000,49166,2732023450,-0.9,602320290000,-558442650.0,101266500.0,20251119
049960,12200,12200,11650,11990,5252,63036495,-0.33,112706000000,-751450.0,,20251119
088280,2155,2165,2015,2080,53341,111614435,-3.48,35997499200,11338590.0,,20251119
050890,7140,7280,6990,7180,788161,5631003825,0.98,436231914120,647735665.0,20237700.0,20251119
394800,11250,12090,10900,11300,1928860,22307415005,-0.35,358453390700,1109228805.0,69987905.0,20251119
177900,5650,5660,5430,5550,75333,416833360,-1.77,53195640000,-557440.0,,20251119
475400,29750,30450,28200,28950,173389,5072668775,1.05,338275365300,-177149600.0,166068700.0,20251119
109670,5910,5970,5630,5730,43455,249964340,-3.54,33443729460,-7642910.0,,20251119
066790,0,0,0,1493,0,0,0.0,97271994227,,,20251119
222080,6900,6930,6700,6770,187058,1270908185,-1.31,523807350030,111272380.0,-72745060.0,20251119
352480,31900,32400,31600,32000,27454,879501300,-0.16,436156832000,164581000.0,57939750.0,20251119
264660,14700,15000,14270,14490,93364,1360883040,-2.09,140859782280,51117750.0,-3633410.0,20251119
352700,2305,2400,2290,2370,39740,93693083,1.72,62276250630,5464679.0,-5704125.0,20251119
458870,132500,132500,122100,124600,263712,33258566450,-7.64,1578168648000,-4511568650.0,-507847900.0,20251119
297090,6020,6090,5760,5990,51869,308636965,-0.33,163347300000,3082135.0,15053770.0,20251119
900120,537,604,522,558,546265,311245956,2.95,16772243472,-13892761.0,,20251119
359090,845,847,805,824,166810,137336647,-2.49,47355870808,3299687.0,,20251119
115530,343,357,343,351,102962,35827111,2.33,23855013000,3584069.0,,20251119
115480,586,604,577,583,103042,60089899,-1.69,35344117314,7297940.0,,20251119
376290,2940,2980,2875,2910,15218,44449235,-2.18,51383325000,2290025.0,-4960.0,20251119
189330,4515,4660,4440,4595,63844,289977199,2.0,43111594980,-9451152.0,,20251119
096530,25600,25650,24450,24500,234591,5811013475,-4.3,1279536853000,-1297742100.0,132711950.0,20251119
101240,4155,4240,4140,4220,21444,89783705,0.72,45835065800,-2620630.0,,20251119
060590,4895,4935,4800,4800,89283,432314137,-2.64,116068896000,-80974297.0,20855.0,20251119
260930,4700,4820,4695,4710,51808,245641165,0.21,91098893610,48333355.0,33285.0,20251119
413630,4330,4470,4060,4215,2484343,10638105525,-2.66,153580378590,646929060.0,1628220.0,20251119
013990,4335,4460,4315,4415,127753,562559345,1.96,145198471440,213907617.0,,20251119
123860,17370,17390,17050,17150,28533,489158795,-1.15,207916567250,-75374770.0,9989565.0,20251119
025980,6600,6810,6550,6730,1006544,6739779885,1.97,637327877280,964794790.0,48244845.0,20251119
125210,5850,5900,5700,5890,55803,323541780,0.0,97166093100,34279735.0,-75350.0,20251119
357580,6910,7030,6800,6900,23738,164493630,-0.14,77847745800,9506180.0,-517500.0,20251119
052710,8980,9600,8640,9500,112385,1028090910,6.38,138843535500,42684485.0,91802100.0,20251119
074430,950,965,907,911,297379,276599375,-1.3,80010254884,-12136587.0,,20251119
092040,3020,3020,2870,2945,213206,620293476,-0.84,164124888285,-216913728.0,-20.0,20251119
083930,14000,14280,13690,14130,64636,906530950,0.93,207389528370,101435350.0,858160.0,20251119
149950,9000,9080,8790,9080,12227,109059230,0.89,124102743240,-23045140.0,-20407530.0,20251119
036010,7060,7230,6790,7040,65154,456502065,-0.28,93582255360,120826660.0,-50361255.0,20251119
050860,1868,1869,1845,1858,15331,28462384,-0.59,41805000000,-100743.0,2896.0,20251119
136410,9820,9970,9710,9870,30688,301002720,-0.8,108758576220,-59028870.0,-22871840.0,20251119
246720,8370,8460,8170,8440,14716,122100160,1.32,125881756000,-17675930.0,,20251119
450950,13810,14240,13300,13750,175847,2415751295,-0.43,515722515000,167782950.0,125507490.0,20251119
067390,573,578,554,557,1343451,754998230,-2.79,224558771503,-101868632.0,,20251119
159010,3955,3980,3805,3945,44063,171252951,-0.25,52605545355,-5230023.0,20872425.0,20251119
127710,963,978,933,975,24421,23500044,1.25,34031479950,,,20251119
154030,1927,2190,1900,2190,227923,474397202,13.77,26415488730,119634692.0,,20251119
227610,825,843,796,825,102653,83367217,0.0,29799240900,11147630.0,,20251119
331740,10690,11200,10520,10930,52596,570155430,2.25,105296330070,182187920.0,-9386600.0,20251119
143160,17820,18020,17690,17940,20590,367713460,0.39,192252036600,50871170.0,-1587050.0,20251119
054800,11290,11400,11140,11300,2537,28660280,0.0,116929642800,-12896350.0,,20251119
332370,4715,4770,4700,4770,13952,66092640,1.17,63315673020,45725.0,-16015980.0,20251119
066430,1252,1337,1197,1210,145859,177971146,-0.9,47375705960,15350329.0,,20251119
339950,1924,1974,1918,1938,58177,112104820,-0.21,87106617390,-12439708.0,,20251119
469750,1160,1160,1101,1111,175091,196588148,-1.94,38281150391,38696563.0,,20251119
460470,3030,3060,2945,2990,53341,159562965,-1.32,45139641300,-24246240.0,0.0,20251119
099190,17230,17250,16870,17110,95034,1623933930,-0.41,472012303860,304760770.0,-215436620.0,20251119
461300,17720,18190,17220,18170,40714,719505690,2.08,241641612610,-78176860.0,-182815670.0,20251119
289010,1916,1918,1848,1914,54718,103324332,-0.21,26691219984,-21506952.0,,20251119
214430,67000,74400,65300,71900,79043,5579575550,8.77,510976044000,558548100.0,-548377700.0,20251119
040910,3960,4040,3840,3960,35529,139779652,-0.38,73554129000,-23452593.0,,20251119
368600,1775,1788,1721,1774,16425,28808897,-0.89,31113025804,-462308.0,,20251119
456010,15670,16070,15250,15300,271616,4222210525,-1.35,205336342800,-162695280.0,280.0,20251119
052860,2245,2305,2155,2270,64676,146675920,1.11,40548678580,-11248585.0,,20251119
464500,2855,3420,2780,2800,3312472,10428436500,-2.78,39097136400,-557361097.0,-171521450.0,20251119
212710,8060,8180,7950,8000,153379,1233810475,-1.84,75283824000,-95511135.0,,20251119
038880,162,163,158,161,1222428,196317634,0.0,60491109175,54198738.0,12696529.0,20251119
307180,2580,2610,2475,2520,141754,358399495,-2.33,72051154560,-74155635.0,532600.0,20251119
101390,0,0,0,396,0,0,0.0,5140810224,,,20251119
461030,10080,10110,9410,9460,183469,1769568000,-6.06,132607915000,-63909595.0,-9500.0,20251119
451220,9010,9130,8720,8910,44409,393899270,-1.11,70162784010,-164699560.0,,20251119
090150,736,753,735,735,10950,8110149,-1.08,30778340355,-328771.0,,20251119
123010,1070,1115,1035,1084,175420,188755613,1.98,35401859528,41829442.0,,20251119
031310,1402,1414,1400,1408,21090,29688551,0.36,37107900544,-819588.0,-2826000.0,20251119
462980,1801,1809,1759,1800,43121,77168611,-0.06,32821986600,19166429.0,,20251119
185490,1810,1820,1773,1773,146402,263067900,-1.12,47923807032,51780825.0,,20251119
059100,4790,4900,4645,4865,18431,88923545,1.57,34399733900,-19028640.0,,20251119
262840,1863,1878,1842,1858,39679,73558921,-0.27,39266795490,9806918.0,-21090812.0,20251119
175250,0,0,0,2170,0,0,0.0,81501658560,,,20251119
052460,2335,2365,2290,2345,35330,82361680,0.43,34255609920,14069755.0,,20251119
119830,5410,5430,5160,5250,136018,713499220,-3.31,116117095500,-82188395.0,268240.0,20251119
052770,465,465,431,440,66291,29077526,-3.51,25641043560,-5308904.0,,20251119
124500,19890,19910,19510,19780,148390,2925798765,-0.55,458985544060,215929130.0,99037740.0,20251119
010280,980,1015,968,979,248203,246355017,-0.2,63756186494,-30482893.0,,20251119
232830,2205,2230,2140,2190,33371,72839355,2.1,25639363680,-33162960.0,,20251119
372800,4800,4975,4750,4865,8774,42431111,1.35,29418606350,1807924.0,,20251119
084850,11100,11120,10100,10350,109603,1142151960,-5.74,234768366900,-180119425.0,-82708505.0,20251119
309710,28300,30450,26550,28050,239788,6983057175,0.36,352953178050,-1146277200.0,24667700.0,20251119
114840,14870,15020,14430,14550,122275,1790781350,-2.15,252004545000,110668000.0,-596393090.0,20251119
027360,1959,1988,1939,1947,234474,460161030,-0.61,235870105482,45069906.0,9906845.0,20251119
032080,1200,1200,1177,1181,16964,20167049,-1.91,25380905249,-154444.0,,20251119
013310,2770,2800,2710,2735,353515,965923417,-1.26,106136001770,72134085.0,-150276824.0,20251119
059120,7280,7330,7000,7160,38648,277679645,1.7,69799947360,54419935.0,-50.0,20251119
203690,0,0,0,4425,0,0,0.0,76921522875,,,20251119
158430,6250,6400,6170,6260,121100,759863795,-1.42,155564311540,198255890.0,-2209780.0,20251119
200350,6210,6480,6000,6080,54862,335698060,-2.88,60775832000,64437710.0,-2249260.0,20251119
321820,4380,4380,4235,4320,8810,37996355,-1.37,67354744320,12164865.0,,20251119
001540,8260,8330,8120,8270,43113,355205310,0.24,107860813400,46232560.0,48219010.0,20251119
053800,61200,61200,60500,60500,40171,2443517700,-0.82,673153613000,-942208300.0,-75221700.0,20251119
065660,21750,23500,21250,23200,57456,1298993950,4.74,232141520000,14242525.0,103438850.0,20251119
297570,1071,1097,1070,1090,23805,25823138,0.55,37737127620,-4814631.0,,20251119
260660,3700,3760,3665,3725,19148,71082595,-0.13,57093153225,4165960.0,2470225.0,20251119
354320,19040,19520,19000,19060,10632,203260280,-0.83,121819721860,-26321320.0,,20251119
361570,2500,2500,2265,2415,461490,1094850690,-3.59,69415047765,-68120110.0,-8514995.0,20251119
131370,2550,2590,2520,2565,63943,163968405,-0.58,136630067895,34862700.0,-8164245.0,20251119
140670,12540,12740,12100,12300,90664,1126415565,0.74,114428622000,74915480.0,44630600.0,20251119
096610,0,0,0,2965,0,0,0.0,51550708615,,,20251119
061040,2270,2270,2155,2190,148840,325917399,-4.16,70275477210,-63065789.0,5.0,20251119
148250,6400,6400,6030,6300,91170,565169900,-2.17,59514033600,-137136700.0,,20251119
347860,2280,2345,2215,2325,223841,513952639,1.97,90002984325,105384180.0,20.0,20251119
196170,560000,561000,532000,544000,375909,204015710000,-2.68,29107148672000,-36595446000.0,5232212500.0,20251119
123750,1325,1359,1325,1346,40437,54289668,1.58,17156515762,2642647.0,,20251119
459550,3290,4235,3225,4235,32925088,126469775546,29.91,100787765540,22069892.0,-747486804.0,20251119
085810,550,558,524,531,163573,88482967,-3.98,32287610052,-23024894.0,,20251119
043100,1726,1728,1674,1700,48618,82515581,-2.3,34187136000,-15813844.0,,20251119
117670,9480,9480,9150,9410,12360,115098120,-0.74,57772393880,-8966120.0,,20251119
314140,7740,7880,7390,7390,229301,1733488775,-3.78,64044407790,162058600.0,,20251119
291650,817,817,785,795,276556,221999578,-2.81,32004388140,35754688.0,,20251119
293780,7610,8320,7540,7650,289160,2262990895,2.68,205642404000,-399681645.0,23850.0,20251119
310200,3295,3410,3275,3390,399447,1337640092,2.73,176832014040,302961755.0,58203245.0,20251119
179530,3525,3645,3395,3405,182719,641662855,-3.4,43094728740,58030805.0,,20251119
397810,7400,7460,7240,7320,9866,72163700,-1.08,37776836400,11902070.0,,20251119
900100,565,584,554,565,68912,38835186,0.0,26011069980,3129377.0,,20251119
052790,5860,6090,5850,5980,18660,111658560,0.84,67757215240,-36398210.0,,20251119
290740,6040,6080,5770,5860,21426,126314550,-0.34,58980964460,-3120050.0,,20251119
238090,1880,1890,1791,1860,81075,149919762,1.58,43786823580,-7270811.0,,20251119
092600,543,544,525,535,39716,21135260,-0.56,13419681595,-5271372.0,,20251119
129890,970,998,958,970,113967,110561008,0.0,44179233940,9552745.0,-1015652.0,20251119
174900,30500,31600,29600,30050,383703,11694499975,-3.99,573743117450,-529741450.0,-285905650.0,20251119
109960,275,277,265,274,235911,63801997,-0.36,60496259706,8032304.0,,20251119
270520,487,494,476,484,1719779,835140766,-0.62,95149147148,108729498.0,-507998.0,20251119
255440,8190,8410,7990,8110,13707,111540040,-0.98,105900380000,-70588240.0,,20251119
030960,8850,8940,8530,8670,197631,1721794480,-3.88,138546600000,-135941050.0,,20251119
102120,10990,11070,10580,10720,141596,1527285710,-2.63,190609672160,150895285.0,21860.0,20251119
238120,3390,3390,3280,3290,24193,80477635,-2.23,47306567840,-32131570.0,,20251119
019990,7540,7630,7260,7430,98640,732857050,-0.67,72487733840,93667875.0,-80.0,20251119
435570,9460,9710,9260,9260,7014,66146260,-2.01,70533262580,13513370.0,,20251119
270660,19240,19450,18210,18450,213176,3996579045,2.96,228246610500,-27491755.0,27589075.0,20251119
038680,3650,3650,3545,3565,53399,191004540,-2.33,70988568730,-11199990.0,7710.0,20251119
217480,0,0,0,499,0,0,0.0,54756837359,,,20251119
121890,1651,1689,1632,1686,24912,41039125,0.9,22409377956,17744551.0,,20251119
304360,25450,25450,23850,23900,75847,1845999975,-6.46,285480624400,-232876450.0,11878300.0,20251119
389500,23750,26950,23100,24650,346762,8722527425,6.71,156130733600,-77935150.0,61427250.0,20251119
042110,1250,1288,1230,1236,52314,64863623,-1.12,59735341104,-1503960.0,,20251119
298060,1069,1098,1051,1070,13068,13969192,0.09,47297398320,-6118954.0,,20251119
065420,250,251,244,244,235384,58149679,-2.79,17464860956,1304298.0,,20251119
103230,4160,4160,3980,4160,30782,125115985,0.0,29952000000,7411140.0,20035280.0,20251119
260970,72000,74100,70300,70500,32666,2343411600,0.71,203939157000,-551540000.0,-54479350.0,20251119
101490,48150,48150,45450,45700,225493,10412766125,-4.39,980331127900,1485632375.0,-1724734950.0,20251119
095910,1720,1720,1650,1671,24628,41097083,-2.91,38270613891,-10401107.0,,20251119
275630,2980,3000,2925,2925,10953,32498527,-2.01,17602617825,-496530.0,2919455.0,20251119
031330,3695,3700,3565,3640,552377,2004740227,-1.49,363982043880,548960062.0,-543232247.0,20251119
060540,1271,1278,1255,1269,15315,19378620,-0.24,33163165314,2472760.0,,20251119
056190,21250,21750,20850,21600,129481,2772775225,3.1,775629216000,-998062050.0,1538515650.0,20251119
0008Z0,30000,31750,29550,31350,314005,9545149450,-4.27,295836281400,405922650.0,-2282986225.0,20251119
246250,0,0,0,1969,0,0,0.0,30220617614,,,20251119
041510,105300,105600,101100,101300,126843,13037951100,-3.15,2319232097000,658394950.0,666065650.0,20251119
460870,4150,4275,4050,4070,80580,330841305,-2.63,80680847280,62594036.0,-24843600.0,20251119
007820,3665,3835,3610,3760,114421,427584760,2.59,75327636960,-31398315.0,0.0,20251119
464080,9730,9940,9500,9760,126612,1229970855,0.93,172574660800,-4335130.0,70969700.0,20251119
109610,2785,2800,2700,2710,372307,1019069915,-2.69,132539054000,312927185.0,,20251119
365330,3020,3265,3015,3145,1033758,3252658111,2.95,157787795000,-337043278.0,,20251119
306040,3360,3595,3325,3550,42315,147216822,4.41,35023689400,31194988.0,449890.0,20251119
398120,2800,3020,2790,2795,17364,48992585,-1.06,31610611500,-3081445.0,,20251119
457940,2090,2095,2090,2095,31536,66060472,0.0,6934450000,-58621.0,63803040.0,20251119
472230,2035,2045,2035,2045,7974,16236857,0.25,8496975000,12210.0,0.0,20251119
473000,2040,2045,2040,2045,9505,19390335,0.0,6768950000,2040.0,0.0,20251119
473950,2030,2040,2030,2040,10532,21479970,0.25,9016800000,22330.0,,20251119
455910,2095,2100,2095,2100,111189,232941120,0.0,10542000000,0.0,113517575.0,20251119
475660,6280,6390,6120,6120,38633,240351670,-2.55,48530590200,52151880.0,-20637140.0,20251119
096630,635,637,598,620,192636,119129428,-2.36,49216601920,-5002575.0,,20251119
069510,14160,14460,14000,14160,7531,106705240,0.0,154485600000,-7339630.0,-6712175.0,20251119
488280,21100,22500,19870,22400,583573,12472774295,6.16,237170214400,1548574625.0,-1160774150.0,20251119
234300,3505,3570,3500,3535,30767,108261876,0.0,96179502300,-29856223.0,,20251119
039440,24900,24950,23700,24000,354511,8582976075,-4.38,379920000000,-1392128300.0,-142307350.0,20251119
098660,1821,1821,1777,1801,17416,31241805,-2.17,22514257776,590492.0,,20251119
052020,7530,7600,7330,7410,195213,1452721190,-1.72,503756186310,-114920400.0,,20251119
237690,102300,102400,97800,98700,108362,10741802600,-2.95,2043256210800,-305510900.0,-372409200.0,20251119
050760,1400,1400,1385,1391,6325,8802582,-0.64,22721537098,456086.0,-1072962.0,20251119
288620,11710,11800,11300,11650,36132,414642360,-0.09,81309031400,47362000.0,81240.0,20251119
443670,4940,5030,4810,4855,66554,324292773,-2.9,120119458160,55250082.0,,20251119
317830,9010,9910,8600,8800,1221682,11246216145,4.14,94809598400,-918285155.0,2756600.0,20251119
058610,32400,38800,31500,38350,7324898,268098553100,26.78,850501756000,-1248127050.0,3680866925.0,20251119
043340,420,425,414,418,46085,19357077,-0.71,39710000000,-1165116.0,,20251119
163280,16250,16500,15980,16040,48211,780692440,-1.41,131123615560,-268424010.0,-4185790.0,20251119
054630,0,0,0,1580,0,0,0.0,12594094680,,,20251119
200710,23500,23750,22500,23000,167392,3846685650,-3.16,309138906000,-1190947000.0,19666800.0,20251119
475580,8830,8900,8630,8670,77131,673929750,-1.7,118127883000,87407110.0,4256070.0,20251119
096690,1832,1848,1790,1830,47620,86945913,0.55,44170806990,-3984781.0,,20251119
298380,166700,172300,157200,169900,1722419,285225716300,1.98,9365765533500,-124755850.0,7167531900.0,20251119
203400,3885,3885,3545,3545,549253,2008839906,-5.97,104422512600,488611620.0,-142959525.0,20251119
195990,360,428,350,357,50814421,19993595613,2.0,101634230397,-92389117.0,-74824490.0,20251119
003800,29100,30050,29050,29700,9677,287309600,1.02,329373000000,-87703700.0,100.0,20251119
088800,3550,3630,3350,3535,247418,864412796,0.57,266915244190,114611265.0,-170.0,20251119
241840,6850,7070,6850,7020,26664,185175145,1.59,66970757880,29469750.0,5369605.0,20251119
364950,8410,8640,8200,8400,138337,1162750330,-1.41,68301567600,360753990.0,,20251119
453860,16190,16600,15830,16050,9901,158475710,-0.06,90798300750,-56840820.0,25544860.0,20251119
312610,1496,1534,1419,1490,34045,50329290,-0.4,30182763120,4535192.0,,20251119
172670,10270,10750,9420,10530,100819,1011714705,6.36,94351527270,91095970.0,,20251119
481070,14190,14880,13750,13930,28125,400261075,-1.83,197248800000,21344695.0,-35623275.0,20251119
445090,27950,27950,26800,26800,20831,564324525,-2.9,291360488000,-63378825.0,-834800.0,20251119
295310,22600,23050,22100,22600,58902,1329440050,-0.22,268983640600,-125466800.0,227170600.0,20251119
072990,13900,13900,13060,13460,51812,704729875,-2.18,99137153360,3791755.0,-120.0,20251119
044990,20100,20800,19910,20550,219999,4480722180,1.48,165141115200,-70161295.0,150.0,20251119
239610,8270,8550,8130,8280,4890,40710230,0.12,44646712200,4428420.0,2260710.0,20251119
036170,928,941,920,920,60764,56470566,-0.86,56456375920,-2388157.0,,20251119
462020,2075,2080,2075,2080,44,91445,0.24,9037600000,0.0,0.0,20251119
477340,2010,2010,2005,2005,4668,9361100,-0.25,15057550000,19295.0,10050.0,20251119
148930,3260,3260,3155,3190,7213,22931255,-2.15,32458929470,-378905.0,,20251119
376270,32050,35200,31600,34950,161179,5467561600,9.05,247398363150,531199475.0,-21704200.0,20251119
044780,1440,1463,1436,1449,50030,72705197,0.63,26814885363,-8789785.0,,20251119
357230,2310,2360,2295,2305,33683,78009120,-0.22,95181462180,11919850.0,,20251119
355690,6110,6250,5800,6160,17333,104085495,1.15,33294676800,-13522430.0,19613610.0,20251119
071670,5480,5560,5400,5410,12986,70737020,-1.1,54100000000,1890630.0,0.0,20251119
045660,10150,10490,10080,10320,19436,198556260,0.49,85243200000,-15244080.0,10290.0,20251119
224110,9740,9880,9530,9590,15732,151923960,-1.54,51210600000,-383210.0,736260.0,20251119
021080,2585,2650,2535,2630,297533,774367437,1.54,126240000000,72389568.0,-54235.0,20251119
200470,4515,4655,4200,4640,217989,984225709,2.77,196560111520,-70883636.0,52481755.0,20251119
262260,5370,5370,5170,5230,34646,181799740,-2.61,75668434960,-2540340.0,26630.0,20251119
397030,39200,39900,37800,38500,756834,29396619650,-3.27,884161894000,2059347025.0,235967125.0,20251119
230240,14780,14840,14340,14690,128380,1877672680,-0.14,195509210000,-68189525.0,235300420.0,20251119
159910,769,799,697,722,1442376,1056402265,-6.23,29841241198,144925408.0,,20251119
230360,10660,10890,10530,10690,106304,1140151990,0.38,331376723020,471008810.0,-147266920.0,20251119
038870,3360,3620,3310,3475,127662,439192564,1.91,48701947775,58193980.0,-5.0,20251119
097780,981,998,956,993,62037,60478066,1.22,67256225634,7179994.0,11568.0,20251119
448280,10410,11070,10150,10410,31627,331914990,-0.86,308460052890,-1836830.0,,20251119
101360,21450,21700,20800,21000,97079,2051614100,-2.33,373508394000,-259305525.0,-52582300.0,20251119
128540,1575,1642,1575,1615,87599,141471224,2.74,43105092900,5072175.0,-3872287.0,20251119
086520,81700,83100,78700,79300,2668789,213682298200,-2.82,10767048853600,568785650.0,-1021430700.0,20251119
247540,145000,146200,139300,143500,412954,58765029000,-1.03,14034492864000,7493775350.0,-384080450.0,20251119
383310,25100,25250,24250,24300,49151,1204414475,-2.61,509690847600,-163534025.0,-22632800.0,20251119
038110,2935,3145,2905,2985,887480,2684409371,1.36,122890569450,37385386.0,14905.0,20251119
073540,1991,2035,1967,1967,15968,31592292,-1.55,22423800000,-3885167.0,,20251119
064850,8400,8620,8230,8340,70266,593971920,0.72,95162168880,296395120.0,3259000.0,20251119
036810,31650,31850,30100,30400,219910,6730685700,-4.7,667472979200,281401725.0,-323206450.0,20251119
173940,3285,3295,3235,3275,2296,7511390,-0.76,50411446200,-814630.0,,20251119
083500,13240,13350,12630,13210,70640,925354970,0.46,113285287620,-225935060.0,-13210.0,20251119
054940,649,659,649,657,86527,56591760,1.23,21795021036,-1558264.0,,20251119
950130,3540,3595,3475,3475,84020,295756765,-2.11,131104216200,-12297540.0,,20251119
373110,1993,2010,1888,1893,72674,140633549,-5.02,20706508566,-14998353.0,,20251119
205100,2095,2095,2000,2045,463113,945021806,-1.45,146140419860,-113634005.0,32789025.0,20251119
356680,7950,8090,7780,7920,247439,1959634375,-0.25,226064456640,31414400.0,,20251119
070300,1321,1321,1288,1303,46155,59930708,-1.88,30369122634,-11816714.0,,20251119
317770,2900,2950,2875,2900,217820,632880117,0.69,96498024900,-38923655.0,,20251119
373200,530,545,522,534,167068,89855211,0.75,58742849424,12384883.0,,20251119
069920,1076,1097,1041,1058,149699,158541205,-1.67,43169745396,22583096.0,,20251119
092870,14970,15250,14360,14790,148857,2193990075,-1.2,193021287630,202477770.0,0.0,20251119
317870,11670,11880,11460,11520,30476,353660540,-1.62,98455898880,50780.0,,20251119
067570,2215,2245,2190,2225,75187,166700426,0.45,93828250000,12162514.0,2344840.0,20251119
236810,2460,2530,2450,2510,45862,113731705,2.03,42608319260,41607465.0,15.0,20251119
333620,6300,6490,6180,6240,21630,135647720,-0.95,65871586560,13912310.0,6270.0,20251119
101400,289,291,282,288,241752,69462852,0.0,19713810240,66181.0,-18368.0,20251119
475230,12600,12820,12380,12650,35165,442561985,-0.78,131903308350,1272640.0,6473980.0,20251119
078860,1230,1252,1190,1234,83800,103111782,0.73,73253025138,-9114927.0,,20251119
451700,0,0,0,2105,0,0,0.0,30206750000,,,20251119
466910,0,0,0,2135,0,0,0.0,19428500000,,,20251119
481890,2125,2130,2125,2125,4373,9293645,0.0,13483125000,202360.0,0.0,20251119
265740,4375,4640,4375,4500,112639,504169007,1.24,80386200000,59620388.0,20627950.0,20251119
354200,1672,1714,1644,1714,45228,76097592,3.32,42915351392,5884652.0,0.0,20251119
455900,30000,32000,27300,27750,1303942,38802789800,7.56,421331885250,-1840929925.0,69295450.0,20251119
419080,5770,5970,5500,5570,64303,361799770,-3.47,59335188090,13400970.0,-4449980.0,20251119
208860,1391,1391,1351,1355,28698,39185756,-2.59,46002213415,-7681622.0,,20251119
183490,1204,1219,1165,1206,907257,1085898465,-0.33,102589067772,-129735423.0,46836080.0,20251119
182400,0,0,0,3685,0,0,0.0,263029901475,,,20251119
348370,66000,66600,62800,63100,236378,15095389800,-4.97,1373525779500,-119389500.0,-761857950.0,20251119
069410,4630,4705,4565,4685,16725,77691577,-0.11,47997000440,-21365037.0,,20251119
227950,360,377,356,363,408535,149391345,-0.27,62632400061,-32818208.0,1494736.0,20251119
291230,999,1018,957,1008,121943,121735963,0.9,44448541200,57774577.0,,20251119
048830,1063,1071,1010,1017,2507705,2603219376,-11.18,19042229691,7800484.0,,20251119
096870,2625,2675,2575,2615,11695,30702295,-0.38,17464016000,10899665.0,,20251119
290650,56000,56300,52400,54600,691822,37715754100,-4.55,1344189210000,-1111168750.0,2269542300.0,20251119
156100,9410,10350,8960,10140,819883,8187209680,7.87,210459461940,-1090525330.0,91610460.0,20251119
0041J0,1999,2005,1996,1999,10672,21315089,0.0,8215890000,24207.0,9980000.0,20251119
073110,5680,5680,5500,5510,7950,43984430,-0.72,49015610050,3238060.0,,20251119
083310,12450,12730,12070,12510,116000,1440974595,0.56,222803512830,134200150.0,292633250.0,20251119
037950,805,820,760,760,1242098,976065295,-0.91,64180114440,-111081516.0,,20251119
489500,16800,17250,16550,16560,14285,240448040,-1.72,103964607360,-17732990.0,-40313180.0,20251119
170920,17570,17720,16340,16880,140293,2375168525,-4.04,172345981600,-189083125.0,-215790770.0,20251119
058630,6040,6400,5970,6400,164002,1030236335,5.09,125080812800,107230320.0,155148035.0,20251119
226590,12790,12900,12400,12790,188410,2380432465,-0.08,135967727360,147135560.0,65106070.0,20251119
058970,38450,38700,37250,37400,61643,2316019525,-2.73,462246721200,-797229000.0,23139625.0,20251119
169330,2080,2080,1997,2010,2562,5132896,-0.5,36756705180,7383.0,,20251119
373170,6720,6820,6450,6450,15922,105249470,-5.29,32494648500,930180.0,-465240.0,20251119
179290,6430,6440,6200,6290,78278,491303160,-2.93,203580114620,-34701310.0,117556090.0,20251119
009780,8410,8490,8250,8380,83562,700012450,-0.71,147488000000,119230050.0,13137060.0,20251119
123040,2080,2120,2055,2060,119615,248902800,-1.9,129014295940,-9982005.0,15344325.0,20251119
432980,3460,3695,3445,3550,6558,22935105,1.43,30500684100,-811600.0,,20251119
413390,6870,7030,6650,6720,103291,698040310,-2.18,77818809600,23352450.0,-59344880.0,20251119
032790,1099,1099,1068,1076,197992,213997837,-0.74,51176701240,-47402492.0,,20251119
033160,8300,8370,8000,8160,70644,575960770,-0.73,184279026240,-94682530.0,430610.0,20251119
347890,6380,6970,6060,6140,653479,4254890880,1.99,103847072560,-282041545.0,-19849010.0,20251119
033310,1813,1813,1759,1777,50110,89280161,-0.95,71688144487,812830.0,,20251119
259630,14670,14790,14200,14660,86214,1248293960,-0.07,178231236960,204872740.0,-133931250.0,20251119
105550,1538,1550,1465,1531,301950,458679548,-0.46,119888095081,53440981.0,53222995.0,20251119
060850,5780,5910,5760,5770,10838,63143970,-0.86,46915870000,7035170.0,-3620.0,20251119
143540,762,775,720,750,57495,43549933,-2.34,33449921250,-3687658.0,,20251119
265560,6840,6840,6680,6700,13519,90767910,-1.76,71624206000,-4170660.0,-30.0,20251119
036000,3040,3055,2945,3030,19093,57471065,1.0,69793859310,-3183555.0,3330905.0,20251119
250930,509,540,508,508,336096,174770598,-0.2,16764223520,-7891959.0,-823361.0,20251119
053280,3700,3760,3680,3700,30154,111739060,-0.54,92500000000,-25408655.0,5.0,20251119
122640,15760,16240,15200,16240,62114,977457610,2.78,346721093040,-85381800.0,13736590.0,20251119
476040,32000,32000,29700,30350,158608,4828688500,-4.86,199481566400,-378817375.0,-132504200.0,20251119
900300,325,417,316,346,40735708,15240608415,7.45,67816769504,-332538672.0,,20251119
045060,2300,2330,2270,2290,7787,17904915,-0.43,38797120460,-987350.0,,20251119
192410,801,819,761,765,293187,228117841,-4.38,35696103345,-4183164.0,,20251119
080520,3055,3100,3045,3080,13955,42826100,0.82,36179555720,-256540.0,-260105.0,20251119
039830,15740,16250,14400,15900,289906,4464618245,2.19,171129951000,-66162455.0,959688315.0,20251119
322310,24650,24650,23000,23400,98063,2314105175,-4.88,219177082800,368460925.0,45548000.0,20251119
046120,3880,4130,3815,4000,839128,3372073133,3.09,109797944000,1150508927.0,-4035.0,20251119
475830,57800,57900,54300,56600,253575,14145891450,-0.53,1197573194200,2239723050.0,-4522427200.0,20251119
014940,8310,8530,8050,8320,596454,4931679530,-0.12,379172859520,1251902885.0,59413420.0,20251119
065500,2495,2495,2350,2395,312378,750050502,0.42,76024274240,173696694.0,,20251119
010470,5590,5610,5510,5570,13224,73364440,-0.36,66701028500,4900100.0,10.0,20251119
417860,12500,12730,12280,12650,9339,116717270,1.36,56301848350,-40662360.0,,20251119
352910,4085,4240,4015,4240,34572,142598495,5.34,53584280480,4020760.0,9986785.0,20251119
053980,3445,3505,3420,3490,48842,169156400,1.45,66249912670,45230125.0,,20251119
036220,12690,13090,12450,12890,15575,198836490,1.58,187026372240,-23665350.0,-128220.0,20251119
052420,1480,1490,1450,1468,444500,651647508,-0.47,138616901176,39614983.0,0.0,20251119
052300,2255,2255,2135,2190,43182,93539565,0.69,36934663170,5824815.0,760185.0,20251119
039200,52300,52400,49000,49300,509710,25492484200,-6.98,1886128076800,6737980650.0,-6399708675.0,20251119
226400,6170,6310,5950,6090,105160,637517470,-0.65,125829150090,60712670.0,-93223810.0,20251119
031510,1041,1064,1019,1063,32765,34237448,1.63,29764000000,1853610.0,,20251119
342870,8150,8310,8010,8280,14834,121074590,0.36,45064885320,16145520.0,,20251119
368970,1948,1969,1941,1946,10604,20735526,-1.17,18187627360,-417688.0,0.0,20251119
138080,11570,11570,11150,11310,53990,611770855,-1.99,129033528000,152573705.0,150.0,20251119
080580,7960,8600,7590,8190,333240,2707865665,4.46,162179207190,259178625.0,-65176570.0,20251119
067170,1742,1742,1661,1706,29834,51016200,-2.07,40759078130,7300876.0,,20251119
353590,3350,3375,3100,3190,263358,844746044,-4.49,41073068300,57807467.0,-55.0,20251119
173130,6430,6510,6390,6400,40101,258506710,-0.78,83497427200,17500790.0,,20251119
440320,3955,4055,3925,4040,21060,84053090,1.38,39713200000,25340035.0,,20251119
049480,2335,2370,2300,2330,117239,273059467,0.0,73214152390,57683090.0,,20251119
394280,11020,11040,10740,10750,76504,829904280,-2.63,237059849250,-2062630.0,16379640.0,20251119
476060,15130,16600,14580,15770,7806852,123269108160,5.34,701132086820,-452552735.0,-743743700.0,20251119
382150,11270,12640,11100,12230,3211119,38622756745,9.69,146979369510,527382555.0,,20251119
244460,0,0,0,1651,0,0,0.0,8980622755,,,20251119
226950,138700,140500,132400,133600,534393,72058165150,-3.68,2687335008800,9954746100.0,-1286062650.0,20251119
057540,728,735,715,718,285297,206406365,-1.37,42684636890,41465531.0,-4420865.0,20251119
131030,6800,6950,6650,6820,81402,550181035,-0.15,120349743800,9352760.0,-66863600.0,20251119
082210,1632,1650,1585,1586,63321,101404660,-2.82,52643105164,-10769216.0,,20251119
109080,8230,8300,8050,8200,10793,88285670,0.49,46215200000,-5710130.0,,20251119
380540,1485,1529,1445,1492,212761,315197071,-0.53,72262544772,-47231958.0,,20251119
153710,4820,4970,4775,4915,8775,42369655,1.03,72102843570,-405135.0,,20251119
432430,4105,4130,3990,4115,53031,215397910,0.0,67931736800,70247355.0,,20251119
338840,23400,24100,22650,23200,364982,8532955300,-1.28,346820999200,-236126075.0,127660000.0,20251119
122990,5540,5600,5490,5560,75322,417685250,0.0,153853723480,65757090.0,97966450.0,20251119
232140,13500,13530,13100,13280,311636,4148039005,-2.78,1089562248000,-748279575.0,251450170.0,20251119
112290,20000,20150,19360,19800,69317,1369956080,-1.25,200188791000,272358545.0,5636340.0,20251119
065530,1448,1448,1385,1400,33773,47234761,-1.41,66974262600,-5473817.0,,20251119
067900,5920,6060,5920,6000,19110,114694405,0.0,109197954000,31031535.0,1770510.0,20251119
007530,2790,2845,2780,2800,7531,21121670,-0.88,62311846800,-1829445.0,,20251119
155650,3175,3260,3110,3190,34792,111149835,0.47,62123202020,1257425.0,,20251119
273640,7780,7810,7500,7500,46799,355912680,-3.6,82245000000,17677730.0,100.0,20251119
251370,11240,11380,10800,10820,114797,1261424020,-3.39,190691788200,266217190.0,10040830.0,20251119
209640,2505,2520,2420,2465,115721,285256943,-1.4,70112354890,68019657.0,-7087745.0,20251119
096250,11380,11600,11210,11590,46756,534231630,1.85,151788852240,46623540.0,55892080.0,20251119
273060,918,963,918,937,165675,154585615,-0.53,47280628334,35120971.0,,20251119
019210,5090,5090,5010,5070,58095,292672695,0.6,170219262330,39142755.0,-128675400.0,20251119
122870,62000,62100,60500,61100,131031,7995335850,-0.81,1142023093900,-313779750.0,-401291650.0,20251119
079000,5450,5520,5430,5430,6001,32743190,-0.18,39096000000,5190950.0,12607600.0,20251119
403490,1530,1540,1506,1527,214780,326875085,-0.13,69557085528,66752046.0,0.0,20251119
032820,3850,4035,3690,3790,4238066,16146188153,-0.52,631595457620,-24527328.0,81024350.0,20251119
041190,7850,8000,7750,7840,461066,3626166275,-0.13,658560000000,282625995.0,16940250.0,20251119
115440,6980,7120,6800,7060,91815,642110580,1.58,76207701520,155728955.0,2668650.0,20251119
046970,1298,1314,1253,1283,533063,687794695,-1.0,56227473717,-48911663.0,,20251119
082850,2010,2055,1998,2020,163613,330153087,0.0,97882287560,30806624.0,,20251119
215360,7800,7840,7710,7750,15904,123295810,-0.64,70774263250,577130.0,23250.0,20251119
072470,3450,3515,3320,3390,56674,194686885,-1.6,64028085990,52146435.0,,20251119
073560,1480,1519,1476,1519,178141,267626477,2.64,105171979717,82754833.0,14142678.0,20251119
037400,986,986,979,980,14947,14672179,-1.01,25698879080,-4587299.0,-4671531.0,20251119
153490,645,667,638,660,20963,13678292,1.23,33976800000,-1077065.0,,20251119
101170,5780,6660,5720,6060,2748341,17331212280,6.13,81810000000,-766173490.0,5780.0,20251119
066590,2565,2650,2530,2540,88543,226837295,-0.78,98241959980,66075010.0,-1974500.0,20251119
103840,3410,3630,3350,3445,358686,1245536904,0.29,56382344460,1590556.0,,20251119
101970,11190,11330,10750,11010,25020,273364345,-1.52,162837999090,145891725.0,-69632030.0,20251119
046940,3135,3165,3005,3070,65412,201101464,-2.07,55488254500,-77012699.0,,20251119
215380,2120,2250,2025,2130,386189,832937838,0.95,35846996880,-29586485.0,,20251119
065680,39550,39600,37350,38250,10199,389102450,-3.41,353448015750,-124678650.0,400.0,20251119
018620,884,889,862,885,13235,11626352,0.23,25567024305,-635476.0,,20251119
457550,20600,21050,20000,20600,70516,1442102825,0.0,191970534800,174455200.0,60813500.0,20251119
396470,7180,7230,6960,6990,61298,432021050,-3.05,112678800000,-39580770.0,,20251119
307280,5780,5790,5600,5680,46668,264622780,-1.73,40297481360,27218620.0,625180.0,20251119
032940,7140,7290,6900,7170,327383,2335995745,1.85,130445459100,-110713770.0,,20251119
240810,61000,61800,57700,61100,730626,44120502300,-1.61,2999026351100,1659998350.0,584633800.0,20251119
074600,20300,20300,19490,19830,177951,3530835005,-1.59,521291040000,-140632395.0,75234520.0,20251119
104830,33050,34000,32300,33200,70882,2345035625,-0.6,418585600000,-189894025.0,288536250.0,20251119
014190,1416,1419,1389,1417,93404,131054529,-0.14,50161666802,-10590378.0,,20251119
217820,3250,3285,3140,3180,102409,328057705,-2.15,150905497620,-21083421.0,216250.0,20251119
030530,22700,25200,21150,23450,6981274,162272269600,6.83,1811230654450,-8154261350.0,3708523600.0,20251119
012620,7380,7530,7360,7380,12585,93285500,-0.27,32472000000,5539950.0,3026030.0,20251119
136150,20400,20950,19740,19820,118215,2370592935,-3.32,166112014600,43533975.0,20690.0,20251119
382840,8150,8210,8000,8020,30411,245434380,-1.84,122478079620,-82578040.0,-8080.0,20251119
336570,7550,7670,7400,7480,345173,2597901450,-0.93,672967349560,214095355.0,213089770.0,20251119
376980,3535,3540,3440,3495,18755,65548090,-1.55,34133547030,5559755.0,-15.0,20251119
008370,5150,5230,5120,5210,7173,37160740,0.0,62520000000,304650.0,-754630.0,20251119
008290,484,498,484,486,22434,10967194,-1.02,19777127994,222430.0,,20251119
101160,22000,22200,21200,21750,84743,1841608650,-1.58,359114097750,-288949500.0,263433650.0,20251119
336060,1054,1054,1030,1046,100558,104504033,-0.76,50370339200,-18346935.0,,20251119
095270,4600,4750,4475,4610,41277,188818030,1.99,66256791660,32253350.0,,20251119
289930,7990,8090,7890,7990,49573,395788490,0.0,100031548070,-53035670.0,6515590.0,20251119
065950,1701,1837,1602,1701,86974,147588680,0.0,48021444702,33282701.0,,20251119
076080,1173,1198,1160,1165,15233,17755693,-0.68,26322191740,-2676027.0,0.0,20251119
043590,619,619,599,599,59372,35863198,-3.39,16254920438,-661775.0,-4793845.0,20251119
196700,1387,1549,1386,1517,715072,1060556275,9.45,21790406448,44648772.0,0.0,20251119
069080,12500,12650,12310,12600,70676,884139355,0.8,435971138400,-15319005.0,-15095250.0,20251119
053580,10330,10590,10210,10510,36796,382606070,1.45,143316966480,192428200.0,-123719800.0,20251119
479960,10390,10480,10000,10140,7584,76986880,-0.49,69469140000,4160330.0,,20251119
377460,0,0,0,4080,0,0,0.0,253187202960,,,20251119
044340,5420,5630,5420,5590,10396,57756710,3.33,99912445750,11080760.0,-5030140.0,20251119
330350,6670,6670,6410,6420,25627,166116130,-2.43,84757732380,27126640.0,-20.0,20251119
348350,8350,8500,8070,8270,35852,297471215,-0.84,84218372000,-10798745.0,-7136290.0,20251119
112040,26250,26250,25200,25350,152799,3902705200,-3.24,860594044050,-1325564750.0,-11716050.0,20251119
101730,6190,6280,6140,6160,46787,289672900,-1.44,516228241760,-40332240.0,-215500.0,20251119
123420,8140,8280,7880,8060,20534,166558660,-1.71,85051812040,40760260.0,700500.0,20251119
065370,5480,5510,5250,5310,26048,140247485,-3.1,39208795740,20886570.0,-27090.0,20251119
038620,574,574,559,571,224892,127352623,-0.17,43241524515,-3570610.0,88.0,20251119
299900,688,698,678,691,514174,354107408,0.29,118194778844,35616188.0,14195137.0,20251119
036090,632,643,616,630,256367,161484109,-0.47,74587138920,-9109229.0,,20251119
459100,6910,6990,6760,6930,45268,310515650,0.43,87609060000,61963640.0,26515180.0,20251119
136540,11840,11940,11760,11840,5685,67373530,0.0,145392192640,-38187270.0,32482560.0,20251119
097800,517,530,500,511,504976,259370157,-1.16,69726067019,12540065.0,,20251119
192390,2130,2155,2100,2105,11908,25252150,-1.17,23222842045,-2351965.0,,20251119
335870,1652,1735,1641,1658,23634,39596640,0.36,27772284234,7523822.0,,20251119
900340,846,1030,843,917,4975035,4742166425,8.39,46153460976,76233639.0,,20251119
036200,10530,10620,10000,10210,691918,7108663035,-3.95,313081716830,-797347965.0,-89133130.0,20251119
018000,1177,1177,1140,1154,1107912,1281262668,-2.04,255858166028,-101812139.0,-2308255.0,20251119
203450,2945,3020,2895,3010,38862,116030500,2.03,42377811070,5724350.0,,20251119
011320,4700,4800,4675,4790,218842,1039099282,1.91,92546129050,-137361563.0,69742584.0,20251119
086390,14120,14300,13550,13730,214453,2963056225,-3.51,290171549980,1041138575.0,-1108286555.0,20251119
241690,3705,3985,3555,3655,1337065,5004301365,-1.22,89440430430,500763727.0,,20251119
142210,5210,5270,5070,5130,116608,603813150,-1.54,107781664230,77655070.0,76950.0,20251119
389680,514,522,503,512,219430,111855779,-0.39,21295342080,25660814.0,,20251119
088340,17120,17700,16620,16940,142817,2441530400,-1.05,73825671920,77366965.0,,20251119
048430,7510,7620,7440,7520,16111,120738320,-0.92,86630400000,9521860.0,20415360.0,20251119
206650,12780,12780,12320,12420,203757,2539604985,-1.9,455159552940,-809830765.0,-30173120.0,20251119
089850,5650,5750,5580,5660,63749,358833040,-0.7,83372926340,-39218335.0,-418530.0,20251119
084440,959,975,940,954,71658,68297563,-2.15,18806011200,2605468.0,,20251119
032620,3825,3880,3795,3800,81594,312272952,-1.04,198349128200,-55276085.0,-2006450.0,20251119
264450,9340,9340,9010,9250,23992,220512030,-2.01,135655810250,-42692795.0,2096840.0,20251119
078070,10770,10820,10390,10540,46657,490991625,-2.14,185554296880,-48864850.0,320220.0,20251119
024800,2350,2355,2305,2350,8858,20634630,-1.05,87071758200,1968850.0,,20251119
054930,21650,22100,21300,21600,18905,410221075,0.93,64800000000,80771650.0,-75.0,20251119
069330,1156,1156,1109,1147,41282,46823763,-0.78,16277181377,-2282729.0,,20251119
049520,2910,2985,2910,2985,29086,85863675,2.4,96258500940,8570525.0,-3058455.0,20251119
444920,2085,2095,2085,2095,28061,58634960,0.48,10977800000,-106590.0,5289655.0,20251119
446150,0,0,0,2305,0,0,0.0,10994850000,,,20251119
450940,2095,2095,2092,2095,1396,2924611,0.0,9511300000,0.0,0.0,20251119
473050,2035,2040,2035,2035,30940,62962905,0.0,14265350000,-702075.0,2040.0,20251119
474490,2020,2020,2015,2020,11563,23299575,0.25,11130200000,0.0,0.0,20251119
493790,2000,2000,1994,1996,10178,20341978,-0.15,10598760000,0.0,-3754335.0,20251119
263770,1891,2050,1870,1975,167760,331974914,4.44,46807839700,21342436.0,,20251119
388720,80800,82400,78500,80500,150353,12093633600,3.21,941591997500,-767867200.0,21825500.0,20251119
340930,2370,2400,2160,2200,619347,1374356115,-7.17,75249790000,95537967.0,,20251119
023410,3370,3450,3370,3410,57784,196530777,0.29,263630042830,30181622.0,516715.0,20251119
056080,11540,11890,11020,11690,536380,6200354265,4.38,438517056880,914789805.0,48188160.0,20251119
468760,2120,2130,2115,2130,10423,22096520,0.47,9031200000,-154565.0,20504640.0,20251119
488060,2040,2045,2035,2040,28061,57378365,0.49,9628800000,-14290.0,20446930.0,20251119
084370,83800,89000,82700,86900,448889,38842168050,2.24,1991404049800,-8359840300.0,7553617350.0,20251119
240600,4150,4240,4065,4130,29309,121557989,-1.67,28613263630,-6171542.0,0.0,20251119
221800,6700,7900,6210,6410,13503081,95078091575,-3.32,72350926360,-729123735.0,,20251119
179900,24200,25250,23200,24700,75941,1854139625,2.7,483611575200,-144205100.0,-243766950.0,20251119
263050,1358,1359,1310,1322,51706,68217737,-1.2,48695679632,-3442638.0,,20251119
191410,1547,1658,1481,1493,661496,1033751971,-3.49,16727952715,-23929298.0,0.0,20251119
372170,33500,34800,32050,32400,16436,536382775,-2.85,258521155200,-33093300.0,-14050150.0,20251119
146060,1192,1201,1185,1197,18507,22056490,0.42,28746667215,-1193440.0,,20251119
072770,1238,1267,950,1242,3992496,4508569144,0.08,92047765986,290545943.0,-13622376.0,20251119
039020,4165,4175,3800,4100,66938,271812540,0.0,92597306900,50779555.0,-5722515.0,20251119
067920,5390,5450,5340,5430,13570,73068930,0.74,59708926170,32590070.0,,20251119
044960,4160,4180,4105,4165,28520,118078681,0.12,52653442695,-12353160.0,20.0,20251119
303530,5680,5950,5640,5680,13649,78263190,0.0,41687218320,4379080.0,-80.0,20251119
296640,5530,5750,5480,5680,11145,62183140,1.61,29412471360,5673070.0,,20251119
302430,7020,7050,6720,6790,56882,389526225,-4.63,66767482320,-53708460.0,,20251119
462350,18600,18830,16950,18350,126635,2294108445,0.94,172796334900,-539125035.0,202161010.0,20251119
274400,4000,4000,3800,3900,6870,26808844,-0.38,35437322700,-595505.0,,20251119
073490,21650,22950,21500,22400,60720,1346304675,3.46,170326150400,-109939050.0,15849300.0,20251119
215790,652,652,616,627,593210,373650116,-2.03,25257534423,56087807.0,,20251119
344860,1619,1635,1600,1601,9611,15526154,-2.08,19260030000,-14183.0,,20251119
469610,36650,39500,35850,36250,779513,29210457300,-2.95,321787625000,-50590625.0,,20251119
088390,9760,9800,9460,9530,17036,162955215,-2.36,89447093320,-18794625.0,,20251119
272290,22900,23000,22100,22150,167930,3758283250,-3.49,448042624700,-1042359000.0,-227457950.0,20251119
053350,8670,8800,8460,8690,71975,619463420,0.23,200053054850,-146500310.0,,20251119
452400,9860,10110,9630,9740,34653,341577220,-1.52,88355708720,6273980.0,,20251119
264850,5020,5090,4705,4840,520763,2557697849,0.0,146625922080,40916070.0,,20251119
054210,8500,8640,8240,8560,128900,1090565695,0.71,216492757600,4408375.0,-18531710.0,20251119
009730,745,745,708,723,250598,179633020,-0.96,44737195356,15763867.0,,20251119
065440,1830,1855,1763,1778,412191,740360758,-2.2,48494985560,54536058.0,0.0,20251119
424870,7130,7410,6810,6940,5412691,38233911370,-3.34,514705578860,1838590920.0,-281468210.0,20251119
115610,1127,1185,1114,1151,330485,377242619,1.05,27206806238,-24652843.0,,20251119
478110,2010,2010,2005,2005,2826,5666145,-0.25,10065100000,0.0,,20251119
131400,1646,1675,1601,1609,459591,744936288,-3.65,95883338138,-13825186.0,,20251119
351330,7850,7960,7540,7620,75035,578358380,-1.3,63158522400,-15170080.0,3810000.0,20251119
080010,6950,7210,6950,7180,21978,154500675,4.06,70615809780,56613900.0,,20251119
086890,5250,5950,5220,5600,1958321,11246757095,6.46,222146573600,1006488180.0,-115639780.0,20251119
047560,17750,17850,17030,17650,36834,645428160,0.0,206497798800,80546100.0,-36335350.0,20251119
900110,1160,1195,1140,1172,192231,224419053,0.0,30808062796,27200429.0,,20251119
239340,1654,1654,1610,1640,75797,123048326,-0.85,44246599760,55019184.0,,20251119
067010,2405,2445,2330,2370,51103,120943638,-2.47,29136780000,5955945.0,,20251119
456070,11800,12500,11000,12050,114872,1369826300,3.17,131366750250,-156862260.0,28275920.0,20251119
102710,45950,46300,43500,45750,163685,7362076400,-1.51,653668497000,-1285655225.0,1716890750.0,20251119
041520,6310,6490,6210,6390,3357,21309310,1.59,77885984700,-5024090.0,,20251119
063760,2200,2340,2165,2290,183306,407230181,4.33,21354547700,28532515.0,,20251119
123570,1950,1957,1911,1955,22638,43784289,0.26,43549732490,-838256.0,,20251119
083470,878,878,856,863,64091,55525847,-1.71,18416703927,455070.0,,20251119
095190,2000,2055,1968,2050,86920,173913194,2.76,133783947100,-62550769.0,221863.0,20251119
091120,7650,7660,7460,7590,61707,464227475,0.13,130038984240,31273845.0,-40638880.0,20251119
039030,274000,282000,261500,274500,147482,40136576750,-0.18,3381716475000,-3280183250.0,8106782750.0,20251119
294090,0,0,0,1490,0,0,0.0,52267866450,,,20251119
088290,989,992,933,949,163302,154757523,-4.33,37846465436,-21689415.0,,20251119
353810,5680,5910,5640,5770,141382,819406275,1.76,190882678400,34784950.0,-17707950.0,20251119
099750,15910,16050,15820,15930,4946,78796150,-0.13,108877981680,8623300.0,-634970.0,20251119
377330,3625,3700,3500,3600,15090,55156545,-0.69,29303834400,-6009175.0,11110.0,20251119
035810,4255,4515,4255,4475,759355,3379487422,4.56,288709927875,418436662.0,214513444.0,20251119
092130,17200,17490,17140,17220,11605,200310085,0.12,207390792000,-3169215.0,4585020.0,20251119
134060,4120,4127,4000,4050,6735,27309958,-1.7,19315462500,618085.0,,20251119
001840,0,0,0,1616,0,0,0.0,36010355776,,,20251119
041830,28650,28650,27600,27600,30498,853581850,-3.66,372072343200,-67053450.0,-1930900.0,20251119
352940,2155,2165,2115,2160,8594,18397760,0.0,23474296800,-806375.0,,20251119
079950,0,0,0,490,0,0,0.0,11368000000,,,20251119
389470,72000,72100,62000,64900,1092795,73351377500,-13.24,802752578100,-4513042550.0,-1862169350.0,20251119
277410,1180,1195,1150,1180,82387,96363504,-0.08,45325575900,7432791.0,,20251119
060150,4060,4100,4000,4075,48179,194791485,0.87,189746718900,58857455.0,869100.0,20251119
033230,1919,1946,1837,1845,1059626,1984684555,-3.81,93200876100,144161129.0,,20251119
450520,3595,3620,3500,3580,61951,219239415,-0.42,52642389240,-5659845.0,,20251119
465480,5410,5500,5350,5400,24566,133124830,-0.74,54743968800,-3637750.0,8127000.0,20251119
037330,1389,1389,1356,1381,15627,21422019,0.36,60605494344,-2436011.0,,20251119
100030,22100,22500,21800,22400,27566,607901725,1.36,73555193600,-15396375.0,219987800.0,20251119
211050,12680,13290,12090,12980,199582,2542018820,4.76,666909804000,-60509290.0,657572500.0,20251119
083640,271,275,269,270,87976,23946112,-1.1,20984494770,-1638001.0,-3057904.0,20251119
064090,1150,1221,1134,1158,154333,178994157,-0.09,57602098710,19809118.0,91390.0,20251119
216050,6590,6750,6510,6660,32162,212845690,1.06,85535858520,7849070.0,273600.0,20251119
049070,13970,14080,13520,13530,78463,1069866345,-2.66,232716000000,-295145265.0,113687760.0,20251119
119610,16000,16150,15420,15620,19636,306187625,-1.76,178282728140,-122838340.0,-96140620.0,20251119
017250,1016,1016,990,998,80847,81232759,-2.25,21003376066,335710.0,1584379.0,20251119
051370,9640,10490,9290,10100,817496,8281640590,5.21,235607467200,945955660.0,-10840.0,20251119
064290,12350,12400,11680,11900,129570,1542997505,-4.03,153081147800,-99496935.0,-70.0,20251119
189300,40000,42800,39200,40700,90605,3736803625,1.75,436846693800,-598955250.0,136722075.0,20251119
287840,58100,58500,54600,55500,425412,24046853100,-4.31,824041800000,1334581150.0,99498850.0,20251119
150840,0,0,0,5850,0,0,0.0,251537720850,,,20251119
048530,3660,3800,3535,3655,186506,688048880,-0.27,124821035110,-108470910.0,3635.0,20251119
115310,67600,70600,66500,69500,5473,373984950,2.81,221905368500,181781800.0,-122009500.0,20251119
039290,5330,5460,5200,5200,16729,88474010,-2.44,45208685600,7989100.0,10690.0,20251119
071200,0,0,0,5860,0,0,0.0,142963243880,,,20251119
101930,48200,50500,46800,50000,18616,906593425,2.88,461644100000,126608525.0,-1955300.0,20251119
333430,6850,6850,6170,6340,292825,1867917840,-2.16,194807575980,382158755.0,0.0,20251119
068330,1630,1640,1581,1593,879610,1415525941,-2.87,70436311020,113560707.0,,20251119
178780,2650,2670,2565,2625,27616,72754045,-0.94,46644136875,343920.0,,20251119
019540,3785,4140,3735,4070,215725,863506183,7.53,54999945000,92851541.0,32604945.0,20251119
094820,10420,10740,10110,10490,68754,716339035,2.74,158175657410,107896780.0,3130470.0,20251119
950140,12740,13220,12670,13080,208436,2713955050,2.67,259871687280,8105765.0,165738690.0,20251119
049550,2905,2960,2890,2940,5820,16926610,1.2,57642454380,-3569470.0,,20251119
389020,34250,34250,32000,32800,24408,802936250,-2.09,203285544000,-191939475.0,-756200.0,20251119
254120,1452,1485,1451,1480,91964,134960155,0.14,45516319600,-12789680.0,,20251119
043910,597,605,588,599,335861,200867978,0.34,67921482743,77446948.0,21297367.0,20251119
234920,0,0,0,5310,0,0,0.0,71849132100,,,20251119
289220,4650,4665,4515,4535,19693,89979787,-2.99,101185922235,5161030.0,6558860.0,20251119
174880,0,0,0,2650,0,0,0.0,11610352250,,,20251119
049630,2220,2285,2045,2060,30842859,66502857706,-2.6,225250061400,-492563181.0,-306209352.0,20251119
417840,9900,9990,9390,9860,50121,483644805,-0.3,71610715000,37765255.0,-49381800.0,20251119
110020,2885,2885,2750,2785,33368,94057826,-3.47,25228652170,-3777879.0,,20251119
208140,2660,2690,2630,2670,107682,286637293,0.38,87266936820,97759902.0,8896930.0,20251119
040420,6490,6530,6460,6490,20653,134180590,0.0,101747312480,18126725.0,2938730.0,20251119
045510,983,983,932,967,14121,13686825,-2.13,31146385364,-2611979.0,754128.0,20251119
217190,8450,9220,8290,8790,196722,1721903955,4.02,77081039460,-3829825.0,95200020.0,20251119
095700,4830,4885,4670,4800,120093,570900337,-0.52,218594371200,-93810920.0,5165175.0,20251119
122310,4670,4670,4545,4620,8054,37077756,-1.07,67238759280,-3025304.0,,20251119
361390,15350,15350,14200,14780,44835,660848310,-3.71,130075661420,-40862230.0,73611710.0,20251119
225220,2075,2110,2000,2110,50641,103612163,1.69,40490944310,-8317713.0,,20251119
123330,17260,18260,16900,17950,105878,1870101295,4.0,143037806000,621467655.0,-296636280.0,20251119
381620,15410,16070,14430,14880,1332959,20267505070,-0.07,195194649600,-1944934145.0,,20251119
159580,3905,3940,3845,3905,23199,90438537,-0.38,78227443580,2694602.0,3915.0,20251119
147830,5830,5940,5690,5880,73969,429639610,0.86,117600000000,-27391010.0,,20251119
033100,34300,34650,33200,34000,91898,3122488100,-1.16,546121906000,718585350.0,-306330675.0,20251119
079370,14200,14200,13260,13730,168077,2313275900,-0.58,425863272700,-773437290.0,459645950.0,20251119
054950,25400,25500,24950,25200,53240,1342166500,-0.59,304665278400,211070500.0,33339150.0,20251119
023440,746,767,700,722,1536829,1125580685,-3.22,63980783768,-52067250.0,,20251119
090470,3920,4650,3910,4435,1124270,4843221840,13.43,77508694390,171390576.0,1143285.0,20251119
137950,3260,3260,3135,3175,16804,53186875,0.63,70700309450,13901055.0,15.0,20251119
033320,4240,4295,4170,4260,60144,254652936,0.47,81427480320,48844281.0,4175.0,20251119
417500,3010,3120,2950,2960,90498,270627803,-1.66,97042842240,6449985.0,,20251119
204270,20700,20700,19640,19850,446059,8938151855,-4.34,1148292050100,1948396410.0,-3568957700.0,20251119
127120,17210,18000,17070,17330,164122,2864108555,0.7,520468579970,-372063515.0,-116435000.0,20251119
026040,2735,2890,2700,2830,106914,300277265,3.47,46705725700,70387160.0,7010180.0,20251119
452160,6030,6310,5980,6210,46462,286165285,2.99,59724842670,76779990.0,,20251119
126880,4025,4025,3890,3985,95555,377476036,-0.99,92471538455,61380494.0,95915.0,20251119
322510,4450,4465,4235,4255,181176,776117968,-4.7,108625435460,157608470.0,-148466100.0,20251119
033050,793,809,784,800,27917,22196086,0.0,26063473600,3336678.0,,20251119
094970,2685,2755,2630,2715,127042,341297142,1.12,45471471600,12346338.0,0.0,20251119
418550,7150,7380,6940,7180,103546,735277945,0.14,229886892140,-110415085.0,-1937730.0,20251119
060230,2475,2625,2425,2450,51027,126397964,-1.01,18722789750,16656427.0,,20251119
420570,8150,8330,7890,8070,6273,50987640,-0.37,47189187810,-4788330.0,,20251119
089790,4210,4370,4115,4245,56182,237786010,0.0,43789352685,43728100.0,,20251119
0010V0,18030,18030,17180,17380,70003,1220602790,-3.5,88731852000,-13449410.0,,20251119
052670,0,0,0,2080,0,0,0.0,60588453120,,,20251119
412540,0,0,0,3935,0,0,0.0,81063616775,,,20251119
199820,9130,9210,8800,9020,162029,1460788565,-0.99,200424400000,278783575.0,-5210230.0,20251119
038010,6220,6230,6080,6190,15571,95932100,-0.16,55710000000,41939060.0,-40.0,20251119
080220,18190,18340,17480,17850,647878,11583248225,-2.67,614804569050,1501496995.0,-542607750.0,20251119
216080,5620,5640,5450,5500,47869,265288930,-1.61,198041349000,-51853970.0,-27513110.0,20251119
337930,4645,4655,4470,4560,128715,584661985,-2.04,135324726000,112656818.0,-34084081.0,20251119
229000,1647,1725,1618,1650,351357,586267555,-2.88,26594412900,19114766.0,,20251119
082270,37900,39100,37200,38450,155065,5934476025,1.59,1629910610850,345944425.0,218308250.0,20251119
034940,1025,1055,1018,1045,55766,57471368,1.46,32373919215,13513325.0,,20251119
067000,1579,2010,1552,2010,6236487,11880970412,29.84,140505926460,-618466098.0,-611818.0,20251119
309930,2530,2530,2435,2440,22147,54528300,-3.56,59748397120,-20438440.0,,20251119
033340,1405,1405,1350,1384,1272603,1758126178,-1.49,134179572272,266079956.0,,20251119
036930,28850,29000,27800,28100,257741,7275223200,-3.44,1328239820100,-505511975.0,-968451350.0,20251119
072020,9800,9940,9700,9800,20830,204558520,0.0,94655132600,132520.0,-2940710.0,20251119
000440,15610,15810,15560,15620,9530,149540370,-0.7,97267770600,26243660.0,150.0,20251119
051980,2885,2970,2800,2815,1602318,4571116786,-3.26,312723160835,237213176.0,19705.0,20251119
228760,24900,25500,24050,25000,197285,4907724675,4.6,609551775000,-157821425.0,-75350.0,20251119
314130,2905,2925,2810,2860,138393,397054525,-1.55,88904572900,-14672575.0,,20251119
389030,1889,1910,1775,1815,892872,1618967398,-3.87,60533598675,166406781.0,,20251119
263860,18790,18790,17850,17970,18508,336241355,-2.34,163160412000,-20226345.0,1731030.0,20251119
303030,737,758,720,742,78094,57232688,0.0,27508677238,-573959.0,,20251119
036180,0,0,0,577,0,0,0.0,53929030348,,,20251119
208350,3110,3170,2930,3130,46509,145676990,-0.48,26609914100,-31166300.0,-1077700.0,20251119
446840,1576,1582,1531,1558,78894,122141627,-1.14,86098652494,15334535.0,12490390.0,20251119
144510,23650,23650,22550,22800,31380,718968975,-2.56,360247843200,77752525.0,10106550.0,20251119
340450,6450,6560,6220,6360,42864,272961555,-1.7,150419043480,18465890.0,,20251119
358570,19110,19110,17800,18420,699142,12855389020,-2.33,1172871451260,-559189640.0,172386685.0,20251119
382480,1990,2020,1952,1993,111439,220707767,0.15,78438780020,63747.0,2711057.0,20251119
382800,2600,2700,2550,2655,94889,248598320,0.76,84511413855,30398935.0,,20251119
051160,6650,6780,6510,6740,25760,171721080,1.51,104297658200,-3117660.0,6650.0,20251119
053050,2515,2555,2495,2550,130928,331775031,0.99,76468372350,-60748582.0,20.0,20251119
388610,13780,14170,13220,13650,82954,1133536640,-0.94,71707667850,258020950.0,7083270.0,20251119
119850,30050,30750,29050,29650,587046,17528993850,1.19,487710151850,-2046918000.0,-1500023075.0,20251119
065060,747,753,725,739,90391,66839236,-1.07,17588794156,12718976.0,8916346.0,20251119
204840,1180,1243,1155,1195,252357,300818937,0.59,92272171170,-71511276.0,,20251119
311320,6300,6380,6210,6240,24098,151567660,-1.89,78714854400,-14534060.0,40.0,20251119
456160,97000,99400,92700,95000,612383,59271829600,-2.96,514854590000,-37663600.0,2224835150.0,20251119
388050,7780,7940,7460,7740,127909,981175095,0.39,144811042380,29907225.0,2523770.0,20251119
018120,18360,18490,18220,18440,1611,29583230,0.44,122093452800,751840.0,-36460.0,20251119
109820,2490,2525,2445,2475,89892,222246865,-1.98,50474259000,43504910.0,,20251119
086060,3860,3950,3805,3845,49181,191006309,-0.39,33107707015,52263320.0,,20251119
036890,11800,11800,11340,11480,69665,801855320,-2.05,252934512040,-18601140.0,20248270.0,20251119
363250,5790,5980,5560,5780,54287,313709210,0.87,40707372440,24132330.0,,20251119
007370,5230,5230,5060,5080,70922,362314565,-2.68,67354500800,-55425835.0,,20251119
285800,1778,1795,1750,1780,45501,80208854,0.11,31109540600,-8587606.0,,20251119
085660,12330,12410,12020,12250,236911,2890146910,-0.97,936220741750,-570643520.0,187974410.0,20251119
261780,2790,2790,2650,2700,43196,116076600,-2.35,72536164200,-17056890.0,,20251119
351870,4605,4755,4530,4665,14267,66109105,-0.74,52064394930,16246275.0,,20251119
094850,6320,7740,6320,6860,8317697,58900730300,10.11,96040000000,-1552346155.0,-307379305.0,20251119
004650,10100,10140,9990,10100,18408,185092140,1.0,92827938500,79927580.0,-1155950.0,20251119
278280,56900,57400,54700,55300,50721,2812824150,-2.98,553000000000,-194307000.0,-244355450.0,20251119
362320,7220,7540,7110,7270,448090,3294512880,0.69,153042878300,-98836375.0,,20251119
066360,730,742,712,735,119369,86582911,0.55,35244731025,9029881.0,,20251119
047820,4900,4900,4725,4795,39989,191550222,-0.31,117256594350,8397928.0,,20251119
094360,14120,14250,13860,13900,91690,1282709355,-1.84,295363518600,3409275.0,-136901220.0,20251119
016920,1045,1069,1035,1051,50630,53173248,0.57,27844708438,10099448.0,-5155130.0,20251119
284620,0,0,0,1087,0,0,0.0,35965517911,,,20251119
293490,15760,15800,15350,15730,124057,1936640985,0.13,1412348110030,-220632460.0,164110810.0,20251119
140430,3725,3995,3500,3775,1785876,6788201529,1.34,72110876725,433655117.0,-42345190.0,20251119
042000,31950,32400,31150,32000,65378,2078655825,0.47,776097728000,86630925.0,-22000750.0,20251119
313760,1440,1686,1440,1607,638674,1007525746,10.6,18009947902,73658096.0,,20251119
317530,3910,4015,3850,3850,21511,83925060,-1.53,38651897900,-5048500.0,0.0,20251119
071850,1611,1626,1600,1625,11769,19025959,-0.06,39424024250,-84089.0,,20251119
198080,2145,2210,2100,2190,69497,150198125,1.86,47162055150,15163330.0,,20251119
210120,1140,1367,1059,1282,4995740,6314588945,9.01,31072446796,490232519.0,1249944.0,20251119
050110,707,707,680,696,138096,95623360,0.0,51381586128,-25161557.0,-678269.0,20251119
452300,2500,2510,2440,2455,64850,159554956,-2.0,34663384775,-16585540.0,,20251119
451760,8380,8720,8250,8580,48210,409821745,1.42,130863841680,168749185.0,-4612940.0,20251119
900310,580,675,575,593,1945024,1216897814,2.24,37976713275,10258817.0,,20251119
078340,31250,31550,30600,31500,49267,1531011950,0.8,401239282500,74923200.0,7282500.0,20251119
063080,18600,18740,18070,18320,17135,313167840,-2.35,120823917440,-161562040.0,-314630.0,20251119
307930,5480,5590,5390,5510,98427,538473520,-0.18,86011100000,242912310.0,0.0,20251119
079190,482,510,470,492,207862,100969982,1.03,18870912888,-1173072.0,,20251119
263700,3400,3405,3155,3205,181998,585616458,-5.04,62222511000,228032404.0,-316983332.0,20251119
214370,65500,67600,63300,64900,113356,7387439450,-1.96,3486103500000,-472141650.0,121993900.0,20251119
221980,10510,10540,10380,10480,1881,19612490,-0.76,42284704000,1400380.0,-8188840.0,20251119
038530,262,262,254,256,848971,218095111,-2.29,29622872832,18793000.0,,20251119
192250,10680,10860,10470,10470,22581,238717980,-2.15,73992798750,45635490.0,,20251119
431190,5400,5590,5180,5190,724350,3903454015,-1.7,38854633980,254955265.0,0.0,20251119
115500,9900,10050,9700,9800,30223,297886530,-0.51,117600000000,38539270.0,9920.0,20251119
089150,3140,3205,3095,3165,58036,183757567,0.8,54279750000,59221883.0,5.0,20251119
025880,2700,2715,2650,2690,28347,76137193,-0.37,44965658020,-9603287.0,1622440.0,20251119
093320,83200,84200,81600,83000,11705,967520050,-0.24,405040000000,236785350.0,-344725900.0,20251119
093640,3500,3550,3420,3495,27941,97627227,-0.14,114020359245,-14586667.0,,20251119
073010,4740,4815,4575,4735,290889,1369333279,-0.42,190305568750,388848005.0,,20251119
105330,5750,5750,5400,5590,32691,181391770,-2.27,89775556520,-31743270.0,,20251119
053080,11650,11700,11240,11380,29928,342249510,-1.04,147937803660,-137521720.0,,20251119
199430,22900,23100,20600,21750,1008534,22058325900,1.64,237014382750,-5164133475.0,150.0,20251119
432470,10190,10550,10110,10110,13208,135459390,-1.56,88680431160,-15745960.0,,20251119
272110,28750,28900,27450,27950,149494,4192382600,-3.95,224309790250,-396853325.0,-400103275.0,20251119
039420,2760,2820,2755,2775,59425,165416740,-0.18,67029375750,5345155.0,57578810.0,20251119
083550,3625,3745,3540,3710,65202,238855075,1.64,48047790770,-23626660.0,,20251119
032500,15000,15000,14110,14670,259535,3785306275,-0.54,600077949030,-508513325.0,-39850225.0,20251119
225430,597,597,577,578,37751,22052740,-3.18,16118714900,-4218592.0,,20251119
102370,4160,4290,4120,4175,125419,527491184,-0.6,113681951750,-838090.0,4209525.0,20251119
068100,2880,2925,2845,2845,16709,48029820,-0.35,28278201830,-15752235.0,,20251119
106080,1240,1245,1189,1192,546733,658334458,-4.26,33172951144,58044258.0,4166.0,20251119
455180,3870,4670,3805,4195,814839,3509573274,8.4,52931259890,604694113.0,3122170.0,20251119
036030,5690,5760,5490,5720,86274,487249420,0.7,280390298760,33994580.0,85657315.0,20251119
064820,10930,11050,10420,10850,313366,3366843650,0.18,335283748800,475768890.0,27324590.0,20251119
024880,5290,5320,5130,5290,37213,194418665,0.76,109412001420,12809280.0,0.0,20251119
042040,208,218,203,210,573088,120217248,0.48,40980570540,4408444.0,7357209.0,20251119
054410,3540,3540,3430,3480,5337,18613290,-1.69,19928025120,469890.0,-286715.0,20251119
258610,1495,1513,1415,1438,102107,146884365,-4.07,38519897254,49788359.0,,20251119
274090,10450,10610,10010,10320,93086,963290690,-1.99,135241020000,-557545.0,33855420.0,20251119
089010,28800,29500,27650,28750,543277,15587597625,0.17,469755536250,-669811350.0,136486525.0,20251119
220260,3920,4000,3845,3860,102216,397809275,-2.53,102515065020,-47326835.0,54885.0,20251119
052400,43600,45650,43425,44600,110077,4929700525,2.41,649522778600,1894008575.0,36213725.0,20251119
402030,22000,22200,21250,21800,30781,670628475,-0.23,272881238400,42063075.0,107207650.0,20251119
391710,2250,2470,2165,2180,1196580,2750952385,-3.11,91701887480,-144225367.0,,20251119
046070,0,0,0,10280,0,0,0.0,159196994920,,,20251119
047770,2930,3000,2835,2860,1667309,4852787923,-2.39,108229841720,-114114803.0,,20251119
080530,1129,1140,1112,1127,33681,37912968,0.09,62560756125,2145397.0,,20251119
104540,5040,5130,4960,5080,63308,318978450,-0.39,64951559200,34262820.0,,20251119
027050,2265,2430,2260,2310,1358040,3197893877,1.76,92400000000,-149528409.0,,20251119
190650,6880,6950,6810,6920,4818,33153505,0.44,44204960000,-4181790.0,,20251119
123410,6200,6470,6100,6320,406361,2574561215,2.93,175955524480,408920095.0,200178465.0,20251119
036690,0,0,0,2885,0,0,0.0,45885746130,,,20251119
049430,11410,11970,11220,11840,47545,557240035,3.77,107128320000,111140540.0,136428855.0,20251119
183300,89000,91400,86200,88600,108493,9650503050,-0.45,926816602400,-2059889600.0,1239255700.0,20251119
041960,6080,6370,5950,6220,233880,1452481425,5.25,458779070460,330957555.0,-5377430.0,20251119
089890,28400,29100,25950,28300,161408,4501646350,-0.35,469354424600,-699868550.0,2028213975.0,20251119
360350,6940,7090,6870,7020,6013,41703920,1.89,40048889400,-2610980.0,-5742940.0,20251119
082660,0,0,0,480,0,0,0.0,47827617120,,,20251119
222040,2985,2990,2915,2960,29532,86830015,-0.84,61058880000,-33848295.0,,20251119
241710,69100,74600,68400,71300,111193,7972955550,3.94,761484000000,1467079000.0,259104700.0,20251119
355150,12440,12580,11690,11890,74708,894071160,-4.34,92710491500,-65412490.0,-6148980.0,20251119
166480,1335,1370,1306,1360,347649,466643872,1.95,44703711360,65642242.0,-100564503.0,20251119
045970,5380,5580,5340,5470,80406,438002470,-1.08,143942371720,112595230.0,,20251119
196450,830,830,800,805,33752,27312982,-3.48,36482263510,1820837.0,,20251119
384470,3320,3435,3300,3385,86668,292452822,1.2,60749552420,64517022.0,-3370.0,20251119
102940,40400,40550,36400,38250,120378,4630940125,-5.79,475194552750,172122250.0,33935975.0,20251119
950160,56700,57300,53000,53800,527535,28723060750,-5.28,4477304057000,1232548100.0,-1139056450.0,20251119
033290,1996,2090,1989,2035,48232,97404301,1.95,114278072535,4859206.0,6015.0,20251119
056360,5320,5480,5200,5250,46312,245653080,-1.69,51433200000,76956530.0,-62400.0,20251119
282880,14780,15030,14350,14810,53911,795151760,0.61,169861369700,134554330.0,56960020.0,20251119
121850,0,0,0,565,0,0,0.0,17297008875,,,20251119
448710,17390,17890,16820,17750,49468,863784205,3.44,93375454750,102737190.0,5289260.0,20251119
126730,12070,12350,11850,11980,49259,591346580,-1.48,101871450800,66980140.0,116493600.0,20251119
015710,3470,3530,3405,3480,22911,79514415,-1.0,61006140000,7800905.0,,20251119
052330,8580,8720,8540,8600,7126,61405960,-0.12,152749665400,7087320.0,5096910.0,20251119
322780,1572,1572,1481,1489,337497,514928161,-2.68,61441049233,-154528087.0,,20251119
200130,12800,13100,12800,12930,32699,422971680,0.47,380343164940,117218870.0,6603790.0,20251119
294570,31350,31950,30450,31500,38130,1191487175,0.16,317889558000,381141675.0,28286450.0,20251119
317690,4085,4185,3895,3915,134617,537640699,-4.16,76644037215,-37350926.0,,20251119
227100,0,0,0,612,0,0,0.0,14770119384,,,20251119
432720,14250,14850,13650,13900,80232,1121672470,-2.46,195887306800,120785990.0,,20251119
365270,5100,5100,4430,4565,655030,3018011702,-8.7,95906792575,-28237150.0,-157260.0,20251119
348080,962,969,870,908,321166,297126873,-5.61,74262408952,-2473202.0,,20251119
060280,10200,10270,9810,9990,237794,2377615245,0.2,410489000100,-168819930.0,40812150.0,20251119
372320,42000,42400,40250,40850,57902,2383132050,-2.74,589572281900,-78425175.0,444654600.0,20251119
051780,1067,1068,1020,1047,119199,124982010,-2.33,24334630515,30412626.0,,20251119
115180,27250,27250,24250,26000,439224,11218652975,-4.59,931811218000,654350225.0,-491471125.0,20251119
494120,46450,51400,46000,49050,1986552,96609541200,7.45,373078322100,-397791375.0,1283105450.0,20251119
445680,72800,73300,68400,72800,175732,12512020400,0.14,1243863784800,-1338707850.0,175383900.0,20251119
182360,12870,12950,12700,12900,46124,590965710,-0.08,200593052100,115350100.0,22222860.0,20251119
405100,14560,14620,14080,14200,52367,747571505,-2.47,174508074200,-37268025.0,9138720.0,20251119
066310,7500,7580,7350,7450,35841,267669500,-0.67,69073576450,44438860.0,10.0,20251119
016600,241,244,237,239,316396,75549317,-0.83,42601059768,-2204220.0,284248.0,20251119
355390,4650,4695,4530,4600,71066,328211352,-0.33,62574609600,34023498.0,,20251119
096240,12290,12400,12250,12310,11242,138428215,0.08,137110995800,36897560.0,4509610.0,20251119
040350,269,286,260,277,1074041,296084950,2.59,54071874194,67918176.0,,20251119
110790,4175,4210,4085,4200,12797,52911855,-0.71,98410032000,7589165.0,-8066265.0,20251119
900250,733,737,719,730,306488,223548710,-0.41,95367202920,47630405.0,,20251119
045520,3465,3465,3420,3450,5716,19664362,-0.43,22425000000,299220.0,-961800.0,20251119
214150,55500,55800,54000,54300,170362,9330881150,-2.16,3556957283700,902613300.0,50227600.0,20251119
466100,38800,39500,36050,37100,1233040,46493199275,0.13,927208356900,-946718800.0,764491750.0,20251119
237880,13050,13160,12980,13080,38511,502878265,-0.53,236373297240,-98140970.0,22321425.0,20251119
139670,2045,2085,2025,2055,23399,47802180,0.49,29014154550,-1116280.0,-7342220.0,20251119
475430,4390,4405,4300,4370,24949,108539800,-0.46,77996240700,-32674940.0,4609560.0,20251119
487720,2095,2115,2090,2100,15942,33476370,0.24,8883000000,-16780.0,31499395.0,20251119
489480,2035,2065,2035,2050,15018,30783400,0.49,13530000000,-8165.0,30746495.0,20251119
054780,4015,4110,3900,4005,56930,226641182,-0.25,78729460965,-10665142.0,-20.0,20251119
256940,10030,10030,9030,9320,182694,1748403075,-7.63,187128330040,-559586680.0,58800.0,20251119
219130,17170,17180,16210,16720,95855,1605467890,-2.68,105574928800,561686180.0,-109976150.0,20251119
336680,4090,4090,3930,4000,81445,324372707,-1.6,156582232000,-111106606.0,1904822.0,20251119
360070,21200,21800,20900,21250,26944,569725500,-1.39,173082163750,-142529425.0,21650.0,20251119
065130,3315,3325,3250,3300,15030,49459160,-0.45,53890590600,-7004290.0,,20251119
134580,1857,1927,1825,1894,81297,152355844,1.01,93363118206,12316144.0,,20251119
023160,23000,23300,22100,22650,254117,5751031050,-1.95,600225000000,2268755150.0,-1907100150.0,20251119
323280,37500,37700,36100,36950,371243,13734139850,-4.27,1127001973500,-577830250.0,121055450.0,20251119
053620,6020,6050,5980,6040,4954,29850930,0.17,51944000000,23870.0,-84280.0,20251119
044490,24050,24450,23000,23800,102243,2413054300,0.42,476175667800,831917850.0,16146000.0,20251119
124560,2675,2710,2635,2700,101026,270569881,0.56,104546189700,46603496.0,2685.0,20251119
191420,17000,17420,16510,16530,3639,60911750,-2.3,134039026020,-47098310.0,,20251119
073640,0,0,0,654,0,0,0.0,69571715580,,,20251119
066700,2685,2710,2605,2670,91733,245344215,0.75,99196843920,1957670.0,11710005.0,20251119
095610,44150,45350,41550,43900,281378,12356127750,-0.23,867825121400,-2824597900.0,1367293325.0,20251119
064520,1673,1673,1544,1591,116183,183984036,-4.73,35560539642,2520319.0,,20251119
089030,52000,52600,49400,50200,685528,34656952125,-5.1,1860092979000,9379698150.0,-8412310075.0,20251119
054450,11550,11560,11090,11130,131595,1476434540,-3.72,168555313290,-412254845.0,-1685910.0,20251119
200230,990,1000,960,969,833243,809245420,-2.02,66399303477,34153383.0,-359811.0,20251119
393210,5510,5600,5410,5420,99912,545330860,-3.21,84630828480,12300230.0,0.0,20251119
475960,38600,43350,37150,41400,484605,19915791275,7.25,551521443600,3364176800.0,386572900.0,20251119
215480,2030,2075,2030,2055,22290,45760856,0.74,18864900000,6415297.0,,20251119
051360,14600,14800,14300,14550,93307,1358981990,-0.27,230283693900,-20060420.0,259285310.0,20251119
045340,6580,6800,6480,6680,69653,462920235,1.52,57167707200,146560965.0,-54654840.0,20251119
108230,4440,4440,4290,4425,112136,487016206,0.0,168252859125,-113716725.0,13155250.0,20251119
079970,0,0,0,596,0,0,0.0,7296321400,,,20251119
199800,68900,69400,63000,64300,95389,6321012300,-10.2,568628755300,-1001507700.0,-195343400.0,20251119
417790,7610,7710,7500,7640,16849,127962170,0.39,84037326000,19547350.0,6158170.0,20251119
290090,7280,7280,7090,7160,3585,25659325,-1.65,53272318880,728820.0,7290.0,20251119
026150,5350,5420,5210,5350,22007,117417795,0.0,93872870850,-3561735.0,-50.0,20251119
464280,8910,8910,8630,8630,21531,187361810,-1.26,47723900000,33334840.0,,20251119
117730,15930,16430,14610,15410,1190137,18360060705,1.12,332586247950,-1988821645.0,-287703185.0,20251119
033830,622,623,611,623,45909,28330424,0.16,62300000000,,3562306.0,20251119
057680,853,880,820,841,106300,90061305,0.12,59919989341,-7513531.0,,20251119
204610,1832,1838,1783,1800,151316,273349032,-1.85,105645096000,-41287152.0,-62114066.0,20251119
125020,3170,3195,3070,3185,157910,495792290,-0.47,111597781750,58892150.0,-81643275.0,20251119
064760,155400,162200,150900,156400,38860,6110548400,1.36,1825970000000,-963702100.0,1541966750.0,20251119
246710,1502,1607,1395,1422,3848615,5809064411,-5.2,63907086024,280968696.0,629677.0,20251119
340570,44450,47450,43450,47350,74823,3454493025,5.34,384860800000,-94607075.0,1308647925.0,20251119
043220,0,0,0,171,0,0,0.0,27227331873,,,20251119
277880,5150,5250,5080,5120,96114,493144565,-1.73,103455989760,21279930.0,,20251119
131290,52300,54400,50100,53100,92959,4898164150,1.14,587361879900,795470400.0,-441463300.0,20251119
425420,40500,42550,38000,40900,138187,5627739050,0.99,489193039000,-1375225550.0,1710670025.0,20251119
484810,13760,14380,13340,13550,136105,1873899105,1.5,209359898250,-18359635.0,16670250.0,20251119
131100,1339,1366,1323,1335,4838,6472439,-0.3,43049376540,-1108810.0,-1198931.0,20251119
356860,67000,74200,63200,70300,849713,59652413800,3.84,691233889000,3824332600.0,-1967498900.0,20251119
321550,6950,7050,6500,6590,643029,4300924340,-5.72,178884950310,-369531000.0,-405652700.0,20251119
425040,7830,7900,7520,7750,99084,767269085,-1.65,165300385500,-20999650.0,-50565320.0,20251119
241790,6940,7030,6770,6890,24558,168170395,-1.43,68918148260,-11193855.0,-6838900.0,20251119
022220,723,733,706,714,38884,27646023,-1.24,36981329406,-2688798.0,-5793732.0,20251119
104480,1682,1686,1637,1642,143457,238157928,-2.26,149250302628,6406366.0,7634799.0,20251119
081150,2875,2950,2855,2910,62486,181024540,1.39,70621049820,19239710.0,,20251119
130740,1752,1752,1610,1720,54824,93924456,-1.88,19395887880,-13760521.0,,20251119
084730,7380,7550,7370,7480,11453,85076280,0.4,83098491520,7927390.0,-7398460.0,20251119
440110,24500,24500,22600,22700,771132,17930745600,-8.1,1122552069100,-147278500.0,-40770600.0,20251119
288330,1066,1110,1059,1065,505925,546592454,-0.09,93300245160,154981617.0,,20251119
033540,1108,1108,1075,1096,126659,137530664,-1.35,41375165048,11166198.0,,20251119
388870,6100,7760,6030,6840,6230129,45279634885,14.57,88550174880,408104740.0,5540.0,20251119
043200,939,969,916,950,155498,145873278,1.28,39714099250,36575113.0,,20251119
214450,455500,456500,440000,447000,59705,26818482500,-0.78,4644172656000,-1108832250.0,1869312250.0,20251119
208340,0,0,0,2915,0,0,0.0,233786229820,,,20251119
177830,2900,2930,2885,2885,21887,63520390,-1.2,38930048635,-23572320.0,,20251119
037070,6690,6810,6690,6750,41166,278538120,0.45,135000000000,53334850.0,13620.0,20251119
150900,4435,4520,4370,4500,14176,63408103,2.04,52647399000,-1476685.0,12742795.0,20251119
037030,2510,2535,2420,2480,365005,900241355,-1.59,62495796640,108693065.0,,20251119
047310,3940,3990,3875,3890,161652,632801652,-2.14,142415836950,-179332285.0,7835.0,20251119
368770,6800,6870,6410,6600,159471,1054466370,-2.65,216837885000,75314020.0,20552960.0,20251119
170790,9040,9300,8910,9200,37702,343153030,1.77,61813778800,108178520.0,0.0,20251119
049120,860,860,820,820,108890,90913281,-4.65,43466821580,9068071.0,,20251119
038950,3285,3355,3150,3300,2230,7280065,0.46,33695524500,-380690.0,30.0,20251119
387570,7450,7510,7290,7480,17303,127494940,-1.32,42081732000,-48221820.0,,20251119
441270,8810,9280,8710,8950,874746,7882157750,2.87,336878653350,103157635.0,199480045.0,20251119
106240,1349,1412,1292,1301,213201,286726071,-4.34,22116141340,-86664428.0,18506216.0,20251119
131760,837,844,812,831,125243,103023211,-0.95,36091645473,2206142.0,-1793192.0,20251119
065690,961,987,959,959,55871,53760791,-0.21,13473308429,4487596.0,,20251119
140860,235500,248000,227000,242500,46213,11011505500,2.32,1696378922500,-3948514000.0,3204269500.0,20251119
091700,6910,6910,6730,6790,163980,1111837640,-2.02,387030000000,-280025300.0,-48025850.0,20251119
032800,566,566,514,530,230102,122790589,1.53,24357240740,-14121705.0,,20251119
318010,3535,3535,3450,3535,7094,24760790,0.0,28030209830,-1656905.0,-3398880.0,20251119
027710,1156,1173,1151,1171,139501,162305211,0.69,130468838600,73254317.0,,20251119
225590,888,889,872,880,35523,31311450,-1.79,23440307440,-7878544.0,,20251119
054300,628,663,623,656,698791,453861603,4.46,75926679840,4052001.0,,20251119
068050,1850,1866,1827,1832,141717,260945622,-1.93,50735547232,65773074.0,15066858.0,20251119
222110,5600,5740,5440,5720,11282,62885770,2.14,77186806840,-17037370.0,,20251119
271830,1750,1815,1720,1760,127965,224297655,-0.85,51902755520,-17992531.0,,20251119
263750,38750,38850,37850,38600,153074,5876459625,-0.26,2479967203000,327839400.0,622682450.0,20251119
251970,51000,53100,50100,52700,43213,2257650900,3.74,653480000000,-62304800.0,625648600.0,20251119
168360,18990,18990,17970,18360,76837,1412647740,-2.86,390852894240,-683312670.0,-10104320.0,20251119
087010,313000,345000,298000,334500,429439,140381661250,7.21,7799653575000,6332109000.0,3325126250.0,20251119
064800,806,806,776,787,320537,251222351,-1.5,100584343526,-137708458.0,-10231.0,20251119
119500,2940,2960,2880,2910,86997,252426956,-0.85,34475445120,34327400.0,5.0,20251119
389140,8670,9070,8380,8750,316545,2699398415,0.92,97735181250,1403020840.0,-4356260.0,20251119
105760,5350,5360,5000,5280,27348,143086220,-0.75,53666168160,16255300.0,,20251119
009520,15230,15700,14900,15400,406650,6235776510,0.98,641297626200,664889740.0,-145232620.0,20251119
189690,2090,2110,2060,2100,81189,170364080,0.96,57376134900,26918975.0,1776135.0,20251119
318020,4400,4535,4270,4390,56035,244591205,-1.46,55587374080,3838065.0,93365.0,20251119
256630,1046,1073,1038,1067,15787,16616418,2.01,61882875824,-1784236.0,,20251119
331380,2710,2760,2615,2700,531690,1432366297,2.47,65447562600,66534000.0,,20251119
208710,2540,2540,2290,2400,61201,144711605,0.0,31632316800,31304030.0,,20251119
472850,7790,7880,7670,7700,34472,267560965,0.13,249048284100,116220340.0,-10166290.0,20251119
039980,1937,1968,1908,1941,502751,975182224,0.21,141263604216,275626047.0,,20251119
041910,6120,6240,5990,6150,35051,213920260,0.0,83034883050,-3898200.0,,20251119
234100,1053,1079,1036,1066,164636,174048974,1.23,74801808432,6715142.0,,20251119
041020,4630,4775,4530,4730,246319,1149842687,2.27,235201605540,192986743.0,42249270.0,20251119
114630,501,511,491,505,175147,87984961,0.8,44413511740,-6091936.0,,20251119
290720,2235,2240,2070,2090,25193,53269200,-0.24,71826726950,287070.0,,20251119
005670,6150,6270,5990,6180,147448,909055185,1.98,61800000000,253838520.0,-149774015.0,20251119
094940,7350,7560,7260,7350,67222,498559175,0.0,61456187100,65215700.0,-110.0,20251119
057880,0,0,0,8790,0,0,0.0,216061434720,,,20251119
007330,10450,10480,10340,10390,13604,141706125,0.19,156710292000,40953410.0,,20251119
093380,2670,2670,2650,2655,6060,16086250,-0.56,26229576015,-183120.0,-1433735.0,20251119
023900,9300,9350,9080,9330,12834,119284555,0.0,117558000000,-4012450.0,-1229170.0,20251119
371950,8800,9020,8400,8680,40010,346647200,-1.36,196710916640,-41491430.0,-37065920.0,20251119
370090,11550,11690,11220,11510,23630,269659185,-0.86,98489113300,66790470.0,11140.0,20251119
445180,8670,8670,8280,8450,118372,1000138845,-1.97,145248638600,-284116795.0,4239360.0,20251119
151910,58,58,46,49,14808562,741617396,-20.97,9313514378,-23961.0,,20251119
220100,31750,32000,30350,30600,1020261,31701635350,-3.62,676325943000,2436802150.0,456673275.0,20251119
035200,3450,3485,3325,3430,62422,212401772,-1.86,33375923700,-2318330.0,,20251119
334970,2890,2965,2800,2910,109965,315354536,0.69,226260173670,42411277.0,7563485.0,20251119
321260,1967,1981,1815,1848,659968,1231354771,-7.0,52098971232,124887708.0,,20251119
053610,36150,36400,34450,35050,80296,2829454925,-2.91,385550000000,-286425675.0,548032300.0,20251119
468530,65000,70500,63100,66800,1222081,82614171650,1.06,726248998800,4195263500.0,3579731550.0,20251119
303360,4980,5090,4835,5070,33775,167897065,1.0,65287480050,-9343230.0,31425.0,20251119
377220,1314,1369,1310,1369,80066,107531575,4.19,38756390000,16904389.0,55775.0,20251119
335810,2740,3505,2710,3005,976537,3124178067,9.67,34901650630,-26187579.0,55435460.0,20251119
053160,6900,7060,6740,6800,6521,45030375,-1.45,40800000000,2852585.0,125.0,20251119
405000,7310,7310,6910,6920,3655,25633180,-4.16,26562032480,-956350.0,,20251119
041590,0,0,0,2370,0,0,0.0,116064014460,,,20251119
367000,4560,4560,4270,4390,8746,37875700,-0.23,36824228730,-41640.0,,20251119
075130,2360,2360,2290,2335,76393,177217915,-1.27,38813117200,-4571071.0,,20251119
237820,4645,4770,4570,4705,23972,111503225,0.86,60351693700,37087625.0,,20251119
023770,3780,3900,3700,3850,29825,113928335,1.58,34444005750,13660250.0,,20251119
019570,275,276,269,273,289463,78875907,-0.73,18321041466,-6933659.0,,20251119
300080,16410,16640,15940,16450,181016,2947241175,-1.02,271514668950,602077240.0,-400515660.0,20251119
033790,3800,3805,3615,3685,222600,817726984,-2.9,250717527885,-72052515.0,,20251119
032580,1120,1140,1098,1113,185703,206274492,-0.18,36875987232,50234576.0,,20251119
051380,1983,2015,1950,1977,31877,62936662,-0.3,30327322344,-11926349.0,95054.0,20251119
241820,0,0,0,6040,0,0,0.0,16803871920,,,20251119
452450,7680,7730,7200,7460,569177,4218261200,-2.61,267653610000,-103394910.0,-458250.0,20251119
237750,4455,4595,4440,4575,3713,16631235,1.78,29721945000,-1979010.0,0.0,20251119
460940,10820,12040,9910,9960,1214126,13495230260,-5.14,65394770400,-221090745.0,-11712110.0,20251119
319660,33000,33750,31700,32800,326553,10685239350,-2.09,950108219200,1163708825.0,-774569175.0,20251119
031980,48150,50800,46600,49150,163185,7989383800,0.41,1059791714250,-811544125.0,1770777075.0,20251119
002230,3985,3995,3965,3995,5204,20677880,0.38,76998910900,-2140665.0,829315.0,20251119
043370,11030,11180,10320,11030,23915,261347510,0.0,231630000000,-21629220.0,-3055010.0,20251119
239890,4580,4850,4480,4680,58929,273460610,1.19,46499333400,51806970.0,-25822090.0,20251119
347740,2480,2510,2440,2500,62408,154975336,0.81,75026440000,-26987830.0,-4170531.0,20251119
137400,40950,41350,39500,39800,141456,5664686600,-2.69,944974822800,-529138600.0,-253743450.0,20251119
257370,2170,2230,2105,2155,57734,123850884,-0.69,26947975455,38018178.0,,20251119
147760,3040,3115,2875,2975,36165,110175645,-2.14,32189101350,4215340.0,,20251119
128660,2685,2685,2660,2675,4476,11951180,-0.19,66349012075,-4710800.0,,20251119
006140,5020,5100,4960,5080,23275,117088730,0.99,76200000000,-36011510.0,,20251119
376180,2630,2650,2535,2585,45194,117329003,0.39,47980283230,-2924062.0,,20251119
304840,1810,1812,1682,1694,365460,629886242,-6.41,35960758834,50650990.0,,20251119
087600,5640,5700,5550,5650,2311,12949310,0.0,46141052700,-1962280.0,,20251119
291810,4415,4745,4220,4720,176297,793723595,6.91,53660320640,156624663.0,,20251119
378340,13470,13840,13190,13380,29107,390485115,-1.33,287173361160,-63645850.0,,20251119
161580,40600,40650,38500,39550,388239,15328071800,-1.86,925578643850,-837360875.0,322183225.0,20251119
347770,1453,1465,1423,1440,50127,72122419,-2.04,32914140480,8697220.0,1.0,20251119
163730,12250,13100,11950,12650,378783,4779920360,4.2,118993085200,77056425.0,-23754090.0,20251119
417180,1833,1859,1800,1823,85257,155624572,-1.51,31991139729,56438766.0,-36609031.0,20251119
454640,2105,2110,2105,2105,15652,32997460,-0.24,11369105000,-2105.0,-16791380.0,20251119
469880,2070,2070,2070,2070,22957,47520990,0.49,15121350000,-4140.0,2070.0,20251119
469900,2065,2075,2060,2060,5910,12178025,-0.24,11546300000,-43290.0,0.0,20251119
475240,2125,2125,2100,2100,721,1517370,-0.47,6720000000,-6315.0,1123730.0,20251119
475250,2090,2090,2080,2090,46,96040,0.0,7733000000,0.0,,20251119
484130,2040,2045,2035,2045,599,1222335,0.49,9243400000,-124225.0,633180.0,20251119
0041L0,1992,1998,1992,1997,8395,16757483,0.1,12041910000,176010.0,0.0,20251119
299030,29000,29500,27650,28400,80326,2282073275,-2.07,227055444000,236603000.0,-681677300.0,20251119
067310,25850,26000,24100,25350,1759890,44313283925,-2.12,1682572052850,7210750.0,-402275950.0,20251119
166090,40750,43450,40000,41800,297139,12493337725,1.83,826706773200,-679851575.0,3140590700.0,20251119
136480,2865,2920,2865,2880,271215,782465288,0.52,305883941760,-10918977.0,-57600.0,20251119
003380,8030,8100,7920,7970,266137,2128222815,-0.13,892684799370,-164948795.0,-633425160.0,20251119
450330,6360,6420,6140,6200,28021,174306700,-2.52,50758426600,31717630.0,-51841290.0,20251119
101670,2185,2220,2040,2090,1300905,2735462289,-1.88,113215237300,358060635.0,,20251119
365590,470,476,446,452,482356,220046153,-3.83,69961967528,-43416216.0,58435105.0,20251119
149980,0,0,0,5090,0,0,0.0,94645307670,,,20251119
013030,32350,33000,31750,32600,34317,1116037750,0.93,383641494400,175031675.0,-40350500.0,20251119
126700,15000,15230,14850,15130,103057,1546327510,0.87,226074154560,316742125.0,4896080.0,20251119
450050,2107,2107,2100,2100,1387,2919193,-0.47,10529400000,-92400.0,2107.0,20251119
160190,48900,52000,47300,48600,407121,20044912225,4.07,1501156800000,-2404838175.0,992878025.0,20251119
221840,2220,2220,2175,2195,31593,69054065,-1.13,41047731395,4273415.0,12027500.0,20251119
106190,12310,12310,11860,12080,46119,554319000,0.08,128448729840,118708120.0,,20251119
065650,2070,2275,2000,2155,222653,475361177,4.11,28737390480,25173395.0,-100430.0,20251119
066130,4295,4365,4240,4355,18914,80892125,1.99,55744000000,19631210.0,-680750.0,20251119
004590,4770,4850,4725,4845,34267,164217017,1.57,72675000000,11519365.0,7985335.0,20251119
039340,5540,5600,5460,5540,25706,142862810,-0.18,124650000000,-4248730.0,1641720.0,20251119
034950,98900,100700,98700,98800,3339,332184400,-0.3,448602783200,39748200.0,-97631900.0,20251119
222980,3150,3280,3130,3230,9188,29393244,2.54,35631690090,11003374.0,-10.0,20251119
256840,5730,5840,5460,5530,5207742,29373808440,-2.3,378223719580,-1598316400.0,-10487720.0,20251119
219750,919,956,900,907,150124,138232041,0.55,59342184695,7516609.0,,20251119
025550,3410,3490,3380,3410,109717,375785625,0.0,87002753640,111622375.0,5866695.0,20251119
017890,10210,10300,10080,10200,41118,418122160,0.0,216989761200,23933000.0,124006100.0,20251119
080720,0,0,0,2725,0,0,0.0,21562456300,,,20251119
041460,3450,3605,3440,3540,44165,155386572,1.72,67260000000,4523078.0,36000.0,20251119
101680,2100,2125,2030,2080,26786,55647361,-1.89,17480320000,12831195.0,,20251119
039740,2910,2980,2905,2930,21504,63036995,-0.51,23493903210,6140365.0,,20251119
053300,5920,6050,5830,5950,139279,827670385,0.0,252526097950,275298375.0,2655685.0,20251119
025770,7760,8300,7760,7890,33971,269511900,0.25,295435298190,-628120.0,-23582870.0,20251119
458610,2105,2125,2105,2120,151,318355,-0.47,8967600000,-8480.0,,20251119
464440,2150,2150,2100,2125,8471,17793295,0.24,9180000000,-93285.0,2150.0,20251119
479880,2040,2045,2040,2040,331,676045,-0.24,14014800000,-2040.0,0.0,20251119
062970,3260,3280,3130,3190,285405,915318913,-2.15,73558452440,159707282.0,,20251119
023760,793,807,784,805,365716,291813323,1.51,254065708680,23950809.0,51387707.0,20251119
054040,4900,5060,4835,5030,66215,328624873,3.29,80838588700,37405028.0,705085.0,20251119
021650,2205,2240,2180,2225,15109,33243695,1.37,36380002675,-847525.0,,20251119
032300,13330,13490,13240,13270,4403,58788980,-1.19,144731922270,9323780.0,-30.0,20251119
037230,1953,2012,1941,1969,42660,84110373,0.82,58676843863,4315345.0,1575856.0,20251119
448900,39000,43750,36250,36550,1060805,42296644000,-3.31,219462903350,-271888200.0,1028123150.0,20251119
030520,22750,23050,22150,22450,143111,3222642275,-1.54,542835252800,313000475.0,-494028075.0,20251119
052600,3860,3885,3765,3875,24149,92474774,-0.51,44809337500,-6897922.0,8.0,20251119
256150,5310,5400,5290,5340,2787,14902270,0.56,44829300000,-3498515.0,,20251119
092460,15680,15680,14930,15370,206850,3152402475,-1.98,262975781600,416607560.0,260.0,20251119
125490,9000,10390,8600,9740,14969404,146922750495,10.56,355532908480,-9113246230.0,-411844195.0,20251119
452190,4810,4875,4640,4715,146915,695582882,-2.58,110173316255,53956250.0,,20251119
047080,1182,1182,1148,1170,24635,28813129,-1.02,29042163540,-7056532.0,,20251119
452280,9070,9220,8610,8770,124253,1092670590,-2.45,151494295500,107719900.0,,20251119
066980,1550,1554,1480,1508,1009046,1523959437,-0.66,78318168500,20814297.0,,20251119
114810,14080,14240,13420,13840,242411,3359271670,-2.05,395729528160,523480785.0,-688859885.0,20251119
070590,2200,2200,2060,2160,39201,82903745,-1.82,29979765360,-29607355.0,,20251119
042520,32400,35250,30700,34400,574163,19221645650,6.83,465307024800,-1222966525.0,2097418175.0,20251119
430690,5050,5250,4990,4990,102614,519574980,-1.58,54367681730,93930235.0,,20251119
078350,22550,25050,21900,24450,655740,15806004925,7.24,372725139900,-486776775.0,5000127100.0,20251119
045100,21800,21950,20600,20700,153165,3244459375,-4.61,372600000000,282933350.0,-92788025.0,20251119
320000,2180,2210,2070,2070,254442,543712860,-3.94,66879609300,-170361040.0,,20251119
091440,2675,2715,2550,2550,69455,181691013,-4.67,73947021600,-20670695.0,,20251119
276730,2025,2090,1979,2000,55938,113230455,-1.96,31354712000,-50924663.0,,20251119
024740,2150,2190,2130,2130,135863,292175340,-1.39,70070714370,34792270.0,,20251119
005860,3020,3100,3020,3080,127403,390400967,0.98,121363349800,154886937.0,,20251119
007770,8400,8400,8100,8100,1588,12951470,-2.29,28431000000,-65920.0,,20251119
198940,685,686,676,680,32794,22329282,-0.58,26467625040,-273873.0,,20251119
058450,860,969,860,880,83266,75694589,2.44,13018386480,5003070.0,,20251119
107640,46000,46050,43050,44600,154008,6843249450,-3.04,404296591600,45828125.0,128452600.0,20251119
079170,6850,6850,6680,6820,4504,30462580,-0.44,35464000000,-10960820.0,,20251119
054920,3810,3935,3685,3820,123455,470636582,0.39,107789249420,82257692.0,3805.0,20251119
457370,7290,7390,7150,7250,54984,398917600,-1.09,58196721500,22157090.0,-12114490.0,20251119
002680,723,723,710,714,53169,37960450,-1.24,23074194486,3594725.0,-309517.0,20251119
098070,34300,34950,33150,33300,75707,2548855450,-2.77,370333995300,723518750.0,-322350050.0,20251119
455310,2080,2080,2075,2075,19845,41277450,-0.24,10499500000,-87365.0,0.0,20251119
498390,1999,2000,1997,1998,791,1579895,-0.1,9910080000,-129850.0,-747040.0,20251119
034810,7210,7350,7010,7190,49352,354642865,-0.83,234083801830,53965015.0,-5371550.0,20251119
03481K,7060,7230,7000,7090,2162,15286560,0.0,9847456980,368800.0,240.0,20251119
059270,7840,7930,7240,7460,206972,1553662170,-2.1,83293130540,65006275.0,0.0,20251119
076610,519,534,498,501,308194,156983103,-3.84,22504655973,3894835.0,,20251119
220180,2110,2220,2100,2100,22618,47947665,-1.41,50254768200,-7794305.0,,20251119
900270,196,214,194,201,9495862,1920735936,2.03,37797455040,-80998508.0,,20251119
214180,15800,15940,15120,15730,37130,579865610,-0.38,206450162490,174207070.0,-39449680.0,20251119
234340,14770,15040,14330,14800,111903,1641830295,0.2,206765708800,140085580.0,-5202490.0,20251119
084990,5540,5550,5260,5450,173862,935749890,-1.62,251205743650,-168371495.0,2184305.0,20251119
187660,2720,2740,2610,2625,871641,2309343008,-2.6,141947982750,327288899.0,,20251119
170030,5980,6040,5870,5960,77401,461778265,-0.17,91426400000,122549770.0,-104718355.0,20251119
319400,8700,8810,8090,8480,2767642,23530981660,0.36,944468810720,506376245.0,-3336505.0,20251119
048410,4825,4840,4700,4755,308165,1473185727,-0.73,456674764800,-96393995.0,9132410.0,20251119
052260,4280,4340,4240,4270,51275,219337387,-0.12,128100000000,3884360.0,8583125.0,20251119
016790,0,0,0,994,0,0,0.0,187340898626,,,20251119
041440,6990,7120,6880,6990,26954,187692210,0.0,125232448560,-69945420.0,-6950.0,20251119
039010,8210,8400,8210,8350,26341,218697330,0.72,72018750000,23551560.0,,20251119
090850,4830,4850,4765,4820,109360,526831720,-0.21,114457460020,-89344455.0,-60197460.0,20251119
460930,18150,18460,17650,18190,322226,5832954975,0.22,645939105490,793039285.0,-40397730.0,20251119
092300,3550,3575,3420,3500,296752,1037156893,-1.41,65354856000,59945608.0,-90317500.0,20251119
138360,939,985,920,954,151510,144308711,1.6,49547672856,29181051.0,,20251119
011080,722,729,703,707,909045,647652312,-0.7,30305468746,-60291524.0,,20251119
308100,1380,1414,1368,1402,227598,316432236,1.59,33680257216,83047756.0,-17.0,20251119
064240,1983,2055,1920,1945,75435,149114239,-2.99,68148933340,-33384409.0,507043.0,20251119
039610,7970,7970,7740,7850,20600,161421190,-0.51,81721640000,53520640.0,-50.0,20251119
126640,1288,1320,1264,1306,154793,200481971,1.48,47504296422,-5133175.0,2860842.0,20251119
127980,6070,6200,5900,6110,22131,133395970,0.66,72346579240,24923400.0,,20251119
061250,1089,1096,1077,1088,160003,173214738,-0.37,94129241536,-8242702.0,,20251119
097870,6080,6230,6080,6150,12786,78575000,0.49,52213500000,-717950.0,100.0,20251119
290270,3575,3600,3475,3525,29883,105156256,-2.08,33867043800,5743364.0,5130.0,20251119
353190,678,678,665,674,58449,39350960,-0.88,26541055080,-7610402.0,,20251119
090710,5550,5590,4985,5140,10280032,53449064190,-3.02,614009992580,-3225026755.0,84238140.0,20251119
078590,931,980,855,855,6262162,5685592582,-7.17,56609838990,-125246079.0,,20251119
205470,1201,1224,1180,1207,763118,911982425,-0.25,156155635863,-71471663.0,101962135.0,20251119
115160,914,914,900,900,44587,40263608,-1.32,39573111600,-1698717.0,,20251119
028080,1553,1553,1531,1531,8633,13279600,-1.42,19256161686,-935744.0,,20251119
175140,4810,4950,4745,4805,30401,146798590,1.05,119154447660,-41675115.0,0.0,20251119
200670,44850,46900,44200,45800,109593,4997311875,1.89,514330794000,1546720800.0,-301243425.0,20251119
065510,8260,8260,8050,8170,12149,98756770,-1.09,93839500710,-28060010.0,6990.0,20251119
263920,3920,3920,3700,3810,10625,40148410,-2.81,37372389060,289885.0,,20251119
243070,28550,28800,28150,28350,15777,447914075,-1.56,339623502750,-164224175.0,-24136950.0,20251119
084110,55700,55900,52600,53700,29613,1592969300,-2.36,679831904400,-326413600.0,120884350.0,20251119
145020,231500,233000,225500,225500,69831,15947230500,-2.38,2774559441500,-1490543500.0,-114881500.0,20251119
024060,12150,12180,11930,12050,85698,1031600610,-0.17,180750000000,14877700.0,36320.0,20251119
010240,4965,5040,4965,5010,18030,90210530,0.0,61736706960,28893250.0,-2580315.0,20251119
189980,1586,1615,1560,1587,23342,37015866,0.25,63698731449,-1768434.0,,20251119
037440,4160,4480,4110,4340,206465,899773413,4.33,60423541500,15619935.0,,20251119
238490,3205,3285,3200,3255,18550,59936098,1.72,36821328180,6285257.0,,20251119
