code,open,high,low,close,volume,거래대금,등락률,시가총액,foreign_net,inst_net,date
060310,1470,1568,1468,1499,747067,1133032125,1.97,79535500960,-39772898.0,-2935199.0,20260526
054620,5710,5780,5460,5490,122005,678250375,-2.49,100984273290,-11662385.0,-8560.0,20260526
079810,5320,5340,4995,5020,252839,1289907130,-2.71,108071031880,-29825115.0,-21253240.0,20260526
265520,28800,29050,27200,27350,146004,4073662875,-0.91,411639954350,-453597175.0,-51314100.0,20260526
211270,17190,19840,17120,18390,1583224,29642705550,9.53,277363570560,3955658025.0,-261846180.0,20260526
126600,3765,3830,3640,3770,231516,861471380,0.8,236631209230,-16379520.0,117215.0,20260526
083790,1080,1151,1045,1137,415350,455356712,5.28,87428684934,-50493811.0,-2107983.0,20260526
035760,42050,42250,40550,41150,95290,3929513950,-0.84,902384687100,-369691525.0,-982562775.0,20260526
311690,6140,6280,5820,5900,34742,206283750,-3.91,77086225800,-43961960.0,896890.0,20260526
051500,25300,25300,23850,24050,35194,849152325,-3.22,285511643300,-114188000.0,-265233225.0,20260526
058820,1467,1481,1369,1370,962092,1352567813,-5.19,202543790710,-461936374.0,-1088857.0,20260526
056730,2165,2165,2085,2120,6975,14806940,0.0,31423142440,-1970970.0,-4885.0,20260526
065770,2445,3145,2300,2900,2961988,8376800854,19.83,28146138500,137092173.0,-698285.0,20260526
083660,294,302,280,289,390075,112525320,-1.7,18157713651,2452921.0,0.0,20260526
477760,0,0,0,2230,0,0,0.0,13023200000,,,20260526
099520,0,0,0,1284,0,0,0.0,58141862016,,,20260526
290120,2750,2840,2720,2800,61292,169744914,1.82,44307897200,-25086426.0,-416760.0,20260526
025440,810,822,790,797,149522,119479717,-1.85,38878635528,-9938105.0,,20260526
068790,7200,7570,7160,7340,123937,912373065,2.51,165665444160,-167907025.0,-2631770.0,20260526
241520,13770,14510,13770,13990,479214,6781483410,2.49,372134000000,-477562510.0,-25777510.0,20260526
180400,3345,3430,3185,3215,124530,403563720,-3.6,316450623880,-142014372.0,-566965.0,20260526
418620,1389,1392,1306,1308,111572,150140021,-6.3,25964423916,-43152658.0,2046481.0,20260526
245620,0,0,0,415,0,0,0.0,57474989665,,,20260526
037370,4735,4735,4500,4600,26899,122608340,1.32,39674871200,-14557300.0,-4235.0,20260526
050120,2990,2990,2745,2815,23979,66393452,0.9,38182902090,4142645.0,-548580.0,20260526
214270,1450,1470,1390,1425,260481,372616176,-1.66,64487783625,-110329079.0,-25251962.0,20260526
032620,3680,3720,3555,3570,166428,600788888,-2.86,186343786230,-249957970.0,3153350.0,20260526
130500,2415,2415,2320,2325,38779,90793540,-1.9,33817245900,14864195.0,,20260526
900290,3480,3630,3350,3570,910287,3199300318,5.47,292026000000,-1030305166.0,57645.0,20260526
083450,60900,62200,58000,59300,354576,21087266950,0.51,1092899000000,-4685130050.0,-1014615650.0,20260526
297890,2480,2550,2350,2350,650318,1568862287,-4.47,171881147900,194579789.0,-862850.0,20260526
440290,2040,2040,1986,1987,75778,151311131,-1.88,54655276410,-48007114.0,2518453.0,20260526
078150,4270,4465,4115,4360,4253692,18181373195,6.47,404241393760,-1236621866.0,-2545640.0,20260526
225530,2985,3010,2810,2820,76969,220565512,-7.84,102475210140,-67911992.0,2332010.0,20260526
060560,2880,2880,2555,2665,130507,347584864,-8.1,67659022665,21461474.0,83572.0,20260526
376270,60000,60800,57900,58300,14463,856255950,0.52,418954702100,-110294800.0,-50722700.0,20260526
195940,48200,48450,46000,46300,153651,7192877250,-1.59,1311673953300,-1303986475.0,-1107500525.0,20260526
028300,52400,55300,52200,52400,669798,35933114250,2.95,6979586885200,-2277510850.0,2063307900.0,20260526
278650,4440,4440,4000,4000,90880,373801394,-1.96,69729584000,-97080662.0,1007470.0,20260526
067630,3530,3620,3500,3520,354948,1259188605,2.62,429148044160,-320808240.0,67085.0,20260526
024850,18550,19590,18550,18740,223502,4257962090,2.46,594678256520,399216430.0,165496830.0,20260526
187420,2450,2450,2330,2370,119003,284408768,-0.21,77153657820,-22382585.0,643000.0,20260526
047920,13460,13770,13010,13100,126381,1699524230,-0.46,429671563600,-145246835.0,-1143550.0,20260526
115450,2975,3090,2895,2910,409740,1218673930,-0.85,257768117190,-319684508.0,-7723660.0,20260526
046210,1769,1769,1673,1675,125363,212373829,0.54,76259333000,-26115566.0,-1785.0,20260526
196300,6100,6310,5900,6090,7971,48375840,0.5,57102513510,-4009360.0,-2000.0,20260526
403870,57400,67800,56900,60100,7530145,474518406000,9.87,4946230000000,14964346700.0,-9349183400.0,20260526
036640,5070,5100,4985,5010,61791,311271551,-0.79,81937548000,-32360746.0,10621460.0,20260526
467930,2110,2110,2100,2105,11712,24668295,0.24,8904150000,0.0,2105.0,20260526
469480,2550,2550,2450,2505,20829,52156235,-1.76,10596150000,-704375.0,-18743505.0,20260526
0099X0,2145,2145,2130,2130,5895,12585210,-0.93,12737400000,-443645.0,0.0,20260526
095340,223000,250000,222000,240000,349651,84520231750,14.29,5087293920000,7729000000.0,6755258500.0,20260526
950170,5020,5040,4815,4885,103624,507092015,-2.01,252780909980,61322635.0,-18597190.0,20260526
067290,1657,1690,1593,1597,244571,398150522,-3.09,89491253491,-108915383.0,-5078035.0,20260526
035900,62100,62700,59500,60000,254092,15295214950,-2.6,2131949520000,-398166300.0,-3653477200.0,20260526
318000,3960,4000,3910,3915,11566,45637098,-0.63,34217973045,-10847935.0,-559350.0,20260526
024840,7750,7950,7100,7250,4048622,29939105425,-5.1,291657748750,-685624390.0,-44910000.0,20260526
024120,3670,3700,3605,3625,10725,39034287,-1.23,41687500000,-10726375.0,-6472730.0,20260526
464680,2105,2110,2105,2105,11015,23186674,0.0,27165025000,-1892395.0,6324.0,20260526
478390,2070,2080,2070,2070,2697,5592340,0.0,12875400000,0.0,1032930.0,20260526
486630,2045,2050,2045,2050,368,752574,0.0,10885500000,0.0,0.0,20260526
492220,2045,2045,2035,2045,10477,21381685,-0.24,12699450000,282210.0,4090.0,20260526
0037T0,2005,2010,2000,2005,7152,14341505,-0.25,12691650000,932325.0,-598980.0,20260526
0072Z0,1999,1999,1996,1997,2450,4894523,-0.1,15746345000,453512.0,-2035289.0,20260526
021320,6160,6240,5970,6050,63220,381921575,-1.79,129470000000,-104230275.0,0.0,20260526
044180,0,0,0,205,0,0,0.0,5477148795,,,20260526
151860,6330,6390,6130,6150,192454,1198435800,-2.54,292758462300,-134338150.0,10956090.0,20260526
035600,10600,10620,10230,10290,92440,953882280,-2.37,283535125860,-498226360.0,-777370.0,20260526
046440,4520,4560,4385,4410,125811,558039812,-2.0,167627636820,-215669298.0,954405.0,20260526
060720,13500,13900,13310,13430,241819,3269961350,0.37,317988046060,-705315690.0,595160.0,20260526
058400,616,628,609,628,339614,209687128,2.61,83165864160,,-36662415.0,20260526
101000,729,847,690,753,2316387,1776054253,9.13,29850386844,-56814323.0,-621426.0,20260526
089600,11300,11320,11110,11180,30961,345800530,-1.06,129332062340,-76284130.0,-13004135.0,20260526
418470,10900,10970,10440,10550,85805,905244540,-3.21,90369073950,-271919860.0,-107550755.0,20260526
043610,1622,1630,1590,1603,91622,146926593,-1.17,93159047114,-19894955.0,-260.0,20260526
122450,3155,3290,3125,3125,128708,413367311,-0.95,140061981250,-48586575.0,-3618940.0,20260526
052900,2260,2430,1952,2060,13102668,28569163368,0.73,143131337920,-235145611.0,-334342380.0,20260526
036560,13500,13500,13090,13250,8675,115541475,-1.12,208687500000,-24906870.0,23731720.0,20260526
061970,6230,7070,6230,6660,3606564,24476158210,8.12,386832819960,4363836460.0,-800408605.0,20260526
309960,5260,5310,5090,5100,44587,230596560,-1.92,118407918900,-71363790.0,-2140.0,20260526
073490,48300,49600,46600,47750,230298,11080330525,0.0,363083646500,-3687593950.0,27610250.0,20260526
225190,2040,2170,2025,2060,1407745,2955637395,3.0,145164986400,90695571.0,-8795.0,20260526
060370,37750,38750,36300,36650,266299,9841563925,-0.54,1914553999100,-1071192775.0,21121475.0,20260526
417200,24450,25150,23500,23750,1674581,40629669275,0.42,1606750651250,1332785200.0,-195533400.0,20260526
078020,7500,7550,7100,7120,157141,1134098895,-2.73,395026072800,-288911030.0,-44761560.0,20260526
322180,7900,8180,7470,7490,211439,1628285220,-4.59,156705660160,-107397845.0,68604255.0,20260526
476080,5790,5840,5500,5530,40539,227521890,-4.49,44665810000,-47092850.0,1555950.0,20260526
086960,3450,3670,3410,3565,2733009,9740828151,5.47,146439390920,488178630.0,107553853.0,20260526
160550,1496,1510,1439,1450,98401,142867083,-3.07,40463853700,-22501416.0,8698.0,20260526
053290,1799,1848,1696,1697,47077,80708904,-5.2,28045142979,-34120443.0,-1082.0,20260526
060250,18950,19600,18500,18750,389671,7366016085,0.0,753011456250,-55301570.0,674148985.0,20260526
104200,3785,3855,3440,3700,73143,264412085,-2.25,54861935000,-31174385.0,28655.0,20260526
054050,7490,7550,7380,7430,44942,333287160,-0.67,119107068230,-96348880.0,-2377170.0,20260526
063570,4000,4000,3825,3860,146254,567558802,-3.02,131810230080,-89466600.0,-117396663.0,20260526
222160,0,0,0,8040,0,0,0.0,79551289560,,,20260526
024940,2850,2895,2745,2745,74641,206722109,-3.68,27450000000,-54462697.0,1507065.0,20260526
332570,13000,13110,12190,12700,2748435,34518238255,0.4,593236850100,-1616981695.0,-1179230.0,20260526
218410,103300,104500,99000,103200,382186,39227710250,-0.77,2740315214400,-2006024200.0,2843848450.0,20260526
327260,96700,103400,95000,97400,204226,20256520050,0.72,827426149000,-3228157100.0,5233197250.0,20260526
474610,13650,14900,12950,14520,624045,8950263585,6.69,207747048960,1571492270.0,879595065.0,20260526
091340,2645,2665,2575,2600,43047,112194380,-1.14,30429674600,-35067515.0,243435.0,20260526
419530,26700,28700,26000,27800,333221,9288590850,8.17,278819738600,1408253750.0,2594918900.0,20260526
019550,0,0,0,638,0,0,0.0,103398474850,,,20260526
246960,1850,1850,1706,1706,56742,99697064,-4.75,58033082182,-13193270.0,-4341056.0,20260526
099220,1106,1114,1071,1085,581946,632639801,-1.72,70464619750,-51467604.0,559464.0,20260526
036540,10480,11640,10250,11010,42062040,468345908395,7.41,1810707936030,-14862894985.0,1551658965.0,20260526
255220,2295,2320,2225,2250,1166269,2656945910,0.9,246517429500,-391569695.0,0.0,20260526
040610,3870,3940,3715,3725,50051,189363420,-3.99,63487402550,-30264790.0,11651015.0,20260526
184230,4440,4700,4100,4100,4407000,19184479597,6.22,77440713900,-402934633.0,,20260526
016250,14700,14780,13520,13720,13160,182296285,-3.11,69107447920,-38256925.0,-18586040.0,20260526
357880,4990,5830,4975,5370,6496884,35344825095,10.15,279227133480,5452528235.0,-507769785.0,20260526
048550,1022,1024,989,994,367491,367678010,-3.02,96134332280,-79468268.0,-8979783.0,20260526
063440,1307,1325,1272,1294,165719,214395495,-1.9,58643257016,-75290486.0,2484960.0,20260526
067160,53700,54400,50800,50900,48363,2493105550,-4.32,585083640300,-378970150.0,-303091300.0,20260526
289080,3460,3600,3295,3345,924475,3141796596,-0.89,201162389385,-329262613.0,-31212207.0,20260526
041930,7490,7570,7010,7080,191131,1379955875,-4.32,107616000000,50480250.0,-139147670.0,20260526
013720,531,561,479,504,566815,291617638,-4.55,30657384072,-21732524.0,-550526.0,20260526
089230,3170,3290,3055,3150,569435,1800447011,0.16,117877265100,-181838567.0,-19885495.0,20260526
032540,3475,3485,3420,3470,9445,32591820,-0.14,72514023110,-5843225.0,13850.0,20260526
048770,6220,6690,5920,6690,1197324,7588669490,9.14,105019559790,144243795.0,-29152010.0,20260526
246690,1351,1373,1271,1277,642867,836760934,-4.77,60578765288,-22588938.0,-9984.0,20260526
317240,1180,1276,1180,1185,145777,175341368,-2.87,34574402535,-14261117.0,895240.0,20260526
057030,2455,2455,2330,2350,53209,125333940,-4.28,38334837950,-41097086.0,0.0,20260526
040300,2965,2965,2895,2900,58259,170350010,-0.85,138263242000,-75070405.0,-8450.0,20260526
051390,4565,4670,4495,4500,8041,36731475,-1.96,51099156000,-2651800.0,4674600.0,20260526
052220,2660,2710,2510,2575,107013,278646727,-3.2,59225000000,-95374810.0,573000.0,20260526
079940,32850,32850,31500,31700,43134,1381111250,0.96,425435682800,-140201400.0,-91493300.0,20260526
078890,9560,9650,8290,8620,1303566,11490875645,-6.71,158823008660,-209468960.0,-207992590.0,20260526
399720,63300,64200,62000,63200,108898,6860912800,2.43,748214940800,387297450.0,-275807450.0,20260526
036620,5310,5470,5060,5100,476855,2464011825,-2.49,461569232100,-428358830.0,-327001615.0,20260526
198440,1035,1044,1017,1033,65037,66473117,0.49,62942648568,-1550198.0,549836.0,20260526
217730,3205,3380,3190,3220,638458,2088678793,1.26,302854359780,-787211136.0,-1484295.0,20260526
114190,13090,13090,12000,12500,117015,1488040300,-1.88,326537975000,-24395460.0,2600420.0,20260526
094480,7110,7160,6840,6900,267400,1859032635,-3.36,270685882200,-242842840.0,2457200.0,20260526
039240,2540,2625,2500,2525,139818,352564914,-0.59,68123500100,-1070856.0,993665.0,20260526
053950,2460,2490,2300,2370,138380,328161529,-3.66,37041846270,89100593.0,-525030.0,20260526
011040,5410,5450,5270,5270,47158,251188105,-1.86,162151396820,-92913720.0,-3176280.0,20260526
024910,2025,2100,1996,2000,234550,475303761,-0.99,71638010000,-6918654.0,15927.0,20260526
049720,9930,9970,9790,9820,46245,454713270,-1.01,140426000000,-134839300.0,-87262720.0,20260526
014570,3730,3745,3600,3630,21388,77954034,-1.63,39930000000,-13909594.0,,20260526
348150,4370,4460,4175,4190,84229,358845969,-3.12,81365144910,-136906732.0,-536150.0,20260526
950190,7500,7530,7260,7460,18345,135234770,-0.27,97107260140,-28717170.0,12100.0,20260526
098460,40200,41850,39800,40800,2270447,93106643975,3.55,2801114004000,9776405450.0,1171196025.0,20260526
035290,0,0,0,761,0,0,0.0,18140900640,,,20260526
215000,44800,45500,43800,44100,50424,2230959225,-1.34,276745801500,-71231775.0,-287985850.0,20260526
121440,4730,4865,4635,4695,57773,271387535,-0.63,201118860510,-91314465.0,316565.0,20260526
366030,5800,5800,5510,5600,96650,540221890,-1.75,126861560000,-179856940.0,0.0,20260526
029480,2085,2100,2000,2010,241048,490056053,-3.6,120035455320,-5752283.0,-4877.0,20260526
026910,2800,3070,2730,2850,996140,2845413325,6.74,18255404250,279922877.0,0.0,20260526
465320,0,0,0,2335,0,0,0.0,8896350000,,,20260526
482520,2040,2040,2030,2040,6940,14114850,0.25,12444000000,280140.0,-1080740.0,20260526
489210,2095,2095,2070,2090,445,925535,-0.24,10826200000,142830.0,0.0,20260526
0041B0,2020,2035,2020,2035,3387,6858215,0.25,10256400000,-6605550.0,6646050.0,20260526
0098T0,2015,2030,2010,2020,546,1100595,-0.49,10908000000,-80800.0,0.0,20260526
0132G0,1997,2000,1995,1999,5889,11768692,-0.05,11934030000,0.0,10953039.0,20260526
053270,2285,2340,2240,2260,158568,362408899,-0.88,61947515300,-83393722.0,-11800845.0,20260526
066620,24350,24450,24000,24250,13325,322504250,-0.41,181875000000,40107200.0,-3876650.0,20260526
043650,3950,3970,3905,3905,39331,155304890,-1.14,69736677120,-4825990.0,-1969465.0,20260526
006050,1018,1027,971,974,484906,478530738,-4.79,33987966682,-95884055.0,-525186.0,20260526
060480,1705,1720,1642,1672,56921,94897536,-2.79,18542480000,14675865.0,543788.0,20260526
078130,3815,4095,3615,3880,571406,2239360821,0.39,437433477560,125494244.0,58489450.0,20260526
307750,3210,3230,3100,3110,211628,665060938,-2.96,167897355680,-250901202.0,1911335.0,20260526
035080,10490,10490,10000,10140,37039,375720610,-1.84,115913219760,-111445865.0,34242285.0,20260526
318060,27500,27650,25850,26300,115037,3047241600,-2.41,293854555100,23977500.0,-436350.0,20260526
453450,20300,21450,20300,20600,91180,1907246900,2.49,163620650000,-222796150.0,13645000.0,20260526
204020,2290,2330,2270,2300,128729,296798385,0.66,44736913600,-19697765.0,,20260526
0015G0,28350,28750,26350,26750,370348,10130202325,-2.55,313042971750,-1384424800.0,-108614900.0,20260526
402490,18330,18800,17630,17840,740598,13370090520,2.23,302124271280,-1516127405.0,-22575880.0,20260526
114450,2995,3245,2925,3015,1487290,4548463190,0.5,60300000000,-280694800.0,3505.0,20260526
186230,4095,4200,4090,4140,34104,140950622,1.1,45209578320,-7592719.0,-16173767.0,20260526
900070,0,0,0,610,0,0,0.0,32783820480,,,20260526
204620,4860,4885,4505,4600,2939576,13490947319,-4.37,323303318000,4510545237.0,-7384244903.0,20260526
019660,2000,2480,1890,1928,305919,643985856,-3.6,26884674024,-68618423.0,435615.0,20260526
053260,5640,5810,5510,5810,166704,951792690,5.44,108763200000,-136420480.0,458201970.0,20260526
282720,11360,11420,10640,10660,128758,1396713500,-4.05,129193870000,-430391670.0,-16887280.0,20260526
036190,34350,35100,33450,33500,10960,371841600,-2.47,201000000000,-99974300.0,-36079350.0,20260526
049080,1473,1600,1420,1494,18354148,27435932959,2.47,126815720418,-399382887.0,-1823050099.0,20260526
420770,123100,145400,123100,142200,296538,41297485850,18.7,1802492787600,13321410700.0,-3348894850.0,20260526
035460,3790,3860,3715,3780,540990,2048802071,2.72,56398885200,-158949897.0,-24848865.0,20260526
407400,3325,3375,3030,3045,144175,448237102,-6.02,44562156030,-41487240.0,2696610.0,20260526
187790,7140,7560,6810,6850,786651,5554667575,-5.91,211259685500,-1142629090.0,114527555.0,20260526
121600,75800,76600,71600,71900,101716,7483448600,-0.96,881040382900,-1254512150.0,-599933850.0,20260526
286750,1448,1455,1396,1400,101045,142608242,-3.31,44840399800,-32293159.0,-548101.0,20260526
247660,4915,5100,4885,4910,43618,217762117,-1.8,21328647200,-23763433.0,-1334975.0,20260526
039860,5570,5700,5450,5480,373448,2066354440,0.0,208749930440,-223703775.0,10970.0,20260526
091970,0,0,0,757,0,0,0.0,28519144571,,,20260526
417010,10750,11810,10460,10500,430083,4766800165,1.06,211813644000,14568520.0,313700.0,20260526
405920,2465,2465,2415,2415,8725,21233865,-2.03,31100553540,3115125.0,,20260526
478340,29650,33650,29500,31700,388344,12471215025,8.93,365614834700,1162025975.0,-127350.0,20260526
051490,3550,3590,3480,3480,39009,137060860,-1.97,49416000000,-65783030.0,25.0,20260526
137080,5310,5420,5120,5160,19649,102967560,-2.46,57066617520,-18034890.0,,20260526
190510,19700,20150,19060,19220,89917,1744012355,-1.49,270719792740,193205665.0,-2970860.0,20260526
242040,5240,6470,5210,6290,12185973,73124557850,24.8,217673400560,-1018190190.0,-868100.0,20260526
293580,2220,2255,2135,2150,810075,1766229143,-1.38,204099392500,-224731662.0,2090900.0,20260526
459510,26900,26900,26050,26150,95547,2514634975,0.0,339384689300,-471534200.0,-15989050.0,20260526
138610,23800,24000,22350,22900,53978,1249190150,-1.51,260322459700,-234969600.0,173074650.0,20260526
130580,5460,5490,5410,5450,11382,61969510,0.55,83930000000,27909110.0,-1238890.0,20260526
036800,29200,29500,28400,28600,29654,850789800,-2.05,286000000000,-86239900.0,4873300.0,20260526
267320,3425,3440,3290,3300,942894,3163560331,-1.2,189470473500,134552791.0,-4097450.0,20260526
111710,3575,3655,3565,3570,7810,27939930,0.0,73499160000,-5945650.0,990215.0,20260526
091590,3755,3815,3675,3730,10781,40136962,-0.53,43790200000,-6220860.0,895110.0,20260526
168330,2885,2885,2685,2755,94218,257381005,-2.48,87484749500,4241645.0,4097380.0,20260526
094860,1414,1458,1395,1428,356159,508758914,-0.14,75841099992,71935830.0,6358.0,20260526
253590,16700,17390,16650,16950,911014,15497377990,3.92,743582329800,2448727570.0,175601230.0,20260526
212560,14400,15130,14010,14860,429756,6263163160,5.46,175529901260,-109190820.0,171720050.0,20260526
095660,20800,21000,20000,20000,39721,807004000,-3.61,432729180000,-418675125.0,-19994725.0,20260526
042420,24200,24200,22600,22800,19136,441084025,-5.59,185644052400,-231995900.0,4045400.0,20260526
950220,0,0,0,501,0,0,0.0,83987339400,,,20260526
311390,3730,3755,3485,3500,74776,266591270,-5.91,44288261500,-34987250.0,-24900.0,20260526
085910,27950,30700,27950,30500,175555,5216626975,9.12,425011949000,162347000.0,354399150.0,20260526
092730,18620,18940,18250,18430,41585,767199355,-0.75,295395837270,98670065.0,-101258700.0,20260526
153460,8230,8400,8010,8240,36614,298575925,0.24,53807315360,-20459185.0,-462950.0,20260526
007390,29250,29250,29250,29250,79588,2327949000,30.0,1884725388000,-403913250.0,95706000.0,20260526
033640,37150,39000,35450,37100,730354,27218064100,0.41,855496394200,-4614256275.0,2229051000.0,20260526
330860,43750,55100,43000,52000,1544716,78036416875,21.35,633570340000,-3716950975.0,3759545975.0,20260526
351320,1454,1486,1388,1444,99269,141321629,-0.69,42884839048,-13342843.0,112230.0,20260526
089140,2765,2810,2520,2565,787244,2094884556,-5.52,39286140210,-150722397.0,1347290.0,20260526
389650,49700,49800,45600,46600,74280,3508930050,-3.82,385721527600,-812021150.0,28487900.0,20260526
137940,0,0,0,263,0,0,0.0,22452044896,,,20260526
396270,5810,5830,5140,5190,752332,4009281030,-7.16,170685766890,-985219320.0,16610.0,20260526
348210,69100,75000,68700,72500,203213,14756631550,9.02,759582862500,1675056450.0,1965460500.0,20260526
225570,11420,11540,10920,11070,179214,2002298180,-2.98,729072126180,-478345600.0,-82849620.0,20260526
205500,1639,2075,1615,1878,3761387,7278418673,14.65,120402521922,326194475.0,-372047477.0,20260526
217270,3230,3270,3135,3195,50075,159700050,-1.08,149320379385,-15168910.0,339005.0,20260526
104620,4350,4400,4170,4170,80657,344035258,-2.23,70100001840,-70763532.0,982745.0,20260526
473980,15880,15880,14900,15030,44293,671773330,-2.72,166221609660,-262260560.0,299191700.0,20260526
194700,17410,17800,16640,16770,196246,3321236570,-2.9,306133800960,1502901770.0,-1132729790.0,20260526
285490,19330,19790,18990,19110,73273,1405033480,-0.26,202104130410,-156904870.0,19350.0,20260526
145170,4665,4750,4560,4630,137900,638261130,-0.86,78285915150,-70030420.0,805485.0,20260526
106520,0,0,0,411,0,0,0.0,15904036272,,,20260526
376930,1199,1229,1105,1110,498407,570443244,-4.97,56933368530,-111280016.0,-6605481.0,20260526
486990,30500,30500,28700,28700,149485,4388035775,-3.37,612636801000,-1828648775.0,-60286600.0,20260526
142280,5690,6310,5620,5790,8471089,50463750400,0.87,125885751540,-388767790.0,-5465180.0,20260526
234690,10850,11030,10260,10340,225492,2363732470,-3.27,185740418600,-582424310.0,-459127440.0,20260526
069140,1813,1827,1702,1706,76472,135340607,-5.9,25753441624,-47216677.0,995146.0,20260526
040160,14700,15400,13550,13740,55842,779455045,-4.18,165643050900,-285500385.0,542490.0,20260526
332290,1117,1154,1100,1103,304086,337724637,-1.16,44014557612,-84837291.0,-1033009.0,20260526
348340,65900,66000,62500,62700,224488,14418975550,-3.39,775106867700,480030350.0,-298940450.0,20260526
380550,17420,18110,17150,17630,212790,3768845370,3.34,215066007580,113162460.0,32269350.0,20260526
060260,1250,1264,1201,1218,146207,179514990,-2.56,16250989608,-29064961.0,4029797.0,20260526
463020,10990,11220,10420,10490,36351,387802655,-3.5,93142808000,-76576285.0,-5160250.0,20260526
123840,4195,4385,4095,4150,18890,78257050,-1.19,26416534500,43191110.0,0.0,20260526
012340,1294,1409,1200,1380,182310,241893021,7.98,15594430560,15335597.0,4622676.0,20260526
462310,3565,3565,3305,3365,42131,143758592,-5.74,27542932165,4979225.0,7960.0,20260526
270870,4100,4140,3990,4000,9274,37398170,-1.11,36800896000,-8619833.0,0.0,20260526
144960,10070,10980,10000,10450,1376322,14521156510,6.74,456587920800,-1230127060.0,1296612350.0,20260526
085670,6050,6120,5350,5400,616273,3444689420,-8.01,132304109400,-1294747520.0,-941440.0,20260526
064260,6900,6910,6600,6670,1067859,7177426765,-2.34,504555198190,-1029169140.0,-19531225.0,20260526
340360,1510,1533,1474,1474,286225,429060801,-2.25,76740525928,-39806290.0,-20078.0,20260526
039560,4480,4545,4205,4240,497750,2158917673,-3.85,181847104320,-89996395.0,13840765.0,20260526
208860,1159,1162,1090,1104,83269,92850695,-4.75,37480770192,3889189.0,,20260526
154040,1011,1035,905,911,330529,316054107,-10.77,16352535634,-10211686.0,592914.0,20260526
032190,22250,22750,21550,21800,121213,2679641550,0.0,834940000000,-210292700.0,-97027325.0,20260526
323350,21900,22000,19720,20600,154873,3132364820,-2.37,165021903200,163876815.0,-534123050.0,20260526
068240,0,0,0,2530,0,0,0.0,96553495610,,,20260526
290660,1050,1118,1032,1057,2111803,2267892153,-1.86,89368310969,174828495.0,105274.0,20260526
464580,1920,1921,1800,1802,46606,85024598,-4.61,33167772378,463300.0,978263.0,20260526
020400,3990,4045,3705,3740,85990,326592600,-5.32,23854961680,-68354654.0,-20090.0,20260526
008830,18820,19090,18050,18070,86307,1596115775,-2.9,162404486400,-165111370.0,1534000.0,20260526
048470,3190,3380,3175,3185,29956,95952993,0.0,30735250000,-12459129.0,0.0,20260526
004780,3875,3905,3820,3840,19592,75534540,-0.65,61068284160,-3485295.0,-7003245.0,20260526
017650,9500,9500,9210,9480,9140,85162560,0.0,83281800000,-11810440.0,1503110.0,20260526
389260,18400,18660,17510,17580,98218,1746508660,-2.71,314968993500,-647434665.0,-10494120.0,20260526
317850,8150,8260,7820,7890,71223,568257270,-1.0,65679673800,-127475275.0,837100.0,20260526
290670,9400,9400,8840,8850,28269,253688800,-4.53,69540291000,-63016480.0,169440.0,20260526
078140,10050,10150,9820,9870,22475,223567060,-1.79,109424534730,-45811190.0,47150.0,20260526
065150,0,0,0,145,0,0,0.0,23110448725,,,20260526
036480,6890,7000,6800,6800,9148,62441660,-1.31,25840000000,-10599180.0,,20260526
027830,1368,1389,1321,1330,236879,319230008,-1.63,71820000000,-29326079.0,998576.0,20260526
129920,9470,9780,8720,8830,579601,5283817395,-5.26,143475985680,-1288845815.0,-23077100.0,20260526
471050,2095,2105,2090,2100,5966,12512525,0.24,12726000000,-1298015.0,0.0,20260526
482690,2140,2185,2130,2145,4311,9229620,0.23,12044175000,1249580.0,-1059595.0,20260526
020180,1165,1267,1155,1241,1769729,2155040603,7.54,47690283515,162643371.0,-44054.0,20260526
045390,3680,3735,3475,3495,991707,3516406123,-3.45,246304452615,-828831644.0,-60390.0,20260526
108380,24450,24700,23900,24100,42854,1039070175,1.05,230572725300,-384790275.0,-103892425.0,20260526
007680,4035,4075,4000,4010,5069,20469550,-0.5,53920360740,3690740.0,-5083425.0,20260526
048910,6140,6190,5970,6050,58929,354406010,-0.82,76102623300,-120983100.0,5157230.0,20260526
005710,12200,12350,11710,11740,26035,311088530,-2.98,235241424000,-26528180.0,-42698330.0,20260526
120240,13900,14120,13480,14010,54995,760875920,0.79,100737377910,-158128050.0,8370.0,20260526
003310,2885,2900,2685,2700,891790,2457484057,-5.1,95559345000,-255265934.0,0.0,20260526
078600,157100,168800,152500,162100,572092,93736153900,3.38,2525107562800,7928884400.0,-1438246850.0,20260526
393970,0,0,0,2825,0,0,0.0,50428566500,,,20260526
096350,2560,2600,2405,2450,643132,1586373407,-2.2,90294166900,24028491.0,35420.0,20260526
140520,2045,2065,2030,2065,49132,100445985,1.23,43590586795,-1631040.0,620770.0,20260526
131220,4460,4460,4210,4380,15452,67570663,-1.57,32650666200,-12096199.0,17540.0,20260526
010170,25050,27900,24700,27800,30249236,802491234575,14.4,4322501348000,-3534013800.0,3717210875.0,20260526
054670,6300,6370,6140,6140,45607,283483130,-2.23,88139208800,-100363400.0,-10360.0,20260526
023910,28250,28250,27100,27250,37927,1039095750,-2.5,163500000000,228954200.0,62435250.0,20260526
021040,1125,1153,1105,1117,42086,47031126,-0.62,24244232558,-5111392.0,-8608.0,20260526
021045,2680,2680,2600,2655,191,503505,-0.93,2252746260,,199810.0,20260526
067080,14150,14230,13460,13480,62566,860115415,-3.71,250952442000,-229428390.0,-2565900.0,20260526
298540,7070,7100,6750,6850,60250,413582770,-3.66,99231744100,-219354885.0,-3290120.0,20260526
032860,1019,1019,915,960,395780,382168708,-1.03,38780028480,42108814.0,-529023.0,20260526
393890,16470,16730,15900,16220,356707,5798607660,0.37,548935795680,-211235710.0,355093630.0,20260526
299170,2090,2100,1899,1906,778269,1536641774,-7.48,79120514928,-370010539.0,0.0,20260526
462860,3035,3075,2940,2960,200456,600019108,-2.47,212399308080,-136872055.0,968885.0,20260526
224060,5450,5510,5100,5160,26451,139745655,-5.32,26629325520,-13317420.0,,20260526
043090,0,0,0,1140,0,0,0.0,4718944500,,,20260526
403850,14050,14050,12750,12910,58409,780683660,-4.58,185271539100,-205846880.0,-26923960.0,20260526
213420,47200,47600,45750,46850,205731,9597905800,1.96,1163340736150,-1363210900.0,1264255675.0,20260526
317330,23650,23700,21850,21950,205005,4631026775,-1.79,449461018800,-1492720975.0,-55202000.0,20260526
077360,18900,19270,17100,17780,1778350,31646326375,-5.88,807869895560,-8569486040.0,-1818513030.0,20260526
090410,1152,1183,1143,1147,183096,211323623,0.0,52858456965,7834586.0,-21218.0,20260526
0001A0,14230,14780,13850,13920,286325,4081760125,-0.64,345093434400,-329974410.0,-707241250.0,20260526
263600,5700,5810,5410,5550,54690,307731610,-0.54,88413220500,1847445.0,5740.0,20260526
194480,17920,18470,17340,17390,70218,1244536950,-0.8,210925918500,-208080265.0,-5255695.0,20260526
373160,4565,4650,4330,4445,34396,154644575,-3.37,61374199705,-15332795.0,28937920.0,20260526
263800,4910,4920,4745,4755,64174,309024599,-0.52,77151681900,-759269.0,988670.0,20260526
206560,1999,2000,1850,1909,207996,395678457,-2.6,48511004024,-29550132.0,55707924.0,20260526
261200,3480,3495,3270,3275,66423,221726659,-5.89,51776767500,-73144392.0,-16593915.0,20260526
484120,20800,21100,20000,20000,14934,305042875,-2.44,219148440000,57894900.0,-4033200.0,20260526
067990,4950,4950,4590,4610,310363,1446779195,-5.73,134526945500,-264437911.0,193355.0,20260526
006620,4800,4800,4605,4625,114873,537130660,-3.24,131650588000,-267898307.0,1752440.0,20260526
100130,1999,2000,1875,1884,381258,727296309,-5.71,107657412000,-60344910.0,2123829.0,20260526
005160,2965,2965,2805,2825,188527,536115494,-1.91,153240661650,-250196635.0,237975.0,20260526
303810,3140,3150,3020,3045,133476,410429040,-1.77,97391706300,-170642375.0,0.0,20260526
075970,2055,2065,2000,2010,64526,130162415,-2.19,36984000000,-8026687.0,,20260526
086450,22300,22300,21200,21500,410481,8827615050,-3.59,972454030000,218955550.0,-2865749700.0,20260526
240550,8000,8070,7370,7440,316779,2393559335,-6.53,155748513600,-494580690.0,-64028250.0,20260526
099410,4740,4815,4620,4690,180316,851375463,0.97,65660000000,-251785237.0,-6630.0,20260526
033500,23500,23500,22550,22850,214519,4915148975,0.0,685259937900,-2000681325.0,-502852825.0,20260526
025950,14870,14890,14460,14480,19020,278339220,-0.41,121632000000,-20789865.0,542360.0,20260526
088130,9350,9860,9140,9530,570577,5412200720,1.82,166635042420,208932440.0,-1192640.0,20260526
060380,1350,1361,1320,1320,89044,119173051,-3.01,26004000000,-18675534.0,-30.0,20260526
079960,24500,25300,23900,24150,69242,1696558875,-0.21,189819000000,-292739225.0,-119781150.0,20260526
228340,2040,2040,1940,2015,24747,49199384,0.5,40300000000,-835845.0,,20260526
088910,2360,2385,2325,2355,58222,137119865,-0.21,60833804220,-60803970.0,16515325.0,20260526
094170,45450,46500,41500,44400,98699,4455226825,0.57,928401158400,-671661875.0,-4294550.0,20260526
013120,2590,2590,2465,2475,93917,233859217,-2.94,224750047500,-89486772.0,-19100675.0,20260526
109860,7600,7800,7500,7650,6607,50298430,0.66,69615000000,-1391450.0,11073920.0,20260526
032960,12050,12080,11500,11650,1557,18310930,-3.32,40991631750,-3384530.0,3078050.0,20260526
023790,2255,3050,1927,2245,9430003,24434960524,-10.2,29341718960,-43331244.0,-96559521.0,20260526
005290,65900,72200,65700,66000,1554097,106860157000,5.94,3364028316000,10320789350.0,-378399350.0,20260526
025900,10030,10290,9720,9870,174323,1736953990,2.71,499000402950,-530547050.0,-5487930.0,20260526
131970,180600,184500,167700,178700,517440,91464396650,4.14,3453777430600,-15435450100.0,16981715150.0,20260526
073190,1067,1067,991,1009,31501,31687583,-5.44,12075752360,-1440236.0,385168.0,20260526
176750,7640,7730,7250,7650,45285,336736020,1.59,217938708000,11462660.0,-69318220.0,20260526
030350,0,0,0,973,0,0,0.0,15171092867,,,20260526
203650,3725,4615,3725,4615,21300822,92273634016,30.0,466564131800,25754796410.0,42581190.0,20260526
223250,5890,6670,5760,6160,2185839,13659926805,7.13,151538735040,-393050465.0,-86254160.0,20260526
060570,962,962,902,903,124898,114566158,-6.23,66913720419,-46909569.0,-13139018.0,20260526
362990,1534,1538,1503,1503,22843,34665207,-2.02,25251262722,-4369110.0,-535780.0,20260526
016670,3785,3845,3715,3790,28481,106531245,0.13,38636146860,10469210.0,506860.0,20260526
187870,24150,25900,22450,22800,672291,15838242200,-4.2,313957368000,-1511766800.0,1184862875.0,20260526
489730,2035,2050,2030,2045,2384,4846155,-0.24,12948940000,6135.0,0.0,20260526
0004Y0,2020,2020,2005,2015,3618,7259695,-0.25,10709725000,0.0,0.0,20260526
110990,28950,29000,26450,26550,255208,6990215975,-3.63,501795000000,-975604000.0,-571846400.0,20260526
263690,5570,5580,5400,5450,29339,160288300,-2.15,61724574500,-24638020.0,-1776340.0,20260526
214680,1679,1679,1591,1594,330638,530363459,-2.63,133062427264,-198728510.0,119963.0,20260526
347850,75300,78000,72200,76000,883930,66611739850,9.04,3329115172000,-6916134850.0,3463623150.0,20260526
263720,10400,10450,10030,10050,32524,329139170,-3.37,124746539550,-45493080.0,-6909520.0,20260526
376300,27400,27800,26300,26350,67375,1799267075,-2.95,625506998100,-684435450.0,-271125125.0,20260526
104040,2820,3100,2800,2830,59668,173381080,2.17,75882388950,-45802030.0,1297305.0,20260526
109740,4800,5030,4500,4605,53705,261091955,-4.06,118396345950,-42454445.0,128475.0,20260526
031860,0,0,0,693,0,0,0.0,18714758139,,,20260526
196490,0,0,0,6090,0,0,0.0,69131518050,,,20260526
066900,1803,1905,1800,1843,36988,68903235,2.22,41918119029,1664688.0,548366.0,20260526
092070,22400,23050,20950,21350,101974,2200321600,-2.95,247059168300,-627784550.0,217229700.0,20260526
039840,16350,16420,15990,16000,24284,391287440,-2.02,214653248000,-113058110.0,91461010.0,20260526
219550,1607,1607,1480,1552,237291,363332452,-3.42,60019342864,36531923.0,-6300.0,20260526
310870,1929,2490,1750,1772,5521169,11414298023,-8.14,36657844212,-239795236.0,423844.0,20260526
104460,11100,11100,10470,10510,47283,502068350,-4.11,110545241510,-139642770.0,-45891890.0,20260526
113810,666,680,661,661,101699,67562430,-0.75,21567141711,6968181.0,-1352.0,20260526
043360,3015,3915,2925,3915,473588,1721784993,29.85,35235000000,-50496929.0,6159285.0,20260526
197140,1910,1993,1890,1900,19208,36706379,0.0,24724992600,-1018402.0,0.0,20260526
068930,8140,8330,8100,8310,53395,439051195,2.09,229982092020,140922265.0,147492450.0,20260526
033130,1990,2000,1845,1980,179948,344537856,-1.0,73488228660,-124490264.0,1995174.0,20260526
105740,8750,8840,8300,8400,149620,1269232155,-3.23,85415509200,-313621450.0,-1119930.0,20260526
263020,3595,3655,3430,3485,278696,972394675,-1.69,48218968810,-55684688.0,-33695.0,20260526
290550,28350,28950,27250,28000,215184,6047257950,-0.53,560034440000,-681182125.0,-1581748450.0,20260526
066670,2885,2885,2660,2660,55776,152686659,-4.83,49720501880,-31307470.0,-123065.0,20260526
187220,2835,3045,2830,2865,29367,84457325,1.6,33018933045,-10843425.0,-1592250.0,20260526
383930,3205,3460,2950,3000,602280,1903360937,2.04,38352384000,-153782296.0,97295.0,20260526
131180,4580,4690,4520,4580,7853,35884833,0.11,26884600000,3200788.0,,20260526
315640,3075,3100,2985,3015,142427,429479978,-1.15,88557279480,-43383108.0,-4122595.0,20260526
900110,0,0,0,713,0,0,0.0,26291693185,,,20260526
317120,2475,2650,2415,2460,771201,1959166289,1.86,37539600000,79904234.0,139900.0,20260526
462510,4155,4260,4095,4100,42395,175327120,-1.32,36092156500,-732602.0,541825.0,20260526
232680,18700,19230,17300,18400,887125,16126467375,0.44,241333461600,-560481005.0,-1339758750.0,20260526
042510,12030,13660,11760,13220,1643436,21454226815,14.96,148132400280,394284970.0,-13644900.0,20260526
418420,10200,10260,9530,9650,853473,8363835485,-2.23,296264003450,-1496097575.0,190517605.0,20260526
300120,780,791,703,723,945443,688534381,-7.19,35791403568,-38953105.0,-37999.0,20260526
171120,2435,2460,2350,2375,319136,761200539,-2.26,85266680000,-152041731.0,-4717540.0,20260526
388790,4760,5470,4555,5400,1862537,9400629858,16.88,165316464000,-402576.0,106289630.0,20260526
214260,8180,8180,7750,7890,41435,328825370,-3.55,70398233070,49399130.0,12920.0,20260526
171010,3970,4115,3950,4010,203488,818420466,3.22,57337995520,307221930.0,-12575.0,20260526
084650,1332,1371,1300,1302,1285719,1703239744,-1.88,96660466980,72326243.0,85360.0,20260526
217500,2755,2800,2610,2625,303747,811326349,-2.78,83506500000,-16207030.0,-14900.0,20260526
038390,10200,10310,10020,10100,43937,444664985,-0.79,168880302200,-111978535.0,-168741250.0,20260526
294140,2885,2915,2750,2830,51064,143224900,-1.91,63433934940,9484165.0,,20260526
443250,7470,7600,7020,7600,48973,356618780,1.74,84646976000,-27371275.0,99855430.0,20260526
228670,7230,7230,6700,6810,108678,744747965,-2.99,106508543010,-105501310.0,-6028880.0,20260526
228850,6890,7050,6740,6970,114605,793639325,4.03,115639367580,138923020.0,-16440320.0,20260526
412350,11480,12180,10580,10780,989670,10932041340,-4.26,155612339960,-604640360.0,-67157570.0,20260526
199550,4265,4430,4255,4390,32992,143659255,3.17,65173022490,-23661270.0,-10190.0,20260526
281740,21100,22000,20050,20150,717773,15086632025,-1.47,1324470542200,-464425100.0,-209589425.0,20260526
277810,782000,798000,766000,772000,99621,77525879500,2.39,14976690376000,1667602500.0,5772078000.0,20260526
215100,6700,6900,6470,6480,290882,1920040640,-1.67,131857981920,-146346400.0,4260.0,20260526
090360,86500,87500,83900,85000,260911,22398746200,-0.47,828750000000,5897229650.0,-428746100.0,20260526
108490,319000,323500,309000,313000,145692,45776434000,2.79,4587649764000,-3255496500.0,7450727250.0,20260526
900260,1641,1644,1586,1644,81844,133863969,3.85,75672836664,89609055.0,0.0,20260526
033290,1772,1784,1750,1769,76217,134545062,-0.62,99340496469,-15968084.0,-47419244.0,20260526
067730,2940,3010,2895,2915,83007,244193642,-1.02,28199482630,-39371433.0,986515.0,20260526
071280,9900,10290,9550,9610,142879,1414975745,0.63,147000354830,405899745.0,230080.0,20260526
376900,55800,61400,54500,58900,262727,15498306900,9.68,934966172100,-914003950.0,261365500.0,20260526
214610,0,0,0,2290,0,0,0.0,19197807380,,,20260526
328130,18110,18870,17590,17900,791629,14200649590,-2.88,1331449184400,-1903019495.0,902286780.0,20260526
038060,1445,1499,1388,1408,804510,1143564320,-2.22,67729121152,1102777.0,944905.0,20260526
474170,13250,14490,13200,13520,450652,6279143695,4.97,240895249920,994205440.0,-216615740.0,20260526
141080,163800,165700,155000,156100,334195,53228188850,-0.83,5778731149800,-14373475950.0,-261524550.0,20260526
058470,110500,114800,108600,110800,1137206,126379720600,4.04,8444272980000,564281600.0,-6185011850.0,20260526
016100,1535,1536,1481,1522,8754,13213622,-0.85,29071560668,-4513480.0,-160992.0,20260526
012700,3320,3320,3205,3230,70258,226789618,-1.07,84609371960,-84383019.0,6487.0,20260526
302550,3040,3070,2925,2975,67862,203813295,-2.14,91948771250,-15061560.0,61233420.0,20260526
491000,74500,78800,73400,74200,567564,42807932250,1.92,1855325812200,10865221250.0,-2701137050.0,20260526
394420,29200,29900,28200,28250,270612,7825393100,-3.25,308911998500,-873320625.0,1006279375.0,20260526
073570,3100,3100,2725,2770,169288,477026433,-7.2,33343398560,-113431925.0,227250.0,20260526
377450,10690,10850,10260,10320,41688,432346920,-2.92,178845600000,-51899450.0,6189430.0,20260526
277070,4035,4035,3915,4010,1935,7710250,0.0,54904920000,-1068930.0,-270345.0,20260526
042500,4930,4980,4800,4830,446780,2170177259,-1.93,107666225520,114346090.0,-12787060.0,20260526
193250,1702,1870,1674,1691,125947,215281054,-1.69,22606865703,3363107.0,409893.0,20260526
474650,51400,54000,50500,50500,83948,4394497550,0.0,290228903500,182821650.0,83500.0,20260526
219420,5130,5470,5030,5260,153267,810557845,2.53,60329606820,100682835.0,-3800.0,20260526
439090,16980,16990,16430,16470,185792,3085675520,-3.12,269996992200,-228129290.0,45252970.0,20260526
195500,2550,2550,2475,2490,58130,145742514,-2.35,39785220000,-36418584.0,0.0,20260526
377480,14340,14540,13720,13850,95922,1342864520,-2.67,98477308750,-269312505.0,-952570.0,20260526
305090,3970,4120,3325,3400,397977,1408813680,-14.89,63223187000,-4174025.0,-313963190.0,20260526
098120,37850,39350,36100,36700,302376,11206298275,-1.08,305078512200,1842263900.0,-3765800.0,20260526
424980,13920,14800,13170,13180,70378,970996880,-4.42,78010970200,1923300.0,-13990.0,20260526
038290,14160,14300,13800,13840,66957,935805395,-1.84,150044976000,-143602555.0,1023950.0,20260526
477850,53500,53500,43200,45200,5024307,237545484000,-17.22,792882128000,-9737643975.0,-11162438050.0,20260526
267980,35450,35500,34700,34750,7058,247363350,-1.14,266311420500,-128461200.0,50509200.0,20260526
005990,11850,12970,11740,12780,62729,783369465,7.85,169952325120,43693185.0,-37310.0,20260526
093520,26000,26200,24500,24800,52498,1328137250,-2.17,295165557600,-29673700.0,-85908100.0,20260526
100590,7610,8390,7610,8220,1934165,15583452070,9.31,140887059900,-96196895.0,6516905.0,20260526
067280,25700,25850,25400,25700,7380,188644175,0.0,152318220300,-51087575.0,-25800.0,20260526
072870,13070,13240,12780,12860,35067,452488300,-1.61,153303532740,-163179985.0,-1322030.0,20260526
215200,41900,42350,40550,40750,47902,1963591700,-2.51,422382552000,-499572900.0,-217681800.0,20260526
133750,1674,1694,1640,1658,23822,39517256,-0.96,38808933666,-2383941.0,203721.0,20260526
446540,10830,10990,9590,9840,503930,5006064535,-0.61,286138452240,-398935860.0,159756870.0,20260526
235980,4100,4250,3895,3905,192285,769814037,-4.64,133844347505,-180783111.0,-16994145.0,20260526
041920,17090,17410,16470,17100,114766,1945304800,1.85,318029613300,-354481490.0,-927890.0,20260526
014100,1588,1616,1511,1589,59966,94869680,0.06,18750200000,11782200.0,548954.0,20260526
054180,0,0,0,2295,0,0,0.0,12686716395,,,20260526
086900,102600,102600,98000,98300,59530,5893141150,-4.0,717442255100,-2072171750.0,-681751600.0,20260526
078160,14040,14210,13080,13150,250739,3390608180,-2.23,515540529450,-997808430.0,-3321170.0,20260526
0088D0,2150,2180,2145,2145,5591,12018995,-0.23,12430275000,-812955.0,,20260526
408920,3580,3580,3370,3385,69217,236226565,-3.7,146341860175,-95533745.0,67670.0,20260526
021880,224,287,216,287,48775521,12851203247,29.86,60896925096,870732296.0,8239618.0,20260526
0088M0,28550,28550,25950,26600,189640,5089897325,-4.66,262854550000,-534633075.0,303094075.0,20260526
140410,75500,76000,71000,71600,172442,12619655300,-3.37,2176079157200,-702855450.0,41082750.0,20260526
241770,38250,38600,37000,37500,14853,557717050,-1.06,382224000000,-39706800.0,46599150.0,20260526
059210,4210,4260,3990,4040,316309,1286134330,-3.23,109772637800,16260995.0,-614522910.0,20260526
058110,2490,2560,2415,2465,61847,153707815,-0.8,39564556450,24395860.0,-19960.0,20260526
072770,1303,1315,1043,1083,1549188,1730485309,-17.71,44957602134,-106661763.0,-31317638.0,20260526
434480,3625,3825,3625,3765,155423,582004707,4.01,46348279500,-72966021.0,-514050.0,20260526
080420,1771,1771,1710,1735,2336,4051454,0.81,138317014170,-235893.0,0.0,20260526
417970,18500,19120,18000,18050,39445,728807410,-1.2,115460435000,-35832705.0,-200.0,20260526
080160,10270,10400,9980,9990,108464,1096026620,-1.09,188811000000,-453619145.0,-85690.0,20260526
087260,1113,1124,910,1001,2312364,2288275471,-6.62,32585413861,126344454.0,-4421304.0,20260526
101330,4835,5180,4815,5010,714687,3602566322,7.74,115966615290,123312928.0,-20720.0,20260526
012860,4575,4735,4365,4410,2928689,13272969598,-0.9,322959545370,-1085633882.0,-22400.0,20260526
363260,1255,1287,1236,1248,69085,86224020,-0.56,40140383712,-9282753.0,-484388.0,20260526
348030,2205,2255,2110,2200,32516,71148010,-0.23,21128360000,-112250.0,0.0,20260526
250060,4240,4415,4090,4095,523604,2221945647,-1.44,131741530830,-138546442.0,-17445.0,20260526
288980,1056,1161,1023,1032,2833514,3056274508,-1.53,37545583128,-158335802.0,346249.0,20260526
142760,735,735,680,690,121072,83593381,-2.4,29095216200,-23247333.0,85182.0,20260526
033200,4045,4225,3985,4035,12046,49271330,-0.12,37140274515,269382.0,-229380.0,20260526
118990,8540,8600,8270,8480,113517,952327160,0.0,208076906080,3719530.0,-1820.0,20260526
463480,7110,7140,6800,6850,73697,508533610,-1.72,84873952300,-63602220.0,2038850.0,20260526
006920,3920,4035,3750,3755,87620,336846390,-3.96,41004600000,-37598290.0,9099450.0,20260526
001810,1404,1406,1352,1356,43773,60256854,-3.14,30018450000,-114305.0,293290.0,20260526
279600,4450,4775,4450,4770,6297,29080615,7.19,22346405370,6023755.0,0.0,20260526
095500,9450,9490,9100,9110,99505,917604000,-1.41,282501090890,-4278400.0,-24442530.0,20260526
254490,33100,34600,31100,33450,538114,17848001550,4.04,482951100000,645913050.0,-1007272775.0,20260526
218150,2570,2600,2525,2530,80555,205158927,-1.56,51651979060,-62287210.0,559110.0,20260526
100790,59100,65800,57200,61100,4426365,274152556150,9.11,3245915137400,33683370600.0,1016920750.0,20260526
0097F0,1998,1998,1994,1997,1979,3951603,-0.05,12980500000,-19954.0,13964.0,20260526
0099W0,1998,2000,1996,1996,8539,17059562,-0.1,13972000000,0.0,12629704.0,20260526
477380,2065,2065,2045,2060,16896,34614185,-0.24,16686000000,1233915.0,1027500.0,20260526
477470,2075,2075,2060,2075,3249,6738670,0.0,11371000000,889495.0,72100.0,20260526
478440,2050,2065,2050,2060,2822,5807720,-0.24,14275800000,214330.0,-5140470.0,20260526
482680,0,0,0,2055,0,0,0.0,16881825000,,,20260526
0093G0,1997,1999,1996,1997,5711,11403017,0.05,12780800000,283432.0,6461052.0,20260526
0096D0,2000,2000,1992,1997,2565,5116890,-0.15,10983500000,-448194.0,203184.0,20260526
049950,15500,16180,15130,15230,51062,796858940,-1.36,134296373320,-66295200.0,-502210.0,20260526
207760,835,855,792,804,181065,147516597,-3.71,66796145532,-33175814.0,4341207.0,20260526
059090,21950,23000,21800,21950,473254,10576382775,2.57,733498277100,-1636911375.0,35288975.0,20260526
201490,2785,2820,2710,2720,261884,720517540,-2.33,88655163200,-117280880.0,3681285.0,20260526
475460,7920,7920,7600,7640,16679,128969850,-3.66,42883511000,-39441340.0,-6390.0,20260526
452200,3805,4140,3630,3970,874043,3438524039,7.73,96204216000,66427453.0,-50451195.0,20260526
206640,11270,11290,10900,11150,47630,526728770,0.27,244273319150,-15713860.0,-155577850.0,20260526
035620,1098,1151,1042,1140,471306,521807363,3.64,21215306520,105631622.0,-772771.0,20260526
053030,10020,10160,9680,9740,195722,1922086665,-0.92,318343991120,-529266205.0,96922685.0,20260526
301300,2070,2275,2010,2035,103576,221768275,0.74,26769838920,-41114398.0,478090.0,20260526
064550,10570,10690,9970,10170,227605,2332090595,-0.29,262490659470,-174992780.0,-33144150.0,20260526
314930,10880,10880,10500,10600,36407,385475450,0.28,315499491800,-74793680.0,991900.0,20260526
489460,6930,6960,6650,6670,34335,232808640,-3.19,100346348100,-6215520.0,6670.0,20260526
086820,8540,8700,8100,8270,143664,1204644545,-1.78,214392182950,-64604645.0,590250.0,20260526
038460,3800,3865,3585,3585,248051,914788641,-4.02,90609233070,-35481827.0,30800.0,20260526
251120,11800,11980,11120,11440,52716,601444190,-2.64,99478808000,-35360770.0,57240.0,20260526
199730,3735,3735,3660,3710,3426,12635317,-0.67,18046801570,-4131875.0,-690.0,20260526
086040,3095,3105,2905,2910,67121,198858500,-5.98,46438498770,-41994045.0,3389265.0,20260526
188040,5590,5690,5280,5370,14287,77523350,-3.94,25127883960,-19252100.0,0.0,20260526
099430,6170,6260,6020,6100,759430,4673457285,0.33,376008404200,-202254180.0,88290985.0,20260526
032980,0,0,0,604,0,0,0.0,18354952980,,,20260526
308080,11400,13830,11170,12920,4599496,60518027375,21.43,264850439200,599714440.0,-277852330.0,20260526
043150,20950,21150,20500,20550,16941,352407950,-1.2,305254960800,-121122650.0,-5925350.0,20260526
323990,6450,6500,6130,6170,159248,993989305,-4.19,143497818650,-445265575.0,-25300.0,20260526
267790,3455,3470,3320,3345,19606,66135504,-1.33,25720738605,-5771965.0,-528710.0,20260526
046310,2840,2840,2640,2650,102144,273749355,-4.85,43509398650,-149314635.0,20474295.0,20260526
331520,2580,2710,2580,2680,77617,204394465,2.88,27263313040,45795100.0,40311515.0,20260526
199480,4320,4495,4200,4260,25980,111951947,-1.39,43437464880,-28469965.0,0.0,20260526
438700,2900,2985,2765,2895,30239,85593150,0.52,32264456550,-17331950.0,-33930.0,20260526
066410,0,0,0,1153,0,0,0.0,159637252154,,,20260526
382900,29650,33900,28600,31850,295938,9258451600,10.98,279037850000,447184200.0,-18106800.0,20260526
206400,1185,1185,1074,1108,183269,205421002,-3.74,41561255064,13862435.0,564394.0,20260526
019010,5390,5550,5300,5300,129741,704671315,0.0,255460000000,3914755.0,-31611760.0,20260526
177350,950,978,921,926,714345,670146107,-2.53,18199388242,11071274.0,-189569.0,20260526
457600,1826,1826,1700,1762,36072,63081645,-3.5,24152615000,-17337946.0,0.0,20260526
424760,3705,3775,3220,3345,470447,1604592978,-9.59,33079233510,-195304847.0,5917635.0,20260526
250000,7990,8190,7770,7910,83070,662190785,1.28,53398298030,62510360.0,-39170.0,20260526
310210,291000,298500,265500,273000,98932,27715060250,-2.85,5023792683000,-8258745000.0,2798229500.0,20260526
006910,11260,11470,10750,10860,1874612,20679693480,-1.63,533549888640,-551531735.0,163990.0,20260526
0010F0,4150,4240,3970,4020,326283,1341983118,-0.12,44797276020,-71821240.0,-2255590.0,20260526
226340,0,0,0,647,0,0,0.0,27143215740,,,20260526
014470,1410,1426,1317,1330,315379,425052101,-0.23,79869505800,-111789543.0,647280.0,20260526
008470,3530,3575,3525,3535,6008,21240665,0.14,29710968000,-3113350.0,-6365390.0,20260526
338220,10980,11010,10050,10090,142865,1490424395,-6.31,141278394070,-310715390.0,-2380170.0,20260526
100120,30750,30750,29000,29150,55146,1626383775,-2.51,261516630650,-434915450.0,-1198800.0,20260526
406820,3580,3595,3280,3350,628965,2111943306,-3.74,47356125950,-41306185.0,1091480.0,20260526
099390,4210,4245,4005,4050,14595,59965889,-3.23,33243546150,-3093944.0,737610.0,20260526
064480,3910,3940,3780,3850,71174,273940126,-0.9,46017125000,-32920544.0,522910.0,20260526
365900,2890,3015,2830,2895,8578,24737279,0.17,21163318500,-8581080.0,,20260526
089970,68000,72000,65800,66200,565331,38465230400,2.64,1639906069000,9873317200.0,-2277968000.0,20260526
251630,6110,6590,5870,5970,151373,913633590,-1.97,95179029420,2694730.0,-1898830.0,20260526
018290,15160,15400,14550,14590,201506,3001698895,-3.06,509801416420,-320712145.0,48976710.0,20260526
478560,3170,3185,3025,3085,123845,383697830,-2.06,79686469330,-27151610.0,-36455190.0,20260526
439580,2605,2660,2530,2580,218092,568084053,0.78,87324091260,39746850.0,62110.0,20260526
033560,3375,3480,3290,3480,16156,53625550,5.45,59508000000,4402245.0,12281100.0,20260526
369370,1078,1078,1011,1021,189068,194996184,-5.29,50919221131,-34076501.0,-409540.0,20260526
126340,177200,183500,167700,170000,131582,23018941150,0.59,1214399760000,-1479228250.0,599893600.0,20260526
121800,0,0,0,3320,0,0,0.0,256309348520,,,20260526
082800,2690,2755,2570,2610,407286,1074114168,-2.97,158478328260,-43034737.0,6805.0,20260526
318410,7080,7080,6950,6980,10268,71708020,-0.29,38775596140,-16853470.0,884460.0,20260526
419540,3800,4700,3425,3605,565190,2233627268,-17.79,16577599710,-108080848.0,-45766245.0,20260526
146320,16700,17530,16000,16560,58800,1003121575,-0.84,211933604880,-85775895.0,1019170.0,20260526
200780,4110,4110,4025,4025,13022,52792674,-2.07,42929285525,-3241200.0,-1613565.0,20260526
413640,7870,8080,7730,7780,15163,119930690,-1.14,56069993200,-36101020.0,,20260526
141000,10850,11140,10350,10410,94736,1006141610,-3.79,126114131100,-303449360.0,-1815670.0,20260526
083650,80900,82400,77000,81000,628325,50428014350,3.05,2506494375000,-13358278200.0,5470559100.0,20260526
0068Y0,1999,2010,1999,2010,384,768209,0.0,8663100000,0.0,0.0,20260526
065170,2270,2415,2190,2325,1953399,4461213353,1.09,64899568725,82696829.0,2047150.0,20260526
086670,15300,15670,14910,15470,102239,1563462060,2.11,153553440950,1394070.0,-7758080.0,20260526
230980,18,21,14,14,91411694,1562432075,-93.89,1306487798,75161.0,,20260526
488900,15930,16760,15590,15680,191651,3072244505,0.51,454350626240,153202235.0,-798653380.0,20260526
082920,56800,62100,56500,58000,768211,45458636600,8.01,2629689666000,-1642021050.0,7428758350.0,20260526
054220,2250,2550,2230,2265,422267,1015421215,1.34,28517745240,158486645.0,-534355.0,20260526
042370,15010,15350,14700,14880,378051,5667203720,0.61,389856372000,-805198020.0,-38968120.0,20260526
050090,713,726,690,704,37952,26720298,-1.26,13928453440,-513977.0,489900.0,20260526
148780,740,759,693,724,1067362,772254657,-1.76,22766704900,146941174.0,-510423.0,20260526
307870,1145,1180,1080,1094,583433,646012408,-5.69,81283417790,20587479.0,1013753.0,20260526
377030,2450,2495,2305,2315,75696,179184317,-5.51,24757443400,-33861580.0,-13998637.0,20260526
032850,4750,4790,4590,4595,106747,496936397,-2.34,76384031335,-148141714.0,-23070920.0,20260526
049470,2150,2165,2005,2115,95805,197186816,-3.42,49797461385,-63285816.0,-25110.0,20260526
238200,2795,2955,2710,2790,15945,44548352,-0.18,22822200000,6053773.0,-380120.0,20260526
093190,7750,8120,7530,7530,37007,283535710,-2.84,144868954650,-74877890.0,-92179050.0,20260526
065450,4360,4360,4080,4180,729726,3059660544,-4.02,123292456540,-352144512.0,-535165.0,20260526
044480,1305,1450,1255,1400,369967,502313560,7.28,46551282400,54172970.0,911212.0,20260526
069540,6980,7870,6620,6990,68621945,495559284130,5.75,684331757610,-8999925490.0,104160595.0,20260526
072950,16410,16900,15820,16550,1411658,22964340165,5.01,133270695500,882646725.0,24920.0,20260526
451250,8010,8050,7800,7850,28722,226992975,-2.0,80273134450,-61530825.0,399840.0,20260526
143240,15840,15950,15500,15530,10642,166627110,-1.96,166679312430,-24409750.0,28575260.0,20260526
466410,10400,10530,10250,10440,60534,626903530,-0.1,52586520120,57805230.0,-433110.0,20260526
223310,9250,9530,8750,8900,163490,1488807260,-5.32,46321313800,7181980.0,,20260526
452430,54900,56000,50100,50500,138039,7164535250,-4.72,416898760500,-829222950.0,-1382410550.0,20260526
419120,3665,3665,3510,3575,31905,113464375,0.0,52618144150,-37503325.0,0.0,20260526
122350,1258,1334,1230,1240,241933,307369302,-1.43,47540890720,-89421450.0,466348.0,20260526
419050,1750,1888,1705,1781,2191001,3967675168,9.6,101866503440,130164974.0,-37078.0,20260526
014970,6290,6290,5930,5980,54719,330599855,-2.13,88653500000,-145385305.0,16910.0,20260526
018310,21500,21500,21350,21350,40180,860465075,-0.47,313845000000,-154434000.0,338694450.0,20260526
012210,12610,13140,12010,12690,287018,3635499485,3.51,281616632280,-255112270.0,-25560.0,20260526
053700,5660,6910,5620,6660,3468844,22398849555,22.2,169455494880,-2049807090.0,-78146660.0,20260526
009620,790,831,788,814,96953,78238258,3.43,14223061072,8628148.0,40128.0,20260526
023600,9260,9430,9210,9290,10771,100617660,-0.11,148717107000,-57418170.0,29847560.0,20260526
0044K0,2000,2025,2000,2000,24282,48849495,0.0,15040000000,-4651445.0,0.0,20260526
0071M0,2000,2015,2000,2010,25145,50486010,0.0,11577600000,2042395.0,15278865.0,20260526
0096B0,1994,2005,1994,2000,25319,50592985,0.05,13160000000,2411388.0,10000000.0,20260526
0115H0,1995,2005,1992,2000,50104,100070072,0.05,14700000000,-2085826.0,30554772.0,20260526
009300,15740,16000,15180,15190,25364,389005490,-3.31,96760300000,116606700.0,5683190.0,20260526
482630,22800,23150,21700,22300,473234,10593795650,-0.22,488108644000,-785198850.0,107522350.0,20260526
484590,10460,10470,9810,9840,199871,1997586560,-4.47,405510828000,-630737870.0,-384993115.0,20260526
036670,5720,5760,5490,5550,91471,508222835,-2.97,62548500000,10679785.0,548800.0,20260526
361670,3180,3230,3115,3195,5930,18824160,0.47,18108167310,-255645.0,,20260526
054540,11070,12090,10770,11140,481726,5477521405,3.63,144820000000,-694916580.0,-66730.0,20260526
065570,0,0,0,764,0,0,0.0,12295692232,,,20260526
014950,7450,7480,7160,7220,48178,351714060,-2.43,72254785360,-43719790.0,-12650.0,20260526
032280,1320,1345,1320,1335,42934,57319468,1.37,21645142650,6309789.0,0.0,20260526
002290,3840,3840,3685,3730,52968,196683451,-1.06,46252000000,-78028036.0,13191150.0,20260526
037460,49500,54400,49300,51600,643914,33559280525,6.83,842035735200,-179045600.0,7134050.0,20260526
032750,3290,3320,3210,3225,37848,122342350,0.47,29125368450,28911250.0,-4624445.0,20260526
0013V0,6470,6740,6370,6370,69617,452406285,-1.55,63181838720,23237100.0,870150.0,20260526
054090,1084,1118,1070,1081,170282,184444299,-0.28,26980929792,-10452258.0,2332530.0,20260526
000250,380500,394000,361500,362500,127399,47696731250,-2.55,8503333600000,-13571218000.0,4153945750.0,20260526
024950,4460,4570,4330,4330,42944,190791494,-2.91,53692000000,-34588971.0,522110.0,20260526
038500,13500,14190,13130,13210,1864829,25301415495,0.15,1425574402260,1345839095.0,-515595090.0,20260526
437730,55700,61000,55600,60000,765434,45288073850,9.89,1902454020000,9857456150.0,-49797600.0,20260526
017480,5020,5080,4975,5050,111141,561543845,1.0,79299594500,8582660.0,517160.0,20260526
046390,2195,2715,1992,2100,2413017,5719998011,-15.32,36265263300,-101462109.0,-66528785.0,20260526
027580,2295,2840,2265,2840,547349,1518167297,29.98,33614964200,-142745982.0,2202640.0,20260526
038540,2170,2185,2120,2155,68155,146560900,-0.69,119232514515,-22485590.0,32733260.0,20260526
091580,23800,24000,21400,22900,755953,16824495725,-2.97,305216215100,1836724325.0,-3452970800.0,20260526
263810,2875,3375,2820,2945,4458550,14022186883,3.33,46898609625,-655239020.0,1644397.0,20260526
089980,23500,24850,23350,24100,153293,3709184250,4.56,385335791700,-703984175.0,-4098500.0,20260526
042940,8900,9030,8730,8790,91613,813365650,1.27,60024378480,-43927835.0,-5040.0,20260526
042600,18820,19360,17710,18610,48413,886402170,-0.8,231202712140,-332601650.0,254800270.0,20260526
107600,25950,26900,25100,25250,20130,524168950,-1.75,142434088500,28564975.0,-4344600.0,20260526
411080,7000,7360,7000,7250,193045,1395138875,4.62,110690375500,-83100380.0,-5520.0,20260526
252990,15080,15340,14230,14540,1124114,16511602940,-2.68,875568106060,-3924779980.0,-736583315.0,20260526
378800,1367,1391,1288,1292,651969,861174812,-4.65,59745996052,-265329840.0,-134204.0,20260526
294630,4005,4330,3950,4005,533153,2169619842,0.75,105597107595,-418959383.0,-32915.0,20260526
038070,5910,6830,5910,6100,2834998,18404655595,3.92,56734123600,-430467730.0,491370.0,20260526
006730,11920,12150,11090,11140,881591,10035267730,-5.99,723285922220,-820115710.0,-2524007085.0,20260526
079650,1201,1245,1187,1227,16255,19813714,2.16,24540000000,-1201738.0,-255990.0,20260526
100660,4100,4210,4000,4125,60741,248840744,0.49,51975000000,2806856.0,-575.0,20260526
019770,3790,3845,3660,3720,48681,180520085,-1.72,43338000000,-80472010.0,0.0,20260526
092190,14650,14960,12840,13610,1165285,15725763310,-6.97,624268692630,599195780.0,-53277100.0,20260526
046890,15300,15300,14810,14980,996940,14954190870,-0.66,873414892000,728721290.0,-223703650.0,20260526
063170,6230,6280,5990,6100,82345,500161630,-2.09,108423028700,-191063520.0,-1003140.0,20260526
027040,0,0,0,480,0,0,0.0,33402646560,,,20260526
018680,2595,2620,2455,2580,14230,36230965,-0.58,30081043020,4216480.0,,20260526
036120,1830,1834,1732,1760,328379,578419591,-2.82,61855200000,-24823566.0,32448612.0,20260526
093920,5050,5100,4990,5040,36341,182893665,-0.2,93744000000,16796270.0,-936375.0,20260526
189860,7340,7510,6970,6980,209586,1487094995,-2.1,67697484400,-85515010.0,44640.0,20260526
178320,79700,82000,76200,78600,1776865,140121245600,1.68,4997210914200,-4259221800.0,-14732002550.0,20260526
122690,2110,2130,2020,2040,73823,151500146,-3.09,47081498640,-20777806.0,1985235.0,20260526
140070,2500,2530,2375,2415,145454,353580945,-2.42,89326020000,-22216705.0,-20225915.0,20260526
011370,972,984,928,952,569214,540432257,-2.06,96051911480,-109125407.0,26637.0,20260526
065710,43950,45550,42950,43800,33296,1480059100,2.34,225570000000,-177701200.0,1760750.0,20260526
035890,2160,2170,2005,2025,1012516,2079259242,-4.93,465362125425,-482756647.0,104074160.0,20260526
357550,52000,52000,49500,50700,6273,316286400,-0.2,276568500000,-72383900.0,8082750.0,20260526
003100,22650,23100,21700,22250,53626,1191981075,-1.55,146850000000,-86007500.0,-16182450.0,20260526
067370,6660,6720,6100,6130,41237,260835580,-7.96,74746492150,27868940.0,366960.0,20260526
171090,94200,102600,91500,95900,296193,28538574600,1.05,968841833400,-2221543600.0,4174275850.0,20260526
086710,9040,9100,8650,8700,57988,507970905,-2.79,106168536000,-172781860.0,1961040.0,20260526
014620,37050,37400,35550,35700,156598,5686335500,-1.52,948097894800,-1257281125.0,-102591000.0,20260526
037350,11410,11570,10830,10980,531196,5937291850,1.1,167005800000,-461438825.0,184856640.0,20260526
458650,14590,14720,13800,13890,192712,2730676580,-3.41,208984356300,-429527225.0,75199510.0,20260526
081580,2900,3050,2900,2930,194964,582038224,2.09,45438858990,101510741.0,-4092910.0,20260526
045300,3420,3570,3420,3465,91349,320862652,1.46,36545396580,-44007440.0,122390.0,20260526
015750,8400,8450,7990,8030,698961,5675986680,-2.19,642400000000,572641005.0,-1791746160.0,20260526
365340,68800,70900,66800,66800,50164,3418274200,0.15,863130482000,-491731700.0,-320552800.0,20260526
080470,3850,3865,3680,3715,24675,92247682,-2.62,27119500000,-17996725.0,-964090.0,20260526
043260,43500,45750,40550,40950,3230570,138977762450,-0.73,2904289601850,-1795299400.0,5706335025.0,20260526
148150,4310,4390,4270,4285,91637,396114949,-0.46,152300975130,-116847715.0,17360.0,20260526
061090,47300,48000,45350,46350,47420,2208181250,-1.59,258959767500,-73131950.0,187045325.0,20260526
188260,2095,2095,1963,2000,17890,35554590,1.06,14456940000,-13506504.0,,20260526
053060,1455,1517,1433,1438,324626,479048968,-1.1,25391368522,-100283040.0,540588.0,20260526
340440,1594,1619,1470,1498,459148,704873955,-5.55,42510789272,-4843950.0,1093035.0,20260526
017510,12100,12330,11490,11520,521912,6114161930,-3.19,175633920000,-516332590.0,-53708415.0,20260526
490470,39000,44250,38600,42900,2507334,105470593875,18.34,1458595281000,759675550.0,2150194000.0,20260526
011560,25700,25950,24150,25450,49180,1221575975,0.79,263407500000,-129916275.0,-54555800.0,20260526
396300,6300,6380,5920,6040,954990,5800088330,-1.79,159996580000,162110240.0,845480.0,20260526
100700,2530,2530,2430,2440,151049,371087780,-2.79,106872000000,-151304556.0,5408205.0,20260526
024830,10370,10650,10340,10580,1894,19895510,0.28,88343000000,2964310.0,,20260526
258830,0,0,0,412,0,0,0.0,31223976612,,,20260526
036630,10140,10500,10020,10110,13736,140762560,-0.3,101100000000,42499120.0,-539760.0,20260526
039310,1419,1419,1280,1340,314352,422406037,-5.57,24283033780,9178005.0,1261728.0,20260526
067770,2120,2245,2055,2120,11555,24689985,0.0,17800777160,-3205610.0,0.0,20260526
053450,5100,5140,4930,4945,132354,660003200,-2.47,73150410835,-72342620.0,1046215.0,20260526
252500,784,784,755,761,131788,100806427,-2.93,31571142790,-1175106.0,-5033.0,20260526
321370,3540,4145,3410,3975,21231776,82998630228,12.93,205368001350,1846808378.0,-90940.0,20260526
347000,2130,2155,2040,2050,143182,298137510,-3.76,77512234300,-49402815.0,-9500.0,20260526
331920,17090,17500,15060,15510,293704,4703853010,-8.93,126625935480,-1415831120.0,197336705.0,20260526
352770,0,0,0,5250,0,0,0.0,13610136750,,,20260526
471820,4965,4965,4850,4855,12373,60216560,0.1,54875477545,-23754490.0,24648450.0,20260526
049180,0,0,0,1009,0,0,0.0,83975227728,,,20260526
299660,3270,3455,3220,3350,629449,2098921218,2.6,98834972950,45420910.0,-37505.0,20260526
108860,11200,11380,10890,10900,166610,1842339575,-1.54,293371211000,-12673405.0,-12740125.0,20260526
208370,3905,3945,3760,3795,138076,527980933,-2.69,97685440380,-113487083.0,-13900.0,20260526
318160,6240,6260,5960,5980,53570,323236645,-4.17,55838327740,-17774630.0,29329140.0,20260526
308430,23950,24450,22800,23650,108707,2551776050,0.64,305209186150,-492186275.0,326930350.0,20260526
068760,52500,52500,50000,50200,93867,4781887900,-1.95,2228997066400,-2032318650.0,168175650.0,20260526
068940,0,0,0,778,0,0,0.0,35720093048,,,20260526
007720,369,374,350,353,340522,120911874,-2.75,35582558850,12814658.0,547447.0,20260526
290690,5080,5760,4915,5310,5981790,32184536921,4.32,261980765640,-646269705.0,,20260526
950200,3200,3255,3120,3160,37694,120574851,-0.94,60785927480,-53115509.0,18150.0,20260526
032680,1309,1309,1210,1297,426435,535271617,-3.21,27050077657,-55668844.0,-8960628.0,20260526
032685,30000,30000,26550,30000,1185,34163100,-4.31,2140860000,,,20260526
258790,0,0,0,1718,0,0,0.0,42935025912,,,20260526
066910,0,0,0,680,0,0,0.0,45514551520,,,20260526
215090,2190,2195,2065,2095,207865,438131246,-4.34,48511109795,-148451539.0,11443345.0,20260526
035610,3630,3700,3555,3555,37642,136549405,-2.07,97215019335,-13687335.0,,20260526
357780,444500,467000,438500,452000,55363,24849753000,5.24,3515911832000,5689254750.0,-4231466500.0,20260526
036830,57100,57600,53800,54100,109434,6059418100,-2.52,1109265372100,-1054300.0,-2103991600.0,20260526
304100,20750,20850,19710,19800,91884,1860726560,-3.65,249358329000,-269922080.0,56338965.0,20260526
328380,3320,3375,3130,3150,29412,93633625,-2.33,21585548250,-9505455.0,549100.0,20260526
086980,2830,2870,2710,2745,722862,2002381926,-0.9,171941310000,-201849280.0,-16099570.0,20260526
050960,8950,9070,8560,8650,10245,90419500,-3.35,58396150000,-47310260.0,-2860.0,20260526
084180,1038,1038,920,938,301803,288841744,-9.63,16953677454,-15640711.0,-1134917.0,20260526
253840,7100,7240,6590,6650,1485650,10321592800,-7.51,111342280000,-697420380.0,-27920.0,20260526
298830,6840,6980,6620,6640,476559,3225102350,-1.04,354964433360,-346054120.0,-4800.0,20260526
236200,45600,46100,43700,44550,30982,1381446000,-1.55,310705555050,-129545300.0,105206450.0,20260526
094840,10950,11300,10280,10370,38756,413678175,-5.21,101689350330,14220505.0,31138630.0,20260526
192440,32500,32600,31000,31250,20563,648151050,-3.55,194261343750,185213200.0,67158200.0,20260526
424960,6530,6730,6490,6570,94301,620985525,1.23,108307172700,-61150780.0,981460.0,20260526
099440,3950,4035,3880,3920,718825,2829143899,0.13,267514104480,322470540.0,-66750.0,20260526
066590,2535,2560,2430,2450,99463,244467347,-3.16,94760945650,-14239635.0,1485340.0,20260526
276040,0,0,0,327,0,0,0.0,7073119545,,,20260526
060240,0,0,0,1976,0,0,0.0,11502414560,,,20260526
115570,2920,2925,2845,2880,18368,52979400,-1.37,22995383040,-432795.0,674885.0,20260526
330730,7170,7180,6730,7070,205859,1434828190,0.28,128800058100,-303698860.0,-2689250.0,20260526
352090,3760,3850,3665,3720,65346,243037012,-1.72,99967552560,-61099255.0,-6995.0,20260526
253450,28500,28700,27200,27550,86171,2385333975,-1.43,828111619900,-472453625.0,-245384725.0,20260526
408900,2120,2170,1999,2000,224896,455476488,-5.44,65505858000,-186138954.0,1649045.0,20260526
415380,2180,2210,2035,2100,148393,312808106,-3.67,24030247500,-18645441.0,-15915.0,20260526
013810,2300,2365,2210,2255,67774,153957882,-1.96,33048084850,-41070644.0,-20.0,20260526
347700,44000,50600,43500,46750,4233135,203522244000,9.23,2375568758750,73069117100.0,-3148015625.0,20260526
049830,7250,7250,7050,7230,4937,34909270,0.56,44335169760,4169630.0,-2090.0,20260526
020710,4175,4180,3985,3995,273042,1106076914,-3.27,80091640150,-280132485.0,7414390.0,20260526
033170,838,874,829,849,824466,700161351,2.29,72783342831,-124899831.0,545476.0,20260526
048870,1972,2050,1913,1918,663711,1290506042,1.37,168989155034,-175623265.0,-66488180.0,20260526
025320,5500,5640,5410,5460,541724,2979791460,3.41,503206993380,-440457480.0,22623080.0,20260526
340810,3130,3165,3005,3005,129185,393926917,-3.99,41003152880,-5355087.0,5038460.0,20260526
269620,0,0,0,889,0,0,0.0,132090012299,,,20260526
056090,1740,1748,1631,1644,1582473,2665800078,-3.58,169757855184,-795040149.0,19738697.0,20260526
429270,9630,10590,8740,8970,1978857,18553915965,0.45,57849602070,-922946590.0,3931250.0,20260526
418250,0,0,0,6550,0,0,0.0,47629012750,,,20260526
131090,3950,3965,3855,3860,41074,160530512,0.65,29560733060,-19227477.0,11369023.0,20260526
290520,2410,2550,2365,2390,92054,224499664,-0.62,38071175180,-38398592.0,24420.0,20260526
001000,1422,1439,1405,1410,17146,24235868,-0.84,34231331400,-8154921.0,,20260526
025870,3880,3885,3665,3780,9130,34452275,-2.58,15120000000,1497710.0,-15985.0,20260526
215600,3380,3400,3170,3245,1160600,3771011705,-1.67,449606315180,-486450196.0,668350.0,20260526
065350,51200,51600,48200,48300,195460,9731064075,-1.63,1327474688400,-1890603850.0,16235450.0,20260526
416180,32700,33000,31900,32200,29401,952922550,0.16,291080851600,-200260900.0,-6772050.0,20260526
162300,1638,1659,1625,1631,58939,96475314,0.0,67639824042,-38261444.0,0.0,20260526
002800,5390,5420,5110,5180,131175,686688515,-3.9,78583190000,-60083105.0,547050.0,20260526
472220,2170,2170,2135,2145,274,587280,0.7,10060050000,0.0,0.0,20260526
0091W0,2065,2065,2055,2060,1814,3741920,-0.24,12500080000,0.0,0.0,20260526
017000,2805,2810,2695,2710,60969,167719817,-3.21,31620353170,-36484021.0,20.0,20260526
012790,5650,5720,5550,5560,34112,191004920,-2.11,66644467400,-40774110.0,11125980.0,20260526
138070,1655,1670,1641,1666,28924,47795201,-0.06,29160337864,-8716611.0,12.0,20260526
226330,2600,2610,2390,2420,190936,471454575,-3.39,58705509500,-129427360.0,-9068305.0,20260526
474660,2050,2052,2045,2052,466,954899,0.34,11327040000,0.0,0.0,20260526
474930,2110,2110,2090,2095,1076,2249780,-0.71,7583900000,0.0,0.0,20260526
487360,2025,2035,2025,2035,1616,3280010,0.0,11477400000,-3059210.0,0.0,20260526
487830,2035,2040,2035,2035,552,1123325,0.0,8852250000,0.0,-2040.0,20260526
496070,2010,2015,2005,2010,23862,47962815,0.0,11296200000,0.0,19004550.0,20260526
0130D0,1998,1998,1992,1996,47201,94213718,0.1,10658640000,-16694.0,73697535.0,20260526
0129K0,1988,1993,1984,1992,99978,198754626,0.05,11195040000,-3519374.0,110159396.0,20260526
056700,1646,1650,1580,1614,105506,169405668,-2.77,47024036874,-27123076.0,-14204.0,20260526
187270,3635,3690,3565,3625,22110,80070730,0.55,36771438125,-8346600.0,548120.0,20260526
095190,2470,2470,2340,2380,185929,441297612,-1.45,155319899560,13572205.0,607020.0,20260526
243840,8580,8600,7880,7960,582168,4706927735,-5.8,306923550600,-1135132740.0,-94632285.0,20260526
257720,39050,39300,37400,38050,837369,31781300850,-1.93,2495176388600,-1639430400.0,-8591332700.0,20260526
222800,136000,141000,126700,132800,1310338,176192311700,0.76,4975210036800,4694668050.0,-5226692100.0,20260526
036710,6210,6500,5620,5740,1940094,11471837430,-6.51,303231307960,-439364105.0,214042210.0,20260526
444530,11490,11500,10660,10800,55728,615454525,-5.1,69321355200,-107397185.0,2084570.0,20260526
234030,5800,5980,5650,5700,142943,836975655,-1.21,134548500000,-75303675.0,22421910.0,20260526
160980,35450,36200,34000,34300,154617,5355595925,-1.15,374701534900,-677603400.0,889898675.0,20260526
356890,3350,3945,3350,3445,4381813,16432619566,2.99,41180927125,-985659268.0,-258360.0,20260526
217330,4940,5140,4865,5080,247532,1242939949,5.83,117498098760,28377321.0,8275475.0,20260526
208640,167,198,156,162,8716319,1537698740,-1.82,22556921148,-33106536.0,192879.0,20260526
222420,1399,1630,1345,1448,2189772,3293402473,7.18,70110021304,-227868157.0,-1481035.0,20260526
037760,2395,2415,2335,2405,68667,164060520,0.42,81368175005,-1773020.0,,20260526
081180,11230,11380,10690,10690,162988,1794326820,-3.35,94344969150,-254571420.0,-93086965.0,20260526
099320,157500,168000,152000,153400,145727,23096328650,-0.58,1679926045200,303210200.0,-3051572400.0,20260526
049960,18080,18300,17760,18110,21875,394306970,0.17,170234000000,-41330440.0,-4262690.0,20260526
088280,5420,5460,5040,5120,420633,2195838080,-2.29,88609228800,-218122230.0,-37600.0,20260526
050890,18370,18900,18090,18340,6332243,116640238925,1.16,1114274833560,-2765791510.0,343697300.0,20260526
394800,10700,10700,9850,10030,135683,1375050880,-1.57,318567604280,-351231580.0,60145200.0,20260526
177900,6820,7090,6600,6650,151665,1034781140,0.15,64023540000,-112772080.0,-1748460.0,20260526
475400,30400,30850,29900,30100,49132,1491213875,0.5,353857466200,-99371375.0,53440325.0,20260526
109670,4145,4240,4070,4070,5524,22978932,-1.81,23754970140,636850.0,-387940.0,20260526
066790,0,0,0,1493,0,0,0.0,97271994227,,,20260526
222080,13950,14360,13450,13470,1579398,21842439985,-0.66,1047698539680,-975047645.0,-79824120.0,20260526
352480,21750,23100,20850,22700,48414,1065452850,7.08,309398752700,-95833300.0,63491100.0,20260526
264660,19110,20250,19110,19330,194571,3828288230,1.84,187910254760,-102503005.0,-25931630.0,20260526
352700,1840,1843,1806,1810,77354,140807962,-2.16,47561187190,1008847.0,13021099.0,20260526
458870,38700,38700,35250,36550,290638,10635104625,-0.81,1391083497000,-2978989725.0,780995825.0,20260526
297090,6010,6100,5830,5830,194546,1153830555,-2.51,158984100000,-387662555.0,-12102970.0,20260526
900120,0,0,0,391,0,0,0.0,14603186473,,,20260526
359090,645,647,616,632,56603,35708242,-0.78,36321493144,-12109682.0,549879.0,20260526
115530,3260,3490,3010,3030,215065,675579412,-9.82,23889674430,13385361.0,-50265780.0,20260526
388210,129200,132700,127100,127400,130462,16874817400,3.92,1227427401200,1056791100.0,-2838942900.0,20260526
115480,2400,2410,2260,2305,62519,144048730,-0.65,27947919855,-21718845.0,1537800.0,20260526
376290,2685,2885,2660,2860,65167,182579280,6.52,50500450000,22444840.0,25600.0,20260526
189330,8600,9400,8600,9200,612448,5492107495,11.11,86317012800,1035983985.0,-10020.0,20260526
096530,32250,32450,31300,31900,391447,12514314025,0.95,1666009208600,1684336825.0,-276752575.0,20260526
101240,3800,3815,3750,3755,42863,161448555,-1.18,42645730260,-61015250.0,-37594360.0,20260526
060590,3895,3995,3660,3705,57959,218332402,-1.98,89590679100,-78813757.0,-1706135.0,20260526
260930,3350,3390,3285,3385,27396,91774084,0.45,65471285535,-9489450.0,-220.0,20260526
413630,3330,3370,3270,3295,166571,552323646,-0.3,120058682670,-9398624.0,-16075.0,20260526
013990,5080,5080,4915,5000,298126,1486393905,-0.4,164437680000,-298745912.0,726760975.0,20260526
123860,22800,22900,21100,21900,235727,5154572750,-2.67,265502788500,-580662300.0,253427750.0,20260526
025980,5730,5790,5280,5320,1762355,9492994560,-6.17,517641266800,-1493147165.0,-835788675.0,20260526
0015N0,7490,7590,7210,7230,92140,676388595,-3.47,91929811500,-73974695.0,2083690.0,20260526
125210,12330,12860,11810,11940,250401,3068858175,-2.21,196971672600,-771392235.0,-20392230.0,20260526
357580,14890,15430,14150,14380,195318,2869250370,-2.84,169536777560,-397146305.0,-304179665.0,20260526
052710,24900,29600,24850,29600,3975834,115267730500,29.82,432531361600,697576100.0,5680478825.0,20260526
074430,1250,1343,1244,1297,417531,543839146,3.76,113911416668,-48476497.0,34256.0,20260526
092040,1802,1834,1726,1754,437360,772310123,-3.68,123929548798,-204484359.0,-4506193.0,20260526
083930,14740,15250,14430,14550,175074,2611404320,-0.27,213553972950,92581375.0,-37513335.0,20260526
149950,17860,19490,15900,16100,2135409,36844632180,2.55,220050018300,-4532727745.0,1829066835.0,20260526
036010,10800,13550,10800,12460,3555234,45834283760,19.46,165629957640,1626325920.0,1481008865.0,20260526
050860,1904,1904,1878,1888,76679,144593890,-0.84,42480000000,-18229256.0,-1820214.0,20260526
136410,6200,6280,6090,6170,24630,151918140,0.0,67987884020,-41323780.0,7206600.0,20260526
246720,0,0,0,6070,0,0,0.0,99434491000,,,20260526
450950,9750,9880,9000,9540,48385,463945795,-2.75,358967227680,-27605175.0,29025880.0,20260526
067390,734,753,710,729,2940303,2145320009,2.68,302649875091,-124382329.0,-50027458.0,20260526
159010,17600,18600,17100,18400,152909,2769947780,8.24,245359197600,100297715.0,220733590.0,20260526
127710,1152,1159,1101,1115,52614,58703038,-3.21,49114869150,-1522935.0,-77047.0,20260526
154030,1843,1843,1790,1801,74659,134698142,-3.02,21723422467,-21803175.0,0.0,20260526
227610,0,0,0,794,0,0,0.0,30209513324,,,20260526
331740,13240,13605,12790,12820,62454,819393975,-3.17,124991038620,-172031615.0,3705650.0,20260526
143160,16900,17060,16700,16790,10805,181993290,-0.42,179928188100,-74320500.0,28510.0,20260526
054800,16380,16380,15520,15530,18527,290736600,-3.42,160700650680,-80404180.0,-56302090.0,20260526
332370,5190,5320,5160,5210,15054,78819400,-0.38,69156112460,14448920.0,,20260526
066430,3675,3690,3410,3480,3360934,11755831559,-3.73,136254096480,511570366.0,,20260526
339950,2725,2730,2660,2710,125679,338255408,-0.73,121805435050,-37947083.0,9330.0,20260526
469750,1300,1300,1235,1257,259383,325862442,1.05,43311796617,-66537567.0,1479206.0,20260526
460470,4590,4735,4300,4500,263972,1198308915,0.67,68037165000,75403359.0,-23490.0,20260526
099190,19810,19880,18990,19220,67856,1316623365,-2.83,552715478980,-303072525.0,28451560.0,20260526
461300,18520,18780,17700,17720,93284,1676160775,-4.32,236100092760,-387964020.0,-984415.0,20260526
289010,1601,1605,1513,1545,128496,197456428,-4.45,21545420520,-37090951.0,991387.0,20260526
214430,88500,89800,79700,84600,46776,3980354050,-4.3,618190389000,-74437050.0,-382616450.0,20260526
040910,5530,5760,5340,5340,54950,299858570,-3.09,97050628500,8125670.0,542920.0,20260526
368600,909,910,834,834,251374,214997125,-8.25,21298980564,-60098712.0,34596.0,20260526
456010,28100,32600,28000,30800,4829892,148488710500,16.01,431535535200,6603816150.0,91009150.0,20260526
052860,6790,6790,6240,6370,76270,489628945,0.0,113786379980,-117864280.0,-22010.0,20260526
464500,3415,3670,3415,3530,125653,444883150,3.37,49396218390,25329664.0,-16295.0,20260526
212710,11500,12550,11350,12240,541488,6462341250,7.18,117785250720,226445020.0,-13840470.0,20260526
038880,902,933,900,909,130314,118814878,-0.33,34153054353,8937697.0,,20260526
307180,9620,9880,8760,8760,2049053,18941816765,-8.27,304090023480,-145103870.0,-321163405.0,20260526
101390,0,0,0,396,0,0,0.0,6698084184,,,20260526
493280,39450,40850,38350,38350,91091,3583609300,1.05,567735240800,-585306100.0,3674725.0,20260526
461030,5630,5640,5270,5320,48519,260909410,-4.49,76259630440,-91012790.0,29400.0,20260526
451220,14430,15310,14210,14710,155225,2285624665,4.7,115835527810,304206530.0,989060.0,20260526
078860,4230,4600,4190,4265,25744,112356581,0.83,25317999625,-4652266.0,541985.0,20260526
090150,720,720,678,680,146708,100901711,-3.27,28475199240,-6291743.0,543611.0,20260526
031310,1626,1715,1570,1675,1005543,1636024242,3.2,49825640425,-367353732.0,-244011.0,20260526
462980,1801,1839,1710,1712,350287,609774984,-4.84,31217356144,-169638958.0,856630.0,20260526
185490,2150,2360,2030,2055,5194576,11414357149,-3.52,88837206120,-177310483.0,-20928347.0,20260526
059100,6080,6150,5830,5890,56618,337434930,-3.92,41647365400,-11473460.0,-7864460.0,20260526
262840,3405,3515,3400,3440,15251,52719386,1.03,36350314880,6165306.0,-562695.0,20260526
175250,0,0,0,2170,0,0,0.0,81501658560,,,20260526
052460,3080,3180,2940,2940,114108,345580987,-3.76,42947331840,-62779158.0,1448140.0,20260526
119830,8800,8900,7420,7460,1040663,8246386770,-12.75,196563711580,-738475265.0,41782815.0,20260526
052770,0,0,0,312,0,0,0.0,4545457488,,,20260526
124500,53800,54500,49500,49650,324303,16476904950,-4.89,1152104765550,1419308350.0,-1010766575.0,20260526
010280,7570,7750,6990,7190,152673,1099429365,-4.89,93648002830,-267872465.0,19270.0,20260526
232830,4410,4585,4165,4355,116282,504589518,1.16,72004376730,-47305567.0,-7259580.0,20260526
372800,3500,4145,3500,3645,127653,475673203,4.14,25650553905,-11885060.0,-43302905.0,20260526
084850,15000,15300,14700,15270,56305,851603895,4.23,346368402180,67515930.0,-4996995.0,20260526
309710,0,0,0,21000,0,0,0.0,268443021000,,,20260526
114840,10220,10310,10120,10190,84499,862377150,1.49,176489781000,-288988590.0,364479510.0,20260526
027360,16580,17690,16250,16510,15370907,252742535973,4.63,2000110653060,57813935053.0,7876519820.0,20260526
032080,1302,1310,1246,1274,23992,30786147,-2.08,27379570946,-1396999.0,549124.0,20260526
013310,3735,3780,3535,3585,863124,3111013682,-2.32,139121596470,-486061430.0,112200.0,20260526
059120,10710,10980,10060,10360,933857,9707079515,-1.8,189692283760,-44074830.0,10170.0,20260526
0007C0,32750,33300,30600,30900,133466,4208592525,-2.98,248137011600,-668744925.0,-17511650.0,20260526
203690,0,0,0,4425,0,0,0.0,89196141000,,,20260526
158430,7290,8050,7290,7610,2231284,17277730225,7.03,186308720120,400232635.0,1519790.0,20260526
200350,4860,4870,4225,4230,133627,595262745,-8.54,42283185750,-77045850.0,1096420.0,20260526
321820,4700,4950,4230,4230,305076,1351386211,-2.2,65951520480,-263525712.0,3086245.0,20260526
001540,10860,10900,10000,10360,211379,2205156040,-3.45,135119471200,242015355.0,-227091840.0,20260526
053800,64500,65200,62500,62600,35119,2226919700,-2.8,696519275600,-174786500.0,-21158100.0,20260526
065660,31650,31650,30000,30400,18659,575279750,-0.49,304185440000,-72126600.0,-7526500.0,20260526
297570,1370,1373,1333,1338,58971,79224109,-2.34,46323189684,15455111.0,910812.0,20260526
260660,3130,3250,3130,3180,44231,140626534,2.09,48739926780,-23355904.0,-532950.0,20260526
354320,96800,101700,92500,92900,252087,24468177600,-2.42,593759294900,-1681021350.0,394394850.0,20260526
361570,1830,1872,1771,1810,89524,163182495,-0.98,52025356710,-15905578.0,3432254.0,20260526
131370,2145,2165,2060,2065,204701,429466898,-3.5,109996526395,-202336882.0,16690.0,20260526
140670,16200,16840,15760,15810,248903,4035301390,-1.5,202997870400,-160384035.0,-11263070.0,20260526
096610,0,0,0,2965,0,0,0.0,51550708615,,,20260526
061040,0,0,0,1937,0,0,0.0,87632039755,,,20260526
148250,3185,3255,2925,3110,234711,720506325,0.48,42329289440,51327635.0,-103483390.0,20260526
123010,2650,2810,2325,2350,1744897,4453993779,-11.32,79012327450,-284453563.0,,20260526
476830,151000,155500,142300,145900,201259,29695744200,0.27,2032947547800,-8207863600.0,1211412850.0,20260526
347860,1965,2010,1927,1960,359363,706331198,0.67,80949867880,-191349705.0,-32775.0,20260526
196170,375000,386000,350000,365500,464199,172445923000,0.27,19585808366500,-25031927750.0,10758571250.0,20260526
123750,1810,1830,1684,1756,197488,339568941,-2.98,24266618804,41678097.0,460946.0,20260526
459550,1958,2005,1897,1898,344076,665044381,-2.37,47869004378,-154576995.0,-9310807.0,20260526
085810,1859,1859,1754,1780,36854,66317094,-4.25,23334386680,-16477889.0,-534314.0,20260526
043100,0,0,0,520,0,0,0.0,10457241600,,,20260526
117670,17000,17110,16100,16420,21065,347611520,-1.14,109385803640,-87734315.0,28530.0,20260526
314140,6000,6090,5930,5990,12950,77301080,-0.17,51911502390,-18767960.0,,20260526
291650,1181,1315,1178,1183,95632,114725105,0.17,72209423286,-35507480.0,2331674.0,20260526
293780,6910,7040,6540,6580,81009,538550345,-2.52,184854604900,-211183615.0,97960.0,20260526
310200,2470,2495,2370,2435,213193,510917885,-1.42,127016505660,-190858480.0,14693945.0,20260526
179530,2830,2835,2595,2625,203577,539182268,-7.24,51659028750,-17025605.0,1055400.0,20260526
397810,5320,5500,5250,5470,10399,55644870,1.48,28229411900,-20725120.0,,20260526
0011A0,21700,22350,21000,21150,91502,1981590250,-0.94,197408601000,-110439300.0,1526650.0,20260526
052790,4980,4980,4730,4800,17459,83475300,-1.13,52437825600,-44301870.0,1379355.0,20260526
290740,16860,16860,15060,15150,91097,1412758170,-3.5,152484916650,22197640.0,-5456500.0,20260526
238090,2925,2925,2635,2750,200744,550289115,-3.68,83848710000,-15193739.0,-1380420.0,20260526
138360,3285,3400,3150,3280,1054383,3434323679,1.55,252532848160,172908011.0,-28640.0,20260526
092600,3780,4640,3750,4130,563497,2366693108,11.32,20718983390,-25320683.0,-21255.0,20260526
129890,997,1005,969,970,212703,208684636,-2.71,44179233940,-11663509.0,391652.0,20260526
174900,42300,44500,40000,42150,281553,11889208625,3.95,840982237350,-2306277525.0,944321450.0,20260526
109960,0,0,0,153,0,0,0.0,33780758157,,,20260526
270520,1499,1736,1402,1609,1104940,1770850496,13.63,31631192626,28626020.0,-14218.0,20260526
255440,10280,10500,10040,10070,37210,378929990,-1.66,131494060000,-32300380.0,-846640.0,20260526
030960,5810,5970,5650,5700,18722,107403830,-2.56,91086000000,-11146860.0,278820.0,20260526
102120,13990,14310,13660,13800,479834,6714414415,1.62,245374391400,223283850.0,5534760.0,20260526
238120,3925,4020,3890,3960,59444,233283295,0.89,56940428160,-54785555.0,2037240.0,20260526
019990,8200,8610,7920,7970,193217,1569040165,-0.13,77756021360,-360532460.0,43660.0,20260526
435570,8500,8500,7660,7660,77815,614027310,-8.48,58346089780,-146911260.0,-9540.0,20260526
270660,16520,16560,16010,16030,23950,387580245,-0.99,203430045490,-117672700.0,-16235090.0,20260526
038680,4110,4195,3985,4020,153081,622012925,-1.83,80048820840,-115859203.0,-468205.0,20260526
217480,0,0,0,499,0,0,0.0,54756837359,,,20260526
121890,2700,2940,2600,2940,320861,896475121,8.89,39076851240,-55264291.0,7260.0,20260526
304360,35100,35300,32400,33150,95670,3205704000,-2.79,410566993200,-763213900.0,353071850.0,20260526
389500,92400,92800,85900,90900,133493,11913922050,3.41,605709604800,-1605032000.0,548169250.0,20260526
042110,1469,1504,1424,1430,243025,351245879,-2.52,69111276520,-16257712.0,98659.0,20260526
065420,212,212,184,184,3991933,785581628,-13.21,13170223016,-20787320.0,-2631.0,20260526
103230,3545,3560,3440,3495,27613,96066239,-0.85,25164000000,-37767635.0,,20260526
260970,63500,64100,60100,62700,84885,5292614250,-0.63,181375675800,-651724650.0,-967219450.0,20260526
101490,81100,84000,77000,77500,222654,17664716350,-2.27,1653453122500,-1309724450.0,-3966155300.0,20260526
095910,2500,2500,2135,2150,1874957,4195785229,-8.51,80188354350,-210149601.0,1586250.0,20260526
275630,4275,4290,4070,4070,23432,96849979,-4.8,21382998560,-18096990.0,8024320.0,20260526
031330,16190,19950,15810,18170,4405046,80070916710,16.55,1816910367390,2853939905.0,1374275825.0,20260526
060540,1473,1494,1418,1419,73727,106366316,-3.73,37083161214,423857.0,252815.0,20260526
056190,33350,33700,32300,32450,160625,5273918175,-0.92,1165239262000,404363150.0,270100225.0,20260526
0008Z0,36150,36250,33800,33900,131549,4549683325,-4.24,319899519600,-483848150.0,-1061773700.0,20260526
246250,0,0,0,1969,0,0,0.0,30220617614,,,20260526
041510,89000,89500,85600,86400,95632,8277288100,-2.04,1978101216000,1034086950.0,-2799509000.0,20260526
460870,3230,3260,3050,3060,152445,474402399,-5.26,61424310240,-108361191.0,-108824815.0,20260526
464080,14600,15700,14280,14670,519316,7762794445,4.56,263283150150,113083725.0,-17375260.0,20260526
109610,2540,2600,2500,2515,166757,421690211,2.24,123002111000,-67104660.0,-3970.0,20260526
365330,3095,3130,3005,3015,400240,1217016732,0.17,151265565000,-326911100.0,-18153527.0,20260526
306040,4260,4305,3600,3695,324354,1239003952,-13.26,36454234460,-16777929.0,249590.0,20260526
398120,2870,2985,2755,2755,207926,582787702,-3.5,32559997805,10058950.0,1809015.0,20260526
472230,2070,2075,2065,2065,1415,2929525,-0.24,8580075000,0.0,14455.0,20260526
473000,2055,2055,2045,2055,1302,2667840,0.24,6802050000,0.0,-2055.0,20260526
473950,2035,2040,2030,2030,3613,7336795,-0.25,8972600000,0.0,0.0,20260526
475660,4580,4635,4300,4320,31956,141387294,-5.68,34256887200,-45121422.0,-302280.0,20260526
096630,3005,3050,2850,2900,126487,369355652,-3.49,46041336700,-62040408.0,-635030.0,20260526
069510,13500,13500,12820,12860,33843,439742715,-3.24,140302600000,-160071010.0,-16026320.0,20260526
488280,26500,27800,26150,27700,515562,13980056975,9.49,299256562200,394305325.0,-498557800.0,20260526
234300,3255,3260,3100,3100,152257,480099668,-3.58,84344118000,-98885375.0,537955.0,20260526
039440,32700,34250,32450,33300,387890,13079333950,5.55,516384665100,-4179540575.0,6146571725.0,20260526
098660,1649,1649,1582,1618,16388,26486241,-1.88,20226579168,-1170316.0,-970976.0,20260526
052020,15830,16450,14950,15430,351127,5495209950,-2.28,1048982180130,-735276175.0,33780360.0,20260526
237690,143000,145400,138100,138600,127260,18022750950,-0.65,2891047282200,-1825871800.0,1632955050.0,20260526
458350,6860,6980,6640,6700,30337,204191420,-0.3,58177440000,5798405.0,-2348160.0,20260526
050760,1311,1373,1290,1333,91462,121035139,1.68,21774125774,25089126.0,-6961401.0,20260526
288620,10200,10210,9770,9840,41018,408354910,-1.89,68676469440,20920690.0,910550.0,20260526
443670,4970,4970,4665,4705,190063,903991332,-1.36,116408249360,-77273334.0,577205.0,20260526
317830,9720,10030,9600,9720,113461,1113386170,1.25,104721510960,-93541775.0,32015.0,20260526
058610,131000,133400,127600,127700,238572,31051051250,-0.62,2832048872000,1746550600.0,1022157750.0,20260526
043340,900,942,899,915,197204,180801620,1.67,43462500000,10544003.0,579019.0,20260526
163280,5240,5460,5140,5360,74036,394896425,4.89,72912498080,-55579550.0,-1261470.0,20260526
200710,44100,47800,44050,46350,317951,14758947325,8.8,623964024450,-187333075.0,46267825.0,20260526
475580,9590,9760,9100,9250,203762,1885728140,-2.43,126030325000,-466283610.0,1519950.0,20260526
096690,6590,6890,6250,6250,29727,190871510,-6.02,25142762500,-29529730.0,906070.0,20260526
298380,125600,125700,116500,117500,521527,63123720900,-2.25,6578526902500,-20415491200.0,3232832250.0,20260526
203400,2135,2400,2105,2130,1128730,2514049185,-0.23,191915777520,-238667521.0,-32568315.0,20260526
195990,1107,1149,1060,1092,112298,123788732,-0.64,35572716816,9608881.0,549185.0,20260526
003800,32850,33000,32100,32750,8690,282474850,-0.3,363197500000,-116390700.0,-129650.0,20260526
088800,4305,4330,4055,4105,529751,2192184630,-2.73,309953911570,-236403791.0,-13790.0,20260526
241840,4115,4120,3760,3790,92847,358868295,-7.9,36156577260,-11763618.0,548120.0,20260526
364950,6170,6290,5980,6020,30422,184994800,-2.75,49944598900,-30182280.0,405120.0,20260526
453860,12570,12600,11910,12110,22572,273202595,-3.66,78041962530,-69294335.0,-5734960.0,20260526
312610,1100,1100,1061,1062,15933,17063065,-3.01,21512815056,-1765088.0,0.0,20260526
172670,19700,20450,18400,18530,138969,2658819090,-5.22,166033599270,-968758275.0,-463400.0,20260526
481070,15530,15530,14700,15160,17111,254030370,-1.3,217246590000,-11809370.0,-96620030.0,20260526
060900,5440,5510,5140,5500,39977,213752980,1.1,21950901500,-28586320.0,-25930.0,20260526
445090,29700,31450,29650,31000,192164,5915140725,6.35,338695398000,2364633600.0,384165600.0,20260526
295310,117700,144000,116400,133000,807444,109293969000,17.7,1599629703000,16889812800.0,-3269263400.0,20260526
072990,4125,4240,4020,4075,54561,223544150,-1.33,59080189450,35759770.0,595240.0,20260526
044990,14850,15520,14700,15130,71280,1074785440,1.89,116280480250,-84477195.0,-95809655.0,20260526
239610,7380,7580,7280,7380,489,3605840,0.0,39793808700,-1515360.0,20.0,20260526
036170,5650,5670,4825,4965,2846537,14457932405,-9.56,304680333090,284908623.0,10795.0,20260526
477340,2030,2040,2030,2035,15810,32146695,0.25,15282850000,-4075.0,0.0,20260526
148930,2895,2940,2790,2805,33211,94191750,-3.11,28541472465,-12864985.0,256500.0,20260526
044780,1475,1475,1410,1420,119154,169613573,-2.67,26278217540,-77821670.0,-926930.0,20260526
357230,2970,2970,2790,2835,345267,981512991,-3.57,117067004460,79552304.0,1322325.0,20260526
355690,4640,4950,4500,4500,601319,2848861628,-3.02,42322410000,-205909847.0,1328250.0,20260526
071670,8080,8300,7870,7940,39711,319813420,-0.13,79400000000,-112297110.0,-1990.0,20260526
045660,9470,9550,9230,9270,60431,569165455,-1.49,76570200000,-51742525.0,20.0,20260526
224110,8440,8500,8160,8180,20298,167229720,-2.73,41557557480,-65530400.0,,20260526
021080,3250,3320,3110,3110,303710,967437690,-2.66,149280000000,-108224035.0,-3058680.0,20260526
200470,9010,9670,9010,9520,893190,8469710535,5.9,403287125360,509230865.0,346236310.0,20260526
262260,9400,10900,8510,9040,734796,6863847940,-1.2,136302046400,-805048160.0,-774406125.0,20260526
397030,57900,59600,56100,58000,178216,10342284500,4.5,1358001908000,-2975970100.0,3909907150.0,20260526
0009K0,39050,41400,38250,40050,274375,10976685975,7.95,2590079998050,-1657151950.0,615918150.0,20260526
230240,33500,34750,31300,34500,593406,19589238100,5.5,459160500000,-2508790950.0,648583325.0,20260526
159910,3520,3575,3360,3370,24743,84282555,-4.26,35274116890,-14147330.0,29510.0,20260526
230360,16000,16020,16000,16000,12143,194300500,-0.12,495980128000,165713160.0,45.0,20260526
097780,0,0,0,664,0,0,0.0,33686528072,,,20260526
038870,2705,2775,2695,2705,19586,53230630,0.0,37910437045,7690925.0,-1300960.0,20260526
448280,11710,11720,11200,11340,31825,360959800,-2.83,336017002860,-136263040.0,-315490.0,20260526
101360,15680,16080,14750,14830,99841,1537282415,0.0,263768070620,-411531815.0,9252480.0,20260526
128540,1761,1770,1628,1634,174696,289147344,-5.55,43612211640,-54338471.0,804314.0,20260526
086520,151300,157700,146700,147000,1956359,297138896800,0.34,19959094344000,6642287750.0,2911444200.0,20260526
247540,225000,235500,218000,220000,920419,208474179500,1.85,21522695480000,42894952250.0,15543744250.0,20260526
383310,30600,32700,30150,32000,491373,15675562900,7.56,671197824000,3830812200.0,690334750.0,20260526
038110,2950,2980,2840,2865,446583,1289430152,-1.55,117950245050,-63927301.0,-2270630.0,20260526
073540,3550,3640,3465,3550,116399,410585168,0.0,40470000000,-56454561.0,142195.0,20260526
064850,28400,29400,26950,28250,120567,3384188475,-0.7,322341879000,189684300.0,161195850.0,20260526
036810,37150,38050,35650,36000,126292,4648283050,-0.41,779392404000,-981794425.0,-98963200.0,20260526
173940,3645,3645,3315,3515,38315,131460980,-3.57,54105720120,-8963890.0,-40662490.0,20260526
083500,23850,24150,22450,22550,291645,6801000150,-2.8,193382531100,-939040400.0,-11618575.0,20260526
317530,4150,4150,3615,3820,59913,234343787,0.26,66830449240,-76572400.0,22590.0,20260526
054940,743,817,742,757,685329,534595756,2.57,25112375836,7582580.0,546968.0,20260526
950130,3460,3600,3380,3460,434563,1517587520,0.0,121701465640,-222680360.0,37090.0,20260526
373110,1627,1669,1539,1560,700498,1108271460,-6.7,26979254640,-6750909.0,1524047.0,20260526
205100,1839,1870,1809,1809,339565,620132347,-1.63,127871739207,34874087.0,-16582172.0,20260526
356680,23150,27550,23150,27550,9073421,234564232425,29.95,786373204600,10450199025.0,826151050.0,20260526
070300,1922,1951,1813,1830,541911,1006147090,-4.74,51840382740,86483773.0,-4518165.0,20260526
317770,3425,3480,3270,3270,368764,1222776652,-3.68,119311002150,6222625.0,30.0,20260526
373200,3075,3130,2815,3090,369225,1089914724,3.34,69512998440,-27233790.0,9342840.0,20260526
069920,1570,1570,1390,1425,63386,92221623,-4.04,13247542425,-6414142.0,548766.0,20260526
092870,35700,38000,34450,34750,302380,10809592525,-1.56,453515195750,-1558070000.0,1327994225.0,20260526
317870,6360,6600,6290,6380,14107,90287450,1.43,56411290100,-38576820.0,-240.0,20260526
067570,1995,2040,1986,1990,109672,219178090,-0.1,83918300000,-76100169.0,2438153.0,20260526
0004V0,16550,17350,16550,16600,359092,6074409555,2.34,172714168800,2089370.0,-2755100.0,20260526
236810,1542,1577,1405,1440,194283,284897466,-7.04,24444613440,-4330004.0,2017699.0,20260526
333620,6740,6960,6690,6710,30180,204029830,-0.45,73795976100,-41993570.0,-20.0,20260526
101400,1900,2010,1900,1938,50649,97810557,0.41,22755585144,11604102.0,-170185.0,20260526
475230,15670,15980,14300,14310,107843,1603201105,-8.62,155960153730,-647471385.0,56273160.0,20260526
451700,0,0,0,3440,0,0,0.0,49364000000,,,20260526
481890,2140,2140,2110,2115,2622,5549500,-0.94,13419675000,486615.0,-3276735.0,20260526
0054V0,2030,2045,2030,2035,1888,3835325,0.25,12650577500,280140.0,0.0,20260526
0130H0,2000,2010,1997,2005,44859,89994971,0.0,15438500000,-1076275.0,53357660.0,20260526
265740,6100,6110,5820,6070,143458,852625470,2.02,108432052000,-323126480.0,-10400.0,20260526
354200,1231,1254,1153,1159,181054,215815990,-0.77,31072500250,-39258608.0,-875116.0,20260526
455900,28650,28800,27400,27400,64316,1793929975,-2.49,419270169400,-3865725.0,-150420050.0,20260526
419080,5300,5840,5260,5790,119055,671316485,9.25,61866943230,114897105.0,-459310.0,20260526
183490,0,0,0,990,0,0,0.0,83793832650,,,20260526
182400,0,0,0,3670,0,0,0.0,265496721770,,,20260526
348370,39900,39900,37050,37500,148630,5684832725,-2.98,821662237500,-1049281975.0,71529275.0,20260526
069410,4870,4870,4700,4805,27879,132559650,-1.13,49226379320,-42812100.0,963070.0,20260526
227950,0,0,0,503,0,0,0.0,86788146641,,,20260526
291230,631,668,631,647,123608,79283170,-0.77,28529966425,-980414.0,324628.0,20260526
048830,1043,1048,1002,1011,80724,82415371,-2.41,18929886153,-21210123.0,-862627.0,20260526
096870,2250,2370,2185,2215,31934,71748795,-1.56,18490817785,2116695.0,982325.0,20260526
290650,70000,74800,68300,72500,427897,31179966000,6.15,1955303540000,6745112750.0,1390427000.0,20260526
156100,6230,6230,5890,5950,159427,957563750,-3.25,132989360350,-86437220.0,15461600.0,20260526
0041J0,2010,2010,2000,2000,3051,6102770,-0.5,8220000000,-126000.0,0.0,20260526
073110,6190,6210,6080,6120,19763,121352560,0.49,54442020600,-20318880.0,,20260526
083310,14550,14910,13950,14110,166427,2383333125,-0.7,251299565630,198761280.0,-405289035.0,20260526
037950,3160,3200,3080,3180,64535,200731167,-0.16,53708619540,68150478.0,-3540.0,20260526
489500,39750,40700,38200,39200,187637,7357492550,-1.38,250536529600,-1119346725.0,-7386350.0,20260526
170920,49500,52100,44850,45550,379316,18029933350,-3.5,481195939300,101698375.0,-3181942125.0,20260526
058630,4995,5010,4825,4835,93802,457192379,-3.11,92844445290,-128372510.0,-30027059.0,20260526
226590,22700,23000,21400,21650,145450,3185650500,-1.59,232018373600,-531393150.0,0.0,20260526
058970,25200,25900,24600,24600,48759,1225941925,-1.2,304124732400,93277950.0,-56519500.0,20260526
169330,1980,1981,1893,1909,14056,26840682,-3.59,34966996462,-5822341.0,,20260526
373170,2490,2575,2400,2420,35610,86599677,-2.81,36575371800,-10450480.0,995165.0,20260526
179290,5500,5500,5030,5110,677807,3469383145,-7.09,165388614580,88878715.0,-1974785795.0,20260526
009780,6930,6960,6690,6700,44332,299641090,-2.9,117920000000,-112123850.0,545130.0,20260526
123040,2220,2220,2090,2090,213037,452092000,-3.91,130893144910,-27081768.0,-5485345.0,20260526
432980,2815,2995,2730,2820,34082,97567980,0.18,24228712440,-25171620.0,1148175.0,20260526
007820,5140,5310,5070,5070,435379,2265521235,0.8,101572106220,-842742150.0,967950.0,20260526
347890,5620,5650,5460,5540,27168,150919260,-0.18,93976150160,32445000.0,0.0,20260526
413390,7910,8190,7710,7710,90079,710839870,-2.28,89283187800,-55741570.0,0.0,20260526
032790,0,0,0,887,0,0,0.0,45556508044,,,20260526
033160,35400,35750,32500,34000,725198,24763745150,-0.58,822292618000,-992455700.0,-1175764300.0,20260526
033310,1681,1693,1576,1633,124986,206856755,-2.86,65275020648,-41288370.0,-126110.0,20260526
259630,15650,16000,14970,14990,229565,3534205370,-0.46,183213716040,-1255927155.0,-3785640.0,20260526
105550,705,714,650,700,433829,297198722,1.45,54814935700,-2635857.0,-561818.0,20260526
060850,6410,6410,6220,6320,20025,125840640,-1.1,51387920000,-48701560.0,11790.0,20260526
143540,1545,1570,1478,1479,644019,972824349,-4.33,65963244705,61488506.0,-67538610.0,20260526
265560,9110,9370,8920,8940,61249,560926140,0.11,95570209200,-150894590.0,-2340.0,20260526
036000,3200,3200,3030,3150,43305,135706545,-0.63,72557972550,-1697000.0,-5220.0,20260526
250930,464,483,430,449,155522,70074055,-3.23,14817197560,-6143803.0,0.0,20260526
053280,3095,3120,3050,3070,52649,161533781,-0.65,76750000000,-44708924.0,12328.0,20260526
122640,30300,34000,29500,32100,854973,27216706250,6.64,687534138900,-1924220200.0,-800766150.0,20260526
476040,17680,17680,16460,16900,56396,955675470,-1.8,111299344000,-232608410.0,7910.0,20260526
900300,0,0,0,91,0,0,0.0,35399443716,,,20260526
045060,2305,2315,2280,2285,15145,34726586,-0.65,38712410590,-732445.0,-281515.0,20260526
192410,6730,6730,6280,6430,175910,1129732310,-4.46,161945394870,-33605410.0,714160.0,20260526
080520,3570,3695,3490,3495,37921,135857110,-1.96,39571847415,-26048425.0,-407000.0,20260526
039830,18910,18970,17730,18410,217006,4027455695,-2.64,198144804900,-513356355.0,959308410.0,20260526
322310,29500,30700,29050,29650,299377,8932790575,2.07,277717970300,700816475.0,-212379650.0,20260526
046120,9650,10030,9510,9520,461660,4467407665,-0.94,322303722160,545153785.0,-39549750.0,20260526
475830,79000,79000,72400,73500,184135,13892247550,2.23,1581229387500,-2831626650.0,722980250.0,20260526
014940,6890,7170,6750,6910,283069,1958271065,2.07,314913997510,-57824170.0,-4937070.0,20260526
065500,1885,1908,1807,1807,260774,479524463,-3.63,60069941984,-118925581.0,0.0,20260526
010470,5770,5770,5570,5630,18863,106242900,-0.18,67419531500,-31925390.0,-95330.0,20260526
417860,7710,7760,7350,7500,26134,197087865,-2.72,35226795000,-30935385.0,-1820.0,20260526
352910,5610,5610,5370,5500,40720,225238200,-0.18,69507911000,-52103940.0,-15480710.0,20260526
053980,2970,2975,2890,2905,42258,123575962,-1.19,55144984615,-21028918.0,1281280.0,20260526
036220,8150,8150,7560,7700,76116,597273775,-0.65,110182503200,-191772700.0,-22407315.0,20260526
052420,0,0,0,1448,0,0,0.0,141064299008,,,20260526
052300,1589,1840,1524,1546,1174224,1964377537,-0.58,25113421888,-225170880.0,14789937.0,20260526
039200,43500,43950,41500,42200,172525,7365117675,-0.12,1614495027200,-1650546125.0,921500675.0,20260526
226400,5640,5760,5560,5640,261394,1480038275,0.53,116531429640,-229426055.0,479372060.0,20260526
031510,1150,1181,1114,1152,275357,314379768,2.4,32256000000,43223988.0,-56271.0,20260526
342870,5900,6330,5900,6120,12940,80272520,3.73,33355205640,-18648080.0,-373930.0,20260526
368970,0,0,0,1925,0,0,0.0,17586157050,,,20260526
138080,41800,42700,39450,41250,615680,25356689400,1.48,510582517500,-5728702325.0,125825600.0,20260526
080580,24000,24400,22000,22950,1127274,25691012225,1.32,484037417250,-327970050.0,1380680625.0,20260526
067170,3495,4235,3450,4035,3461398,13445251891,15.62,100854211680,898230847.0,-62111555.0,20260526
353590,2605,2615,2515,2520,28245,71709894,-3.08,32446436400,-18253765.0,0.0,20260526
173130,8400,8570,7640,7720,437053,3515967855,-2.15,100718771560,-633489085.0,-15970.0,20260526
440320,4350,4495,4095,4205,165670,702525832,-2.32,41335150000,-18087243.0,42535.0,20260526
049480,2770,2895,2665,2705,1079535,2993753792,0.37,84997546015,-13637927.0,-27143740.0,20260526
394280,17870,18410,17790,18110,288878,5248938425,7.41,477135658300,304877365.0,2882770.0,20260526
476060,21050,21050,20000,20200,460641,9331086500,-3.35,917238368000,-217699775.0,-2812182875.0,20260526
382150,7250,7400,7050,7060,43239,310682080,-2.08,86103456420,-19793400.0,996360.0,20260526
244460,0,0,0,1651,0,0,0.0,13415218661,,,20260526
226950,167500,173500,161000,165600,223984,37511681400,2.35,3361776544800,-4094668700.0,8200470050.0,20260526
057540,813,830,794,795,445605,359817182,-2.09,47218443060,-20761335.0,-2716.0,20260526
131030,7400,7450,6850,6910,114631,814017580,-5.47,121937936900,-215765770.0,-8720.0,20260526
082210,1760,1847,1694,1804,170982,308088763,2.68,63073847320,54505295.0,-34.0,20260526
109080,14190,15500,14190,15160,214382,3216555990,7.52,85441760000,-333869980.0,-59380.0,20260526
380540,0,0,0,8450,0,0,0.0,206658126350,,,20260526
153710,4980,5000,4885,4895,16625,81676730,-2.0,71809444410,-14584465.0,0.0,20260526
432430,2610,2655,2550,2635,56014,144585710,2.73,43499423200,19779725.0,-549540.0,20260526
338840,19010,19590,18340,18580,72863,1372659695,1.92,285512932980,-85832915.0,66982880.0,20260526
122990,8770,8850,8370,8480,396733,3412152690,-2.64,225899406880,370557115.0,4835380.0,20260526
232140,19700,20150,19150,19210,774743,15122771840,0.63,1576091173500,-2393249775.0,-558421075.0,20260526
112290,15340,17480,15340,16550,1949102,32815464860,10.19,334659039500,5731002885.0,3499480.0,20260526
065530,1847,1867,1782,1795,381788,691317519,-2.82,85870572405,30104705.0,-577574.0,20260526
067900,6880,6960,6610,6730,80832,548051015,-2.18,122483705070,-196773335.0,-519300.0,20260526
007530,2185,2185,2125,2150,6242,13434010,-1.15,47846596650,987485.0,169810.0,20260526
155650,4265,4390,4240,4335,95786,412225110,2.6,82253841930,-99366190.0,-6960.0,20260526
273640,9830,10430,9420,9450,156791,1547548845,-1.46,103628700000,-332792770.0,-84223480.0,20260526
251370,15800,16750,15800,16030,526530,8548788740,6.16,288751804390,-1120985070.0,39994240.0,20260526
209640,9340,9350,8740,8930,1602005,14342086970,-0.78,253997293780,-2445610435.0,,20260526
096250,9140,9290,8940,8940,33919,308002790,-2.08,117161775360,-58044440.0,-13924520.0,20260526
273060,1212,1218,1165,1177,251129,297853853,-1.01,59390928014,-90083591.0,118714109.0,20260526
019210,18830,19240,17680,18080,613638,11164490685,-3.78,672462602240,227742865.0,-765870290.0,20260526
122870,48900,49100,46850,47100,112878,5340329600,-2.28,880348407900,-645488775.0,-1193022850.0,20260526
079000,6130,6130,5730,5980,19773,115510060,-1.64,43056000000,-8481100.0,1367380.0,20260526
403490,953,955,864,876,289303,257032626,-6.31,40236838464,-49416341.0,21228.0,20260526
032820,17140,17910,16770,16910,5124231,88424749955,0.65,2901843695260,-1884700310.0,-222323545.0,20260526
041190,6360,6480,6230,6250,926220,5866236840,-0.48,525000000000,-86365985.0,50721020.0,20260526
115440,14600,16320,14450,15860,1799895,28220901815,12.32,171197471120,986998195.0,14507410.0,20260526
046970,10110,11000,9740,10390,15976707,165574215935,8.23,455341739610,-2570983380.0,-14404880.0,20260526
082850,1940,1974,1905,1919,145306,281869243,-1.08,92988173182,-30623818.0,-6175.0,20260526
215360,8690,8830,8520,8520,35686,308098910,-1.96,77806028760,-147004410.0,,20260526
072470,3510,3590,3355,3435,54619,188414475,-0.58,64878016335,-11864700.0,-43955420.0,20260526
073560,1679,1691,1652,1672,141758,236693932,-0.42,115765339096,-65272696.0,549687.0,20260526
037400,941,957,941,950,46029,43606726,0.96,24912178700,-9631355.0,-855260.0,20260526
153490,762,817,754,810,388515,310418988,7.43,41698800000,45770627.0,32573304.0,20260526
101170,14100,14660,13600,13920,241029,3406360365,0.43,187920000000,82674410.0,-38890.0,20260526
103840,2765,2775,2660,2670,167359,448959237,-3.44,43698362760,-142233991.0,0.0,20260526
101970,12040,12120,11760,12000,14343,171973560,-0.08,177480108000,-15939510.0,2495070.0,20260526
046940,4265,4325,3920,3965,371175,1511875830,-5.37,71664797750,-105146533.0,-55905.0,20260526
215380,2895,3095,2855,3000,247866,732942109,3.63,50488728000,184764031.0,985590.0,20260526
065680,41000,44600,41000,43350,181678,7413275700,8.1,400574417850,640175050.0,-279412500.0,20260526
018620,3300,3330,3210,3240,26954,88149825,-1.82,18720259920,-10993770.0,-26640.0,20260526
457550,24750,25200,24500,24600,71570,1776342275,0.61,229246366800,295326075.0,-19408900.0,20260526
396470,8470,8700,8300,8340,315472,2677540300,0.48,134440800000,231048720.0,-3210.0,20260526
307280,7470,7660,6990,6990,43346,310055280,-5.92,49591442730,-64111380.0,4826250.0,20260526
032940,8390,8970,8310,8680,213436,1860593735,7.03,157917236400,201086695.0,-1585410.0,20260526
240810,127300,132500,120400,122000,727017,90823473350,0.25,5988235922000,-3749730750.0,-16142937900.0,20260526
074600,39600,40250,38200,38450,349301,13669778775,1.18,1010773600000,-284008250.0,-809260750.0,20260526
104830,48900,49400,47500,47500,57663,2784778400,-0.31,598880000000,-332329550.0,186141450.0,20260526
014190,1563,1585,1540,1559,142856,222444673,1.3,55188453454,-27273985.0,996014.0,20260526
217820,3050,3100,2915,2980,282540,839637080,-0.17,141414585820,-261034810.0,2526040.0,20260526
030530,29550,33250,29050,31650,2292260,73067785725,12.83,2444582098650,14328605525.0,39730650.0,20260526
012620,8090,8090,7680,7710,4009,31193500,-1.28,33924000000,-5115020.0,-2690260.0,20260526
136150,14210,15630,14160,15000,66368,989802030,5.63,125715450000,-201057135.0,-14450.0,20260526
382840,8920,9570,8920,9230,567003,5264630730,6.58,140956692630,108606990.0,213960.0,20260526
336570,9130,9470,8815,9000,2296704,20645014530,-3.95,806225814000,-3365407650.0,20952360.0,20260526
376980,3175,3220,2970,2975,70148,212256441,-3.41,29055022150,-70295120.0,-610985.0,20260526
008370,5190,5260,5120,5160,2401,12427550,-0.58,61920000000,-393050.0,445710.0,20260526
008290,681,744,636,651,110173,72871361,-4.12,13245792189,-3149612.0,,20260526
101160,29400,29950,27900,28000,152892,4359803975,-1.58,462307804000,-860398625.0,-84530650.0,20260526
336060,872,889,822,822,392570,329339977,-4.86,39583574400,-41099997.0,189097.0,20260526
095270,5870,5900,5350,5390,370989,2037034535,-7.39,77467268340,18712210.0,-15541780.0,20260526
289930,14600,16360,14210,14380,641329,9559231350,-0.35,189082763800,-1528158815.0,-340924595.0,20260526
065950,1305,1313,1285,1300,88593,115377716,-0.23,36700692600,-8549782.0,-3392.0,20260526
076080,956,1021,933,951,121801,117506325,-0.42,21487042356,-32973457.0,0.0,20260526
043590,1243,1273,1135,1219,241319,291401482,-1.3,16539856439,-37612083.0,-480126.0,20260526
196700,1650,1650,1553,1567,87267,137846559,-4.63,22508613648,-21867550.0,532217.0,20260526
069080,11120,11190,10590,10620,103502,1113017185,-4.75,328865026500,-470022430.0,-16056560.0,20260526
053580,8180,8190,7770,7810,41825,329216790,-4.41,101174145160,-77476680.0,-1920.0,20260526
479960,10390,10440,9740,9810,68805,687964050,-5.03,67208310000,-19588960.0,17280.0,20260526
044340,4810,4850,4595,4620,48685,227330276,-3.55,82575223500,-88260195.0,4710.0,20260526
330350,7650,7790,7380,7400,45817,344386960,-3.14,97695828600,-74868480.0,393790.0,20260526
348350,10740,11440,10450,10480,73854,805178790,-1.96,104575728000,-185779410.0,-3285500.0,20260526
112040,20800,21200,19860,19940,167238,3391058735,-2.97,676932751020,-940480235.0,-9829560.0,20260526
101730,4625,4705,4385,4430,82127,370663498,-1.66,371248556980,-109583442.0,3689254.0,20260526
123420,7140,7260,6890,6890,40169,282702300,-3.5,72705581260,-71110285.0,552970.0,20260526
065370,4330,4480,4250,4455,22503,97982510,3.36,32895515070,1248653.0,,20260526
038620,1964,2060,1959,2020,113212,226386285,2.85,30594703860,79396792.0,,20260526
299900,342,351,335,350,304598,104223443,4.48,59867109400,8256869.0,-5901928.0,20260526
036090,1679,1846,1660,1682,1236731,2178809185,1.39,66378607790,-288017287.0,-531869.0,20260526
459100,7150,7160,6690,6890,121014,827367345,-1.15,92781429000,-29174870.0,-13320.0,20260526
136540,11750,11840,11240,11320,70620,807857900,-3.58,139006724720,-153685640.0,7075605.0,20260526
097800,2350,2890,2330,2700,1345061,3610899893,17.39,73683121500,160368670.0,-87315.0,20260526
192390,1820,1838,1750,1799,37803,66923698,-1.15,19846979971,-1468103.0,-10039.0,20260526
335870,1639,1702,1575,1595,23829,38561228,-2.68,26717004435,-3059328.0,0.0,20260526
900340,0,0,0,742,0,0,0.0,37345548576,,,20260526
036200,11700,12170,11470,12100,608778,7229810435,6.05,371037098300,2069458915.0,496889975.0,20260526
018000,1020,1034,994,1000,1498310,1502966363,-1.67,249260593000,-264761508.0,-8749340.0,20260526
203450,2900,2910,2775,2820,47626,134447325,-2.59,39702799740,5088995.0,572930.0,20260526
011320,4480,4565,4210,4240,85823,371555010,-5.25,81919746800,-71506455.0,1185600.0,20260526
086390,19000,19290,18070,18860,334983,6322481210,4.03,398589616360,915053580.0,-517249675.0,20260526
241690,3505,3545,3355,3360,87842,302664212,-2.61,82221572160,-116156660.0,-5553780.0,20260526
142210,8550,8900,8300,8720,2045719,17591948315,2.59,180952234160,-827426430.0,-452090.0,20260526
389680,2515,2752,2505,2620,187785,487291442,2.54,21794451660,26743839.0,-393860.0,20260526
088340,11100,11100,10510,10590,29974,320324540,-3.9,46218657120,-52596240.0,39010.0,20260526
048430,7130,7290,6950,7020,44728,315907990,-1.27,80870400000,-59846230.0,546000.0,20260526
206650,11400,11440,10790,10790,297271,3271468185,-3.83,396244482530,-891967910.0,351501090.0,20260526
089850,4930,4970,4790,4830,17611,85319960,-2.03,71146861170,-1710725.0,-72450.0,20260526
084440,1139,1188,1120,1120,86039,99646256,-1.67,21428311520,1658232.0,5329397.0,20260526
264450,15000,15160,14680,14730,127880,1902245500,-0.81,216022711890,-311764540.0,1095720.0,20260526
078070,14480,14570,13500,13680,85458,1194778680,-4.47,240833280960,-101385435.0,900410.0,20260526
024800,4605,4615,4460,4520,62602,283523359,-1.85,167474190240,-40689150.0,88562590.0,20260526
054930,22250,22650,21800,22200,23048,509801750,0.91,66600000000,-71516900.0,8604350.0,20260526
069330,1151,1161,1133,1153,177589,203854496,0.17,17397205379,5675641.0,-577394.0,20260526
049520,3875,3945,3805,3845,103310,400759979,-0.52,118589893125,-138671785.0,-20178960.0,20260526
473050,2077,2077,2062,2075,17758,36756091,0.0,14545750000,-5403300.0,-3600123.0,20260526
474490,2050,2055,2050,2050,2699,5532955,0.0,11295500000,-4100.0,-1437050.0,20260526
493790,2025,2025,2020,2020,5048,10210710,-0.25,10726200000,0.0,0.0,20260526
263770,1936,1982,1901,1902,12686,24436267,-1.76,45077727144,-2337895.0,39501.0,20260526
388720,97400,98700,93300,93800,58133,5555238600,-2.6,1105090161000,-714109300.0,-146091300.0,20260526
340930,0,0,0,806,0,0,0.0,55513882710,,,20260526
023410,3755,3790,3625,3645,227398,836202889,-2.02,281798095635,-167257004.0,3785900.0,20260526
056080,25000,25500,23750,23800,478543,11685311250,-2.06,892789217600,-2223935325.0,-285284025.0,20260526
468760,2085,2085,2075,2080,2880,5998455,-0.24,8819200000,264795.0,0.0,20260526
488060,2050,2055,2035,2050,1532,3140225,-0.24,9676000000,-12270.0,-2055.0,20260526
0105P0,2005,2005,1993,2000,4853,9704770,-0.25,11320000000,0.0,,20260526
084370,146500,149300,135500,138700,237231,34105835050,0.0,3178455025400,2471989350.0,302537650.0,20260526
240600,2840,2940,2810,2825,32033,91641328,-0.18,19572026575,-13147222.0,-17340.0,20260526
179900,22100,24300,22050,23400,497291,11710807075,5.88,463095640800,2203290075.0,-1594804500.0,20260526
263050,0,0,0,959,0,0,0.0,35324626904,,,20260526
191410,1974,1977,1811,1824,185778,344709375,-7.41,20436561120,-11809867.0,1413625.0,20260526
372170,30300,30800,29350,29500,13086,392057800,-1.67,235381916000,-41617300.0,1445500.0,20260526
146060,1245,1245,1170,1172,78358,93924778,-5.25,28146277340,-31131585.0,549630.0,20260526
039020,3145,3345,3120,3140,96427,309310685,0.32,70915986260,-7575265.0,6420745.0,20260526
067920,6340,6430,6250,6380,64468,408370610,1.27,70155239220,-32380855.0,-10579250.0,20260526
044960,3705,3750,3650,3670,62209,229256407,-1.08,46395710610,-71426225.0,-18288575.0,20260526
303530,4190,4300,4050,4075,22911,94335672,-2.4,29907643425,-23275170.0,32883.0,20260526
302430,9950,10500,9780,10330,136317,1379871165,6.49,101577038640,-55971235.0,30877545.0,20260526
462350,16100,17290,15700,16120,680901,11315643070,3.67,336402831440,2356811665.0,-417862135.0,20260526
274400,3375,3470,3155,3235,33969,110205905,-4.15,29394804855,-22792815.0,-528885.0,20260526
296640,7100,7200,6800,6830,12390,85062580,-1.59,35367461160,-14982740.0,,20260526
215790,2235,2540,2135,2355,21715100,51239887569,7.53,94866815895,971645848.0,-22342525.0,20260526
344860,1451,1513,1405,1498,247568,360843372,-1.06,18020940000,18785155.0,-921238.0,20260526
333050,6960,7000,6270,6710,28592,185827320,-0.3,33031082150,34366340.0,462840.0,20260526
469610,20950,23300,20700,22350,289559,6451664475,9.29,199695015000,687017625.0,-80205100.0,20260526
088390,13480,13480,11600,11770,54416,657706425,4.16,110471383880,-120105525.0,526340.0,20260526
272290,35600,36350,35150,35450,321990,11497865375,4.26,706784694050,574728750.0,-769786650.0,20260526
053350,2820,2850,2695,2755,66513,182466760,-1.43,60668034075,38607160.0,-1575565.0,20260526
452400,8100,8160,7770,7780,25982,204474520,-3.71,70575709840,-35592400.0,546000.0,20260526
264850,7450,7880,7170,7530,3082170,23240503665,2.87,228118428360,-1337918065.0,-17800.0,20260526
054210,13150,13190,12020,12200,519429,6566804755,-7.58,308552762000,-849800525.0,-195772760.0,20260526
009730,264,283,259,260,368601,98232843,-1.52,18662676760,-5935241.0,549927.0,20260526
065440,3385,3485,3240,3330,1181201,3911221742,-1.62,90825816600,-27995614.0,535975.0,20260526
424870,6730,6790,6060,6200,919222,5745950190,6.9,461540827800,-2005041820.0,-394618500.0,20260526
115610,2175,2260,2085,2220,133836,291613486,2.54,26237667180,-35072303.0,981190.0,20260526
478110,2040,2050,2040,2045,315,643675,0.25,10265900000,0.0,,20260526
131400,1590,1694,1585,1601,683764,1105158562,2.83,95406603082,186542746.0,35820.0,20260526
351330,7100,7270,6930,6950,31562,221877445,-2.66,57605214000,-30036295.0,544440.0,20260526
080010,7880,7950,7650,7810,9007,69815360,-1.01,76811904510,979430.0,,20260526
086890,3975,3975,3690,3725,220662,829712917,-3.87,151885556350,-191594550.0,-80396450.0,20260526
047560,12680,13150,11850,12300,68305,868542225,-2.84,144562908600,-29716425.0,-4899100.0,20260526
239340,1145,1420,1145,1200,1044774,1340862320,4.8,32375560800,-57743056.0,537029.0,20260526
067010,2180,2250,2165,2210,32379,71668560,1.38,24063585000,-4946105.0,,20260526
456070,12340,12400,11120,11150,143793,1650329710,-7.85,122970194550,-714048325.0,14848910.0,20260526
102710,51600,52700,49600,50100,100388,5082683425,-0.6,715820583600,-138186925.0,-707766450.0,20260526
041520,12530,12660,11800,11930,73503,885176630,-4.79,145411548900,-10651490.0,-525740.0,20260526
063760,3670,3890,3610,3660,91125,334442492,-0.27,34129975800,16811897.0,-565645.0,20260526
123570,1906,1907,1845,1899,3802,7139648,-0.26,42302272122,-321900.0,-1102.0,20260526
083470,1146,1187,974,1026,853899,871108876,-10.47,21895177554,138323434.0,-11406.0,20260526
091120,6290,6460,5910,5910,130421,789490320,-5.14,101255651760,-371738940.0,431930.0,20260526
039030,590000,598000,533000,547000,129103,71713668000,-4.54,6738793850000,4013639000.0,-11747731500.0,20260526
294090,0,0,0,1490,0,0,0.0,62295566450,,,20260526
088290,0,0,0,630,0,0,0.0,25124629320,,,20260526
353810,7060,7060,6690,6840,209869,1425398425,-2.56,226280332800,-411115645.0,159893050.0,20260526
261520,6210,6310,5970,6040,37946,230630560,-0.82,62077912000,-48364440.0,156270.0,20260526
099750,7440,8130,7440,7620,37857,298070220,2.97,104082898260,-46600830.0,-1040120.0,20260526
377330,3190,4020,3105,3630,334685,1224187572,13.79,29548033020,-160717805.0,-27380.0,20260526
035810,5260,5310,5090,5250,351239,1829758680,0.0,338709971250,-347392485.0,361713620.0,20260526
092130,14550,14550,14250,14250,12150,173706870,-1.45,171621300000,-95421460.0,14390.0,20260526
134060,3935,3940,3825,3915,3876,15029450,-0.51,18671613750,-1507895.0,,20260526
001840,0,0,0,2215,0,0,0.0,62588831935,,,20260526
041830,48100,48500,44800,46000,71109,3275700175,-2.85,620120572000,-327995750.0,-329090975.0,20260526
352940,2255,2270,2190,2195,12538,27687055,-3.3,23854667350,2935390.0,549320.0,20260526
079950,1093,1144,1062,1066,281695,308581071,-2.47,14709840600,72123208.0,-11047.0,20260526
0007J0,15950,16360,15230,15450,66479,1038770870,-1.97,121525281300,3039290.0,-913680.0,20260526
389470,52600,56900,51800,54600,111370,6078010200,7.48,725372793600,-65824000.0,340389350.0,20260526
277410,990,999,952,980,98622,95808457,-0.61,37643274900,-1895843.0,-4329.0,20260526
060150,4100,4105,3965,3970,167057,666973707,-2.1,184857539640,-314556901.0,223705.0,20260526
033230,1690,1708,1650,1660,458818,768355226,-1.07,83855530800,-164184528.0,1007465.0,20260526
450520,2810,2855,2760,2765,59504,166217165,-1.43,40658158170,-21301030.0,,20260526
465480,6290,6330,6000,6010,69187,425213000,-1.64,60928009720,-18999600.0,-4070.0,20260526
037330,1369,1369,1300,1303,174775,230038206,-3.91,57182446872,10498185.0,2475656.0,20260526
100030,19360,19550,18970,19100,17976,345605880,-2.05,62718937400,-72705620.0,-40208560.0,20260526
211050,10410,10560,9890,9930,176756,1777759800,-5.07,489188114010,-676896870.0,-163652940.0,20260526
083640,1507,1518,1451,1453,152326,224427023,-3.13,22585533710,-54433288.0,-3244697.0,20260526
064090,0,0,0,798,0,0,0.0,39694710510,,,20260526
216050,6300,6380,6080,6130,49810,305833735,-2.23,78728950860,-59821645.0,42777680.0,20260526
049070,20700,22000,20650,21700,277429,5978404300,5.85,373240000000,3368312650.0,-2507050.0,20260526
119610,22350,22450,21300,21650,78298,1698961600,-2.26,247107622550,-246189450.0,391703950.0,20260526
017250,1121,1129,1080,1083,90791,99125904,-3.39,22792240761,3276661.0,-2011868.0,20260526
051370,12380,13250,12320,12520,289233,3697465855,2.54,292059949440,359482785.0,9288310.0,20260526
064290,36450,43250,36450,42500,2002329,82832412250,18.55,546718385000,-96418200.0,13737427225.0,20260526
189300,156300,158800,150800,153700,162158,25131158400,0.92,1650353288900,-2896667800.0,1120137150.0,20260526
287840,32250,33450,31000,31550,53800,1712229825,0.32,473942838000,-502467275.0,-7675650.0,20260526
048530,3150,3190,3000,3030,139405,426682024,-3.66,93602026740,-141400600.0,-974130.0,20260526
070590,1838,1838,1711,1713,23295,40683857,-6.8,23775619473,-11971643.0,1495870.0,20260526
115310,10540,10650,9950,9950,37948,383688130,-5.6,158845929250,-52234940.0,81985.0,20260526
039290,4200,4250,4050,4060,14644,60619405,-3.33,35297550680,-1658750.0,568660.0,20260526
071200,8240,8800,8130,8340,126764,1064576435,2.84,203466459720,100007120.0,-757580.0,20260526
101930,11810,12170,11580,11700,60690,717746220,-0.76,540123597000,-57707790.0,125250.0,20260526
333430,4870,5060,4800,4830,135904,666842782,1.05,148410188010,-103790374.0,-22790.0,20260526
068330,1301,1305,1245,1247,376841,475881178,-3.18,55137526580,-80435440.0,-19345.0,20260526
178780,2430,2550,2430,2530,20892,51558890,3.69,47157163350,12808465.0,,20260526
019540,7070,7290,7050,7170,171632,1228833610,1.41,96891795000,123455870.0,-95597430.0,20260526
094820,16520,16740,15800,15930,329407,5316506875,-1.36,240203834370,-1806983425.0,-19238290.0,20260526
950140,10380,10450,9940,10050,54587,550753450,-2.05,199672053300,-38127090.0,,20260526
049550,3505,3550,3375,3495,38056,132757966,-0.14,68523938115,-27168748.0,-1710.0,20260526
389020,44950,45800,43550,45100,87909,3936022400,2.85,311419198200,-668423800.0,-23720375.0,20260526
254120,1339,1374,1293,1294,355528,471878391,-1.82,39796025380,-66403280.0,-33542.0,20260526
043910,3605,3717,3480,3660,102892,364938489,-0.41,41501270700,-30346425.0,-1588050.0,20260526
234920,0,0,0,5310,0,0,0.0,71849132100,,,20260526
289220,2215,2225,2070,2145,102196,217826991,-3.16,47859714045,-32613634.0,-2113545.0,20260526
049630,12500,13290,12260,12280,561406,7210719190,-1.6,287100407360,-351205475.0,-9900.0,20260526
417840,19000,19440,18100,18540,1208356,22603165840,-1.33,420189280740,-3508878905.0,2195591840.0,20260526
110020,1933,2000,1930,1990,24143,47165877,2.95,18026936380,7858859.0,0.0,20260526
208140,2420,2425,2370,2395,97881,233332619,-0.83,78278769170,-12036235.0,1478635.0,20260526
040420,5860,5870,5780,5840,29554,171810435,-0.34,91556903680,-68094530.0,-8399235.0,20260526
045510,1050,1050,992,1010,164770,167363978,-1.85,32531384920,-45298836.0,-1936034.0,20260526
217190,6940,7170,6800,6910,165828,1154592650,0.73,90892488510,-214968415.0,-11820.0,20260526
095700,4255,4310,3980,4005,378545,1545553858,-4.07,182389678470,-407050889.0,-88378380.0,20260526
122310,4660,4660,4380,4385,40899,181857025,-5.8,63818605940,1375955.0,4085025.0,20260526
361390,25200,27500,24850,24950,190002,4962496200,-0.4,242922705950,20965425.0,-197521700.0,20260526
225220,1816,1826,1784,1803,30617,55117675,-0.72,34599607863,-10866809.0,26240.0,20260526
123330,19750,21150,19680,19730,155150,3132036200,0.92,157222056400,379195365.0,-546087725.0,20260526
381620,11900,14830,11600,13700,5436595,74854340830,17.4,179715504000,367100740.0,490460705.0,20260526
159580,3435,3435,3195,3260,42364,137312622,-2.69,65306393360,-40366668.0,548535.0,20260526
147830,10250,10460,9900,9990,497636,5011502660,-1.48,199800000000,-158804905.0,63340970.0,20260526
033100,69100,69800,66300,67900,212655,14367623050,0.89,1090637571100,-1772589400.0,-517287600.0,20260526
079370,14340,14610,13630,13720,374091,5264163060,-2.9,425553102800,-456383950.0,-163849205.0,20260526
054950,23600,23650,23000,23150,60839,1415877875,-0.86,279880999800,-267798175.0,-7187700.0,20260526
090470,6700,6840,6400,6520,71022,463616320,-2.1,113947392880,-104913305.0,331920.0,20260526
023440,0,0,0,521,0,0,0.0,46964378481,,,20260526
137950,3790,3845,3600,3660,202221,741532054,-3.3,81500199240,-47091508.0,1409025.0,20260526
033320,4165,4280,4010,4080,154798,639301809,-1.81,77986882560,-37520517.0,873315.0,20260526
417500,4420,4515,4190,4255,521724,2231231790,-2.18,139499085720,52514719.0,6421145.0,20260526
204270,21750,22850,21100,22250,497260,11042425900,3.97,1287128368500,938825875.0,155096200.0,20260526
127120,39400,39600,37500,39400,188430,7263306875,0.0,1364069212400,-1987210275.0,865768250.0,20260526
026040,2770,2770,2530,2540,150952,388223185,-5.93,41919626600,-212843905.0,-149625.0,20260526
452160,5240,5500,5070,5290,66639,354786945,5.59,50876717830,-42238260.0,,20260526
126880,3355,3485,3280,3385,165592,557496040,1.96,78548596655,-71328710.0,-1117715.0,20260526
322510,5220,5230,4965,4990,184204,926735030,-0.2,128372201080,-267568566.0,-801955.0,20260526
033050,965,967,904,914,60013,56060537,-5.28,29777518588,5264443.0,-515411.0,20260526
094970,3560,3685,3380,3400,236535,818938870,-3.55,56944016000,-91335025.0,-11049340.0,20260526
418550,9830,10300,9440,9590,275044,2685452925,-0.62,307049484070,-26935245.0,74431970.0,20260526
060230,425,426,403,404,839847,344904752,-4.94,22568205580,13811313.0,-534040.0,20260526
420570,10470,10560,9580,10010,138291,1380862035,-4.3,58533304830,189360110.0,596750.0,20260526
089790,7090,7280,6620,6680,346301,2398038890,-2.2,68907626840,340016070.0,5668930.0,20260526
0010V0,10090,10090,9550,9750,20218,196205290,-1.81,49777650000,-18739410.0,544320.0,20260526
412540,0,0,0,3935,0,0,0.0,81063616775,,,20260526
199820,14520,14830,13720,13800,707981,9929142065,-2.82,306636000000,212873385.0,-598490.0,20260526
038010,6650,6760,6600,6620,15274,101474120,-0.3,59580000000,-18242760.0,5040150.0,20260526
080220,119800,125000,112600,118900,3333959,395148476900,0.17,4095252843700,-3290504050.0,-9696821300.0,20260526
216080,5600,5760,5400,5440,207492,1148192225,-2.68,202841818560,-171007945.0,-5428860.0,20260526
337930,3510,3565,3235,3235,382723,1268878782,-6.77,96003396625,-110194220.0,35970.0,20260526
229000,2635,2780,2570,2590,722749,1906280248,0.19,60678947350,-208897161.0,606860.0,20260526
082270,17300,18890,16870,16920,301580,5313515530,0.18,749034914760,-765133905.0,248430.0,20260526
034940,835,836,795,813,129387,105146670,0.25,25186599351,-6846822.0,-4110.0,20260526
067000,1724,1768,1636,1641,470373,788983916,-4.48,114711554886,-7483780.0,-224726846.0,20260526
309930,0,0,0,2210,0,0,0.0,54116376080,,,20260526
018700,1990,2040,1895,1895,219309,419262363,-4.77,22183980470,-66522101.0,215778.0,20260526
033340,1261,1284,1137,1137,1934873,2268761206,-9.83,110232784446,42182467.0,1318105.0,20260526
036930,229000,247000,217000,234500,4453816,1039248247250,4.69,10899822874500,-56332652500.0,-6505911250.0,20260526
072020,9970,10000,9770,9810,21384,210258075,-1.01,92789719470,-42658020.0,50.0,20260526
000440,18450,18450,17470,17740,33383,593128400,-3.9,110469286200,36406570.0,-17490.0,20260526
051980,1710,1740,1660,1737,1340053,2283757254,4.01,192966298533,122270811.0,-212689.0,20260526
221800,11290,12800,10880,11380,285056,3358355595,-7.03,184725554120,-180964840.0,88313655.0,20260526
228760,14940,14980,13700,13800,150750,2133053150,-2.27,343056987600,-666620780.0,-114606340.0,20260526
314130,5830,5990,5500,5700,697572,4019065385,0.88,254834944500,515223400.0,-502587965.0,20260526
389030,4030,4210,3855,3995,382760,1531886235,-0.5,133934152775,-432740140.0,-90970935.0,20260526
263860,19700,20550,17260,17520,878014,16689827540,7.55,159074592000,172742620.0,-14059750.0,20260526
303030,2545,2630,2320,2450,26656,66044974,-4.67,22435816200,8797461.0,-16030.0,20260526
208350,3195,3230,3065,3085,76513,239598810,-3.44,24993343450,46336650.0,15846710.0,20260526
446840,1180,1276,1180,1240,241415,294119809,5.17,68303022920,42246600.0,13440883.0,20260526
144510,21950,21950,20450,20550,35974,750856100,-3.07,324697069200,-200936900.0,-19174350.0,20260526
340450,7120,7190,6780,6840,248728,1720624190,-3.66,161771424120,-165749840.0,1731570.0,20260526
306620,3690,4085,3615,3800,6624803,25828656492,11.11,182180299200,3996791.0,263866900.0,20260526
358570,14130,14650,13610,14140,946426,13479361975,1.51,908788701940,-3826289800.0,5747710950.0,20260526
382480,2675,2820,2630,2700,637174,1727965974,2.08,106264278000,-286542767.0,1997165.0,20260526
382800,9430,9570,8800,8860,946309,8643867015,-3.49,282023023260,-943580750.0,34285515.0,20260526
051160,7730,7870,7670,7750,50426,391801840,1.04,119926832500,158744095.0,4301260.0,20260526
053050,2220,2225,2180,2185,286479,627742449,-1.58,65522899445,-178368607.0,2205.0,20260526
388610,8100,8110,7640,7870,11803,91976130,-0.25,41740189830,-21359920.0,,20260526
493330,17650,17650,16630,16770,35124,595120530,-0.95,128829588420,-159134390.0,-422380.0,20260526
119850,29000,29050,27250,27350,100738,2804406675,-1.62,449877661150,-643766675.0,-422171925.0,20260526
065060,2925,3090,2910,3060,14982,44428430,4.79,14566089600,3124900.0,-1880.0,20260526
204840,970,999,890,950,225532,215319224,-2.06,73671555700,-61818850.0,-7462.0,20260526
311320,9400,9820,9100,9190,99729,936884920,-0.76,115927806400,13188585.0,1048200.0,20260526
456160,65800,66900,62500,63700,185164,11921346700,1.27,1053939368300,-1662948450.0,-103104150.0,20260526
388050,12150,12300,11360,11390,687112,7965648080,-3.72,213100487430,-2071174670.0,-686425775.0,20260526
018120,17410,17470,17250,17300,2811,48802330,-0.63,114545376000,-4174070.0,-6846500.0,20260526
109820,2040,2070,1991,1992,98187,198760209,-1.87,40624130880,18836261.0,-4960.0,20260526
086060,4120,4140,4015,4035,36822,149729265,-2.06,34743718545,-51171925.0,0.0,20260526
036890,17300,17310,15860,15900,467472,7597746840,-5.75,350318705700,-129959705.0,-2993875835.0,20260526
363250,4450,4450,4145,4180,34949,148473110,-6.07,35565036760,-26489515.0,516250.0,20260526
007370,4685,4775,4605,4615,17606,82269155,-1.39,65231119005,-42358605.0,545780.0,20260526
285800,1424,1590,1355,1449,578754,847593308,1.76,25324564230,-85418899.0,1754975.0,20260526
085660,14910,15290,14170,14270,511497,7508741730,0.63,1326678303960,-2424410300.0,112933815.0,20260526
261780,3200,3370,2990,3225,2469073,7957162611,1.57,86794412100,303675355.0,-94815.0,20260526
351870,3295,3400,3240,3275,11316,37231035,-0.61,36551102550,-16267404.0,0.0,20260526
094850,5100,5120,4965,4970,51674,258861486,-1.39,69580000000,-117504616.0,9060.0,20260526
004650,9800,9840,9630,9670,34462,333922110,-1.33,88875857950,-51888100.0,20462390.0,20260526
0011T0,13810,14930,13690,14160,823750,11703245850,3.81,662479564800,308995480.0,-480.0,20260526
278280,53400,53600,50300,50600,65445,3372096100,1.0,616342408000,-1104544500.0,-19009700.0,20260526
362320,4595,4720,4570,4650,77771,360448297,1.42,98353498500,-70946832.0,-10880.0,20260526
066360,879,895,843,844,216061,186084541,-3.98,40471500660,-42861503.0,549990.0,20260526
047820,5010,5120,4710,4870,66269,319927640,-2.99,119090639100,-93205524.0,-1940570.0,20260526
094360,17800,18250,17580,17600,115384,2067974005,0.8,375481462400,269855455.0,8695250.0,20260526
0082N0,29400,30800,28500,28500,152339,4503572400,0.35,376678230000,-30568550.0,-8763050.0,20260526
016920,966,971,930,947,118698,111944920,-2.67,25089380486,18319588.0,0.0,20260526
284620,0,0,0,1087,0,0,0.0,35965517911,,,20260526
293490,10640,10740,10030,10060,337299,3442728665,-5.45,903256324660,-1220102685.0,-546366610.0,20260526
140430,0,0,0,752,0,0,0.0,40192549328,,,20260526
042000,21600,21650,20150,21100,114603,2422260600,-0.47,511739439400,163948550.0,34058150.0,20260526
313760,0,0,0,468,0,0,0.0,5244963048,,,20260526
071850,1527,1540,1503,1523,5219,7874373,-0.26,36949408574,3003.0,,20260526
198080,3215,3280,3075,3080,174720,553849450,-3.9,66328369800,8938445.0,-53350300.0,20260526
210120,1254,1264,1169,1172,351141,420811585,-3.7,28406324216,-109193691.0,551184.0,20260526
050110,1607,1750,1607,1620,350786,575647363,1.69,47344213260,-137276856.0,1875903.0,20260526
452300,3655,3695,3515,3535,143109,513099839,-3.02,50089200175,4086890.0,250400.0,20260526
451760,19110,21050,18990,19660,433335,8717396505,5.87,314398866640,804861000.0,-267528175.0,20260526
900310,0,0,0,520,0,0,0.0,33301671000,,,20260526
078340,29050,29500,28000,28400,39739,1131578975,-1.9,343393289200,-2016750.0,-135127650.0,20260526
063080,15810,16180,15160,15670,18269,286084020,-0.82,103346658640,-37959670.0,1729240.0,20260526
307930,9390,9950,8770,8910,191322,1790304780,-3.88,139085100000,166532350.0,36630.0,20260526
079190,958,1008,944,975,544043,527199814,1.88,18698313075,36730051.0,-396034.0,20260526
263700,2375,2400,2285,2310,26831,62313075,-2.74,44846802000,-27651365.0,503300.0,20260526
214370,90300,92000,86200,90500,72021,6496805250,1.57,4861207500000,566100650.0,268238300.0,20260526
221980,10200,10300,10200,10270,2100,21429830,0.98,41437396000,16309630.0,,20260526
038530,1208,1270,1157,1168,250512,298771365,-3.23,27030870992,-62431333.0,-283080.0,20260526
192250,11410,12030,11410,11780,109647,1288241055,3.24,83250732500,-194322630.0,-723650.0,20260526
431190,4055,4280,3960,4010,50301,203652410,-0.74,30020632420,-13815490.0,,20260526
115500,16850,20600,16840,20600,5368569,105127296990,29.97,247200000000,3514567055.0,81262460.0,20260526
089150,2990,3030,2870,2870,104120,304273883,-2.88,49220500000,-72150031.0,-21190.0,20260526
025880,2690,2705,2610,2610,109136,288255275,-2.79,43628389380,-140899565.0,3679875.0,20260526
093320,116000,119000,113400,113400,5452,631508050,-2.49,553392000000,-12203200.0,-18785000.0,20260526
093640,4540,4720,4445,4450,72787,332602606,-1.98,145405734700,-59685471.0,-522760.0,20260526
073010,4835,4920,4715,4720,294032,1411370861,0.53,189702700000,-188226886.0,-7750.0,20260526
105330,9600,9980,9310,9490,33791,320218215,-0.63,152025244800,51462855.0,395080.0,20260526
053080,13370,13770,13200,13350,240585,3242570865,2.14,173547423450,-857542670.0,-14110.0,20260526
199430,21700,21700,20700,20800,53107,1121085400,0.0,231796094400,-106387575.0,-868900.0,20260526
432470,12300,12590,11770,11820,53201,647139495,-2.07,103679791920,-137756850.0,-8761730.0,20260526
272110,36950,37950,34900,35900,154421,5577043900,-0.14,288111680500,-85537575.0,-718127325.0,20260526
039420,2940,2950,2790,2810,228186,646034987,-4.1,64481053140,98707405.0,31131560.0,20260526
083550,3320,3355,3210,3310,35958,118114830,0.46,44870906150,-14249743.0,,20260526
032500,35250,36350,33800,35600,670399,23473606075,-2.2,1502024555600,-4315826600.0,550156300.0,20260526
225430,2450,2775,2390,2690,406374,1066774241,9.8,15003232900,197661950.0,-139545.0,20260526
102370,3100,3170,2990,3125,158608,489364226,1.79,85091281250,-49989360.0,-36640.0,20260526
068100,2580,2640,2485,2610,26254,67001350,0.19,31130868960,-16451010.0,-1017650.0,20260526
106080,0,0,0,1650,0,0,0.0,9506998050,,,20260526
455180,2600,2600,2310,2325,75306,180441835,-6.63,32453084700,-46376930.0,690365.0,20260526
036030,4950,5100,4810,4840,64351,313772812,-2.22,237253329720,-89050413.0,48315395.0,20260526
064820,12920,13450,12800,12890,147206,1920997815,1.18,397788171350,-400607205.0,91236890.0,20260526
024880,5740,5830,5650,5690,184009,1051935445,-0.52,114726070260,-148748635.0,2095980.0,20260526
042040,992,992,957,960,78447,75425724,-0.52,23720987520,4245295.0,-13053552.0,20260526
054410,3615,3615,3465,3465,16318,57148210,-4.15,19842128460,-3040080.0,470.0,20260526
288180,26150,28750,24950,25250,1247512,33567789450,-3.99,186679865500,1242345425.0,638420750.0,20260526
258610,1248,1282,1195,1197,50395,61447957,-1.07,43672620411,-15159489.0,-680751.0,20260526
274090,28900,37050,28900,34250,5624301,192482253725,20.18,470238046500,7141405400.0,-323196825.0,20260526
089010,41000,42500,40650,41400,359450,14984908425,5.48,694279117800,2333236975.0,195364925.0,20260526
220260,5770,5920,5570,5570,363169,2087173450,-1.76,178641346350,-320768355.0,11530.0,20260526
052400,60500,61800,57800,58700,150612,8849877450,-2.0,854865181700,-660919350.0,-1778819550.0,20260526
402030,17980,17990,16850,16970,41882,717481380,-3.74,212421771360,-169592580.0,-217351230.0,20260526
391710,2065,2105,2000,2005,150084,306757290,-2.91,85454042350,-32916670.0,27715.0,20260526
046070,0,0,0,10280,0,0,0.0,159196994920,,,20260526
047770,3440,3450,3145,3145,1537767,4965954000,-9.63,119014983290,-593102467.0,2140870.0,20260526
080530,3270,3480,3180,3370,74550,252244190,6.65,37414329750,75078255.0,-6386835.0,20260526
104540,5080,5090,4860,4885,39656,196853970,-3.84,62458339900,-87942425.0,-117240.0,20260526
027050,1769,1769,1697,1700,120941,207179942,-2.07,68000000000,-9930223.0,1881834.0,20260526
190650,8110,8180,7790,7790,14734,117434690,-3.71,49762520000,-24928070.0,,20260526
123410,7190,7240,6900,7060,279265,1962535520,-0.84,196557911840,216016790.0,331936635.0,20260526
036690,0,0,0,2885,0,0,0.0,125692107675,,,20260526
049430,19020,19510,18390,18440,22572,426008995,-3.81,166845120000,-245472665.0,204184350.0,20260526
183300,96600,96900,88000,94500,241147,22014862000,4.77,988534638000,-5039881850.0,-2784278250.0,20260526
041960,7990,8160,7520,7600,355385,2746447515,-4.04,561537362000,-235230055.0,13978070.0,20260526
089890,41500,43200,40350,40950,116530,4844404725,0.37,679154193900,-1001040925.0,-86708900.0,20260526
360350,12800,13300,11970,12970,86900,1081336870,1.33,74421470900,-112356050.0,40320.0,20260526
082660,0,0,0,480,0,0,0.0,47827617120,,,20260526
043710,4405,4485,4140,4470,17809,76514480,0.79,77386883940,11811525.0,-9675.0,20260526
222040,8690,8690,8100,8110,236146,1956792605,-4.59,167293080000,-192527105.0,57329170.0,20260526
241710,76600,77700,74300,74500,62939,4749020300,-1.06,795660000000,528987900.0,-955078100.0,20260526
439960,44150,49750,42400,45000,9602750,444851829550,-3.33,1444900770000,-768618250.0,-10530331675.0,20260526
355150,45400,49600,43200,47800,484634,22628768175,12.47,372713330000,1370119925.0,-45283775.0,20260526
166480,3750,3950,3610,3675,448848,1684242637,-1.87,194298631800,-416186167.0,-37450.0,20260526
045970,5000,5240,4920,5010,188744,952973091,5.25,131837528760,12650360.0,985905.0,20260526
196450,1630,1632,1464,1490,800031,1216781524,-7.91,67526177180,-49226021.0,-459490.0,20260526
384470,3590,3690,3400,3435,100760,352417482,-3.65,61646887020,-123142777.0,874220.0,20260526
102940,55900,57900,55100,55400,28904,1627729900,1.84,725219406200,-115914400.0,-4254100.0,20260526
950160,111700,117900,108800,109100,474180,53460133650,2.25,9244703055000,254210300.0,1800814050.0,20260526
056360,9830,11860,9830,11260,2076026,22822309965,19.28,110311968000,134504255.0,-19970.0,20260526
282880,15460,15800,15310,15400,72193,1122234215,-0.06,180088862800,-199491340.0,15550.0,20260526
121850,2535,2585,2410,2465,58792,145214046,-2.76,12465502535,-4999285.0,19440.0,20260526
448710,18680,18680,17670,17780,51802,934809965,-2.41,93972491760,-306142155.0,-2240.0,20260526
126730,23800,26550,23100,23400,2429251,60718406150,5.41,205220948400,-1054508575.0,13078800.0,20260526
015710,3530,3545,3415,3450,30155,104832817,-2.13,60480225000,-23925240.0,,20260526
052330,11850,12060,11600,11700,27345,320789900,-1.02,207810591300,-104437330.0,41480.0,20260526
322780,0,0,0,458,0,0,0.0,20552362532,,,20260526
200130,11610,11720,11220,11260,65646,749383740,-2.6,331219183080,-188589725.0,-77672885.0,20260526
294570,26400,26400,25800,25850,25190,655847150,-0.77,260871272200,-62587200.0,4318050.0,20260526
464490,10550,11000,9990,10100,103320,1075108920,-3.44,115969341300,-141993320.0,-52749140.0,20260526
317690,3490,3595,3320,3380,84523,289388411,-2.87,68056398020,-134865587.0,0.0,20260526
432720,21050,21800,20500,20600,725765,15364992625,1.48,292263983200,-824662450.0,-16100500.0,20260526
365270,14230,15000,13870,14370,247357,3544816120,2.42,315056013420,198308505.0,-603583270.0,20260526
348080,600,617,581,598,177155,105795465,1.7,69038969038,-36269840.0,4051772.0,20260526
060280,13450,13700,12980,13000,423802,5649800660,-0.69,536377270000,-1049899680.0,64452760.0,20260526
372320,37300,37600,35600,36050,92526,3372521600,0.7,548894343900,-952100275.0,66313600.0,20260526
051780,3040,3300,3030,3300,94049,299786515,8.55,18032968800,72920790.0,-650540.0,20260526
115180,31000,32800,28500,31500,178100,5303600950,7.88,1175107090500,-1511737075.0,320057300.0,20260526
494120,44500,44500,40100,41200,71197,2993081550,-4.63,313799058400,-422124175.0,-43303450.0,20260526
445680,89500,96200,88800,91300,98866,9175759600,5.92,1570657181500,1222730050.0,130284800.0,20260526
182360,7960,8030,7310,7370,67209,503839140,-7.41,114602387130,-57347870.0,801330.0,20260526
405100,20600,21250,19670,19760,102818,2075111805,-0.9,242836587760,163519755.0,18666700.0,20260526
066310,14430,16140,14330,15670,1220266,18701228740,11.93,145286301070,879003920.0,620231220.0,20260526
377460,0,0,0,4080,0,0,0.0,253187202960,,,20260526
016600,0,0,0,293,0,0,0.0,52226403816,,,20260526
355390,2750,2892,2640,2660,94819,259733402,-2.39,42225755040,-19922151.0,1035340.0,20260526
096240,9900,9980,9450,9630,85453,822011305,-2.73,103408673400,-1283650.0,-358523500.0,20260526
040350,4610,4700,4195,4435,145652,647051349,-3.69,86573559420,-71208445.0,-479440.0,20260526
110790,3520,3520,3350,3485,14642,50181810,-0.43,81656895600,1129860.0,10.0,20260526
900250,532,663,520,663,9454069,5991640954,30.0,94981382652,113348416.0,274794936.0,20260526
045520,2790,2835,2790,2790,13193,36918910,0.0,18135000000,601740.0,,20260526
214150,52400,52800,50200,50400,215922,10980712700,-2.33,3287877213600,1359912450.0,-2448222750.0,20260526
466100,43850,45700,42950,43850,268022,11861566300,4.03,1116387630150,826109350.0,10728150.0,20260526
237880,12330,12360,11870,12050,26376,316107950,0.17,217759803650,-8265930.0,-1541590.0,20260526
139670,1857,1857,1766,1772,20463,36497527,-1.28,25018531320,-8403068.0,0.0,20260526
475430,5850,6270,5760,5980,3331665,19988995940,5.84,106731697800,600496865.0,-79090.0,20260526
487720,2030,2030,2020,2025,28823,58223195,0.25,8565750000,-593880.0,4040000.0,20260526
489480,2025,2030,2025,2030,374,757355,-0.25,13398000000,0.0,0.0,20260526
466690,2005,2015,2000,2000,4060,8163350,-0.25,10190000000,0.0,0.0,20260526
0131D0,1983,1988,1981,1987,104876,208066482,0.2,12537970000,-5800541.0,128904226.0,20260526
054780,2015,2045,1990,2000,58897,117956261,-0.74,39315586000,-13913679.0,-831080.0,20260526
256940,7050,7370,6810,6920,77980,549543570,-1.28,138940777240,-77415140.0,-588780.0,20260526
219130,67700,69700,61000,64200,43535,2790183900,-4.89,405377418000,-491852600.0,-151728700.0,20260526
336680,3510,3540,3400,3420,35876,123875052,-2.15,133877808360,-20328687.0,,20260526
360070,15830,16350,15500,15500,25219,398625550,-1.46,126886766500,-62674050.0,9729150.0,20260526
065130,4760,4945,4345,4575,328291,1500490422,-2.35,73218300000,54350975.0,58015130.0,20260526
134580,1489,1555,1438,1489,163320,242343851,0.0,73398987861,-79864469.0,528057.0,20260526
023160,39200,40250,37050,37800,292180,11223461575,-2.2,977781747600,-1043511150.0,-373886250.0,20260526
323280,70600,73400,69800,71600,286549,20547915500,4.99,2186519368000,3217792150.0,206606250.0,20260526
053620,7250,7470,7240,7300,23725,174506370,0.83,62780000000,43703800.0,,20260526
044490,42450,42600,40800,41300,110445,4595568475,0.24,826304835300,17705700.0,-373054875.0,20260526
124560,2190,2230,2180,2195,95726,211185857,0.69,84992180145,-106397945.0,2980.0,20260526
191420,11650,12200,10760,10850,8629,96250710,-2.25,87980848900,-35539300.0,-14210.0,20260526
950250,4600,5060,4575,4620,456550,2157967619,0.87,164091917220,-92806320.0,1114700.0,20260526
073640,0,0,0,654,0,0,0.0,69571715580,,,20260526
066700,2775,2870,2775,2815,113684,320803136,1.99,104583938440,-67690786.0,-3049910.0,20260526
095610,135000,141700,125100,126800,497228,65346630700,-1.71,2454848000000,-4525342650.0,-3116471100.0,20260526
064520,1790,1828,1735,1820,77684,137478837,1.68,40678932840,5771574.0,-15810.0,20260526
089030,55700,59600,55100,57500,1281163,74176058250,7.08,2130584587500,5499629150.0,-80720200.0,20260526
054450,18280,19530,18030,18450,1077350,20220916275,4.95,279411098850,85208390.0,20929650.0,20260526
200230,479,533,471,473,1873357,948997227,-1.25,33830631109,-103370376.0,-19954.0,20260526
393210,3760,3815,3640,3690,40441,149555287,-1.34,57617667360,8225515.0,153490.0,20260526
475960,48400,48700,45700,46700,87705,4109929250,-0.64,624998895800,-1694132900.0,-104749500.0,20260526
215480,2400,2450,2340,2450,91120,218784131,2.08,21927500000,66236733.0,0.0,20260526
051360,20750,20950,19910,20100,78064,1584231895,-1.23,299848644300,60817580.0,-1592055.0,20260526
045340,7190,7320,6940,6950,41383,292241420,-4.14,59478378000,-126320120.0,-1580.0,20260526
108230,4285,4305,4170,4255,121161,514246492,0.12,161788907475,-73169470.0,-803355.0,20260526
079970,0,0,0,596,0,0,0.0,7646223464,,,20260526
199800,69600,72300,66100,71100,85990,6041776500,9.89,639461241900,-409795600.0,-103083800.0,20260526
417790,7050,7050,6700,6750,37041,251834870,-2.46,70661639250,6358370.0,-17159490.0,20260526
290090,6090,6280,5940,5940,5281,31860520,-2.46,44195191920,3664680.0,6100.0,20260526
026150,5450,5450,5150,5170,76593,400315020,-2.64,90714531270,-44875815.0,82765.0,20260526
464280,8420,8550,8080,8100,28995,239424300,-4.71,44793000000,-41192575.0,,20260526
117730,19680,19900,18810,18840,157945,3027208285,-1.46,424993530120,-138182140.0,-15179055.0,20260526
033830,491,499,475,494,872725,423149432,-0.6,49400000000,,5207046.0,20260526
057680,2410,2545,2360,2395,56789,138551916,-0.83,34128031500,29564256.0,741345.0,20260526
204610,3025,3065,2860,2940,424611,1248563402,-2.81,163232386800,-10517436.0,17821306.0,20260526
125020,9340,9930,9050,9200,3509223,33272478285,0.11,322354660000,-220450230.0,-39916680.0,20260526
064760,310000,320000,298000,303500,54703,16768040750,-0.33,3392952756000,-1771625750.0,-337956500.0,20260526
246710,2300,2415,2275,2290,218193,504326200,-0.43,109151714160,-108841820.0,-13558115.0,20260526
340570,62700,63300,61500,62700,46265,2886166750,0.64,509625600000,1118228300.0,-136206300.0,20260526
043220,0,0,0,1710,0,0,0.0,27227331360,,,20260526
277880,5030,5140,4885,4885,73359,365151285,-1.01,96934090620,-42754195.0,955620.0,20260526
131290,244500,250000,226000,227500,107191,24922335000,-6.76,2516475097500,-170646750.0,-4046781250.0,20260526
425420,63600,66300,60000,60400,152674,9556257900,-2.11,745769732400,-894652150.0,-315872350.0,20260526
484810,16800,16850,15980,16020,49934,815527580,-3.2,247523658300,13293490.0,-11989910.0,20260526
131100,1115,1115,1070,1082,38196,41271526,-2.96,34890955368,-1116270.0,-764681.0,20260526
356860,126400,135900,126300,131900,257453,33970222050,11.03,1296923897000,-3834067050.0,6527463700.0,20260526
321550,7890,8100,7160,7560,821514,6225109375,-2.95,227090871000,109597615.0,170803490.0,20260526
425040,29250,29250,25850,27100,1724920,46467696200,-2.69,579253882200,-6558521275.0,360402675.0,20260526
241790,8040,8270,7670,7780,54164,422794390,-0.51,77820492520,80611620.0,-97620.0,20260526
022220,749,779,739,745,20419,15469296,-1.46,38586961355,2145883.0,294916.0,20260526
104480,2185,2235,2060,2165,1093755,2328719918,-0.23,196788614610,-423650691.0,-6492205.0,20260526
081150,3810,3905,3580,3655,716588,2630184288,-3.18,88701009310,-225904869.0,-62007411.0,20260526
130740,2125,2140,1999,2035,205137,418397485,-3.33,22948041765,57223019.0,1049935.0,20260526
084730,7990,8060,7690,7890,31751,248004180,-1.25,87653355360,-55220550.0,-8050.0,20260526
440110,128600,128600,113800,116800,3375733,399075488550,-8.96,5851309393600,-40348918300.0,-3636974300.0,20260526
290560,1375,1450,1347,1358,103036,141427670,-1.24,30368587340,-55830382.0,-562.0,20260526
288330,0,0,0,416,0,0,0.0,44129674368,,,20260526
033540,888,944,875,918,243501,221548529,6.37,47962131858,15727639.0,346114.0,20260526
388870,7110,7390,6850,6880,79725,556588795,-3.1,89068012160,-226466245.0,12513870.0,20260526
043200,932,932,888,888,296158,266818000,-4.1,37122231720,-26976569.0,-3738.0,20260526
214450,314000,317500,302000,312000,78534,24395902750,2.3,3241570176000,-1720837000.0,314689750.0,20260526
177830,2555,2595,2450,2510,57719,145020615,-1.76,33869817010,2092560.0,-450150.0,20260526
037070,7470,7510,6670,6900,397785,2775607675,-5.48,138000000000,-323492300.0,21430.0,20260526
150900,4720,4980,4655,4845,324372,1571464816,4.08,56705502090,-213456888.0,9514180.0,20260526
037030,7380,7800,7100,7680,1751247,12988120875,7.41,195939778560,-373044795.0,152779150.0,20260526
047310,5350,5440,5110,5200,317486,1664055580,-0.76,190375926000,-3626895.0,-462830.0,20260526
368770,21000,22250,20400,20400,421789,8959079600,-0.49,670226190000,26888350.0,-758255775.0,20260526
170790,9800,10050,9560,9690,41513,404513660,-0.51,61990176150,10206965.0,37150.0,20260526
900100,404,416,398,403,311535,125522332,-1.95,21262482306,11104106.0,,20260526
049120,2305,2310,2215,2250,51175,115228895,-2.39,23853741750,3421930.0,-536805.0,20260526
038950,3380,3380,3270,3295,46541,153999220,-3.37,33644470675,100648250.0,502495.0,20260526
387570,6930,7000,6820,6910,8072,55739520,0.0,38874969000,-11216590.0,-1040.0,20260526
441270,10480,10890,10310,10600,704191,7472888330,2.22,442350847200,1150545530.0,634007770.0,20260526
106240,2185,2185,2095,2170,182082,388065165,-0.69,51001208370,2783335.0,-3330.0,20260526
131760,4835,5840,4480,5580,2369046,12683697870,16.49,48469643280,-27203.0,-23080.0,20260526
065690,1505,1529,1418,1528,58187,87234303,1.53,21467377768,-577032.0,37455769.0,20260526
140860,291000,295000,282000,286500,40881,11830419250,-1.38,2006207368500,936149000.0,-1307679000.0,20260526
091700,7510,7580,7200,7210,216960,1587315850,-2.7,360500000000,-12388190.0,-79950860.0,20260526
032800,1974,2115,1970,2040,84260,171424173,3.82,18750478440,66068719.0,-2021186.0,20260526
318010,3575,3620,3525,3615,9161,32892150,0.42,28664556870,4351625.0,5775.0,20260526
027710,1270,1280,1213,1233,1029335,1269370732,-2.68,137376667800,-262697491.0,583146.0,20260526
225590,4515,4515,4300,4455,17479,77106632,-1.33,22815730080,2779990.0,664600.0,20260526
054300,1101,1116,1066,1088,112741,122797802,-0.91,62963588160,-2606713.0,-1065003.0,20260526
068050,1333,1355,1285,1301,52230,68390514,-2.4,36029992876,-20115640.0,3069265.0,20260526
222110,5400,5470,5110,5170,59685,311508415,-4.08,69870011530,-49246015.0,-726690.0,20260526
271830,1290,1322,1264,1287,129593,166435652,0.16,37953889974,-45904780.0,-504670.0,20260526
263750,46050,46400,44300,45150,679468,30557329575,-1.95,2900790653250,3784154350.0,-3098410850.0,20260526
251970,39600,39950,37250,38400,41180,1567339300,-2.17,476160000000,-296357525.0,-273341925.0,20260526
187660,8190,8350,7510,7550,1815037,14133812015,-7.59,418770210150,-173201990.0,25190.0,20260526
0015S0,12270,12500,11720,11720,74681,898934830,-3.54,115638075600,38429245.0,-165163510.0,20260526
168360,22550,23800,22550,23100,126050,2930747850,4.05,501444797700,-14598700.0,-3094950.0,20260526
087010,264000,277500,258000,270500,137979,37198376250,5.46,6307343175000,4806543500.0,4302409250.0,20260526
064800,2815,3240,2815,3125,205760,620965025,11.41,79879559375,-12197525.0,283225.0,20260526
119500,4105,4105,3840,3840,97643,381445739,-3.03,45493370880,-97935735.0,-967370.0,20260526
389140,7490,7700,7400,7420,112607,845997210,0.27,105881433700,-119292820.0,9155970.0,20260526
105760,5600,5670,5350,5430,80380,439645695,-2.16,55263211410,-66718500.0,-14910.0,20260526
009520,18390,18490,16860,17750,183382,3307573010,-0.78,739157978250,-1031737905.0,21225265.0,20260526
189690,1936,1937,1880,1926,31139,59218744,0.94,52622112294,-23629133.0,-1757098.0,20260526
318020,3075,3180,3055,3135,40828,127070100,2.62,38564487720,7886595.0,1003230.0,20260526
256630,4765,5740,4765,5500,131358,724224025,15.67,63796777000,93390605.0,1338990.0,20260526
331380,2035,2390,1875,2325,326895,715147653,15.38,75356711925,-93571126.0,8220.0,20260526
208710,3325,3545,3225,3545,1487543,5094217116,29.85,46723567940,239462095.0,-13300.0,20260526
472850,4900,4980,4695,4730,47550,227082515,-2.47,272313913960,-127730140.0,-5211730.0,20260526
039980,8640,9240,8440,8900,993039,8815360870,5.08,127992804600,-363461440.0,-28920.0,20260526
041910,7190,7320,6950,7020,160188,1133002935,-1.96,93249117000,83561115.0,3907910.0,20260526
234100,5100,5100,4340,4340,435715,2011612525,-14.9,63371100240,-10950368.0,-186732800.0,20260526
041020,4350,4405,4270,4300,531681,2308408286,0.94,213640309900,-193318658.0,-14178650.0,20260526
114630,2025,2080,2010,2030,63480,129299325,0.25,34987553440,-6863435.0,-22693220.0,20260526
487580,7210,7350,6560,6560,1519388,10484176710,-8.51,165199568160,-178968200.0,-92810.0,20260526
290720,3275,3480,3120,3190,125595,414039375,-2.15,112039632980,6445610.0,238105.0,20260526
005670,6750,6750,6420,6510,47133,306751155,-2.54,65100000000,-85178055.0,-1660.0,20260526
094940,12200,12930,12190,12570,347451,4351295855,4.49,105102622020,-171720630.0,-37600.0,20260526
007330,11700,11700,11440,11520,34075,393784595,-0.6,173753856000,-30213895.0,138959620.0,20260526
093380,2740,2885,2740,2855,39320,111440230,4.77,28205438615,14009260.0,8455425.0,20260526
023900,9100,9120,8830,8910,40710,363006115,-0.78,112266000000,-175933630.0,-2601760.0,20260526
371950,9390,9390,8420,8500,75453,652916570,-2.52,192631658000,-32118000.0,-29173830.0,20260526
298060,3530,3530,3055,3065,104747,338124415,-13.17,27096546275,-34206225.0,-35661715.0,20260526
370090,12230,12690,11870,11870,63312,769900725,-2.94,101569572100,-95510005.0,34240.0,20260526
445180,12230,13170,12230,12390,242439,3084016505,1.56,212974039320,601579190.0,-171388600.0,20260526
220100,17420,17610,16690,16800,106818,1831219185,-2.27,376780656000,-657747325.0,2705880.0,20260526
035200,3465,3520,3380,3405,62156,212529746,-2.44,33132658950,-98161520.0,-820590.0,20260526
334970,2055,2140,1966,2005,178273,364260229,-1.72,155894037185,-62405102.0,-4238535.0,20260526
227100,0,0,0,612,0,0,0.0,14770119384,,,20260526
321260,4215,4965,4215,4850,10959105,51465894725,15.61,136731607400,1942285089.0,20897435.0,20260526
053610,99000,101900,92900,93800,104774,10173679000,0.11,844200000000,-2818096250.0,-1327546800.0,20260526
468530,48900,49950,45800,46700,56555,2684871575,-0.11,515344213600,-622452725.0,-192396575.0,20260526
303360,4710,5000,4580,4660,22043,103529970,-1.17,60019471900,-7368245.0,534090.0,20260526
377220,1074,1096,1001,1030,117853,120939339,-4.01,29159300000,-37785317.0,544187.0,20260526
335810,2110,2175,2030,2055,19957,41271620,-2.61,45106234830,10909980.0,-1506960.0,20260526
053160,8280,8340,7990,8140,26728,219898925,-1.33,48840000000,-43463480.0,-2720.0,20260526
405000,5820,5820,5530,5540,8813,49351820,-0.36,21264979760,5233640.0,-498600.0,20260526
041590,0,0,0,2370,0,0,0.0,116064014460,,,20260526
367000,3740,3740,3605,3605,6047,22176893,-2.44,30239486235,-1713197.0,,20260526
075130,2210,2230,2155,2165,66077,143909510,-2.26,35987322800,-15607874.0,,20260526
237820,3920,4020,3765,3780,26164,100705460,-3.57,48486589200,-37565120.0,14910.0,20260526
023770,2625,2780,2550,2680,28095,75004350,2.1,23976606600,-4638040.0,-2640.0,20260526
019570,415,525,415,430,5079735,2303424671,5.13,37861518060,-267948647.0,-2987.0,20260526
300080,9770,10000,9040,9050,150421,1417658295,-6.51,149374331550,-409756595.0,-2916390.0,20260526
033790,12720,12880,12010,12010,2125184,26177871610,-3.92,988804773880,-599871115.0,-517508090.0,20260526
032580,0,0,0,8460,0,0,0.0,280297261440,,,20260526
051380,2125,2190,2060,2085,52695,110419065,-1.42,31984050120,-26369165.0,-852160.0,20260526
241820,0,0,0,6040,0,0,0.0,16803871920,,,20260526
452450,6260,6410,6070,6100,274215,1705047005,0.33,219773850000,36523145.0,-19220.0,20260526
237750,5000,5010,4820,4900,48271,236767180,-1.11,31833340000,-1294010.0,-235415.0,20260526
460940,8040,8390,7870,7900,138637,1122838380,-1.37,106296712000,-149613530.0,-1020610.0,20260526
319660,120200,121300,113000,114800,329529,38548692050,-1.8,3325378767200,-3892709350.0,-502003850.0,20260526
031980,136600,138400,129400,131900,196402,26224204150,-3.79,2844079900500,1694133800.0,-3993239700.0,20260526
002230,8250,8300,7700,7800,361021,2839282210,-3.94,145901496000,253295985.0,-5440810.0,20260526
043370,13500,13500,13180,13400,78265,1043814220,0.22,281400000000,307363310.0,224302590.0,20260526
239890,5090,5100,4775,4780,93393,456759051,-4.97,47492908900,-169787398.0,0.0,20260526
347740,2215,2240,2145,2165,45781,99574624,-2.26,64972897040,-22381160.0,,20260526
137400,49700,50700,48250,48450,225550,11171700875,1.57,1147815771600,818572300.0,-392576800.0,20260526
257370,2635,2755,2600,2635,27285,73044695,0.0,32950308735,-17154670.0,-547580.0,20260526
147760,9460,9920,8730,9580,561820,5362045440,1.16,103654316280,-272925325.0,1707154610.0,20260526
128660,3235,3270,3130,3135,123117,391121468,-2.64,77758561815,-90566738.0,-16412095.0,20260526
006140,6750,6840,6400,6410,94886,619369790,-5.04,95284650000,-161539520.0,-23990870.0,20260526
376180,2250,2300,2205,2255,53714,120652556,0.22,41855140690,-7072956.0,0.0,20260526
304840,1261,1286,1187,1242,478696,588573136,-1.43,30206259720,50760278.0,600100.0,20260526
087600,5430,5540,5330,5430,28353,153646560,0.0,44344409940,-4453490.0,0.0,20260526
291810,1441,1508,1316,1354,230689,316364625,-5.97,15393236048,22570090.0,-346636.0,20260526
378340,18200,18270,17350,17450,137867,2436308000,2.89,377362915900,-676303860.0,2685180.0,20260526
161580,52500,54700,51400,52200,437477,23209210100,5.24,1223685293400,2998857000.0,-102275600.0,20260526
347770,1780,1792,1727,1744,80149,140319444,-2.73,39862681248,2541326.0,882945.0,20260526
163730,19300,19750,18000,18430,240972,4519564945,-4.75,173363048240,184014910.0,-3483210.0,20260526
417180,6180,6300,5900,6140,27348,164511810,-0.65,21549705360,-37933690.0,,20260526
469880,2095,2100,2090,2095,20443,42812812,0.24,15303975000,7063455.0,-1186953.0,20260526
469900,2065,2070,2060,2070,3412,7044550,0.0,11602350000,0.0,-3322585.0,20260526
475240,2080,2095,2070,2085,961,2000435,-0.48,6672000000,173885.0,0.0,20260526
475250,2075,2085,2075,2075,2795,5800640,-0.48,7677500000,0.0,0.0,20260526
484130,2035,2040,2030,2035,2635,5361450,-0.25,9198200000,0.0,0.0,20260526
0041L0,2005,2005,2000,2000,3249,6498135,-0.25,12060000000,280000.0,0.0,20260526
0101C0,1995,2005,1988,1992,17601,35136404,-0.15,15418080000,-158384.0,8006512.0,20260526
299030,23800,23800,22350,22350,30519,698234975,-2.83,178686238500,-329236525.0,2800850.0,20260526
067310,53000,53100,51200,51400,1351721,70067965250,-0.58,3416261216400,-10355135400.0,-3312151900.0,20260526
166090,85600,87900,78600,80000,261771,21535591050,-1.36,1582213920000,2428689000.0,-5529228950.0,20260526
136480,3025,3045,2980,2980,774198,2318377400,-1.49,316504911960,-1435658489.0,-5376200.0,20260526
003380,12280,12490,11710,11770,990964,11879225560,-3.29,1318306159170,-1619398480.0,-412331120.0,20260526
450330,6440,6580,6230,6290,27813,177451545,-2.33,51495242470,-49720805.0,-3033140.0,20260526
101670,1820,1860,1789,1802,549713,997360285,-0.11,102312490974,-52937700.0,-7.0,20260526
365590,1590,1676,1560,1579,26795,42511934,-0.69,48958132936,-9537266.0,550991.0,20260526
149980,5570,5730,5410,5430,41352,226793425,-2.34,115085391090,-49116720.0,37330.0,20260526
013030,40900,40900,39450,39650,57368,2298434300,-1.61,466606909600,210692625.0,-56519850.0,20260526
126700,16230,16490,15600,15600,103025,1631415990,-2.92,233096947200,-317044110.0,-48367180.0,20260526
160190,36550,39700,36550,38000,189834,7234893150,5.56,1173744000000,321784825.0,-485726300.0,20260526
221840,2625,2625,2370,2420,68107,167030845,-2.62,45255357620,-10016910.0,3589300.0,20260526
106190,16000,16090,15410,15810,51022,799166500,0.06,168110465130,-154875170.0,-114886300.0,20260526
065650,0,0,0,2110,0,0,0.0,46192067250,,,20260526
066130,3870,3895,3805,3845,43505,166974700,-0.52,49216000000,-41802755.0,-2892110.0,20260526
004590,7230,7400,6750,6810,164825,1141850380,-4.49,102150000000,166114310.0,-24809160.0,20260526
039340,4765,4835,4745,4830,11197,53566962,0.63,106260000000,-1738735.0,3125690.0,20260526
034950,106700,106800,103100,103200,2477,257318850,-0.96,468581044800,-7465400.0,7251900.0,20260526
222980,2130,2225,2105,2195,33378,72724420,3.54,24214105185,13792420.0,,20260526
256840,3520,3555,3370,3395,493631,1713537406,-2.44,232200637970,-80056248.0,26977710.0,20260526
219750,663,724,626,640,185496,122420906,-3.47,41873206400,-10634392.0,-41940.0,20260526
025550,3620,3745,3575,3665,492265,1801258684,3.09,93508824660,90678815.0,520225.0,20260526
017890,12300,12750,12190,12190,46742,579937990,-0.89,259324038140,-196262840.0,194977560.0,20260526
080720,0,0,0,2725,0,0,0.0,21562456300,,,20260526
041460,3775,3835,3745,3770,117245,444427266,0.0,71630000000,-53398948.0,22830.0,20260526
101680,2820,3015,2820,2990,91599,270444707,6.03,25127960000,71325795.0,-1001120.0,20260526
039740,4950,6050,4740,5050,1220405,6518739002,2.54,40492904850,-314325658.0,29595260.0,20260526
053300,5850,6020,5760,5790,313632,1846192985,0.17,235022445840,-253999160.0,115818270.0,20260526
025770,9700,9800,9280,9340,151418,1433097270,-1.68,349729491140,-390095220.0,-973490.0,20260526
464440,2110,2110,2100,2110,7853,16531130,0.0,9115200000,0.0,6330.0,20260526
479880,2050,2060,2050,2055,463,950855,-0.24,14117850000,0.0,4120.0,20260526
062970,3380,4105,3380,4105,27220115,104849151078,29.91,234348760470,9489992821.0,2080670.0,20260526
023760,847,850,805,815,803036,660861583,-3.78,257221804440,-57488336.0,-66415013.0,20260526
054040,5480,5590,5290,5290,78581,423792620,-2.94,85017124100,-36713270.0,515260.0,20260526
021650,2105,2140,2070,2070,11053,23054775,-1.66,33845665410,1680410.0,,20260526
032300,10720,10730,10290,10350,20715,215905475,-2.82,112884355350,-16299140.0,559840.0,20260526
037230,2060,2060,1931,1954,154223,308200929,-4.68,58229838958,-56380720.0,-1402248.0,20260526
448900,107300,113100,106000,108100,144942,15912179100,1.31,656648801700,-1944924500.0,6010572000.0,20260526
030520,20950,21100,20300,20500,133737,2769372050,-0.97,495684752000,171608225.0,-14825550.0,20260526
052600,3505,3535,3400,3400,47487,163365303,-3.27,39316580000,-53358279.0,54735.0,20260526
256150,5280,5300,5190,5220,2262,11820590,-0.19,43821900000,-597270.0,-30.0,20260526
092460,21800,22000,20800,21150,139557,2973293250,-1.63,361869732000,-763562925.0,242917175.0,20260526
125490,16450,17380,16070,16150,1291522,21504809875,1.51,589512984800,1145047160.0,-503224395.0,20260526
452190,7850,8250,7590,7700,1728603,13561449550,1.32,184188288900,-530482400.0,-27500.0,20260526
047080,1484,1590,1360,1452,435732,636461830,-2.16,36042069624,11531268.0,13889.0,20260526
452280,33300,36500,31100,33900,426281,14685261925,2.73,652496013000,929133900.0,-330553575.0,20260526
066980,2190,2340,1995,2250,9600990,20703766167,11.11,116854031250,6284880.0,139040.0,20260526
114810,16900,17530,16230,16270,516821,8605946725,0.49,465210940980,1592861950.0,-3510791305.0,20260526
042520,30300,31400,28600,31000,290167,8751318675,7.64,442102377000,-612574350.0,1257835325.0,20260526
430690,4360,4670,4360,4425,265884,1193697437,3.87,48211821975,-34147856.0,7820.0,20260526
078350,41750,44300,40000,40500,340572,14240838775,-4.71,617397471000,-784219825.0,1416374050.0,20260526
045100,33750,34600,33100,33350,108446,3651338950,-0.6,583625000000,1386904425.0,-481834675.0,20260526
320000,12000,13880,11800,13250,836360,10767998145,17.26,88361732500,203516985.0,0.0,20260526
091440,2965,3050,2860,2860,275982,812991955,-0.69,92867177260,123607665.0,536810.0,20260526
276730,13150,14140,12510,13730,17224,232691490,4.41,30411730320,34419900.0,-16880.0,20260526
024740,2965,2965,2730,2815,361284,1015989090,-2.26,92605192935,-172459860.0,60080.0,20260526
005860,3240,3265,3165,3170,403113,1293397032,-1.86,124909681450,9273438.0,162935.0,20260526
007770,7330,7870,7330,7610,10607,80017340,2.98,26711100000,-2827930.0,,20260526
198940,1878,1968,1830,1968,1287206,2495790123,29.99,38300210352,71754983.0,3216197.0,20260526
058450,5510,5800,5490,5700,21871,123616830,3.83,28576220400,912190.0,-4800.0,20260526
107640,54400,54500,51900,52200,98598,5197083000,-0.38,473190181200,-1864050000.0,-790269650.0,20260526
079170,6010,6100,5870,6040,27086,161930240,1.0,31408000000,43144950.0,-1615670.0,20260526
054920,6380,7060,6350,6720,2768193,18733093235,8.39,189618784320,1341116325.0,-4083840.0,20260526
457370,9990,12310,9940,12310,3475116,40161118425,29.99,99244869540,-1319073750.0,42374880.0,20260526
002680,570,575,542,549,275368,151933802,-3.0,17741922651,8371869.0,-3003.0,20260526
098070,37500,37500,35350,36900,53955,1995054650,-0.14,410370102900,205128725.0,-255560500.0,20260526
408470,11410,11700,10780,10810,73747,815879490,-4.42,114283320000,-293212745.0,-8052050.0,20260526
498390,2060,2060,2040,2055,5035,10324485,0.0,10192800000,-209050.0,-3529260.0,20260526
034810,7140,7430,7080,7210,48081,345599510,1.69,227692895920,-76301660.0,-1568770.0,20260526
03481K,6730,6890,6675,6720,3723,25070230,0.0,9256484160,-2551050.0,,20260526
059270,11160,11650,10880,11110,385866,4336491895,-0.45,124046471890,-326129695.0,317890.0,20260526
076610,2420,2755,2420,2575,4514989,11556763447,7.29,136926758000,675774300.0,,20260526
220180,1802,1802,1742,1750,9443,16566024,-1.74,41878973500,-2910717.0,0.0,20260526
900270,945,949,932,940,77440,72668691,-0.53,22940421760,-8133506.0,,20260526
214180,18300,18340,17640,17800,61925,1108054340,-2.25,231281932600,-248936320.0,-2829940.0,20260526
234340,30400,30900,29200,29800,324550,9670604375,-1.49,416325548800,-123284900.0,-338428950.0,20260526
084990,7600,7800,7070,7090,262666,1910636200,-5.97,326797930730,-544304195.0,-1650160.0,20260526
170030,5980,6030,5750,5810,112275,655043605,-2.68,89125400000,-83865730.0,1485400.0,20260526
319400,39100,39450,37400,37850,1272804,48538321725,1.2,4215583076150,871291300.0,-2105352050.0,20260526
048410,14200,14380,13210,13630,4043626,55741187880,1.34,1315370946360,-3625886075.0,59143010.0,20260526
052260,4140,4165,4000,4010,97714,394425929,-3.14,120300000000,-106037538.0,7610075.0,20260526
016790,0,0,0,994,0,0,0.0,187340898626,,,20260526
041440,8870,8950,8570,8610,280980,2444324080,-0.46,154256277840,-708221240.0,-10180.0,20260526
039010,9700,9700,9130,9350,60532,562518910,-2.09,80643750000,-23276900.0,-3448480.0,20260526
090850,5370,5380,5090,5140,106284,546665855,-4.1,115536421420,-217148995.0,-54743035.0,20260526
460930,17720,18280,17590,17750,309466,5540995300,0.28,630314410250,702551150.0,92695160.0,20260526
092300,4295,4565,4260,4295,434188,1905420087,1.18,82359382390,-69807185.0,51180700.0,20260526
011080,3105,3195,2940,2950,50939,153159170,-2.64,12673972900,-50879350.0,-587110.0,20260526
308100,857,857,779,791,349811,282607007,-5.04,19002199328,-84879236.0,27204.0,20260526
064240,1840,2025,1801,1912,252858,490754220,4.03,66335407912,30226490.0,516439.0,20260526
039610,8270,8270,7900,7900,62775,501360065,-1.5,82242160000,-179447835.0,537990.0,20260526
126640,1845,1894,1795,1839,515895,945856563,0.0,64467818490,207090467.0,-1021765.0,20260526
127980,5440,5540,5200,5230,46027,246641700,-4.74,61926777320,-16879590.0,1126900.0,20260526
061250,8520,8950,8460,8710,42513,373749430,0.93,73317156640,27916790.0,-14060.0,20260526
097870,5970,6410,5970,6010,44951,273018595,0.33,51024900000,-59619280.0,6010.0,20260526
290270,3775,3850,3685,3735,116496,439070502,0.81,35884654920,-82598582.0,-6770.0,20260526
353190,2815,2815,2655,2730,63403,171729055,-3.02,21500617320,4937435.0,-8240.0,20260526
090710,12010,12430,11750,11810,5324696,64129751440,1.46,1410789496570,-658253835.0,140189635.0,20260526
078590,0,0,0,525,0,0,0.0,52457053425,,,20260526
205470,4205,4290,4150,4200,137727,577932586,-0.12,108675004200,82829145.0,4155.0,20260526
115160,7590,8130,7590,7870,39400,310582590,3.69,33936557540,30333750.0,221230.0,20260526
028080,8130,8640,8130,8470,25503,214930450,3.42,19378860270,22576980.0,1160740.0,20260526
175140,3785,3850,3640,3680,87933,326242860,-2.9,91794851040,-17965041.0,16160.0,20260526
200670,30950,30950,29050,29200,53065,1565324200,-4.58,327913956000,-796886775.0,19425800.0,20260526
065510,7300,7310,7130,7220,65774,474019185,-1.1,82927930860,-132670630.0,-248540.0,20260526
263920,3550,3550,3355,3355,8883,30062144,-1.61,32909282230,825760.0,0.0,20260526
243070,35000,35100,32100,32150,119199,3901011475,-9.44,385146229750,-984243125.0,-95363550.0,20260526
084110,37000,37450,35350,35500,89218,3216358000,-2.07,449423326000,-724421100.0,81140500.0,20260526
145020,273000,275000,260000,260500,52522,13889029250,-2.62,3205200596500,-3227199250.0,-412614000.0,20260526
024060,13630,13740,13160,13300,785575,10506112895,-5.81,199500000000,-107112825.0,86500.0,20260526
010240,5740,5750,5530,5580,62025,348739600,-2.79,65319480000,-73013840.0,195820.0,20260526
189980,1450,1450,1359,1366,162669,224661660,-2.64,54828271682,-91328886.0,-1454117.0,20260526
037440,6060,6130,5720,5790,863057,5116084890,-1.03,80611130250,-1549534880.0,-6600.0,20260526
238490,3160,3190,3040,3185,33138,102126070,0.63,36029471660,4069310.0,-1800.0,20260526
