code,open,high,low,close,volume,거래대금,등락률,시가총액,foreign_net,inst_net,date
060310,1501,1506,1459,1465,506840,746432444,-2.4,77731493600,-198793829.0,0.0,20260130
054620,4475,4535,4355,4385,65001,287774822,-1.9,80658659085,-30706375.0,,20260130
265520,21000,21700,20700,21500,298354,6388171925,1.18,323592651500,1915117925.0,-766494975.0,20260130
211270,20100,20700,19500,20200,1416845,28413767975,0.75,304662540800,-266128840.0,473168430.0,20260130
139050,0,0,0,2805,0,0,0.0,24247965555,,,20260130
126600,4010,4280,4000,4220,241807,1004224507,4.46,264876313780,239840220.0,-105455.0,20260130
083790,1289,1289,1240,1244,193834,242490922,-2.05,95656362408,-44219645.0,,20260130
035760,74800,76500,73400,74800,143141,10801817000,1.22,1640300719200,1943018000.0,4997690000.0,20260130
311690,8900,8990,8700,8900,37723,333438540,-0.22,116282611800,2056940.0,,20260130
051500,27200,28150,26950,27950,69591,1918502000,1.64,331810828700,900518900.0,59089300.0,20260130
058820,2120,2120,1991,2020,2034439,4124699093,-4.72,298641209660,-143534594.0,-18636158.0,20260130
056730,574,576,561,566,32226,18230633,-1.39,41946931276,534545.0,0.0,20260130
065770,774,787,772,778,76016,59016189,-1.39,15101859140,-3724019.0,,20260130
083660,564,570,536,549,701642,386960083,-2.66,34493372991,-66196461.0,,20260130
477760,2185,2200,2180,2200,27631,60602421,0.23,12848000000,308495.0,-43614980.0,20260130
099520,0,0,0,1284,0,0,0.0,58141862016,,,20260130
290120,2805,2845,2725,2735,99421,274536735,-2.84,43279321015,-4451575.0,,20260130
025440,1085,1093,1027,1027,473898,500635009,-6.04,50098317048,-88043246.0,0.0,20260130
068790,0,0,0,6330,0,0,0.0,142869517920,,,20260130
241520,8430,8790,8150,8520,1796724,15304804060,-0.23,230040000000,-193591330.0,7316000.0,20260130
180400,3980,4170,3805,4080,579646,2291674759,-0.24,401592082560,-174275545.0,,20260130
418620,1398,1398,1331,1346,217830,296118087,-3.79,26718742042,-27642731.0,0.0,20260130
245620,0,0,0,415,0,0,0.0,57474989665,,,20260130
037370,5990,6110,5900,6100,93271,561169285,2.87,52612329200,-137845745.0,,20260130
050120,2875,2875,2710,2725,27631,75975760,-2.15,36962134350,5196860.0,,20260130
214270,1863,1875,1819,1849,292463,538029956,-0.75,80784583191,65313955.0,,20260130
130500,2585,2600,2545,2570,81733,209646942,-1.34,37380783640,-11004757.0,-5.0,20260130
900290,3570,3595,3485,3485,357167,1254368838,-2.38,281762250000,35359880.0,-11845.0,20260130
083450,28700,30300,28200,29200,860622,25393705550,0.52,538156000000,943575800.0,-590426050.0,20260130
297890,2340,2385,2285,2290,447149,1041876850,-3.58,167492693060,-129498809.0,16979130.0,20260130
440290,2105,2160,2055,2115,195279,411377046,1.2,58176099450,-1876475.0,-11917300.0,20260130
078150,2150,2185,2090,2105,3297817,7031957732,-2.09,195167003180,-903674036.0,-20179265.0,20260130
225530,2855,2875,2800,2800,66722,188183865,-1.93,101748435600,-2048425.0,-7665.0,20260130
060560,694,703,694,699,205006,143315986,-0.14,88731065592,21212403.0,-405869.0,20260130
376270,84800,92300,84600,89400,68080,6050945950,-3.87,639900793800,61102850.0,172006900.0,20260130
195940,57700,58600,56000,56300,510032,29206062650,-1.4,1594972863300,3068116150.0,3694796750.0,20260130
028300,58200,59700,55500,55500,3518549,200460606000,-15.01,7385035960500,-28452274750.0,36417630950.0,20260130
278650,1497,1520,1425,1445,865207,1261548071,-8.08,125723003855,-254660568.0,111093.0,20260130
067630,4345,4480,4130,4130,1973450,8443633089,-13.69,503517449540,-1764275258.0,180885.0,20260130
024850,2580,2620,2390,2530,3768658,9380803046,-5.95,371617650910,-400992191.0,513103476.0,20260130
187420,2725,2790,2575,2790,129321,343121068,1.64,81392985270,-23004316.0,-13938950.0,20260130
047920,17280,17640,16040,16600,811150,13687605250,-13.41,544469309600,-57943605.0,-13544390.0,20260130
115450,3070,3145,2955,2975,1766848,5341233222,-9.02,251037232425,-2034961466.0,44432602.0,20260130
046210,1773,1773,1651,1675,404591,683904802,-6.42,76163345450,-155865510.0,,20260130
196300,8110,8110,7590,7880,32923,254983590,-3.08,73231976240,-30845280.0,-1340470.0,20260130
403870,44050,48800,43800,46500,4383831,205128864975,4.85,3905959080000,-2952339500.0,41779981475.0,20260130
036640,5130,5140,5040,5100,79336,402956170,-0.39,83409480000,-26203860.0,-49571920.0,20260130
467930,2215,2280,2200,2230,5490,12385505,0.45,9432900000,-184745.0,631290.0,20260130
469480,2215,2290,2215,2260,4987,11255062,0.89,9559800000,-310002.0,0.0,20260130
0099X0,2150,2205,2150,2180,85341,186627115,1.4,13036400000,3055315.0,4360000.0,20260130
095340,138100,157100,134800,150700,390575,58810912450,8.65,3194396640600,-2655310700.0,15002717750.0,20260130
950170,5350,5370,5140,5260,190808,995634985,-0.38,272185790480,-30434900.0,-229330840.0,20260130
067290,2100,2130,1992,2005,1558067,3191187654,-3.61,112354391515,-400650657.0,-53729356.0,20260130
035900,74400,76700,73500,73800,1119905,84265115800,0.54,2622297909600,13894587550.0,19440483500.0,20260130
318000,4735,4735,4590,4630,45357,210278875,-1.8,40467232490,-30796320.0,,20260130
024840,1797,1826,1748,1763,840671,1499582564,-0.06,61544917837,-61004081.0,,20260130
024120,3670,3670,3600,3605,40263,145589700,-1.77,41457500000,-13642575.0,-2395985.0,20260130
464680,2075,2080,2065,2075,98123,203403169,0.0,26777875000,4152.0,-15149775.0,20260130
478390,2070,2080,2050,2065,79163,163035160,-0.48,12844300000,1149810.0,-109186985.0,20260130
486630,2075,2085,2065,2075,22095,45754025,-0.24,11018250000,-31165.0,-32786360.0,20260130
492220,2020,2030,2020,2030,10852,21922980,-0.25,12606300000,-94940.0,-20193910.0,20260130
0037T0,2005,2020,1997,2015,48253,96954811,0.25,12754950000,664969.0,-12324996.0,20260130
0072Z0,1988,1996,1988,1996,46510,92673996,0.15,15738460000,95416.0,766480.0,20260130
021320,5580,5630,5370,5420,38834,213011715,-2.69,115988000000,-51055415.0,0.0,20260130
044180,385,387,362,362,1463467,544726758,-6.7,9671843238,-21530002.0,,20260130
046440,5410,5480,5340,5400,353906,1912285450,-0.92,205258330800,120546080.0,107197330.0,20260130
151860,6300,6700,6130,6610,577334,3694341010,4.42,314655843220,-140718585.0,85561460.0,20260130
035600,11520,11710,11380,11570,242795,2810314610,0.35,318804801380,841270480.0,220277815.0,20260130
060720,18200,19960,17520,19120,5639994,105975136085,15.11,452712691040,3861466140.0,5696997330.0,20260130
058400,702,703,698,702,257164,180117092,0.0,92965663440,,-1025076.0,20260130
101000,1042,1199,1027,1190,4299695,4892716069,14.09,39801694380,503611163.0,,20260130
089600,12340,12630,12310,12580,46561,582121985,1.94,145527490540,106409130.0,-874590.0,20260130
418470,14000,14240,13830,13910,33148,464631215,-0.36,119150124990,-83105460.0,42421440.0,20260130
043610,1925,1950,1906,1924,109219,209989277,-0.47,111814102712,-21335888.0,9632430.0,20260130
122450,3480,3510,3440,3460,76343,265286770,-0.57,155076625640,-11022415.0,-11987200.0,20260130
052900,994,1041,985,1002,1189151,1202926025,0.91,65505204912,-84560778.0,-22730426.0,20260130
036560,13950,14150,13740,14030,31485,438109390,0.86,220972500000,54832835.0,91011090.0,20260130
061970,4300,4725,4200,4695,1554736,7102886589,9.19,272699713170,-160466241.0,12975.0,20260130
309960,6300,6330,6060,6210,152349,946426315,-1.58,144179054190,138282595.0,,20260130
225190,1568,1570,1483,1483,2742734,4128034314,-4.94,104504696520,-1055283224.0,,20260130
060370,32700,33200,31850,32300,401158,13066793875,1.1,1687314984200,1152467150.0,4335188800.0,20260130
417200,17330,17670,16660,17330,3533555,61059641870,4.4,1172420580470,4849407570.0,7505400145.0,20260130
078020,5850,5860,5640,5700,430168,2469590175,-1.72,316242783000,78221555.0,-42619905.0,20260130
322180,9440,10130,9230,9580,1164433,11316350025,1.91,200432606720,2393215555.0,-10780130.0,20260130
476080,8650,8690,8350,8380,76709,648427230,-3.12,67350060000,-19335190.0,-2605870.0,20260130
086960,1562,1587,1470,1470,5907762,8963240194,-5.47,149438053800,-636372627.0,6042.0,20260130
160550,2345,2345,2275,2320,93258,214829073,-1.07,64742165920,-40407463.0,9623460.0,20260130
053290,1879,1885,1847,1860,32360,60151696,-1.33,30738931020,-7605362.0,-15.0,20260130
060250,22900,23850,22250,22800,1518986,34904826125,-3.59,915661930800,-813491075.0,2960364000.0,20260130
104200,6200,6540,5970,6040,254732,1595384385,-0.82,89558402000,-260477160.0,180.0,20260130
063570,4280,4280,4170,4195,47560,200133722,-1.87,143249718960,-35573659.0,2959683.0,20260130
222160,0,0,0,8040,0,0,0.0,79551289560,,,20260130
024940,4760,4780,4500,4660,183110,846291350,-2.0,46600000000,-233339970.0,,20260130
332570,7260,8250,7260,7490,5492754,42548627705,1.77,327985047740,-2139415960.0,4900050.0,20260130
218410,49950,50000,47450,47850,542030,26342697725,-3.04,1268189699700,-1425695500.0,3892634450.0,20260130
327260,33450,34900,31700,32700,240911,7942940650,-2.1,275766653700,979200675.0,-373130325.0,20260130
474610,7160,8470,6990,7890,1373601,10555386930,9.58,108504013770,573748000.0,1981840.0,20260130
091340,2325,2335,2290,2300,47513,109494315,-1.08,26918558300,568125.0,-1966365.0,20260130
419530,38950,39250,37100,37150,161385,6129909100,-4.25,364980732250,558512850.0,-1718735650.0,20260130
019550,765,776,750,763,739531,563515295,-0.26,123656796725,-8308924.0,-729157.0,20260130
246960,2305,2315,2150,2205,111494,248678265,-4.34,75007588635,-20708020.0,50248315.0,20260130
099220,1114,1126,1080,1101,281900,309971241,-1.87,71503729350,-60126473.0,,20260130
036540,6840,8130,6810,7840,27125815,208494579645,14.29,1289368775520,16704274205.0,6722279755.0,20260130
255220,2865,2880,2555,2680,5603047,14905324006,-6.13,278553545200,-4068482129.0,86887995.0,20260130
040610,1803,1824,1783,1822,144550,260564734,1.17,62106871112,40161118.0,-4480207.0,20260130
184230,615,615,592,609,352191,211301863,0.66,54065188737,7688913.0,,20260130
016250,14890,15070,14730,14950,9638,143315800,0.4,75302940700,-15556940.0,-19198860.0,20260130
357880,1702,1710,1642,1661,679372,1132048322,-2.81,77899268898,-241213890.0,,20260130
048550,1328,1333,1298,1298,284674,373682956,-2.26,125535576760,-9419619.0,-53861031.0,20260130
063440,1713,1713,1675,1684,255598,430854838,-1.12,77513095336,-44010667.0,1983654.0,20260130
067160,76200,77000,73700,73900,186345,14152408850,-1.99,849463281300,-1156163000.0,4008822050.0,20260130
289080,2545,2720,2495,2640,1841082,4832872513,4.14,143315858400,247993322.0,,20260130
013720,957,957,899,907,768166,704234649,-5.22,55171125701,-16968272.0,,20260130
089230,1245,1245,1200,1222,151433,185011501,-1.85,37286828566,-9916388.0,,20260130
032540,5540,5650,5440,5600,10847,60074370,1.08,78017010400,2169060.0,20.0,20260130
048770,3750,3830,3620,3650,497336,1845203207,-2.67,57297667150,-92367575.0,-411655.0,20260130
246690,1438,1472,1400,1441,567731,813882572,0.21,64371797215,66165164.0,,20260130
317240,481,488,458,466,2520810,1173682298,-3.12,65793944452,-96773351.0,,20260130
057030,2930,2930,2890,2910,32736,94879965,-0.51,47469948270,-17747110.0,,20260130
040300,3555,3570,3480,3535,165848,583906958,-0.7,168538124300,-29484736.0,,20260130
051390,3740,3875,3735,3820,11973,45238155,2.14,43377505760,4844475.0,,20260130
052220,3385,3450,3330,3410,272816,925112195,0.44,78430000000,-2818571.0,,20260130
079940,35950,36750,33500,33500,41217,1412529375,-7.2,449592914000,-584724525.0,-7563500.0,20260130
078890,6740,6810,6300,6470,509842,3297472755,-3.86,116763261840,-180502540.0,7467830.0,20260130
399720,72300,77700,72200,72600,434671,32548088550,-1.49,842190492000,1354998600.0,3676690150.0,20260130
036620,6590,7150,6500,6930,2072155,14441516375,5.16,627191133030,4578584735.0,2920835550.0,20260130
198440,1046,1047,1033,1040,101715,105581919,-0.67,63369171840,-7243766.0,,20260130
217730,2180,2195,2110,2195,535907,1155469270,0.46,206448857055,-98490680.0,,20260130
114190,18100,18360,17010,17420,637314,11163882075,-2.95,455063321960,-163391995.0,-35050120.0,20260130
094480,11500,11630,10660,11080,1262421,14043842525,2.59,434666605040,-1595314335.0,-10171490.0,20260130
039240,2730,2730,2685,2685,128740,347613553,-1.1,72440236740,-177802235.0,402505.0,20260130
053950,635,645,612,618,641828,398343593,-2.83,48295067244,-102305792.0,,20260130
011040,5730,5750,5660,5700,31352,178775425,-0.52,175381966200,10825500.0,-2669110.0,20260130
024910,2335,2370,2185,2185,1500939,3359301882,-8.39,78264525925,-212559308.0,0.0,20260130
049720,10000,10020,9940,9990,41928,418397660,-0.1,142857000000,-115887880.0,56898805.0,20260130
014570,4090,4170,4030,4065,153681,623287575,-1.57,44715000000,82550685.0,,20260130
348150,6070,6560,6010,6220,489188,3088234125,2.47,120785489580,106847735.0,-119320.0,20260130
950190,8650,8650,8370,8550,18096,153061820,-0.58,111295854450,24334790.0,-4483930.0,20260130
098460,32750,35450,32700,33650,6626639,228369930675,2.59,2310232505750,18428568525.0,19151911725.0,20260130
035290,643,657,618,643,236081,149302484,0.31,15327988320,-2203608.0,,20260130
215000,61400,61900,60300,60700,65211,3995156800,-0.16,380917690500,1215586650.0,1252937500.0,20260130
121440,4670,4715,4625,4705,74301,347310706,0.64,201547228690,76008171.0,-4005920.0,20260130
366030,6270,6480,5600,5740,1063184,6259324740,-8.45,130033099000,-842894640.0,,20260130
029480,2380,2380,2255,2295,379393,874790327,-3.57,142014287880,22952403.0,,20260130
026910,2655,2675,2635,2640,5670,15053166,-0.56,16910269200,-3754605.0,,20260130
456490,2120,2120,2115,2120,382858,811466360,0.24,8904000000,-1185080.0,-4269680.0,20260130
465320,0,0,0,2335,0,0,0.0,8896350000,,,20260130
482520,0,0,0,2095,0,0,0.0,12779500000,,,20260130
489210,2120,2125,2115,2125,5891,12514960,0.0,11007500000,0.0,-5414500.0,20260130
0041B0,2080,2090,2065,2090,14610,30334885,0.72,10533600000,0.0,0.0,20260130
0098T0,2025,2050,2025,2040,111208,226643525,0.49,11016000000,-2217705.0,26040871.0,20260130
053270,2530,2535,2460,2475,299134,747122510,-2.17,67840752375,28133355.0,17521920.0,20260130
066620,22000,22150,21250,21650,11956,258530850,-1.59,162375000000,-58390000.0,5526700.0,20260130
043650,3990,3990,3915,3975,31381,124062705,-0.13,70986758400,604505.0,-6746085.0,20260130
006050,1301,1320,1285,1318,184850,240306128,1.31,45991930274,-20480405.0,,20260130
060480,1620,1623,1611,1619,49884,80767196,1.38,17954710000,-6135474.0,,20260130
078130,372,377,356,360,969465,351936494,-2.96,405866113560,-21988951.0,1438.0,20260130
307750,3240,3265,3160,3185,128804,411895678,-2.45,159811770300,-29824095.0,10.0,20260130
035080,11530,11860,11470,11530,26456,306450040,-0.43,157691174940,18178820.0,-28702170.0,20260130
318060,49250,57900,46100,55200,610570,32284052350,12.08,613701290400,-1389839450.0,915706400.0,20260130
453450,16560,16720,15970,16150,48621,787277125,-0.86,128275412500,-66128235.0,-1112770.0,20260130
204020,2100,2115,2060,2080,93456,193866704,-0.72,40457730560,9605901.0,-1245000.0,20260130
0015G0,34350,36750,33150,35050,1158341,40629297850,3.09,410174062050,-473731775.0,-291753750.0,20260130
402490,9000,9040,8630,8710,297254,2618171140,-2.13,144285400480,-382888830.0,,20260130
114450,3040,3040,2935,2985,269277,799611009,-1.81,59700000000,-256166364.0,15.0,20260130
186230,5480,5500,5320,5330,52312,280610370,-2.74,58204602040,-57275695.0,3559190.0,20260130
900070,444,452,430,430,207194,90843384,-3.15,23109906240,10371963.0,-3889984.0,20260130
204620,4505,4740,4505,4675,3256477,15181921912,2.63,328574567750,-1255776384.0,2048671863.0,20260130
019660,2500,2550,2485,2505,20593,51635870,0.2,34930554165,-5709880.0,,20260130
053260,3995,3995,3875,3895,28653,112592920,-1.64,72914400000,-9181165.0,37177865.0,20260130
282720,11030,11070,10550,10810,97765,1064283220,-1.99,131011795000,-447679945.0,370207855.0,20260130
036190,33700,33700,30750,33200,12504,409175150,-1.19,199200000000,8062000.0,59295725.0,20260130
049080,563,580,543,543,364393,201428483,-3.55,46091657421,-52843343.0,,20260130
420770,54800,57300,53500,53900,182541,10050010450,-2.88,683223356200,-952879550.0,501911600.0,20260130
035460,1993,2000,1915,1976,73641,145056789,-0.9,28804823840,-6675522.0,,20260130
407400,4990,4995,4800,4800,229293,1114516008,-3.81,70245763200,-416410630.0,,20260130
187790,3490,3880,3330,3775,1004231,3596930356,7.86,116424133250,19321199.0,325619047.0,20260130
121600,72700,72800,69000,69100,257452,18225203950,-4.69,843793298100,2110638650.0,3601693500.0,20260130
286750,1744,1745,1655,1680,81738,137501826,-1.18,53808479760,-22566455.0,,20260130
247660,5030,5210,5030,5080,14127,72397245,1.2,22067113600,2658795.0,,20260130
039860,5250,5290,4945,5110,1016769,5140712267,-2.29,194655500830,623434123.0,4935.0,20260130
091970,584,636,584,588,556932,339102619,2.98,22152254964,111863.0,,20260130
417010,11070,11380,10650,11050,1339436,14779490630,-0.18,222908644400,-191073120.0,,20260130
405920,2420,2430,2305,2370,30082,71059895,-2.07,30521040120,2724900.0,,20260130
478340,61100,64100,58400,60300,3068163,187029717800,3.08,695475537300,660994700.0,-570017900.0,20260130
051490,4150,4270,4085,4085,86210,356203690,-2.27,58007000000,-139352985.0,-10.0,20260130
137080,4830,5270,4830,5230,218578,1118011930,8.28,57840777060,83247485.0,-5080.0,20260130
190510,25750,25950,24500,24950,390526,9809976325,-1.58,350430659150,-91501400.0,-38943850.0,20260130
242040,2355,2450,2305,2335,1997099,4740760657,-0.43,80805626440,125835572.0,,20260130
293580,1791,1988,1713,1865,12463728,23325907890,4.95,177044356750,760397901.0,-10301190.0,20260130
459510,32100,32200,30500,30950,439405,13770663525,1.81,400969072900,-1971406175.0,416029925.0,20260130
138610,38550,38550,35200,35700,317629,11561733625,0.56,405729429000,-2967899150.0,-50652575.0,20260130
130580,5860,5860,5690,5790,12827,73733030,-0.86,89166000000,-3045280.0,-632850.0,20260130
036800,24250,24350,23550,24350,13440,322649600,1.67,243500000000,93646700.0,-104378950.0,20260130
267320,3535,3595,3400,3430,2225327,7742401515,-2.83,196934461850,-115142088.0,-1001560.0,20260130
111710,4230,4230,4155,4180,1268,5299150,-1.18,86057840000,-850020.0,,20260130
091590,3690,3695,3655,3680,12492,45842660,-0.41,43203200000,-1789285.0,0.0,20260130
168330,2865,2875,2680,2725,213115,580719633,-5.71,86532102500,-47029370.0,384970.0,20260130
094860,1314,1338,1221,1299,537378,683404789,-2.77,32617908186,-113842914.0,,20260130
253590,15880,16270,15370,15650,2392579,38007073920,-0.19,686552416600,-1314595260.0,2136714290.0,20260130
212560,11380,11420,10920,11100,202352,2249023045,-2.46,131115875100,-19177670.0,4584290.0,20260130
095660,31500,31550,30350,30500,173350,5389075075,-1.45,666632888000,-917716800.0,2341411550.0,20260130
042420,27400,29750,27300,29400,52399,1500826400,7.1,245968720200,98798950.0,125419375.0,20260130
950220,750,751,720,726,1847496,1352379744,-3.84,121705482030,-106152362.0,0.0,20260130
311390,4980,5030,4840,5010,139550,685554403,1.01,63395482890,-157202745.0,-60.0,20260130
085910,12200,13840,11980,13430,519942,6794995080,10.17,187144605740,542754060.0,537884770.0,20260130
092730,18900,19160,18620,18700,99490,1874743385,-0.32,299723394300,833713640.0,-694976765.0,20260130
290660,1121,1200,926,950,35854652,37268621789,-15.25,71965588450,73300208.0,-1460650.0,20260130
153460,7200,7350,7010,7340,5345,38145690,3.67,47930302760,-4077590.0,,20260130
007390,25650,26800,25000,25250,1121290,29059822300,-0.59,1626985164000,1575045000.0,8240591225.0,20260130
033640,19100,20200,18900,19150,430716,8402383295,-1.74,441583718300,167178145.0,10919950.0,20260130
330860,19060,19560,18400,18540,178056,3372254480,-2.78,225892194300,587601495.0,-729703170.0,20260130
351320,1226,1257,1171,1190,123694,147687237,-2.94,34300264880,-17947576.0,,20260130
089140,2580,2680,2505,2535,108310,279545210,-1.74,37812653190,-5779580.0,,20260130
389650,77500,78700,73400,75700,160346,12183318300,0.0,621034170200,-446203450.0,-2064338200.0,20260130
137940,297,299,289,293,351501,102779460,-1.01,25013114656,-413502.0,,20260130
396270,3655,3735,3370,3410,1040244,3653949245,-6.19,112081690710,-694800769.0,-19756550.0,20260130
348210,96000,100400,92400,98500,185152,18133044600,5.46,1031984992500,786179600.0,8688466150.0,20260130
225570,13560,13690,13230,13240,366246,4935761700,-1.85,871988703760,113415635.0,1868471745.0,20260130
205500,2320,2325,2220,2220,271729,616462346,-4.72,135891279360,60345340.0,-6967560.0,20260130
217270,5470,5470,5270,5380,223740,1197857595,-1.65,251437759340,-238110670.0,-6566915.0,20260130
104620,5160,5190,5060,5090,216131,1108895850,-1.17,85565709680,80044495.0,,20260130
473980,24900,25250,24550,24550,117253,2911119150,-1.41,271457255100,410666850.0,-902154325.0,20260130
194700,14350,14350,14000,14060,76400,1078052470,-0.99,263693162880,-199540885.0,8242490.0,20260130
285490,28800,31900,27950,30100,517849,15545395875,4.88,318332513100,-305504625.0,11152400.0,20260130
145170,3925,3925,3825,3895,70726,273580646,-0.76,65858237475,-91495659.0,,20260130
106520,0,0,0,411,0,0,0.0,15904036272,,,20260130
376930,1928,1929,1863,1866,971824,1826320115,-3.27,95709608718,-608872319.0,-128427.0,20260130
486990,44150,44300,42800,43150,343495,14945931900,-3.25,920131894500,-38506675.0,-1062216400.0,20260130
142280,3950,3950,3840,3860,85418,330626829,-2.28,83923834360,-30242937.0,,20260130
234690,9600,9640,9380,9470,106646,1017229185,-1.35,168114053720,-1720445.0,-140.0,20260130
054050,8420,8490,8230,8240,55757,462581420,-2.14,132091822640,14123930.0,18168030.0,20260130
069140,2710,2800,2635,2645,128607,344478582,-3.11,38094781780,-44056181.0,-46343145.0,20260130
040160,4095,4290,3850,3870,162093,666785787,-0.77,46654920450,-35544080.0,,20260130
332290,1114,1125,1093,1105,180844,199973193,-0.81,44094366420,-22403492.0,,20260130
348340,94100,96800,90300,91800,859524,79718623000,-3.37,1100602776600,4772311800.0,5047517450.0,20260130
380550,27600,28250,26800,28250,549054,15407640775,29.89,328734034750,2736895050.0,424336800.0,20260130
060260,1099,1099,1050,1077,96328,103875303,-2.0,14552433693,-13607889.0,,20260130
463020,16280,16590,15810,16160,95563,1542849025,-1.7,143487872000,193741230.0,22225380.0,20260130
123840,939,944,911,920,137283,126925609,-2.02,58561962440,-2268939.0,,20260130
012340,478,485,471,476,301578,144474404,-1.45,25480059612,-1049810.0,-9987254.0,20260130
462310,4890,4890,4705,4755,52132,248398275,-2.96,38920250355,-72934192.0,-23544235.0,20260130
270870,4870,4945,4810,4865,41454,201389500,-1.02,44759089760,-39745485.0,,20260130
144960,6000,6430,6000,6140,789963,4918184480,1.49,268272711360,145841880.0,74324050.0,20260130
085670,6930,7150,6620,6700,748610,5167087660,-1.47,163820098700,-387945870.0,-2036800.0,20260130
064260,9250,9580,9070,9230,10220557,95269679360,-0.86,693906591170,-1997787785.0,224281830.0,20260130
340360,1458,1790,1338,1410,4806867,7511448169,-1.61,71928201690,-62726176.0,-575737.0,20260130
039560,3640,3640,3520,3590,309976,1110020009,-1.37,142214191790,-74077406.0,7456235.0,20260130
208860,1502,1502,1470,1475,99981,148153321,-1.8,50076210175,-3676844.0,,20260130
154040,1187,1189,1159,1160,46915,54712010,-2.27,20822109040,134245.0,,20260130
032190,28350,29200,27400,28000,329228,9313287800,-1.06,1072400000000,-1556085525.0,2790408150.0,20260130
323350,8500,9340,7980,9330,398810,3513588875,8.61,74740502760,-77065615.0,,20260130
068240,3375,3470,3145,3305,1459318,4778484120,-1.93,126130159285,-583441953.0,-131521288.0,20260130
464580,2740,2740,2645,2660,277844,744753310,-2.92,48960196740,46215885.0,,20260130
020400,5550,5560,5530,5550,1743,9669770,0.0,17699871300,-730940.0,,20260130
008830,17930,17930,17220,17390,222477,3889107095,-3.07,156292972800,-1463757795.0,50.0,20260130
048470,3300,3300,3165,3225,117983,379891740,-1.23,32250000000,7967125.0,-10.0,20260130
004780,3570,3580,3520,3540,27106,96185870,-0.84,56297324460,250605.0,3337610.0,20260130
017650,8480,8540,8400,8470,16005,135625940,0.24,74408950000,3446180.0,76360.0,20260130
389260,17810,18520,17150,17580,80056,1418000485,0.11,314968993500,-415673185.0,12853895.0,20260130
317850,8350,8350,7900,8080,182127,1464137540,-2.53,67261313600,-108291030.0,20.0,20260130
290670,14390,14400,13700,13710,50232,698313880,-4.73,107728518600,-167523450.0,27840.0,20260130
078140,12170,12210,11900,12080,21687,262133645,0.25,133925874320,-23655090.0,,20260130
065150,0,0,0,145,0,0,0.0,23110448725,,,20260130
036480,7080,7150,7020,7030,18648,132552360,-0.71,26714000000,-5655740.0,,20260130
027830,1668,1733,1622,1672,529873,888619545,0.3,90288000000,45934548.0,,20260130
104040,744,761,744,751,324331,244481919,0.0,100684937326,-9114364.0,0.0,20260130
129920,4970,5150,4925,4970,431334,2175994712,-0.1,68163813410,-77520763.0,-34834880.0,20260130
457630,2090,2100,2090,2100,28966,60706665,0.48,15351000000,77690.0,0.0,20260130
471050,2160,2160,2140,2155,13560,29213675,-0.23,13059300000,-51615.0,21550000.0,20260130
482690,2190,2190,2155,2165,19419,41908740,0.0,12156475000,-25745.0,-21580395.0,20260130
020180,1029,1038,1018,1018,370572,379896635,-0.1,39120635470,10214876.0,,20260130
045390,4285,4310,4145,4230,872813,3691242305,-1.4,298102384710,121040965.0,0.0,20260130
108380,29550,29800,28650,29300,87762,2567106350,0.86,280322856900,614889175.0,-189919950.0,20260130
007680,4075,4075,3990,3995,11493,46139500,-1.11,53718663630,-1667325.0,-3212500.0,20260130
048910,7550,7660,7490,7520,60831,459167930,-0.4,94593673920,-38731840.0,-585770.0,20260130
005710,13000,13080,12660,12970,31046,400269780,0.0,259887672000,43045640.0,-106989840.0,20260130
120240,13000,13040,12770,12910,13370,172290450,-0.31,92827947810,-12368000.0,5086450.0,20260130
003310,4480,4800,4380,4600,7583410,34851960163,4.31,162804810000,70449103.0,,20260130
078600,79200,80700,75700,75800,359512,28023354850,-4.65,1173428949400,742067700.0,5225631350.0,20260130
393970,4150,4170,3935,3965,569409,2286388488,-5.03,70738851300,-1122179424.0,,20260130
096350,2240,2240,2150,2175,502156,1091308896,-3.12,80159107350,-315629340.0,,20260130
140520,2065,2100,2060,2075,19354,40177780,-0.24,43801679225,-1885840.0,773860.0,20260130
131220,4765,4785,4670,4745,33896,159509935,-0.42,35371555050,-19205420.0,9465.0,20260130
010170,3910,3962,3440,3460,21924165,80686077854,-9.9,456670383600,-7656167716.0,-1624389648.0,20260130
054670,6630,6670,6520,6590,51400,339585270,-0.6,94598922800,-40810145.0,30.0,20260130
023910,29000,29450,28900,29050,20522,596794000,0.17,174300000000,-12203925.0,159628650.0,20260130
021040,1239,1239,1206,1224,23961,29106431,0.41,26566643376,-10087834.0,0.0,20260130
021045,2800,2820,2780,2820,1544,4312235,0.36,2392747440,,,20260130
067080,16630,16920,16390,16510,161348,2682629270,-0.66,307360891500,-97125565.0,-50714670.0,20260130
298540,8040,8220,7830,8020,68663,548600960,-0.25,116180815720,-52313895.0,-13044870.0,20260130
032860,1936,1969,1820,1888,398411,753330260,1.56,76267389344,-145681804.0,-283457.0,20260130
393890,10320,10600,9520,9620,1172840,11647868840,-6.78,325571045280,-1051276025.0,77564275.0,20260130
299170,3830,3925,3635,3650,1940738,7233247006,-4.7,151516201200,-390273165.0,-66917878.0,20260130
462860,5220,5500,5120,5410,6285773,33529970360,2.08,388674476510,-1101966175.0,,20260130
224060,3865,4250,3855,3910,54803,215914148,0.39,20178423020,-74240116.0,,20260130
043090,0,0,0,380,0,0,0.0,4718944500,,,20260130
403850,23700,24100,23450,23450,92574,2190760350,-1.88,336531184500,-124648700.0,-179801300.0,20260130
213420,39800,40250,38550,39050,275136,10850319350,-1.01,969657539950,-227525125.0,1530787025.0,20260130
317330,19900,20900,19650,19670,551848,11142118420,-1.5,402774407280,165189470.0,24333030.0,20260130
077360,8360,9770,8300,8890,6097988,55999216325,5.46,403934947780,124982830.0,-42434205.0,20260130
090410,1229,1240,1207,1222,136337,165564355,-0.57,56314764090,-25212922.0,,20260130
0001A0,21050,39500,20250,34850,63019833,1985131132275,248.5,863973145750,-10607503575.0,-27089969250.0,20260130
263600,5200,5200,5020,5030,91319,465506795,-1.76,80129459300,-91676430.0,77900.0,20260130
194480,41900,41950,37950,38450,229676,8982394650,-7.35,466365817500,-1323939150.0,-789017925.0,20260130
373160,4520,4520,4395,4395,15524,68788110,-1.68,60673937505,-19384855.0,0.0,20260130
263800,5390,5390,5190,5200,150285,794255540,-2.8,84356376000,-97042220.0,,20260130
206560,4100,4135,3960,3960,124843,500163780,-3.41,100630474560,-141467230.0,-98463005.0,20260130
261200,4200,4250,4080,4085,46156,191513330,-3.66,64582624500,-65866320.0,,20260130
484120,25050,25050,24050,24150,29424,718028400,-3.59,264621741300,-82248900.0,-22783600.0,20260130
067990,4475,4515,4360,4400,140387,619325797,-2.55,128398820000,-17754742.0,3895220.0,20260130
006620,5420,5470,5260,5310,151407,812907325,-1.85,151149107520,18465790.0,5192540.0,20260130
100130,1936,1960,1882,1918,241122,462016132,-0.16,109600274000,-68671312.0,-43680461.0,20260130
005160,2950,2960,2845,2855,172552,497830707,-3.55,154867996110,-144129995.0,-16645.0,20260130
303810,3630,3630,3515,3535,165444,588280495,-2.75,113063934900,-196077295.0,-54940105.0,20260130
075970,2250,2250,2205,2225,82564,183379185,-1.11,40940000000,-36626770.0,-1231540.0,20260130
086450,18800,19200,18700,18790,551280,10480012095,0.05,849879591800,2068562895.0,2062616800.0,20260130
240550,7820,7840,7500,7600,186610,1426757740,-2.81,158157976000,-149704550.0,20117315.0,20260130
099410,5360,6060,5320,5920,1497694,8699503510,10.65,82880000000,1482962795.0,,20260130
033500,29300,29450,28250,28350,274102,7895712925,-1.73,850202154900,-402208875.0,2947121850.0,20260130
025950,18580,18640,17700,18020,135048,2425248915,-3.01,151368000000,-268145960.0,-860.0,20260130
088130,4000,5180,3890,5180,4138267,20786996653,29.82,90573926520,-620973620.0,67466510.0,20260130
041930,6810,6860,6580,6660,91351,611914995,-2.49,105228000000,-150117820.0,-12750.0,20260130
060380,1450,1480,1435,1477,78828,115395721,1.86,29096900000,-3469276.0,,20260130
079960,31150,31950,30500,31400,67011,2084710675,0.32,246804000000,-200686300.0,17085100.0,20260130
228340,1745,1815,1716,1760,48054,84729075,-0.11,35200000000,-907669.0,,20260130
088910,2110,2110,2065,2065,54243,113021085,-2.13,53342592660,-10060225.0,33996880.0,20260130
094170,29600,31250,28950,30300,315353,9506028575,2.36,633571060800,744976425.0,7927925.0,20260130
013120,2995,2995,2900,2960,158291,466414284,-0.5,268791976000,-16430225.0,114591865.0,20260130
109860,7600,7690,7580,7630,3963,30214545,0.39,69433000000,-68210.0,-10867740.0,20260130
032960,15020,15020,14510,14510,3125,45841630,-2.88,51054813450,-9483990.0,-2680330.0,20260130
023790,1280,1301,1246,1264,310197,393622533,-1.79,33040475888,-18720974.0,,20260130
005290,51000,59700,50800,56000,2995581,170064476450,8.95,2879211664000,24920123450.0,20455713800.0,20260130
025900,10980,10990,10340,10740,326753,3489896635,-1.29,542985240900,102023200.0,916476280.0,20260130
131970,68300,72800,67500,67800,653326,45438512250,-0.88,1310386736400,3425079350.0,5940092250.0,20260130
073190,1546,1663,1522,1553,59854,95342522,0.52,18586366120,10931532.0,,20260130
176750,9500,10240,9440,10070,331031,3296244380,6.56,286544065400,568412370.0,196478245.0,20260130
030350,0,0,0,973,0,0,0.0,15171092867,,,20260130
203650,1754,1784,1690,1710,1078078,1864044323,-1.78,163532163240,51020422.0,,20260130
223250,6270,6270,5910,5990,387247,2334996550,-5.07,142557950760,-258370990.0,-1174510.0,20260130
060570,1440,1440,1388,1389,162922,228771577,-3.74,102927084897,-26773156.0,7322539.0,20260130
362990,1770,1780,1744,1761,36837,64688820,-0.51,29585810814,-202048.0,,20260130
016670,4000,4020,3990,4015,9554,38274255,0.0,30490849510,-2920235.0,,20260130
187870,15500,15640,15030,15490,36939,566928085,-0.26,108997073410,29818645.0,31381840.0,20260130
489730,2040,2045,2030,2045,45548,92677037,-0.24,12948940000,2207285.0,-70504437.0,20260130
0004Y0,2040,2040,2025,2035,4633,9407770,0.25,10816025000,-65.0,,20260130
110990,21150,23550,21050,21900,703546,15832852800,9.5,413910000000,473003575.0,332530525.0,20260130
263690,5450,5530,5410,5490,29668,162615385,0.0,62177598900,-30659625.0,-6101000.0,20260130
214680,2100,2105,2005,2015,460231,941689614,-4.05,168206267840,9382940.0,-220340.0,20260130
347850,98300,100500,94500,94500,1090595,105869390900,-5.5,4114098135000,-360406400.0,21265878550.0,20260130
263720,12350,12380,12110,12190,57526,704502785,-1.3,151309484290,17590375.0,-127639320.0,20260130
376300,39000,39300,37450,37650,157218,6064752550,-1.57,893750985900,-1009303850.0,2439965900.0,20260130
109740,7900,8320,7840,8000,152104,1227175710,1.27,205683120000,151346085.0,,20260130
031860,580,583,554,571,112125,63570004,-2.06,10840676533,-326754.0,,20260130
196490,0,0,0,203,0,0,0.0,36245520080,,,20260130
066900,1931,2005,1906,1914,22884,44700656,-0.88,43532978742,10727451.0,-365234.0,20260130
092070,19180,20800,18750,19530,304283,6047858905,1.72,225998386740,167871415.0,33286530.0,20260130
039840,15950,15980,15810,15860,19386,307954070,-0.69,227988879820,-583710.0,246800.0,20260130
219550,1840,1894,1679,1681,452205,797525285,-5.3,52577761589,1853100.0,,20260130
310870,1264,1329,1240,1247,328508,416953484,-1.66,25797026937,19966958.0,,20260130
104460,14760,14890,14210,14510,70425,1016345055,-1.69,152617645510,187630205.0,-6904550.0,20260130
079810,5720,5790,5540,5620,173458,978548465,-1.92,120987888280,28154895.0,-29768590.0,20260130
113810,787,793,780,785,199721,156823695,-0.25,25613020035,-17760990.0,,20260130
043360,2435,2470,2435,2445,23729,58118564,-0.41,22005000000,1197915.0,0.0,20260130
197140,2195,2220,2180,2210,11216,24714625,0.23,28759070340,-593980.0,,20260130
068930,7940,8130,7920,8100,83600,670049430,2.02,224170270200,131596340.0,80022580.0,20260130
033130,1800,1910,1760,1888,350049,645968618,4.89,70073624096,8142128.0,,20260130
105740,10220,10250,9960,10060,184923,1865110285,-1.95,102295240780,-168061750.0,-39940.0,20260130
263020,3020,3040,2975,3015,87475,263182540,-0.66,41715980190,-8493185.0,11932405.0,20260130
290550,10070,10190,9560,9880,800207,7941119435,-1.89,197612152400,-788319580.0,-484371910.0,20260130
066670,3000,3000,2930,2950,27579,81503815,-0.51,55141158100,-16780265.0,2975.0,20260130
187220,2405,2460,2370,2420,71675,172907855,0.62,28309210820,-28411560.0,0.0,20260130
383930,2490,2540,2395,2430,105140,258211740,-2.41,31065431040,-91705890.0,,20260130
131180,945,945,926,933,32484,30361875,-1.27,27383550000,-414122.0,,20260130
315640,3645,3645,3525,3545,521524,1863667220,-2.34,104124562440,-290455034.0,-2424780.0,20260130
317120,2230,2250,2130,2150,398513,864854732,-4.66,32809000000,33720763.0,,20260130
462510,6120,6160,5590,5660,257229,1487869725,-7.52,49824781900,-29334380.0,,20260130
232680,19020,21700,19020,19670,2940275,59535988260,4.29,255999837450,566901780.0,3323550.0,20260130
042510,9670,9730,9410,9410,113014,1078629865,-2.69,105440687340,-46451900.0,6761010.0,20260130
418420,5780,5940,5620,5640,291653,1676449595,-2.08,171903297120,-221054670.0,60179400.0,20260130
300120,2210,2635,2160,2365,1266084,3027506434,7.5,49333928380,-156066746.0,-78200495.0,20260130
171120,2100,2175,2095,2135,87911,187673205,1.67,76650257600,-805780.0,-3399405.0,20260130
388790,2590,2620,2495,2515,316747,804561278,-3.27,76982633455,-112729162.0,,20260130
214260,13190,13190,12500,12870,63402,808044190,-1.08,114832098810,-143931495.0,230.0,20260130
171010,4130,4150,3995,4040,127109,516415241,-0.86,57766958080,-106206025.0,3975.0,20260130
084650,1818,1821,1740,1759,653970,1163268972,-3.14,130588142410,86421091.0,-166587.0,20260130
217500,4100,4125,3830,3840,1070133,4205873373,-6.0,122158080000,-275541565.0,,20260130
038390,12580,12770,12490,12610,72845,921834145,0.24,210849565420,193665735.0,-9363300.0,20260130
294140,7770,7890,6770,6870,447305,3190377830,-9.01,153989799660,-317449020.0,,20260130
443250,10700,10930,10610,10920,15287,165475300,2.06,121583935200,2141680.0,-140.0,20260130
228670,5450,5540,5300,5350,123661,665630060,-2.9,83470967500,-38977330.0,2696010.0,20260130
228850,5110,5110,5020,5060,12848,64967880,-0.98,83950530840,2974675.0,-206160.0,20260130
412350,2225,2500,2210,2275,962662,2278501472,2.71,29636361300,-32290436.0,-164100.0,20260130
199550,6660,6660,6230,6260,85722,543910175,-3.84,76783851660,-12548200.0,1259000.0,20260130
281740,27500,28450,26300,26750,2478049,67581414225,3.08,1758292159000,3988069150.0,7743865225.0,20260130
277810,780000,785000,726000,728000,424541,321649289000,-4.21,14123096624000,-25667323500.0,13440746500.0,20260130
215100,11010,11130,10500,10540,1211884,13037413755,-2.77,214472705160,-736619340.0,32020.0,20260130
090360,92400,97200,88500,88900,586549,54046447750,-1.66,866775000000,-2502862400.0,1215942000.0,20260130
108490,340500,364000,332500,338500,1139113,396933441750,3.04,4931974788000,33207972000.0,30300910250.0,20260130
900260,1577,1589,1576,1589,89093,140811777,0.51,73141202834,60307728.0,,20260130
033290,2090,2100,2035,2085,105036,217493474,-0.24,117085887585,8340195.0,,20260130
067730,2610,2635,2560,2600,50022,130545070,-0.38,25152197200,312810.0,,20260130
071280,9460,9990,9370,9790,270693,2637325660,3.49,149753743370,-175508295.0,,20260130
376900,64400,64900,59500,60600,542436,33337973750,-7.48,949086233400,-4677033250.0,-2268874450.0,20260130
214610,3505,3560,3380,3445,22238,76753895,-2.41,28880544290,1070645.0,,20260130
328130,48600,49800,38950,40200,1413756,61069871075,-18.04,1176121189200,1591826500.0,6817084800.0,20260130
038060,694,696,679,684,162308,111152844,-1.58,32902499196,1347303.0,,20260130
474170,15350,16260,14830,15800,3676167,57341834300,4.22,281519596800,174026160.0,416389800.0,20260130
141080,200000,221500,196500,203000,812606,171544708100,-2.87,7431898614000,4514640650.0,55522341650.0,20260130
058470,92800,114300,92300,105900,3108007,330012759900,14.98,8070834915000,-51409503300.0,64757949800.0,20260130
016100,1787,1787,1722,1742,59392,103255116,-3.22,33273757348,-18835138.0,1006785.0,20260130
012700,3775,3775,3620,3640,131444,482976786,-2.54,96263931400,61852621.0,66180.0,20260130
302550,2910,2930,2845,2860,94997,273462365,-1.21,90077210080,17828820.0,,20260130
491000,82800,82800,76000,76000,1221982,96520132650,-7.32,1875808516000,-6208944900.0,440628150.0,20260130
073570,1016,1016,956,961,616997,601755239,-4.38,57839362001,-76747993.0,,20260130
377450,11810,12220,11660,12090,49292,587770115,2.37,209519700000,117831520.0,-59237105.0,20260130
277070,4800,4890,4690,4850,23349,111309290,1.04,66406200000,-2025110.0,,20260130
042500,3840,3870,3800,3850,129088,494810494,0.0,85820904400,-98828577.0,-28592630.0,20260130
193250,466,587,466,491,7611867,4033100426,6.05,31714874783,-229412071.0,,20260130
474650,65900,66600,60700,60700,279767,17742346800,-6.9,341378742400,-1080842850.0,-420539700.0,20260130
219420,6060,6150,5940,6050,280610,1700945880,0.67,69390517350,-445465085.0,,20260130
439090,14620,14670,14230,14390,63966,923996155,-1.84,235755111400,53027050.0,-46052470.0,20260130
195500,2755,2775,2730,2750,36174,99190038,-0.18,43939500000,-6519955.0,,20260130
377480,20150,20600,18600,19150,267740,5266894090,-4.96,136161766250,-404293050.0,-52905010.0,20260130
305090,9800,10100,9400,9700,234919,2277376550,0.0,180372033500,-380270550.0,2648905.0,20260130
098120,20750,21750,20200,20550,251764,5258865975,-0.96,170827341300,-772045150.0,800.0,20260130
424980,14180,15040,14050,14360,133764,1947003690,1.27,84995260400,-214255635.0,,20260130
038290,17480,20900,17480,19520,929837,18360973680,13.03,211624128000,1366474690.0,784504900.0,20260130
267980,35600,35850,35300,35300,13303,473264700,-0.7,270526421400,144538800.0,119862500.0,20260130
005990,10940,10950,10810,10950,1605,17417940,0.09,145616428800,281960.0,-880.0,20260130
093520,24700,24700,23550,23900,140435,3369163275,1.92,338497898800,-528369775.0,21386225.0,20260130
100590,3490,3730,3415,3505,1054140,3825260711,1.45,55484230615,-103279157.0,-576400.0,20260130
067280,29850,30100,29550,30000,22894,682974750,0.84,177803370000,-82913050.0,-11547450.0,20260130
072870,11040,11180,11020,11080,30164,333995780,0.45,132084225720,-53464845.0,9042740.0,20260130
215200,48400,48800,46100,46600,89202,4246851425,-2.0,483019065600,-89349375.0,942719150.0,20260130
133750,1881,1881,1847,1856,100374,186596009,0.16,43443534912,9508709.0,37291766.0,20260130
446540,4365,4420,4230,4280,403929,1744859395,-1.95,88899880000,309762669.0,,20260130
235980,7280,7450,6870,7190,631192,4493685560,-1.24,246438119990,113736905.0,-41939220.0,20260130
041920,17400,20500,17000,19740,1905375,36744246030,17.5,367128922020,844879330.0,1352801525.0,20260130
014100,1693,1737,1676,1685,17797,30007125,-1.0,19883000000,-2936298.0,,20260130
054180,0,0,0,2295,0,0,0.0,12686716395,,,20260130
086900,139700,140400,134300,134300,84613,11685977500,-3.1,980188147100,-835295700.0,4794802750.0,20260130
078160,24600,25550,23300,24000,554366,13641892900,-4.38,940910472000,2239690625.0,2224057800.0,20260130
0088D0,2050,2165,2050,2135,241169,507329425,3.89,12372325000,-497580.0,79444065.0,20260130
408920,3430,3487,3385,3435,48481,166878105,0.29,148503482925,8316070.0,9718700.0,20260130
021880,246,247,240,245,282116,68442819,-0.41,51985179960,-7150545.0,,20260130
140410,171000,179900,167700,172400,330580,58007693900,-0.17,5234738773600,-1162148550.0,24921408450.0,20260130
241770,23350,25850,23050,25450,89086,2219534650,10.17,259402688000,462688250.0,16219250.0,20260130
059210,4945,5210,4720,4890,1722529,8522174687,-1.11,137381131890,-2210704926.0,-781602947.0,20260130
058110,1860,1867,1830,1836,105148,193186373,-1.45,29468773080,-14183270.0,-6.0,20260130
072770,980,1006,900,903,1691058,1575389815,-8.79,72400032369,-181629682.0,-1019839.0,20260130
434480,4065,4090,3900,3965,71439,285313125,-2.46,48810339500,-22927576.0,,20260130
080420,1959,1990,1932,1940,23037,45059179,-1.72,154659946680,-4617219.0,,20260130
417970,24800,25050,23200,23400,290317,6923926175,-6.02,149682780000,545064775.0,-48676950.0,20260130
080160,11210,11410,11090,11300,143880,1619098825,0.8,213570000000,110399795.0,-54177240.0,20260130
087260,2255,2260,2065,2065,1431715,3061096228,-7.61,67221657965,-217472379.0,,20260130
101330,6620,7080,6390,6950,1931176,12898699085,2.51,160871851550,374576710.0,,20260130
012860,4320,4365,4100,4295,4075006,17069405381,-0.81,314537697815,124889384.0,,20260130
363260,1650,1743,1650,1680,392920,666755652,1.82,54035131920,-20683653.0,,20260130
348030,2885,2900,2760,2775,34796,98891901,-3.81,26650545000,7513755.0,-4871562.0,20260130
250060,5250,5370,4755,4760,3576428,17707105182,-9.16,153135454640,-1231124273.0,,20260130
288980,873,882,849,849,151269,129142022,-2.75,29338521138,-27013366.0,,20260130
142760,1683,1683,1579,1631,293922,473704734,-3.09,65074303448,-46123169.0,,20260130
033200,3785,3855,3700,3770,10042,38040245,-1.44,54028567450,-8910545.0,-3725.0,20260130
333050,1260,1297,1232,1284,153378,192609253,1.74,31603510584,9131822.0,,20260130
118990,9970,9980,9550,9680,432703,4219723765,-3.01,240664063200,-897452860.0,,20260130
463480,9270,9270,8840,8840,111961,1004750135,-4.12,109530764720,-8618070.0,,20260130
006920,3335,3335,3195,3300,108642,354723636,-1.49,36036000000,8527891.0,,20260130
001810,1421,1421,1407,1415,32334,45610953,-0.35,31324562500,-182205.0,-1183553.0,20260130
279600,7170,7600,7150,7300,12389,90935430,2.1,34198901300,-170000.0,,20260130
095500,12380,12550,11860,11930,497847,6024347960,-3.79,369949288070,-96543330.0,-41399770.0,20260130
254490,17360,19850,17150,18240,2234726,41796783760,5.01,263349120000,1320723295.0,-17670.0,20260130
218150,3045,3105,3025,3035,103500,317669627,-0.65,61961959070,-56459850.0,-1312755.0,20260130
100790,18500,18620,17500,17600,4073545,73383605575,-8.33,934993558400,-1291713010.0,-1627885770.0,20260130
0097F0,1980,1989,1979,1989,77262,153428386,0.1,12928500000,-173.0,58280871.0,20260130
0099W0,1982,1999,1981,1999,118730,236706941,0.65,13993000000,4242400.0,93352237.0,20260130
477380,2080,2110,2055,2100,138315,288326370,0.24,17010000000,-705005.0,-145796265.0,20260130
477470,2105,2130,2095,2130,46224,97917875,0.24,11672400000,-2110.0,-19953555.0,20260130
478440,2045,2060,2025,2040,83134,169737485,-0.73,14137200000,-201915.0,-70025315.0,20260130
482680,2010,2015,2000,2010,88522,177682256,0.0,16512150000,-199485.0,-125146045.0,20260130
0093G0,1980,1988,1980,1988,23103,45863956,0.1,12723200000,-551901.0,17883588.0,20260130
0096D0,1990,1996,1989,1993,32118,64000129,-0.3,10961500000,-136088.0,17938915.0,20260130
049950,18770,18780,18000,18060,130877,2398005545,-3.78,159250985040,406173005.0,39450.0,20260130
207760,1300,1313,1259,1259,476482,606866886,-3.38,104597446797,-203838009.0,-1372379.0,20260130
059090,16800,18200,16600,17730,1282788,22660624755,4.73,592479473940,5183690140.0,3008388670.0,20260130
201490,4250,4845,4205,4520,10112927,46664424803,3.67,147324021200,-2711442044.0,-17731330.0,20260130
475460,8260,8310,8090,8120,31239,255263620,-1.69,45577763000,-6416550.0,,20260130
452200,2660,2700,2545,2610,158055,411259036,-1.88,61928253000,-121668157.0,-5097335.0,20260130
206640,13310,13400,12960,13030,83222,1089581360,-1.96,306029876800,211039170.0,-261261500.0,20260130
018700,931,949,909,932,31928,29558180,0.11,32731613524,-2269500.0,,20260130
035620,332,340,330,339,147422,49377166,1.19,25235049825,-699522.0,-8741967.0,20260130
053030,16480,16800,16120,16300,536885,8832725740,-0.61,532752264400,454783085.0,3033485440.0,20260130
301300,3480,3535,3265,3300,101801,340443990,-5.17,43410549600,-53971545.0,,20260130
064550,14020,14020,13330,13540,215081,2929895825,-4.24,349471340140,-56131925.0,2448100.0,20260130
314930,13280,14160,13100,13750,313606,4278024525,4.25,409256416250,709294685.0,-3777280.0,20260130
489460,13070,13140,12780,12990,92225,1192789480,-0.84,195427145700,-217780640.0,95516910.0,20260130
086820,7970,7970,7650,7660,168136,1298668050,-3.89,186078650320,-175526470.0,,20260130
038460,4440,4510,4220,4370,2372551,10409819594,0.58,114338594060,-1418427613.0,,20260130
251120,16300,16300,15750,15760,38384,612995815,-3.37,137044232000,-108373525.0,33560.0,20260130
199730,4770,4870,4615,4620,14656,68512160,-3.14,22473375540,7935005.0,,20260130
086040,2755,2760,2650,2700,33811,91538295,-0.92,43087266900,-3514105.0,3475.0,20260130
188040,7140,7300,6870,6940,90038,632383370,-5.71,32474397520,78624720.0,-64631290.0,20260130
099430,5680,5680,5440,5470,609734,3370527575,-3.01,337174749340,-136954715.0,-215269160.0,20260130
032980,0,0,0,604,0,0,0.0,18354952980,,,20260130
308080,8340,8410,7870,7990,694286,5579617595,-4.2,163789087400,242351515.0,2973180.0,20260130
043150,20600,20800,20250,20650,36337,745954150,0.24,306740386400,35595400.0,-24659400.0,20260130
323990,11000,11150,10230,10450,540854,5698165450,-4.83,243039255250,-168528140.0,54110.0,20260130
267790,3505,3570,3505,3565,17821,63135285,1.71,27412386585,-7855665.0,,20260130
046310,3795,3985,3785,3835,259767,1010175697,1.05,62965488235,-184690553.0,-493000.0,20260130
331520,559,562,545,545,150709,83036623,-2.5,27721092550,3346542.0,,20260130
199480,6050,6100,5830,5830,169757,1008087690,-4.89,59446108040,-33180660.0,,20260130
438700,4000,4190,3860,3930,115219,453716135,-2.72,43799417700,-14309280.0,0.0,20260130
066410,0,0,0,1153,0,0,0.0,159637252154,,,20260130
382900,32150,32150,31000,31150,90734,2848607700,-4.15,272905150000,-807379200.0,-10723100.0,20260130
206400,1630,1690,1592,1600,165486,269653704,-1.84,60016252800,-57093221.0,,20260130
019010,4275,4345,3950,3995,426962,1743017825,-6.44,192559000000,-186970270.0,-55415626.0,20260130
177350,1224,1224,1170,1179,142414,169376117,-3.44,23171791293,-37381637.0,,20260130
457600,2400,2405,2225,2275,75879,172509554,-2.36,31184562500,-849.0,,20260130
424760,1140,1165,1032,1088,165996,184029352,-4.14,21518808896,17110859.0,,20260130
250000,8460,8740,7630,8080,112404,922231180,-5.16,54545922640,36883540.0,120.0,20260130
310210,229000,240000,220500,224000,176376,40595562500,-2.18,4120148704000,-962558750.0,13139710750.0,20260130
006910,8170,8390,7830,7850,4219089,34025520195,-3.44,385669118400,-2385348320.0,23860.0,20260130
226340,610,610,585,595,228422,135886889,-1.49,24961689900,-24579755.0,,20260130
014470,1345,1345,1318,1323,90441,120206683,-1.71,79449139980,-37253496.0,,20260130
008470,3990,4005,3965,4000,2083,8292345,-0.12,33619200000,57855.0,71660.0,20260130
338220,22200,22600,21300,21500,235542,5180280700,-4.02,301039194500,120723100.0,-109182750.0,20260130
100120,29900,30600,27850,28250,296269,8526381625,-3.58,264420000000,-575649725.0,138692025.0,20260130
406820,3240,3400,3035,3040,1070627,3383175647,-13.76,42973917280,-163270684.0,30395539.0,20260130
099390,4950,4970,4865,4875,14066,68811965,-1.52,40015379625,-11596210.0,-323505.0,20260130
064480,5380,5390,5230,5280,55851,295736530,-0.19,63109200000,-101014455.0,-20.0,20260130
365900,2840,2915,2840,2860,16824,48418845,0.0,20907458000,-4283265.0,85.0,20260130
089970,29200,31700,29100,30050,927821,28374079650,0.17,733571434750,2617459650.0,528355100.0,20260130
251630,8300,8300,7710,7850,243629,1930086145,-3.68,125151655100,-269859125.0,-58280.0,20260130
018290,20450,21200,20100,20600,949925,19739469925,4.46,719801862800,-2442245675.0,2100884200.0,20260130
478560,3490,3510,3410,3420,56410,194669927,-2.01,88339619160,-56369882.0,-6999020.0,20260130
439580,4825,4950,4670,4670,1039381,5004495790,-3.21,158063374490,-1900452298.0,28933515.0,20260130
033560,2855,2905,2820,2860,23265,66421081,0.18,48906000000,10002014.0,300.0,20260130
369370,1430,1430,1387,1402,15416,21532573,0.36,69920419222,-6380091.0,-15200.0,20260130
126340,98500,99900,94400,95200,118910,11425263750,-4.8,641049001600,309576250.0,-2134507600.0,20260130
121800,0,0,0,3320,0,0,0.0,256309348520,,,20260130
082800,5600,5610,4995,5030,953667,4936747365,-9.86,252026469980,-168876720.0,33229020.0,20260130
318410,7460,7470,7370,7430,9934,73511620,-0.54,41275455490,-11347970.0,10027740.0,20260130
419540,1197,1209,1170,1170,447933,530443001,-2.26,26901237870,-28556676.0,,20260130
146320,15150,16660,15010,15860,270440,4312195105,4.48,202975058780,676468660.0,-157946425.0,20260130
200780,4930,4930,4790,4875,19375,93829925,-1.52,47464170000,-1842405.0,2547005.0,20260130
413640,9180,9180,8800,8880,38956,347234200,-3.37,63997627200,-121557390.0,,20260130
141000,7900,7970,7690,7820,29242,227982795,-1.01,94737032200,-45341585.0,,20260130
083650,78000,79800,71800,71800,1218500,92208753750,-9.11,2221806125000,-9096275050.0,5584643600.0,20260130
473370,2790,2855,2745,2800,174986,491201709,0.36,11788000000,-3441731.0,-28319255.0,20260130
0068Y0,1994,1999,1993,1997,36901,73688818,-0.05,8607070000,-510614.0,0.0,20260130
065170,2765,2765,2765,2765,866011,2394520415,29.81,73778564125,0.0,-276500.0,20260130
086670,12800,12870,12350,12430,71326,893060575,-2.51,123378750550,144102790.0,-164071950.0,20260130
230980,0,0,0,229,0,0,0.0,21370407553,,,20260130
488900,25200,31100,22750,29900,2750312,76913350300,20.56,866395645700,7154502975.0,49189150.0,20260130
082920,21150,21300,20500,21000,347754,7276741800,-0.24,952129017000,1640573375.0,-1746286300.0,20260130
054220,425,437,413,425,363575,156159227,-1.16,25480059425,-45989317.0,,20260130
042370,11030,11090,10360,10800,802704,8610036770,-0.74,282960270000,-228661310.0,-9676800.0,20260130
050090,844,845,770,808,112215,90580482,-3.69,15986065880,10414706.0,,20260130
148780,1645,1645,1559,1582,492355,781891250,-3.83,49747136950,15850512.0,,20260130
307870,1241,1373,1240,1359,2314073,3046482880,9.51,80948170449,559440635.0,,20260130
377030,1890,1890,1766,1770,597508,1073684661,-6.74,74228674080,-424295412.0,-600030.0,20260130
032850,5060,5120,4990,5040,235776,1190302460,-0.2,83781396720,200825985.0,-24402965.0,20260130
049470,870,899,850,856,1216436,1052665429,-5.2,100772170288,100499494.0,,20260130
238200,2975,3050,2975,3010,12008,36060325,1.18,24621800000,612530.0,,20260130
093190,6110,6120,6000,6060,9112,55122430,-0.33,116587764300,-178990.0,9149180.0,20260130
065450,3985,4030,3885,3960,801710,3163150355,0.89,113465088000,-365756887.0,7895.0,20260130
044480,270,272,260,269,1092221,288882259,-0.74,21698542832,-17388139.0,,20260130
069540,1692,1773,1510,1516,11813312,19075710153,-9.76,92461071948,-854202898.0,,20260130
072950,5500,5740,5430,5590,118061,659039195,2.57,45014089900,-68338580.0,23407500.0,20260130
451250,9330,9400,9150,9150,81541,752742250,-2.66,93566774550,-95557210.0,,20260130
143240,13230,13240,12980,13000,10031,130847930,-0.84,152220419000,55859560.0,-1992210.0,20260130
466410,12880,13090,12500,12610,28608,362031345,-1.87,63516860030,-72742880.0,-13593510.0,20260130
223310,2170,2190,2000,2035,255511,523019893,-6.22,52957240490,-115655320.0,,20260130
452430,39900,40400,38500,38800,80089,3149087000,-2.27,318860184800,712079950.0,-263396500.0,20260130
419120,4225,4310,4175,4230,157149,668191839,0.0,64014734610,-114443552.0,-1263445.0,20260130
122350,1831,1837,1781,1794,617431,1109193669,-2.34,68780933832,72744566.0,,20260130
419050,1888,1892,1814,1816,307135,563497692,-3.15,103868371840,-106726063.0,,20260130
014970,7250,7250,7000,7130,56237,398937865,-0.97,107841250000,-46204960.0,,20260130
018310,19700,19880,19560,19760,15035,296337260,0.3,290472000000,48247500.0,9523180.0,20260130
012210,11780,14820,11300,13850,13345211,183021349435,20.12,307359366200,-223276575.0,-1389241830.0,20260130
053700,7940,8400,7860,8260,1878546,15459710185,6.31,205517943820,50304165.0,-401385540.0,20260130
009620,1741,1761,1670,1748,215301,368607427,0.23,28642887068,7784187.0,,20260130
023600,9620,9660,9520,9630,22394,215045120,0.0,154159929000,-630770.0,-54500.0,20260130
0044K0,2010,2020,2000,2015,54418,109603155,0.0,15152800000,0.0,-7306590.0,20260130
0071M0,2020,2030,2010,2025,72790,146851270,0.25,11664000000,4080415.0,,20260130
0096B0,2020,2035,2015,2020,187260,378452832,0.0,13291600000,8797010.0,-6868000.0,20260130
0115H0,3360,3360,3000,3000,830844,2561787202,-10.98,22050000000,771059.0,,20260130
009300,15950,16010,15800,15940,6797,108312340,-0.06,101537800000,-10832930.0,39787670.0,20260130
482630,30300,32625,29800,30450,412520,12868670075,-1.3,333249063000,-2483390925.0,88598325.0,20260130
484590,13500,13700,12950,13180,508733,6757917875,0.84,543153731000,-253088430.0,-522330700.0,20260130
036670,6310,6320,6200,6300,18096,113395885,-0.16,71001000000,-28710700.0,28349980.0,20260130
361670,3535,3550,3465,3540,8151,28723515,0.28,20063509320,-817175.0,,20260130
054540,14950,15170,14310,14500,399921,5843859270,-2.09,188500000000,-575504045.0,6090020.0,20260130
065570,0,0,0,764,0,0,0.0,12295692232,,,20260130
014950,16000,16410,15650,15660,259259,4121013865,-3.39,144015827580,-35001980.0,4049450.0,20260130
032280,1404,1417,1402,1413,37785,53220114,0.64,22909802670,-1818197.0,,20260130
002290,3815,3835,3760,3800,62526,236985527,-0.39,47120000000,-8500115.0,97023720.0,20260130
037460,21900,23525,21400,22800,337547,7599582500,4.11,372062301600,-318371225.0,982833125.0,20260130
032750,3540,3595,3490,3595,31189,110671570,1.55,32466883590,-7337290.0,-2562520.0,20260130
0013V0,8610,8950,8360,8430,798282,6939929275,-1.63,83614270080,-1275152570.0,-38293240.0,20260130
054090,799,815,795,800,98898,79407497,-1.6,19967385600,6079253.0,,20260130
000250,499500,502000,452500,480500,355510,173470111250,-0.93,11271315296000,2959389750.0,23872959000.0,20260130
024950,0,0,0,4120,0,0,0.0,54687137240,,,20260130
038500,6830,8580,6570,8400,65311726,508370159750,27.27,906496970400,-6573525950.0,304176010.0,20260130
437730,69200,69800,66500,67000,340713,23094932100,-0.89,2124406989000,-758855000.0,1752168750.0,20260130
017480,4345,4385,4290,4350,22738,98413035,0.12,68307571500,-510380.0,16135115.0,20260130
046390,1115,1115,1070,1077,159974,173692551,-3.49,46497248841,-13489142.0,,20260130
027580,830,838,800,805,539706,438851459,-3.01,47640929595,-18427495.0,,20260130
038540,1891,1912,1860,1880,580064,1088256097,-0.58,104017228440,112911055.0,16826604.0,20260130
452670,2090,2100,2090,2100,21543,45230435,-0.24,10962000000,16800.0,43673905.0,20260130
091580,15600,15750,14910,15220,302951,4639960950,-0.91,202855493180,389906890.0,37422590.0,20260130
263810,3200,3200,3130,3185,65137,205932759,-0.16,50720567625,-36861200.0,-782600.0,20260130
089980,17740,17900,17180,17550,63785,1116318045,-0.85,280607599350,-109400045.0,-86670.0,20260130
042940,10660,10920,10150,10350,375814,3886036980,-2.82,70677169200,-121010365.0,10150.0,20260130
042600,14940,15350,14300,14440,42979,629561140,-3.35,179396408560,-42827930.0,27035.0,20260130
107600,38850,39250,36800,37000,112333,4237657750,-4.76,208311998000,616830325.0,-20634600.0,20260130
411080,7740,7740,7360,7360,98003,736387550,-4.91,112369815680,-67117635.0,,20260130
252990,9450,9920,9270,9500,2025335,19325815445,0.0,554686598500,1970985185.0,369966915.0,20260130
378800,1970,1972,1871,1900,1010952,1928370692,-3.5,87861758900,-673172402.0,,20260130
294630,3015,3050,2920,2965,637125,1893501711,-1.98,78176135835,-38264122.0,,20260130
038070,6720,6750,6490,6590,34726,229493660,-1.93,59973454840,7440290.0,6610.0,20260130
006730,15890,17830,15600,17590,2841170,47603281065,11.33,1142064575570,2241520615.0,6487828670.0,20260130
079650,1480,1480,1376,1395,24288,34102748,1.38,27900000000,609889.0,,20260130
100660,5110,5150,4900,4900,226397,1122536893,-3.92,61740000000,-163485298.0,30.0,20260130
019770,3890,3890,3810,3820,57443,220107610,-1.8,44503000000,-9874375.0,-15.0,20260130
043710,883,892,861,876,56903,49557117,-1.02,75828758760,635526.0,,20260130
092190,2815,2870,2795,2850,50048,141846885,0.71,130724891550,-6897540.0,10.0,20260130
046890,7820,7920,7480,7770,853496,6638610920,-0.26,453032958000,-67716300.0,1553448505.0,20260130
063170,7900,7970,7610,7730,146003,1133540825,-1.4,137395083910,25334195.0,3618870.0,20260130
027040,207,212,206,211,219577,45986465,0.48,14683246717,-7279036.0,,20260130
018680,2935,2955,2905,2950,10377,30315765,-0.17,34394991050,906340.0,,20260130
036120,1960,1960,1911,1918,161211,310441541,-1.69,68089000000,-34967628.0,4861717.0,20260130
093920,5180,5180,5100,5130,40445,207204770,-0.58,95418000000,-63967325.0,-21745190.0,20260130
189860,4410,4410,4175,4250,205086,872804443,-3.3,41219815000,-35266304.0,3827425.0,20260130
178320,37800,40400,37150,38150,2798490,103312395114,-0.13,2131565593850,59983413864.0,7473182650.0,20260130
122690,3115,3215,3050,3160,754894,2361765085,4.46,72541642560,-478716280.0,-252229460.0,20260130
140070,2155,2180,2095,2120,105312,224464760,-1.4,78414560000,-7609495.0,-3069600.0,20260130
011370,899,900,881,891,296190,263670636,-0.78,89897324715,-37235261.0,-3578649.0,20260130
065710,51800,53800,51100,53200,29646,1550737850,2.7,273980000000,464664900.0,-321599300.0,20260130
035890,0,0,0,1623,0,0,0.0,372979125711,,,20260130
357550,60400,61500,57600,58500,28455,1687835100,-2.17,319117500000,177873500.0,87306400.0,20260130
003100,20550,21300,20050,21200,95372,1961953025,2.91,139920000000,-8301850.0,-58450.0,20260130
067370,5670,5670,5460,5470,16018,88342560,-3.53,66698745850,-21118080.0,,20260130
217620,0,0,0,3810,0,0,0.0,26803681470,,,20260130
171090,58700,65300,56100,61400,411114,24987301950,4.42,589101440400,-730532400.0,1633918200.0,20260130
086710,9630,9680,9500,9540,63604,609623105,-0.83,116419291200,129359140.0,,20260130
014620,33050,33200,32250,32650,252232,8263090250,-0.31,867097934600,71688900.0,3176467700.0,20260130
037350,7300,7480,7100,7420,229958,1696968990,1.09,114787400000,307145985.0,-44698790.0,20260130
458650,13610,14580,13330,13900,1452191,20224818575,2.66,209134813000,1458625.0,-13776390.0,20260130
081580,2500,3085,2500,3085,5916721,17573844395,29.89,47842621155,-513624683.0,-2064275.0,20260130
045300,3125,3155,3075,3120,62360,194155738,-0.16,32283778800,21138860.0,9235.0,20260130
015750,8140,8260,7970,7970,1321448,10675530550,-1.24,637600000000,-552205425.0,1691518685.0,20260130
365340,72400,74000,70600,70800,138510,9957090800,-2.21,866269576800,1010997500.0,2907141650.0,20260130
080470,4325,4335,4250,4285,25492,109245534,-0.92,31280500000,-4171944.0,-26636900.0,20260130
043260,16950,18130,16240,17390,1701390,29507417930,3.51,1233347891970,330811855.0,188531505.0,20260130
148150,4950,5080,4925,5020,336413,1686689430,1.31,178424946360,-1093020.0,-755920.0,20260130
061090,48200,48450,47200,47200,51208,2438611200,-3.87,263641452800,-228588000.0,-19886525.0,20260130
188260,2060,2060,1977,1993,29531,58939294,-4.18,14406340710,-395154.0,,20260130
053060,1414,1414,1348,1360,1807516,2486867612,-4.02,24014089840,-112903811.0,5379200.0,20260130
340440,1410,1419,1370,1377,126178,175072269,-2.34,39077007228,-13979931.0,0.0,20260130
017510,10150,10450,9800,9920,843358,8547570610,-2.27,151240320000,-442107030.0,-32143880.0,20260130
490470,29450,30350,28450,28450,1143420,33329810625,-5.48,959062757700,-727853975.0,-3889409600.0,20260130
011560,15090,15090,14520,14990,80551,1198034705,0.67,157844700000,33868230.0,-26494335.0,20260130
396300,4070,4665,4000,4535,10232750,44763453798,13.09,120129882500,76669423.0,325.0,20260130
100700,2370,2390,2360,2375,41467,98398617,-0.42,104025000000,-6780942.0,-727815.0,20260130
024830,11060,11250,10950,11190,6117,67790530,1.18,93436500000,4181730.0,,20260130
258830,0,0,0,412,0,0,0.0,27103976612,,,20260130
036630,8950,9470,8860,9110,63329,579178600,2.47,91100000000,-134970080.0,-223200.0,20260130
039310,1306,1349,1297,1339,30292,39990224,2.53,24264912113,8259772.0,,20260130
067770,2275,2280,2200,2210,19676,43792445,-3.07,18556470530,-1291050.0,,20260130
053450,6270,6330,6090,6160,353795,2201429295,-1.44,91123666480,-395623025.0,-626000.0,20260130
222810,0,0,0,5400,0,0,0.0,81712098000,,,20260130
252500,800,800,787,798,82356,65405768,-0.25,33106139220,3084069.0,,20260130
321370,3865,4100,3500,3875,5654194,22051604734,0.39,179947397250,358606008.0,,20260130
347000,2155,2155,2105,2105,143612,305100342,-2.32,79591830830,-137337835.0,,20260130
331920,2865,3015,2845,2970,51165,149392776,2.95,24247519560,12269204.0,,20260130
352770,0,0,0,5250,0,0,0.0,13610136750,,,20260130
471820,5150,5190,5000,5150,58923,301671240,-0.39,59643195450,-26111530.0,,20260130
049180,1785,1799,1600,1639,3159723,5228322148,-7.56,90074626257,31635084.0,1584.0,20260130
299660,3400,3405,3090,3110,1546755,4944046639,-9.46,91754258470,18416292.0,,20260130
108860,13420,13850,13240,13240,541953,7354219380,-2.22,356351819600,544481430.0,2125081155.0,20260130
208370,5750,5750,5450,5520,711093,3939373045,-3.5,142087913280,182975035.0,,20260130
318160,8500,8650,8310,8510,41801,353899070,0.12,79493620510,37667920.0,,20260130
308430,26000,26500,25450,25600,162160,4199527125,-2.66,328486656000,-223327575.0,-7846600.0,20260130
068760,74200,75800,72800,73100,293347,21726507600,-1.35,3193148352000,461229050.0,8924530850.0,20260130
068940,0,0,0,778,0,0,0.0,35720093048,,,20260130
007720,618,619,605,606,188476,115006554,-1.94,61085072700,-19647599.0,,20260130
290690,4385,4385,4190,4210,621501,2642496643,-4.1,205254996760,-678539496.0,,20260130
950200,3590,4665,3590,4000,3219491,14144567532,11.42,76944212000,-89475923.0,79125.0,20260130
032680,262,265,255,263,540458,140021420,0.38,27770370932,-3960775.0,,20260130
032685,6540,6760,6400,6720,450,2975610,2.75,2399994240,,,20260130
258790,1391,1436,1331,1367,148410,202908062,-1.73,34163085228,-15251819.0,,20260130
066910,648,695,633,640,703383,459689008,-1.08,42837224960,-44669761.0,-313326.0,20260130
215090,3120,3120,2960,3035,379293,1152710072,-0.65,70277431135,-278244632.0,-3924540.0,20260130
035610,3850,3875,3730,3755,88870,336896257,-2.21,102684218735,18173342.0,14295390.0,20260130
357780,454000,530000,445000,488500,189127,93289480500,8.56,3799829491000,-15196498250.0,26567321000.0,20260130
036830,55300,60000,54800,58900,307359,17838045950,5.37,1234782898400,-428890400.0,3968755950.0,20260130
304100,32000,32600,31000,31050,232708,7388989700,-4.17,391039197750,46388050.0,2275452125.0,20260130
328380,825,832,807,808,78208,64090378,-1.82,27684324624,-607234.0,,20260130
086980,2590,2610,2535,2580,286880,738977056,-0.39,161606040000,1910160.0,-65624200.0,20260130
050960,9340,9390,9130,9200,15395,141221280,-1.5,62109200000,-62425700.0,,20260130
084180,2670,2680,2490,2530,419231,1062670817,-5.6,45727935990,42085878.0,,20260130
253840,6310,6380,6080,6220,241723,1499977000,-1.43,104142704000,147185310.0,74700.0,20260130
298830,9300,9300,8860,8900,2176715,19620726755,-4.3,475780641100,-3271644960.0,122107190.0,20260130
236200,45300,45350,43450,43700,134294,5933948625,-3.53,317142830100,135920550.0,936531500.0,20260130
094840,6920,6950,6820,6840,91179,627041110,-1.01,71627385600,-91643335.0,,20260130
192440,22600,22600,22100,22600,7372,164906200,0.0,140489803800,3730950.0,-158000.0,20260130
424960,8690,8700,8160,8200,454350,3779062405,-5.53,135177902000,-1090561395.0,-8500.0,20260130
099440,6660,6670,6460,6490,1193873,7808731735,-2.11,442899627060,180661665.0,16389910.0,20260130
276040,1221,1248,1155,1158,351782,421647867,-5.93,25047927930,-110352761.0,,20260130
060240,0,0,0,1976,0,0,0.0,11502414560,,,20260130
115570,3075,3100,2985,3055,18162,55452460,0.66,24392671940,-3871605.0,7320.0,20260130
078860,999,1020,958,1013,249217,246571061,0.8,60133966341,-33331777.0,,20260130
330730,5620,6660,5510,6280,1330106,8249110085,12.95,114407972400,1071667510.0,-3857740.0,20260130
352090,3480,3490,3425,3460,78219,270333021,0.0,92980573080,31810243.0,-14682070.0,20260130
253450,50000,50500,49150,49300,195798,9776911125,-0.4,1481883951400,276017175.0,4333210275.0,20260130
408900,2925,2935,2840,2860,213786,614152804,-2.22,93606461520,-148411210.0,-165880.0,20260130
204630,0,0,0,4650,0,0,0.0,23668225650,,,20260130
415380,2255,2265,2210,2215,85126,190129915,-1.77,25346189625,3142650.0,,20260130
013810,2540,2625,2540,2590,257215,663725393,1.77,37957667300,-83176622.0,0.0,20260130
347700,25800,28900,24650,27200,3662184,99487648750,5.43,1274928953600,-5350567250.0,2680305925.0,20260130
049830,8090,8160,7800,8030,2452,19438840,-0.86,49240859360,-208090.0,80.0,20260130
020710,4035,4060,3915,3990,298552,1185335859,-1.48,79991400300,-267347531.0,-2910655.0,20260130
033170,853,934,841,891,2393153,2170738566,1.37,76383932229,48542074.0,,20260130
048870,2430,2455,2300,2380,289848,694199559,-3.45,209694571940,42370858.0,17137985.0,20260130
025320,7460,7890,7400,7660,2122101,16344246010,2.27,705635392980,2055715695.0,3896561955.0,20260130
340810,3885,3970,3635,3750,692536,2625812815,-3.47,48585307500,-41547619.0,,20260130
269620,0,0,0,889,0,0,0.0,132090012299,,,20260130
056090,1517,1638,1439,1600,3866965,5920789593,5.47,165214457600,264189992.0,,20260130
429270,4400,4400,4180,4220,80418,342131730,-2.99,27215754820,-17242040.0,-11281720.0,20260130
418250,0,0,0,6550,0,0,0.0,47629012750,,,20260130
131090,3780,3860,3775,3820,12818,48657454,1.06,30560000000,-2213355.0,9716345.0,20260130
290520,1924,1960,1870,1895,26974,51280223,-1.76,30186140990,-3243832.0,,20260130
001000,2220,2340,2205,2285,141225,320531877,2.24,55474178900,-23300802.0,,20260130
025870,5230,5340,5190,5240,19135,100203220,-0.76,20960000000,-5964150.0,,20260130
215600,5400,5400,4180,4470,29198694,134627925779,-10.15,617440366920,-7553777834.0,343349896.0,20260130
065350,77000,83000,76000,79700,560742,44733280300,2.31,2190470655600,3752942650.0,9061299550.0,20260130
416180,40500,41300,39200,39350,304162,12204008950,-0.88,355715264300,87625725.0,-9896650.0,20260130
162300,1758,1760,1723,1727,68049,117877240,-1.14,71621076714,-17504597.0,,20260130
290560,0,0,0,8400,0,0,0.0,31307824800,,,20260130
002800,5810,5870,5670,5690,141719,811177850,-2.07,86320145000,-202726445.0,,20260130
472220,2195,2255,2190,2190,10495,23168440,-0.23,10271100000,-117710.0,-6764320.0,20260130
0091W0,2035,2060,2030,2050,72846,149314584,0.49,12439400000,-1348900.0,0.0,20260130
017000,3335,3350,3200,3205,174598,567572140,-3.75,37396026535,-50171725.0,-20.0,20260130
012790,5950,6010,5870,5930,39461,233612665,-0.84,71079440950,-16587295.0,3110760.0,20260130
138070,1936,1949,1920,1923,46062,88855703,-0.67,33658661292,-26917411.0,5.0,20260130
226330,3830,3875,3630,3660,433316,1602571443,-4.44,88786018500,-60015940.0,109950000.0,20260130
452980,2085,2095,2085,2095,78742,164585995,0.24,39605975000,0.0,0.0,20260130
474660,0,0,0,2100,0,0,0.0,11592000000,,,20260130
474930,2120,2130,2100,2100,29112,61480445,-1.18,7602000000,-1324520.0,0.0,20260130
487360,2060,2075,2045,2050,40036,82425390,-0.97,11562000000,-105515.0,-43974580.0,20260130
487830,2080,2090,2055,2070,36440,75418085,-0.96,9004500000,223470.0,-431365.0,20260130
496070,2025,2050,2020,2040,81307,165150045,0.74,11464800000,0.0,-65654195.0,20260130
056700,1841,1841,1789,1808,99003,178292820,-1.79,52676244528,-38432411.0,9627561.0,20260130
187270,3650,3665,3560,3630,135369,490317833,0.83,36822157350,-75937805.0,-20.0,20260130
243840,6620,6720,6340,6520,700428,4560960730,-1.51,251399692200,-336867970.0,-96839330.0,20260130
257720,54900,56100,53000,53000,1198494,65158628950,-2.21,3242111124000,9486617450.0,1728063550.0,20260130
222800,57300,65700,57300,60500,3663744,227119329150,7.46,2259204189000,-124252350.0,27984961000.0,20260130
036710,2625,2750,2545,2600,1063045,2823634027,1.56,137352160400,-268822983.0,,20260130
444530,7630,7690,7290,7290,31226,230763765,-4.46,46589537070,-49257545.0,,20260130
234030,10250,10920,10100,10550,2553215,27113750440,2.83,249032750000,546533275.0,-318688180.0,20260130
160980,17790,18460,17340,18080,564056,10116516955,0.95,197510313440,18019340.0,254454285.0,20260130
356890,4100,4125,3975,4070,110423,446135739,-0.73,48652067750,-14517695.0,,20260130
217330,7980,8060,7520,7680,428233,3309107165,-3.76,177634920960,107711590.0,7449570.0,20260130
208640,291,295,277,280,1349973,380748601,-3.78,38987271120,-67644255.0,,20260130
222420,1744,1848,1650,1727,4703409,8174347013,-0.92,78509818937,-458998655.0,,20260130
037760,1819,1819,1754,1780,29965,53155572,0.17,60222599380,1034195.0,,20260130
081180,16600,17200,16150,16870,536345,8972837525,0.42,148886775450,520850545.0,43405240.0,20260130
099320,180500,199500,173300,196500,473751,89626428050,10.33,2151926127000,-2508743750.0,13376902700.0,20260130
049960,13290,13960,13290,13800,56765,781513220,4.55,129720000000,29970255.0,-18009840.0,20260130
088280,1813,1813,1770,1777,127660,227139356,-1.99,30753632730,-38031630.0,,20260130
050890,8810,8820,8450,8500,1607647,13865665385,-3.41,516430539000,-819468835.0,2849396990.0,20260130
394800,15600,15600,15070,15330,502507,7692167600,-1.73,486903427080,-3162791820.0,368153035.0,20260130
177900,6480,6630,6350,6350,128997,837248930,-1.85,60863480000,-92466820.0,,20260130
475400,40800,44200,39500,42050,494233,20666579050,3.7,492054887100,2496171150.0,1247156150.0,20260130
109670,6400,6540,6310,6400,33183,211999440,-0.93,37354252800,-4096940.0,,20260130
066790,0,0,0,1493,0,0,0.0,97271994227,,,20260130
222080,13000,13670,13000,13230,2135095,28519964760,5.92,1023629429970,138314890.0,3676695400.0,20260130
352480,37950,39000,36700,38050,73250,2801729400,1.33,518617733050,-55897500.0,696860900.0,20260130
264660,18040,18740,17690,18000,239849,4358624560,-1.1,174981096000,300865255.0,0.0,20260130
352700,2220,2220,2140,2190,84233,182644521,-0.45,57546408810,-18241414.0,-17346920.0,20260130
458870,162100,175300,160000,164100,120503,20254705500,2.24,2078470908000,-891897200.0,324517500.0,20260130
297090,6000,6130,5830,5960,206775,1228853330,-0.17,162529200000,-84493550.0,-17624170.0,20260130
900120,515,535,509,517,128428,66225661,0.39,15539874328,-6316409.0,,20260130
359090,890,909,878,878,262195,231982081,-2.23,50459289526,-85219295.0,,20260130
115530,324,326,314,314,146458,46717599,-3.09,21340382000,-5731738.0,,20260130
388210,132600,137600,130000,133300,176301,23512201500,1.52,1236049310400,-587412200.0,3357662950.0,20260130
115480,623,625,609,625,234154,144494132,0.16,37890348750,-10470622.0,9622355.0,20260130
376290,2885,2900,2850,2890,16415,47099400,0.17,51030175000,-865135.0,-15.0,20260130
189330,4770,4810,4535,4605,81648,381238118,-3.05,43205417820,-42493419.0,,20260130
096530,28100,29200,28000,28600,576587,16596590125,2.51,1493663428400,1194092625.0,5680316000.0,20260130
101240,3955,3995,3950,3995,40726,161875530,0.5,43391253050,-22295485.0,10044540.0,20260130
060590,4515,4515,4220,4270,201024,863111577,-3.83,103252955400,-168715542.0,-3432805.0,20260130
260930,4500,4500,4380,4490,61691,272969025,0.0,86843743590,7941848.0,,20260130
413630,5080,5170,4760,4790,1196392,5887675402,-3.62,174531438540,-639723680.0,1613220.0,20260130
013990,4645,4740,4590,4605,232071,1075503638,-1.81,151447103280,115406624.0,12615215.0,20260130
123860,17250,17930,17170,17710,151500,2665149675,4.55,214705679650,-103516370.0,-149015.0,20260130
025980,8340,8530,8200,8410,1434441,12053823100,1.57,796423097760,-860173565.0,2957881015.0,20260130
0015N0,9340,9550,9170,9270,292083,2729959060,-2.11,117868513500,301107540.0,-32238790.0,20260130
125210,7170,7210,6940,7170,167025,1178882605,0.42,118281984300,8054725.0,71605330.0,20260130
357580,14270,14300,13180,13750,194553,2661787190,0.36,155131377500,-178990340.0,523106720.0,20260130
052710,10250,10460,9870,9930,256676,2597736950,-3.12,145128032370,-144250180.0,130306370.0,20260130
074430,1589,1600,1510,1532,720965,1107470925,-3.59,134550725008,75296695.0,,20260130
092040,1715,1715,1613,1644,710277,1169863932,-4.14,91620141372,-207381080.0,8072332.0,20260130
083930,15010,15770,14950,15300,202221,3105106865,2.0,224561909700,288184445.0,295593855.0,20260130
149950,9390,9450,9280,9410,24389,229063160,0.0,128613085230,23104380.0,-430.0,20260130
036010,8350,8940,8290,8500,297258,2572250540,2.04,112989939000,-10276280.0,30193730.0,20260130
050860,1911,1916,1892,1894,32143,61193893,-0.79,42615000000,-1189175.0,-716506.0,20260130
136410,9090,9330,8950,8970,38885,352677530,-1.32,98841380820,-23023960.0,41518110.0,20260130
246720,8250,8320,7840,8120,48933,399779550,-0.37,123272156000,24817890.0,-32720540.0,20260130
450950,13860,14700,13670,14330,379938,5359754390,5.29,537476628360,512146490.0,41891275.0,20260130
067390,620,630,606,611,1850971,1139150286,-1.45,246329280769,-146465753.0,-113476579.0,20260130
159010,5520,6030,5230,5240,545308,3068089375,-2.6,69874032360,-366819075.0,-26450.0,20260130
127710,1119,1119,1071,1094,45127,49298187,-2.23,38185065708,-982600.0,,20260130
154030,2020,2040,2000,2000,55551,111753164,-0.99,24123734000,-21375445.0,,20260130
227610,768,783,765,777,70729,54666273,1.17,29434387038,-1653495.0,-3756196.0,20260130
331740,16260,16260,15300,15410,174261,2717471960,-5.23,149761946310,-902577750.0,-13271540.0,20260130
143160,18030,18190,17800,17850,31775,568385120,-1.0,191287561500,15416360.0,21460.0,20260130
054800,11560,11890,11560,11770,21001,245623940,1.2,121793088120,-21403950.0,-11780.0,20260130
332370,5090,5240,5020,5060,10846,55528380,0.2,67165053560,-4802370.0,,20260130
066430,2360,2370,2110,2130,1099818,2411905064,-7.79,83396903880,-99629605.0,-2122605.0,20260130
339950,2025,2135,2025,2125,327572,687097711,3.91,95511641875,221425427.0,9670395.0,20260130
469750,1394,1465,1380,1417,1928061,2753942268,1.8,48824833577,45149666.0,,20260130
460470,3050,3125,2980,3100,62204,188801158,4.38,46870047000,17329560.0,,20260130
099190,16100,16790,15980,16400,220077,3637634325,2.37,452769986400,227555815.0,120123770.0,20260130
461300,16950,17340,16520,16910,113743,1923081115,-0.24,224884957030,-114539525.0,370435125.0,20260130
289010,1611,1620,1571,1600,72363,115123608,-0.68,22312409600,-20686805.0,,20260130
214430,132400,137900,124100,130000,121817,15872642900,1.17,949937950000,1295129650.0,3808164250.0,20260130
040910,4170,4205,4000,4080,53217,219881152,-2.16,75783042000,-37895455.0,,20260130
368600,1060,1060,975,1005,168439,171408334,-4.65,17626037730,-27433015.0,,20260130
456010,18060,18110,17050,17280,749403,13085906660,-3.41,240224037120,-2798252840.0,16929115.0,20260130
052860,2950,3100,2880,2880,299413,890645644,-2.21,51445019520,-134423765.0,592215.0,20260130
464500,4175,4590,3700,3790,5235449,21463998609,-13.17,52920766770,-588083856.0,-37035.0,20260130
212710,9690,10130,9330,9870,585492,5746137745,1.96,94978792860,373122195.0,1121610815.0,20260130
038880,153,166,150,153,4222208,662787512,0.0,57485339775,-70665853.0,,20260130
307180,4500,4635,4340,4360,1548887,6924394509,-3.54,142988663400,-243012347.0,-334046830.0,20260130
101390,0,0,0,396,0,0,0.0,5510084184,,,20260130
461030,9550,9550,9150,9190,112649,1045857965,-3.77,128823122500,55135480.0,,20260130
451220,10150,10470,10010,10100,185782,1909883975,-0.49,79533571100,-243457050.0,,20260130
090150,726,770,710,720,201447,145003274,-0.96,30150210960,1147548.0,-1089990.0,20260130
123010,1195,1195,1110,1172,826937,955725581,-0.59,38275811224,63925639.0,,20260130
031310,1481,1482,1458,1468,77591,113750099,-0.81,38689203124,4712307.0,,20260130
462980,2000,2010,1950,1951,164277,323970974,-2.94,35575386587,-123439599.0,-98250.0,20260130
185490,1571,1571,1486,1495,241610,364222523,-4.84,64628527080,-88803540.0,,20260130
059100,5040,5040,4895,4895,15410,75806579,-1.81,34611859700,-11946210.0,-8114350.0,20260130
262840,1774,1788,1710,1740,72993,127939464,-1.97,36772994700,5220210.0,-1246080.0,20260130
175250,0,0,0,2170,0,0,0.0,81501658560,,,20260130
052460,3400,3550,3355,3400,124315,427432976,0.59,49666982400,5282996.0,,20260130
119830,7850,8430,7790,8400,764126,6184269115,7.14,196505055600,867093365.0,-1048262590.0,20260130
052770,1105,1147,896,896,2696229,2673514270,-18.55,13053621504,181191910.0,,20260130
124500,51000,55900,50200,53800,749768,40645749800,10.93,1248403552600,8360227200.0,3804542400.0,20260130
010280,1200,1230,1151,1180,964823,1140709537,-1.58,76846067480,-34171979.0,,20260130
232830,2305,2325,2200,2240,55457,125846435,-2.82,37035546240,2394960.0,,20260130
372800,5890,5890,5630,5810,80332,460991925,-1.36,35133011900,-31957660.0,,20260130
084850,11620,11620,10880,11150,142608,1592033450,1.18,252914714100,-191632830.0,-85424050.0,20260130
309710,36850,36900,35100,35200,170283,6115572400,-3.16,449961635200,-637197000.0,-574337925.0,20260130
114840,15210,15390,14930,15040,131285,1978448545,-1.89,260491296000,-294923570.0,-323291875.0,20260130
027360,4670,5040,4440,4790,55385153,262774307754,6.21,580286494740,-356045514.0,7081020.0,20260130
032080,1250,1264,1239,1250,21392,26702830,-1.11,26863786250,217526.0,,20260130
013310,3560,3560,3400,3450,530555,1828679212,-2.68,133882707900,-59448623.0,-4757550.0,20260130
059120,9660,9700,8950,9420,717757,6616908875,-2.28,91831774320,-217351245.0,17810.0,20260130
0007C0,41450,42600,38800,38800,437811,17837712375,-4.32,311576571200,-244912050.0,-656715425.0,20260130
203690,0,0,0,4425,0,0,0.0,89196141000,,,20260130
158430,7670,7770,7420,7480,752441,5703146010,-3.36,183126048160,78764020.0,-6233515.0,20260130
200350,5430,5430,5200,5240,70821,374917850,-3.5,52379171000,8597900.0,5330.0,20260130
321820,3940,3940,3735,3845,114237,438219227,-2.9,59948840720,-32625052.0,,20260130
001540,8600,8600,8320,8460,27866,235308775,-1.51,110338873200,-44001530.0,4629310.0,20260130
053800,67700,68700,66600,66600,83854,5669089450,-1.04,741025299600,-787239650.0,2761966200.0,20260130
065660,44750,45000,42350,42800,27680,1196008900,-2.28,428261080000,-380604600.0,-18777400.0,20260130
297570,1210,1227,1180,1183,231314,277131316,-2.23,40956900894,-3206383.0,,20260130
260660,4200,4200,4030,4060,181636,741242869,-3.45,62227705260,-142224368.0,,20260130
354320,62700,65000,58500,61900,113670,7012359650,-0.48,395626483900,-165384600.0,761738800.0,20260130
361570,1817,2090,1765,1928,1700937,3302493367,6.05,55417065048,-113221667.0,-21775844.0,20260130
131370,2465,2475,2380,2395,183457,441458455,-2.84,127574663785,-89499140.0,-58351085.0,20260130
140670,24400,24500,22900,23300,608003,14301272425,-4.51,299168272000,-2632388800.0,81271625.0,20260130
096610,0,0,0,2965,0,0,0.0,51550708615,,,20260130
061040,1887,1887,1750,1787,408620,739187176,-5.3,57343505833,-136129996.0,1405474.0,20260130
148250,3435,3495,3275,3275,108926,367071470,-5.35,30937850800,-57392683.0,,20260130
476830,158300,158300,148400,149000,443813,67484743800,-7.05,2076142458000,-4714682450.0,-3127778250.0,20260130
347860,2140,2145,1994,2010,509026,1040182752,-6.07,77809031610,-157982557.0,,20260130
196170,427000,428500,412500,413000,850110,356964340250,-3.95,22097890444000,-8287403750.0,68552008500.0,20260130
123750,1935,1935,1846,1875,108315,203682596,-3.15,23899306875,-27016247.0,-4438140.0,20260130
459550,4560,4680,4385,4440,3412061,15451047580,-3.48,111300894360,273605241.0,4630000.0,20260130
085810,581,595,565,574,165795,95032999,-1.54,35752607702,580274.0,,20260130
043100,2200,2470,2175,2350,2708719,6394339202,8.29,47258688000,-171956652.0,152525.0,20260130
117670,15800,16600,15800,16430,40573,665840150,3.99,109452421060,178816800.0,,20260130
314140,6790,6910,6620,6850,34615,233830535,0.88,59364572850,-19197600.0,,20260130
291650,1107,1169,1079,1141,447412,507620541,2.89,45933341972,38346937.0,0.0,20260130
293780,9050,9100,8640,8660,164294,1449552910,-4.31,243288887300,-160516645.0,65200.0,20260130
310200,3060,3085,3000,3015,289222,877088797,-1.47,157270950540,-153166185.0,134720620.0,20260130
179530,1790,1809,1596,1695,473599,784862238,-5.47,33356972850,-89913050.0,,20260130
397810,7770,7770,7530,7550,40671,308694380,-2.83,38963813500,23525760.0,,20260130
900100,553,561,542,543,210553,115040661,-1.81,24998249556,-209684.0,,20260130
052790,6060,6100,5980,6000,75683,456465970,-1.64,67983828000,-49192970.0,-6870.0,20260130
290740,22250,23500,21000,23000,251351,5659473050,7.23,231495253000,-26345300.0,164826875.0,20260130
238090,1700,1700,1629,1643,124919,207260475,-3.35,38678360829,-12646519.0,,20260130
092600,610,627,551,590,275417,162814066,-1.17,14799275030,2835112.0,,20260130
129890,922,931,906,909,461881,422243448,-1.52,41400952218,-51355190.0,1842.0,20260130
174900,62800,67000,60400,63300,463018,29563748750,0.96,1260201340200,-3079090200.0,-101350500.0,20260130
109960,256,256,245,248,367590,91581480,-2.36,54755738712,1581039.0,,20260130
270520,391,394,368,380,2023373,766838919,-3.06,74703875860,-88468501.0,760.0,20260130
255440,10890,10890,10260,10700,54536,572623470,0.56,139720600000,-59654990.0,-120.0,20260130
030960,8240,8420,8080,8210,221003,1821078605,0.74,131195800000,127724595.0,,20260130
102120,12890,14170,12640,13210,3568159,48482399325,2.56,234883747130,2067067005.0,-34209420.0,20260130
238120,3850,3985,3670,3905,296989,1149271331,1.43,56149588880,138281338.0,,20260130
019990,8600,8660,8150,8360,199362,1670710530,-3.46,81560895680,-136161615.0,55151890.0,20260130
435570,13730,13920,13220,13220,113972,1544591000,-5.03,100696515260,-147724400.0,,20260130
270660,26150,26950,25600,26400,432971,11370582675,2.33,335031391200,-229371925.0,2539202425.0,20260130
038680,3475,3490,3385,3415,76106,260540600,-1.73,68001672430,-36617025.0,-5.0,20260130
217480,0,0,0,499,0,0,0.0,54756837359,,,20260130
121890,1590,1629,1585,1586,26957,42940671,-0.25,21080233356,-3795424.0,,20260130
304360,35400,36300,34000,34400,118850,4193611150,0.58,426048403200,-474163125.0,-270069700.0,20260130
389500,78300,78900,75000,75200,359003,27428834300,-4.08,476309580800,-2040180600.0,195537050.0,20260130
042110,1286,1296,1266,1283,97501,124496826,-1.08,62006830612,-15258808.0,91755.0,20260130
298060,840,847,821,822,76760,63622674,-2.49,36335010672,-10852899.0,,20260130
065420,225,231,223,226,809438,182888761,0.89,16176469574,-13010522.0,-454.0,20260130
103230,4075,4075,3955,4035,32192,128594905,-0.98,29052000000,-16504845.0,,20260130
260970,73900,74300,69900,70100,47116,3360257000,-5.14,202782055400,-19884200.0,-456044650.0,20260130
101490,89000,96700,88100,91000,710229,65639101950,2.02,1941473989000,-1649757500.0,17178274150.0,20260130
095910,1385,1450,1343,1351,816117,1137284311,-2.38,30941711171,16020009.0,,20260130
275630,2845,2910,2750,2795,17474,49285532,-2.1,16820279255,687605.0,340.0,20260130
031330,4595,4690,4505,4600,986386,4557114652,0.11,459977308200,308608055.0,-423611495.0,20260130
060540,1349,1349,1304,1317,175043,231091835,-2.37,34417564002,-28481012.0,,20260130
056190,35250,35550,33350,33800,487627,16690965225,-5.06,1213716088000,-5680466025.0,3908718750.0,20260130
0008Z0,32850,34300,32300,33750,101153,3375333350,2.74,318484035000,3455650.0,3202525.0,20260130
246250,0,0,0,1969,0,0,0.0,30220617614,,,20260130
041510,120400,122200,116000,116000,261452,31408813500,-2.77,2655784040000,708745600.0,8929749000.0,20260130
460870,3695,3700,3575,3655,219398,797309133,-1.22,72911051120,-92030651.0,-77539595.0,20260130
007820,6790,6790,6190,6220,1097995,7004093100,-6.33,124611144120,-164731185.0,-200848450.0,20260130
464080,24400,24900,23550,24100,1046658,25174066275,-1.23,428908543500,-933302200.0,620277425.0,20260130
109610,2835,2855,2745,2750,346065,960426483,-3.68,134495350000,-379462325.0,,20260130
365330,3615,3615,3365,3470,1571821,5425174945,-4.01,174093370000,-626372249.0,,20260130
306040,12250,13390,12040,13160,433734,5539674615,7.34,129834296480,247720530.0,-820.0,20260130
398120,3085,3645,3075,3200,554610,1836981019,3.39,37819235200,42397955.0,-11387590.0,20260130
457940,2095,2110,2095,2105,53766,113091000,0.48,6967550000,48380.0,0.0,20260130
472230,2045,2050,2045,2050,9716,19869420,0.0,8517750000,0.0,-4090000.0,20260130
473000,2040,2055,2040,2055,10895,22226175,0.49,6802050000,0.0,-6120000.0,20260130
473950,2040,2050,2040,2050,1570,3208275,0.0,9061000000,-2045.0,,20260130
455910,2110,2115,2110,2110,70966,149829840,0.0,10592200000,40156.0,38070000.0,20260130
475660,5080,5080,4890,4950,34254,169804155,-2.56,39252683250,-3746790.0,,20260130
096630,717,722,695,702,472351,332108394,-1.68,55725894432,-17740839.0,9622578.0,20260130
069510,14530,15820,14500,15470,53887,813734975,6.47,168777700000,28237685.0,134707620.0,20260130
488280,22900,23600,22450,22850,203397,4658149150,1.78,243564159550,-907621650.0,-51788400.0,20260130
234300,3630,3650,3600,3635,89817,325363400,0.14,98900280300,-21534470.0,,20260130
039440,35600,39500,35200,37950,1228182,46098881925,6.01,588492433650,-284206075.0,2290403850.0,20260130
098660,1728,1790,1670,1680,42262,72372862,-2.83,21001639680,-3541164.0,,20260130
052020,8390,8440,7900,7960,388651,3121202575,-5.13,541146996360,-746894290.0,,20260130
237690,158000,166300,155800,159600,414322,66658920900,3.23,3303988766400,-8062614850.0,21048591000.0,20260130
050760,1278,1283,1275,1277,9199,11753690,-0.08,20859383806,-176040.0,-254563.0,20260130
288620,10580,10580,10110,10120,40619,416155160,-3.98,70630677920,-114793460.0,-9330.0,20260130
443670,5850,5860,5610,5630,153150,875451920,-3.76,139294036960,-96032320.0,9627000.0,20260130
317830,14340,14550,13600,13610,559891,7824548075,-4.69,146631662980,-937507840.0,28020.0,20260130
058610,157200,161100,153000,153700,687905,108111281650,-2.78,3408660232000,-1349206500.0,11562748600.0,20260130
043340,448,471,429,443,778076,347560788,1.14,42085000000,30314820.0,11107.0,20260130
163280,12340,12590,12240,12320,69617,863210880,0.08,83794960480,-119207270.0,-23193040.0,20260130
200710,40350,41200,38150,38300,452076,17958307600,-3.77,514783482600,-3296302475.0,-369244400.0,20260130
475580,10350,10400,9900,10070,206333,2079192590,-2.71,137202743000,-542163605.0,10190.0,20260130
096690,1720,1724,1630,1700,87072,146051838,-0.35,41032990100,-27864320.0,,20260130
298380,213500,218500,196500,197700,6288059,1287006409550,-19.47,10932358848600,-270237470950.0,-145362621550.0,20260130
203400,3770,3825,3580,3685,2039436,7520741655,-1.73,332023305240,-230213306.0,,20260130
195990,213,214,188,190,6367831,1259059203,-5.94,54091046990,-391888813.0,-190.0,20260130
003800,34900,35000,34000,34800,11883,409822625,-0.14,385932000000,-61184275.0,36102150.0,20260130
088800,3315,3315,3130,3200,376815,1207957556,-3.47,241620588800,-61792547.0,258030.0,20260130
241840,7340,7370,7040,7120,89497,638627135,-2.2,67924757280,-179908560.0,50.0,20260130
364950,7990,8070,7590,7680,261073,2025578555,-4.95,63716697600,-583310370.0,,20260130
453860,16250,16250,15610,16000,15819,251594590,-1.3,103110768000,-66389430.0,-15930.0,20260130
312610,1405,1410,1381,1400,20121,27985872,-0.36,28359643200,-2604163.0,,20260130
172670,14230,14750,13820,14370,153102,2195630360,0.91,128758921830,-279241880.0,400.0,20260130
481070,26000,27400,25450,27400,36215,964556400,5.38,387984000000,-183219200.0,392683950.0,20260130
060900,603,605,559,561,473319,273251625,-6.97,44779843548,-97805852.0,-1326580.0,20260130
445090,32600,33550,31550,31800,255415,8292239150,-4.36,347435924400,945262200.0,531050.0,20260130
295310,90900,92300,84200,87500,501993,43888501900,-4.58,1041418962500,-10819872900.0,-2859303100.0,20260130
072990,6230,6380,6040,6140,221708,1375979015,2.16,88454104840,-201333325.0,-74005840.0,20260130
044990,17390,17630,17140,17170,84394,1463418405,-1.32,131958747250,-66647285.0,-3165750.0,20260130
239610,8190,8190,8010,8160,2985,24153850,0.74,43999658400,2772010.0,60.0,20260130
036170,1517,1561,1495,1500,349377,527293130,-1.12,92048439000,12087637.0,,20260130
462020,2085,2095,2085,2095,986,2058405,0.24,9102775000,8380.0,0.0,20260130
477340,2020,2022,2015,2020,12614,25476035,-0.25,15170200000,-22200.0,-202000.0,20260130
148930,3205,3215,3140,3165,27775,87735975,-1.25,32204549145,8650730.0,,20260130
044780,1298,1298,1259,1265,34840,44223167,-2.54,23409820555,1508045.0,,20260130
357230,2480,2495,2405,2445,78718,193512395,-1.61,100962548820,-5306560.0,9657005.0,20260130
355690,4190,5400,4160,5080,760321,3762191005,20.95,27457298400,-118427954.0,,20260130
071670,10690,11080,10500,10960,270157,2917922395,2.14,109600000000,-202907335.0,60.0,20260130
045660,10220,10260,9970,10080,58393,587871055,-1.37,83260800000,-60344645.0,20060.0,20260130
224110,9960,9970,9710,9750,16408,160730360,-2.21,52065000000,-32444510.0,,20260130
021080,3425,3425,3250,3290,1124011,3724934937,-5.05,157920000000,33524929.0,-107227856.0,20260130
200470,8770,9420,8610,8670,2101795,18713726645,-2.03,367279346310,-668000050.0,100655685.0,20260130
262260,5800,5800,5580,5650,71621,405618455,-1.57,81745058800,293630.0,-1524420.0,20260130
397030,56200,59900,55000,58300,683941,39274425800,0.87,1360875095800,-1047839400.0,7669156900.0,20260130
0009K0,57200,57200,54500,54500,369691,20557960950,-6.03,3524578274500,-786542850.0,-1441246100.0,20260130
230240,14840,14890,13810,13810,201943,2861078015,-6.94,183797290000,53069500.0,3966480.0,20260130
159910,620,629,596,602,244096,146952643,-2.27,31505961970,843677.0,,20260130
230360,15900,15920,15890,15890,38092,605432115,-0.06,492570264620,-141753300.0,430920970.0,20260130
038870,3050,3140,3035,3075,79467,245959733,0.49,43095968175,1322626.0,24790.0,20260130
097780,855,855,831,833,52571,43983848,-2.57,56419371554,-7641343.0,950.0,20260130
448280,11400,11520,10750,10960,47164,520531125,-3.78,324757173840,-63340475.0,350.0,20260130
101360,23900,24100,22750,22850,299194,7007774400,-2.56,406412704900,55354625.0,2173678675.0,20260130
128540,2490,2490,2350,2400,451168,1085429735,-3.61,64057104000,4330196.0,,20260130
086520,171100,173000,162200,162500,4558463,764172255250,-5.52,22063624700000,23590187750.0,75475402950.0,20260130
247540,250000,256000,232000,232000,2288279,558458860250,-5.69,22689911808000,57368569250.0,73432849500.0,20260130
383310,45950,46700,40950,41450,1284661,55879881300,-5.9,869410931400,-541667550.0,1665233300.0,20260130
038110,3285,3285,3160,3190,417552,1339017167,-2.74,131330290300,-220581315.0,0.0,20260130
073540,2035,2070,1995,1997,37639,75350296,-1.87,22765800000,5778728.0,-34000.0,20260130
064850,11000,13000,10960,12670,511144,6323582545,15.29,144568906440,22710710.0,1566067765.0,20260130
036810,47650,50900,46500,47000,717728,34829755550,-3.39,1031948356000,-3271697175.0,4413410650.0,20260130
173940,3820,3915,3615,3915,15614,58344655,2.49,60262843320,3474870.0,,20260130
083500,15960,16620,15720,16400,233141,3785682660,2.76,140641840800,710722755.0,96613205.0,20260130
054940,670,682,651,670,164880,109220299,-0.89,22226277160,10473708.0,-1274743.0,20260130
950130,3875,3875,3710,3765,138050,520454074,-2.84,142045287480,-125788500.0,,20260130
373110,1614,1614,1534,1541,130029,201864067,-3.39,26650661154,-40471043.0,-65126001.0,20260130
205100,2210,2265,2195,2250,1130195,2528545681,0.9,160790193000,503980666.0,81448312.0,20260130
356680,8520,8530,7750,7760,610915,4920239700,-3.24,221497497920,-670240150.0,,20260130
070300,1812,1943,1800,1850,566291,1066536149,2.1,43118094300,6858479.0,,20260130
317770,3020,3020,2805,2970,371358,1073311405,-0.83,98827287570,-349581155.0,,20260130
373200,632,645,612,645,887271,560727026,2.38,70953441720,-74499705.0,,20260130
069920,680,696,667,690,207558,141084852,0.58,32073000210,-12362039.0,,20260130
092870,24300,26700,24000,24500,1373493,34694049200,4.26,319744526500,1198640925.0,104188550.0,20260130
317870,10590,10590,10000,10180,34419,352296970,-2.49,87003563420,-47804510.0,10280.0,20260130
067570,2315,2315,2255,2300,137463,313508733,-0.65,96991000000,-44410793.0,-250085.0,20260130
0004V0,18970,21350,18940,20700,2596768,52443260585,9.81,215372487600,2981898590.0,1565518040.0,20260130
236810,2200,2210,2105,2120,74975,160381578,-4.29,35987903120,-14050470.0,-10.0,20260130
333620,6820,6900,6670,6700,38311,258376215,-1.76,70727504800,-39776590.0,27040.0,20260130
101400,513,544,485,503,4844896,2456097283,-1.57,35436717190,-48685013.0,64112302.0,20260130
475230,18730,19100,18150,18510,168679,3128267770,-1.17,194537119890,-347918950.0,265803735.0,20260130
451700,0,0,0,2105,0,0,0.0,30206750000,,,20260130
466910,3100,4030,3010,3700,9023966,33336383563,19.35,33670000000,-31037040.0,-5251147773.0,20260130
481890,2100,2110,2080,2095,21746,45514735,-0.48,13292775000,-228960.0,-20874030.0,20260130
0054V0,2005,2040,2005,2015,129019,260688845,0.5,12526247500,5303660.0,78767770.0,20260130
265740,4885,4925,4625,4645,147560,701305037,-4.72,82976422000,-135143314.0,,20260130
354200,2240,2240,2030,2030,896933,1905029959,-9.58,50827399840,-85897191.0,0.0,20260130
455900,38100,38550,36750,37200,339515,12800952800,-0.4,566111571600,-1074810700.0,1063669925.0,20260130
419080,8510,8530,8140,8140,221474,1824776495,-4.35,86977015180,155711810.0,-527850.0,20260130
183490,1302,1309,1254,1272,500106,634118668,-2.3,108203394864,-145429424.0,-47985133.0,20260130
182400,0,0,0,3685,0,0,0.0,263029901475,,,20260130
348370,89200,105000,86500,96100,1842752,178093002500,7.74,2099798069600,25633037500.0,7477143600.0,20260130
069410,5390,5570,5320,5430,39924,215019585,0.0,55629394320,-56265155.0,,20260130
227950,348,352,339,344,643658,221537707,-0.58,59354120168,-1461244.0,67374.0,20260130
291230,860,896,860,873,167143,145854899,-0.46,38495611575,27096882.0,,20260130
048830,912,929,907,923,51294,47021794,0.33,17282180929,-1536410.0,,20260130
096870,2400,2400,2340,2345,32981,77881265,-2.29,19576057655,-14779800.0,-81430.0,20260130
290650,79900,97500,78900,92200,1822410,160784664850,18.21,2290438208600,33523175500.0,10100813950.0,20260130
156100,15390,16260,15210,15890,554731,8778270940,2.38,346187564450,1427570090.0,-711552585.0,20260130
0041J0,2010,2015,1998,2015,73358,147157205,0.0,8281650000,0.0,13031830.0,20260130
073110,5240,5300,5120,5170,22656,116924885,-1.15,45991053350,35570260.0,,20260130
083310,13730,14450,13610,13800,402400,5646833700,0.51,245778455400,1198532915.0,-454672795.0,20260130
037950,903,910,834,840,1123161,971606014,-6.77,70935915960,-98551471.0,,20260130
489500,29050,31900,28450,30700,397482,12133390100,5.68,192736319200,1025796400.0,-7335175.0,20260130
170920,28250,29400,27150,27600,279223,7857658550,-2.47,291569877600,-712381550.0,78568025.0,20260130
058630,5860,5860,5700,5740,94303,545133670,-1.03,110222774760,-45437260.0,-22355390.0,20260130
226590,16900,17900,16400,17050,743877,12697427625,2.1,181254867200,-561119270.0,147780340.0,20260130
058970,42000,43300,41500,42150,137691,5846381775,-0.59,521012103600,724966825.0,739734250.0,20260130
169330,1969,1971,1920,1954,10997,21559929,-0.86,35791257772,-980030.0,,20260130
373170,12310,13300,12200,12740,152655,1964246960,0.31,64183228200,128452625.0,54461920.0,20260130
179290,7640,7790,7400,7490,187779,1412287660,-1.96,242418928220,26812100.0,-2147040.0,20260130
009780,8030,8030,7800,7800,51002,402693780,-3.47,137280000000,26672830.0,,20260130
123040,2315,2315,2245,2245,253712,575462385,-3.23,140600531255,-37986975.0,-2564420.0,20260130
432980,3560,3655,3495,3525,16841,59418240,-1.95,30285890550,-2492475.0,25338995.0,20260130
413390,10160,10400,9620,9990,452260,4495762490,-1.28,115685998200,116921645.0,,20260130
032790,1125,1130,1070,1076,401609,436878727,-4.36,55263588112,3225498.0,,20260130
033160,10400,10600,10090,10090,604416,6221662520,-4.0,227998483200,725596350.0,-355724250.0,20260130
347890,7010,7030,6750,6800,68988,472983800,-2.86,115009787200,-111470145.0,-12924580.0,20260130
033310,2115,2195,2000,2055,3045130,6390752320,-9.87,82903284705,92639370.0,,20260130
259630,12830,12960,12400,12500,191615,2422823330,-2.8,152383200000,-129354755.0,25403035.0,20260130
105550,1610,1673,1578,1595,686959,1109853746,-0.93,124899746345,163992652.0,,20260130
060850,6370,6370,6210,6270,35549,223051220,-1.57,50981370000,13033050.0,-2720.0,20260130
143540,1007,1073,987,1034,367670,381953514,2.99,46116291430,42634291.0,,20260130
265560,8280,8360,8110,8110,60729,496644310,-2.05,86697359800,-39058180.0,-25.0,20260130
036000,3060,3100,3010,3040,95235,290293099,-0.65,70024202080,-4017622.0,,20260130
250930,453,453,430,433,222718,97138985,-4.42,14289190520,-15934041.0,,20260130
053280,3645,3665,3600,3610,30639,110833475,-0.96,90250000000,-11801270.0,7280.0,20260130
122640,19230,22200,18980,21700,870790,18016527640,12.84,463291115700,3538144175.0,1189054610.0,20260130
476040,34200,34250,32300,32600,198963,6581766025,-4.68,214682736000,827207300.0,-498466300.0,20260130
900300,138,138,130,133,4783683,633570753,-2.92,33383648508,-3588513.0,,20260130
045060,2360,2360,2320,2340,38527,89892150,-0.43,39644219160,614365.0,-5958150.0,20260130
192410,823,823,794,794,384815,309382759,-4.34,37049288962,-50334721.0,,20260130
080520,3080,3125,3050,3080,21356,65586317,0.0,34873044360,808505.0,3995.0,20260130
039830,15150,15150,14400,14700,48910,718916545,-3.1,158214483000,-253687420.0,52490690.0,20260130
322310,27250,29450,27000,27800,502063,14217240900,2.02,260389867600,936807950.0,318094725.0,20260130
046120,4620,4630,4410,4450,857828,3860208302,-3.68,123281393800,-403795822.0,45116510.0,20260130
475830,110900,118500,108000,113000,385595,43267999500,-0.44,2399257584000,4144621850.0,-3327221650.0,20260130
014940,8630,8650,8340,8370,290640,2452179710,-3.01,381451542570,-314991435.0,-139246760.0,20260130
065500,2490,2490,2340,2370,740842,1769025085,-4.44,75230701440,-802599468.0,,20260130
010470,5870,5870,5770,5820,10783,62513880,0.0,69694791000,9331800.0,50.0,20260130
417860,11190,11220,10710,10740,17017,185347280,-4.02,50444770440,-33280005.0,290.0,20260130
352910,5760,5760,5500,5500,69991,390377050,-4.18,69507911000,-35309870.0,-238660.0,20260130
053980,3295,3330,3245,3290,126964,415662189,-0.15,62453356070,-114626905.0,,20260130
036220,11250,11420,11150,11350,23689,267121580,0.89,164681871600,-48995100.0,-3844040.0,20260130
052420,1540,1552,1508,1524,712128,1085395100,-1.04,143904739368,-133349961.0,0.0,20260130
052300,2325,2325,2240,2305,68042,154922225,1.1,38874154615,-4326795.0,-5778050.0,20260130
039200,56400,59200,53000,55600,779462,44484933050,0.0,2127154585600,3576177400.0,11165688150.0,20260130
226400,6410,6460,6120,6230,301182,1877824120,-2.5,128721774230,-247248890.0,-112167830.0,20260130
031510,1074,1074,1040,1047,48872,51313203,-2.51,29316000000,-38006.0,,20260130
342870,7370,7380,7130,7150,33112,238082570,-3.64,44674015100,-56448140.0,-2534660.0,20260130
368970,1968,1968,1892,1900,26915,51325141,-1.04,17757704000,-881851.0,0.0,20260130
138080,17240,17540,16330,16710,325798,5476938690,-1.3,198763528350,-224490275.0,-796530.0,20260130
080580,13300,14060,12540,12890,1371589,18060696025,-3.23,265291358640,-2313444790.0,-1246750375.0,20260130
067170,1910,1917,1865,1899,63521,120078898,-0.47,45370157895,622642.0,0.0,20260130
353590,3610,3610,3440,3470,58126,202024585,-2.53,44678227900,-88320770.0,104155.0,20260130
173130,6540,6670,6400,6590,111154,725191070,0.46,85976257070,-231029040.0,12960000.0,20260130
440320,3730,3790,3645,3685,41574,152921480,-2.25,36223550000,-3055135.0,,20260130
049480,2405,2410,2350,2375,159000,377404907,-0.84,74628159625,-51134478.0,,20260130
394280,15150,16090,15000,15900,1072177,16849753145,5.93,350747306100,704641535.0,1029605840.0,20260130
476060,18760,18820,18070,18370,655297,12035178640,-3.11,824589620800,330847115.0,-32501310.0,20260130
382150,9510,9520,8980,8980,169390,1548855950,-5.57,108765373860,-81096780.0,,20260130
244460,0,0,0,1651,0,0,0.0,13402000755,,,20260130
226950,144700,146200,137800,137900,578241,81632364350,-6.51,2784184865700,1683100950.0,6707985400.0,20260130
057540,821,831,810,829,283551,232465935,0.0,49283515295,-14765143.0,,20260130
131030,8060,8100,7820,7920,123627,983230860,-1.61,139760992800,86251445.0,,20260130
082210,1900,1938,1850,1889,209544,394367512,-0.84,62700394486,568128.0,,20260130
109080,9090,9090,8710,8850,40348,356914025,-1.99,49878600000,-28537280.0,,20260130
380540,3760,3860,3590,3800,1343571,4952555026,1.06,185414034600,-33466547.0,,20260130
153710,5250,5400,5170,5300,50449,264834040,1.15,77750777400,31526270.0,,20260130
432430,4085,4100,4010,4010,39974,161347804,-2.55,66198363200,-36821284.0,,20260130
338840,24750,24750,23000,23650,400819,9446365700,-6.89,358961615650,-656086750.0,-2068250000.0,20260130
122990,6100,6180,6060,6100,95465,585676205,0.16,162498394100,190346630.0,-65469500.0,20260130
232140,18600,20700,18450,19730,2760197,54870161285,5.85,1618754755500,2065270670.0,8272128690.0,20260130
112290,23700,24750,23200,23600,464905,11116128275,0.0,238608862000,-854541800.0,-463924925.0,20260130
065530,1338,1338,1322,1326,92777,123042714,-0.9,63434194434,-2425289.0,-1.0,20260130
067900,6750,6750,6620,6630,81439,543244440,-1.04,120663739170,-62327680.0,28695790.0,20260130
007530,2410,2420,2380,2385,58386,140164820,0.0,53076340935,808455.0,-551800.0,20260130
155650,3815,3830,3695,3760,81138,303345760,-1.44,73223586080,-24542385.0,,20260130
273640,8460,8500,8270,8300,22829,190956685,-1.89,91017800000,-43929645.0,60.0,20260130
251370,11770,11860,11230,11240,145467,1674979375,-3.35,198093872400,-234326555.0,-71595420.0,20260130
209640,4450,4480,4250,4250,1312038,5696907127,-5.76,120883370500,-512077385.0,0.0,20260130
096250,12030,12130,11715,11900,117973,1398302945,-2.06,155848778400,-16126645.0,93361155.0,20260130
273060,1160,1441,1160,1350,11706387,15554373989,18.01,68120435700,926551228.0,-9386.0,20260130
019210,8240,9360,8110,8970,2573858,22414384820,10.06,301157156430,-881684755.0,-199862165.0,20260130
122870,75900,77600,74400,74700,393500,29928381950,0.95,1396221360300,-4545980950.0,9060631150.0,20260130
079000,6800,6810,6500,6580,21933,146515080,-3.09,47376000000,-2867100.0,46924940.0,20260130
403490,1480,1490,1450,1466,270785,396005531,-0.95,67336992224,-22173444.0,0.0,20260130
032820,9110,9200,8750,9030,15197624,136855792720,0.22,1505813813700,2519942850.0,9191729135.0,20260130
041190,8580,8710,8400,8500,1367325,11706342175,-1.73,714000000000,-767792140.0,2851728720.0,20260130
115440,8170,8290,7860,8000,333516,2682817940,-0.37,86354336000,277192775.0,-1438250.0,20260130
046970,1527,1578,1443,1452,1787165,2693576839,-4.16,63633898548,-269192277.0,,20260130
082850,2075,2075,2020,2025,253428,516964235,-2.17,98124570450,-4615525.0,,20260130
215360,8960,8960,8740,8780,74518,657416180,0.11,80180391140,-222598565.0,,20260130
072470,3400,3440,3300,3300,56981,190806885,-2.8,62328225300,-33897399.0,,20260130
073560,1617,1659,1580,1642,462339,744514097,0.86,113688209806,-59094702.0,9622800.0,20260130
037400,955,955,948,953,94503,89913354,-0.31,24990848738,506374.0,-29007435.0,20260130
153490,654,686,648,659,53533,35154832,1.07,33925320000,2663826.0,,20260130
101170,21600,21650,19860,19900,822163,16836721535,-7.01,268650000000,-3411892480.0,60960.0,20260130
066590,3330,3355,3155,3155,650405,2082197876,-4.54,122028891235,-37867594.0,-20459465.0,20260130
103840,3115,3135,3010,3035,308086,940791219,-2.57,49672108980,-35947650.0,,20260130
101970,11910,12220,11880,12000,32521,392092000,0.33,177480108000,44826930.0,5088280.0,20260130
046940,3955,4040,3845,4020,166741,654209643,1.26,72658887000,-41406035.0,,20260130
215380,2345,2380,2165,2370,196804,455710668,0.64,39886095120,40063450.0,,20260130
065680,30000,31800,29650,31550,57216,1762933950,5.17,291536860050,-9116100.0,133897950.0,20260130
018620,788,792,781,790,65792,51775655,0.25,22822541470,-2201214.0,,20260130
457550,27800,27800,26700,26700,281438,7606506200,-4.3,248816178600,-385667875.0,-76107350.0,20260130
396470,7660,8050,7590,7680,294901,2300066485,-0.13,123801600000,27192670.0,,20260130
307280,6940,7300,6850,7000,127548,911038330,0.14,49662389000,-268590760.0,8390230.0,20260130
032940,14610,14910,13690,14010,803644,11332287365,-3.11,254887152300,-1618228265.0,70.0,20260130
240810,110000,120800,108600,114400,1190188,138008608850,3.06,5615198274400,-4636053500.0,36333365300.0,20260130
074600,27850,30100,27600,28500,1011118,29459339200,2.52,749208000000,3035291625.0,4986790850.0,20260130
104830,37600,41100,37300,40150,209234,8398304225,5.24,506211200000,-951292975.0,3315699700.0,20260130
014190,2065,2070,1979,1983,875616,1748013007,-3.97,70198013598,-108406377.0,,20260130
217820,4190,4400,4155,4305,987824,4261741119,2.74,204291876495,-371511155.0,-2459880.0,20260130
030530,44700,44800,42200,42300,1612105,69796212025,-1.86,3267166596300,-4880058500.0,707573875.0,20260130
012620,8170,8170,8000,8140,7481,60408150,-0.73,35816000000,-7133610.0,-4329170.0,20260130
136150,20000,20100,19000,19040,82245,1584230765,-5.27,159574811200,-454918720.0,40.0,20260130
382840,10620,10780,10210,10220,373272,3869256745,-3.68,156075557820,321571060.0,30.0,20260130
336570,9800,10480,9590,10220,3636315,36536174975,8.84,919482127340,558056130.0,6879409450.0,20260130
376980,3525,3550,3405,3455,34884,120538015,-1.99,33742891270,-27541515.0,3475.0,20260130
008370,4860,4860,4760,4790,3517,16855098,0.1,57480000000,-49415.0,,20260130
008290,466,466,434,435,635171,284889892,-4.81,17701750365,-26573933.0,,20260130
101160,24800,26650,24750,25900,651331,16855513800,6.15,427634718700,1855267650.0,-977684625.0,20260130
336060,1070,1070,1009,1031,299308,306379057,-0.19,49648011200,-65289210.0,-2174.0,20260130
095270,4625,4740,4550,4640,70922,327887941,0.65,66687963840,-2193865.0,13372430.0,20260130
289930,13150,13200,12580,12900,218488,2809913365,-1.68,161502749700,-41877065.0,-229731380.0,20260130
065950,1716,1716,1652,1670,82294,138462360,-1.82,47146274340,-24606758.0,,20260130
076080,1426,1426,1292,1325,521368,692517551,-7.08,29937256700,-6495435.0,0.0,20260130
043590,671,671,645,657,43154,28462948,-2.23,17828852634,2478485.0,,20260130
196700,2260,2290,2150,2210,212061,468381991,-2.21,31744758240,-5644583.0,,20260130
069080,17800,17850,16420,17310,309393,5330870340,-3.78,598941302040,-1266914205.0,1819102765.0,20260130
053580,10400,10400,10130,10150,48780,497188990,-2.22,138407917200,-117964845.0,-10380.0,20260130
479960,10330,10400,10140,10170,13402,137146095,-2.12,69674670000,-26390205.0,,20260130
377460,0,0,0,4080,0,0,0.0,253187202960,,,20260130
044340,5150,5150,5030,5100,36412,184811140,-1.16,91154467500,3923590.0,5090.0,20260130
330350,8850,8860,8480,8600,353895,3045840385,-2.38,113538395400,53649695.0,8460.0,20260130
348350,9300,9360,9050,9170,35357,325460270,-1.4,93383612000,-35960940.0,,20260130
112040,33650,34850,31500,32650,467560,15740636775,-2.83,1108417969950,809972625.0,3888741425.0,20260130
101730,7840,8040,7580,7760,260597,2048640935,-4.2,650313499360,-448815010.0,1020562270.0,20260130
123420,8650,8720,8230,8360,86114,728074840,-3.8,88217512240,66611390.0,30.0,20260130
065370,6350,6530,6150,6190,111339,703499550,-2.52,45706675260,-221725650.0,,20260130
038620,562,564,555,559,240934,134523617,-0.89,42332770935,-43600677.0,,20260130
299900,684,685,636,636,1338112,873451473,-6.61,108787090224,-79418808.0,-82315040.0,20260130
036090,720,720,693,715,735443,520391523,-0.69,84650483060,-114644532.0,,20260130
459100,7030,7150,6970,7000,123062,868307960,-0.28,93555000000,-112975855.0,,20260130
136540,11080,11190,10990,11010,39328,435190350,-0.45,135200003460,-49852750.0,102570940.0,20260130
097800,553,599,547,593,2911447,1685932397,7.82,80914985797,-42694262.0,,20260130
192390,2180,2180,2130,2175,18917,40659514,-0.23,23995098075,-3481605.0,,20260130
335870,2245,2245,2135,2155,22229,48115275,-1.37,36097269315,1959185.0,,20260130
900340,790,790,731,750,428163,322834706,-4.94,37748196000,-6641024.0,,20260130
036200,10800,12000,10780,11490,2384767,27651348205,4.55,352331922270,202939995.0,233957195.0,20260130
018000,995,1029,982,999,2175727,2179626140,0.5,244912584258,-202722427.0,2800815.0,20260130
203450,3470,3470,3320,3345,71879,240867000,-2.48,47094278415,-5119742.0,492970.0,20260130
011320,4165,4190,4050,4070,93619,382936270,-2.28,78635228650,1018480.0,14638275.0,20260130
086390,14200,14930,14000,14410,413028,5995084840,0.91,304542755660,-1211880720.0,1282627655.0,20260130
241690,4035,4040,3825,3880,730505,2850185189,-4.43,94946339280,-221842497.0,-103550940.0,20260130
142210,6840,6980,6680,6810,602554,4120381960,-0.29,143078583510,-301947015.0,-3384570.0,20260130
389680,890,890,876,890,1413177,1249402173,0.45,37017293850,,,20260130
088340,14830,15000,14230,14390,88580,1283702600,-2.9,62803255520,-331372380.0,,20260130
048430,8150,8190,8000,8040,53664,432301200,-1.35,92620800000,-128307600.0,,20260130
206650,12120,12730,12120,12520,433454,5404581780,4.33,459137283640,312511145.0,239609680.0,20260130
089850,5480,5580,5440,5470,74902,412836715,-0.18,80574188530,-32677500.0,,20260130
084440,1084,1089,1055,1080,95879,102964844,0.93,21289824000,2627817.0,10657260.0,20260130
032620,4065,4080,3950,3985,486426,1955137558,-2.09,208005598915,251596530.0,9052115.0,20260130
264450,12420,12500,11700,12020,191360,2309008710,-3.22,176279225860,306748360.0,,20260130
078070,11000,11000,10740,10790,24315,263081550,-2.09,189955489880,34353350.0,15840.0,20260130
024800,2870,2870,2775,2775,62741,176432466,-3.31,102818778300,-10246271.0,34377490.0,20260130
054930,22700,22900,22450,22650,22692,512940200,-0.22,67950000000,5118375.0,7344000.0,20260130
069330,1098,1098,1065,1089,36427,39459122,-0.82,15454098099,137280.0,,20260130
049520,3685,3685,3555,3625,274996,993797425,-2.03,116896839500,-10053525.0,151973010.0,20260130
444920,2100,2105,2095,2105,16630,34919420,0.24,11030200000,361190.0,21002100.0,20260130
450940,2115,2115,2110,2115,21531,45530865,0.0,9602100000,80370.0,42299757.0,20260130
473050,2050,2055,2040,2045,24992,51047810,-0.24,14335450000,0.0,-40815450.0,20260130
474490,2030,2035,2025,2035,68762,139601140,0.25,11212850000,308555.0,-83220160.0,20260130
493790,2000,2005,2000,2000,13247,26499120,-0.25,10620000000,0.0,-20000000.0,20260130
263770,2155,2155,2050,2135,422877,888135359,-0.93,50599867220,17887320.0,,20260130
388720,149700,154400,138300,138300,488646,71796158850,-8.23,1617666748500,-5326852300.0,7467881650.0,20260130
340930,1550,1567,1450,1466,7305181,10952279694,-5.42,100971900810,24747293.0,-15136976.0,20260130
023410,4055,4095,3960,3995,371401,1492503723,-1.48,308856897685,-53689143.0,-18040360.0,20260130
056080,34450,35000,33300,34400,1229020,42120312750,1.03,1290418028800,1784143325.0,7493869075.0,20260130
468760,2100,2100,2085,2100,3179,6638175,0.0,8904000000,-67200.0,0.0,20260130
488060,2045,2045,2030,2045,12014,24498980,0.0,9652400000,83640.0,-16710040.0,20260130
0105P0,1991,1996,1987,1996,32784,65332952,0.25,11297360000,-1335963.0,25919384.0,20260130
084370,107500,120500,105600,111000,690869,78952668200,3.26,2543680662000,-12409501300.0,26035438150.0,20260130
240600,4240,4240,3975,4000,99054,401890841,-5.66,27712604000,-139081794.0,0.0,20260130
221800,4990,5060,4700,4730,209662,1010821239,-5.21,64064047080,-307379169.0,,20260130
179900,25500,26000,24650,24700,205619,5212177250,-1.59,488823176400,321328950.0,2099186400.0,20260130
263050,740,742,709,725,215264,155261805,-2.03,26705270600,-77889883.0,,20260130
191410,3545,4350,3415,3900,4978618,19616684437,11.43,43696594500,-53493287.0,-1235560.0,20260130
372170,39300,39700,36500,36550,77192,2889159275,-7.0,291634204400,98391050.0,-223199950.0,20260130
146060,1599,1704,1570,1629,1310229,2150639734,1.88,39121404255,-85039262.0,,20260130
039020,3950,4090,3905,4055,350362,1403962843,2.66,91580994995,108737626.0,-41464893.0,20260130
067920,5370,5370,5190,5270,31280,164713020,-1.86,57949547130,-30237985.0,6655530.0,20260130
044960,4165,4185,4095,4160,153891,635605120,-0.12,52590233280,-61128965.0,10726785.0,20260130
303530,5280,5300,5210,5220,12859,67296950,-0.95,38311140780,-11483360.0,10.0,20260130
296640,5480,5480,5250,5370,11860,62728460,0.56,27807213240,-4203080.0,,20260130
302430,7750,7890,7580,7610,100494,776482090,-1.68,74830712880,-16301045.0,,20260130
462350,23000,23050,21200,22500,1425563,31709659050,-1.75,464625675000,-1649578750.0,495096775.0,20260130
274400,4145,4240,4070,4080,29141,120697635,-1.57,37072891440,-19650545.0,21715450.0,20260130
073490,29900,30900,29400,29650,145734,4359814475,-0.84,225454033900,-22675975.0,10501075.0,20260130
215790,564,574,543,543,214134,118328565,-3.72,21873749907,23879860.0,,20260130
344860,1786,1818,1719,1721,65553,114066772,-2.71,20703630000,-11269359.0,,20260130
469610,25500,25800,24700,24950,159956,4032552650,-4.77,221478655000,464995975.0,-48247100.0,20260130
088390,10250,10360,9910,9910,53632,539006450,-3.32,93013714040,-14429860.0,,20260130
272290,32600,34450,31700,32700,804191,26457035025,0.31,651634416600,-584899525.0,3858845700.0,20260130
053350,4320,4450,4225,4300,89190,380803054,-0.46,98990579500,-37584770.0,-18800.0,20260130
452400,11210,11370,10550,10790,58863,644435310,-4.68,97880708120,-14096750.0,,20260130
264850,9250,9260,8530,8530,3004219,26523948410,-5.22,258413040360,-3424411460.0,420.0,20260130
054210,11060,11060,10140,10420,749141,7808120495,-5.87,263534408200,-2047083915.0,13841335.0,20260130
009730,599,600,570,580,504050,291505541,-1.86,35888759760,-31713430.0,,20260130
065440,1500,1501,1457,1459,210504,308914217,-2.73,39794254180,-43551680.0,0.0,20260130
424870,11250,11250,10790,10870,647005,7060571870,-2.69,806174300030,722273835.0,-8465480.0,20260130
115610,1615,2020,1574,1733,9237578,16977766132,10.24,40963853354,-957464805.0,0.0,20260130
478110,2020,2025,2020,2025,2025,4093125,0.25,10165500000,0.0,,20260130
131400,2135,2135,1955,1992,2051105,4149264713,-4.23,118707028944,-160863670.0,0.0,20260130
351330,9930,9930,9380,9430,101187,970077380,-2.78,78160743600,-153825020.0,,20260130
080010,6960,7000,6870,6980,4903,34115580,0.29,68648795580,-5712490.0,,20260130
086890,5970,6000,5820,5910,299175,1767655790,-1.01,239776790790,236267140.0,-34486390.0,20260130
047560,18520,18600,17960,18000,158269,2888374115,-3.74,211183776000,112098550.0,26415220.0,20260130
900110,972,972,945,955,159523,152312296,-1.44,25103839565,-23729964.0,,20260130
239340,1755,1783,1685,1685,198654,341316053,-4.8,45460683290,-33420073.0,,20260130
067010,2430,2460,2400,2460,28350,68809331,1.23,30243240000,3848410.0,,20260130
456070,17890,18050,17350,17470,308749,5464624300,-3.21,190752396850,-95237410.0,-17496950.0,20260130
102710,55800,59900,55600,58900,463628,27052904000,5.37,841553540400,5520819200.0,-2068601250.0,20260130
041520,6870,6900,6570,6860,72932,487423400,-0.15,83614687800,45428660.0,-9587480.0,20260130
063760,2520,2520,2485,2520,51199,128074430,0.0,23499327600,8646220.0,,20260130
123570,1909,1912,1895,1910,17710,33666320,0.05,42547308980,3802968.0,,20260130
083470,826,895,800,826,818853,688145390,0.0,17627111754,-49001655.0,,20260130
095190,2485,2505,2400,2465,397554,970785308,-0.8,160867038830,35828735.0,-4005650.0,20260130
091120,8350,8440,7950,8200,117496,953865020,-1.8,140490075200,-178025580.0,16770.0,20260130
039030,362500,390000,353000,376000,299087,113409632250,4.3,4632150800000,2498299250.0,32562911750.0,20260130
294090,0,0,0,1490,0,0,0.0,61207866450,,,20260130
088290,768,768,724,749,141421,105368496,-2.6,29870392636,-8196121.0,,20260130
353810,7160,7190,6940,7050,235830,1660460095,-1.54,233227536000,661784875.0,-60617550.0,20260130
261520,10130,10230,9850,9850,182888,1820458650,-2.76,96226235850,-417607785.0,545490.0,20260130
099750,9700,9810,9480,9500,112528,1082780400,-1.45,129762143500,-227723210.0,-2169670.0,20260130
377330,3600,3610,3535,3550,25381,90325550,-1.39,28896836700,-2598340.0,3550.0,20260130
035810,5140,5270,5070,5220,275816,1428232945,1.75,336774485700,191458830.0,9114660.0,20260130
092130,15910,15910,15650,15690,12245,192856200,-0.51,188964084000,-16050800.0,-20.0,20260130
134060,4130,4170,4100,4100,8712,35820658,-2.26,19553925000,-723380.0,,20260130
001840,0,0,0,2215,0,0,0.0,36027920805,,,20260130
041830,32250,32850,31800,32650,23512,761981200,0.46,440150797300,174721700.0,-5678250.0,20260130
352940,2120,2130,2085,2115,22285,46844980,0.0,22985248950,549655.0,,20260130
079950,3480,3495,3015,3110,603941,1906714617,-10.5,18038000000,-149343105.0,,20260130
389470,78100,79000,73900,73900,219984,16684514300,-7.28,941430205500,-439621150.0,-1801787200.0,20260130
277410,1165,1189,1148,1151,190141,219561777,-1.2,44211642255,-59234970.0,,20260130
060150,4515,4550,4370,4375,164594,730775814,-2.67,203715802500,-108786762.0,6570450.0,20260130
033230,1779,1786,1720,1724,414233,721775442,-2.93,87088515120,-217783231.0,,20260130
450520,3630,3630,3500,3565,57576,204861340,-1.79,52421820570,-41835575.0,0.0,20260130
465480,5310,5360,5120,5120,23324,121083620,-3.58,51905392640,-20095490.0,,20260130
037330,1427,1440,1414,1440,71862,102162854,0.91,63194722560,-4105594.0,0.0,20260130
100030,21750,21750,21150,21550,20665,442154200,-0.92,70764036700,29496750.0,100.0,20260130
211050,17320,17330,15840,15840,445127,7332048345,-6.77,780336326880,268685930.0,863280230.0,20260130
083640,315,315,292,293,5185987,1549170958,-6.98,22772062843,37896882.0,92431174.0,20260130
064090,1047,1063,1000,1028,259316,265095685,-1.63,51135541860,17343696.0,-161066.0,20260130
216050,6920,7010,6830,6970,57371,397519560,0.58,89517257340,-20536980.0,42716030.0,20260130
049070,22950,22950,22050,22050,229691,5151176750,-1.78,379260000000,114658650.0,65900.0,20260130
119610,18010,18210,17480,17550,109235,1939527925,-3.84,200311259850,-171003740.0,-354113800.0,20260130
017250,1023,1023,1004,1016,24421,24653039,1.2,21382194472,-4102262.0,-51304.0,20260130
051370,11670,13240,11670,12450,1124161,14221904765,7.33,290427026400,1571565140.0,93363480.0,20260130
064290,17770,18070,17420,17580,199309,3536180635,-1.62,226148451960,64410630.0,-31468010.0,20260130
189300,104200,105700,99800,105100,295475,30435380050,-0.1,1128073403400,-952973550.0,7314163600.0,20260130
287840,49900,51300,48250,50100,222975,11070597275,-0.6,751545090000,1857327175.0,-1132781275.0,20260130
048530,4080,4105,3890,3955,453304,1816988504,-1.62,131272568385,-123307187.0,401939770.0,20260130
115310,76700,76700,73600,73700,3863,287965550,-0.94,235315477100,20099300.0,-3906200.0,20260130
039290,5860,5990,5770,5810,40511,236969010,-0.85,50512012180,-368275.0,17570.0,20260130
071200,7120,7750,6990,7010,234136,1722134225,-0.99,171019170580,3925555.0,45480.0,20260130
101930,43550,43950,42550,42950,11112,476886300,-1.26,396552281900,-154264650.0,100.0,20260130
333430,6120,6140,5900,5980,287451,1722807800,-1.97,183745947060,-479797240.0,0.0,20260130
068330,1662,1662,1609,1628,288179,470801922,-2.51,71983875920,-111721102.0,,20260130
178780,2595,2595,2470,2525,28541,71179666,0.0,47063967375,-20706340.0,,20260130
019540,4910,4910,4660,4725,254027,1205602724,-3.37,63851287500,-31654311.0,-1707480.0,20260130
094820,16000,16190,15180,15420,585030,9097722575,-3.63,232513692780,107976695.0,45099610.0,20260130
950140,12260,12290,11980,12120,109287,1326393985,-1.22,240798535920,-250611090.0,,20260130
049550,3585,3710,3430,3560,169140,601013615,-1.39,69798346120,-19248785.0,,20260130
389020,41900,42650,40250,40600,157837,6539474150,-3.56,251627838000,747544600.0,-5744900.0,20260130
254120,1495,1495,1440,1440,287473,419768118,-3.68,44286148800,-18916640.0,,20260130
043910,601,603,592,595,798881,476388793,-1.16,67467916915,-101226403.0,,20260130
234920,0,0,0,5310,0,0,0.0,71849132100,,,20260130
289220,4325,4440,4180,4180,110824,472618354,-3.35,93265083780,-46944803.0,-58881210.0,20260130
049630,4985,5280,4555,4695,19650510,94545133151,-4.77,548834044200,-3254844694.0,88629370.0,20260130
417840,6310,6930,6210,6530,2844211,18868453595,3.49,147405483930,-469266910.0,-198391390.0,20260130
110020,2525,2525,2350,2380,29961,71161880,-2.46,21559853560,-15492920.0,,20260130
208140,2565,2570,2540,2560,126850,324529740,0.0,83671669760,-51851155.0,1108870.0,20260130
040420,5800,5840,5780,5810,18589,107968555,0.17,91086577120,-17465340.0,-5880285.0,20260130
045510,871,871,855,866,144960,124755085,-0.92,27893246872,-509736.0,148594.0,20260130
217190,6000,6210,5830,5880,361669,2185484025,-1.34,77344114680,-94250150.0,-6040.0,20260130
095700,5280,5290,4920,5040,334150,1688121330,-5.44,229524089760,-285692825.0,-48527925.0,20260130
122310,4170,4300,4105,4115,16154,67051400,-1.2,59889068060,-3782020.0,,20260130
361390,27000,27100,25350,26400,404959,10574664125,-1.86,232340829600,-433399150.0,217201500.0,20260130
225220,1949,1949,1852,1870,155044,293504001,-4.05,35885339270,-62528736.0,-8929.0,20260130
123330,17290,17290,16360,16360,268421,4484248520,-5.38,130367604800,-408610570.0,-875550850.0,20260130
381620,14550,15310,14270,14690,1286347,18998084370,2.58,192702244800,776789305.0,-14765.0,20260130
159580,3890,3935,3825,3875,74018,284810455,-0.39,77626464500,-60789610.0,30.0,20260130
147830,7260,7570,7160,7280,1228170,9053722885,0.83,145600000000,-690133795.0,247668130.0,20260130
033100,44850,51000,44000,48850,1428551,69445137550,9.78,784648679650,7517550775.0,3803331475.0,20260130
079370,19730,20350,19280,19710,1646234,32722314995,0.72,611344872900,176089420.0,4027256035.0,20260130
054950,25200,25600,24950,25350,75954,1921022650,-0.2,306478762200,432789600.0,340592650.0,20260130
023440,762,772,716,723,1629782,1197738043,-8.94,64069399812,-324316492.0,-36418333.0,20260130
090470,5230,5470,4820,5050,147246,759541055,-3.44,88256799700,45468310.0,,20260130
137950,3260,3330,3235,3315,55944,183313745,0.0,73817803410,-1047370.0,10.0,20260130
033320,4305,4325,4195,4260,110922,472451254,-0.12,81427480320,-94633623.0,8510.0,20260130
417500,3440,3550,3410,3475,466658,1631284615,1.16,113926985400,-95932070.0,,20260130
204270,25150,26300,24300,24350,685121,17195403850,-4.13,1408610147100,81186350.0,2454476425.0,20260130
127120,21900,22000,20300,20850,204866,4308864225,-3.7,673333611300,-247465925.0,-60634750.0,20260130
026040,2770,3045,2710,2880,375297,1074814490,3.78,47530915200,72253275.0,-168073860.0,20260130
452160,7160,7380,6970,6980,77963,558505380,-2.51,67130338460,-25775180.0,,20260130
126880,3870,3980,3805,3855,241402,940312553,0.13,89454901065,-123175393.0,-49045718.0,20260130
322510,7410,7900,7140,7230,760874,5695470740,-3.34,184573889160,281433620.0,-236077530.0,20260130
033050,857,857,841,841,32528,27675898,-1.87,27399226622,301088.0,,20260130
094970,2645,2675,2595,2640,166255,437406569,-0.19,44215353600,4236778.0,12093335.0,20260130
418550,9100,9160,8660,8740,229003,2022997765,-3.96,279834462020,45284560.0,2927010.0,20260130
060230,3985,4380,3760,4130,333824,1340965280,3.25,33379568600,-10790801.0,,20260130
420570,8490,8590,8350,8350,15994,134686660,-1.65,48826483050,-17014470.0,0.0,20260130
089790,5770,6080,5670,5870,463503,2716797840,1.73,60552061310,185288900.0,,20260130
0010V0,14020,14020,13530,13900,40281,554427090,-0.93,70965060000,-52962170.0,100.0,20260130
052670,0,0,0,2080,0,0,0.0,60588453120,,,20260130
412540,0,0,0,3935,0,0,0.0,81063616775,,,20260130
199820,10300,10720,10170,10240,867416,9097051865,-0.39,227532800000,-1035616560.0,23011130.0,20260130
038010,5980,6010,5840,5920,38961,229824575,-1.17,53280000000,-31814720.0,11388230.0,20260130
080220,36100,44550,36100,43300,17048272,713520488100,17.5,1491374668900,37174326275.0,14340978700.0,20260130
216080,10750,11270,10530,10690,438901,4761681260,-1.84,384920367420,-499722125.0,-167651525.0,20260130
337930,5310,5370,5150,5260,653897,3439852625,-0.57,156098258500,-498109585.0,-2886990.0,20260130
229000,1786,1814,1730,1730,130241,231440258,-4.1,40530725450,29410400.0,,20260130
082270,42400,46100,42300,43050,761512,33697427900,3.61,1837390746450,-4508664675.0,8600177900.0,20260130
034940,930,935,901,906,138258,125637179,-2.58,28067723262,9890278.0,0.0,20260130
067000,2760,3287,2710,2970,11190163,34441086371,8.99,207613234620,1256808032.0,1833406633.0,20260130
309930,1067,1079,1000,1047,292360,300418048,-1.87,25637939256,55140775.0,,20260130
033340,1680,1702,1642,1673,1639475,2736228335,-0.42,162198283534,-86432208.0,,20260130
036930,38550,43950,38300,41350,2296499,95877440450,6.57,1954545073350,3249856375.0,17998106775.0,20260130
072020,9550,9630,9420,9550,53802,511836040,0.42,90330460850,-90347190.0,,20260130
000440,17200,17570,16830,17380,532345,9193262810,4.83,108227519400,-25439410.0,-17440.0,20260130
051980,2805,2960,2615,2725,6132037,17003121085,-3.71,302724907025,-485046223.0,-1278770.0,20260130
228760,23250,24950,22600,23850,408114,9689904100,2.58,581611776300,-1476715325.0,-286401775.0,20260130
314130,9280,9570,8360,8610,1473692,12911498030,-7.22,298326056070,-368001595.0,-725314950.0,20260130
389030,3980,3980,3690,3870,862347,3277075758,-2.76,129071640150,259818635.0,54486642.0,20260130
263860,19050,19080,18330,18650,31784,593375150,-2.1,169334540000,-150286680.0,-2051530.0,20260130
303030,761,765,720,741,470885,344586980,-3.77,27471603549,-7066884.0,,20260130
036180,0,0,0,577,0,0,0.0,53929030348,,,20260130
208350,2995,3015,2950,2950,22854,68010525,-1.5,25079631500,-8490295.0,920.0,20260130
446840,1671,1671,1630,1646,123891,204096410,-1.5,90238794618,-12773500.0,-6894469.0,20260130
144510,26950,27300,25950,26800,98371,2613756925,-1.47,423449219200,192238950.0,-42066800.0,20260130
340450,8120,8420,8040,8230,1001338,8270225415,1.6,194646026390,1535555465.0,-1714396235.0,20260130
306620,2570,2605,2450,2450,414673,1041452040,-4.67,110284937000,-98950230.0,,20260130
358570,16210,16700,15780,15810,836069,13545282555,-2.71,1009831987710,263094965.0,4621827980.0,20260130
382480,2405,2410,2320,2340,380320,899477247,-2.7,92095707600,183856835.0,,20260130
382800,3300,3375,3245,3290,236515,777432207,-0.3,104724124890,-21085720.0,,20260130
051160,7920,7950,7780,7860,66689,525076535,-0.76,121629019800,81239125.0,-16499735.0,20260130
053050,2430,2470,2400,2430,497264,1209334745,1.25,72869860710,32606713.0,2400.0,20260130
388610,12860,13080,12520,12970,36168,460352130,0.78,68270305730,-13476670.0,30074080.0,20260130
493330,20700,22350,20150,20150,631047,13182177605,2.54,154795241900,-110217200.0,-5606950.0,20260130
119850,37850,38000,36600,36600,367307,13648086825,-4.69,602030069400,-2544859075.0,1359101075.0,20260130
065060,751,775,742,743,42569,31888557,-1.07,17683997372,463231.0,,20260130
204840,1072,1080,1010,1050,394827,412776138,-2.05,81426456300,-1368177.0,0.0,20260130
311320,7770,7950,7700,7870,59620,467108950,1.29,99276587200,-25192600.0,-7860.0,20260130
456160,81400,81800,77400,77600,705655,55703256200,-7.73,1274235456000,-6342791150.0,-8274977450.0,20260130
388050,9060,9100,8650,8800,523307,4634476125,-2.65,164643045600,-655706470.0,32451895.0,20260130
018120,17500,17500,17240,17340,3005,52267745,-0.86,114810220800,1465840.0,392470.0,20260130
109820,2510,2510,2425,2430,82888,203239331,-3.19,49556545200,4929585.0,,20260130
086060,4370,4510,4285,4440,150283,661310734,2.07,38231006280,-50834170.0,,20260130
036890,14490,14590,14160,14340,134381,1931361145,-0.55,315947813820,215449590.0,7480045.0,20260130
363250,4980,5020,4205,4355,154741,713209100,-13.25,30671385290,9693725.0,4432500.0,20260130
007370,5080,5100,5000,5000,56952,286604650,-1.77,70672935000,11121150.0,,20260130
285800,1540,1540,1448,1483,200753,295729294,-4.01,25918791410,1605927.0,,20260130
085660,23250,23450,21800,21850,1929227,43493067275,-8.39,1736446397350,-1606652925.0,-358576500.0,20260130
261780,2990,2990,2795,2840,148955,424033790,-4.05,76297298640,-96164195.0,-8040.0,20260130
351870,4790,4790,4610,4670,14450,67213920,-1.48,52120198140,-3426260.0,,20260130
094850,5900,5910,5785,5840,102429,599147900,-0.51,81760000000,69431730.0,0.0,20260130
004650,9730,9810,9640,9720,23896,232116940,-0.31,89335402200,2301120.0,-7828530.0,20260130
278280,61900,63400,58500,58800,214903,12915535350,-5.92,692125686000,960882100.0,-1483640800.0,20260130
362320,5870,5880,5700,5700,161279,927751475,-2.9,120562353000,-294388880.0,-3385800.0,20260130
066360,763,774,763,767,45742,35157671,-0.39,36779195505,700122.0,-1177345.0,20260130
047820,4740,4770,4650,4670,78316,367719467,-1.48,114199853100,8982923.0,,20260130
094360,18500,19280,18440,18760,584613,11058863090,-0.21,399199180240,300560520.0,1658300.0,20260130
016920,1010,1015,994,1011,169190,170028519,-0.39,26784966918,-14921573.0,,20260130
284620,0,0,0,1087,0,0,0.0,35965517911,,,20260130
293490,17800,18440,17690,17760,695760,12577649615,0.11,1594615539360,1137149465.0,4229962505.0,20260130
140430,813,820,786,791,441323,351271796,-2.71,42277003349,-86172359.0,,20260130
042000,40400,40600,38000,38050,328451,12918334475,-4.88,922828704700,-2539537525.0,4086241525.0,20260130
313760,1494,1505,1422,1438,132365,191935511,-3.75,16115933468,-26491137.0,,20260130
317530,4555,4640,4350,4450,59922,267650677,-3.26,70494888600,8939351.0,26640.0,20260130
071850,1532,1535,1487,1531,26530,40512636,0.26,37143496078,22411.0,,20260130
198080,2445,2470,2395,2420,157215,381925172,-1.22,52115147700,-50965695.0,-1227470.0,20260130
210120,1905,1940,1768,1846,620858,1132021346,-3.05,44742384388,25784021.0,,20260130
050110,576,605,550,557,1647304,942067447,-3.3,41120033726,-92493267.0,0.0,20260130
452300,3065,3150,3020,3075,191688,590827475,0.33,43571227875,-216515.0,,20260130
451760,21950,22350,20850,21250,819245,17482289975,-3.19,324109165000,-2619031950.0,43553950.0,20260130
900310,567,571,558,563,97648,54758108,-0.71,36055463025,-172151.0,,20260130
078340,38650,38700,36900,36900,125410,4734808400,-3.91,446169449700,-235443450.0,827056950.0,20260130
063080,23300,23500,22500,22600,69224,1589950375,-3.0,149051339200,59010725.0,-7014350.0,20260130
307930,7500,7500,6770,7050,897927,6317073675,1.59,110050500000,-457960525.0,7000050.0,20260130
079190,490,505,465,465,312706,149059220,-5.1,17835314010,11298534.0,,20260130
263700,2980,2995,2870,2925,69039,202561926,-1.52,56786535000,-71544309.0,5780.0,20260130
214370,123600,135900,121000,125500,607367,77206859450,5.11,6741232500000,7104070750.0,6920121800.0,20260130
221980,10550,10550,10380,10440,1820,18945550,-0.38,42123312000,2722260.0,,20260130
038530,265,272,257,269,2689806,707846420,1.51,31127159343,22760528.0,,20260130
192250,10880,10880,10370,10410,58192,613463075,-3.52,73568771250,-69441265.0,21010000.0,20260130
431190,5590,6060,5390,5510,1047885,6038657885,-0.72,41250295420,144281925.0,,20260130
115500,10330,10330,9700,9730,213779,2130097010,-3.28,116760000000,-485873910.0,-20.0,20260130
089150,2905,2945,2815,2840,85196,243134854,-2.24,48706000000,-67172200.0,5.0,20260130
025880,2660,2740,2660,2705,111411,301613443,1.5,45216395890,-16571540.0,2341070.0,20260130
093320,140800,142400,131700,133200,23140,3149734000,-5.26,650016000000,-86100550.0,-69286400.0,20260130
093640,3745,3765,3595,3600,95853,350078118,-2.57,117445863600,-120961060.0,,20260130
073010,4700,4700,4450,4500,334937,1517946835,-3.85,180860625000,-189556850.0,-119293510.0,20260130
105330,5190,5970,5000,5700,205322,1131699130,11.33,91542159600,151044830.0,-19800000.0,20260130
053080,12800,12950,12550,12660,188749,2405885330,-0.94,164577556620,31436325.0,12840.0,20260130
199430,37450,37500,34550,35250,286916,10174161825,-3.16,387681015750,-957551325.0,-17416400.0,20260130
432470,17070,17420,16650,16710,331142,5591384910,-5.0,146572700760,-66905070.0,,20260130
272110,28600,30000,28000,28000,374373,10805168325,-2.95,224711060000,803502575.0,616531925.0,20260130
039420,2825,2830,2735,2765,69349,191723389,-2.12,66787828450,-24283369.0,,20260130
083550,3575,3625,3520,3550,46351,164587760,-1.39,45975648850,2291055.0,,20260130
032500,18970,19580,18250,18920,566200,10773991235,0.48,774397662280,-68992870.0,2971047270.0,20260130
225430,516,550,500,509,129110,66485545,-1.36,14194508450,-4940730.0,,20260130
102370,3665,3755,3575,3650,119485,435971522,-1.35,99386616500,15333838.0,3620.0,20260130
068100,3005,3050,2930,3050,32579,96276642,1.5,30315822700,-17789482.0,,20260130
106080,630,639,596,625,687609,420294982,0.0,18005680000,36225724.0,,20260130
455180,3730,3740,3575,3640,197609,719223846,-2.41,50808270240,-58262891.0,,20260130
036030,4790,4855,4705,4780,86292,412199325,-0.31,234312172740,42367300.0,32161235.0,20260130
064820,12070,12110,11720,11810,187619,2235248245,-0.17,364949407680,140306840.0,-533760.0,20260130
024880,5950,6100,5860,6000,346017,2070919130,1.01,120099552000,33402395.0,-3243940.0,20260130
042040,219,224,214,217,709501,154083641,-0.91,42346589558,-15354282.0,-22933636.0,20260130
054410,3800,3800,3655,3675,9044,33303885,-2.65,21044681700,-1378330.0,-905.0,20260130
258610,1350,1355,1320,1345,61259,81652059,-0.15,49072409735,-3264276.0,,20260130
274090,29850,30200,28500,29800,1948777,57284259300,-0.17,396031510400,-935591575.0,56360000.0,20260130
089010,34400,37400,34400,35200,873360,31304720050,0.28,575144169600,2222441350.0,2693400.0,20260130
220260,7090,7240,6730,6730,1400185,9761695760,-3.72,178737406110,-48335125.0,184016920.0,20260130
052400,62800,65200,60700,61500,224574,14110510400,-1.13,895642396500,-252833500.0,3164480900.0,20260130
402030,23600,23600,22600,23100,99557,2295383325,-3.55,289153972800,54066600.0,198077700.0,20260130
391710,2685,2740,2580,2640,721992,1906092742,-1.12,112518040800,100472237.0,,20260130
046070,0,0,0,10280,0,0,0.0,159196994920,,,20260130
047770,2995,3015,2900,2980,963430,2846149364,-0.5,112770953960,696093757.0,,20260130
080530,1039,1039,1000,1009,90144,91507933,-2.89,56010472875,-1916287.0,-2807.0,20260130
104540,6850,6900,6600,6640,84523,568264180,-2.21,84897313600,-78977370.0,,20260130
027050,2225,2230,2180,2190,295091,649046287,-1.13,87600000000,-92907032.0,,20260130
190650,7710,7880,7660,7780,50949,395543600,-0.13,49698640000,40946600.0,,20260130
123410,7980,7980,7740,7840,425138,3339461670,-2.37,218273941760,7087510.0,506308280.0,20260130
036690,0,0,0,2885,0,0,0.0,45885746130,,,20260130
049430,14260,15300,14080,14870,48838,719820630,4.06,134543760000,110012115.0,87633585.0,20260130
183300,121100,132500,119900,126700,294012,37528246600,4.71,1325368662800,7030205650.0,8168241400.0,20260130
041960,7200,7210,7000,7130,198825,1416577455,-0.56,526810709350,11836060.0,-23229200.0,20260130
089890,28000,28000,26200,26900,344245,9272937200,-5.78,446135477800,-69824900.0,-2745956850.0,20260130
360350,6290,6330,6130,6200,15764,97650790,-1.43,35513414000,-11100290.0,,20260130
082660,0,0,0,480,0,0,0.0,47827617120,,,20260130
222040,3205,3260,3200,3235,72915,235928795,0.94,66731580000,-3571292.0,,20260130
241710,94800,99000,90700,96400,232782,22541672450,5.01,1029552000000,-2486537350.0,7089687200.0,20260130
355150,14760,15110,14040,14870,125128,1824109105,-0.4,115946594500,-289080275.0,-5875730.0,20260130
166480,3975,3975,3135,3345,2527449,8904127305,-15.85,176851407720,-370437776.0,,20260130
045970,6110,6280,5940,5950,384734,2341261210,-2.46,156573512200,139063460.0,2662340.0,20260130
196450,814,835,798,810,83167,67035934,-0.74,36708861420,-2584655.0,,20260130
384470,4370,4595,4310,4335,178232,788335190,-3.56,77798909820,-122008392.0,,20260130
102940,62000,68300,60100,64800,110186,6963282450,6.58,839263680000,473547200.0,336392750.0,20260130
950160,104000,108700,101500,105000,608006,64111098950,0.67,8738232825000,-1624788550.0,997808350.0,20260130
056360,5470,5470,5230,5340,71635,382863830,-0.74,52314912000,-49900380.0,30.0,20260130
282880,19190,19270,18380,18630,196430,3684191330,-2.31,213674363100,456533380.0,38110.0,20260130
121850,3675,3700,3500,3530,34639,123481190,-3.95,10806802010,-47674860.0,-5287500.0,20260130
448710,19350,19900,18560,18900,170127,3263521660,-1.51,99892018800,-571398885.0,169428170.0,20260130
126730,17530,17780,16680,16840,173648,2969203005,-3.94,143198266400,-4950825.0,,20260130
015710,3485,3510,3435,3445,37941,131433114,-1.15,60392572500,-42112860.0,,20260130
052330,9820,9820,9530,9630,24259,233438300,-1.23,171044102070,470320.0,-8846670.0,20260130
322780,755,766,737,745,428484,320906018,0.27,31981836055,48518050.0,,20260130
200130,15050,15150,14600,14930,192658,2881160335,-0.13,439174280940,104693120.0,1217839530.0,20260130
294570,34750,34900,33400,33400,86614,2964019175,-4.43,337063848800,644227650.0,-93520775.0,20260130
464490,14270,14280,13380,13480,424695,5787680360,-6.19,152882651640,-802995750.0,357258725.0,20260130
317690,4360,4485,4260,4290,140520,606646730,-2.72,86001471270,-152308690.0,,20260130
432720,14540,15700,14540,14580,939159,14200663640,0.28,206205114960,-103425430.0,-940620.0,20260130
365270,9730,12430,9730,12080,2948204,33715904840,24.28,253790592400,2775403305.0,-52769780.0,20260130
348080,1077,1087,1001,1012,236540,242608022,-5.95,82768235528,-69037331.0,,20260130
060280,19440,20650,19200,19830,3065310,61247303010,3.01,814814501700,6295084550.0,5073661620.0,20260130
372320,51900,51900,48650,49200,138470,6856234100,-4.09,711374337600,790184175.0,-905404575.0,20260130
051780,1011,1028,997,1004,104822,105286058,-1.18,25914489980,-9676240.0,,20260130
115180,34900,35600,34150,34250,214224,7463415550,-4.06,1273821444750,345010550.0,-326373825.0,20260130
494120,66900,74600,64200,71700,368457,26084711250,3.17,546101759400,4569397000.0,-282557100.0,20260130
445680,119500,120900,117000,117900,78013,9265249050,-2.32,2018428310700,192161700.0,-1130200.0,20260130
182360,13250,13370,13170,13180,103188,1369514215,-0.9,204947009820,-188340895.0,-15796610.0,20260130
405100,17710,18380,17060,17710,362965,6454472555,0.0,217643520710,550835715.0,-180.0,20260130
066310,8750,8750,8330,8520,124949,1065031410,-0.35,78994210920,-98844580.0,1710050.0,20260130
016600,241,269,241,248,5338009,1354641827,2.48,44205283776,-42916053.0,99929756.0,20260130
355390,3660,3660,3315,3385,423827,1445828955,-7.51,46046750760,-106591587.0,,20260130
096240,12150,12530,12050,12490,70105,863862645,2.71,139115868200,148702320.0,172891435.0,20260130
040350,943,973,921,940,431173,409589247,0.11,91746501340,-12714051.0,,20260130
110790,3985,4055,3900,3925,7708,30322830,-2.24,91966518000,-11565040.0,30.0,20260130
900250,683,706,677,691,1074200,745944131,1.17,90272242764,25223266.0,,20260130
045520,3320,3320,3260,3275,8666,28422970,-0.61,21287500000,799060.0,,20260130
214150,76100,77500,74000,74300,682176,51614967700,-1.72,4867070463700,-10528096000.0,21266386700.0,20260130
466100,74800,79000,73900,74100,1626595,123741787500,0.82,1851917499900,8666969500.0,11138582800.0,20260130
237880,13430,13550,13150,13260,97277,1296378385,-0.53,239626140780,397981900.0,-13933580.0,20260130
139670,2365,2400,2340,2370,63885,151835086,-0.63,33461579700,-35639189.0,,20260130
475430,4895,4920,4700,4750,147634,707714976,-2.26,84778522500,21895447.0,,20260130
487720,2110,2115,2085,2110,6365,13388635,0.0,8925300000,125695.0,0.0,20260130
489480,2060,2065,2060,2065,47444,97747395,0.0,13629000000,5058585.0,-82401000.0,20260130
466690,1998,2015,1998,2015,49274,98908894,0.75,10266425000,-3340237.0,6392000.0,20260130
054780,3050,3050,2900,2900,129528,381245730,-3.65,57007599700,-5827430.0,510485.0,20260130
256940,9440,9450,9130,9230,157492,1455788600,-2.43,185321296810,-148251460.0,586720.0,20260130
219130,35750,36900,32550,35300,67020,2385495750,-1.26,222894437000,671241675.0,-196987250.0,20260130
336680,4555,4610,4455,4505,204712,925795905,-1.1,176350738790,-41367776.0,-190050.0,20260130
360070,24000,24500,23050,23400,38882,915081825,-2.3,190594006200,22026575.0,-56102450.0,20260130
065130,3740,3785,3675,3720,84566,315182907,0.13,59534880000,-29083925.0,,20260130
134580,1882,1882,1832,1847,109386,201882640,-1.86,91046293203,-58807167.0,,20260130
023160,28700,29350,27550,28500,356193,10198435175,0.35,755250000000,-1869520925.0,2690769925.0,20260130
323280,72900,76900,71800,74400,841442,62581883150,3.91,2272025712000,4486962900.0,14599767100.0,20260130
053620,6350,6380,6270,6320,4004,25271670,-0.32,54352000000,966560.0,,20260130
044490,32000,32000,30500,30650,272071,8381233100,-4.81,613226227650,-1005347000.0,-150440725.0,20260130
124560,2640,2700,2595,2620,227738,599101668,-0.95,101448524820,5643355.0,5.0,20260130
191420,14700,14940,14410,14810,9811,143653490,0.07,120091831540,-24369030.0,1322100.0,20260130
950250,9260,9270,8860,8910,1220037,11005766125,-3.99,316462983210,-980241985.0,-29055870.0,20260130
073640,0,0,0,654,0,0,0.0,69571715580,,,20260130
066700,3060,3060,2920,2980,145644,434920250,-2.61,110714080480,-34346055.0,-19210265.0,20260130
095610,71700,75800,70400,72200,928515,68108844450,0.28,1427265917200,-7033911950.0,5451940300.0,20260130
064520,1742,1774,1738,1743,15588,27241293,0.06,38957901066,-8618822.0,,20260130
089030,47200,51300,47000,50000,2460715,122959625225,5.04,1852682250000,10338389075.0,12861521500.0,20260130
054450,15900,16440,15640,15650,474219,7617900190,-1.7,237007246450,-15412730.0,690.0,20260130
200230,1030,1040,989,989,879463,880775493,-4.07,67769774137,-154790382.0,,20260130
393210,5130,5130,4950,4950,154535,772103740,-2.94,77291992800,-270611260.0,,20260130
475960,45800,47750,44050,45700,253637,11489829025,-0.44,611615621800,828555225.0,-3159393925.0,20260130
215480,2100,2105,2060,2100,28974,60362600,-0.71,19278000000,-11679800.0,,20260130
051360,15780,15940,15460,15600,88047,1379110930,-1.45,234737271600,78387990.0,62961200.0,20260130
045340,7320,7390,7030,7200,45933,329318165,-1.64,61617888000,-7065700.0,,20260130
108230,4870,4935,4800,4845,113623,553997681,-1.52,184222622025,142265482.0,-1265055.0,20260130
079970,0,0,0,596,0,0,0.0,7646223464,,,20260130
199800,59400,62900,56500,60700,65758,3942496300,5.02,544784745900,-110978600.0,-49188600.0,20260130
417790,8030,8100,7920,8020,35530,284653260,0.12,83956495820,-13176570.0,43684235.0,20260130
290090,7120,7240,6990,7090,20966,147541765,0.14,52751500120,-3331360.0,20.0,20260130
026150,6800,6800,6480,6610,259968,1723307495,-1.05,115981247910,-97621875.0,52580.0,20260130
464280,9870,10000,9500,9720,20787,202628875,-1.82,53751600000,-15764185.0,,20260130
117730,25700,25800,24250,24250,581521,14432345100,-2.61,536933994000,-1632028125.0,93977600.0,20260130
033830,593,594,587,592,101009,59647733,-0.17,59200000000,,-11865851.0,20260130
057680,838,850,801,801,232191,188908082,-4.42,57070049301,-59352835.0,9622569.0,20260130
204610,1930,1960,1871,1871,443326,854512998,-0.64,109812208120,189549538.0,-31422068.0,20260130
125020,4190,4230,3950,4015,785215,3187091826,-2.19,140679778250,-999949892.0,,20260130
064760,226500,244000,220000,238000,157715,37134071500,7.45,2660701008000,-7481785250.0,17904035750.0,20260130
246710,3470,3470,3200,3230,915753,2998461030,-7.18,153648025040,-105302684.0,-2052454.0,20260130
340570,53500,56500,53100,55000,136344,7477916350,5.16,447040000000,117158100.0,1215602500.0,20260130
043220,0,0,0,1710,0,0,0.0,27227331360,,,20260130
277880,6220,6450,6170,6180,246908,1548035435,-0.48,124874612640,42211340.0,-4040070.0,20260130
131290,81600,85400,78100,78300,236219,19122995350,-2.13,866109890700,2939404550.0,2670113500.0,20260130
425420,38400,40350,37700,38700,326600,12730646200,0.78,462879477000,32956850.0,-405834400.0,20260130
484810,23200,23200,21250,21350,676124,14861431650,2.64,329877035250,-1269384650.0,53569825.0,20260130
131100,1429,1455,1372,1372,43246,60926681,-3.99,44242505328,-2125163.0,-2920189.0,20260130
356860,57400,63700,57000,59700,683788,41632218550,4.01,587008011000,3260066250.0,-287048800.0,20260130
321550,6290,6300,5900,5950,323724,1956859905,-5.25,172698166900,-539411630.0,-201305060.0,20260130
425040,9540,10230,9310,9990,929215,9247045385,4.72,213077529180,667196965.0,580587110.0,20260130
241790,7450,7920,7360,7700,116916,901416500,2.53,77020281800,48607385.0,23338375.0,20260130
022220,648,665,637,646,178559,114781348,-0.46,33459298034,8215025.0,,20260130
104480,1818,1841,1731,1795,847544,1502355972,-1.27,163157304030,393295166.0,-743341251.0,20260130
081150,3140,3140,3040,3075,153321,472006864,-0.65,74625336150,-113378356.0,26793945.0,20260130
130740,2265,2310,2195,2205,351240,788241272,-2.65,24865077195,55113390.0,,20260130
084730,10290,10290,9900,9920,102674,1027031585,-3.41,110205486080,42749910.0,50.0,20260130
440110,0,0,0,21250,0,0,0.0,1051732476250,,,20260130
288330,1110,1120,1045,1059,616854,662284394,-4.59,112337418489,-12644564.0,,20260130
033540,1450,1451,1386,1409,617921,875734783,-2.76,53191247767,-43929998.0,,20260130
388870,10400,10400,9790,9980,334621,3342472465,-4.04,129200401360,-183975050.0,-189736810.0,20260130
043200,787,799,776,785,222058,174480134,0.38,32816387275,3369841.0,,20260130
214450,540000,542000,464500,473500,489054,241875999750,-11.33,4919498328000,-24561807000.0,-2152597750.0,20260130
177830,2980,3010,2930,2965,37637,111463970,-0.5,40009564715,-8068740.0,,20260130
037070,7440,7550,7400,7460,36138,270149995,0.27,149200000000,111208190.0,30020.0,20260130
150900,4000,4035,3910,3960,60706,240470100,-0.38,46347531120,-1250275.0,,20260130
037030,3000,3000,2880,2895,427827,1249835066,-3.66,72953762610,-225510450.0,,20260130
047310,5900,5900,5650,5700,683848,3926184640,-3.39,208681303500,142391365.0,-19690.0,20260130
368770,17690,18640,16500,16810,1178871,20365140350,-3.72,552279522250,-3361400755.0,402427980.0,20260130
170790,8780,8830,8530,8690,21638,187657700,-1.03,55592841150,-1859800.0,-2683090.0,20260130
049120,645,651,611,619,226786,142253492,-4.03,32812149461,18360337.0,,20260130
038950,3095,3095,2940,2980,10231,30462945,0.68,30428079700,16884080.0,5.0,20260130
387570,7390,7390,7260,7370,12408,90702350,-0.27,41462883000,-24743620.0,,20260130
441270,9690,9830,9360,9500,471435,4513118460,-0.21,374946285000,-119019135.0,735089925.0,20260130
106240,1991,2100,1938,2080,261730,529817476,3.23,43960020000,-83279250.0,-25.0,20260130
131760,804,810,784,797,190971,151706711,-0.99,34614971651,-23536060.0,,20260130
065690,1622,1653,1487,1535,197308,304392683,-6.12,21565723085,-7860521.0,0.0,20260130
140860,307500,315500,289500,303500,93223,28553051868,2.71,2123430769500,-2241643250.0,5879599250.0,20260130
091700,7240,7250,7130,7180,274774,1976512970,-0.83,394900000000,322918320.0,23701920.0,20260130
032800,448,451,436,439,313483,138407403,-3.09,20175148462,-1569253.0,,20260130
318010,3470,3545,3435,3520,18706,65008147,1.44,27911269760,-2585592.0,-3310.0,20260130
027710,1130,1137,1118,1130,415298,468243638,0.0,125900758000,-42597825.0,9622548.0,20260130
225590,825,850,816,847,75193,62408573,2.67,22561295911,966159.0,,20260130
054300,686,689,660,668,875369,588035825,-2.62,77315582520,-105847173.0,,20260130
068050,1823,1824,1796,1796,167636,301789079,-1.91,49738560496,-29357578.0,120332.0,20260130
222110,5510,5590,5350,5350,12646,68827630,-4.12,72193953950,-11292470.0,,20260130
271830,1776,1778,1734,1768,189186,330666840,-0.45,52138677136,-40269756.0,340312.0,20260130
263750,59500,59500,56700,57200,724857,42238778750,2.51,3674977306000,-10558721350.0,8987788800.0,20260130
251970,68700,70200,65100,65600,105292,7161344000,-0.61,813440000000,246467950.0,912791550.0,20260130
0015S0,25050,27100,24650,26100,1724373,45007229950,3.78,252197253000,-567873475.0,-119429675.0,20260130
168360,18860,19690,18620,18790,234684,4467830630,-0.84,400006856360,475644925.0,-909559700.0,20260130
087010,337500,340000,290500,305500,407863,133512605500,-8.67,7123450425000,3926028500.0,41009433500.0,20260130
064800,805,814,788,803,521070,415362357,0.0,102629260294,-29148542.0,94754.0,20260130
119500,4905,5220,4815,5130,1069223,5393951931,4.91,60776300160,-624241019.0,10.0,20260130
389140,8490,8490,8080,8320,413669,3413864795,-2.0,118724195200,36477055.0,13100830.0,20260130
105760,5380,5400,5260,5320,59846,317170275,-1.12,54117098840,-44182020.0,,20260130
009520,21250,21300,19890,19900,887190,18113936175,-3.4,828689789700,-913863455.0,2574225505.0,20260130
189690,2050,2050,2015,2030,82556,167251810,-0.73,55463597070,-38995605.0,,20260130
318020,3550,3555,3415,3415,33222,115168337,-4.61,42008843880,-5872905.0,4860.0,20260130
256630,1001,1004,988,991,55616,55286778,-1.0,57475098352,-112207.0,,20260130
331380,3575,3580,3295,3400,868943,2953580024,-4.9,100417320400,-386050416.0,-23796330.0,20260130
208710,2465,2630,2415,2470,192332,478447965,0.0,32554926040,-37986480.0,,20260130
472850,5320,6010,5280,5800,235882,1357977670,9.02,333915581600,295085385.0,126706060.0,20260130
039980,1897,1910,1827,1832,901934,1671601399,-3.48,133330717632,-76325774.0,,20260130
041910,6970,6970,6600,6730,165154,1111328175,-2.75,90865815110,20569520.0,,20260130
234100,1260,1261,1207,1220,1142748,1399983973,-3.1,86371367660,-110346796.0,-56633813.0,20260130
041020,4930,4955,4750,4780,758823,3663430827,-3.92,237687880440,37396034.0,37200169.0,20260130
114630,493,493,481,481,300609,146026553,-2.04,42302770588,-4254533.0,-8555777.0,20260130
290720,2010,2010,1871,1985,43303,84783396,-0.3,68218207175,672205.0,,20260130
005670,6290,6390,6180,6200,46764,293544030,-1.43,62000000000,-48326140.0,,20260130
094940,11250,11360,10700,10720,488025,5354139295,-3.86,89634057920,-466959665.0,11220.0,20260130
007330,10090,10320,10090,10130,53463,546100200,-0.49,152788764000,146672770.0,-1400.0,20260130
093380,2770,2785,2755,2785,8463,23439440,0.36,27513886705,-976535.0,-7227490.0,20260130
023900,9140,9150,9030,9030,17845,162145460,-0.66,113778000000,-18538250.0,-6990.0,20260130
371950,10820,11240,10440,10950,63517,675788970,1.2,248154900600,-22916500.0,100.0,20260130
370090,15600,15630,14910,15000,189631,2864466125,-3.6,128352450000,-659822765.0,90940.0,20260130
445180,9610,10700,9570,10360,900116,9259042120,7.8,178079987680,-401203400.0,-152515680.0,20260130
220100,25450,25500,24650,24850,225161,5606713575,-3.5,557321387000,598528450.0,-215879600.0,20260130
035200,3575,3575,3500,3510,66209,233838017,-1.82,34154370900,-20219425.0,,20260130
334970,2985,2990,2885,2945,178332,523222536,-1.34,228981515965,-103463685.0,2414325.0,20260130
227100,0,0,0,612,0,0,0.0,14770119384,,,20260130
321260,1805,1858,1792,1824,245968,449095473,1.05,51422361216,-16911170.0,,20260130
053610,39750,52000,39600,51000,974454,48141793775,27.5,561000000000,2629579675.0,471536800.0,20260130
468530,81500,81500,77000,78700,250863,19696392650,-4.02,860937076000,4220144850.0,-6711349350.0,20260130
303360,5390,5450,4855,5090,545125,2755755502,-5.57,65545024350,501890590.0,-2343550.0,20260130
377220,1400,1680,1375,1499,4421050,6773531607,9.02,42436690000,-135728778.0,7.0,20260130
335810,2655,2655,2610,2620,16583,43567830,-1.32,47049462200,-1907845.0,-1940.0,20260130
053160,6930,6960,6850,6890,17644,121638100,-1.29,41340000000,-17241210.0,6900.0,20260130
405000,6030,6030,5500,5730,9147,51663280,-2.05,21994284120,-226160.0,,20260130
041590,0,0,0,2370,0,0,0.0,116064014460,,,20260130
367000,4170,4220,4105,4200,14560,60823740,0.24,35230469400,-6863920.0,,20260130
075130,2380,2395,2360,2395,60260,143362516,0.21,39810456400,-30966395.0,,20260130
237820,4430,4495,4405,4435,50175,222938060,0.11,56888365900,8784275.0,,20260130
023770,2990,3175,2975,3020,31654,96639390,1.85,27018414900,-4369345.0,,20260130
019570,272,274,254,257,481308,126061043,-3.02,17247280794,-2895545.0,,20260130
300080,16990,16990,16250,16330,256118,4244513985,-2.22,269534014830,-1008333800.0,30290090.0,20260130
033790,5650,5660,5250,5320,678161,3662439800,-6.67,361958547720,-823402230.0,-26600000.0,20260130
032580,1135,1140,1115,1127,176864,199201588,-0.7,37339836128,-23247030.0,0.0,20260130
051380,1941,1943,1917,1934,98853,190628462,-0.36,29667699248,-47951935.0,1924.0,20260130
241820,0,0,0,6040,0,0,0.0,16803871920,,,20260130
452450,7080,7400,6900,6930,956260,6818575365,-2.39,248638005000,-716873490.0,,20260130
237750,4980,5660,4795,5600,287164,1540535327,12.34,36380960000,202661068.0,-190.0,20260130
460940,12080,12610,11690,11940,795394,9618242280,-0.58,158270431200,-66903900.0,-1103390.0,20260130
319660,54400,64700,53700,61500,1126300,67554937350,12.64,1781452911000,6307389150.0,8380261650.0,20260130
031980,78000,83800,77700,78900,346009,27906880700,0.38,1701272965500,-2293240250.0,8208076050.0,20260130
002230,14450,15170,14450,14980,492253,7305596955,5.05,288721823600,411186980.0,0.0,20260130
043370,11870,11910,11670,11770,109683,1292301100,-0.76,247170000000,283117365.0,171281270.0,20260130
239890,5200,5200,4980,5020,71133,357243950,-1.57,49877490100,-26341180.0,,20260130
347740,2445,2480,2405,2420,59205,145037814,-1.43,72625593920,-27039741.0,7694023.0,20260130
137400,54000,57000,52700,52900,726524,39831550950,-1.86,1253239511200,3684944050.0,5901135800.0,20260130
257370,3870,4020,3855,3905,133268,526320879,1.03,48831482205,-15865792.0,,20260130
147760,3510,3890,3510,3735,220352,821357961,6.41,40412199510,38750692.0,,20260130
128660,3140,3185,2995,3015,312923,959824683,0.84,74782157535,-39896731.0,3961360.0,20260130
006140,8300,8320,7970,8150,261858,2125833880,-1.09,122250000000,8995625.0,8289190.0,20260130
376180,2530,2540,2450,2480,124171,308473680,-1.98,46031374240,244335.0,,20260130
304840,1216,1220,1120,1144,303984,351561952,-6.69,24285187784,-138070276.0,,20260130
087600,7480,7990,7440,7530,50430,386006580,-0.4,61494181740,8028820.0,,20260130
291810,2330,2345,2230,2280,61760,140343860,-2.15,25920663360,-4746455.0,-2349415.0,20260130
378340,17280,17550,16360,17100,391165,6605309435,0.41,367015282200,132652720.0,40.0,20260130
161580,52500,60300,52500,55200,2063552,117229331450,2.99,1291831634400,10245551250.0,9516109750.0,20260130
347770,1081,1081,1054,1060,48030,50989522,-1.49,24228464520,-10444804.0,0.0,20260130
163730,12680,13100,12050,12180,359107,4447356080,-3.79,114571998240,-266226235.0,-2593870.0,20260130
417180,1837,1837,1803,1807,47590,86194027,-1.63,31710361761,-18303991.0,,20260130
454640,2125,2125,2120,2125,79415,168675870,0.0,11477125000,,21256375.0,20260130
469880,2070,2080,2065,2080,26206,54306105,0.48,15194400000,0.0,-24843765.0,20260130
469900,2065,2080,2050,2060,54180,111868330,-0.48,11546300000,-308680.0,-22612620.0,20260130
475240,2095,2130,2090,2100,16206,34105585,-0.24,6720000000,0.0,-20950000.0,20260130
475250,2085,2097,2070,2095,20568,42857975,0.24,7751500000,0.0,-20850000.0,20260130
484130,2055,2070,2015,2065,20321,41314310,0.24,9333800000,0.0,-26466420.0,20260130
0041L0,2005,2005,1998,2005,9189,18376640,0.0,12090150000,0.0,,20260130
0101C0,1977,1984,1972,1983,142254,281580669,0.25,15348420000,-2198896.0,93712451.0,20260130
299030,33400,33750,31600,31850,113340,3665253800,-6.19,254637883500,-230635850.0,-113706075.0,20260130
067310,36750,39500,36100,37750,3312608,126603986675,2.72,2506152700250,-695443225.0,14111974825.0,20260130
166090,65400,70700,64800,66900,466377,31702294350,2.76,1323126390600,2737043850.0,7267087550.0,20260130
136480,3015,3155,2995,3050,3355769,10325916689,1.16,323939591100,160387716.0,60885.0,20260130
003380,12550,15930,12190,14420,11029378,159871149180,14.81,1615121054820,5798302685.0,2297835920.0,20260130
450330,6070,6110,5970,6050,19633,118135350,-0.17,49530400150,-43881020.0,-6595800.0,20260130
101670,2710,2725,2485,2515,3261031,8358657245,-7.37,142093184260,574986914.0,33235725.0,20260130
365590,2380,2380,2210,2220,186282,424205595,-6.72,68723700840,-54546756.0,-2249885.0,20260130
149980,0,0,0,5090,0,0,0.0,94645307670,,,20260130
013030,34650,34650,33150,33650,67705,2300044875,-0.44,395998045600,-466107000.0,-15281300.0,20260130
126700,17990,17990,17305,17500,230790,4046678705,-2.78,261486960000,-1087344460.0,278147540.0,20260130
160190,86300,87500,82400,84200,313583,26561187500,-1.41,2600769600000,-2101592650.0,6907707800.0,20260130
221840,2420,2465,2385,2415,47129,113782855,0.63,45161854815,2223320.0,,20260130
106190,11940,11940,11730,11790,24518,289496710,-0.08,125365109670,30228380.0,,20260130
065650,1800,1900,1800,1803,44543,81991755,0.39,24043394448,-21269017.0,,20260130
066130,4405,4405,4315,4350,34667,150686289,-1.25,55680000000,15268685.0,7321850.0,20260130
004590,5160,5400,5070,5110,227428,1179374520,-1.16,76650000000,-52922130.0,-129503960.0,20260130
039340,5400,5470,5330,5420,8993,48592820,0.0,121950000000,386540.0,-159770.0,20260130
034950,96400,97400,96300,96900,2437,235506000,0.0,439975806600,-26109650.0,-12112850.0,20260130
222980,3005,3055,2965,3025,19406,58367740,0.83,33370236075,-7656995.0,10.0,20260130
256840,4940,5010,4850,4920,1261868,6216888512,-0.4,336502839120,662471414.0,234982925.0,20260130
219750,773,773,740,765,106441,80328928,-1.03,50051567025,-13935084.0,,20260130
025550,3405,3410,3310,3315,207307,693202994,-2.64,84578923260,-222474335.0,,20260130
017890,11050,11330,10920,11260,276903,3082553805,1.9,239539677560,1350490615.0,-914575895.0,20260130
080720,0,0,0,2725,0,0,0.0,21562456300,,,20260130
041460,4045,4045,3940,3970,127786,508347160,-1.37,75430000000,-90455215.0,23855.0,20260130
101680,3150,3165,3050,3065,115657,357071179,-2.7,25758260000,32851564.0,,20260130
039740,3120,3175,3025,3170,42331,130924811,1.6,25418318490,-3276790.0,,20260130
053300,6810,7340,6690,6720,1420765,9892968260,-0.74,285205945920,-845659260.0,-365420.0,20260130
025770,8010,8110,8000,8080,28807,232480350,0.37,302549709680,33678780.0,4760.0,20260130
458610,2085,2095,2085,2095,42189,88301310,0.24,8861850000,0.0,0.0,20260130
464440,2080,2085,2075,2085,30634,63625720,0.0,9007200000,0.0,28494905.0,20260130
479880,2055,2055,2030,2045,74483,151748490,-0.49,14049150000,145200.0,-98859855.0,20260130
062970,2865,3270,2825,2970,2148445,6581208425,3.66,68485455720,479042113.0,,20260130
023760,808,810,791,802,498004,398881123,-0.74,253118879952,31178980.0,-4752226.0,20260130
054040,4820,4840,4760,4815,49455,236959439,0.31,77383261350,2658993.0,56825.0,20260130
021650,2430,2430,2345,2395,20087,47787425,-1.44,39159598385,3537330.0,,20260130
032300,12850,12850,12420,12470,39968,500602905,-2.96,136006561470,-2619730.0,37790.0,20260130
037230,1842,1850,1817,1842,85824,156702721,-0.11,54892202334,3681121.0,-299906.0,20260130
448900,75900,78800,72100,72700,125811,9396634750,-0.41,436524023900,-577462250.0,-182954200.0,20260130
030520,26500,26750,25850,25900,366594,9633078800,-2.08,626255369600,88764425.0,1851709500.0,20260130
052600,3755,3755,3660,3675,56041,206514654,-2.13,42496597500,-47459804.0,5.0,20260130
256150,5240,5240,5120,5160,15494,79957170,-1.53,43318200000,-1864370.0,-2000.0,20260130
092460,16350,16590,15850,15940,123404,1986289005,-2.21,272728299200,-284484065.0,-1200730.0,20260130
125490,20750,24700,20400,24000,17048085,385815562200,24.8,876056448000,13911205075.0,911402250.0,20260130
452190,4980,5200,4880,4920,580670,2918955629,-1.01,114963460440,-7695658.0,,20260130
047080,1218,1220,1187,1216,120487,145003803,-0.16,30183992192,10019874.0,,20260130
452280,10830,10860,10270,10620,179868,1883289300,-1.94,183467403000,-169953635.0,4148020.0,20260130
066980,1345,1345,1290,1294,344806,450318122,-3.93,67204051750,-3301148.0,,20260130
114810,13770,14570,13480,14130,855583,12167521580,5.06,404021548620,-2397001690.0,4568898445.0,20260130
070590,1940,1971,1872,1960,76998,147545615,1.03,27203861160,-19256753.0,-9594585.0,20260130
042520,30000,39500,29400,39500,1004102,36596148150,29.93,562533996500,1383602975.0,6498459775.0,20260130
430690,4900,4900,4655,4710,95726,454112181,-2.69,51316990170,-37716725.0,,20260130
078350,28600,28850,26650,26800,481891,13370985225,-2.9,408549437600,-1066395475.0,229742975.0,20260130
045100,32350,32850,31100,31400,290454,9237564100,-4.12,565200000000,138749925.0,-686844075.0,20260130
320000,1909,1925,1846,1891,366636,687803408,-0.94,62208650584,-103430463.0,,20260130
091440,2990,3010,2830,2880,215823,618622661,-3.19,88829121600,-86234943.0,,20260130
276730,1195,1204,1178,1200,54152,64441734,0.42,26579816400,2690048.0,,20260130
024740,2320,2410,2310,2350,1615134,3800241830,1.73,77308065150,-294148581.0,,20260130
005860,3050,3050,3010,3020,133199,403179829,-1.15,118999128700,-31817066.0,,20260130
007770,7940,8000,7890,7910,2688,21269250,-1.13,27764100000,-950140.0,,20260130
198940,774,780,744,759,276025,209277634,-2.06,29542540302,6973287.0,,20260130
058450,985,994,960,985,21903,21268618,1.97,14571716685,1528075.0,,20260130
107640,50000,53300,48650,51500,358803,18382603275,2.18,466844719000,1417527850.0,-444223025.0,20260130
079170,6460,6460,6260,6430,19771,125368075,0.16,33436000000,-11581570.0,-9551360.0,20260130
054920,6300,6440,5920,6020,2517220,15519680210,-4.9,169866827620,364628160.0,-27839670.0,20260130
457370,9590,9880,9400,9610,223715,2153148385,1.37,77140757740,-438565820.0,92608395.0,20260130
002680,679,682,669,673,173388,116845355,-1.75,21749205727,-12125253.0,-1170821.0,20260130
098070,37300,37350,36200,36200,80160,2942271650,-3.21,402585304200,49891575.0,-146016925.0,20260130
455310,2095,2100,2085,2090,37718,79115100,-0.24,10575400000,-7697030.0,41998900.0,20260130
498390,2015,2020,2005,2020,16875,33996240,0.5,10019200000,0.0,29483330.0,20260130
034810,8360,8410,8140,8300,55050,456157890,-0.48,270221913100,32533935.0,,20260130
03481K,8390,8390,8140,8320,18403,151572490,-0.48,11555831040,-32870.0,,20260130
059270,16200,16380,14110,14510,1737278,26230936565,-10.15,162008488490,1284252090.0,-21178450.0,20260130
076610,1585,1585,1383,1410,6428618,9333555876,-9.56,68198524680,193952890.0,,20260130
220180,2005,2005,1923,1982,58526,114657213,-0.65,47430928844,-9185927.0,,20260130
900270,180,180,175,176,2405599,424010874,-2.22,42952279040,-12473909.0,,20260130
214180,20300,20300,19420,19420,305760,6070787995,-4.33,252331187140,-40663745.0,-121268580.0,20260130
234340,23650,24800,22750,24100,1236820,29727575775,0.0,336692809600,53753625.0,1086663150.0,20260130
084990,6480,6950,5980,6590,1242508,8067192280,1.7,303751532230,-455680975.0,154227215.0,20260130
187660,2870,3730,2780,3380,34972419,121042564643,17.77,187475935140,2547931199.0,-35998750.0,20260130
170030,6360,6390,6210,6230,147691,924854595,-2.04,95568200000,-181932045.0,100.0,20260130
319400,33450,34000,31500,31600,3754204,121752395525,-3.66,3519482832400,-7378725950.0,1766774575.0,20260130
048410,9920,12970,9920,11250,4739376,54579616240,11.39,1080460800000,4373107530.0,5636749790.0,20260130
052260,4400,4410,4300,4345,118935,517995215,-0.91,130350000000,135771450.0,17031980.0,20260130
016790,0,0,0,994,0,0,0.0,187340898626,,,20260130
041440,8460,8460,8080,8170,256247,2106674180,-3.43,146373262480,-240648560.0,97900.0,20260130
039010,8140,8170,7970,8130,55994,451160120,0.0,70121250000,-18145880.0,-1284820.0,20260130
090850,5230,5230,5130,5200,81575,422446180,0.0,123481077200,73944045.0,16909935.0,20260130
460930,18220,18250,17840,17860,308439,5525457960,-1.71,634220584060,-2487666470.0,-58764690.0,20260130
092300,3645,3660,3535,3600,244398,877021923,-1.64,68353498800,68722624.0,18818993.0,20260130
138360,2600,2960,2540,2795,3697080,10389791099,7.5,215191862990,-152845958.0,,20260130
011080,703,710,697,703,433256,303536718,-0.42,30202723266,-24676190.0,,20260130
308100,1329,1332,1282,1295,442145,574601587,-2.56,31109795360,19994969.0,1.0,20260130
064240,1880,1895,1816,1866,147305,271584973,-1.58,64739472366,-30661869.0,,20260130
039610,8730,8730,8400,8500,82394,701843495,-2.63,88488400000,-212852220.0,8490.0,20260130
126640,1379,1387,1338,1346,450439,608718181,-2.46,47185254860,-124239665.0,,20260130
127980,5570,5570,5470,5510,7069,39033630,-1.25,65242168840,-1734020.0,,20260130
061250,1111,1117,1072,1077,466652,506381973,-3.67,93177567219,-73229992.0,,20260130
097870,5920,5990,5860,5920,21980,129617660,0.0,50260800000,-8272930.0,30.0,20260130
290270,3905,3905,3815,3840,26649,102553748,-1.66,36893460480,-22930805.0,-7709470.0,20260130
353190,658,659,644,649,134112,86877701,-1.37,25556594580,-1847978.0,-1215933.0,20260130
090710,15180,15470,14500,14740,14557854,215656426935,-2.9,1760799083780,3367998330.0,213587465.0,20260130
078590,950,950,884,910,4884188,4443871038,-3.81,73032303890,316029544.0,,20260130
205470,1036,1042,1000,1000,1002867,1018749437,-3.47,129375009000,-63384604.0,-149995.0,20260130
115160,899,899,863,884,129422,113686265,-1.23,38869589616,-4736468.0,-10530075.0,20260130
028080,1771,1771,1709,1724,39578,68415015,-2.65,21683620344,4072606.0,,20260130
175140,4310,4340,4145,4170,137081,574913740,-3.14,104017535010,-31947410.0,,20260130
200670,43600,44950,42450,43750,170706,7464259875,1.16,491309437500,-238735100.0,-952554275.0,20260130
065510,8950,9000,8800,8870,119513,1062676420,-0.89,101879604810,67853870.0,-20660470.0,20260130
263920,3890,3935,3800,3805,13437,51659755,-2.31,37323343930,342180.0,,20260130
243070,27750,27800,27050,27500,21177,580648075,-0.36,329440787500,-52332525.0,-13022475.0,20260130
084110,51100,52500,50500,50800,30649,1568130800,-1.36,643118449600,189078600.0,-103642600.0,20260130
145020,296500,299000,276000,276500,200286,57359808000,-4.16,3402065124500,1078025000.0,12595050500.0,20260130
024060,14960,15950,14320,15390,11579891,176669637965,8.92,230850000000,2359708810.0,62740.0,20260130
010240,4990,5110,4960,5040,165530,828097120,1.1,58998240000,161414895.0,23986330.0,20260130
189980,2120,2615,2015,2175,23987956,57729787529,7.94,87299773725,263925443.0,-1844645.0,20260130
037440,4315,4335,4245,4270,49319,211141560,-0.93,59448968250,-55498650.0,,20260130
238490,3290,3290,3220,3235,16576,53771540,-1.07,36595083460,-4614155.0,10048040.0,20260130
