code,open,high,low,close,volume,거래대금,등락률,시가총액,foreign_net,inst_net,date
060310,1286,1287,1239,1243,123087,155185169,-3.34,65952386720,-38337689.0,0.0,20260323
054620,9400,9620,8870,8880,493105,4581862400,-6.53,163340682480,159813910.0,,20260323
265520,22300,22550,21100,21300,122080,2641689025,-7.59,320582487300,-797901850.0,-391953775.0,20260323
211270,16080,16080,15310,15470,151457,2376031780,-4.92,233323242880,511942050.0,-29717110.0,20260323
139050,0,0,0,2805,0,0,0.0,24247965555,,,20260323
126600,3545,3580,3460,3535,71129,249040610,-1.53,221880987965,-13654300.0,118530.0,20260323
083790,1549,1565,1486,1515,220764,333180377,-3.26,116494685730,-13768754.0,,20260323
035760,61000,62100,58300,58500,86969,5174156550,-5.95,1282855509000,-432477650.0,-2292465100.0,20260323
311690,8150,8150,7810,7810,17798,140287800,-2.98,102041258220,-29990230.0,,20260323
051500,32100,32900,30500,30950,51073,1604339850,-7.47,367425586700,80897700.0,-187036700.0,20260323
058820,1758,1758,1682,1684,1025582,1743989151,-4.7,248966236172,-633307009.0,528160.0,20260323
056730,463,465,454,461,27508,12634350,-0.43,34165256746,671978.0,0.0,20260323
065770,757,763,735,745,143772,107196506,-1.59,14461291850,3948811.0,,20260323
083660,295,310,279,280,419376,122518125,-6.04,17592248520,4944542.0,,20260323
477760,0,0,0,2230,0,0,0.0,13023200000,,,20260323
099520,0,0,0,1284,0,0,0.0,58141862016,,,20260323
290120,2695,2695,2540,2640,43416,113451150,-2.22,41776017360,23451575.0,,20260323
025440,902,902,861,861,78533,68537933,-5.38,42000633864,-9016510.0,,20260323
068790,7150,7490,7010,7170,282114,2043605260,-9.13,161828506080,21930705.0,99098320.0,20260323
241520,13700,13890,13200,13200,650578,8763931070,-6.91,356400000000,1159147740.0,13550.0,20260323
180400,4760,4935,4685,4835,299703,1449121856,-1.83,475906303720,-159304550.0,,20260323
418620,1393,1638,1311,1341,1526605,2210807751,-3.73,26619489657,-262870835.0,-4421382.0,20260323
245620,0,0,0,415,0,0,0.0,57474989665,,,20260323
037370,5260,5260,5050,5060,14343,73174400,-3.8,43642358320,-2429460.0,,20260323
050120,2335,2395,2330,2350,7294,17206550,-1.05,31875602100,-3101295.0,,20260323
214270,2500,2590,2345,2425,1381328,3400275987,-1.82,105950575575,-814606405.0,-12979085.0,20260323
130500,2495,2500,2410,2410,42615,103977305,-3.6,35053575320,1477415.0,10.0,20260323
900290,6090,6490,6050,6120,703301,4396384410,1.83,494802000000,-127141060.0,29795830.0,20260323
083450,29050,29700,28350,28350,182386,5269582950,-5.81,522490500000,-645957425.0,-213188800.0,20260323
297890,2000,2100,1992,1999,343129,697324197,-3.2,146208687086,-2316175.0,-24507958.0,20260323
440290,2110,2110,2020,2020,67710,138638070,-4.72,55562988600,-13714110.0,-24805.0,20260323
078150,2170,2340,2135,2195,4570887,10247210289,0.0,203511435620,-243748325.0,2195.0,20260323
225530,2855,2855,2750,2790,35910,100282075,-1.41,101385048330,24477080.0,-10985.0,20260323
060560,674,674,642,661,47924,31354039,-1.93,83907345288,-2290272.0,,20260323
376270,69000,69800,65300,65700,19050,1270224200,-6.14,471839463900,-495813000.0,86371800.0,20260323
195940,50300,51500,49350,50200,137642,6961257775,-3.65,1422160528200,412715250.0,1664164900.0,20260323
028300,50300,50300,48450,48750,578712,28476059650,-5.71,6489478320000,-7699830300.0,-5463887875.0,20260323
278650,1283,1283,1200,1228,163918,202768818,-4.29,107034916352,3981451.0,69998.0,20260323
067630,3860,3860,3605,3715,267667,1003066982,-4.74,452921870470,-195304444.0,72165.0,20260323
024850,4945,4945,4550,4555,2772738,13006391919,-7.89,674348081510,1994422482.0,-396148635.0,20260323
187420,2700,2730,2510,2525,82646,215296860,-6.13,73890925825,-20931211.0,25372825.0,20260323
047920,15470,15600,14900,15000,90769,1377935490,-5.3,491990340000,57471280.0,26065380.0,20260323
115450,3010,3035,2900,2945,546669,1620719053,-2.32,248505764535,183714971.0,59546955.0,20260323
046210,2345,2400,2260,2270,511622,1186226580,-6.97,103218384580,225903585.0,,20260323
196300,7400,7400,7020,7060,11571,82588580,-4.59,65611389880,17797110.0,,20260323
403870,49250,53300,49200,49200,5069604,257543500350,-3.91,4049160000000,-26552775675.0,7322566325.0,20260323
036640,5140,5170,5050,5110,71775,367196145,-1.35,83573028000,90695055.0,805240.0,20260323
467930,2190,2190,2140,2170,19379,41491610,0.93,9179100000,900815.0,34143845.0,20260323
469480,2150,2165,2145,2160,316,681635,0.7,9136800000,,0.0,20260323
0099X0,2145,2160,2145,2150,13831,29813560,0.0,12857000000,-555615.0,0.0,20260323
095340,236500,252500,235000,238000,262987,64068639500,-3.64,5044899804000,-3800565000.0,10789198250.0,20260323
950170,5290,5290,5000,5010,275974,1399838550,-5.65,259249203480,210555750.0,,20260323
067290,1991,1991,1869,1887,368773,705765402,-6.12,105742013361,-163192637.0,-12526613.0,20260323
035900,63800,63800,61100,61700,305819,18887047850,-6.8,2192354756400,5992667700.0,-10473495500.0,20260323
318000,4110,4115,3995,3995,15971,64239225,-2.8,34917190885,8441375.0,,20260323
024840,2200,2300,2165,2225,1264058,2822818393,-1.98,77672967775,-305849599.0,,20260323
024120,3620,3670,3565,3650,29355,106394762,0.41,41975000000,18665156.0,-4724635.0,20260323
464680,2085,2087,2075,2080,3308,6885624,-0.24,26842400000,166000.0,3129587.0,20260323
478390,2065,2090,2065,2075,10850,22497940,0.24,12906500000,440855.0,9992015.0,20260323
486630,2085,2085,2065,2080,6627,13780310,0.0,11044800000,256805.0,10404500.0,20260323
492220,2065,2090,2065,2080,5569,11586870,0.73,12916800000,6230.0,10408500.0,20260323
0037T0,2040,2045,2030,2040,7179,14625765,0.0,12913200000,0.0,10201160.0,20260323
0072Z0,2005,2010,2000,2010,13043,26148565,0.0,15848850000,-9375380.0,10341790.0,20260323
021320,7700,7700,6840,6840,213524,1515839905,-9.88,146376000000,-328777375.0,,20260323
044180,244,257,196,205,3573396,798799624,-22.93,5477148795,60539084.0,,20260323
046440,4920,4920,4850,4905,84816,413398938,-2.68,186442983810,-135834813.0,-23634440.0,20260323
151860,6940,7000,6440,6490,349011,2324405055,-6.48,308943482980,-515684650.0,81203510.0,20260323
035600,10500,10500,10290,10310,61860,641905420,-3.1,284086214540,-82099925.0,762080.0,20260323
060720,14650,14650,13950,13990,268468,3801983320,-6.36,331247413580,-678669290.0,89984950.0,20260323
058400,735,757,735,736,417428,311584577,-1.34,97468273920,,-17718701.0,20260323
101000,1183,1184,1110,1157,473219,537015876,-2.12,45865733836,-69864382.0,,20260323
089600,11800,11850,11520,11530,36247,421830560,-3.03,133380919390,-47117170.0,-23271830.0,20260323
418470,13340,13530,12920,12920,27590,361791880,-4.65,110669993880,49915940.0,-4170060.0,20260323
043610,1723,1723,1642,1687,60461,101074537,-2.09,98040743906,-10069015.0,0.0,20260323
122450,3205,3220,3045,3130,49859,157510801,-3.99,140286080420,-37105100.0,-1940245.0,20260323
052900,1125,1167,1103,1105,472717,529861978,-5.47,76776761360,7747091.0,27284817.0,20260323
036560,13170,13170,12820,12820,14951,194185360,-3.39,201915000000,-40384990.0,7980830.0,20260323
061970,4850,5010,4685,4700,518685,2489520087,-4.37,272990128200,385020530.0,13349795.0,20260323
309960,5510,5510,5220,5250,98055,519813495,-4.72,121890504750,-141349535.0,,20260323
225190,2100,2100,1986,1988,1391802,2796383281,-6.45,140091258720,281377667.0,,20260323
060370,30800,30950,29250,29600,353794,10580045100,-6.33,1546270078400,1914577400.0,-2507653625.0,20260323
417200,24700,25450,22850,22850,3427334,81245001875,-9.68,1545863258150,5657986150.0,-1123121700.0,20260323
078020,8120,8120,7830,7830,399205,3171352815,-6.0,434417717700,-586209865.0,-183696210.0,20260323
322180,7860,7900,7620,7620,127093,985169685,-6.16,159425518080,71822950.0,2892770.0,20260323
476080,6410,6590,6020,6020,57229,354421750,-8.93,48599460000,63694110.0,-48654220.0,20260323
086960,1168,1170,1121,1126,1587808,1817887333,-5.62,115631664920,36721921.0,24064.0,20260323
160550,1827,1827,1751,1751,49842,89159564,-4.16,48863591606,-20594116.0,,20260323
053290,2050,2185,1980,2035,205839,431571146,-0.49,33631034745,25093219.0,-20.0,20260323
060250,19350,19450,18440,18440,689886,13060248530,-9.16,740561666840,-3099161155.0,213447195.0,20260323
104200,5050,5550,4880,5070,299808,1565614010,0.4,75175678500,-134765260.0,150.0,20260323
063570,4200,4210,4080,4135,46930,193376235,-1.55,141200855280,29270650.0,-51340525.0,20260323
222160,0,0,0,8040,0,0,0.0,79551289560,,,20260323
024940,4315,4485,4235,4245,183445,798416303,-5.25,42450000000,-175994155.0,,20260323
332570,5190,5200,4995,5000,632740,3205074925,-6.89,236325080000,-671328000.0,-14296580.0,20260323
218410,77200,78700,73100,73600,375164,28447542100,-9.02,1954333331200,-727741500.0,-316557850.0,20260323
327260,69700,70900,61700,63200,353194,23345380500,-14.48,533479732000,-1403119350.0,-1790935050.0,20260323
474610,9380,9400,8730,8760,725052,6518316520,-7.3,125334996480,1223843935.0,54962110.0,20260323
091340,2225,2225,2140,2160,37757,82114440,-2.92,25280037360,6686435.0,2149005.0,20260323
419530,34700,34900,32500,32950,77042,2572935575,-8.22,329231951750,-544099625.0,-280371325.0,20260323
019550,652,652,624,625,1055751,670996190,-4.58,101291609375,-157256443.0,23749686.0,20260323
246960,2115,2115,2020,2040,28516,58442915,-3.55,69394775880,-4205030.0,1527260.0,20260323
099220,1401,1422,1273,1273,2241134,2990462559,-6.26,82674157550,51036131.0,,20260323
036540,6920,6970,6680,6710,1912021,13005077815,-5.49,1103528633130,-597419895.0,56532040.0,20260323
255220,2760,2785,2650,2650,2162564,5848592904,-6.85,288011881850,-605868538.0,-20656362.0,20260323
040610,2200,2200,2090,2090,240116,510063720,-4.13,71242239640,-67390440.0,-24687610.0,20260323
184230,565,565,531,533,129708,69856228,-4.31,47318137269,-13671073.0,,20260323
016250,18000,18170,16940,17330,16708,288125130,-2.75,87290967380,19067625.0,4088315.0,20260323
357880,4560,4995,4105,4440,4787306,21545985314,-4.52,221804679960,-454405020.0,,20260323
048550,1159,1159,1113,1125,98847,111176250,-3.1,108803947500,-10229702.0,15735599.0,20260323
063440,1437,1437,1370,1380,134192,186896066,-4.03,63520232520,-70086452.0,4613614.0,20260323
067160,61800,62200,60000,60100,55011,3352465550,-4.15,690835496700,-1190755750.0,-300278500.0,20260323
289080,3290,3290,3160,3190,754422,2435471189,-6.31,173269067180,397576303.0,,20260323
013720,881,906,812,826,704579,609856571,-4.84,50244046118,37234998.0,,20260323
089230,3000,3140,2850,3045,1458755,4403321742,6.65,99361352370,-155425003.0,,20260323
032540,3990,3990,3800,3860,45469,175157665,-3.98,53776010740,11898295.0,-30986295.0,20260323
048770,3040,3040,2945,3000,130069,389347343,-1.64,47093973000,22369877.0,-91680.0,20260323
246690,1701,1714,1641,1641,344167,574654873,-6.12,73306120215,-11319933.0,,20260323
317240,318,336,310,317,1219520,391729591,-0.31,46245087569,-4949827.0,,20260323
057030,2630,2645,2560,2560,31385,81183230,-3.4,41760504320,4133135.0,,20260323
040300,3245,3270,3105,3130,89228,282549001,-3.54,149228947400,-1093680.0,,20260323
051390,4280,4325,4100,4115,12091,50777480,-3.97,46727339320,-7086580.0,6090250.0,20260323
052220,3160,3220,3055,3090,114181,356385101,-2.22,71070000000,-19044532.0,,20260323
079940,26850,27100,25800,26000,26170,682423775,-4.94,348937784000,-300522025.0,73004725.0,20260323
078890,6230,6340,5970,6080,144569,881904085,-4.7,112023653440,-109356440.0,9190810.0,20260323
399720,64000,66900,63300,63700,123982,8019810500,-3.92,738946754000,653280450.0,505426550.0,20260323
036620,5200,5380,5180,5210,488980,2576444130,-3.34,471524646910,321552645.0,-294517085.0,20260323
198440,1068,1079,1050,1059,35122,37303280,-0.66,64526877864,209387.0,,20260323
217730,2695,2835,2615,2775,1091877,3016382940,1.46,261000263475,174430934.0,83887727.0,20260323
114190,12950,13010,12100,12360,104598,1320514520,-7.35,322880749680,-310598705.0,125900.0,20260323
094480,8830,8830,8180,8220,370495,3121700470,-7.22,322469268360,-383848835.0,-234235980.0,20260323
039240,2520,2525,2430,2430,96435,237922060,-4.14,65560437720,-30267790.0,,20260323
053950,850,877,815,817,1461259,1220948931,-0.61,63846391486,-35001211.0,,20260323
011040,5520,5540,5400,5450,30216,164490995,-1.27,167689774700,47422925.0,286660.0,20260323
024910,2020,2450,1965,2300,6800137,15500558162,17.29,82383711500,-34440952.0,5784820.0,20260323
049720,10500,10500,10250,10310,60034,623874170,-1.81,147433000000,-348720.0,-110470960.0,20260323
014570,3895,3920,3835,3845,33862,131339515,-2.78,42295000000,2933100.0,,20260323
348150,4830,5390,4710,4810,257807,1319732800,-2.43,93404856090,-74773420.0,,20260323
950190,8260,8340,8070,8220,18818,153716755,0.0,107000224980,28434900.0,2146080.0,20260323
098460,28100,28300,26800,27100,1437011,39295271650,-6.71,1860543860500,4087407050.0,-1176237200.0,20260323
035290,581,591,568,568,86714,49965146,-2.24,13540120320,-17924800.0,,20260323
215000,48500,49300,47300,47350,47159,2262132575,-3.56,297140900250,-580698950.0,-133353675.0,20260323
121440,5040,5040,4910,4960,102294,507289005,-1.78,212470617280,179675750.0,-28563310.0,20260323
366030,5760,5760,5370,5390,140033,778566625,-6.42,122104251500,88928005.0,,20260323
029480,2300,2300,2125,2125,266381,579608443,-7.61,126903155500,-155252816.0,,20260323
026910,1817,1817,1730,1738,18922,33320174,-3.55,11132593890,-3985352.0,,20260323
465320,0,0,0,2335,0,0,0.0,8896350000,,,20260323
482520,0,0,0,2095,0,0,0.0,12779500000,,,20260323
489210,2100,2115,2100,2115,391,825050,0.0,10955700000,-6330.0,0.0,20260323
0041B0,2080,2085,2080,2085,43,89575,0.0,10508400000,0.0,0.0,20260323
0098T0,2060,2075,2055,2075,22977,47324532,0.48,11205000000,114835.0,0.0,20260323
053270,2275,2330,2255,2280,68024,155462404,-2.56,62495723400,-16691971.0,4786090.0,20260323
066620,23700,23700,22750,22800,13921,321488425,-4.2,171000000000,83703675.0,-1244800.0,20260323
043650,4085,4100,4005,4005,38759,156812009,-2.67,71522507520,33951115.0,9143190.0,20260323
006050,1394,1430,1363,1391,700095,975544775,0.07,48539283013,-77011173.0,,20260323
060480,1512,1512,1487,1487,28774,43064977,-1.65,16490830000,-3593821.0,,20260323
078130,312,312,298,298,1251222,377355016,-4.49,335966949558,67105742.0,10306.0,20260323
307750,4775,4815,4520,4520,1177306,5489432939,-7.94,230209014960,649283460.0,-194605.0,20260323
035080,12420,12900,12420,12560,91345,1154427240,-0.08,171778070880,-81167410.0,106772040.0,20260323
318060,48900,49550,43800,44100,276314,12648370275,-13.36,490734965700,-3824319350.0,-37352425.0,20260323
453450,21800,23300,20900,21600,445212,9768542325,-0.92,171563400000,-1495405800.0,-117187350.0,20260323
204020,1982,2015,1964,1980,38196,75408076,-0.9,38512647360,-3946325.0,,20260323
0015G0,33400,33400,31000,31000,280094,8868496050,-10.01,362778771000,388931300.0,31450.0,20260323
402490,14250,15100,14170,14360,817549,11887598235,-3.62,237880407680,-576364705.0,-1117320.0,20260323
114450,2800,2800,2605,2615,224786,603182736,-7.43,52300000000,-42162474.0,35.0,20260323
186230,4520,4545,4365,4380,45855,203805002,-3.95,47830423440,-4519035.0,31386440.0,20260323
900070,558,558,519,534,217036,115737604,-4.81,28699278912,1727719.0,-20623.0,20260323
204620,4665,4800,4540,4540,1648988,7701583814,-6.0,319086318200,-1855846877.0,2109670883.0,20260323
019660,2840,2870,2760,2820,25882,72745345,-1.4,39323019060,-190240.0,,20260323
053260,4425,4480,4280,4300,55103,240653430,-2.27,80496000000,-4075065.0,3944035.0,20260323
282720,17000,17190,15460,15500,502051,8166385815,-6.46,187852250000,223380765.0,-12374235.0,20260323
036190,38800,42500,37450,40450,108994,4357277650,4.25,242700000000,10104225.0,147774400.0,20260323
049080,535,569,510,515,1148348,621822935,-4.1,43714923705,15532857.0,,20260323
420770,74900,75500,69400,70800,190541,13618042800,-10.04,897443666400,1410918200.0,-146500100.0,20260323
035460,2600,2730,2510,2510,435255,1127288969,-4.2,36589123400,42349789.0,,20260323
407400,4185,4185,3975,3980,99486,400912104,-5.01,58245445320,-43833630.0,,20260323
187790,3945,4025,3570,3620,338596,1292354994,-11.49,111643804600,-115574436.0,-131708745.0,20260323
121600,59000,61700,58500,59500,66091,3957297350,-2.3,726565864500,944470600.0,-817126900.0,20260323
286750,1578,1578,1332,1384,309857,441255528,-12.41,44327938088,-2826365.0,,20260323
247660,4030,4240,3950,4060,29223,119200150,0.74,17636315200,701760.0,,20260323
039860,6010,6120,5740,5750,929972,5467298700,-7.11,219035054750,726689270.0,50.0,20260323
091970,690,700,659,699,177491,122073995,0.58,26334058197,944873.0,,20260323
417010,10370,10410,10040,10100,190575,1938622995,-5.96,203744552800,15563535.0,-50520600.0,20260323
405920,2480,2485,2400,2430,1898,4592845,-1.02,31293724680,-191960.0,,20260323
478340,41900,42850,39900,40200,209128,8577620425,-6.29,463650358200,1360616975.0,-21415450.0,20260323
051490,3640,3645,3475,3490,56756,200117160,-4.38,49558000000,-31772545.0,35.0,20260323
137080,4735,4810,4505,4710,11157,52139660,-0.63,52089877620,1282430.0,4715.0,20260323
190510,17680,17860,17110,17350,69691,1218860340,-6.32,244380249950,-384880465.0,-171550.0,20260323
242040,7200,7200,6520,6640,2349854,16011370650,-8.29,229785592960,-940185890.0,,20260323
293580,1785,1835,1718,1720,1006285,1764493363,-7.03,163279514000,-84041521.0,5345000.0,20260323
459510,20800,20850,19800,19830,80645,1624475845,-8.19,257182845060,-39994080.0,75074540.0,20260323
138610,29500,29700,27750,27800,54714,1563038825,-10.03,315972131200,-478508775.0,51339100.0,20260323
130580,5800,5830,5580,5650,11675,66292270,-2.59,87010000000,789600.0,25082600.0,20260323
036800,26750,26750,25500,25550,14609,379182250,-4.66,255500000000,-145901950.0,-32646800.0,20260323
267320,3005,3030,2950,2955,858115,2559154117,-4.68,169662196725,-213797373.0,47790.0,20260323
111710,3990,3990,3875,3955,1078,4221795,-0.63,81425540000,39385.0,,20260323
091590,3925,3955,3835,3900,27527,107060185,-0.64,45786000000,2676985.0,10005.0,20260323
168330,2165,2180,2080,2095,59871,126041225,-3.9,66526515500,-23721955.0,-2065445.0,20260323
094860,1460,1460,1296,1341,154367,204499318,-3.46,33672528774,-27174627.0,,20260323
253590,18100,18570,17650,17650,1257533,22639950130,-7.59,774290744600,2686110390.0,-3834045275.0,20260323
212560,8250,8250,7750,7750,75040,590845620,-6.17,91544867750,-165686930.0,-92490.0,20260323
095660,24350,25000,24300,24400,54102,1333790400,-3.94,533306310400,285460800.0,-441988450.0,20260323
042420,23950,23950,22550,22850,12065,277462825,-4.59,191169566550,-15489625.0,29999450.0,20260323
950220,536,602,521,547,2598901,1473246429,0.74,91698207535,-110945033.0,,20260323
311390,4480,4480,4340,4355,37814,165534432,-2.9,55107251095,-28329855.0,35.0,20260323
085910,18200,18200,16750,16870,159531,2721114655,-8.07,235080379660,-178351260.0,-598264765.0,20260323
092730,17600,17600,16720,16850,29011,497955850,-5.28,270071614650,-147376570.0,-13448420.0,20260323
290660,1345,1470,1257,1271,15083350,20303945767,-2.68,98949688640,-897896021.0,734803.0,20260323
153460,6430,6640,6360,6590,3900,25182270,-0.45,43032792260,-546780.0,,20260323
007390,17650,18560,17420,17530,510650,9204322105,-2.61,1129546531680,109346060.0,-612474935.0,20260323
033640,20250,20800,19020,19020,340264,6724743375,-9.64,438586022040,-1697660465.0,-292593100.0,20260323
330860,24700,29250,24600,28000,2212291,60874431975,12.0,341153260000,-853358175.0,-571206975.0,20260323
351320,1310,1375,1262,1329,326250,430368554,1.61,39469495218,-43001889.0,,20260323
089140,2255,2255,2155,2165,51408,112142840,-2.04,33159646610,19823195.0,0.0,20260323
389650,75900,75900,71600,72000,76123,5588252800,-9.21,590679792000,-1832279150.0,999988300.0,20260323
137940,208,216,206,214,533831,112793225,2.88,18268964288,6800367.0,,20260323
396270,3975,4010,3645,3645,1161625,4367362335,-10.11,119874685995,-1162430065.0,,20260323
348210,76500,77800,72600,73700,86191,6462261450,-7.18,772155268500,155894600.0,-1519790000.0,20260323
225570,11330,11330,10860,10950,155821,1720718200,-1.08,721168905300,-145345430.0,-160477350.0,20260323
205500,1567,1580,1505,1548,87572,135525196,-2.03,99245529252,15913424.0,1916964.0,20260323
217270,4235,4235,4000,4040,67473,274995957,-4.6,188811997720,21191535.0,4786510.0,20260323
104620,4585,4585,4360,4360,86865,385188545,-5.53,73294006720,-68774745.0,,20260323
473980,18560,18760,17310,17330,152845,2723058450,-9.41,191623390260,66983380.0,-212236835.0,20260323
194700,13390,13390,13050,13240,48389,636966860,-1.85,248314187520,-54241930.0,-91784540.0,20260323
285490,22900,22900,21550,21700,59658,1310241325,-5.86,229495532700,45366075.0,-705500.0,20260323
145170,3820,3870,3715,3785,57434,217734900,-0.92,63998312925,16342895.0,,20260323
106520,0,0,0,411,0,0,0.0,15904036272,,,20260323
376930,1621,1630,1583,1612,277673,445821785,-2.01,82681612676,-48891288.0,56420.0,20260323
486990,41400,41600,39600,40100,320357,12942113975,-8.34,855983823000,1074218475.0,556426600.0,20260323
142280,3600,3635,3515,3515,42524,151285605,-3.57,76422869890,3924140.0,,20260323
234690,10400,12480,10400,11800,1576896,18588155705,12.81,209476856800,1707032725.0,-22439080.0,20260323
054050,8250,8250,8010,8020,48163,390624565,-2.79,128565099220,-91864010.0,10359000.0,20260323
069140,2445,2465,2260,2300,381383,891114379,-1.5,34720349200,-73047864.0,,20260323
040160,10300,10300,9880,10030,86167,862442755,-2.34,120917016050,-103790820.0,,20260323
332290,1410,1415,1286,1355,1304502,1782631552,-0.59,54070467420,9698361.0,-57193122.0,20260323
348340,65000,65100,61600,62300,280344,17548620800,-7.01,770162007300,2936319400.0,1160007500.0,20260323
380550,21750,21750,20500,20950,344038,7274610325,-7.3,253323943250,780384325.0,-272774375.0,20260323
060260,1135,1160,1112,1117,110778,125790647,-1.59,15092914053,-2749791.0,,20260323
463020,12690,12760,12350,12390,48905,611522635,-5.06,110013288000,56072735.0,15369800.0,20260323
123840,728,800,620,645,4381816,3131953803,4.71,41057028015,163605750.0,-29745097.0,20260323
012340,330,331,309,312,974871,309891734,-5.74,17628487344,-5484292.0,-31496150.0,20260323
462310,4155,4155,3980,4000,23805,95737615,-4.53,32740484000,-21137905.0,,20260323
270870,4305,4330,4150,4150,10948,45851560,-4.38,38180929600,-342465.0,,20260323
144960,5640,5640,5280,5340,225114,1215674295,-6.32,233318612160,139538970.0,60136200.0,20260323
085670,5600,6040,5510,5710,788693,4539495560,0.0,139613845310,165844165.0,-257664370.0,20260323
064260,7100,7140,6700,6700,1480054,10188720090,-8.34,506824561900,-1169114820.0,44339425.0,20260323
340360,2065,2190,1746,1759,2983820,5686600841,-20.59,89731706931,-303558668.0,,20260323
039560,4885,5370,4815,5110,3382201,17405856130,2.4,206260290390,-341060970.0,-934692475.0,20260323
208860,1433,1433,1355,1355,83595,115111389,-5.44,46002213415,-36332654.0,,20260323
154040,1070,1074,1040,1046,36919,38804036,-2.61,18775798324,-1075952.0,,20260323
032190,24950,24950,23400,23400,196570,4732092800,-9.65,896220000000,-883909625.0,-19019175.0,20260323
323350,11600,12990,10820,12090,511224,6120973865,1.68,96850233480,458320355.0,-1719010.0,20260323
068240,0,0,0,2530,0,0,0.0,96553495610,,,20260323
464580,2155,2155,1999,2050,56119,114650570,-5.75,37732482450,10976808.0,,20260323
020400,6850,7000,6610,6650,27400,183455920,-5.0,21207953900,43624270.0,,20260323
008830,20800,21000,19430,19520,407587,8170384555,-10.25,175436390400,-1728153015.0,670.0,20260323
048470,3355,3355,3165,3165,36238,117273490,-5.52,30542250000,4347325.0,25.0,20260323
004780,3775,3790,3680,3760,61433,228587300,-0.53,59796028240,7452440.0,23404265.0,20260323
017650,8630,8730,8610,8650,89001,773186350,-0.23,75990250000,72175690.0,-191000.0,20260323
389260,25500,25650,21550,22400,1108710,26024061100,-4.07,401325680000,-3916484200.0,-1710505775.0,20260323
317850,8640,8820,8430,8480,101332,869218835,-4.07,70591081600,-57921070.0,70.0,20260323
290670,11190,11550,10750,10750,25649,280086590,-4.7,84469845000,34627000.0,11040.0,20260323
078140,10200,10200,9960,9960,40839,409056455,-3.3,110422326840,-93131880.0,-169320.0,20260323
065150,0,0,0,145,0,0,0.0,23110448725,,,20260323
036480,9150,9260,8610,8820,111220,991387260,-3.61,33516000000,109469560.0,,20260323
027830,1470,1496,1440,1451,233682,343067126,-2.62,78354000000,-21992385.0,,20260323
104040,635,678,635,664,149193,98927973,-1.34,89021036464,36456897.0,,20260323
129920,9980,10450,9070,9330,442718,4206148180,-6.51,127961444490,980166465.0,,20260323
457630,2100,2105,2095,2100,12755,26785465,0.0,15351000000,0.0,0.0,20260323
471050,2120,2125,2105,2120,20972,44296140,-0.24,12847200000,-309520.0,0.0,20260323
482690,2155,2155,2130,2145,1241,2644275,-0.23,12044175000,-57860.0,-2500595.0,20260323
020180,1050,1050,1027,1029,238228,247451061,-2.37,39543353535,-34593354.0,,20260323
045390,4110,4145,4000,4020,937632,3804152361,-4.85,283302975540,116879525.0,-205205.0,20260323
108380,27400,27400,26300,26500,40714,1085640425,-6.36,253534324500,-772316200.0,359801950.0,20260323
007680,4245,4245,4170,4200,3198,13462615,-1.06,56475190800,-149610.0,351515.0,20260323
048910,8230,8230,7560,7640,194224,1508506785,-6.6,96103147440,-301369060.0,2651900.0,20260323
005710,12990,13000,12400,12860,109539,1393630175,-2.35,257683536000,712726860.0,121936350.0,20260323
120240,13700,13880,13380,13380,26267,356090590,-2.9,96207431580,53852370.0,1859620.0,20260323
003310,3900,3955,3670,3700,1133739,4265357702,-5.73,130951695000,888909755.0,,20260323
078600,123000,129300,122500,124700,329271,41365407600,-1.19,1930429947100,-6983431450.0,7609123350.0,20260323
393970,0,0,0,2825,0,0,0.0,50428566500,,,20260323
096350,3760,4180,3760,3870,6351787,25434492219,3.75,142627928940,-1145787083.0,-121197182.0,20260323
140520,2100,2120,2055,2105,25111,52270655,-0.47,44434956515,1941815.0,-520985.0,20260323
131220,4625,4625,4475,4485,13862,62556849,-3.03,33433387650,-2428980.0,5.0,20260323
010170,7280,8000,7000,7350,22156479,169313131305,-1.21,1142819601000,-2745597340.0,-958833205.0,20260323
054670,7160,7160,6880,6900,160990,1126258925,-3.63,99048948000,245485030.0,20.0,20260323
023910,29350,29400,28800,29100,9898,288183100,-0.85,174600000000,-42738050.0,-3693350.0,20260323
021040,1192,1198,1173,1181,14067,16646036,-0.76,25633338094,-4033311.0,0.0,20260323
021045,2670,2670,2625,2665,57,151290,-0.19,2261231180,,,20260323
067080,14200,14340,13910,13910,63752,893859490,-5.31,258957601500,-162885300.0,111456640.0,20260323
298540,7320,7370,6950,7140,34166,247351390,-3.25,103432796040,37418800.0,13099690.0,20260323
032860,1282,1282,1241,1245,60847,76500883,-2.89,50292849435,-5327444.0,,20260323
393890,12930,14250,12910,13460,1604352,21922561890,1.74,455528718240,-406834020.0,2335510975.0,20260323
299170,2580,2580,2410,2440,569210,1409188043,-7.4,101287542720,144816771.0,2893020.0,20260323
462860,3600,3615,3460,3465,467411,1655748967,-6.85,248938458615,-188047938.0,,20260323
224060,6860,7140,6620,6730,174042,1189499235,-5.34,34731659060,-123926295.0,,20260323
043090,0,0,0,380,0,0,0.0,4718944500,,,20260323
403850,17550,17600,16700,16890,47637,813151760,-5.11,242388558900,-133191845.0,-2395140.0,20260323
213420,46350,51700,46300,48500,594356,29493147600,1.15,1204312181500,662356575.0,4527716150.0,20260323
317330,15440,15450,14970,15180,93855,1422022935,-4.29,310834545120,-107112885.0,-35803590.0,20260323
077360,11470,11690,11070,11170,729251,8238617445,-5.82,507531312340,1944447640.0,-1507079780.0,20260323
090410,1203,1205,1184,1190,179430,214649243,-2.86,54840073050,6223779.0,,20260323
0001A0,18160,18630,17500,17670,379865,6834651015,-2.75,438060415650,708225385.0,26046540.0,20260323
263600,5190,5270,5050,5140,52792,270371210,-1.91,81881793400,-41148870.0,25970.0,20260323
194480,40300,40650,37100,38050,175288,6701968925,-4.88,461514157500,-883156250.0,-2691487000.0,20260323
373160,4620,4630,4450,4550,18211,82381950,-1.52,62813746450,4312565.0,,20260323
263800,4495,4660,4370,4415,77785,345073305,-5.26,71635052700,-22069830.0,0.0,20260323
206560,3180,3180,3045,3090,49152,152314514,-3.59,78522264240,-33829992.0,19503330.0,20260323
261200,4000,4005,3905,3925,30395,120008400,-2.0,62053072500,51900240.0,,20260323
484120,21600,22150,21250,21750,14035,303389850,-2.68,238323928500,54554050.0,-21386800.0,20260323
067990,4340,4405,4285,4335,135913,591634260,-0.34,126502019250,84144855.0,2792905.0,20260323
006620,5320,5370,5120,5140,108686,569430060,-3.2,146310058880,65956080.0,-3700160.0,20260323
100130,2615,2615,2345,2370,1163369,2846367208,-6.88,135428910000,-440499385.0,-158544460.0,20260323
005160,3185,3320,3090,3185,1008547,3259423596,1.27,172768675170,-1167874170.0,3565.0,20260323
303810,3330,3330,3210,3210,192381,626909192,-4.46,102669089400,-160155022.0,,20260323
075970,2245,2255,2180,2200,45872,101308780,-2.0,40480000000,2790975.0,,20260323
086450,18330,18390,17760,17880,188390,3410202665,-4.69,808719909600,-58712955.0,-679162270.0,20260323
240550,6870,6870,6630,6630,107755,723294685,-4.05,138792022200,-68740645.0,-10360630.0,20260323
099410,5400,5410,5040,5040,109186,563099680,-6.67,70560000000,-145105660.0,,20260323
033500,26150,26600,25100,25650,247482,6377693550,-4.29,769230521100,-1284347350.0,-65104575.0,20260323
025950,15990,15990,14630,14630,72213,1083902970,-8.1,122892000000,-443757620.0,15470.0,20260323
088130,8400,8450,7840,7900,363009,2931897280,-8.88,138133980600,335984200.0,-681460.0,20260323
041930,6170,6220,6020,6050,39073,238131105,-4.42,95590000000,-42972570.0,-108900.0,20260323
060380,1403,1403,1366,1368,26968,37165330,-2.7,26949600000,-4499986.0,,20260323
079960,30600,30600,29400,29400,38379,1140651975,-5.16,231084000000,-132866550.0,1424775.0,20260323
228340,2230,2230,2117,2165,15336,33064903,-3.35,43300000000,-5887665.0,,20260323
088910,2440,2440,2340,2340,106472,253107635,-5.07,60446327760,49855510.0,8079320.0,20260323
094170,26100,29300,25650,27900,355926,10014448000,3.91,583387214400,-99216725.0,130644500.0,20260323
013120,3100,3110,2975,2995,358773,1083929479,-3.07,271970259500,-70676218.0,150037257.0,20260323
109860,7290,7290,7150,7250,6836,49156660,-0.55,65975000000,979870.0,1475850.0,20260323
032960,16540,16550,15910,16210,12007,193306590,-2.05,57036424950,8710910.0,-2296710.0,20260323
023790,940,940,881,881,149938,135183480,-7.07,23029002577,-29142504.0,,20260323
005290,48650,48650,44750,44950,708628,32796564400,-9.74,2311081505300,-3924277250.0,-10311993150.0,20260323
025900,9810,9810,9510,9610,107672,1040231555,-3.61,485855508850,-57334175.0,-99069500.0,20260323
131970,98500,117500,97600,103700,1014973,107796899700,1.27,2004234580600,-7137134250.0,94374300.0,20260323
073190,1185,1207,1165,1197,38372,45258514,0.08,14325743880,2903459.0,,20260323
176750,9370,9540,9240,9380,13257,124056910,-3.3,266909963600,-18815280.0,60.0,20260323
030350,0,0,0,973,0,0,0.0,15171092867,,,20260323
203650,1600,1600,1533,1534,328815,513125625,-4.42,146700782696,848100.0,,20260323
223250,5090,5090,4840,4840,121022,598035050,-6.2,118955051600,-23467105.0,,20260323
060570,1252,1260,1177,1244,47081,58277749,-0.56,92182356812,-7083283.0,8828020.0,20260323
362990,1532,1532,1485,1492,18400,27514584,-2.86,25066456408,10146051.0,,20260323
016670,4160,4160,3910,4115,8203,33139870,-1.08,31250272910,-4820605.0,,20260323
187870,19950,22350,19630,21700,181470,3894369425,5.08,152694415300,374754565.0,-14958680.0,20260323
489730,2100,2100,2080,2100,4834,10075605,0.24,13297200000,167200.0,-2491575.0,20260323
0004Y0,2080,2095,2075,2085,2245,4667450,0.0,11081775000,935.0,-946400.0,20260323
110990,21300,21300,19950,19950,163908,3336644020,-8.06,377055000000,-77930330.0,-1061259585.0,20260323
263690,5170,5170,5070,5120,12451,63557435,-2.1,57987123200,10078940.0,322120.0,20260323
214680,1855,1860,1680,1700,1151163,1993352120,-8.94,141910995200,-365951533.0,188700.0,20260323
347850,75100,75200,70200,70300,551372,39474476200,-9.99,3079431534100,-7968588500.0,-5349161750.0,20260323
263720,11910,11910,11400,11450,19496,224563640,-3.78,142124166950,-66194750.0,61940510.0,20260323
376300,33650,34950,32600,32850,186004,6198979100,-7.98,779806637100,948090125.0,-2835919600.0,20260323
109740,5750,5900,5360,5360,87866,482843340,-7.75,137807690400,87829200.0,,20260323
031860,558,700,550,569,1467567,916137094,1.79,10802705687,26170079.0,3148070.0,20260323
196490,0,0,0,203,0,0,0.0,36245520080,,,20260323
066900,1465,1529,1440,1447,41122,60364549,-11.61,32911295841,8096514.0,1095974.0,20260323
092070,19800,19930,18810,18860,69935,1341099555,-5.56,218245241880,-789485.0,-742410.0,20260323
039840,15850,16160,15620,15810,81603,1296495465,0.57,227270125470,-82333925.0,317234570.0,20260323
219550,1560,1692,1550,1620,330383,535551029,3.58,61107180840,3823164.0,,20260323
310870,1600,1610,1442,1512,397209,601523478,-4.91,31279153752,149202064.0,,20260323
104460,15950,15950,15260,15470,51535,801001860,-3.13,162715022470,-271830410.0,2165930.0,20260323
079810,4300,4300,4060,4060,114382,472408458,-6.02,87404061640,-22114362.0,4917195.0,20260323
113810,740,740,716,716,344974,248755037,-3.5,23361684516,-4694697.0,,20260323
043360,2495,2590,2495,2565,19642,49964155,1.79,23085000000,2905895.0,984835.0,20260323
197140,2020,2020,1982,1999,4903,9767568,-1.04,26013294846,-1173265.0,,20260323
068930,8980,9180,8940,9000,60090,545721220,0.22,249078078000,-29642680.0,163314890.0,20260323
033130,2810,2930,2805,2875,127169,367558670,-0.35,106706392625,27166385.0,,20260323
105740,9900,10060,9650,9750,114214,1122082400,-3.47,99143001750,41797340.0,-350970.0,20260323
263020,3130,3345,3075,3110,90762,287268400,-1.58,43030414060,-34042605.0,,20260323
290550,21300,21650,19500,19630,745476,15175862695,-9.95,392624144900,821063700.0,-1916875080.0,20260323
066670,2840,2840,2690,2690,27391,74896275,-5.61,50281259420,11751940.0,-3648430.0,20260323
187220,2960,2960,2855,2860,82025,237270295,-3.54,32961308380,-54955470.0,0.0,20260323
383930,2880,3050,2815,3025,131491,388097370,6.14,38671987200,-10217335.0,,20260323
131180,905,927,892,901,67804,60992619,-0.44,26444350000,-445679.0,,20260323
315640,3540,3565,3300,3450,290288,1007013934,-4.56,101334200400,75318373.0,9987725.0,20260323
317120,1984,1984,1872,1888,71729,136834760,-4.84,28810880000,-32725571.0,,20260323
462510,4920,5180,4780,4930,58577,288741365,-0.6,43398617450,-8182675.0,,20260323
232680,15550,15750,14530,14600,204945,3093378510,-8.06,190015131000,206123835.0,465.0,20260323
042510,9170,9170,8520,8880,46310,410500440,-3.48,99501945120,-104070930.0,6773560.0,20260323
418420,6140,6140,5730,5840,263735,1542414845,-5.96,177999158720,-31176795.0,-128480.0,20260323
300120,995,1026,977,992,328411,327480608,-1.39,35077131904,-10684918.0,207943.0,20260323
171120,2100,2110,2065,2075,51597,107516024,-1.19,74496152000,32578902.0,-172780.0,20260323
388790,4305,4480,3920,3995,1396701,5887423878,-7.2,122284541015,111167294.0,-263334635.0,20260323
214260,10590,10590,9980,10000,29035,295622825,-6.98,89224630000,-124712345.0,0.0,20260323
171010,3420,3420,3245,3245,30273,100063622,-5.12,46399450240,4378668.0,3380.0,20260323
084650,1305,1340,1270,1301,341441,448995430,-3.63,96586226990,97929201.0,54663.0,20260323
217500,2800,2855,2670,2705,246340,669194686,-5.91,86051460000,2704525.0,,20260323
038390,10630,10660,10260,10270,49494,513159560,-3.39,171722841940,-153120270.0,3631160.0,20260323
294140,2840,3145,2810,3005,345715,1022482457,-10.83,67356528090,116585432.0,,20260323
443250,10290,10290,9800,10030,25631,255014070,-2.9,111711732800,-54468660.0,,20260323
228670,5300,5440,5130,5130,66955,351442600,-3.75,80038516500,-50276170.0,72990.0,20260323
228850,6300,6300,5960,6220,19918,122577645,-2.05,103196107080,2752855.0,502100.0,20260323
412350,6990,7450,6440,7000,1419526,9827765770,-2.64,91188804000,-199196045.0,0.0,20260323
199550,6010,6020,5670,5840,186910,1082510790,-3.63,71632219440,-44927400.0,,20260323
281740,19360,19390,18450,18550,493770,9305783395,-7.16,1219301665400,227617895.0,316869570.0,20260323
277810,626000,633000,590000,594000,243138,145875776500,-9.86,11523515652000,6161697000.0,-39933923500.0,20260323
215100,7260,7300,6900,6900,273850,1928721855,-7.63,140404332600,-109588515.0,7230.0,20260323
090360,61900,63000,59900,59900,67578,4094963000,-6.84,584025000000,90846800.0,355196700.0,20260323
108490,250000,252500,233000,238000,182593,43879928500,-8.81,3487349264000,-10502934250.0,193969750.0,20260323
900260,1640,1706,1629,1691,61373,102951630,3.11,77836232846,37002192.0,0.0,20260323
033290,2035,2040,1999,2005,71744,144265992,-2.67,112593383505,2918528.0,2000000.0,20260323
067730,2510,2725,2480,2620,365519,952610892,5.22,25345675640,70096280.0,,20260323
071280,8260,8280,7900,7900,78273,629346250,-5.95,120843163700,-59334360.0,,20260323
376900,125300,131200,120600,125000,480221,60570587000,-4.14,1967342375000,415843500.0,363329200.0,20260323
214610,2330,2575,2290,2290,32326,77552688,-2.35,19197807380,-64779.0,,20260323
328130,35200,35800,34300,34650,106157,3682572925,-4.81,1014707994300,-602629075.0,-740620050.0,20260323
038060,723,723,689,700,121831,85090190,-3.18,33672148300,3212390.0,,20260323
474170,14410,14490,13900,14150,244155,3453820955,-4.33,252120398400,858574920.0,13014220.0,20260323
141080,202500,207500,191700,191700,404268,79646783600,-10.0,7018201794600,-6283966100.0,-3246107800.0,20260323
058470,109200,110700,105400,106100,746287,80431202350,-5.01,8086077285000,-4759168550.0,14163460100.0,20260323
016100,1564,1703,1471,1594,63186,98573639,-1.24,30446825036,7073735.0,,20260323
012700,3660,3660,3520,3530,44050,156923167,-2.89,93354856550,-55066340.0,7115.0,20260323
302550,3190,3275,3165,3190,92859,298442184,-2.89,100470734320,1387376.0,32295100.0,20260323
491000,78500,79000,72500,72600,377794,28371585550,-10.92,1811616186600,3554803950.0,-1617827850.0,20260323
073570,585,585,535,551,199094,108913755,-5.81,33162839191,-13701985.0,,20260323
377450,11830,11900,11410,11530,29121,337544950,-3.6,199814900000,-13568960.0,11500000.0,20260323
277070,4150,4150,4005,4055,12550,50861302,-1.93,55521060000,-30990040.0,,20260323
042500,3765,3850,3735,3790,165652,628637414,-0.13,84483435760,153027344.0,14043635.0,20260323
193250,387,390,373,385,61159,23304402,-0.26,25735196795,-2063916.0,,20260323
474650,60000,60000,56400,56400,110927,6403450400,-9.03,322286914800,1170409600.0,-318327650.0,20260323
219420,4995,4995,4805,4835,50486,246801115,-3.88,55455066345,41750620.0,,20260323
439090,11470,12370,11470,11660,29431,345442255,-3.56,191145411600,3267300.0,10761690.0,20260323
195500,2710,2725,2665,2670,24859,66787120,-2.38,42661260000,1094815.0,,20260323
377480,15640,15640,14610,14610,62034,927683495,-7.06,103881117750,205049380.0,,20260323
305090,6580,6650,6300,6310,104815,675470990,-7.21,117334797050,-171316570.0,-2014780.0,20260323
098120,26700,26700,25500,25900,123010,3195560150,-5.65,215300639400,418368525.0,-104100.0,20260323
424980,13650,13650,13010,13020,39375,520385650,-6.06,77063947800,55082550.0,110.0,20260323
038290,16100,16100,15410,15410,60222,940737660,-4.7,167065974000,43747060.0,320.0,20260323
267980,37100,37200,36000,36500,9325,341188500,-2.41,279722787000,-41396650.0,-103092800.0,20260323
005990,11410,11410,11010,11350,2982,33525770,-0.61,150935750400,-3608110.0,11210.0,20260323
093520,23850,24650,23100,23100,60140,1420097050,-7.04,327167425200,-21561325.0,-1064100.0,20260323
100590,4700,5060,4515,4545,1250762,6021347898,-4.11,71947454535,-161353216.0,5656592.0,20260323
067280,28200,28450,27750,27800,10976,307364050,-2.28,164764456200,-50536100.0,-334200.0,20260323
072870,13160,13160,12860,12860,102876,1336545995,-2.5,153303532740,82140140.0,26300530.0,20260323
215200,46500,47850,46100,46200,34914,1635889150,-3.14,478872979200,-60939550.0,122273600.0,20260323
133750,1865,1879,1851,1856,11748,21829549,-1.33,43443534912,-4337400.0,7838040.0,20260323
446540,4115,4140,3985,4020,102692,415842705,-2.66,104374270980,33300930.0,,20260323
235980,5710,5730,5490,5510,349905,1947114495,-4.84,188855916710,-36372360.0,-55783490.0,20260323
041920,19010,19420,17710,19000,402874,7464609755,-4.28,353366237000,-779904155.0,-1482908865.0,20260323
014100,1686,1769,1660,1669,57488,98514041,-1.82,19694200000,-7392281.0,,20260323
054180,0,0,0,2295,0,0,0.0,12686716395,,,20260323
086900,105000,105500,100800,100900,50643,5186982600,-6.23,736418347300,-1871406350.0,-1334669900.0,20260323
078160,21250,21300,20100,20250,229752,4725705725,-10.0,793893210750,609026400.0,-63316025.0,20260323
0088D0,2230,2230,2190,2205,46688,102756800,-1.12,12777975000,-2950520.0,-60988950.0,20260323
408920,3310,3310,3180,3180,46082,147952540,-4.22,137479206900,3845932.0,-27140255.0,20260323
021880,207,212,191,207,947353,190283984,-0.96,43922172456,36161301.0,,20260323
140410,89500,89500,81800,84100,568783,47995477800,-8.19,2555056144700,3164836050.0,-2410217500.0,20260323
241770,33800,34950,32000,32550,101799,3375830475,-6.33,331770432000,387233500.0,-40619050.0,20260323
059210,4450,4465,4350,4370,139957,615467373,-3.74,122772095370,-189019178.0,56810.0,20260323
058110,1890,1890,1843,1864,82737,153989111,-1.38,29918187920,8039091.0,4.0,20260323
072770,790,792,756,770,340218,263024572,-2.9,63928630920,-21586605.0,,20260323
434480,3630,3630,3445,3445,61937,216642425,-5.23,42408983500,-25204230.0,,20260323
080420,2150,2170,2030,2060,12547,26007905,-4.85,164226541320,-7174869.0,,20260323
417970,20000,20500,19350,19570,63183,1251073790,-3.6,125183419000,-171579525.0,-190.0,20260323
080160,11600,11600,10970,10990,102660,1140754850,-5.58,207711000000,-463328195.0,17432610.0,20260323
087260,2100,2280,2100,2230,904530,1995337310,-0.45,72592880030,-233338325.0,,20260323
101330,4925,4925,4535,4570,257171,1204939024,-7.58,105781922530,199805133.0,,20260323
012860,3815,3815,3610,3620,1471175,5423733682,-7.06,265105114340,-321983211.0,,20260323
363260,1511,1520,1473,1474,242538,361451819,-3.03,47409395506,63495826.0,,20260323
348030,2395,2395,2345,2350,3063,7227235,-1.05,22568930000,-466825.0,20.0,20260323
250060,4840,5080,4565,4615,906825,4292462484,-4.65,148470614110,-652827615.0,,20260323
288980,607,682,590,662,1070594,701142149,8.17,22876444044,6589310.0,,20260323
142760,770,811,740,799,703641,554698483,4.99,32605819715,-69290677.0,207822.0,20260323
033200,3715,3720,3400,3400,42738,151706975,-10.53,48726029000,43786035.0,270.0,20260323
333050,1180,1191,1158,1183,41117,48151024,-0.59,29117564658,-9906045.0,,20260323
118990,8720,8850,8540,8560,123538,1066883295,-4.57,212818634400,116064535.0,,20260323
463480,6810,7110,6810,6910,38845,269125390,-4.16,85617373780,20098310.0,,20260323
006920,5460,5700,5040,5130,787606,4134225295,-8.39,56019600000,833069240.0,0.0,20260323
001810,1472,1540,1470,1500,192026,288908290,2.6,33206250000,17408230.0,,20260323
279600,8780,8870,7030,7100,353036,2774922810,-19.13,33261945100,-35101595.0,7260.0,20260323
095500,9000,9010,8630,8640,140033,1222714810,-5.98,267926391360,-349854895.0,-6074540.0,20260323
254490,18300,18490,17650,17650,123583,2218716525,-6.47,254830700000,-152795405.0,150.0,20260323
218150,3275,3340,3165,3170,888102,2892582087,-1.55,64718092340,-351371329.0,3245.0,20260323
100790,21300,21600,20500,20750,859909,17973296225,-6.95,1102336155500,450077975.0,531771650.0,20260323
0097F0,2010,2015,2005,2010,5732,11499035,0.0,13065000000,20100.0,0.0,20260323
0099W0,2010,2012,2005,2010,30190,60590932,-0.25,14070000000,262900.0,17110250.0,20260323
477380,2060,2080,2050,2075,13640,28041560,0.48,16807500000,124915.0,-8573785.0,20260323
477470,2095,2125,2090,2095,964,2015795,0.0,11480600000,114575.0,0.0,20260323
478440,2065,2070,2055,2070,10843,22365110,0.24,14345100000,384095.0,7864910.0,20260323
482680,2035,2045,2032,2045,10499,21462665,-0.24,16799675000,-140945.0,10222885.0,20260323
0093G0,2010,2020,2000,2005,12886,25852610,-0.25,12832000000,329230.0,9467610.0,20260323
0096D0,2015,2015,2005,2010,10260,20591410,0.0,11055000000,-64730.0,0.0,20260323
049950,14800,14810,14060,14060,59403,845328195,-5.32,123979449040,-243488820.0,420.0,20260323
207760,1067,1067,1026,1037,155334,161467532,-3.36,86153734971,-25657369.0,7858730.0,20260323
059090,14460,14530,13900,13900,307543,4347669100,-7.7,464493214200,-1464034970.0,-354322210.0,20260323
201490,3140,3150,3000,3000,272946,833444985,-6.83,97781430000,117675865.0,3906000.0,20260323
475460,8080,8090,7780,7850,13536,106640915,-1.26,44062246250,5450670.0,,20260323
452200,2330,2330,2180,2235,37891,84943630,-4.69,53200797915,-9730070.0,-57940.0,20260323
206640,11650,11850,11120,11170,104234,1179953235,-5.66,260776730070,-252078670.0,-412495285.0,20260323
018700,536,536,510,523,187074,97729483,-1.51,18367632911,-16173274.0,,20260323
035620,253,253,243,246,184532,45679779,-1.6,18312160050,1654646.0,-1685184.0,20260323
053030,12200,12300,11730,11740,293003,3511309395,-6.6,383712367120,-1231498885.0,-313557040.0,20260323
301300,2630,2690,2520,2690,34490,90068005,2.28,35386175280,-21758890.0,,20260323
064550,11870,11870,11310,11330,89705,1025587235,-4.95,292430597030,-422754540.0,-41439480.0,20260323
314930,12410,12740,12040,12150,99561,1221732090,-6.68,361633851450,-241312290.0,5706590.0,20260323
489460,8770,8770,8290,8310,70685,599406220,-6.21,125019213300,-109014295.0,-166200.0,20260323
086820,12910,12910,11910,12000,180468,2195444960,-7.34,291507024000,-386132140.0,72587960.0,20260323
038460,4545,4545,4250,4300,268484,1169967854,-6.52,112507083400,132088125.0,,20260323
251120,13650,13650,13220,13400,21387,286514880,-3.46,116522380000,-11150980.0,13760.0,20260323
199730,3940,3940,3700,3880,3243,12411363,-1.27,18873743960,1109987.0,,20260323
086040,3180,3180,2995,3010,74642,227839921,-6.81,48034323470,12318695.0,79945.0,20260323
188040,6160,6160,5630,5930,11177,65858230,-3.73,27748296440,-5287780.0,,20260323
099430,5130,5260,5030,5080,311255,1592973690,-2.87,313134867760,-144321800.0,118098380.0,20260323
032980,0,0,0,604,0,0,0.0,18354952980,,,20260323
308080,5840,5890,5440,5490,264787,1475049025,-8.5,112540937400,1689445.0,-6530.0,20260323
043150,23000,23450,22350,22500,44929,1022691200,-4.05,334220760000,39317025.0,21604550.0,20260323
323990,7800,8000,7710,7800,118218,927165015,-2.26,181407291000,-165025340.0,118050.0,20260323
267790,3575,3575,3450,3450,15072,52189490,-3.5,26528116050,6022405.0,,20260323
046310,3070,3095,2995,3000,78699,238654109,-2.91,49255923000,-15971545.0,188265.0,20260323
331520,555,562,533,533,170842,93370927,-5.33,27110719870,4266882.0,,20260323
199480,4890,4890,4530,4535,23804,110200273,-5.62,46241526580,570897.0,0.0,20260323
438700,3185,3195,2980,2985,32872,100428060,-6.28,33267496650,-13678670.0,-11166810.0,20260323
066410,0,0,0,1153,0,0,0.0,159637252154,,,20260323
382900,29500,29700,28000,28300,49927,1431101700,-3.9,247936300000,-69711525.0,29355100.0,20260323
206400,1207,1208,1160,1207,84261,100179305,0.0,45274760706,-14477423.0,,20260323
019010,4900,4900,4710,4900,104149,503009867,-1.8,236180000000,-37926544.0,-18259450.0,20260323
177350,1300,1670,1296,1485,14697371,22484381324,12.08,29185843995,-121913284.0,4246461.0,20260323
457600,2315,2315,2130,2130,59527,130323400,-8.97,29196975000,36081895.0,,20260323
424760,1170,1170,1080,1127,192491,215733716,5.72,22290163259,6802708.0,,20260323
250000,7720,7750,7600,7740,6164,47161570,-0.51,52250673420,-6847440.0,60.0,20260323
310210,306500,311500,297500,300000,64706,19567984500,-7.55,5518056300000,3614876000.0,-2992204000.0,20260323
006910,12520,12780,11300,11330,5928647,70241961300,-11.83,556640905920,-12140121235.0,55079555.0,20260323
226340,437,455,421,436,276955,120162995,5.83,18291255120,4095750.0,,20260323
014470,1335,1335,1306,1307,110208,145489144,-3.04,78488303820,-22346511.0,,20260323
008470,3720,3720,3640,3690,9820,36097811,-0.81,31013712000,-1364380.0,-3964890.0,20260323
338220,16380,16820,16210,16290,37612,618421825,-4.12,228089696670,-146919870.0,22882290.0,20260323
100120,26000,26000,24150,24300,89113,2208331300,-8.13,218005287300,-461719350.0,-15293700.0,20260323
406820,2000,2015,1868,1875,145919,280771716,-6.25,26505294375,-53496400.0,0.0,20260323
099390,4470,4470,4200,4200,5385,23122120,-6.77,34474788600,-1311245.0,240.0,20260323
064480,4315,4315,4165,4185,136024,573701667,-3.9,50021212500,89382488.0,-54008265.0,20260323
365900,2975,3090,2880,2925,31435,93041710,-1.68,21382627500,-13027340.0,45.0,20260323
089970,45000,46200,44000,44250,337136,15136923925,-7.14,1080217503750,3413392475.0,-1750879500.0,20260323
251630,5560,5650,5220,5250,93829,505322790,-7.89,83700151500,-48374480.0,15920.0,20260323
018290,15180,15520,14620,14710,255574,3845610905,-7.02,513994436980,-861116060.0,-102429830.0,20260323
478560,3295,3320,3205,3205,59133,192110530,-3.32,82786105090,16581240.0,-52767575.0,20260323
439580,3505,3555,3370,3375,198566,681875576,-6.25,114232096125,-37833106.0,47250.0,20260323
033560,3260,3285,3065,3190,89676,289829492,-1.39,54549000000,17103656.0,64373710.0,20260323
369370,1421,1421,1302,1310,514380,691463476,-7.94,65332203410,73923578.0,,20260323
126340,137300,137300,130000,132600,90386,12068170950,-7.72,921181349400,142751850.0,1572221900.0,20260323
121800,0,0,0,3320,0,0,0.0,256309348520,,,20260323
082800,3615,3620,3375,3400,418988,1446892278,-6.34,206446864400,-197043149.0,0.0,20260323
318410,7730,7730,7520,7710,21110,161147340,-1.28,42830923530,8091210.0,5687140.0,20260323
419540,911,916,881,890,50589,45456268,-2.31,20463334790,-2485351.0,,20260323
146320,16250,16260,15180,15180,89923,1417640250,-6.64,194272471140,113447325.0,-12143260.0,20260323
200780,4840,4845,4700,4735,7492,35638185,-3.56,46101096400,-4334690.0,1621805.0,20260323
413640,8490,8490,8070,8240,26034,214442610,-3.63,59385185600,-11659040.0,,20260323
141000,9900,9960,9510,9520,88968,863214670,-5.37,115332039200,44491190.0,,20260323
083650,107800,111200,102100,104000,357082,37480267050,-5.02,3218215000000,-8644482500.0,8492719150.0,20260323
473370,0,0,0,2765,0,0,0.0,11640650000,,,20260323
0068Y0,2025,2030,2015,2030,1852,3738895,0.25,8749300000,330870.0,0.0,20260323
065170,3805,4155,3805,3845,1694646,6702801021,-3.63,107328534085,54662781.0,,20260323
086670,14180,15250,13820,14660,397010,5861564010,3.68,145513474100,-1019575575.0,1029309770.0,20260323
230980,0,0,0,229,0,0,0.0,21370407553,,,20260323
488900,18150,18250,17000,17040,162634,2872774595,-10.41,493758588720,43042385.0,-64647970.0,20260323
082920,28800,31250,28650,29150,1067428,31972203625,-3.32,1321645754550,1973794400.0,-308185250.0,20260323
054220,625,626,563,564,2028459,1200433724,-9.76,33813537684,-42545337.0,,20260323
042370,11800,11860,11340,11370,700075,8075521865,-5.09,297894284250,-359595600.0,22714305.0,20260323
050090,711,770,651,690,99359,69410805,-4.56,13651467150,-16603756.0,-270891.0,20260323
148780,1245,1247,1124,1132,116556,133323849,-4.47,35596560700,-19968047.0,,20260323
307870,1292,1320,1191,1229,1305371,1619629138,3.19,73204784019,-77441971.0,,20260323
377030,788,788,731,744,517787,386436694,-6.3,31826415360,175016594.0,-118296.0,20260323
032850,5500,5510,5150,5180,140423,741564770,-7.0,86108657740,42887605.0,21290.0,20260323
049470,764,764,666,668,814600,568122144,-12.68,78639964664,-263577725.0,,20260323
238200,3020,3020,2900,2940,17659,51619160,-2.81,24049200000,476960.0,,20260323
093190,7930,8320,7520,7520,35926,279866870,-4.93,144676565600,63253110.0,-97736650.0,20260323
065450,4865,4950,4760,4760,1667827,8069992111,-1.75,136934513800,783248797.0,-557459284.0,20260323
044480,300,323,289,311,5264685,1593590230,-2.81,25086419408,-42286485.0,,20260323
069540,2480,2845,2390,2845,20138735,54001871594,29.91,276292024215,-1426461488.0,0.0,20260323
072950,7320,7510,6950,6950,130353,941356385,-5.95,55965639500,-66805800.0,-13503850.0,20260323
451250,8420,8420,8150,8280,17485,144547815,-2.82,84670261560,9680405.0,,20260323
143240,16050,17675,16010,16980,740764,12557207020,18.33,198823285740,17932370.0,654745570.0,20260323
466410,11810,11820,11220,11500,15470,176622380,-3.36,57925764500,-46936530.0,0.0,20260323
223310,1515,1515,1450,1481,62244,92033654,-1.79,38540379934,-1868331.0,,20260323
452430,33950,34050,30850,32600,40221,1336111250,-6.46,267908299600,195129750.0,-264214850.0,20260323
419120,4070,4075,3935,3995,80540,320727270,-2.56,58799856190,-75164800.0,,20260323
122350,1543,1545,1486,1503,179576,271261082,-2.59,57624160284,-66885676.0,,20260323
419050,1594,1594,1515,1517,200302,308712546,-4.83,86766696080,-23744859.0,,20260323
014970,6830,8510,6670,8510,5422529,42063878940,29.92,128713750000,-713896465.0,,20260323
018310,19500,19600,18840,18840,7030,134752155,-3.88,276948000000,-6075450.0,21998845.0,20260323
012210,15530,15630,14150,14350,213876,3173633445,-8.89,318455372200,542446320.0,,20260323
053700,6180,6230,6030,6040,391672,2397271705,-4.73,152823784040,335248075.0,1373900.0,20260323
009620,1517,1517,1430,1440,182218,263908456,-5.14,23595971040,-1627260.0,0.0,20260323
023600,9700,9710,9500,9580,31209,298935445,-2.54,153359514000,-25145355.0,-95780.0,20260323
0044K0,2050,2065,2040,2065,5016,10297660,0.0,15528800000,167280.0,-4120.0,20260323
0071M0,2025,2030,2020,2030,12019,24339854,-0.25,11692800000,311390.0,0.0,20260323
0096B0,2015,2020,2010,2015,40552,81552858,0.0,13258700000,-1861260.0,10075000.0,20260323
0115H0,2050,2050,2030,2035,130695,266236494,-0.97,14957250000,-167572.0,89926650.0,20260323
009300,15980,16060,15720,15740,2942,46734680,-1.99,100263800000,517690.0,-210.0,20260323
482630,17210,17370,16150,16160,519098,8609374285,-12.36,353714604800,526175395.0,-78860630.0,20260323
484590,12500,12500,11980,11980,297864,3618767875,-3.78,493701191000,86419770.0,77825160.0,20260323
036670,6050,6050,5900,5970,10727,63713540,-1.32,67281900000,-8536020.0,,20260323
361670,2765,2800,2740,2740,9722,26849220,-0.9,15529382920,1694905.0,,20260323
054540,12200,12200,11430,11670,140387,1641845815,-5.43,151710000000,-43812970.0,-1140600.0,20260323
065570,0,0,0,764,0,0,0.0,12295692232,,,20260323
014950,10800,11390,10340,10400,63641,680579720,-9.17,95642695200,1167580.0,-31270.0,20260323
032280,1396,1403,1383,1396,16290,22729311,0.0,22634171640,-692005.0,,20260323
002290,3855,3855,3810,3820,26502,101595812,-1.55,47368000000,12846412.0,19751000.0,20260323
037460,22450,22600,21950,22100,94717,2106811350,-4.54,360639336200,264388500.0,392670850.0,20260323
032750,3405,3405,3300,3300,41723,138907765,-2.94,29802702600,4101885.0,23497480.0,20260323
0013V0,8130,8210,7690,7740,286820,2239845850,-8.62,76770397440,-205967065.0,-677195440.0,20260323
054090,778,828,759,781,274128,214276595,-0.13,19493160192,22788891.0,,20260323
000250,930000,974000,913000,941000,323083,304895719500,3.75,22073481152000,-28646463500.0,-2058236000.0,20260323
024950,0,0,0,4120,0,0,0.0,54687137240,,,20260323
038500,17380,17400,15700,15700,1928968,31827660475,-9.61,1694286004200,-1056729690.0,180107570.0,20260323
437730,52800,53200,50000,50000,167002,8569600450,-9.91,1585378350000,-1539905050.0,1710956800.0,20260323
017480,4545,4700,4487,4520,17199,77995223,-0.55,70977062800,584494.0,-5194150.0,20260323
046390,945,957,913,946,121930,115469628,-0.63,40841594618,-9518600.0,55765435.0,20260323
027580,586,587,562,564,135996,77396841,-3.92,33378241356,15799916.0,,20260323
038540,2245,2245,2145,2190,84331,182787468,-2.45,121169005470,9840449.0,2220.0,20260323
452670,2100,2100,2100,2100,115268,243151610,0.0,10962000000,0.0,0.0,20260323
091580,18260,18260,16850,16890,202527,3505831505,-8.7,225113618910,-1202299440.0,147692680.0,20260323
263810,2930,2930,2820,2820,67381,192681670,-4.41,44908006500,-41986645.0,-3840.0,20260323
089980,24950,25000,23350,23700,168310,4080000575,-7.96,378940176900,-288558650.0,402424075.0,20260323
042940,8850,8850,7970,8020,151668,1248438855,-9.38,54766270240,-166696450.0,,20260323
042600,11250,12370,11250,11760,29068,348261635,-1.84,146101230240,23537075.0,127410.0,20260323
107600,25950,25950,24000,24600,21288,531643625,-6.82,138499328400,103642175.0,909400.0,20260323
411080,6210,6240,5910,6010,55436,335550415,-4.91,91758504380,17393115.0,,20260323
252990,10080,10150,9650,9670,530659,5225669420,-7.64,582306986630,831246350.0,190396825.0,20260323
378800,1687,1691,1595,1619,704053,1150778139,-5.38,74867467189,-250874927.0,,20260323
294630,4065,4115,3850,3850,466260,1851093185,-5.64,101510328150,-36001126.0,,20260323
038070,6410,6670,6210,6270,29363,184134700,-3.54,57061238520,-70219735.0,50.0,20260323
006730,14550,14680,13980,14210,525311,7526637390,-4.25,922611575830,373497690.0,1440176340.0,20260323
079650,1522,1522,1481,1496,24816,36955527,-2.54,29920000000,-3141288.0,,20260323
100660,4395,4430,4250,4255,38479,165662500,-4.38,53613000000,-33961490.0,55.0,20260323
019770,4000,4000,3910,3910,49714,196020726,-3.46,45551500000,34353368.0,15.0,20260323
043710,860,860,833,854,51497,43404860,-0.7,73924383540,-5282344.0,,20260323
092190,3615,3615,3400,3435,53151,184795040,-5.11,157557895605,9510385.0,17695.0,20260323
046890,10010,10260,10000,10030,460909,4664991750,-5.02,584803162000,1514557485.0,-128445410.0,20260323
063170,8040,8040,7460,7510,116321,896939800,-6.59,133484745170,38813750.0,-37270.0,20260323
027040,410,424,391,398,796076,320764920,2.58,27696361106,20649055.0,,20260323
018680,2605,2745,2600,2600,6942,18529545,-3.7,30314229400,-2631795.0,,20260323
036120,2185,2185,2120,2145,187995,403356530,-1.61,75386025000,-66487490.0,-13156985.0,20260323
093920,5080,5080,4990,5030,44826,224669615,-1.95,93558000000,31235755.0,2591575.0,20260323
189860,6400,7970,6210,7150,8135475,59362305795,15.14,69346277000,-1930606865.0,6240.0,20260323
178320,46500,46950,44150,44250,1674717,75349663200,-7.81,2598725947500,-11955832475.0,5335174825.0,20260323
122690,2620,2870,2575,2770,322656,888806149,2.78,63929289820,-72580736.0,-485435.0,20260323
140070,1984,1984,1896,1920,44465,85583169,-3.27,71016960000,-20410324.0,-9025075.0,20260323
011370,1100,1100,1042,1043,450105,477439620,-5.7,105233344195,-89239569.0,-7851.0,20260323
065710,46350,46350,44100,44500,15986,715176825,-3.99,229175000000,-318515700.0,-1140400.0,20260323
035890,0,0,0,1623,0,0,0.0,372979125711,,,20260323
357550,51500,52000,49950,50200,15414,777752950,-4.38,273841000000,28638600.0,-59956700.0,20260323
003100,22300,22300,21400,21650,27138,592520875,-4.2,142890000000,-121699700.0,11629300.0,20260323
067370,5220,5470,5200,5360,13077,69837950,-1.11,65357454800,226520.0,,20260323
217620,0,0,0,3810,0,0,0.0,26803681470,,,20260323
171090,97900,100000,93400,94900,214843,20634721000,-8.04,957131886100,3219298100.0,1689390550.0,20260323
086710,9500,9540,9220,9220,24122,225717740,-3.66,112514241600,-34615310.0,,20260323
014620,36200,38300,35150,36600,553239,20567861450,-1.61,971999522400,-3530579475.0,2842784800.0,20260323
037350,11870,12140,11180,11350,406416,4672457235,-8.39,172633500000,-708738730.0,-106232830.0,20260323
458650,12700,12730,12250,12280,78825,976429895,-4.21,184760827600,-31198410.0,48122490.0,20260323
081580,2930,3025,2815,2830,152762,442831546,-4.39,43888044690,26470183.0,-2709272.0,20260323
045300,3035,3035,2910,2910,11986,35372310,-3.48,30110832150,1928715.0,50.0,20260323
015750,9700,9700,9070,9070,1312023,12174884200,-4.43,725600000000,-3817470565.0,-328170485.0,20260323
365340,56200,56800,54100,54500,47816,2631409100,-8.09,668862204500,-515927200.0,-434853700.0,20260323
080470,4140,4140,4010,4060,13688,55468475,-2.87,29638000000,6125920.0,737095.0,20260323
043260,44700,46750,41600,42550,764111,33763654650,-5.44,3017766118650,-2925477575.0,-1228981275.0,20260323
148150,4530,4540,4410,4450,104243,465514385,-3.68,158165540100,-21990060.0,13585.0,20260323
061090,36900,36900,34250,34400,16828,588859475,-7.65,192145465600,-71450350.0,-353400.0,20260323
188260,1542,1680,1542,1566,117528,189016559,-2.0,11319784020,46259585.0,,20260323
053060,1224,1235,1208,1223,79021,96053293,-0.08,21595023437,5839868.0,727600.0,20260323
340440,1545,1826,1512,1733,25129566,42878354790,20.94,49179704812,-273990231.0,-120080.0,20260323
017510,9890,9900,9350,9350,356305,3410459915,-6.87,142550100000,-439039275.0,9420.0,20260323
490470,29900,31400,28900,30100,1183603,35889788200,-2.59,1019149880000,2780466650.0,1519738950.0,20260323
011560,18400,18600,17930,18070,34733,629223680,-3.16,187024500000,88550550.0,-27213480.0,20260323
396300,3760,3765,3650,3650,203594,750763680,-4.45,96686675000,10396485.0,3715.0,20260323
100700,2510,2510,2435,2450,61491,151522125,-2.78,107310000000,-7927225.0,1953035.0,20260323
024830,12250,12400,11810,12030,6355,75962290,-3.84,100450500000,-13045040.0,11940.0,20260323
258830,0,0,0,412,0,0,0.0,31223976612,,,20260323
036630,8610,8610,7970,8040,10230,82943665,-4.06,80400000000,3510620.0,,20260323
039310,2045,2240,2030,2205,598628,1290480060,10.36,39958275735,37224485.0,,20260323
067770,2100,2155,2015,2055,11906,24638950,-2.14,17254998615,-1348050.0,,20260323
053450,5300,5330,5100,5100,237715,1232485540,-5.38,75443295300,16549390.0,,20260323
252500,782,782,762,777,100498,77412443,-1.15,32234925030,-377813.0,,20260323
321370,3750,3805,3450,3490,4265742,15301049422,-8.52,180256043040,1236359339.0,,20260323
347000,2200,2200,2100,2135,120387,257126823,-3.17,80726156210,8060638.0,,20260323
331920,6960,8440,6960,8210,1025777,8134633715,20.03,67027655080,175721360.0,-196327940.0,20260323
352770,0,0,0,5250,0,0,0.0,13610136750,,,20260323
471820,5110,5140,4905,4915,9843,49142315,-4.19,55553650285,2292590.0,,20260323
049180,0,0,0,1009,0,0,0.0,83948814126,,,20260323
299660,2615,2625,2470,2490,171079,432192351,-5.68,73462412730,39336178.0,,20260323
108860,10770,10860,10500,10710,305325,3240475595,-3.51,288257400900,325165275.0,33768050.0,20260323
208370,4355,4355,4200,4200,201330,857081704,-5.62,108110368800,186480344.0,,20260323
318160,7150,7320,6900,6930,29840,209076110,-3.75,64734522930,-57100600.0,,20260323
308430,29800,31250,28600,29200,148436,4400823950,-5.5,374680092000,-387122100.0,-106132150.0,20260323
068760,59200,59300,57000,57100,107804,6249826400,-6.85,2494345094200,-2481334150.0,-852961850.0,20260323
068940,0,0,0,778,0,0,0.0,35720093048,,,20260323
007720,518,518,505,516,151099,76792403,-0.77,52013032200,1126319.0,,20260323
290690,3615,4620,3440,4135,20840751,87869760890,11.76,201598435060,-102134847.0,-2294060.0,20260323
950200,3240,3300,3145,3165,25706,81690085,-2.62,60882107745,2174575.0,,20260323
032680,234,238,220,227,1186810,269970852,-2.58,23969103428,35164686.0,,20260323
032685,5280,5300,5150,5300,357,1871650,-2.21,1892852600,,,20260323
258790,1190,1248,1143,1230,165536,197779256,4.33,30739279320,-17575368.0,,20260323
066910,630,636,583,592,305931,183016863,-6.03,39624433088,16815406.0,0.0,20260323
215090,2775,2775,2665,2675,145025,393599020,-3.6,61941393175,45576465.0,,20260323
035610,3590,3730,3480,3520,323561,1147066461,-8.81,96257909440,-142104960.0,,20260323
357780,419500,429000,395000,398500,44817,18336780500,-6.89,3099758551000,1462436250.0,-1642668500.0,20260323
036830,50500,50800,46600,47000,144300,6965441500,-10.13,963687107000,1675858775.0,-438976625.0,20260323
304100,22300,22750,21250,21450,208085,4483127800,-7.94,270138189750,557175200.0,-52384450.0,20260323
328380,798,798,741,753,59516,45265064,-0.66,25799871834,-12044616.0,,20260323
086980,2835,2835,2695,2695,407956,1115562773,-4.77,168809410000,-252408222.0,28901690.0,20260323
050960,9190,9190,8960,8960,8913,80585350,-2.5,60488960000,-1795480.0,,20260323
084180,1690,1824,1628,1772,251703,436245315,5.79,32027629476,69585953.0,,20260323
253840,4945,4975,4770,4780,126128,612995350,-4.4,80032496000,-108599590.0,-14310.0,20260323
298830,7400,7400,6980,6980,593984,4240325775,-7.92,373140323020,-222613675.0,-77267565.0,20260323
236200,49850,50700,48400,48750,47496,2344861025,-4.41,339997661250,565073650.0,-407691450.0,20260323
094840,7690,7750,7400,7480,104662,797481550,-2.86,77266156000,196782645.0,,20260323
192440,23850,25050,23050,23050,7896,186330025,-3.35,143287167150,17781375.0,0.0,20260323
424960,7200,7200,6840,6840,107772,752455725,-5.0,112758152400,79236005.0,,20260323
099440,5050,5130,4935,4935,602059,3002861612,-3.8,336781149390,480978405.0,-64155.0,20260323
276040,814,816,721,721,367659,280960702,-11.1,15595471535,-28569087.0,,20260323
060240,0,0,0,1976,0,0,0.0,11502414560,,,20260323
115570,2865,2985,2770,2840,6636,18992465,-1.56,22676002720,-3149845.0,-148400.0,20260323
078860,412,412,386,386,220563,87814506,-6.76,22913831202,2617394.0,,20260323
330730,5450,5450,5200,5230,114894,611420630,-6.1,95279250900,54244665.0,10820.0,20260323
352090,3570,3590,3500,3565,41100,145128264,-0.42,95802237870,10603096.0,0.0,20260323
253450,39050,39050,37000,37000,120847,4554264325,-7.38,1112164426000,-314734300.0,-2502019850.0,20260323
408900,2400,2400,2250,2250,95076,217517250,-6.25,73694090250,-5661845.0,2346885.0,20260323
415380,2020,2030,1981,1999,34621,69312497,-3.43,22874507025,-2816996.0,,20260323
013810,2740,2780,2630,2640,189573,509498297,-3.3,38690440800,68532320.0,80.0,20260323
347700,42600,43500,40550,42050,1045063,44075970575,-6.03,1984193334200,-935350800.0,1631975350.0,20260323
049830,7590,7670,7490,7640,935,7091950,0.66,46849335680,-350330.0,100.0,20260323
020710,4070,4120,4005,4055,167398,680893334,-1.22,81294518350,156540853.0,0.0,20260323
033170,780,780,750,752,189097,144134836,-4.2,64467695888,-3286441.0,,20260323
048870,2140,2170,2085,2150,285309,606006605,-0.23,189429970450,-58664845.0,26115445.0,20260323
025320,5820,6030,5750,5870,677686,3958293115,-1.51,540946932610,267288805.0,-392493565.0,20260323
340810,2555,2555,2415,2415,76469,188264434,-5.85,31288938030,18950791.0,,20260323
269620,0,0,0,889,0,0,0.0,132090012299,,,20260323
056090,2615,2665,2450,2480,2368025,5955012798,-10.31,256082409280,-787420540.0,15104220.0,20260323
429270,3980,4375,3980,4120,91860,384327620,-1.9,26570831720,82617745.0,-4460400.0,20260323
418250,0,0,0,6550,0,0,0.0,47629012750,,,20260323
131090,3860,3925,3800,3880,4570,17590995,-0.26,29713897480,106720.0,,20260323
290520,1949,2180,1835,2160,438098,934766070,10.83,34407421920,24700606.0,,20260323
001000,2020,2040,1900,1921,79178,153781606,-4.9,46637154340,-13434029.0,,20260323
025870,4375,4380,4275,4310,8567,37240470,-1.49,17240000000,-3980435.0,,20260323
215600,3500,3515,3360,3385,891951,3047580957,-5.71,467569494860,-473267568.0,9968340.0,20260323
065350,61400,61600,59700,60500,107035,6476161050,-4.87,1662778854000,450024000.0,-893868550.0,20260323
416180,33650,33650,32250,32250,38799,1276085000,-7.46,291532840500,-210748150.0,-139672800.0,20260323
162300,1653,1653,1600,1600,43340,69944919,-3.61,66354211200,-1784129.0,,20260323
002800,5580,5590,5420,5430,65526,358665790,-3.38,82375815000,-16805535.0,,20260323
472220,2160,2165,2155,2165,193,416465,0.46,10153850000,-2165.0,-4330.0,20260323
0091W0,2065,2075,2060,2075,2334,4821335,0.0,12591100000,511550.0,0.0,20260323
017000,3245,3245,3015,3090,108062,333402972,-4.92,36054203430,6207711.0,-10.0,20260323
012790,6010,6010,5900,5940,21773,129081860,-1.16,71199305100,-12707525.0,292900.0,20260323
138070,1753,1753,1699,1724,25367,43476778,-1.65,30175523696,-4683789.0,17.0,20260323
226330,3340,3370,3215,3220,215303,705184240,-7.74,78112289500,-142426185.0,,20260323
452980,2105,2105,2095,2095,226226,474393636,-0.48,39605975000,-6795054.0,-310312898.0,20260323
474660,2055,2055,2040,2055,41515,84797620,0.0,11343600000,2545020.0,-10181020.0,20260323
474930,2125,2130,2105,2125,3295,6956320,0.0,7692500000,-269410.0,0.0,20260323
487360,2070,2095,2070,2090,10732,22311740,0.24,11787600000,36330.0,10436100.0,20260323
487830,2065,2085,2060,2080,7452,15460465,0.73,9048000000,137290.0,10403210.0,20260323
496070,2055,2055,2045,2050,6894,14122750,0.0,11521000000,0.0,10249250.0,20260323
056700,1841,1847,1797,1817,42335,76708233,-2.78,52938460347,13323898.0,,20260323
187270,3585,3605,3450,3455,46350,160838710,-4.29,35046984475,37951380.0,3520.0,20260323
243840,6330,6470,6100,6140,350387,2199561305,-5.25,236747562900,159960465.0,20943000.0,20260323
257720,37300,39350,37300,38000,574396,22227656575,-1.3,2324532504000,869823600.0,4073284925.0,20260323
222800,60200,61600,56500,56800,662564,38527186300,-9.12,2121037982400,-3891746050.0,-2016233300.0,20260323
036710,2745,2745,2610,2620,251115,668285881,-6.26,138408715480,-53820559.0,,20260323
444530,7910,7920,7150,7460,25356,191818740,-5.69,47723283580,-11978240.0,,20260323
234030,7140,7150,6850,6860,195534,1363197455,-5.9,161930300000,16502410.0,29905000.0,20260323
160980,22700,23050,21750,21800,236037,5259570250,-7.82,238148497400,11468350.0,-69413200.0,20260323
356890,3165,3180,3055,3055,39761,123237160,-4.38,36518935375,-35470060.0,,20260323
217330,5360,5590,4885,4925,521208,2738030549,-8.12,113913018975,-397000275.0,-20955195.0,20260323
208640,184,199,183,192,1034657,195441775,3.78,26734128768,13093206.0,,20260323
222420,1278,1278,1215,1230,272735,336033867,-3.98,59510602920,84814612.0,,20260323
037760,1918,1934,1917,1930,5292,10216545,0.0,65297537530,-877702.0,,20260323
081180,12200,12380,11740,11740,61026,727760480,-5.7,103611780900,3411260.0,-1817060.0,20260323
099320,169800,171500,162600,163800,101054,16679701900,-6.98,1793819336400,4395630500.0,-2942423800.0,20260323
049960,14250,14270,13890,13950,12785,178856210,-2.86,131130000000,-70893030.0,-13930.0,20260323
088280,2575,2770,2430,2550,336603,874967887,-1.16,44131549500,-44785675.0,,20260323
050890,12570,13290,12250,12370,6419406,81545204860,-5.72,751558325580,884964195.0,34578965.0,20260323
394800,14190,14200,12870,12870,369140,4894020365,-13.22,408770196120,-1849234055.0,-111869700.0,20260323
177900,5860,5870,5650,5670,62614,359255985,-4.71,54345816000,57148700.0,,20260323
475400,33900,33950,32150,32150,135807,4450519150,-8.92,377957393300,867963825.0,-1659110400.0,20260323
109670,5590,5590,5300,5470,6055,32467350,-2.15,31926212940,-979170.0,,20260323
066790,0,0,0,1493,0,0,0.0,97271994227,,,20260323
222080,12040,12130,11610,11610,1470571,17358902110,-7.19,903027471840,2721533000.0,-397368880.0,20260323
352480,27600,27700,26500,26550,13385,363439550,-4.67,361873871550,-9610200.0,-65523100.0,20260323
264660,18200,18330,17550,17820,114031,2039770620,-4.55,173231285040,-344931180.0,4456090.0,20260323
352700,1999,1999,1937,1964,40304,79067078,-1.8,51607829636,-10181204.0,4591332.0,20260323
458870,178500,186500,175300,182900,147029,26734068550,0.0,2320375482000,-258235300.0,6623455900.0,20260323
297090,8710,8750,7900,8030,961703,7858625850,-6.84,218978100000,-1631509590.0,1344275280.0,20260323
900120,395,433,395,426,284746,118737894,0.24,12804615984,26713679.0,,20260323
359090,815,818,784,784,67719,53855230,-3.21,45057042128,-2434771.0,,20260323
115530,306,317,289,293,856743,256268267,-2.33,21238950598,21912015.0,,20260323
388210,144400,151200,143000,145100,143148,21078344550,-4.03,1380617503800,2217491950.0,2458195750.0,20260323
115480,495,500,483,494,185062,90605523,-1.2,29948531652,6434715.0,,20260323
376290,2740,2745,2670,2675,9725,26249870,-1.65,47233812500,-1324900.0,,20260323
189330,4435,4435,4270,4285,37851,164426155,-4.88,40203086940,28018430.0,,20260323
096530,22400,22550,21750,21850,206825,4562458725,-4.59,1141137968900,-1994917000.0,-674583225.0,20260323
101240,3885,3925,3795,3840,20029,76976065,-1.92,41707737600,-6020555.0,,20260323
060590,3980,3980,3820,3835,62218,241137290,-3.76,92734211700,302727.0,505915.0,20260323
260930,3905,4745,3860,4175,3796695,16831353145,7.05,80751142425,-568588127.0,,20260323
413630,3895,3905,3680,3680,342979,1288070672,-7.19,134086783680,-58113208.0,,20260323
013990,5030,5030,4860,4865,219788,1087540965,-3.28,159997862640,-18470648.0,143818873.0,20260323
123860,15460,15460,14660,14680,41931,624379885,-5.84,177971732200,-151350645.0,-778970.0,20260323
025980,7190,7200,6700,6740,2842491,19470839300,-9.53,638274872640,2209377150.0,-6930982235.0,20260323
0015N0,10090,10240,9400,9450,447804,4403590965,-4.26,120157222500,-1123933800.0,-35066835.0,20260323
125210,7190,7210,6950,7000,73692,518880130,-3.31,115477530000,63909030.0,50210.0,20260323
357580,21250,22050,19150,21200,355695,7372833700,-0.93,247073195200,820901565.0,1227937705.0,20260323
052710,12800,13180,12590,12920,236774,3038025240,-3.94,188827208280,372422055.0,132949160.0,20260323
074430,1385,1385,1300,1310,195136,260103260,-5.69,115053165640,63074994.0,0.0,20260323
092040,1385,1414,1340,1395,993262,1374064370,0.22,98564264865,5127046.0,13801313.0,20260323
083930,14000,14130,13450,13500,82690,1137676090,-5.99,198142861500,-241727770.0,5114780.0,20260323
149950,10050,10050,9560,9780,33855,332028010,-5.32,133670135340,35910760.0,19370.0,20260323
036010,9200,9490,8920,9150,257513,2362686730,-2.56,121630346100,483826055.0,20147370.0,20260323
050860,2000,2000,1961,1962,90441,178355327,-2.14,44145000000,16879463.0,,20260323
136410,7820,7820,7490,7490,28210,214119360,-4.34,82533103940,-46721630.0,3591890.0,20260323
246720,6680,6680,6200,6230,44402,278909370,-4.3,102055499000,-6552990.0,6690670.0,20260323
450950,11420,11680,11210,11300,63324,721893085,-2.75,425191789600,-213012010.0,431237400.0,20260323
067390,759,759,708,723,1837533,1336920863,-4.87,295820929617,89319937.0,57406949.0,20260323
159010,5050,6060,4875,5560,489005,2781234385,9.23,74141148840,-49417520.0,34225835.0,20260323
127710,1525,1544,1493,1515,306639,464859383,1.2,65228590125,-51360208.0,99798356.0,20260323
154030,2135,2135,2035,2070,61575,127851290,-3.04,24968064690,30764523.0,,20260323
227610,652,720,652,683,259495,178345724,3.8,25986269018,23371365.0,7484861.0,20260323
331740,16450,16450,15210,15430,190007,2976718645,-9.24,149956316130,-209446235.0,-549420360.0,20260323
143160,17950,17950,17430,17640,3851,67957840,-1.73,189037119600,5655600.0,-60.0,20260323
054800,16350,16350,15500,16000,25645,406487980,-3.03,165564096000,8052530.0,15790.0,20260323
332370,5290,5290,5010,5120,4721,24294920,-2.48,67961477120,-199700.0,,20260323
066430,2085,2230,2050,2185,818077,1756416187,6.59,85550345060,62310822.0,,20260323
339950,2270,2320,2230,2240,330689,748229204,-3.03,100680507200,274144299.0,,20260323
469750,1154,1165,1100,1112,159987,181498020,-4.47,38315606872,-10971270.0,,20260323
460470,3635,3705,3500,3510,82792,294744335,-6.65,53068988700,39403750.0,,20260323
099190,19700,19850,18880,18920,142004,2750716575,-8.38,537350458040,-695459420.0,-117695175.0,20260323
461300,18620,18660,17690,17720,52427,950224315,-5.79,235719112760,11864500.0,71793320.0,20260323
289010,1530,1568,1528,1559,15601,24101230,-0.45,21740654104,-1601640.0,,20260323
214430,91600,94400,89000,90200,46541,4191694400,-7.39,659110793000,1082035250.0,-1846884150.0,20260323
040910,5650,5840,5570,5660,134410,767029635,0.18,105130396500,45068805.0,,20260323
368600,904,908,851,870,123233,108058727,-3.76,22218361020,-15330402.0,,20260323
456010,14010,14200,13250,13350,238936,3239160000,-7.1,185589750900,-842154225.0,14145.0,20260323
052860,3880,3975,3755,3755,160221,621396630,-3.22,67075016770,-11094399.0,1057725.0,20260323
464500,3430,3600,3365,3450,144789,506901660,-2.27,48276757350,-44401527.0,,20260323
212710,7950,7950,7540,7630,91989,709477970,-4.27,73423322140,-24708020.0,19803700.0,20260323
038880,147,162,147,155,4124834,641697296,4.03,58236782125,56728306.0,,20260323
307180,5490,5490,5100,5140,1828821,9515926170,-7.89,172889898380,312658050.0,2365890.0,20260323
101390,0,0,0,396,0,0,0.0,5510084184,,,20260323
493280,104000,104000,76100,76100,2193597,196360306750,-26.83,1124461971000,-894370650.0,-945327000.0,20260323
461030,6870,6870,6360,6390,58667,380553070,-6.99,90302681250,-54318680.0,,20260323
451220,12080,12320,11430,11440,74605,871527370,-7.37,90085549840,-8197060.0,220.0,20260323
090150,811,811,781,785,136860,107897686,-3.21,32872105005,18515573.0,,20260323
031310,1484,1499,1440,1458,94232,137970077,-2.15,38425652694,17234471.0,,20260323
462980,2200,2305,2190,2260,118275,266079320,0.89,41209827620,36106780.0,,20260323
185490,1477,1477,1400,1405,179735,256982060,-4.87,60737846520,16070659.0,,20260323
059100,5580,5650,5370,5430,28690,156630000,-4.06,38394769800,24552520.0,5873490.0,20260323
262840,1849,1849,1785,1790,98626,177874242,-3.19,37829689950,9088169.0,4952930.0,20260323
175250,0,0,0,2170,0,0,0.0,81501658560,,,20260323
052460,3465,3465,3300,3300,76416,256303995,-5.71,48206188800,-110958571.0,,20260323
119830,6860,6860,6500,6500,330796,2193229155,-6.07,171268649500,306717360.0,202761840.0,20260323
052770,399,399,308,312,880756,294300213,-22.0,4545457488,14132878.0,,20260323
124500,56500,56600,51100,52100,642923,34073844450,-15.28,1208955856700,3068042000.0,-3054682650.0,20260323
010280,1060,1060,1025,1027,358840,371746266,-3.39,66882128222,20238506.0,,20260323
232830,2975,2975,2675,2675,158912,452164324,-10.08,44227717050,83178390.0,,20260323
372800,4395,4395,4010,4170,14486,61327265,-5.23,29345078130,2453145.0,,20260323
084850,10210,10460,9760,9950,43510,434079130,-5.6,225695193300,-115538900.0,-38126030.0,20260323
309710,32100,32100,30050,30250,136798,4270422275,-13.32,386685780250,65078900.0,-139731675.0,20260323
114840,11500,11700,11170,11210,56346,640603450,-5.8,194156079000,-273484785.0,176900745.0,20260323
027360,6950,7150,6500,6500,4375641,29606996540,-10.84,787445139000,3566228415.0,289720.0,20260323
032080,1360,1377,1316,1363,91761,123969076,0.59,29292272527,-4000597.0,,20260323
013310,3170,3210,3110,3110,248981,784760340,-5.18,120688470020,-90473247.0,0.0,20260323
059120,7500,7500,7210,7220,345651,2534439475,-6.96,132198676520,-423031665.0,29420.0,20260323
0007C0,37250,37550,34800,34900,298532,10691986825,-10.05,280258307600,2203790425.0,-1556220950.0,20260323
203690,0,0,0,4425,0,0,0.0,89196141000,,,20260323
158430,6430,6430,6190,6200,233861,1464529560,-4.91,151788970400,-165819000.0,13027280.0,20260323
200350,4880,4900,4650,4800,24780,117720855,-2.04,47980920000,-49279140.0,40.0,20260323
321820,3665,3720,3550,3635,15899,57276441,-0.82,56674651760,11224584.0,,20260323
001540,7870,7880,7670,7770,39743,308206390,-1.4,101339603400,8719410.0,5947010.0,20260323
053800,61000,61400,60200,60400,32911,1997280950,-1.79,672040962400,53142000.0,-311728100.0,20260323
065660,42000,44200,40800,44100,83929,3596148600,4.38,441269010000,-335859750.0,-182256500.0,20260323
297570,1494,1522,1415,1461,172448,252685669,-1.95,50581599498,-32466566.0,59359001.0,20260323
260660,3380,3380,3230,3240,71179,233802021,-4.42,49659548040,57940426.0,,20260323
354320,46200,46200,42350,42500,124267,5424308525,-9.96,271633692500,943833475.0,-139512425.0,20260323
361570,2085,2085,1997,2000,42719,85964624,-4.08,57486582000,-24999399.0,-8866396.0,20260323
131370,2200,2565,2120,2200,4883748,11602199037,0.0,117187582600,-599602896.0,-63763850.0,20260323
140670,17380,17380,16400,16490,328528,5530663865,-8.29,211728961600,938747535.0,29142260.0,20260323
096610,0,0,0,2965,0,0,0.0,51550708615,,,20260323
061040,1759,1759,1694,1697,106309,182246880,-3.52,54455472523,-1928372.0,12.0,20260323
148250,3200,3225,3015,3080,64123,199812095,-3.75,29095749760,-60886105.0,-18645.0,20260323
123010,1401,1470,1355,1390,545365,756498091,-0.71,45395373380,23743913.0,,20260323
476830,206000,216500,203000,206000,343317,71377252750,-3.96,2870371452000,7647919500.0,-3319394000.0,20260323
347860,1839,1916,1746,1773,398242,724744973,-3.69,68634533853,-186698419.0,,20260323
196170,341000,342500,329000,330500,278760,92710045250,-6.51,17692935111500,14564986500.0,-19192226000.0,20260323
123750,2250,2390,2150,2265,67459,150326740,0.67,31300621635,10555885.0,,20260323
459550,2915,2950,2815,2815,338330,971957275,-5.54,70565769735,-65605695.0,0.0,20260323
085810,465,469,442,443,134208,60416554,-4.11,29036891733,-11606492.0,,20260323
043100,714,715,660,660,1072287,732874196,-7.56,13272652800,134701714.0,,20260323
117670,16460,16460,15150,15450,30747,474473610,-6.19,102923913900,32838500.0,10.0,20260323
314140,6460,6460,6180,6210,13872,86502680,-4.02,53818101810,-29499400.0,,20260323
291650,1560,1749,1551,1683,1348714,2251415321,7.88,67752685836,123243532.0,,20260323
293780,6850,6980,6600,6750,104333,707103540,-3.85,189630483750,90351515.0,34030.0,20260323
310200,2830,2830,2705,2705,387499,1064999789,-4.42,141100471380,-57151498.0,-179923285.0,20260323
179530,1989,2355,1904,2120,1776597,3856568377,10.24,41720815600,-72330595.0,,20260323
397810,6200,6200,5950,6050,14327,86817840,-2.58,31222658500,-32175190.0,,20260323
900100,414,416,398,400,137407,56013500,-3.38,21104200800,36793.0,,20260323
0011A0,27250,29000,25800,25950,267317,7306815700,-9.42,242210553000,-29180925.0,-137100.0,20260323
052790,5560,5560,5390,5450,9814,53585410,-2.15,61751977100,9499570.0,-5710.0,20260323
290740,21500,21500,18190,19120,438081,8313892525,-13.48,192443010320,2181068270.0,-2956645130.0,20260323
238090,3270,3410,3120,3170,258883,840635728,-2.91,76463611210,-241493269.0,,20260323
138360,1960,1960,1781,1790,988917,1799382989,-9.41,137815182380,-247029939.0,,20260323
092600,808,808,700,730,585588,427526100,-9.77,18310967410,-21687189.0,,20260323
129890,940,940,922,926,104927,97456624,-1.7,42175227452,-9616232.0,9317004.0,20260323
174900,75200,77300,69400,70700,601328,42969676400,-9.71,1408733557000,5954652300.0,445722600.0,20260323
109960,174,177,165,168,972237,166166216,-3.45,37092597192,-17408996.0,,20260323
270520,222,222,205,206,2770217,587948806,-7.21,40497364282,-126834624.0,,20260323
255440,10580,10690,10160,10160,51971,543243195,-4.87,132669280000,-97608665.0,,20260323
030960,7150,7150,6750,6750,70368,485172480,-5.59,107865000000,-76413460.0,,20260323
102120,11570,11680,11150,11160,214501,2439072755,-5.74,198433203480,-196610710.0,101370.0,20260323
238120,4590,4830,4325,4325,189617,857602380,-6.69,62188725200,-149071380.0,,20260323
019990,9650,10500,9160,9600,836110,8259723835,-1.64,93658444800,-1124476810.0,40.0,20260323
435570,9920,10150,9700,9700,41862,411096935,-5.0,73884735100,4440660.0,,20260323
270660,17960,17970,17030,17030,53214,927088535,-7.95,216120628490,-140687215.0,57152650.0,20260323
038680,3130,3230,3130,3170,42536,135589457,-2.46,63123075140,-2895897.0,30.0,20260323
217480,0,0,0,499,0,0,0.0,54756837359,,,20260323
121890,1334,1603,1330,1403,533601,777881904,5.57,18647898738,64084168.0,,20260323
304360,32300,32300,30250,30700,90393,2799984525,-7.67,380223429600,-690744400.0,0.0,20260323
389500,47300,47350,45000,45000,106225,4834554675,-7.79,299495115000,884904925.0,-1152524300.0,20260323
042110,1446,1470,1409,1455,977272,1420289316,0.28,70319515620,-125302889.0,,20260323
298060,782,795,751,764,261063,201178564,-2.3,33771226464,11276564.0,,20260323
065420,193,235,191,214,10895618,2402192972,10.88,15317541986,-66567816.0,,20260323
103230,3745,3805,3650,3750,41004,153050295,0.13,27000000000,13172890.0,,20260323
260970,54100,55500,52800,53100,20184,1086356200,-2.57,153605237400,180629000.0,-160909400.0,20260323
101490,82100,84700,80300,81900,186326,15260375200,-4.1,1747326590100,845259150.0,1682430150.0,20260323
095910,1900,2020,1760,1826,5623727,10617799572,-14.07,41820551146,-217352177.0,-515039761.0,20260323
275630,2725,3010,2660,3010,178135,515380207,9.65,16964052980,-13556070.0,20029225.0,20260323
031330,5180,5220,5020,5030,624330,3178070745,-5.27,502975187010,148982580.0,-27065515.0,20260323
060540,1330,1330,1279,1304,43953,57412512,-1.95,34077831024,4600335.0,,20260323
056190,28750,29150,27750,27850,97870,2770804675,-5.91,1000058966000,258341600.0,-360519500.0,20260323
0008Z0,29000,29500,27700,28050,32184,917076150,-7.12,264695620200,-287765375.0,3410750.0,20260323
246250,0,0,0,1969,0,0,0.0,30220617614,,,20260323
041510,95200,95600,88800,89200,137311,12440235950,-9.16,2042206348000,1758765400.0,-4372987300.0,20260323
460870,3680,3685,3525,3530,223870,806248330,-5.61,70858763120,-247090410.0,-196400.0,20260323
007820,5310,5380,5020,5050,163472,838430680,-7.0,101171427300,34361225.0,-76619960.0,20260323
464080,16460,16540,15400,15400,405121,6393850390,-10.05,274074339000,-508800680.0,84304960.0,20260323
109610,2745,2745,2570,2570,401698,1052933469,-7.05,125692018000,-481818140.0,,20260323
365330,3575,3610,3385,3415,814205,2849891173,-7.95,171333965000,-606347328.0,,20260323
306040,8340,8340,7500,7500,192668,1502226595,-11.76,73993710000,454077390.0,-595610.0,20260323
398120,4200,4550,4060,4095,298305,1261093505,-2.5,48396802545,-152509315.0,-105844080.0,20260323
472230,2065,2070,2055,2065,12734,26294825,0.49,8580075000,-14455.0,-10325000.0,20260323
473000,2045,2060,2040,2060,309,633835,0.0,6818600000,-518805.0,0.0,20260323
473950,2040,2045,2040,2045,7034,14351700,0.25,9038900000,0.0,0.0,20260323
475660,5630,5690,5300,5340,20546,110997380,-4.47,42345318900,-13598620.0,,20260323
096630,843,843,812,816,507660,418230659,-3.2,64775398656,81200692.0,,20260323
069510,15040,15040,14400,14430,19909,290105895,-4.18,157431300000,-104707785.0,-12519270.0,20260323
488280,15150,15330,14520,14520,54523,807431375,-7.16,156371484720,-13049635.0,-63980020.0,20260323
234300,3370,3370,3280,3310,103604,342607855,-2.22,90057751800,90169690.0,,20260323
039440,32600,32650,30850,31050,195521,6207054975,-8.68,481493809350,-1654640100.0,-1190063100.0,20260323
098660,1332,1333,1251,1287,40819,53029091,-3.38,16088756112,-6219111.0,,20260323
052020,13890,16190,12840,14440,1262600,18298274560,2.05,981678722040,1016629855.0,-244367990.0,20260323
237690,143200,146200,141000,142500,111341,15971700300,-5.5,2965046662500,3757351450.0,-886838250.0,20260323
458350,12800,12940,11100,11500,1464647,17477334125,-24.49,99856800000,-829941150.0,-3925134430.0,20260323
050760,1190,1307,1172,1250,115250,144173148,4.52,20418347500,142610.0,4407739.0,20260323
288620,9350,9360,8850,8880,35341,316721905,-5.03,61976326080,13415200.0,-43720.0,20260323
443670,4630,4630,4410,4410,116982,523027208,-6.37,109109538720,-104388214.0,,20260323
317830,10000,10150,9440,9600,132298,1284453940,-5.79,103428652800,244164045.0,-145742720.0,20260323
058610,115300,115700,109100,110100,320543,35687274600,-8.63,2441727336000,10296047350.0,-12849550400.0,20260323
043340,620,698,530,540,7296225,4353948502,-8.16,51300000000,-59305396.0,-281480.0,20260323
163280,6290,6490,6030,6280,145384,911380930,0.32,42713664920,-252930090.0,9324970.0,20260323
200710,46000,52000,45800,49000,565046,28256300775,2.73,658600278000,5395175525.0,1839772825.0,20260323
475580,13300,15650,12900,13310,8905085,129677532320,1.37,181347419000,-2755461065.0,-166489360.0,20260323
096690,1159,1159,1073,1114,183118,206967894,-1.42,26888677042,33710373.0,,20260323
298380,183800,184400,167800,168800,585803,101083863450,-11.39,9450683754400,-35905877150.0,-10471108900.0,20260323
203400,2670,2670,2525,2525,865250,2229615574,-6.83,227505792600,147567091.0,-32494150.0,20260323
195990,1961,2075,1800,1814,3083371,5941298303,-10.2,51642715208,-80342379.0,,20260323
003800,34300,34850,33650,33900,12728,436141125,-3.42,375951000000,-77294125.0,34550.0,20260323
088800,3400,3442,3230,3230,540830,1800438044,-6.78,243885781820,-179470637.0,3325.0,20260323
241840,5870,5870,5470,5500,39043,218524730,-6.78,52469967000,-12990560.0,100.0,20260323
364950,6900,7480,6750,6750,438721,3154304425,-0.3,56001003750,107310055.0,-171478550.0,20260323
453860,14240,14700,14200,14340,8081,116683290,-2.45,92413025820,20456670.0,,20260323
312610,955,980,950,980,16834,16108824,2.62,19851750240,1363258.0,,20260323
172670,11950,11970,11210,11340,65660,759069980,-5.74,101609337060,85202610.0,,20260323
481070,17900,17900,16710,17170,45039,771827870,-4.08,243127200000,-149652310.0,31437860.0,20260323
060900,313,354,313,354,3792232,1333485124,29.67,28256799672,5457786.0,,20260323
445090,27600,27600,26500,26550,35486,952599525,-5.18,290076219900,42613175.0,-167320925.0,20260323
295310,86100,92000,84100,87400,178150,15762776800,-5.31,1051185233400,-1009633100.0,4096900450.0,20260323
072990,4955,4955,4610,4610,146936,689542695,-7.24,66412609660,-193318200.0,0.0,20260323
044990,15150,15150,14550,14670,28953,428815740,-3.3,112745184750,-8850100.0,-3273050.0,20260323
239610,7580,7580,7300,7350,2207,16257350,-2.0,39632045250,472900.0,40.0,20260323
036170,4795,5200,4650,5050,1710102,8445180345,2.64,309896411300,158033386.0,,20260323
462020,2095,2095,2090,2090,332,694025,0.0,9081050000,-2090.0,620730.0,20260323
477340,2040,2040,2035,2035,6950,14143284,-0.25,15282850000,166870.0,-12279190.0,20260323
148930,2950,2950,2765,2825,14395,40748972,-4.24,28744976725,-294752.0,,20260323
044780,1508,1513,1457,1460,65196,96426318,-3.18,27018449020,12239517.0,,20260323
357230,2445,2445,2350,2375,94739,225877465,-2.86,98072005500,60357390.0,4872445.0,20260323
355690,5250,5270,4990,5150,27926,142017955,-2.09,27835647000,-47128975.0,,20260323
071670,9110,9110,8660,8660,58528,514004060,-5.66,86600000000,-94012595.0,60.0,20260323
045660,9790,9790,9390,9420,45288,432630680,-3.88,77809200000,-8701140.0,115570.0,20260323
224110,9240,9240,8800,8980,12600,113269580,-2.92,47953200000,-10227805.0,,20260323
021080,2975,2975,2800,2810,636612,1815731105,-6.64,134880000000,119741708.0,25395775.0,20260323
200470,8490,9450,8410,8800,3699780,33589247760,1.73,372786418400,473359865.0,-342083285.0,20260323
262260,5080,5080,4830,4840,58181,283924589,-5.1,70025855680,-69125437.0,-43455.0,20260323
397030,62100,62700,58900,59000,253998,15296541150,-8.53,1377214934000,-3590897450.0,36896050.0,20260323
0009K0,52600,53200,50900,51000,285851,14819791350,-7.78,3298229211000,-1376796600.0,-1288242500.0,20260323
230240,26100,27350,25550,26050,348309,9234297750,-3.52,346699450000,134256125.0,312033475.0,20260323
159910,674,704,645,704,302887,204986319,4.3,36844181440,-2630582.0,99618240.0,20260323
230360,15900,15920,15890,15890,5262,83665820,-0.06,492570264620,-15989780.0,60.0,20260323
038870,2950,3140,2850,2860,209505,627180728,-3.87,40082754140,-33355967.0,40970.0,20260323
097780,791,794,771,777,38757,30155700,-2.63,49274157408,-4549442.0,8761.0,20260323
448280,12800,13050,12090,12090,47551,598006370,-8.62,358240349610,-1573440.0,430.0,20260323
101360,16800,17030,16520,16540,91495,1525169225,-4.0,294182325560,7091870.0,-201644880.0,20260323
128540,1924,1924,1856,1868,121546,228464581,-2.91,49857779280,23003048.0,,20260323
086520,145100,145900,139500,139600,1089923,154595198450,-7.49,18954350819200,3709534200.0,-25977260150.0,20260323
247540,183800,184300,178300,179100,461538,83455322300,-6.67,17521430729400,1360000200.0,-9737969950.0,20260323
383310,29200,29200,27700,27900,240245,6808111300,-6.53,585200602800,641150525.0,-1193987950.0,20260323
038110,3095,3910,3080,3910,30794833,116688183020,29.9,160972236700,2309053746.0,11333110.0,20260323
073540,2310,2310,2155,2230,119852,268054415,-5.11,25422000000,-2305625.0,3775.0,20260323
064850,19020,19250,17630,18110,143428,2626482630,-7.74,206641112520,200853325.0,140088670.0,20260323
036810,40650,41150,38900,39550,240748,9636042675,-6.94,868373563400,-528069675.0,2475892575.0,20260323
173940,3870,3870,3560,3735,13667,50303790,-3.49,57492137880,366470.0,,20260323
083500,16150,16200,15250,15320,104770,1637607270,-7.49,131380061040,-387582745.0,31780.0,20260323
054940,676,692,666,673,237548,160835562,-0.44,22325797804,35509420.0,,20260323
950130,2960,2960,2785,2790,68959,195528853,-5.74,105260651280,10385380.0,,20260323
373110,1448,1448,1344,1375,90874,126057346,-5.17,23779791750,-8179445.0,,20260323
205100,1937,1937,1865,1888,545307,1035167916,-2.58,134920837504,-206037906.0,61226127.0,20260323
356680,6700,6930,6550,6550,97931,650328440,-5.48,186959872600,-291934505.0,,20260323
070300,1945,2100,1881,1927,332117,663014041,-0.93,44912739306,-121858264.0,,20260323
317770,3310,3310,3135,3180,245901,789902999,-5.5,116027213100,-117787385.0,,20260323
373200,851,851,764,820,495389,393496121,-4.54,92234078060,-205148958.0,,20260323
069920,408,458,394,429,614475,263733067,3.37,19941039261,34672730.0,,20260323
092870,29650,30300,28000,28500,376666,10913659725,-8.8,371947714500,1475363825.0,149387100.0,20260323
317870,9090,9200,8640,8710,10650,93786960,-5.33,77012905450,-25633770.0,,20260323
067570,2235,2235,2160,2180,184910,405287062,-2.46,91930600000,-22385212.0,39992730.0,20260323
0004V0,17530,17600,16110,16110,313161,5201180280,-10.6,167615979480,-421504730.0,58189450.0,20260323
236810,1892,1907,1802,1835,28980,53757562,-3.83,31149906710,-6645043.0,9.0,20260323
333620,5960,5960,5830,5920,13656,80555250,-0.17,62493556480,-14313100.0,47130.0,20260323
101400,428,440,411,428,707478,298461001,0.0,30152912440,77509388.0,2744613.0,20260323
475230,24200,24200,22300,22800,102938,2348938525,-7.88,246839526000,-683465750.0,273133100.0,20260323
451700,2245,2245,2195,2205,138770,308395225,-1.34,31641750000,-2733720.0,61004430.0,20260323
466910,3780,3875,3710,3840,199687,760725665,1.32,34944000000,189131965.0,-60674645.0,20260323
481890,2090,2130,2090,2125,4257,8977990,0.0,13483125000,-4255.0,-1861625.0,20260323
0054V0,2055,2075,2055,2055,7946,16330585,-0.96,12774907500,-1027770.0,0.0,20260323
265740,8920,9060,8560,8610,154344,1348874245,-4.33,153805596000,-235717390.0,311370000.0,20260323
354200,2000,2000,1861,1880,338036,646373576,-6.47,50402330000,-47730435.0,,20260323
455900,26500,26750,25850,25850,72663,1902912625,-6.34,394138336350,-311216200.0,234572150.0,20260323
419080,5290,5740,5180,5420,147956,804911470,2.65,57913442540,-83736650.0,-886940.0,20260323
183490,1003,1012,986,990,677473,676506106,-2.65,84214906380,-292433814.0,-4934414.0,20260323
182400,0,0,0,3670,0,0,0.0,265496721770,,,20260323
348370,44300,45000,42100,42750,764891,33003536750,-12.84,936694908000,5687032125.0,-655577250.0,20260323
069410,4620,4700,4510,4560,40870,187022455,-2.25,46716397440,24174000.0,,20260323
227950,473,473,450,459,975631,447521685,-3.16,79196340573,-24962443.0,,20260323
291230,740,785,704,722,227242,164988389,-2.43,31837149550,-34092996.0,,20260323
048830,876,968,872,935,901195,841204608,6.74,17506868005,42064924.0,,20260323
096870,2205,2210,2060,2190,36355,78664950,-0.68,18282117810,6612605.0,,20260323
290650,71200,73700,68000,72600,301893,21319909900,-4.1,1803896773800,424424350.0,-1792061150.0,20260323
156100,8910,9260,8620,8740,400707,3546792860,-3.96,195349077220,-12888460.0,79612220.0,20260323
0041J0,2025,2025,2005,2020,3097,6216850,-0.25,8302200000,218165.0,0.0,20260323
073110,5380,5380,5090,5290,6048,31611710,-1.67,47058543950,-4493370.0,,20260323
083310,13440,13930,13300,13370,137819,1865355350,-4.36,238120141210,-34699395.0,-30.0,20260323
037950,724,724,703,709,240249,170213057,-2.07,59873290971,-48726024.0,,20260323
489500,37950,39200,36100,36800,177327,6625541275,-4.91,231032460800,907550400.0,36550.0,20260323
170920,33400,33400,29800,30150,454065,14132973950,-11.32,318508398900,4572358675.0,-373091075.0,20260323
058630,5150,5150,4900,4965,72206,362177990,-4.15,95340779910,-14020170.0,-9252880.0,20260323
226590,34450,36400,34000,35100,419326,14738361150,-3.04,373140518400,173495475.0,1059246125.0,20260323
058970,29650,29650,27900,28200,57004,1639995025,-7.24,348577492800,-355788350.0,-20190175.0,20260323
169330,1930,1941,1899,1907,6336,12119094,-1.5,34930362626,-328277.0,,20260323
373170,2635,2770,2595,2645,95947,256742099,0.38,39975974550,-26546105.0,-5991510.0,20260323
179290,6690,6690,6450,6460,85617,557990230,-3.58,209082279880,26438990.0,64680.0,20260323
009780,7000,7160,6870,6870,24692,171933420,-4.05,120912000000,-80893810.0,,20260323
123040,2435,2490,2395,2400,233129,565600139,-4.0,150307917600,-7320999.0,-17507710.0,20260323
432980,3525,3525,3370,3370,5829,19932330,-4.26,28954170540,4826165.0,0.0,20260323
413390,8000,8000,7700,7780,79180,618483765,-4.77,90093800400,-60550855.0,,20260323
032790,721,743,685,700,251911,177588333,-2.91,35952148400,-50594530.0,,20260323
033160,17380,18240,16290,16300,829687,14080505210,-9.8,372470843600,2921687625.0,-1242404925.0,20260323
347890,5760,5760,5330,5370,41066,221904410,-2.36,91092405480,-63470780.0,-8445300.0,20260323
033310,1830,1867,1776,1786,98101,176257119,-2.4,71390806416,-52236085.0,,20260323
259630,13250,13850,12970,13170,227323,3042754405,-2.44,159011735280,-213439495.0,-16467650.0,20260323
105550,1300,1356,1275,1300,610718,801667651,-1.37,101799166300,213633659.0,,20260323
060850,5990,6030,5900,5940,13369,79581560,-1.82,48298140000,18359240.0,,20260323
143540,1177,1257,1149,1186,389154,468326792,1.02,52895475470,68243710.0,,20260323
265560,8220,8230,8030,8050,25355,206247390,-3.01,86055949000,-20624585.0,30.0,20260323
036000,3130,3130,2970,3025,37327,113393820,-3.51,69678687925,12336340.0,,20260323
250930,394,394,365,376,421830,158138506,-3.59,12408165440,14989938.0,,20260323
053280,3620,3640,3575,3595,47205,170360056,-1.37,89875000000,22187678.0,21730.0,20260323
122640,28300,30300,26100,27050,952303,27030056800,-6.08,577512658050,192672950.0,2331129975.0,20260323
476040,26500,26500,24600,24600,86800,2182908700,-9.56,162009696000,-313189350.0,10147250.0,20260323
900300,121,123,117,119,3268393,391186759,-4.03,29869580244,81755149.0,,20260323
045060,2255,2255,2215,2225,14882,33106845,-1.55,37695892150,-7383960.0,1900340.0,20260323
192410,3925,3925,3610,3925,1184761,4649203210,29.97,91573335050,-44994215.0,0.0,20260323
080520,3135,3150,3015,3035,12969,39681471,-3.19,34363535595,919590.0,5.0,20260323
039830,10170,10300,9620,9670,97140,957372870,-6.3,104077146300,281133070.0,-2883940.0,20260323
322310,32350,33950,30400,30400,224947,7131575650,-8.02,284742876800,1741725425.0,325753450.0,20260323
046120,13140,16410,12060,13990,18243831,267929888870,2.12,460216760770,-5116621670.0,548698950.0,20260323
475830,119000,121000,109900,110500,295042,33521316900,-12.51,2346176664000,-2555314550.0,-7464417400.0,20260323
014940,6990,7010,6670,6680,194452,1320862705,-6.83,304432055480,6792320.0,-5388670.0,20260323
065500,2200,2210,2130,2155,518871,1124869243,-4.43,68405975360,-195050507.0,,20260323
010470,5860,6000,5810,5840,19375,113638430,-1.35,69934292000,23560960.0,10.0,20260323
417860,8920,8990,8350,8640,14103,121044200,-3.89,40581267840,12622740.0,,20260323
352910,4290,4290,4100,4150,33051,137228160,-3.26,52446878300,-55109380.0,-3649210.0,20260323
053980,3200,3200,3115,3125,98201,308483539,-3.1,59321196875,-31532984.0,1562500.0,20260323
036220,10010,10100,9520,9520,28115,276405390,-2.06,138129640320,48880330.0,20.0,20260323
052420,1418,1418,1377,1391,440680,613936602,-2.45,126602813662,-93192427.0,0.0,20260323
052300,2130,2330,1952,2065,379511,799487764,-2.82,34826520295,45532612.0,20500756.0,20260323
039200,53000,54400,51800,52500,443511,23356352800,-6.25,2008554240000,5232584000.0,-2601654550.0,20260323
226400,6400,6560,6330,6440,184259,1186081360,-1.68,133060710440,166033410.0,-25760.0,20260323
031510,1021,1025,1009,1022,26545,27025729,0.1,28616000000,-5154350.0,,20260323
342870,6700,6900,6460,6480,8834,58023625,-3.43,40487778720,-11173540.0,17055000.0,20260323
368970,1562,1562,1533,1545,8362,12945297,-1.09,14439817200,-2755062.0,,20260323
138080,33550,36600,31550,31600,860731,29303637375,-6.78,380765558800,-1156868100.0,-256008650.0,20260323
080580,19950,20300,18200,18370,771877,14615509055,-9.73,378076203120,1421703220.0,-3381099135.0,20260323
067170,1792,1792,1759,1762,24888,44029214,-1.95,42465126812,83413.0,-885604.0,20260323
353590,2800,2800,2655,2655,26854,72804905,-5.18,34184638350,10304945.0,10.0,20260323
173130,7330,7480,7150,7150,68714,502307320,-3.12,93282281950,-87081290.0,0.0,20260323
440320,3380,3380,3210,3230,60300,196500390,-5.28,31750900000,247075.0,,20260323
049480,2150,2150,2075,2075,121640,255422898,-3.94,65201444725,16870601.0,,20260323
394280,16270,17600,16140,16970,750381,12771773420,0.41,445914835350,-25518440.0,1097303955.0,20260323
476060,23000,23700,21550,21550,747976,16582144550,-10.02,967332952000,992748875.0,-1148073525.0,20260323
382150,6790,6860,6440,6440,87282,572493765,-5.15,78541963080,4368130.0,-6520.0,20260323
244460,0,0,0,1651,0,0,0.0,13415218661,,,20260323
226950,178100,180400,165900,176500,430254,73872591750,-5.56,3583052899500,-14536344100.0,1578019950.0,20260323
057540,839,839,805,810,202727,166593295,-3.46,48153977550,-5389870.0,,20260323
131030,11900,15450,11740,14280,3219254,46230992910,19.9,251993305200,-45119750.0,25098100.0,20260323
082210,2100,2100,1981,1999,142808,288996943,-4.81,66351555626,-4096386.0,,20260323
109080,10160,10600,9690,9970,95348,967577900,-4.23,56190920000,-24234570.0,,20260323
380540,4120,4645,3955,4225,7316468,32155807078,2.05,206151130575,247465295.0,146092985.0,20260323
153710,5050,5070,4950,4950,31436,156552570,-1.98,72616292100,-16939120.0,,20260323
432430,3415,3415,3250,3290,18832,61968075,-3.8,54312372800,929450.0,,20260323
338840,32900,33150,30950,31550,279445,8896443625,-8.95,478868455550,2291586400.0,-1707239625.0,20260323
122990,7560,7560,7310,7330,124770,918311060,-3.17,195264463730,-168581600.0,25284250.0,20260323
232140,20300,20700,19600,19640,851505,17101280850,-7.14,1611370674000,-750612910.0,609777875.0,20260323
112290,25750,25800,24700,25000,153587,3877540450,-6.19,252763625000,568227125.0,44390575.0,20260323
065530,1438,1470,1420,1420,369995,534429743,-1.73,67931037780,-34175289.0,,20260323
067900,7180,7180,6910,6970,81013,568169930,-3.99,126851623230,-15565120.0,9573860.0,20260323
007530,2435,2435,2360,2365,11757,28043205,-2.87,52631256315,-3919905.0,995390.0,20260323
155650,3565,3565,3400,3400,39381,135706865,-5.29,64512817200,-51065335.0,,20260323
273640,7230,7230,7000,7000,14766,104352410,-3.98,76762000000,5128320.0,-7100.0,20260323
251370,12380,12500,11930,11960,99410,1206073030,-6.56,210783159600,-333746695.0,,20260323
209640,4575,4970,4490,4605,3278156,15597682542,-1.39,130980687330,371867789.0,98520370.0,20260323
096250,10380,10380,9750,9750,67483,670249315,-7.76,127691226000,73415885.0,49515060.0,20260323
273060,1109,1129,1051,1073,165912,179548115,-3.25,54143131486,9720149.0,,20260323
019210,12040,12270,11580,11610,886530,10511813205,-7.49,431819182080,1373658820.0,34821765.0,20260323
122870,57900,58700,53100,54000,403890,22068365000,-9.7,1009316646000,2536338000.0,-11125409050.0,20260323
079000,7270,7480,7190,7260,34743,254111290,-0.27,52272000000,16476180.0,-47825720.0,20260323
403490,1309,1309,1263,1263,159522,204426049,-3.81,58012702032,-1504252.0,0.0,20260323
032820,27500,29100,26150,26350,22754998,629307717525,-7.22,4455377813450,-37461869950.0,1064812250.0,20260323
041190,6590,6610,6220,6310,991630,6321956770,-6.79,530040000000,-833088290.0,-1485766200.0,20260323
115440,7960,8830,7760,8200,1033033,8650219495,0.12,88513194400,-542070920.0,11500370.0,20260323
046970,2925,3520,2850,3520,8016458,26513051585,29.89,154263996480,441708688.0,0.0,20260323
082850,1914,1928,1866,1883,178514,337694466,-1.67,91243736374,13603508.0,,20260323
215360,8470,8780,8360,8450,44747,384351620,-1.05,77166777350,38751180.0,-130.0,20260323
072470,3850,3895,3750,3750,70265,266884004,-3.72,70827528750,9527542.0,0.0,20260323
073560,1667,1680,1618,1621,119511,195976061,-4.59,112234219303,-113499891.0,,20260323
037400,990,1006,971,997,98953,97818812,-0.1,26144675962,16991739.0,587369.0,20260323
153490,777,791,763,780,65365,50427652,-0.51,40154400000,322677.0,,20260323
101170,13550,13570,12790,12900,165936,2156623780,-6.32,174150000000,700338230.0,12920.0,20260323
066590,2895,2990,2775,2860,211692,611570610,-1.38,110618899820,-116110795.0,-5302820.0,20260323
103840,2980,2980,2895,2905,161725,472142959,-3.65,47544473340,-43647540.0,,20260323
101970,13800,16570,13160,14910,665594,10102092185,8.04,220519034190,-1199273135.0,-411422330.0,20260323
046940,4980,4980,4490,4570,446185,2073090419,-8.32,82599779500,-289687430.0,,20260323
215380,2850,2865,2605,2640,655470,1782577719,-10.36,44430080640,423348864.0,,20260323
065680,28250,29400,27900,28900,12745,364090750,-1.37,267049611900,-14476200.0,1228350.0,20260323
018620,698,698,677,679,60051,40999070,-2.72,19615829947,2659013.0,,20260323
457550,29700,30800,28300,28850,552119,16302316425,-5.25,268851938300,-143841075.0,158271850.0,20260323
396470,6940,6960,6730,6830,87010,596594890,-2.15,110099600000,59673480.0,,20260323
307280,7160,7160,6800,7000,24857,171731310,-2.23,49662389000,-4060520.0,42287310.0,20260323
032940,10560,10560,9850,9850,161625,1621982555,-8.12,179203315500,-524556160.0,9980.0,20260323
240810,122200,123000,115400,116200,474282,56212116150,-7.04,5703549296200,-12267070550.0,5991450900.0,20260323
074600,32750,33200,31900,32300,225586,7339695650,-4.72,849102400000,1725496700.0,-754060600.0,20260323
104830,41550,41850,40400,40550,65678,2692909625,-5.04,511254400000,692427250.0,-172885850.0,20260323
014190,1760,1790,1740,1742,266234,467069810,-3.22,61666636252,-6276119.0,,20260323
217820,3240,3240,3030,3045,257573,791711867,-6.16,144499132155,-116237577.0,-36664485.0,20260323
030530,33550,34200,31300,31300,1022749,33157964300,-8.88,2417548805300,-1418451375.0,140525100.0,20260323
012620,9040,9060,8820,8820,8531,75981390,-3.18,38808000000,3457420.0,11529410.0,20260323
136150,17590,21900,16960,18000,2761050,55334729075,2.1,150858540000,-1374055690.0,-2886500.0,20260323
382840,8590,8720,8380,8410,84390,719078120,-4.21,128433996210,-17880945.0,17260.0,20260323
336570,6860,6900,6700,6710,399422,2709138115,-5.23,603691298870,-849377105.0,-117735120.0,20260323
376980,3475,3480,3345,3390,22177,75370880,-2.45,33108075660,23247205.0,0.0,20260323
008370,4975,4975,4870,4955,9086,44447432,-0.4,59460000000,3946305.0,,20260323
008290,370,389,368,388,366604,138667662,4.86,15789147452,-14701292.0,,20260323
101160,30300,30600,29300,29350,64073,1909587700,-6.83,484597644550,-149996900.0,-96302025.0,20260323
336060,1036,1036,997,1020,249852,254420764,-1.83,49118304000,24404172.0,-1257105.0,20260323
095270,4915,4915,4655,4695,231966,1100451481,-4.48,67478446170,189912871.0,22239175.0,20260323
289930,18650,19000,17170,18050,178568,3277881680,-3.42,234993130500,610396095.0,10534890.0,20260323
065950,1607,1629,1585,1611,85701,137613985,-0.56,45480627522,43234179.0,,20260323
076080,1253,1318,1208,1232,283935,356954882,-1.68,27836000192,-5647889.0,-106758.0,20260323
043590,644,695,644,678,406311,273236796,5.28,18398724636,6150583.0,,20260323
196700,2140,2140,1970,1971,190960,385475495,-8.33,28311727824,69843913.0,,20260323
069080,12060,12180,11850,11890,62508,750200005,-2.94,411404510760,14491770.0,-176509845.0,20260323
053580,8880,8880,8360,8410,41869,361009980,-6.03,114680845680,-568450.0,-226230.0,20260323
479960,9970,9970,9590,9590,10438,102352750,-3.91,65701090000,-45919630.0,110.0,20260323
377460,0,0,0,4080,0,0,0.0,253187202960,,,20260323
044340,5000,5020,4780,4865,35891,176216445,-3.47,86954212625,30182145.0,9905.0,20260323
330350,8500,8500,8110,8110,139807,1157201450,-4.81,107069347290,-164370330.0,8390.0,20260323
348350,10240,11630,10100,10610,410590,4491942380,3.01,105872946000,-420699785.0,,20260323
112040,21200,21400,20550,20600,154361,3233807325,-6.36,699338749800,-363110100.0,-319653500.0,20260323
101730,5070,5120,4860,4860,80107,396900735,-5.26,407283969960,-19730640.0,-81078485.0,20260323
123420,6500,6680,6360,6570,54255,352792760,-2.67,69328834380,20952470.0,130.0,20260323
065370,4880,4990,4795,4795,22997,111891615,-1.64,35406059430,5617385.0,,20260323
038620,616,628,586,597,2085689,1255435302,-3.08,45210490605,338602673.0,,20260323
299900,474,474,453,461,453289,208354633,-3.35,78853535524,-76851523.0,13507857.0,20260323
036090,596,598,575,588,979538,574027946,-2.49,69614662992,87264878.0,,20260323
459100,6010,6010,5670,5720,22878,131990340,-5.3,76447800000,-49468380.0,,20260323
136540,11510,11650,11400,11480,20344,234523610,-1.46,140971484080,24912320.0,57925350.0,20260323
097800,419,430,401,401,450821,184587783,-4.07,54716541829,-20485292.0,,20260323
192390,2040,2045,1995,2005,27471,55256260,-1.96,22119619145,-8821081.0,,20260323
335870,2145,2145,1952,1995,7251,14646427,-2.68,33417193635,1490174.0,,20260323
900340,658,662,618,626,137463,87630639,-4.86,31507160928,404270.0,,20260323
036200,9860,9980,9590,9600,203979,1992127660,-5.7,294376540800,-447767180.0,-9440.0,20260323
018000,1774,1789,1502,1650,29866129,49974315348,-1.9,404521580100,-6892867058.0,32132311.0,20260323
203450,3035,3060,2980,3030,22401,67523892,-0.98,42659391210,-9726965.0,-14290.0,20260323
011320,3820,3875,3730,3775,52020,198454930,-1.31,72935623625,89271605.0,0.0,20260323
086390,19310,19310,17730,17780,284492,5182131695,-9.75,375764760280,-1378569610.0,-389383910.0,20260323
241690,3920,3920,3765,3765,131105,503614273,-3.95,92132208090,-37253393.0,14374395.0,20260323
142210,5460,5470,5200,5230,211176,1117263915,-6.44,108529837690,7405705.0,268000.0,20260323
389680,642,642,615,619,379749,237035450,-3.58,25745735835,-2520575.0,,20260323
088340,11920,12000,11570,11770,24586,289182300,-2.24,51368611360,120967930.0,1416000.0,20260323
048430,7650,7650,7450,7450,19453,146145340,-2.87,85824000000,-55963240.0,,20260323
206650,13890,14050,13680,13970,297720,4131225420,-1.06,513024598790,-473416695.0,3321660.0,20260323
089850,5450,5620,5350,5450,74596,408059590,-0.91,80279584550,31992030.0,-76300.0,20260323
084440,957,995,957,995,11369,11173752,-0.2,19614236000,-1576239.0,4949978.0,20260323
032620,3960,3960,3880,3900,332684,1301743755,-2.38,203568842100,-17951415.0,24980460.0,20260323
264450,13810,13880,13240,13270,101185,1368972270,-6.15,194611092110,55507850.0,40840.0,20260323
078070,14550,15270,13800,13800,310625,4539312350,-6.63,242945853600,498098170.0,13145050.0,20260323
024800,4090,4090,3810,3875,131906,519899455,-4.67,143575771500,-71172605.0,-1833275.0,20260323
054930,24000,24000,23050,23050,30089,705116350,-4.95,69150000000,26952100.0,2600000.0,20260323
069330,1040,1050,1005,1038,25984,26439318,-0.19,14730352458,-3367015.0,,20260323
049520,3850,3850,3650,3670,214074,796993286,-5.9,118347972680,-26144480.0,35016740.0,20260323
444920,2100,2105,2095,2097,38045,79931162,-0.14,10988280000,-2100.0,-6297900.0,20260323
473050,2060,2060,2055,2060,17325,35604665,-0.24,14440600000,663320.0,-12979365.0,20260323
474490,2040,2050,2030,2045,24916,50947900,0.0,11267950000,165240.0,-2515350.0,20260323
493790,2010,2020,2010,2020,665,1340955,0.0,10726200000,0.0,1278340.0,20260323
263770,1980,1980,1880,1880,44574,85206663,-5.05,44556323360,15304547.0,,20260323
388720,98000,98000,92000,92800,73437,6852792300,-7.2,1093308816000,1083583300.0,-105944350.0,20260323
340930,995,1015,890,899,2361826,2197743217,-11.69,61919330715,-136027331.0,,20260323
023410,4375,4390,4180,4200,589223,2499780140,-4.0,324705624600,-214671145.0,-399271585.0,20260323
056080,27850,28150,26450,26550,385653,10373837350,-8.13,995947635600,-745623175.0,106061800.0,20260323
468760,2085,2090,2085,2085,2499,5210430,-0.48,8840400000,0.0,0.0,20260323
488060,2055,2055,2045,2055,883,1808330,0.0,9699600000,-26650.0,0.0,20260323
0105P0,2010,2015,2005,2005,7966,15992137,-0.5,11348300000,-130325.0,0.0,20260323
084370,122700,130700,121700,125100,150476,18986624000,-3.32,2866796854200,3207163050.0,663205850.0,20260323
240600,3075,3100,2955,3075,18089,54380130,-0.81,21304064325,15357010.0,0.0,20260323
221800,18900,19000,16100,17270,589250,10246825295,-9.11,275153825980,-95462420.0,-1190875700.0,20260323
179900,19510,20400,19270,19570,92071,1825637890,-2.64,387298362840,128176820.0,-137173150.0,20260323
263050,0,0,0,959,0,0,0.0,35324626904,,,20260323
191410,2620,2620,2455,2465,116732,291953182,-6.27,27618488575,28864150.0,0.0,20260323
372170,28350,28750,27450,27500,14408,399572850,-5.01,219423820000,-144696950.0,-17178950.0,20260323
146060,1619,1619,1545,1560,181509,282721423,-3.7,37464328200,47888774.0,,20260323
039020,3355,3355,3230,3230,57086,186864295,-4.72,72948610070,-10345645.0,20502315.0,20260323
067920,5940,6020,5850,5940,67604,401265090,-1.0,65316946860,84237950.0,24493330.0,20260323
044960,3930,3930,3810,3860,77867,300438173,-1.91,48797668380,-569685.0,20258290.0,20260323
303530,4200,4200,4055,4085,6566,26962287,-4.11,29981036415,-250022.0,30.0,20260323
296640,9150,9500,8500,8610,89454,794218045,-5.9,44584749720,171554660.0,,20260323
302430,6560,6560,6300,6380,28911,186273090,-3.63,62735867040,10865390.0,,20260323
462350,16000,16020,15120,15410,365457,5698096510,-6.72,318216962300,898702210.0,-56875360.0,20260323
274400,3730,3750,3560,3565,22610,82438502,-4.93,32393347545,16912120.0,,20260323
073490,41100,41300,38100,38100,211637,8424970600,-10.04,289706532600,-366000175.0,231289800.0,20260323
215790,410,450,382,389,2309463,963186902,-5.12,15670144961,-48990249.0,,20260323
344860,1499,1520,1457,1457,20501,30739788,-2.8,17527710000,-1433571.0,,20260323
469610,19200,19300,18450,18540,56235,1057175315,-6.6,164577726000,36084815.0,10677950.0,20260323
088390,12400,12400,11810,11920,31899,385069465,-5.47,111879260480,-93016455.0,37840.0,20260323
272290,31750,31950,30400,30500,168848,5276055900,-7.85,607793569000,-1391348500.0,-305043475.0,20260323
053350,3235,3260,3100,3125,107438,338545338,-3.4,68815828125,-35866953.0,,20260323
452400,8960,8960,8450,8450,17695,153190110,-5.69,76653566600,103090.0,8720.0,20260323
264850,6190,6200,5950,5970,355243,2139238870,-6.57,180858833640,-29194695.0,220.0,20260323
054210,10080,10080,9520,9590,145153,1429994070,-7.25,242542703900,-398696080.0,134440.0,20260323
009730,577,583,556,564,267723,151636281,-2.25,35859542436,-17601632.0,,20260323
065440,2200,2365,2050,2215,2000274,4466962774,0.23,60414169300,-181581644.0,,20260323
424870,8350,8440,8030,8090,287600,2357670395,-7.12,601603376610,-96730445.0,-146014485.0,20260323
115610,1403,1414,1320,1341,314019,427375856,-5.16,31697938458,-77641681.0,,20260323
478110,2035,2040,2030,2035,748,1518750,0.0,10215700000,-213150.0,-20350.0,20260323
131400,1380,1407,1360,1360,548599,753651956,-3.89,81044959520,-130835423.0,,20260323
351330,7910,7930,7360,7370,83835,634758470,-7.3,61086392400,-35842940.0,,20260323
080010,7000,7000,6700,6700,4052,27531520,-4.29,65894975700,-999540.0,,20260323
086890,4875,4875,4660,4715,170558,806656516,-3.28,192006540350,-180116134.0,-17462130.0,20260323
047560,13620,13650,12840,12990,38892,512333265,-6.21,152447808180,1990340.0,21123670.0,20260323
900110,823,831,800,815,87527,71657703,-0.97,30052917175,-58378.0,,20260323
239340,1451,1462,1387,1387,34321,48504261,-4.41,37420752358,-10845531.0,,20260323
067010,2295,2295,2170,2175,38155,83532380,-2.25,26739450000,-1120875.0,,20260323
456070,14750,15160,14600,14600,95522,1410829805,-4.51,160252228000,220295660.0,-46073745.0,20260323
102710,53000,53700,50000,50400,184271,9470592000,-8.36,720106934400,2077404550.0,-5036843000.0,20260323
041520,8240,8480,8000,8250,72051,601016390,0.0,100557022500,220899900.0,,20260323
063760,2560,2600,2495,2530,20781,52718170,-0.78,23592578900,-7852140.0,,20260323
123570,1973,1999,1973,1999,14460,28785186,0.45,44529879922,-431113.0,9165442.0,20260323
083470,855,889,822,870,248990,215291970,1.28,18566086230,-88932084.0,,20260323
095190,2330,2355,2265,2265,282074,649556307,-3.21,147814946430,101302985.0,27722845.0,20260323
091120,6660,7045,6430,6750,114841,771255100,0.15,115647318000,131044850.0,81870.0,20260323
039030,414500,444500,405500,419000,112861,47503718000,-2.44,5161891450000,-5540304500.0,9615795250.0,20260323
294090,0,0,0,1490,0,0,0.0,61207866450,,,20260323
088290,485,487,450,467,300463,138438447,-3.31,18624129988,34866844.0,,20260323
353810,7100,7140,6840,6840,145524,1020080790,-5.26,226280332800,-79388695.0,-74215350.0,20260323
261520,9190,9190,8700,8710,78307,691049030,-5.94,89220710800,82711140.0,-1026280.0,20260323
099750,9020,9080,8660,8670,41930,372829135,-3.88,118425029910,12409850.0,-3297800.0,20260323
377330,3265,3310,3080,3080,23057,73563732,-6.38,25071058320,3687045.0,55.0,20260323
035810,5850,5850,5550,5550,433213,2457924535,-6.72,358064826750,235251810.0,26656300.0,20260323
092130,15250,15250,14930,14980,13518,202803865,-1.77,180413128000,10540305.0,15120.0,20260323
134060,3790,3895,3725,3880,3911,14840480,1.44,18504690000,4260.0,,20260323
001840,0,0,0,2215,0,0,0.0,36027920805,,,20260323
041830,29850,29850,28150,28200,18718,537169725,-5.05,380160872400,-214954975.0,197755250.0,20260323
352940,2035,2035,1935,2015,8730,17317305,-0.98,21898475950,-878197.0,,20260323
079950,1433,1434,1308,1341,607356,811249505,-6.94,18504593100,21297256.0,,20260323
389470,77400,77600,70800,71900,201021,14678525150,-10.01,954638948500,2992156800.0,-2450863750.0,20260323
277410,1135,1145,1130,1136,76684,87234962,-0.18,43635469680,9414585.0,,20260323
060150,4140,4140,4010,4015,99139,402150137,-3.02,186952902180,17756750.0,25543320.0,20260323
033230,1591,1591,1535,1539,137891,214315056,-3.45,77743169820,24572082.0,,20260323
450520,2935,2980,2805,2820,31493,90697150,-4.57,41466909960,8859620.0,,20260323
465480,4925,4985,4860,4890,33515,165003017,-2.2,49573705080,-14847625.0,59070000.0,20260323
037330,1385,1388,1355,1355,43461,59413997,-2.59,59464478520,-11225928.0,,20260323
100030,18650,18650,17470,17470,11034,195999140,-6.48,57366483580,39500500.0,270.0,20260323
211050,12350,12460,12010,12050,118556,1440044865,-5.27,593627066850,-507602820.0,-177057965.0,20260323
083640,402,408,394,400,603250,240821559,-1.72,31088140400,48049915.0,-10123571.0,20260323
064090,0,0,0,798,0,0,0.0,39694710510,,,20260323
216050,7010,7020,6820,6870,89136,614624060,-2.69,88232935140,98144030.0,29930700.0,20260323
049070,17260,17380,16870,16970,71458,1220244970,-4.5,291884000000,258674565.0,373720.0,20260323
119610,18510,19210,18490,18750,68755,1297345530,-1.16,214007756250,362974950.0,-74220.0,20260323
017250,1046,1054,1012,1040,30179,31138813,-0.57,21887285680,-1665538.0,-601373.0,20260323
051370,13400,13650,13110,13170,147415,1964887950,-4.22,307222806240,109305440.0,36157960.0,20260323
064290,16750,16790,16090,16090,205733,3359903250,-6.34,206981148580,8649465.0,76952375.0,20260323
189300,116500,125900,115200,120500,124681,15057282800,-0.82,1293868388500,3240060150.0,-1171026300.0,20260323
287840,45750,46350,42250,43050,93730,4077117375,-9.18,646695378000,-530565400.0,-840278500.0,20260323
048530,4345,4600,4200,4250,695630,3038812106,-4.28,134359423500,597769726.0,26087255.0,20260323
115310,75300,75300,70000,70000,4759,339037750,-7.89,223501810000,-65497750.0,400.0,20260323
039290,4640,4640,4385,4430,14077,62889062,-4.53,38514322540,-1503355.0,17885.0,20260323
071200,6350,6350,5910,5970,74775,452752175,-7.44,145646854260,-143824940.0,,20260323
101930,51100,51800,49200,50000,7061,360151950,-5.66,461644100000,4212100.0,153451600.0,20260323
333430,5770,5790,5560,5580,260852,1474774315,-3.29,171455248260,-27392700.0,,20260323
068330,1442,1443,1381,1383,191396,268975176,-4.16,61150921620,-74743684.0,,20260323
178780,2720,2720,2555,2610,14385,37556060,-3.51,48648298950,-3569350.0,,20260323
019540,6450,6600,6300,6350,266387,1713981110,-3.5,85810725000,223520900.0,-93685240.0,20260323
094820,19010,19160,17620,17660,656332,11912560865,-7.0,266290000940,-2179953200.0,185579015.0,20260323
950140,12590,12630,12140,12160,46397,570890620,-3.11,241593250560,36790570.0,249526510.0,20260323
049550,3255,3305,3080,3160,20909,67173460,-2.92,61955835320,13707870.0,,20260323
389020,51700,53600,49100,50800,171591,8809775250,-3.97,321378021200,65514900.0,1803439950.0,20260323
254120,1213,1265,1202,1202,99980,122051357,-5.06,36966632540,-26943193.0,,20260323
043910,507,507,485,485,395114,195462155,-4.72,54994856645,-33709042.0,,20260323
234920,0,0,0,5310,0,0,0.0,71849132100,,,20260323
289220,3640,3650,3490,3595,32165,114292275,-2.18,80212434495,-5676200.0,17686215.0,20260323
049630,3070,3070,2840,2855,3140646,9137436735,-7.31,333742533800,-410989694.0,,20260323
417840,7090,7390,6880,6900,1129179,8061265365,-4.83,155757708900,-416893635.0,0.0,20260323
110020,2435,2435,2270,2350,132187,309577074,-4.08,21288090700,59399794.0,,20260323
208140,2465,2500,2450,2470,142754,353293093,-1.2,80730087620,88799303.0,1334725.0,20260323
040420,5800,5810,5750,5750,28067,162202565,-1.37,90145924000,8593020.0,-9392900.0,20260323
045510,772,1012,768,1012,2989630,2840880997,29.91,32595803504,-38607565.0,-775758.0,20260323
217190,5950,6170,5850,5890,138290,823676490,-3.44,77475652290,50018850.0,-334200.0,20260323
095700,4620,4620,4365,4365,239825,1070264895,-6.33,198784256310,-464814690.0,-76022260.0,20260323
122310,4360,4360,4230,4300,10539,45324998,-1.94,62581529200,7364478.0,,20260323
361390,28850,28850,26850,27700,219324,6077028675,-6.42,260501796900,-62046675.0,-70902000.0,20260323
225220,1789,1789,1718,1748,52455,91854355,-2.35,33544156708,12695770.0,-149753.0,20260323
123330,22500,24800,22500,23600,112631,2693531700,-5.41,188060848000,-126594750.0,581702050.0,20260323
381620,9680,9900,9130,9160,163519,1535116000,-8.76,120160147200,-108303360.0,,20260323
159580,3645,3645,3465,3465,32585,115066325,-5.07,69413083740,-18683330.0,3565.0,20260323
147830,7910,7910,7660,7680,279440,2166585410,-4.36,153600000000,113353040.0,,20260323
033100,48700,48700,46400,46500,110855,5244127450,-6.44,746902018500,-1850809700.0,379983100.0,20260323
079370,17000,17140,16430,16450,500980,8384685365,-6.0,510229485500,-284396415.0,-434533805.0,20260323
054950,25050,25250,24250,24450,37170,913911400,-4.31,295597859400,-36606275.0,-216913625.0,20260323
023440,649,649,486,521,5780924,3198637986,-20.09,46964378481,-20889794.0,171670984.0,20260323
090470,9550,10020,9420,9460,185190,1791426100,-3.96,165328579240,11543560.0,86761470.0,20260323
137950,3980,4330,3935,4040,1466871,6025607801,2.02,89961968560,-160681231.0,-4025.0,20260323
033320,4955,5840,4880,5000,7264157,39454758310,-0.79,95572160000,-1803340430.0,10420.0,20260323
417500,5670,5790,5300,5330,1052081,5768289225,-9.81,174742685520,31560290.0,0.0,20260323
204270,17320,17460,16830,16950,191344,3264931785,-5.2,980531498700,-385375935.0,-276136455.0,20260323
127120,39450,39450,34600,35250,395129,14130719900,-12.31,1202698698000,-2170740225.0,298364300.0,20260323
026040,2800,2800,2655,2675,91403,246428740,-4.97,44147638250,-12227315.0,,20260323
452160,6120,6120,5540,5580,15151,85621320,-4.12,53665800660,-16779460.0,,20260323
126880,3800,3800,3665,3675,92561,343821253,-3.29,85278018525,-83262455.0,-176645.0,20260323
322510,7570,7570,7090,7110,335574,2426722240,-8.38,182911092120,117525260.0,-39636730.0,20260323
033050,854,854,836,849,27582,23197100,-1.28,27659861358,-874882.0,,20260323
094970,2880,2930,2825,2865,205486,590301852,-2.72,47983707600,8203880.0,12387165.0,20260323
418550,8040,8040,7480,7800,230301,1778614975,-5.11,249737849400,522373375.0,-2125190.0,20260323
060230,497,600,438,506,15876130,8558106305,5.86,24691190920,-151034444.0,,20260323
420570,7690,7740,7300,7370,19396,143322960,-4.9,43095949710,15092370.0,0.0,20260323
089790,6060,6060,5630,5650,88077,505067325,-7.98,58282648450,-70251495.0,-1107260.0,20260323
0010V0,12250,12390,11400,11420,16108,188102800,-6.93,58303668000,-47838970.0,318280.0,20260323
412540,0,0,0,3935,0,0,0.0,81063616775,,,20260323
199820,11800,11820,10890,10910,594436,6672121880,-7.85,242420200000,283738830.0,10895280.0,20260323
038010,6220,6300,6110,6160,60173,374369460,-1.28,55440000000,99839240.0,-4518140.0,20260323
080220,42950,43800,41000,41100,982669,41470824775,-7.22,1415600436300,-1400521775.0,-179434550.0,20260323
216080,8500,8500,8040,8150,340409,2796096610,-5.78,303254156850,248327090.0,101221930.0,20260323
337930,4420,4445,4255,4280,156539,676934609,-4.68,127015313000,-64116089.0,25.0,20260323
229000,2915,3045,2805,3000,1040303,3031490664,0.33,70284495000,624270493.0,,20260323
082270,36150,36250,35000,35650,310437,11074042700,-5.69,1575216033950,824499600.0,-486175525.0,20260323
034940,885,899,848,851,99528,85865427,-3.84,26363832777,12905846.0,,20260323
067000,2465,2475,2340,2380,465651,1115060449,-6.3,166370201480,-212039780.0,-321394139.0,20260323
309930,865,1005,809,835,681346,614267303,-1.65,20446685080,-54225730.0,,20260323
033340,1660,1696,1612,1650,1297824,2124081140,-4.13,159968420700,84002280.0,,20260323
036930,71500,77200,71100,71500,2690900,198061196250,-1.79,3323400151500,-34776973350.0,3016828450.0,20260323
072020,9190,9220,9000,9070,26317,238719595,-1.95,85790291090,43071265.0,,20260323
000440,28600,30550,27700,28250,821338,23963102225,0.53,175916422500,-257336800.0,27550.0,20260323
051980,1491,1519,1392,1431,2772029,3937168280,-8.8,158972235579,361132390.0,149961.0,20260323
228760,19170,19170,18370,18450,101548,1905867080,-6.49,454354091100,-105951380.0,59308510.0,20260323
314130,8900,9200,8620,8750,671003,5962718815,-2.34,305313583750,-117734655.0,753660340.0,20260323
389030,6050,6350,5800,5800,611591,3656856160,-7.5,193821181000,-128153280.0,861500.0,20260323
263860,14170,14170,13450,13600,39000,533052870,-4.43,123482560000,-71878960.0,4760660.0,20260323
303030,933,933,866,885,449532,401556944,-5.14,32810214765,17894411.0,,20260323
208350,2760,3045,2745,2895,211872,608436547,4.51,24612045150,31982140.0,21664190.0,20260323
446840,1401,1401,1340,1364,80896,109774187,-2.92,75133325212,9642767.0,2711588.0,20260323
144510,23900,24500,22950,23000,81445,1911360200,-8.91,363407912000,-563618450.0,-23120550.0,20260323
340450,7690,7690,7150,7400,182531,1340352430,-6.33,175015868200,-214315305.0,-22200.0,20260323
306620,3200,3290,3100,3105,1263311,4000250582,-6.76,142100356050,164459753.0,27410750.0,20260323
358570,13700,13870,12940,12980,725744,9618320495,-10.91,831876725680,-4077256475.0,-816216795.0,20260323
382480,2250,2250,2130,2130,232432,507445435,-7.39,83830708200,-12766670.0,,20260323
382800,4700,4940,4300,4400,1655600,7700044558,-5.98,140056580400,-590980224.0,188210000.0,20260323
051160,8120,8140,7560,7640,85464,669015355,-5.91,118224645200,52064515.0,40.0,20260323
053050,3250,3515,2955,3150,15178474,50094150443,2.11,94460930550,-533111924.0,105.0,20260323
388610,10320,10320,9610,9610,20625,203245370,-6.97,50968643490,-76503070.0,-1059490.0,20260323
493330,14000,14000,13000,13210,28128,374674000,-6.38,101481148660,45518870.0,38377760.0,20260323
119850,34350,34350,32500,32650,125694,4160413550,-8.16,537056878850,-1380725375.0,-353876975.0,20260323
065060,565,565,528,538,54647,29308550,-2.0,12804832552,-2669945.0,,20260323
204840,1090,1090,1040,1040,338638,359003469,-4.85,80650966240,-64761560.0,,20260323
311320,7110,7180,6810,6830,28673,199658880,-4.34,86157444800,46362150.0,7080.0,20260323
456160,84500,85300,76600,77000,642458,51495266350,-13.68,1273992643000,2872631400.0,-18765757500.0,20260323
388050,13470,13550,12100,12100,2387670,30039191875,-10.37,226384187700,-7564370285.0,151193070.0,20260323
018120,17900,17900,17510,17600,3808,67259750,-2.17,116531712000,1681900.0,-7473170.0,20260323
109820,2065,2105,1982,1991,77888,156137646,-4.28,40603737240,-35533729.0,,20260323
086060,5140,5230,5020,5020,65340,333196430,-3.28,43225146740,3189750.0,,20260323
036890,16350,16650,16070,16070,128191,2092672735,-5.58,354064251610,-173317975.0,385668035.0,20260323
363250,5480,6100,5480,5960,42803,253366615,3.29,46237298560,49033110.0,-7478410.0,20260323
007370,4570,4635,4480,4520,35029,158632460,-2.59,63888333240,-33721250.0,,20260323
285800,1510,1900,1500,1684,6192401,10578952947,13.78,29431722680,-337855561.0,-108430554.0,20260323
085660,18370,18530,18010,18160,528586,9634045840,-4.17,1678452437200,1017545570.0,-1111948975.0,20260323
261780,3910,5300,3705,5300,28496593,133715573941,29.9,142385803800,-191675355.0,20042332.0,20260323
351870,3850,4120,3850,3980,12457,49942728,3.38,44419355160,11271735.0,,20260323
094850,5240,5270,5090,5130,58124,300058150,-5.52,71820000000,-9903870.0,0.0,20260323
004650,9720,9790,9550,9630,37482,362110310,-0.72,88508222550,68007040.0,13149070.0,20260323
278280,46600,46900,45050,45050,49089,2251453325,-5.56,541735169900,282780925.0,-227332350.0,20260323
362320,5060,5060,4805,4810,79124,387429135,-6.6,101737704900,-26377220.0,38480.0,20260323
066360,1104,1135,1041,1056,317105,344210883,-5.12,50637327840,-59918203.0,,20260323
047820,4345,4355,4190,4200,47087,200412462,-4.11,102706506000,2920602.0,,20260323
094360,16630,16700,16010,16010,70100,1144131880,-6.59,341560125740,12708645.0,23026480.0,20260323
0082N0,50400,51400,43050,43200,1009487,46400692900,-17.24,559700496000,-2053819750.0,-746472925.0,20260323
016920,965,981,940,943,137242,131023677,-1.67,24983406334,10238887.0,,20260323
284620,0,0,0,1087,0,0,0.0,35965517911,,,20260323
293490,13410,14470,13380,13520,430376,5944041635,-1.96,1213919036720,-992140490.0,1343804120.0,20260323
140430,628,628,595,599,291869,175739750,-4.62,32015075861,-6620600.0,,20260323
042000,28500,29000,28050,28250,77348,2195371525,-5.36,685148775500,-82992975.0,-343364100.0,20260323
313760,780,857,526,606,2153713,1371915728,-19.31,6791554716,13607165.0,,20260323
317530,4035,4035,3865,3940,18604,73013334,-1.62,68929835080,-6151740.0,0.0,20260323
071850,1572,1574,1509,1574,12797,19730511,0.13,38186716412,-4160695.0,,20260323
198080,2380,2385,2315,2360,61776,144951430,-1.67,50823036600,26528810.0,-7229170.0,20260323
210120,1655,1663,1545,1569,441861,703329434,-3.15,38028602982,-3612670.0,1540550.0,20260323
050110,1949,2080,1894,2050,194530,387825102,5.18,30267887150,66102767.0,-1494005.0,20260323
452300,3085,3085,2970,2990,80469,242380995,-4.01,42366819950,8131477.0,,20260323
451760,17060,17060,16000,16350,176002,2900306620,-6.52,257812538850,508976145.0,3396970.0,20260323
900310,492,492,451,459,101500,47276686,-6.71,29395128825,392739.0,1675623.0,20260323
078340,31650,32250,31150,31350,36331,1148359050,-2.94,379062662550,186439300.0,-159660175.0,20260323
063080,18050,18050,17440,17580,14012,245962780,-2.6,115943475360,-100412550.0,5392460.0,20260323
307930,7100,7230,6900,6980,109977,777905890,-3.06,108957800000,103034530.0,80.0,20260323
079190,386,393,369,372,101494,38227990,-3.63,14268251208,-5116124.0,0.0,20260323
263700,2475,2480,2320,2345,53670,126305585,-5.25,45526299000,-16375185.0,4780.0,20260323
214370,106500,108800,103900,105600,86632,9116663200,-5.71,5672304000000,2158757900.0,-1243362250.0,20260323
221980,10170,10230,10110,10210,3289,33454590,0.29,41195308000,-317960.0,40.0,20260323
038530,345,355,339,342,1161095,397925003,-4.2,39574306674,16443270.0,,20260323
192250,10200,10390,9980,9990,30169,307181900,-3.85,70600578750,-31570720.0,,20260323
431190,4200,4200,4015,4065,23813,97298986,-4.47,30432386730,6540089.0,,20260323
115500,9050,9050,8670,8670,84002,744122740,-4.73,104040000000,32948770.0,53470.0,20260323
089150,3185,4065,3120,3520,14531838,54335322684,10.52,60368000000,47579934.0,-6680.0,20260323
025880,3020,3040,2875,2900,226196,668661019,-3.81,48475988200,35047623.0,,20260323
093320,101500,102900,98600,98700,15364,1547496800,-2.18,481656000000,-337224800.0,296488750.0,20260323
093640,5690,5690,5320,5330,90308,490270130,-6.33,173976423400,-66828600.0,,20260323
073010,3730,3742,3580,3650,275525,1007987254,-2.14,146698062500,-49753170.0,,20260323
105330,7780,7800,7020,7300,116242,859532140,-5.93,117238204400,5864880.0,,20260323
053080,11680,11690,11200,11290,142252,1635835985,-4.97,146767821030,-205470630.0,-3042030.0,20260323
199430,23400,23400,21700,22200,128631,2856638125,-7.5,247397754600,315112500.0,133600.0,20260323
432470,14000,14000,13280,13300,67504,917306345,-6.86,116661694800,-44125510.0,,20260323
272110,35500,36450,33900,34550,267066,9331787800,-5.08,277277397250,3511778550.0,-1927231250.0,20260323
039420,2895,2915,2850,2860,71632,206602954,-1.21,69082527800,42532014.0,12782000.0,20260323
083550,3745,3875,3660,3740,21348,79182475,-0.13,48436317380,-5758245.0,,20260323
032500,31400,32600,28100,28200,1092278,32676619550,-14.42,1164757882200,-938624675.0,-4296052150.0,20260323
225430,451,490,432,465,2609637,1208105562,3.1,12967478250,-42760357.0,,20260323
102370,3380,3410,3190,3220,190145,621060249,-5.85,87678056200,14447985.0,70.0,20260323
068100,2775,2900,2655,2780,31976,89094405,0.18,27632126920,3915740.0,,20260323
106080,0,0,0,330,0,0,0.0,9506999040,,,20260323
455180,2880,2880,2765,2785,51069,143886729,-4.3,38873910060,8230271.0,0.0,20260323
036030,4845,4895,4675,4705,37241,177587520,-2.89,230635726515,-68947675.0,47528015.0,20260323
064820,10620,10670,10340,10340,76748,803866565,-5.4,319523867520,-225073140.0,479500.0,20260323
024880,6590,6840,6410,6490,855914,5663973785,-1.52,130856273460,-1699278615.0,-40035160.0,20260323
042040,167,186,167,167,1645297,285187654,-0.6,32589310858,5059131.0,-8812856.0,20260323
054410,3495,3605,3370,3370,15083,51918465,-2.6,19298116280,-1098020.0,45825.0,20260323
258610,1600,1600,1482,1508,162594,246379566,-5.75,55019475004,83072036.0,,20260323
274090,20500,20500,19310,19750,245018,4849950495,-5.95,270761519000,789381675.0,-240783175.0,20260323
089010,29650,29650,28200,28450,95211,2748787975,-6.11,464853739350,-78860175.0,-46675650.0,20260323
220260,5400,5400,5130,5160,232714,1214298040,-4.44,165491803800,-6852445.0,42715.0,20260323
052400,56800,57000,52800,54200,178107,9673016950,-5.9,789330372200,1875572600.0,927561750.0,20260323
402030,18690,18690,17910,17940,18174,327888275,-4.98,224563734720,-74674900.0,62447050.0,20260323
391710,1872,1963,1800,1805,162581,298357111,-5.35,76929948350,-56279251.0,,20260323
046070,0,0,0,10280,0,0,0.0,159196994920,,,20260323
047770,4270,4270,4050,4100,776819,3221911128,-7.97,155154668200,637949913.0,0.0,20260323
080530,810,810,789,796,118495,98787295,-2.81,44186656500,2563648.0,,20260323
104540,5860,5860,5560,5660,37602,212600660,-4.23,72367288400,-42833650.0,,20260323
027050,1880,1880,1792,1795,89397,163100732,-4.83,71800000000,-21526532.0,,20260323
190650,8450,8470,8140,8140,24582,203501025,-5.57,51998320000,-12149070.0,,20260323
123410,6990,7180,6930,6960,175855,1233329740,-4.0,193773805440,-253271915.0,288020640.0,20260323
036690,0,0,0,2885,0,0,0.0,125692107675,,,20260323
049430,18800,18800,17620,17740,24395,441030730,-4.67,160511520000,54337540.0,-31395360.0,20260323
183300,113200,116500,111400,111800,83382,9447046100,-7.07,1169504471200,989651150.0,490837900.0,20260323
041960,8380,8580,8200,8310,307799,2581848520,-1.42,613996773450,16626530.0,-53585360.0,20260323
089890,23900,24100,22900,23050,186474,4370369775,-10.66,382283374100,-714809525.0,-81935800.0,20260323
360350,16520,16990,15700,16520,146611,2416346605,-2.42,94626064400,32343165.0,165988590.0,20260323
082660,0,0,0,480,0,0,0.0,47827617120,,,20260323
222040,3585,3585,3460,3515,48095,168413301,-2.23,72507420000,-52591199.0,-6663190.0,20260323
241710,74800,79900,74800,77300,160390,12536930200,0.65,825564000000,-4331947100.0,6959977400.0,20260323
355150,23400,24000,21500,22100,249389,5581908150,-8.11,172321435000,649698675.0,71836125.0,20260323
166480,2285,2320,2150,2230,402485,905217810,-2.41,117900938480,62061395.0,,20260323
045970,5320,5420,5080,5130,161245,841535440,-5.35,134995313880,-138413530.0,21286715.0,20260323
196450,1512,1519,1433,1433,425745,620993065,-5.22,64942961006,78647888.0,,20260323
384470,3450,3450,3300,3380,97090,325756144,-3.15,60659818960,5312265.0,,20260323
102940,56500,56500,52500,52600,33643,1819017000,-8.2,688565717800,-657065150.0,13676700.0,20260323
950160,96400,96500,90000,90100,365601,33743657550,-8.25,7501395783500,-5421866900.0,-2172643750.0,20260323
056360,5980,6140,5680,5800,206443,1217047420,-4.76,56821440000,199205810.0,6020.0,20260323
282880,15100,15100,14250,14280,58503,848511560,-6.85,163782603600,-264785775.0,370.0,20260323
121850,2295,2340,2200,2335,74271,170770972,-0.64,11808092665,-8317188.0,,20260323
448710,18950,18960,18160,18300,97882,1802823350,-4.54,96720843600,-203615740.0,68668180.0,20260323
126730,19630,19770,18830,18900,78972,1520948095,-5.74,165755381400,-38149855.0,30877390.0,20260323
015710,3925,4160,3850,3860,369137,1471471729,-2.03,67667730000,-157063355.0,,20260323
052330,10300,10300,10020,10020,19080,192848010,-3.65,177971121780,13619050.0,990290.0,20260323
322780,301,324,283,309,1762483,532301625,2.66,13799317674,-646386.0,,20260323
200130,11700,11770,11430,11440,86648,1003306840,-4.59,336513983520,-268382630.0,-175577770.0,20260323
294570,30000,30500,28500,28750,40199,1172226400,-7.41,290137295000,-164784900.0,17920950.0,20260323
464490,14930,15250,13930,13930,182291,2610818035,-9.01,159945834090,-459384520.0,146386285.0,20260323
317690,3650,3720,3485,3485,105753,373955418,-5.17,70170576065,-21318485.0,,20260323
432720,14060,14770,13750,13760,583606,8344179325,-4.11,194794981120,64057270.0,622430.0,20260323
365270,18080,18080,16910,17010,312034,5425748935,-7.7,372936867660,35258870.0,205328520.0,20260323
348080,1080,1080,1000,1001,276750,284012975,-8.08,105664142584,51198915.0,,20260323
060280,14550,14600,14080,14140,342571,4895880810,-7.16,581012458600,227092065.0,-240908375.0,20260323
372320,48450,50600,48100,48850,105713,5206148100,-2.2,734658374100,365670325.0,501063050.0,20260323
051780,693,693,673,680,48884,33326878,-2.72,17551646600,4042012.0,,20260323
115180,43300,44150,41050,41350,240649,10179700650,-8.01,1539976837450,-729060125.0,104490850.0,20260323
494120,61600,62300,55500,56300,139007,8025170550,-14.31,428807936600,-1045707250.0,-1780139850.0,20260323
445680,116800,117500,110000,114800,211441,24067069850,-5.67,1965356828400,-3117490200.0,-320396450.0,20260323
182360,10900,10900,10160,10200,48579,506109425,-7.19,158608459800,-105608650.0,-106090455.0,20260323
405100,17600,18020,17100,17100,68811,1198687510,-4.79,210147047100,173754430.0,-29923960.0,20260323
066310,9990,10450,9720,10140,161534,1631979900,0.0,94014236940,-1753640.0,60.0,20260323
016600,296,306,291,299,971707,289946556,-2.61,53295886488,-74648207.0,-30014635.0,20260323
355390,2775,2820,2655,2655,92763,251369495,-4.32,41357144745,-64394680.0,,20260323
096240,11390,11400,11100,11250,21704,242974185,-1.23,120804525000,-36709240.0,13212790.0,20260323
040350,745,762,716,741,389395,289219137,-0.54,72323571801,-16925552.0,,20260323
110790,4050,4100,3960,3960,6604,26392535,-2.22,92786601600,-14669910.0,4020.0,20260323
900250,596,608,570,572,707703,417826058,-4.03,81944722288,5169739.0,,20260323
045520,3065,3105,2995,3030,13894,41901070,-2.42,19695000000,-582710.0,,20260323
214150,52000,52500,50200,50600,174263,8894482650,-5.24,3300924345400,-400690150.0,-1049310550.0,20260323
466100,54800,55100,51100,51200,285236,15000899350,-10.33,1279597516800,-2902327500.0,-947724500.0,20260323
237880,11780,11920,11600,11700,27813,327097225,-2.42,211434830100,-1509395.0,14879460.0,20260323
139670,1910,1910,1836,1844,21619,40101571,-4.16,26035085640,1693945.0,,20260323
475430,4500,4690,4425,4520,128549,588981065,-0.66,80673457200,51642002.0,,20260323
487720,2075,2080,2070,2080,1816,3766280,0.0,8798400000,-2085.0,0.0,20260323
489480,2085,2085,2070,2070,102,211530,0.0,13662000000,-12420.0,0.0,20260323
466690,2065,2065,2050,2060,15528,31838315,-0.24,10495700000,546885.0,-20500000.0,20260323
054780,2595,2615,2525,2550,63033,162073575,-2.86,50127372150,-30635160.0,923510.0,20260323
256940,7900,7920,7560,7670,50316,386842210,-4.01,153999387490,2454040.0,1150500.0,20260323
219130,32500,33900,31500,31900,59172,1913274450,-5.9,201425851000,167410850.0,-6907800.0,20260323
336680,3630,3630,3480,3500,67295,236995352,-3.58,137009453000,-19594010.0,,20260323
360070,17450,17590,16610,16610,24586,414975820,-6.42,135812379230,-45774790.0,18266300.0,20260323
065130,3140,3140,3010,3050,27384,84011695,-2.87,48812200000,-8704915.0,,20260323
134580,1781,1781,1700,1734,27977,48281712,-2.64,85476054366,6997137.0,,20260323
023160,35050,38450,34050,35850,1130587,41053843825,0.42,927340625700,-4674515175.0,6245159775.0,20260323
323280,66600,66600,61800,62600,367954,23498181950,-10.06,1911677548000,-2329929700.0,52191550.0,20260323
053620,7160,7190,7050,7060,8004,56845040,-1.4,60716000000,-1525530.0,0.0,20260323
044490,56300,56500,52100,52700,665721,36023600900,-8.03,1054388978700,-3072121800.0,4615370000.0,20260323
124560,2965,2985,2825,2835,450218,1291963458,-4.38,109773499185,-56887923.0,2870.0,20260323
191420,12970,12970,12400,12850,7927,99694900,-1.0,104198516900,-29324270.0,-1253000.0,20260323
950250,7900,8640,7740,7870,3387560,28050151530,-2.6,279524542970,-542825205.0,-30225720.0,20260323
073640,0,0,0,654,0,0,0.0,69571715580,,,20260323
066700,2620,2660,2600,2615,76225,199922859,-1.32,97153463240,3869612.0,2720965.0,20260323
095610,63200,63600,60100,60100,215826,13230430350,-8.66,1163536000000,-986252550.0,-3232649450.0,20260323
064520,1770,1788,1745,1775,16619,29322797,-0.28,39673135050,563979.0,,20260323
089030,55900,57600,53600,53900,1389610,76904440250,-7.07,1997191465500,8786190800.0,-1802285100.0,20260323
054450,13120,13120,12430,12450,88393,1118631025,-5.32,188545700850,-68014905.0,25330.0,20260323
200230,855,873,814,814,555878,464656509,-2.75,55778155862,-65452606.0,,20260323
393210,4495,4495,4100,4210,85835,370094165,-6.65,65737230240,84180270.0,,20260323
475960,56600,59400,55600,55600,151387,8672058600,-6.24,744110034400,-66165950.0,220576650.0,20260323
215480,2170,2170,2095,2120,19783,41787375,-2.3,19461600000,10754345.0,,20260323
051360,16660,16920,16080,16160,61798,1019449685,-4.38,241072342880,72993545.0,-112819660.0,20260323
045340,6850,6850,6610,6670,57785,388365870,-3.33,57082126800,-18266250.0,134990440.0,20260323
108230,4440,4440,4245,4245,73513,318145755,-4.5,161408675025,-61547850.0,4075.0,20260323
079970,0,0,0,596,0,0,0.0,7646223464,,,20260323
199800,48150,48150,45750,46250,14162,656292300,-4.15,415964591250,-173339700.0,16252250.0,20260323
417790,7750,7750,7400,7590,29762,223886550,-1.56,79455087690,24649090.0,22812020.0,20260323
290090,6020,6060,5620,5880,13349,78065180,-2.33,43748775840,2493350.0,80.0,20260323
026150,7050,7380,6660,6660,431618,2992011370,-4.99,116858564460,-390906265.0,-6580.0,20260323
464280,9050,9050,8740,8760,13419,118722600,-3.31,48442800000,-26929810.0,,20260323
117730,19180,19250,18150,18180,219185,4066709565,-8.41,403303556520,-489504685.0,40820940.0,20260323
033830,610,613,596,596,267748,160641607,-2.3,59600000000,,10331731.0,20260323
057680,605,605,578,591,218171,127853579,-2.31,42107864091,-21555690.0,,20260323
204610,2625,2715,2590,2630,493781,1305908123,-1.13,143839223600,33400735.0,11640852.0,20260323
125020,5280,5350,4920,4920,1473293,7489664466,-10.05,172389666000,425587567.0,33294550.0,20260323
064760,242000,251500,232000,235000,74922,18008828000,-7.11,2627162760000,-675244750.0,884064000.0,20260323
246710,3000,3000,2850,2870,486932,1409996325,-5.59,136523167760,73750530.0,82348200.0,20260323
340570,45500,48400,45500,47050,74100,3502419150,0.53,382422400000,166232250.0,-163287400.0,20260323
043220,0,0,0,1710,0,0,0.0,27227331360,,,20260323
277880,4780,4780,4590,4595,167929,781865080,-4.57,91179559140,41368497.0,,20260323
131290,114600,120200,110800,117900,84505,9874137600,-3.2,1304142479100,4635620400.0,-2813447050.0,20260323
425420,64000,64500,59600,60100,230398,14171319750,-10.96,718838671000,-3795221300.0,1643869600.0,20260323
484810,15860,15990,15200,15350,44217,688216185,-6.86,237171545250,102689670.0,28481600.0,20260323
131100,1300,1300,1256,1298,52924,66908408,0.0,41856247752,-1815899.0,-2340145.0,20260323
356860,75300,78500,73000,73500,358244,27189803100,-5.89,722698305000,3100257000.0,393206700.0,20260323
321550,9990,12000,9850,10900,2113666,23097123635,8.24,316954058600,266495130.0,-428588985.0,20260323
425040,10780,11540,10510,10570,2345602,25926750310,-2.85,225448396740,-441833000.0,-378596970.0,20260323
241790,7560,7700,7410,7450,51440,386853850,-2.23,74519623300,27086090.0,-74500.0,20260323
022220,533,545,527,543,38935,20905011,1.88,28124456397,6706720.0,,20260323
104480,2445,2445,2260,2330,4313108,10075133856,0.22,211786361220,-2202353540.0,32665.0,20260323
081150,3360,3445,3270,3340,513786,1714018184,-1.33,81056462680,174690810.0,33248190.0,20260323
130740,2230,2230,2055,2180,89250,194856005,-2.24,24583160220,-143740.0,,20260323
084730,8730,8930,8430,8660,42194,367016710,-2.26,96207611840,51056550.0,-20.0,20260323
440110,55900,58600,54400,56000,1179107,66311952250,-5.41,2800590072000,13833762400.0,-13646473450.0,20260323
290560,1740,1741,1590,1607,179765,295449292,-7.7,35936907110,13266061.0,,20260323
288330,707,769,693,730,557740,404944538,3.25,77437502830,66550483.0,,20260323
033540,1172,1280,1152,1167,979209,1187078304,-0.43,60971468277,79658106.0,,20260323
388870,9920,10280,9620,9970,230289,2284255545,-1.29,129070942040,-36970165.0,-39112610.0,20260323
043200,964,984,911,936,541939,511560631,-0.95,39128838840,81292432.0,,20260323
214450,314500,317000,306500,307500,46311,14374888000,-5.38,3194816760000,2839219500.0,-1885915750.0,20260323
177830,2770,2770,2680,2710,40519,109649743,-2.69,36568607210,3514480.0,,20260323
037070,8260,8270,8110,8130,96664,791341580,-1.69,162600000000,9766820.0,-60.0,20260323
150900,3410,3460,3335,3350,55203,186572413,-2.47,39208138700,17626470.0,0.0,20260323
037030,3790,4600,3700,4600,7436073,30925773528,21.21,117359763200,-1191492396.0,,20260323
047310,5020,5020,4875,4885,239967,1183826855,-4.78,178843538175,-149121925.0,-1595910.0,20260323
368770,16000,16940,15540,16450,963968,15830705645,1.23,540452001250,376104000.0,493816270.0,20260323
170790,8800,8820,8600,8650,11580,100764700,-2.37,55336947750,21142970.0,0.0,20260323
049120,526,551,524,550,87100,47111270,4.76,29154575450,9433119.0,,20260323
038950,3155,3240,3140,3160,4255,13639215,-0.63,32266017400,623790.0,-9300.0,20260323
387570,6860,6860,6520,6550,11621,77052790,-6.16,36849645000,-3036350.0,,20260323
441270,11120,11360,10800,11200,661629,7349628110,-3.11,464346344000,-441314820.0,1743692925.0,20260323
106240,2300,2390,2110,2195,439472,987073266,-4.57,50195977765,-194428059.0,-5.0,20260323
131760,634,644,600,632,142182,88012730,-0.32,27448760456,8992675.0,,20260323
065690,1531,1579,1460,1531,101266,155544397,-0.84,21509525761,6527987.0,75306649.0,20260323
140860,262500,269000,256000,257000,21163,5506832000,-5.86,1798372149000,-1452009750.0,987264750.0,20260323
091700,8370,8370,8060,8080,295346,2419335415,-3.81,444400000000,457407030.0,90868240.0,20260323
032800,316,316,307,307,152997,47488833,-3.15,14108816806,-5655287.0,,20260323
318010,3535,3580,3475,3560,13036,46295012,1.14,28228443280,-4412455.0,,20260323
027710,1328,1348,1270,1272,1438609,1880551555,-3.71,141721915200,-98864843.0,,20260323
225590,855,869,845,855,22465,19268739,-0.93,22774389615,-221634.0,,20260323
054300,550,558,520,521,986125,523604175,-7.13,60301524690,63867331.0,,20260323
068050,1531,1595,1465,1537,118745,180606622,-2.04,42565794812,29836761.0,1466596.0,20260323
222110,5000,5000,4870,4890,1996,9759835,-2.0,65986623330,-30625.0,,20260323
271830,1675,1675,1605,1606,60068,98630801,-4.4,47361264412,5188190.0,664049.0,20260323
263750,43150,43800,40800,41750,3531461,149671780825,0.6,2682347946250,-4866954450.0,494217150.0,20260323
251970,45100,48300,45100,46200,33600,1578998175,-2.01,572880000000,66265300.0,100713275.0,20260323
0015S0,16090,16110,15180,15200,155785,2419417325,-8.43,146873496000,65928750.0,-36873125.0,20260323
168360,22500,22500,21300,21400,128735,2806573775,-8.35,455569277600,-584609200.0,21066225.0,20260323
087010,350000,352000,340000,346000,184494,63695081250,0.0,8067803100000,-15282069750.0,-660206500.0,20260323
064800,631,631,600,622,477523,292719233,-1.11,79496139356,36695163.0,0.0,20260323
119500,4095,4095,3880,3880,132807,527853219,-6.62,45967260160,28126522.0,35.0,20260323
389140,8750,8750,8300,8300,211057,1793880805,-7.16,118438800500,71176300.0,8295330.0,20260323
105760,5400,5420,5250,5270,34870,184898075,-3.66,53634829490,11546090.0,,20260323
009520,17290,17400,16680,16690,128893,2184269190,-5.65,695016713070,-293774510.0,-277315560.0,20260323
189690,1935,1935,1888,1888,42565,80789848,-2.98,51583877472,-578343.0,,20260323
318020,3595,3620,3450,3485,20060,70895955,-3.19,42869932920,-2983825.0,306575.0,20260323
256630,998,1007,968,968,44886,44155278,-3.87,56141165696,-12612502.0,,20260323
331380,2845,2945,2675,2735,429072,1196766430,-4.04,88645422415,-108139400.0,-39389910.0,20260323
208710,1943,1943,1882,1908,32094,61534992,-1.8,25147691856,-3861860.0,,20260323
472850,5460,5460,4970,5110,55154,288738430,-7.43,294191141720,-145988210.0,5160.0,20260323
039980,1842,1872,1722,1723,2555870,4535489194,-7.96,125397831048,540331134.0,,20260323
041910,7560,7740,7370,7380,646182,4847780460,-4.77,99641859660,608266665.0,27125280.0,20260323
234100,1033,1040,1006,1006,460870,470449108,-4.28,71406417204,31460683.0,,20260323
041020,4840,4940,4645,4660,1673196,7983673039,-7.54,231720820680,283035510.0,40772098.0,20260323
114630,500,503,482,483,798493,392109496,-4.73,42478665684,82260545.0,-1620308.0,20260323
290720,2980,3275,2925,3270,234416,731867656,9.73,114849404340,20679520.0,,20260323
005670,5850,5850,5740,5750,13204,76651080,-1.71,57500000000,-3569020.0,,20260323
094940,9930,9930,9050,9440,77063,733687250,-5.79,78931483840,-64186930.0,-140.0,20260323
007330,0,0,0,11400,0,0,0.0,171943920000,,,20260323
093380,2675,2675,2575,2625,3184,8306595,-1.87,25933196625,1179170.0,-439860.0,20260323
023900,9870,10620,9680,9770,472596,4761278655,-0.2,123102000000,-241155470.0,73020.0,20260323
371950,12810,12810,12100,12530,122922,1520115355,-5.15,283961726440,-94663830.0,-10450970.0,20260323
370090,13300,13430,12700,12780,59456,768672025,-5.89,109356287400,128731430.0,26300.0,20260323
445180,8750,8780,8270,8330,118237,998404270,-6.82,143185936040,-248136805.0,71865040.0,20260323
220100,20800,20800,19500,19530,117782,2335664055,-7.44,438007512600,-84088365.0,117579460.0,20260323
035200,3530,3530,3435,3480,12855,44590455,-1.42,33862453200,-12828310.0,,20260323
334970,2520,2520,2370,2405,83296,200610322,-4.56,186995091985,-6657847.0,14588015.0,20260323
227100,0,0,0,612,0,0,0.0,14770119384,,,20260323
321260,1605,1613,1549,1549,45568,71602356,-3.55,43669538116,-20431173.0,,20260323
053610,55500,55900,51200,53500,58511,3181530150,-7.6,588500000000,640172100.0,-379122050.0,20260323
468530,77300,77400,72400,72800,149883,11091046950,-10.01,796394144000,60858250.0,-892067850.0,20260323
303360,4805,4805,4600,4615,33676,157328660,-3.95,59428347225,-19259400.0,,20260323
377220,1345,1356,1308,1311,569939,750373639,-4.1,37114410000,305887262.0,3.0,20260323
335810,2175,2180,2100,2100,17410,36999425,-3.45,46093962600,135780.0,,20260323
053160,7760,7840,7570,7740,53308,410311995,-0.26,46440000000,-27221245.0,7890.0,20260323
405000,8290,8520,7920,8240,6317,52402030,-0.6,31628778560,-7780110.0,,20260323
041590,0,0,0,2370,0,0,0.0,116064014460,,,20260323
367000,3900,3905,3660,3870,10261,39351325,-0.9,32462361090,38955.0,,20260323
075130,2215,2215,2145,2170,25853,56070230,-2.25,36070434400,-11545245.0,,20260323
237820,4735,4740,4560,4625,75540,351751590,-2.63,59325522500,-6675035.0,,20260323
023770,2880,3035,2660,2930,39984,115334335,1.56,26213230350,38562500.0,,20260323
019570,370,391,364,365,1507071,562021984,-7.59,24714165330,60033486.0,,20260323
300080,11890,11950,11360,11360,95224,1111354065,-7.04,187501923360,317845935.0,14528530.0,20260323
033790,4745,4750,4500,4525,324758,1485407519,-6.7,307868877525,-51991759.0,,20260323
032580,1096,1104,1055,1078,192230,207221272,-0.65,35716364992,30543725.0,,20260323
051380,2130,2210,2060,2060,354963,755385041,-3.96,31600548320,-11764440.0,2135.0,20260323
241820,0,0,0,6040,0,0,0.0,16803871920,,,20260323
452450,5360,5370,5030,5070,189344,972064820,-6.28,181903995000,31432130.0,,20260323
237750,5040,5040,4730,4750,62145,302408242,-5.75,30858850000,-4522002.0,-15.0,20260323
460940,8180,8300,7790,7810,100550,798027045,-6.8,103525298800,99159600.0,384380.0,20260323
319660,83300,87800,79900,80400,437172,36375911150,-6.94,2328923805600,2396969800.0,-3867590250.0,20260323
031980,107600,111700,103700,104500,172772,18327705200,-6.19,2253270277500,1217597550.0,195225550.0,20260323
002230,10210,10490,9845,9960,229425,2314441505,-4.23,191967247200,96261925.0,1265510.0,20260323
043370,12500,12620,12200,12200,57300,713479615,-3.4,256200000000,38797400.0,-9328530.0,20260323
239890,5010,5010,4700,4870,28613,139921022,-3.18,48387126850,4243120.0,,20260323
347740,2065,2065,2000,2015,104376,210606345,-2.42,60471310640,4718465.0,-55485905.0,20260323
137400,46550,48450,45350,47200,204473,9628811100,-1.46,1118202361600,799130750.0,30030975.0,20260323
257370,3065,3075,2910,2950,16378,48914185,-3.75,36889339950,-4829150.0,,20260323
147760,3980,4050,3820,3820,21748,86050095,-5.21,41331888120,16192675.0,,20260323
128660,3280,3300,3200,3200,128529,415211640,-2.74,79370780800,-19898440.0,56075295.0,20260323
006140,6820,6820,6430,6540,79879,525018810,-5.22,98100000000,9895340.0,22052270.0,20260323
376180,2940,3555,2910,3300,4375758,14565878281,12.24,61251425400,517283278.0,-22019885.0,20260323
304840,820,822,751,751,89308,70805765,-8.64,15942461561,-7269002.0,,20260323
087600,6210,6280,6100,6120,5129,31362490,-2.24,49979334960,7457370.0,,20260323
291810,2045,2045,1960,1999,13992,27817095,-2.25,22726055288,-2982824.0,6267776.0,20260323
378340,14000,14050,13160,13390,57864,785301140,-6.3,287387989980,-160856420.0,385020.0,20260323
161580,38550,39300,38000,38100,248052,9539836025,-5.93,891644660700,-309028925.0,-178463200.0,20260323
347770,1868,2050,1831,1924,607798,1165303667,2.94,43976948808,-36332206.0,-11.0,20260323
163730,10190,10200,9810,9860,57371,573918250,-3.62,92748760480,23896040.0,9067420.0,20260323
417180,1627,1627,1586,1595,43063,69305697,-1.66,27990053685,-7924856.0,,20260323
469880,2080,2080,2070,2075,4127,8545890,0.0,15157875000,896000.0,6893115.0,20260323
469900,2085,2085,2080,2080,132,274565,-0.24,11658400000,0.0,0.0,20260323
475240,2095,2120,2090,2110,3468,7276285,-0.71,6752000000,0.0,0.0,20260323
475250,2105,2105,2080,2095,96,200820,-0.71,7751500000,0.0,0.0,20260323
484130,2060,2085,2060,2080,5135,10697265,0.24,9401600000,4420.0,8331990.0,20260323
0041L0,2015,2015,2010,2010,353,710295,-0.25,12120300000,0.0,0.0,20260323
0101C0,2005,2015,2000,2005,25093,50194500,-0.25,15518700000,-2167000.0,-579445.0,20260323
299030,26150,26150,25200,25300,29487,752851075,-5.24,202271223000,-190450975.0,-47586550.0,20260323
067310,33500,34450,32400,32650,1344675,44611789200,-6.04,2168884843900,166387325.0,311549950.0,20260323
166090,59100,62200,57800,58700,180486,10783417000,-5.32,1160949463800,-1191127850.0,2361421700.0,20260323
136480,3210,3220,3150,3170,730102,2325395728,-1.25,336684755340,207163929.0,1008045.0,20260323
003380,17000,17180,15300,15300,2760218,44171673415,-13.56,1713686001300,-8205864660.0,-47889870.0,20260323
450330,6170,6420,5970,5990,20240,122778120,-5.67,49039189570,-3326410.0,,20260323
101670,1850,1850,1775,1777,573962,1030123232,-5.68,100893061299,-54382940.0,,20260323
365590,2340,2350,2150,2185,45460,100070027,-4.38,67640219070,-7441667.0,-377630.0,20260323
149980,0,0,0,5090,0,0,0.0,107879307670,,,20260323
013030,37300,37950,36050,36400,58386,2151637175,-4.21,428360441600,-291652375.0,166952050.0,20260323
126700,18050,18090,17350,17600,231484,4082217695,-4.24,262981171200,-492493535.0,1934564935.0,20260323
160190,42950,44000,36500,37650,1383100,53241903600,-27.74,1162933200000,1179518300.0,-3250790150.0,20260323
221840,2770,2770,2570,2615,71631,188490165,-5.25,48901967015,72723385.0,,20260323
106190,20300,23000,20050,21200,711012,15515170925,9.62,225423267600,1970133925.0,-334151575.0,20260323
065650,1900,2285,1900,2195,194719,420905824,4.52,29270799120,54759094.0,1442770.0,20260323
066130,4300,4410,4245,4250,91974,396522530,-1.51,54400000000,29209915.0,76069170.0,20260323
004590,4905,4935,4835,4875,65621,320298900,-0.61,73125000000,-11436665.0,8178600.0,20260323
039340,4960,5030,4890,5030,18320,90450770,0.6,113175000000,6737525.0,-28948400.0,20260323
034950,101600,101600,99800,100100,2926,292805100,-1.77,454505451400,-100315500.0,1398200.0,20260323
222980,2730,2730,2590,2595,3633,9453005,-1.33,28626698385,-1704490.0,5.0,20260323
256840,3905,3915,3750,3765,567823,2166871070,-5.76,257506745790,-424197838.0,10640335.0,20260323
219750,939,955,920,950,69102,64584483,0.42,62155540750,13566521.0,,20260323
025550,3400,3400,3250,3270,233838,770642929,-3.82,83430793080,-62365227.0,-1378540.0,20260323
017890,11600,11600,11200,11280,75799,862481995,-3.09,239965147680,53108505.0,187345520.0,20260323
080720,0,0,0,2725,0,0,0.0,21562456300,,,20260323
041460,3935,3935,3810,3810,87016,334550569,-3.42,72390000000,-46658484.0,23170.0,20260323
101680,2855,2855,2680,2730,94090,261483580,-4.55,22942920000,63091260.0,,20260323
039740,3395,3490,3350,3400,48845,166982645,0.15,27262549800,8178005.0,,20260323
053300,6020,6020,5760,5760,238868,1402614440,-5.73,244462239360,-453092540.0,,20260323
025770,7820,7820,7600,7700,16474,127026660,-2.16,288320886700,46164660.0,17787030.0,20260323
458610,2100,2100,2090,2095,19194,40181870,0.0,8861850000,-20950.0,26187500.0,20260323
464440,2095,2105,2090,2100,5048,10610950,0.24,9072000000,14705.0,10510265.0,20260323
479880,2040,2065,2040,2060,1943,3986690,0.0,14152200000,-59775.0,-2501000.0,20260323
062970,2505,3010,2360,2710,4440423,12229564605,8.18,62490095960,-647951442.0,-22092775.0,20260323
023760,1000,1000,957,958,490882,476924204,-4.87,302353973808,-112463758.0,13785593.0,20260323
054040,5310,5400,5190,5230,85326,451167510,-2.24,84052846700,-31387000.0,-52300.0,20260323
021650,2335,2335,2240,2240,12096,27458115,-4.27,36625261120,1595355.0,,20260323
032300,11800,11800,11340,11400,28883,331717440,-3.88,124336391400,-82180450.0,34470.0,20260323
037230,1947,2340,1906,2100,8600139,18676038593,9.38,62580686700,-50117999.0,2745583.0,20260323
448900,112800,115300,97800,97800,173658,18638999950,-18.97,587235894600,-3586271450.0,-720709350.0,20260323
030520,20200,20200,19580,19630,101231,2011027255,-5.17,474648374720,-267109780.0,-473856730.0,20260323
052600,3550,4195,3455,3455,5004864,19385322267,-2.68,39952583500,-89086762.0,35.0,20260323
256150,5180,5340,5110,5180,11881,61565340,-0.19,43486100000,2960360.0,-3290.0,20260323
092460,16040,16050,15450,15660,66936,1052623780,-3.57,267937588800,-210302770.0,123689490.0,20260323
125490,16600,16600,15610,15620,709119,11267745365,-8.87,570166738240,-3200086090.0,393041480.0,20260323
452190,4180,4180,4020,4020,88878,361784567,-4.96,96160639140,133758.0,,20260323
047080,1271,1280,1235,1274,115614,144988762,0.24,31623689188,188008.0,0.0,20260323
452280,15000,15460,14160,14350,362871,5296082515,-7.36,256389742350,665531195.0,-150408265.0,20260323
066980,1505,1548,1460,1504,675400,1019241877,-0.99,78110428000,141065697.0,,20260323
114810,14680,14720,14040,14080,337894,4839832185,-7.97,402591889920,-166705710.0,-687828220.0,20260323
070590,2115,2115,1995,2010,33337,67362651,-4.96,27897837210,-19894845.0,,20260323
042520,49950,51000,47450,48700,182337,8885785575,-8.11,694528572900,79045425.0,-1094753350.0,20260323
430690,3625,3790,3620,3735,57688,210869405,-3.49,40694046345,-10702305.0,,20260323
078350,26400,27400,25900,26000,176572,4679497125,-4.41,396353932000,712927750.0,287662825.0,20260323
045100,31650,31800,30150,30400,211854,6538239575,-1.94,547200000000,-2315110925.0,475344075.0,20260323
320000,1691,1753,1637,1697,157003,267651159,0.3,56584852850,81438214.0,,20260323
091440,3020,3020,2820,2890,142323,413076914,-5.25,91269925210,-113811211.0,,20260323
276730,664,716,651,680,206738,142575967,1.49,15061895960,24718206.0,,20260323
024740,3075,3190,2975,3025,2786900,8581194285,-0.17,99513573225,9796853.0,,20260323
005860,4130,4425,3895,3960,10986707,46132988977,-0.13,156038592600,-822901866.0,0.0,20260323
007770,7720,7760,7460,7710,5783,44608470,-0.13,27062100000,709240.0,,20260323
198940,742,742,700,733,104650,75137431,-1.61,28530542874,6651019.0,,20260323
058450,566,609,525,577,1393081,796092430,3.59,11570862576,16295999.0,249732.0,20260323
107640,50900,51000,48550,48800,172071,8503189875,-7.05,442369364800,684728950.0,-472217975.0,20260323
079170,6460,6540,6340,6480,29554,189451940,0.0,33696000000,37047150.0,-3240.0,20260323
054920,4380,4450,4155,4260,277204,1201066549,-5.86,120204765060,-141399464.0,4390.0,20260323
457370,8650,8650,8400,8420,56514,479913190,-5.07,67588468280,-107526585.0,,20260323
002680,739,777,731,732,785987,589698396,-0.14,23655896868,9926065.0,,20260323
098070,48400,62200,47000,60200,2622272,152203529500,25.68,669492688200,3041426000.0,-5532453675.0,20260323
455310,2100,2105,2100,2100,21181,44480525,0.0,10626000000,-4200.0,-42000000.0,20260323
498390,2030,2035,2030,2030,28334,57521415,0.0,10068800000,-4060.0,38275650.0,20260323
034810,7520,7520,7140,7170,56106,408181930,-5.91,233432664690,-168338530.0,,20260323
03481K,7550,7550,7190,7300,3252,23702700,-3.69,10139130600,-1326530.0,,20260323
059270,10880,11590,10380,11160,302228,3335102485,1.64,124604736840,-388981865.0,-550.0,20260323
076610,1601,1700,1460,1485,7262553,11333039301,-7.25,78965528400,-800676155.0,,20260323
220180,1915,1958,1851,1926,15074,28640259,0.68,46090801692,-7110930.0,,20260323
900270,1266,1305,1213,1213,622763,769111538,-8.8,29602905952,-77127687.0,-104550048.0,20260323
214180,20350,21150,19640,19640,168475,3377295715,-7.36,255189727880,138680630.0,18389905.0,20260323
234340,39300,41300,38900,39900,829018,33172418650,-0.25,557429174400,-3857833325.0,5731021225.0,20260323
084990,5670,5690,5420,5470,191638,1061159445,-3.53,252127599590,472550.0,12552605.0,20260323
187660,14720,15390,13810,13930,3019904,44251632960,-5.81,772644904290,-242765250.0,-2693830.0,20260323
170030,5780,5780,5550,5560,115949,653308225,-4.63,85290400000,-5671605.0,11370.0,20260323
319400,28950,29000,27900,27950,677370,19212487300,-5.73,3112960290050,-2623237775.0,460437725.0,20260323
048410,14240,15000,14100,14100,1578608,22836401580,-4.08,1360728565200,2505732510.0,-544044180.0,20260323
052260,4100,4100,4000,4020,68621,275565735,-1.95,120600000000,-18704640.0,5780860.0,20260323
016790,0,0,0,994,0,0,0.0,187340898626,,,20260323
041440,8570,8570,8250,8310,254562,2138126745,-3.6,148881494640,-459572370.0,8540.0,20260323
039010,8520,8520,8170,8200,55224,456409290,-4.65,70725000000,11596290.0,,20260323
090850,6320,6360,6040,6040,37152,229432085,-5.18,143428020440,-44543895.0,-5928210.0,20260323
460930,20200,21300,19230,19830,4459692,90339063835,10.04,704176605930,-4005759595.0,2183374980.0,20260323
092300,3110,3185,3090,3100,114935,357303785,-3.28,59054801600,-13959040.0,,20260323
011080,501,502,475,484,296802,143992634,-3.39,20793909048,-10024782.0,,20260323
308100,996,1020,940,973,98579,95068137,-2.21,23374386784,4814714.0,18.0,20260323
064240,2060,2070,1954,1978,128175,257358734,-3.98,68625228478,31840246.0,,20260323
039610,8410,8410,7920,7970,83976,682081020,-6.67,82970888000,57570630.0,8190.0,20260323
126640,1522,1523,1476,1476,190492,283802309,-3.84,51742523160,47762300.0,,20260323
127980,5130,5130,4985,5040,1928,9676415,0.4,59677047360,-487875.0,,20260323
061250,980,1014,946,997,714099,712251509,1.53,83923319459,-73696456.0,59136368.0,20260323
097870,6470,6570,6230,6230,316687,2034508845,-1.74,52892700000,45132630.0,-30.0,20260323
290270,3500,3525,3420,3425,30943,106735725,-3.52,32906276600,-11750675.0,,20260323
353190,661,667,641,651,82682,53841705,-1.51,25635351420,1227231.0,,20260323
090710,13610,14860,13210,14320,17537252,248570288815,2.14,1710627061040,14860020970.0,43451555.0,20260323
078590,1024,1098,987,1003,18864491,19589271722,-1.67,85191736778,-559648408.0,,20260323
205470,772,781,742,757,1006379,760858573,-1.94,97936881813,-123251112.0,70411.0,20260323
115160,653,653,633,643,68920,44135415,-2.13,28272789732,7768574.0,3079405.0,20260323
028080,1481,1510,1401,1412,20247,28897832,-5.43,17759438472,1337012.0,,20260323
175140,3775,3900,3600,3635,106630,391233451,-3.71,90672359655,7196328.0,,20260323
200670,34850,34850,33300,33850,71147,2415727950,-5.45,380133130500,-753389050.0,-76576975.0,20260323
065510,8450,8450,8170,8350,41994,346284885,-2.0,95906956050,-85486085.0,-423460.0,20260323
263920,4170,4320,4060,4100,9261,38310705,-1.68,40217006600,-107735.0,,20260323
243070,26200,26200,25450,25450,15526,399547475,-3.23,304882474250,-82268650.0,-40865800.0,20260323
084110,66200,66200,62000,64200,66673,4271935950,-4.89,812759930400,523746300.0,19964450.0,20260323
145020,256000,260000,249000,250000,38857,9830811000,-6.37,3076008250000,73101250.0,-863274000.0,20260323
024060,20050,23000,20050,20650,9519434,206088887100,5.68,309750000000,-202346875.0,-500486250.0,20260323
010240,5390,5390,5260,5270,25561,135979810,-2.41,61690620000,-24683600.0,1944100.0,20260323
189980,1660,1676,1620,1620,103492,170694517,-3.8,65023279740,-39428376.0,,20260323
037440,4390,4390,4110,4110,136787,574204425,-6.27,57221372250,-92088010.0,,20260323
238490,3110,3110,2970,3010,18002,54785625,-2.59,34049830360,-8924550.0,,20260323
