code,open,high,low,close,volume,거래대금,등락률,시가총액,foreign_net,inst_net,date
060310,1393,1445,1389,1445,493789,702087694,2.85,76670312800,318238392.0,0.0,20260204
054620,4410,4770,4320,4550,131556,590299160,3.17,83693705550,20023725.0,,20260204
265520,20800,23200,20650,22800,523872,11669693825,7.8,343158718800,848807600.0,932712650.0,20260204
211270,21550,21650,20300,21100,786219,16375780750,-0.71,318236614400,-2142424275.0,676716850.0,20260204
139050,0,0,0,2805,0,0,0.0,24247965555,,,20260204
126600,4060,4215,4030,4185,142147,585035512,2.95,262679472315,289915310.0,-310635.0,20260204
083790,1226,1250,1195,1250,114276,139841354,1.96,96117727500,29154204.0,,20260204
035760,68900,70300,68100,69000,72247,4990257800,-0.43,1513111626000,-152820800.0,-280451900.0,20260204
311690,8410,8600,8330,8550,27629,233920920,2.03,111709700100,80051860.0,,20260204
051500,30900,32600,30850,32200,110802,3561239700,4.38,382265069200,-224448000.0,871995025.0,20260204
058820,1995,2080,1985,2060,1430051,2923534899,3.31,304554896980,810990531.0,46296945.0,20260204
056730,550,552,546,549,41758,22941402,-0.18,40687041114,836174.0,0.0,20260204
065770,793,966,791,853,4433453,3954421603,9.22,16557693890,20601184.0,,20260204
083660,543,545,502,516,810351,422900487,-5.32,32420000844,72468692.0,-259303.0,20260204
477760,2195,2205,2195,2200,13743,30244535,-0.23,12848000000,-83600.0,-27865600.0,20260204
099520,0,0,0,1284,0,0,0.0,58141862016,,,20260204
290120,2750,2795,2655,2730,57479,156267933,-0.36,43200199770,3066469.0,,20260204
025440,1051,1075,1020,1048,188544,195891865,-0.29,51122722752,9886004.0,0.0,20260204
068790,0,0,0,6330,0,0,0.0,142869517920,,,20260204
241520,8650,9650,8420,9280,5855429,53780623460,10.61,250560000000,-198277840.0,2386000.0,20260204
180400,3730,3785,3660,3770,163453,608025201,1.62,371078958640,17871640.0,,20260204
418620,1325,1340,1305,1327,96574,127321242,-0.08,26341582979,21061506.0,,20260204
245620,0,0,0,415,0,0,0.0,57474989665,,,20260204
037370,6050,6650,6040,6450,624786,4007753920,11.21,55631069400,247975775.0,,20260204
050120,2620,2785,2580,2640,7287,19283270,1.15,35809187040,-4224000.0,,20260204
214270,1844,1860,1824,1848,100705,185064379,0.16,80740892232,22249520.0,,20260204
130500,2555,2590,2535,2550,40203,102694830,0.2,37089882600,21563440.0,15.0,20260204
900290,3570,3860,3465,3780,462041,1713783981,5.59,305613000000,276336679.0,-1192065.0,20260204
083450,28750,29500,28400,28950,357431,10282019950,-1.19,533548500000,191564400.0,-2372479525.0,20260204
297890,2240,2315,2240,2295,269202,612081138,1.1,167858397630,93565.0,-33891165.0,20260204
440290,2105,2130,2090,2120,98798,208969520,0.71,58313631600,76741400.0,-6951468.0,20260204
078150,2115,2165,2085,2165,1574125,3372514282,1.41,200729958140,757301448.0,,20260204
225530,2800,2875,2800,2870,25021,71275165,1.41,104292146490,17107745.0,-15.0,20260204
060560,700,705,671,699,135875,93501127,-0.14,88731065592,1734526.0,-217746.0,20260204
376270,95800,96000,87600,91500,47132,4296295400,-2.45,656762020500,-1440041950.0,175512900.0,20260204
195940,54900,55600,54450,54800,225320,12373110850,0.74,1552478026800,2731331200.0,584794700.0,20260204
028300,55800,56400,54600,55000,791799,43820285800,-1.96,7318504105000,-3426489700.0,-2901874000.0,20260204
278650,1396,1408,1350,1358,537387,737965641,-2.72,118153521962,-45646632.0,134793.0,20260204
067630,4205,4280,4140,4150,315751,1322715342,-1.31,505955790700,-165028131.0,135168.0,20260204
024850,2920,3145,2905,3095,3147933,9608743610,8.03,454607363465,98311689.0,-220099827.0,20260204
187420,2665,2665,2615,2630,35959,94468601,-0.75,76725287190,-4185775.0,699685.0,20260204
047920,16700,17090,16650,16820,116013,1952783335,-0.41,551685167920,162022870.0,1715350.0,20260204
115450,3000,3040,2965,3000,452953,1355265099,-0.17,253146789000,59285029.0,-22484205.0,20260204
046210,1698,1704,1651,1694,136137,228947047,-0.65,77027287876,378115.0,,20260204
196300,8150,8150,7700,7880,8857,69431720,-3.43,73231976240,-24572680.0,,20260204
403870,45550,47000,45000,45850,1503691,69200452300,-2.03,3851359652000,-6645657450.0,5176492475.0,20260204
036640,5090,5200,5050,5200,157625,809021410,2.16,85044960000,57446625.0,-125572005.0,20260204
467930,2185,2230,2185,2230,8122,18008025,0.9,9432900000,-53130.0,0.0,20260204
469480,2245,2275,2230,2270,5423,12201970,0.0,9602100000,-6795.0,3122000.0,20260204
0099X0,2155,2170,2140,2160,29192,63072870,-0.46,12916800000,359825.0,27505440.0,20260204
095340,148000,152000,138500,143100,334146,47768116750,-4.41,3033298999800,2933188150.0,-13764657600.0,20260204
950170,5700,5770,5400,5500,358626,2015835830,-3.0,284604914000,306973740.0,-14869055.0,20260204
067290,2030,2095,1980,2015,1083745,2211510933,-1.71,112914762545,151146766.0,-38249000.0,20260204
035900,71000,71700,70500,70600,363511,25766805400,-1.67,2508593935200,-3092852450.0,-3110126950.0,20260204
318000,4500,4595,4485,4585,30393,137864155,1.89,40073922455,35000545.0,,20260204
024840,1729,1789,1729,1789,462264,816287589,3.29,62452557011,342140586.0,,20260204
024120,3595,3650,3550,3650,36955,133873787,1.39,41975000000,49444550.0,7009310.0,20260204
464680,2082,2085,2080,2085,38021,79260745,0.24,26906925000,99930.0,62550000.0,20260204
478390,2080,2095,2075,2080,6072,12619525,-0.24,12937600000,-72855.0,-2288000.0,20260204
486630,2065,2075,2065,2065,172,355910,-0.24,10965150000,0.0,,20260204
492220,2050,2070,2035,2060,2174,4468850,0.24,12792600000,42860.0,,20260204
0037T0,2030,2030,2010,2020,734,1480600,-0.25,12786600000,-103020.0,,20260204
0072Z0,1999,1999,1994,1995,15949,31864393,-0.2,15730575000,-77739.0,14645152.0,20260204
021320,5560,5740,5230,5720,60192,337956520,3.62,122408000000,108007650.0,,20260204
044180,344,438,337,438,19056906,7745560004,29.97,11702395962,-21030452.0,,20260204
046440,5480,5530,5380,5520,306652,1684146900,0.73,209819627040,173932590.0,-32083500.0,20260204
151860,6380,6480,6300,6470,253541,1620621200,1.41,307991422940,283793270.0,-23682480.0,20260204
035600,11740,11850,11580,11780,147212,1730767820,-0.17,324591232520,246012580.0,39301710.0,20260204
060720,18360,18360,17840,18020,572251,10333808410,-3.07,426667504840,-747740830.0,724373740.0,20260204
058400,709,709,692,701,152681,106974897,0.57,92833233720,,-45457.0,20260204
101000,1122,1149,1063,1084,905928,985947581,-3.39,36256333368,115846568.0,0.0,20260204
089600,12300,12580,12300,12550,34192,427031200,1.21,145180445650,6668490.0,-992300.0,20260204
418470,13800,13990,13650,13970,33295,462224115,1.31,119664072330,100169430.0,386260.0,20260204
043610,1879,1910,1879,1886,118346,224308546,0.37,109605716068,50439727.0,0.0,20260204
122450,3540,3625,3470,3570,294416,1045820220,1.71,160006807380,134225745.0,-41172315.0,20260204
052900,1359,1553,1306,1415,13451937,19370932785,7.6,92504855240,-206272539.0,-175642068.0,20260204
036560,13560,13950,13510,13810,19694,271098420,1.69,217507500000,39232325.0,137760.0,20260204
061970,4455,4485,4340,4470,328767,1445974185,-0.45,259631036820,-92179656.0,48395.0,20260204
309960,6200,6380,5810,6240,89834,559303285,0.81,144875571360,86058110.0,,20260204
225190,2175,2410,2050,2185,65909194,148322304435,17.66,153973541400,-2247272300.0,4810.0,20260204
060370,29950,30875,29800,30750,271970,8273164350,1.32,1606344760500,2588684225.0,-647605725.0,20260204
417200,16300,16510,16060,16120,1188969,19266635260,-2.36,1090560863080,-776143530.0,-2379219430.0,20260204
078020,5580,5800,5520,5760,414418,2357475920,3.23,319571654400,472049955.0,-24427120.0,20260204
322180,9770,9790,9270,9430,471977,4452489925,-3.48,197294309120,-1050722085.0,-153584700.0,20260204
476080,8200,8350,8110,8340,29733,245901680,0.97,67328820000,70965530.0,967540.0,20260204
086960,1468,1474,1435,1450,2074654,3003756243,-1.63,147404883000,-255212915.0,4371.0,20260204
160550,2320,2425,2295,2415,301387,718107945,4.09,67393245990,54420555.0,32041895.0,20260204
053290,1895,1940,1853,1922,41704,78782302,1.42,31763562054,6232705.0,0.0,20260204
060250,23600,24650,23300,23800,1330838,32017813525,0.21,955822541800,1340783225.0,28989875.0,20260204
104200,6480,6690,6200,6380,166942,1075695670,0.63,94599769000,-94136475.0,110.0,20260204
063570,4120,4240,4105,4225,40138,167694697,2.55,144274150800,-19416171.0,-12514807.0,20260204
222160,0,0,0,8040,0,0,0.0,79551289560,,,20260204
024940,4555,4720,4545,4690,132353,612051692,1.52,46900000000,68401073.0,,20260204
332570,7630,7630,7070,7140,2980138,21527039900,-7.27,312658643640,-7991746205.0,-20536765.0,20260204
218410,50900,51000,46500,48000,444156,21468896500,-5.14,1272165216000,10263925.0,-3167433850.0,20260204
327260,39900,41600,37650,38950,377706,15097615850,3.04,328474347450,2656644700.0,-1640743300.0,20260204
474610,8980,9140,8090,8120,679520,5737053250,-7.62,111666995160,-9234100.0,17484890.0,20260204
091340,2310,2325,2295,2320,41794,96451175,0.43,27152632720,16892490.0,17262580.0,20260204
419530,38000,39450,37600,38850,52073,2007131675,1.44,381682407750,249700375.0,12723725.0,20260204
019550,763,778,756,770,701242,540266818,1.05,124791262750,152526788.0,-7499861.0,20260204
246960,2160,2160,2060,2145,63448,133481383,1.42,72966565815,29206720.0,10684565.0,20260204
099220,1076,1264,1052,1209,8773319,10436547572,12.36,78517719150,-315377317.0,,20260204
036540,7230,7530,7190,7320,3927181,28728022965,-3.17,1203849417960,-4110995315.0,-668296090.0,20260204
255220,3030,3155,2955,3045,13528804,41281011127,-6.02,316490875050,-3852519406.0,-516020393.0,20260204
040610,1831,1889,1803,1889,213414,396762832,3.17,64390713244,69734548.0,-9840598.0,20260204
184230,615,615,591,611,142155,86192844,0.0,54242742723,8799124.0,,20260204
016250,15000,16210,14930,16210,49225,770234425,8.28,81649543060,142322020.0,19742130.0,20260204
357880,1549,1559,1510,1520,429519,654898009,-1.87,71286507360,3304145.0,-284372.0,20260204
048550,1265,1285,1250,1284,215911,274355766,1.5,124181572080,43329570.0,8650751.0,20260204
063440,1630,1667,1564,1656,220491,362635291,0.79,76224279024,-29737136.0,-1170933.0,20260204
067160,72100,72100,70700,71000,45636,3247383700,-1.39,816128457000,-463678850.0,-202994450.0,20260204
289080,2610,2765,2610,2725,1154379,3124490353,5.01,148011977450,90850111.0,,20260204
013720,879,965,879,933,1137696,1047036895,6.26,56752657419,-9263024.0,,20260204
089230,1284,1284,1233,1262,142444,179197656,-0.79,38507346686,-3569623.0,,20260204
032540,5690,5690,5560,5610,14076,78871665,-1.23,78156326490,344600.0,5680.0,20260204
048770,4270,4445,3925,3985,763106,3144642864,-6.67,62556494135,-318222618.0,40251470.0,20260204
246690,1420,1520,1400,1440,908999,1334915155,1.41,64327125600,-153571550.0,,20260204
317240,431,460,421,443,3720717,1620110116,4.73,62546603846,-128897178.0,,20260204
057030,2870,2875,2830,2850,70852,201794898,-0.35,46491186450,-1822950.0,,20260204
040300,3530,3575,3515,3570,106552,377489316,1.13,170206818600,88686631.0,,20260204
051390,3805,3840,3755,3815,9615,36344840,0.0,43320728920,-3195895.0,16275035.0,20260204
052220,3420,3445,3330,3370,219951,741988207,-1.46,77510000000,96517016.0,,20260204
079940,33900,34400,33000,33300,14760,494117550,-1.91,446908777200,-112351600.0,7604200.0,20260204
078890,6450,6550,6100,6200,433689,2708041120,-4.76,111890606400,125063555.0,-630290.0,20260204
399720,67500,69800,66600,68100,138559,9421963750,-1.16,789988602000,364980500.0,-921091300.0,20260204
036620,6640,6650,6520,6620,540883,3563240915,-1.34,599134964020,1684233190.0,-1156670355.0,20260204
198440,1045,1062,1034,1056,58403,61306871,1.05,64344082176,-5659084.0,,20260204
217730,2080,2170,2065,2125,448397,943437012,1.67,199865066625,161332485.0,,20260204
114190,17500,17660,16760,16960,546380,9366934970,3.6,443046724480,-1951069055.0,-160.0,20260204
094480,11500,11930,11320,11540,705942,8216008780,-0.94,452712330520,428132220.0,-2698670.0,20260204
039240,2650,2690,2645,2690,104176,278504650,1.51,72575134760,72075615.0,30367420.0,20260204
053950,630,744,630,680,6866735,4774669909,8.11,53140203440,-207531829.0,,20260204
011040,5580,5600,5540,5590,27077,151046030,0.18,171997401940,-14164060.0,-4069430.0,20260204
024910,2100,2170,2080,2170,482437,1025057075,3.33,77727240850,65941050.0,-2355.0,20260204
049720,10000,10200,9990,10200,69489,705459170,1.49,145860000000,60065620.0,-5072670.0,20260204
014570,4020,4060,3975,4055,30778,123477920,0.87,44605000000,-32856935.0,,20260204
348150,6090,6210,5850,6180,131623,798233490,1.48,120008734020,76811390.0,,20260204
950190,8500,8500,8220,8350,50802,420722100,0.12,108692442650,86229580.0,-1559690.0,20260204
098460,32600,34450,32600,33800,3435899,115929106800,3.84,2320530719000,15266239825.0,5220088275.0,20260204
035290,658,704,638,645,285885,192338324,-1.98,15375664800,25097275.0,,20260204
215000,59500,59800,59100,59300,19502,1158324050,-1.17,372132109500,-214731500.0,-43100550.0,20260204
121440,4680,4940,4660,4935,190022,918360798,5.56,211399696830,175673288.0,-6668570.0,20260204
366030,6190,6340,6000,6320,220047,1360291035,1.94,143172332000,165188955.0,,20260204
029480,2190,2285,2100,2265,255762,572456571,3.42,140157891960,18372960.0,,20260204
026910,2380,2440,2380,2390,13528,32455455,0.42,15308917950,1918410.0,,20260204
456490,2120,2125,2120,2120,145017,307972355,0.0,8904000000,-6321840.0,42500000.0,20260204
465320,0,0,0,2335,0,0,0.0,8896350000,,,20260204
482520,0,0,0,2095,0,0,0.0,12779500000,,,20260204
489210,2145,2155,2135,2155,3308,7110155,0.23,11162900000,-822780.0,-4257000.0,20260204
0041B0,2085,2095,2085,2090,1289,2694065,0.0,10533600000,0.0,0.0,20260204
0098T0,2035,2045,2035,2040,35833,73078020,-0.24,11016000000,-1858625.0,3600400.0,20260204
053270,2510,2560,2470,2500,293627,733320010,0.6,68526012500,20989172.0,28251710.0,20260204
066620,22250,22650,22100,22550,7987,178225900,1.81,169125000000,50696800.0,190200.0,20260204
043650,3940,3980,3925,3970,14007,55483845,0.76,70897466880,2982810.0,-1589620.0,20260204
006050,1348,1365,1341,1350,239303,324258466,0.15,47108578050,34402896.0,,20260204
060480,1571,1579,1540,1571,28453,44622585,0.0,17422390000,1722187.0,,20260204
078130,347,363,346,357,1025173,364943650,2.0,402483895947,139616964.0,1072.0,20260204
307750,3100,3175,3090,3160,125323,392484288,1.77,158557360800,85818524.0,10.0,20260204
035080,11460,12180,11460,11980,33175,395794040,3.28,163845644040,40455240.0,27385220.0,20260204
318060,54100,62900,53700,60400,521057,30276222200,11.85,671513730800,1253748750.0,-1249779650.0,20260204
453450,15880,17460,15860,17240,227207,3854816185,8.56,136933010000,-52882975.0,-8893690.0,20260204
204020,2035,2115,2030,2080,66898,136976726,1.46,40457730560,18136780.0,,20260204
0015G0,38900,40100,36600,39000,1066592,41096626450,2.23,456399099000,-32912950.0,-59493250.0,20260204
402490,8750,8890,8530,8790,185941,1624409475,0.46,145610639520,183666030.0,,20260204
114450,2890,2940,2865,2935,225662,656056520,1.03,58700000000,41985960.0,30252378.0,20260204
186230,5020,5210,4975,5160,76697,390721180,2.79,56348170080,81966355.0,-323675.0,20260204
900070,422,451,412,439,325920,139876612,4.03,23593601952,12967835.0,-2272601.0,20260204
204620,5000,5360,5000,5180,5664913,29384373440,5.07,364067649400,-7902491475.0,8724523075.0,20260204
019660,2470,2495,2405,2475,19966,48946650,0.2,34512224175,-2958765.0,,20260204
053260,3935,4080,3920,4020,35382,142732600,2.16,75254400000,-962835.0,35.0,20260204
282720,10480,12230,10480,12080,684868,8056006175,16.15,146403560000,-43920340.0,-350823515.0,20260204
036190,33000,33600,32700,33200,17337,574537425,2.0,199200000000,240907150.0,23017025.0,20260204
049080,543,550,532,541,281408,151695415,-0.37,45921890727,30934240.0,,20260204
420770,58100,60500,55700,57800,270883,15780183100,8.85,732658812400,-1828800600.0,2956565950.0,20260204
035460,2010,2030,1987,2020,64029,128616160,1.0,29446226800,10833115.0,,20260204
407400,4645,4945,4625,4930,168471,817427327,5.01,72148252620,365015454.0,,20260204
187790,3790,4235,3720,4085,949135,3829333337,6.1,125984790550,440703052.0,59159261.0,20260204
121600,70200,72600,68600,70700,154848,10866895100,-0.28,863331203700,-433984900.0,1176833950.0,20260204
286750,1595,1645,1557,1638,107460,173078296,2.7,52463267766,22458194.0,,20260204
247660,5120,5230,4975,5010,50287,257300585,-3.65,21763039200,26233315.0,,20260204
039860,4960,5070,4905,4905,412237,2044910342,-1.21,186846424965,-26888843.0,5055.0,20260204
091970,588,591,566,578,62386,36245569,-1.7,21775515934,-6278290.0,,20260204
417010,12080,12550,11550,12100,1247946,14995987905,1.26,244090008800,-1095935770.0,420.0,20260204
405920,2345,2490,2330,2350,19489,46293560,0.21,30263478600,242485.0,,20260204
478340,60900,61800,57000,58100,1151965,67626653600,-5.83,670101637100,-5465428500.0,-4773012600.0,20260204
051490,3990,4100,3985,4090,30958,125635880,1.61,58078000000,29489435.0,5.0,20260204
137080,5180,5180,4885,4955,40453,199959997,-2.46,54799436010,-16532396.0,30.0,20260204
190510,26350,26350,25350,25650,242606,6220802125,-2.47,360262381050,-587062925.0,257250.0,20260204
242040,2680,2715,2570,2590,2468965,6506426281,-2.26,89630223760,-794520020.0,,20260204
293580,1835,1933,1805,1837,2973742,5521614504,0.0,174386318150,501738663.0,-4030337.0,20260204
459510,32200,32750,31400,32600,407392,13076192950,5.33,422345453200,332630075.0,413783575.0,20260204
138610,33800,34550,33550,33650,92864,3146041675,-2.04,382431240500,329810700.0,-16879550.0,20260204
130580,5700,5840,5650,5680,12017,68625170,-0.35,87472000000,-3973680.0,3623140.0,20260204
036800,24100,25550,23850,25050,15806,392881625,3.51,250500000000,-8722650.0,116639550.0,20260204
267320,3270,3355,3230,3285,982392,3235266176,0.15,188609244075,302491429.0,312040.0,20260204
111710,4075,4280,4075,4220,2473,10243765,2.3,86881360000,400470.0,,20260204
091590,3615,3630,3575,3630,9532,34372611,0.41,42616200000,1130795.0,-144605.0,20260204
168330,2660,2750,2550,2650,112756,293549025,3.52,84150485000,41605615.0,-7909200.0,20260204
094860,1368,1430,1358,1409,173077,241792569,2.92,35380009726,-1430396.0,,20260204
253590,18000,18730,17540,18180,2987455,53940400345,-3.14,797541401520,-924068615.0,-288008065.0,20260204
212560,11980,12090,11120,11300,409499,4677369360,-5.68,133478323300,-1291149120.0,-66854120.0,20260204
095660,28750,29000,27950,28300,69648,1981681575,-1.57,618547892800,197374525.0,-178735450.0,20260204
042420,27500,27750,27000,27750,11575,316669675,-0.54,232164353250,-26051875.0,-12568250.0,20260204
950220,705,706,685,694,1417227,982272837,-1.56,116341053070,-184597840.0,0.0,20260204
311390,4880,5190,4855,5140,200142,1014515742,5.33,65040475460,402741258.0,5180.0,20260204
085910,11940,11940,11300,11750,207526,2410659180,-2.73,163734111500,80503660.0,-10946040.0,20260204
092730,20100,20950,20100,20900,155129,3198938675,5.13,334984970100,421105925.0,-133161250.0,20260204
290660,1090,1138,1014,1076,9082044,9728786779,-9.58,81510498076,-109807257.0,,20260204
153460,7380,8890,7290,7570,131062,1023982835,3.13,49432205980,44656840.0,,20260204
007390,23550,24850,23250,24000,415591,9985184100,0.63,1546441344000,1237527050.0,-436119900.0,20260204
033640,18010,18500,17700,18430,120213,2180642295,0.66,424981092860,131632020.0,-16666180.0,20260204
330860,18100,19700,17390,19660,204273,3847571720,8.62,239538324700,798769145.0,-476207660.0,20260204
351320,1180,1291,1177,1218,66944,81436050,3.22,35107329936,11594581.0,,20260204
089140,2930,2995,2680,2725,926046,2561987261,-9.02,40646737650,-40401135.0,,20260204
389650,81200,84000,77800,78300,139075,11224894600,-2.49,642364273800,-1571310700.0,-95366500.0,20260204
137940,287,299,280,288,374354,106851936,1.05,24586269696,8973192.0,,20260204
396270,4025,4025,3800,3955,1141894,4452519412,-1.74,129995040105,-1149610890.0,-9586930.0,20260204
348210,85200,88900,84700,86800,100536,8702661750,-0.91,909404034000,1854278050.0,-1931264600.0,20260204
225570,12700,12870,12610,12750,169653,2155947045,0.0,839717218500,-453680550.0,-148049250.0,20260204
205500,2320,2355,2255,2345,209535,486838390,1.08,143542815360,113500357.0,-4040365.0,20260204
217270,5030,5200,4960,5120,89969,457918670,1.79,239286492160,32057770.0,-59631100.0,20260204
104620,5090,5340,5090,5250,347765,1812316875,2.34,88255398000,319084025.0,,20260204
473980,22500,23050,22350,22700,97433,2205860175,-0.87,251001209400,383564550.0,-124972125.0,20260204
194700,14590,15060,14410,14800,157917,2334680880,1.51,277571750400,-481838560.0,549097930.0,20260204
285490,30200,31050,29500,29900,159392,4815431050,1.01,316217346900,-163472800.0,-346924075.0,20260204
145170,3780,3940,3760,3925,63301,245760201,3.84,66365489625,76247657.0,-2736535.0,20260204
106520,0,0,0,411,0,0,0.0,15904036272,,,20260204
376930,1793,1860,1777,1811,733110,1322426845,1.0,92888585953,177250039.0,-210929.0,20260204
486990,41150,41150,39650,40100,426207,17114361625,-1.11,855093603000,-1104176375.0,-4190723825.0,20260204
142280,3850,3965,3850,3900,104317,408073215,0.39,84793511400,39448250.0,-1507465.0,20260204
234690,9640,9690,9550,9670,106228,1024320110,0.31,171664508920,220029955.0,-3510.0,20260204
054050,8140,8230,7930,8140,264011,2129684790,0.0,130488766540,681510870.0,180454630.0,20260204
069140,2800,2880,2730,2860,114449,321908073,3.81,41191333040,52472775.0,33259160.0,20260204
040160,4100,5300,4060,5300,784777,3978002217,29.9,63894335500,11630605.0,-20688640.0,20260204
332290,1124,1180,1121,1140,656016,745760979,-0.09,45491020560,202952102.0,,20260204
348340,88300,94000,85200,91500,857654,76483048800,3.74,1126649290500,-3277507950.0,1889746700.0,20260204
380550,35850,36400,32950,34100,1441089,49492514350,-2.99,396808162300,214657375.0,-810107300.0,20260204
060260,1057,1060,1004,1060,163242,169615447,-0.84,14322729540,-1892209.0,,20260204
463020,15890,16180,15650,16050,86620,1382293885,0.06,142511160000,-400157685.0,50133460.0,20260204
123840,937,957,903,952,44994,41799589,3.93,60598900264,4825059.0,,20260204
012340,471,473,462,470,149712,69994603,-0.21,25158882390,3798626.0,4190521.0,20260204
462310,4575,4650,4510,4640,51366,235140200,1.53,37978961440,29251525.0,-22497870.0,20260204
270870,4840,4910,4780,4900,15236,73964615,1.14,45081097600,5112010.0,,20260204
144960,6170,6320,6070,6220,414111,2571080605,0.32,271768121280,466964725.0,88583470.0,20260204
085670,6880,6950,6670,6830,585152,3980594255,0.44,166998697630,-842469070.0,-9493700.0,20260204
064260,9570,9760,9350,9510,6154879,58716084605,-1.14,714956845290,-4503303675.0,-132704575.0,20260204
340360,1613,1739,1605,1693,1475389,2470615583,4.96,86364854937,581569344.0,,20260204
039560,3745,3900,3665,3880,826274,3139123813,1.97,153702246280,-51870786.0,-8136635.0,20260204
208860,2435,2520,2010,2075,6562557,14658987231,6.52,70446193975,-68182669.0,-8990000.0,20260204
154040,1176,1194,1156,1191,53659,62815395,1.79,21378561954,10630416.0,,20260204
032190,26600,26600,24650,24750,418371,10653370025,-7.65,947925000000,257940700.0,401466650.0,20260204
323350,9740,11120,9250,10910,598530,6202781980,15.69,87397522520,55158255.0,,20260204
068240,2980,3025,2900,2920,768070,2264643836,-1.35,111437236040,-57605150.0,7715648.0,20260204
464580,2620,2680,2570,2675,85746,225845235,0.75,49236288075,42803860.0,,20260204
020400,5600,5690,5550,5670,8963,50271880,0.53,18082571220,-7463370.0,,20260204
008830,19760,20800,19510,19700,1242999,24738459350,-5.29,177054144000,648649650.0,-17213480.0,20260204
048470,3185,3260,3150,3235,114593,369087819,1.09,32350000000,20440185.0,10.0,20260204
004780,3490,3525,3470,3505,42110,147139410,0.14,55740712495,-101285.0,-1925970.0,20260204
017650,8350,8540,8200,8500,28932,243763660,2.41,74672500000,13074740.0,178140.0,20260204
389260,17280,21050,17070,21000,1174447,23329375165,22.81,376242825000,-625958475.0,127855050.0,20260204
317850,9590,10910,9350,9550,5132873,51179141635,-7.28,79498211000,-1015624805.0,-50.0,20260204
290670,13240,13510,13100,13500,23027,307941770,1.96,106078410000,29069350.0,26800.0,20260204
078140,12000,12200,11960,11970,31980,386810640,-0.25,132706350630,78834530.0,35910.0,20260204
065150,0,0,0,145,0,0,0.0,23110448725,,,20260204
036480,7400,7790,7280,7470,239069,1784812575,3.61,28386000000,67778950.0,,20260204
027830,1667,1698,1640,1676,128396,214174730,0.36,90504000000,4713706.0,,20260204
104040,714,785,710,743,1843365,1377586021,3.92,99612394718,66988411.0,0.0,20260204
129920,5000,5400,4975,5170,644816,3343967695,2.38,70906824010,48531795.0,,20260204
457630,2105,2105,2100,2100,33701,70822150,0.0,15351000000,0.0,47300000.0,20260204
471050,2155,2175,2155,2175,13054,28293155,0.23,13180500000,-15200.0,13020000.0,20260204
482690,2190,2190,2155,2175,4642,10003915,0.46,12212625000,-2175.0,2190.0,20260204
020180,993,1009,983,1007,293610,294366832,0.9,38697917405,50396787.0,,20260204
045390,4280,4380,4240,4360,672994,2914772318,1.16,307263923720,368970758.0,1219400.0,20260204
108380,29450,29800,29050,29500,47215,1383317250,0.0,282236323500,573526450.0,-584140900.0,20260204
007680,3950,4110,3950,4110,12054,48396715,4.05,55265008140,-578545.0,-5462985.0,20260204
048910,7450,7700,7430,7680,56236,426088650,2.67,96606305280,116048200.0,-499370.0,20260204
005710,13150,13790,13040,13720,39513,533002835,5.21,274915872000,211156030.0,-16856525.0,20260204
120240,12710,12980,12710,12970,10945,140683990,1.41,93259371270,41427990.0,7040380.0,20260204
003310,5580,5740,5250,5430,5141933,28148677110,1.12,192180460500,-260971210.0,-4604430.0,20260204
078600,76000,78900,75400,77300,190993,14694980300,0.91,1196649838900,856541950.0,1486794900.0,20260204
393970,3900,4055,3840,4020,337373,1330955356,3.08,71720096400,420251810.0,,20260204
096350,2085,2145,2045,2125,372534,783238403,3.41,78316369250,131684325.0,,20260204
140520,2070,2080,2055,2070,21156,43768568,0.0,43696133010,-1050317.0,-5573445.0,20260204
131220,4665,4750,4620,4745,22982,107220284,1.71,35371555050,5119140.0,9340.0,20260204
010170,3400,3540,3290,3425,8104860,27677287946,1.18,452050885500,510738677.0,-232557061.0,20260204
054670,6640,6720,6620,6710,55542,370725830,0.9,96321513200,54365110.0,-1600280.0,20260204
023910,29450,29650,29250,29600,7046,207679800,0.68,177600000000,43196100.0,-38953250.0,20260204
021040,1223,1240,1212,1224,27823,34087046,1.16,26566643376,4054270.0,0.0,20260204
021045,2810,2820,2795,2820,3866,10851060,0.36,2392747440,,,20260204
067080,15940,16260,15860,15930,90693,1450556630,-1.3,296563234500,163334510.0,34143990.0,20260204
298540,7950,8130,7950,8130,47245,380217365,1.75,117774318180,146201430.0,4478080.0,20260204
032860,1740,1900,1710,1900,603598,1110423191,8.14,76752139700,150644186.0,,20260204
393890,8900,9470,8680,9300,557373,5133111010,4.26,314741239200,239378400.0,-38357515.0,20260204
299170,3530,3580,3335,3395,1379284,4712895768,-3.96,140930822760,-168586355.0,-5632305.0,20260204
462860,5180,5400,4955,5060,3058586,15763571372,-3.62,363529177660,142231600.0,-238445.0,20260204
224060,4990,5950,4815,5200,262213,1421778955,4.84,26835754400,-32728705.0,,20260204
043090,0,0,0,380,0,0,0.0,4718944500,,,20260204
403850,22750,23400,22600,23300,48988,1124844875,2.64,334378533000,90123600.0,3173275.0,20260204
213420,38750,39600,38450,39250,200565,7809858800,0.51,974623775750,909378425.0,-1680265775.0,20260204
317330,19910,20400,19610,20000,239259,4749497045,0.1,409531680000,22910270.0,-91972975.0,20260204
077360,9300,11930,9180,11640,14530135,159825352715,26.8,528886703280,5502143680.0,16411846640.0,20260204
090410,1259,1259,1210,1238,202636,250710594,-0.88,57052109610,-19306396.0,,20260204
0001A0,35700,36350,31100,31400,5106393,172236857000,-9.12,778443523000,-1344374475.0,-21225150.0,20260204
263600,5040,5160,5000,5100,108113,550722760,1.19,81244581000,67360520.0,-25566990.0,20260204
194480,36950,37200,35950,36000,98515,3575402150,-4.26,436649400000,-658534750.0,-990277225.0,20260204
373160,4465,4540,4405,4480,44926,200611700,0.45,61847381120,-23826135.0,,20260204
263800,5240,5300,5150,5200,208014,1085052670,0.78,84356376000,-18036845.0,,20260204
206560,3705,3825,3690,3825,124313,466504208,1.59,97199890200,38306533.0,9757115.0,20260204
261200,4085,4095,4000,4040,50939,206205520,-0.86,63871188000,66626555.0,,20260204
484120,24300,24450,23850,24050,21364,513240450,-1.23,263525999100,29003750.0,-62458025.0,20260204
067990,4255,4345,4215,4310,186129,795885020,1.17,125772480500,43775915.0,-5040285.0,20260204
006620,5140,5180,5070,5140,137713,703396225,-0.19,146310058880,-16738525.0,-4932570.0,20260204
100130,1830,1935,1815,1935,490921,928406028,6.03,110571705000,296415956.0,557368.0,20260204
005160,2745,2840,2740,2825,132521,371755755,2.91,153240661650,161061365.0,-19697430.0,20260204
303810,3525,3600,3495,3560,137087,487950125,0.71,113863538400,160062515.0,-53286195.0,20260204
075970,2210,2235,2205,2235,58892,130765297,1.36,41124000000,23093172.0,,20260204
086450,18120,18330,18000,18320,184214,3349085020,0.83,828621294400,621830010.0,-301814570.0,20260204
240550,7650,8110,7620,7920,339585,2686865265,2.86,164817259200,137453305.0,-51193975.0,20260204
099410,5800,5950,5740,5890,197061,1149458550,0.51,82460000000,-205089740.0,,20260204
033500,28050,29800,28050,28900,286943,8333027450,5.09,866696376600,264209575.0,2600736350.0,20260204
025950,18740,19670,18470,19300,180477,3481266890,2.99,162120000000,716811420.0,19200.0,20260204
088130,6430,8120,6250,7900,7017342,52633372050,26.4,138133980600,948134020.0,-16420.0,20260204
041930,6630,6900,6570,6880,78138,530666995,3.77,108704000000,163517760.0,323220.0,20260204
060380,1442,1450,1428,1447,41197,59382377,0.35,28505900000,14717481.0,,20260204
079960,31000,31450,30800,31350,34431,1073370825,0.32,246411000000,193500725.0,32619950.0,20260204
228340,1771,1825,1752,1769,26881,47696737,-0.11,35380000000,430658.0,,20260204
088910,2110,2200,2100,2130,123218,264400035,1.19,55021657320,43480300.0,470600.0,20260204
094170,30200,31450,29950,31050,159365,4908471625,0.98,649253512800,999884725.0,-19255850.0,20260204
013120,2960,3090,2925,3060,401716,1210412176,3.55,277872786000,537416235.0,389861554.0,20260204
109860,7580,7600,7570,7580,3393,25767825,0.0,68978000000,-68180.0,0.0,20260204
032960,14450,14730,14160,14680,5076,73349720,1.59,51652974600,24279490.0,-12140290.0,20260204
023790,1251,1267,1231,1231,232587,289881875,-1.6,32177868527,43764984.0,,20260204
005290,53800,55200,52700,54100,714887,38587821700,-1.99,2781524125400,-5450895550.0,3325202200.0,20260204
025900,10550,10780,10250,10440,237612,2490746690,-1.51,527818055400,102755645.0,-13158610.0,20260204
131970,64000,66000,63200,64500,235288,15196255750,-0.92,1246606851000,-784797400.0,-781925550.0,20260204
073190,1574,1609,1530,1545,28232,44048745,-1.84,18490621800,2155469.0,,20260204
176750,10290,10690,10100,10590,132271,1388020555,2.82,301340779800,179408615.0,31767660.0,20260204
030350,0,0,0,973,0,0,0.0,15171092867,,,20260204
203650,1688,1702,1657,1677,819441,1368134757,-1.58,160376279388,103602419.0,,20260204
223250,6100,6360,5920,6330,330134,2031947690,1.77,155575511700,193036910.0,-77590.0,20260204
060570,1328,1400,1327,1376,95377,129691503,3.61,101963764448,29652078.0,-11766229.0,20260204
362990,1699,1705,1680,1704,16850,28575637,0.29,28628178096,-8206025.0,,20260204
016670,3930,3940,3785,3940,14782,56979665,0.25,29921281960,2913595.0,,20260204
187870,15900,16250,15800,16200,32425,523016775,0.87,113993065800,38128590.0,-5630410.0,20260204
489730,2055,2060,2055,2055,15030,30951750,0.0,13012260000,-51485.0,30889990.0,20260204
0004Y0,2040,2045,2035,2040,1238,2522990,0.0,10842600000,0.0,,20260204
110990,21300,21750,20900,21450,175347,3714662775,-1.15,405405000000,-358800625.0,-107350.0,20260204
263690,5360,5410,5320,5390,27247,146141605,-0.74,61045037900,-1622460.0,5481970.0,20260204
214680,1985,1989,1930,1933,469082,911561023,-2.96,161361149248,-265476574.0,-374212.0,20260204
347850,89700,92700,84600,86000,1033637,90843556150,-4.76,3744046980000,-8697053000.0,-6023452200.0,20260204
263720,11720,12440,11720,12440,59081,715067635,5.07,154412632040,324129120.0,-67475585.0,20260204
376300,36500,39250,35950,38000,302922,11545859575,3.26,902059428000,3449556925.0,-201036425.0,20260204
109740,7600,7800,7520,7640,43558,333366890,0.26,196427379600,-13131250.0,763120.0,20260204
031860,575,580,535,545,518143,287535190,-4.72,10347055535,53053865.0,,20260204
196490,0,0,0,203,0,0,0.0,36245520080,,,20260204
066900,1980,1980,1911,1961,14442,27899483,1.92,44601970383,3285862.0,159952.0,20260204
092070,18290,19360,18030,19020,88863,1670887330,4.11,220096739160,59517435.0,-2492190.0,20260204
039840,15950,16490,15900,16490,46644,754380930,3.06,237045184630,314863330.0,-240730.0,20260204
219550,2260,2295,1900,2075,1521468,3236869031,11.44,64901163175,645722718.0,,20260204
310870,1256,1256,1225,1225,215065,265446589,-2.39,25341906975,23082268.0,,20260204
104460,14470,15250,14410,15240,92956,1390433790,5.32,160295859240,171057130.0,1130.0,20260204
079810,5380,5540,5350,5530,157403,858049330,1.84,119050359820,160992500.0,-14178350.0,20260204
113810,774,775,762,768,132061,101367075,-0.9,25058343168,7358046.0,,20260204
043360,2360,2415,2360,2410,19762,47192805,1.26,21690000000,-5521440.0,473620.0,20260204
197140,2240,2250,2185,2210,10285,22628660,-0.67,28759070340,663165.0,,20260204
068930,8210,8260,8160,8250,45682,376000970,1.1,228321571500,40063650.0,-8240020.0,20260204
033130,1826,1848,1775,1797,110919,199884904,-0.61,66696134799,-56134085.0,,20260204
105740,10370,10510,10250,10360,191558,1987201080,0.1,105345794680,680378660.0,-1975720.0,20260204
263020,3045,3100,3030,3095,137590,423008901,1.48,42822871870,27714720.0,31702335.0,20260204
290550,10100,11740,10060,11400,1725467,18816425945,10.57,228014022000,-879052975.0,-423230395.0,20260204
066670,3195,3225,3090,3170,39933,126047823,-0.78,59253380060,-15556325.0,3057925.0,20260204
187220,2410,2430,2380,2430,34504,83252232,1.04,28426191030,5169970.0,0.0,20260204
383930,2480,2585,2465,2545,80810,204979339,2.62,32535605760,93404799.0,-162625.0,20260204
131180,954,962,954,960,10552,10118059,0.1,28176000000,-56561.0,,20260204
315640,3510,3740,3480,3730,824455,3011835317,6.27,109558425360,-340057609.0,-174053235.0,20260204
317120,2185,2300,2135,2235,313911,696809859,2.52,34106100000,110294605.0,,20260204
462510,5610,5750,5530,5670,29022,164310025,1.07,49912811550,-778345.0,,20260204
232680,21750,22000,20250,20600,913371,19013391175,-5.29,268103541000,-78195150.0,-659222175.0,20260204
042510,9200,9480,9190,9470,114289,1071385025,3.27,106112997780,256338060.0,-1089050.0,20260204
418420,6510,6520,6050,6300,656917,4098285195,-3.23,192019640400,-657104630.0,9955700.0,20260204
300120,2275,2295,2185,2265,134024,298369471,-0.44,47247927180,-12107916.0,20.0,20260204
171120,2045,2115,2030,2115,48199,100286220,4.19,75932222400,17790060.0,-2249470.0,20260204
388790,2630,2805,2520,2650,1655554,4419846338,9.05,81114902050,-179325780.0,,20260204
214260,12290,12290,11980,12110,38991,471773080,0.92,108051026930,-23006735.0,10.0,20260204
171010,3960,4000,3770,3980,78875,308894162,0.51,56909032960,49166183.0,15.0,20260204
084650,1779,1827,1765,1776,633547,1132671740,0.62,131850222240,207795288.0,-1637676.0,20260204
217500,3800,3950,3630,3735,971756,3612383297,-1.71,118817820000,-250721838.0,,20260204
038390,12760,12960,12650,12830,48591,624721310,0.55,214528146260,108288875.0,-2642380.0,20260204
294140,6660,7020,6610,6690,127983,863669930,1.21,149955132420,-109423555.0,,20260204
443250,10910,10910,10500,10640,26535,281082390,-1.66,118505766400,-11166285.0,-52770750.0,20260204
228670,6000,6200,5800,5950,161026,975534825,1.19,92832197500,-61357800.0,6200.0,20260204
228850,5020,5070,4995,5070,13282,66799935,1.2,84116440980,-7943540.0,-40290.0,20260204
412350,2550,2640,2435,2595,592288,1501548356,1.76,33804992340,-3251575.0,,20260204
199550,6320,6500,6300,6480,52509,337108380,1.73,79482325680,77501000.0,1279000.0,20260204
281740,25300,28200,25300,27550,2269620,62043019300,7.41,1810876597400,11054853825.0,2848598100.0,20260204
277810,764000,768000,748000,757000,162705,123302499000,0.13,14685692506000,1095174500.0,-11374300000.0,20260204
215100,10530,10580,10130,10350,597897,6173933230,-1.33,210606498900,-87747185.0,30995.0,20260204
090360,87100,87400,84900,86200,103242,8867670550,0.23,840450000000,264489400.0,227480200.0,20260204
108490,322500,325000,310000,314500,275533,87076394000,-2.33,4582292676000,-6842084750.0,2555396250.0,20260204
900260,1588,1588,1575,1576,57431,90801892,0.06,72542816656,54570123.0,,20260204
033290,2045,2080,2010,2070,67043,137282152,1.22,116243543070,22575970.0,-395650.0,20260204
067730,2555,2610,2545,2605,18864,48602835,1.36,25200566810,11539875.0,,20260204
071280,10450,10450,10150,10440,123657,1273703105,-0.1,159696535320,-300054770.0,,20260204
376900,60100,62700,58800,59400,318858,19353058200,0.17,930292446600,-1892039200.0,-60465050.0,20260204
214610,3360,3555,3355,3470,15711,53701760,3.27,29090127340,11885635.0,,20260204
328130,40300,41300,39550,40400,330922,13303842800,-0.86,1181972538400,461468175.0,1383770675.0,20260204
038060,655,669,655,660,175917,116397116,-0.15,31748025540,2387268.0,,20260204
474170,20900,20950,19250,20250,2896569,58060942480,0.0,360808344000,-4366851115.0,698346365.0,20260204
141080,191900,193900,183100,185700,506193,94587068150,-3.98,6798539766600,13078187750.0,-16790537700.0,20260204
058470,95600,100500,93600,98200,1181745,115747768650,1.66,7484003670000,-11068533200.0,20158084000.0,20260204
016100,1710,1723,1668,1716,50469,84986363,0.0,32777134104,8803124.0,-20841.0,20260204
012700,3520,3865,3520,3655,227190,837100116,2.81,96660623425,65390158.0,62100.0,20260204
302550,2815,2820,2735,2780,104553,289170825,-1.07,87557567840,64637925.0,,20260204
491000,75000,90800,74400,87400,2767378,235018482550,17.16,2157179793400,15042678650.0,-1285701300.0,20260204
073570,918,945,905,915,284387,261358104,-0.33,55070776515,29749066.0,,20260204
377450,12090,12200,11880,12000,37186,444705510,-0.74,207960000000,73262260.0,-53603410.0,20260204
277070,4805,4805,4700,4805,6472,30723060,0.0,65790060000,3086375.0,,20260204
042500,3805,3875,3775,3860,162036,620188742,1.85,86043815840,245013340.0,22129925.0,20260204
193250,512,525,473,490,885593,436871323,-4.3,31650282370,15921578.0,,20260204
474650,64200,64500,61200,62700,136755,8545027550,-2.34,352626806400,-1425668300.0,-692135800.0,20260204
219420,5910,5920,5730,5880,177533,1031818495,-0.84,67440701160,73401965.0,30001690.0,20260204
439090,14230,14630,14120,14450,54227,784589810,0.49,236738107000,181200830.0,-41490760.0,20260204
195500,2735,2830,2715,2785,142286,395516698,1.83,44498730000,147197212.0,,20260204
377480,18540,18640,18060,18200,119312,2176970365,-1.89,129407005000,-518497435.0,-10.0,20260204
305090,9800,9930,9200,9280,251389,2372122170,-5.6,172562110400,-1017596865.0,-8818810.0,20260204
098120,21350,21850,20300,21500,148110,3155061850,0.0,178724469000,11796675.0,-100.0,20260204
424980,14810,16110,14560,15110,163551,2552577090,2.03,89434427900,127779245.0,-56396430.0,20260204
038290,18540,18580,18230,18390,51543,946492930,-1.5,199373346000,-124629630.0,-60.0,20260204
267980,35750,36050,35450,35750,6971,249296100,0.14,273975058500,12243800.0,-711550.0,20260204
005990,10770,11000,10770,10900,4892,53529090,1.68,144951513600,80935.0,217560.0,20260204
093520,23700,23800,23300,23650,50894,1195940175,-1.46,334957125800,-15991725.0,-62904650.0,20260204
100590,3695,3695,3555,3605,152378,548821595,-1.37,57067232915,-188457.0,354485.0,20260204
067280,28900,29500,28750,29200,24197,706785850,1.92,173061946800,-149299550.0,1461250.0,20260204
072870,11040,11130,11040,11100,16018,177753265,0.54,132322644900,6015170.0,-1277850.0,20260204
215200,46550,47250,45000,47250,49491,2266884775,1.5,489756456000,144723975.0,-232144775.0,20260204
133750,1828,1889,1810,1887,57269,106848263,3.23,44169154299,5490225.0,334307.0,20260204
446540,4300,4410,4230,4315,396908,1720402851,1.53,89626865000,10242275.0,,20260204
235980,6550,6550,6040,6230,809553,5070859010,-5.03,213534003830,-280560120.0,-47355040.0,20260204
041920,25700,28200,23200,24050,1151547,29355853825,-6.05,447287263150,-446159125.0,86726975.0,20260204
014100,1650,1665,1636,1660,14721,24241702,-0.3,19588000000,-1374548.0,,20260204
054180,0,0,0,2295,0,0,0.0,12686716395,,,20260204
086900,131400,135500,130100,133200,51191,6828697150,1.37,972159800400,830478700.0,205966650.0,20260204
078160,27850,27850,23750,24400,827025,20805643025,-5.97,956592313200,-1722751550.0,60114275.0,20260204
0088D0,2100,2120,2095,2110,33653,71114995,-0.24,12227450000,4015150.0,29610000.0,20260204
408920,3375,3435,3350,3425,36406,123282442,1.48,148071158375,10119220.0,,20260204
021880,243,248,239,239,408564,98802909,-1.65,50712073512,5246891.0,,20260204
140410,155700,162600,151200,153700,196191,30385777350,-2.04,4666933581800,1538613450.0,-1056363150.0,20260204
241770,24400,27700,23850,26600,124650,3318218525,9.69,271124224000,142465925.0,101792700.0,20260204
059210,5010,5080,4960,5010,302486,1518180214,-0.6,140752448010,43174188.0,-20482600.0,20260204
058110,1835,1877,1800,1856,67168,123259389,1.81,29789783680,24855951.0,5.0,20260204
072770,740,805,740,749,1147745,872796346,-3.85,60052740027,-90034979.0,-433615.0,20260204
434480,3905,3905,3795,3845,63043,241491747,-2.16,47333103500,-7596755.0,,20260204
080420,1956,1970,1928,1958,23827,46786279,-0.71,156094935876,-3598360.0,,20260204
417970,22400,22500,21400,21700,143679,3114546200,-3.56,138808390000,348312350.0,52523450.0,20260204
080160,11890,13350,11710,12840,455490,5690261380,7.99,242676000000,998077215.0,317396560.0,20260204
087260,2140,2155,2090,2125,333609,704335565,-0.93,69174829625,-66047069.0,,20260204
101330,6470,7340,6340,7100,3348064,23120444985,10.08,164343905900,347985870.0,,20260204
012860,4195,4405,4065,4150,3747213,15734759988,-2.01,303918846550,-1232084298.0,,20260204
363260,1623,1625,1595,1625,143540,231079018,0.06,52266124625,50407581.0,,20260204
348030,2825,3000,2815,2990,23077,66978814,6.79,28715362000,1229510.0,-836375.0,20260204
250060,4390,4515,4230,4420,2342824,10262904371,-1.12,142197207880,480239901.0,,20260204
288980,826,831,809,810,278751,227356695,-1.94,27990815220,-7899949.0,,20260204
142760,1659,1729,1635,1644,296609,500702886,0.06,67088820540,72914207.0,,20260204
033200,3775,3775,3655,3670,14019,51714317,-2.52,52595448950,-2824548.0,8.0,20260204
333050,1292,1293,1231,1243,125350,156312079,-3.34,30594364218,-6242771.0,,20260204
118990,9800,10000,9720,9860,313963,3095694530,0.72,245139221400,111298115.0,9850.0,20260204
463480,8700,9040,8560,8960,91624,810483950,2.87,111017607680,21180510.0,,20260204
006920,3385,3565,3360,3475,421573,1466530378,2.51,37947000000,-325972175.0,-4165945.0,20260204
001810,1392,1399,1378,1392,38128,52861002,0.14,30815400000,605183.0,,20260204
279600,7300,7380,7080,7080,7938,57198905,-3.93,33168249480,-5416670.0,,20260204
095500,12280,12550,12040,12180,388600,4754477455,-0.98,377701787820,247095125.0,-37627150.0,20260204
254490,18550,19280,18270,19090,436227,8239837920,0.79,275621420000,-532048765.0,60.0,20260204
218150,3030,3120,2985,3115,176032,541272525,4.53,63595223230,88995395.0,25.0,20260204
100790,25850,27450,24200,25000,8190624,210512789375,13.12,1328115850000,-2047122925.0,-4924702800.0,20260204
0097F0,1991,1993,1987,1992,55441,110409033,0.05,12948000000,-1144253.0,43593879.0,20260204
0099W0,1998,1998,1990,1994,68503,136486961,-0.05,13958000000,519492.0,15044212.0,20260204
477380,2100,2115,2090,2090,6800,14310970,-0.48,16929000000,-77555.0,0.0,20260204
477470,2115,2130,2115,2125,5034,10647345,-0.23,11645000000,0.0,10575000.0,20260204
478440,2045,2055,2045,2045,65,132980,-0.24,14171850000,0.0,4105.0,20260204
482680,2020,2030,2020,2025,29007,58684800,0.0,16635375000,187165.0,,20260204
0093G0,1995,1997,1991,1997,44082,87963416,0.1,12780800000,-905230.0,28333845.0,20260204
0096D0,1993,2005,1993,2000,28701,57400785,0.0,11000000000,-4466811.0,19358894.0,20260204
049950,18170,18760,17850,18290,87192,1583642400,0.27,161279098360,233005615.0,73910.0,20260204
207760,1252,1259,1229,1246,271235,336499624,-0.48,103517409618,-54063.0,-1971168.0,20260204
059090,17400,18300,17300,17880,503429,9024723745,0.68,597491990640,2151438315.0,-404451020.0,20260204
201490,4445,4510,4350,4370,1024451,4527844113,-3.43,142434949700,-664597171.0,2433990.0,20260204
475460,7900,8520,7850,8310,85597,702878115,4.53,46644237750,233489525.0,,20260204
452200,2580,2690,2550,2655,209979,552363695,2.71,62995981500,70567334.0,31886478.0,20260204
206640,12710,13080,12710,13080,32251,414347330,2.59,307204204800,202325805.0,-128660475.0,20260204
018700,934,970,926,947,147409,139300721,0.85,33258409879,2593158.0,,20260204
035620,318,366,317,329,1899000,641476292,3.46,24490653075,15598820.0,-5869730.0,20260204
053030,15550,15780,15380,15530,231815,3599573895,-1.71,507585439640,316790010.0,-100186590.0,20260204
301300,3300,3300,3140,3185,13539,43004270,0.47,41897757720,-11310365.0,,20260204
064550,13050,13270,12950,13160,75064,984208340,0.08,339663429560,320745180.0,10436210.0,20260204
314930,14550,15550,14250,14800,857758,12790805320,8.19,440508724400,2317522025.0,454547700.0,20260204
489460,13100,13640,13020,13420,161614,2166180315,2.52,201896250600,190824885.0,232364075.0,20260204
086820,7410,7580,7350,7430,107658,800659860,0.41,180491432360,132963390.0,-1504090.0,20260204
038460,6580,6930,6080,6250,8303426,53272492070,2.8,163527737500,-1118940530.0,6250000.0,20260204
251120,15800,16350,15660,16180,35233,564600805,3.06,140696426000,107657430.0,63750.0,20260204
199730,4610,4700,4610,4670,4296,19963952,0.65,22716593890,-370500.0,,20260204
086040,2540,2560,2505,2525,57217,144615986,-1.37,40294573675,2113242.0,-2040.0,20260204
188040,6770,7150,6670,7150,32128,223598010,6.08,33457052200,63154080.0,-17009000.0,20260204
099430,5260,5350,5190,5340,467313,2464584630,1.52,329161455480,756973200.0,3060100.0,20260204
032980,0,0,0,604,0,0,0.0,18354952980,,,20260204
308080,7980,8270,7900,8220,376925,3070190690,2.24,168503917200,-119616425.0,29258710.0,20260204
043150,20300,20600,20100,20600,25716,524793475,1.23,305997673600,122359300.0,29663100.0,20260204
323990,9980,10510,9860,10330,219399,2251948295,3.09,240248373850,531249255.0,30170.0,20260204
267790,3625,3640,3525,3575,27792,99038240,-0.69,27489279675,8632180.0,,20260204
046310,4305,4525,4160,4205,573046,2499387070,-2.89,69040385405,374212020.0,43739055.0,20260204
331520,537,547,535,540,173552,93605397,0.19,27466770600,10317906.0,,20260204
199480,5690,5830,5620,5760,116527,664390045,0.35,58732346880,10126200.0,,20260204
438700,3970,3970,3825,3910,49931,193410140,0.0,43576519900,-6636220.0,,20260204
066410,0,0,0,1153,0,0,0.0,159637252154,,,20260204
382900,32650,34250,32050,33950,233251,7780549875,5.11,297435950000,1113976375.0,-19548500.0,20260204
206400,1580,1603,1559,1580,116817,183993876,-0.38,59266049640,-5766629.0,,20260204
019010,3875,4970,3795,4570,818992,3584435542,16.73,220274000000,-161137968.0,23010233.0,20260204
177350,1172,1191,1143,1189,132599,155765317,1.71,23368328963,41826382.0,,20260204
457600,2240,2320,2185,2300,38128,85753005,2.68,31527250000,96020.0,,20260204
424760,1127,1130,1102,1110,64257,71487308,-1.25,21953931870,-2983279.0,,20260204
250000,8020,8050,7950,7990,9069,72526730,0.0,53938356670,15501030.0,20.0,20260204
310210,226000,234000,222000,225000,84901,19160742250,-1.32,4138542225000,3104395000.0,-1949283000.0,20260204
006910,8190,8350,7930,8140,6359072,51757989110,4.9,399916767360,259324040.0,-1262930.0,20260204
226340,572,572,557,563,79451,44762049,-1.57,23619212460,3534774.0,,20260204
014470,1344,1387,1333,1368,177779,242883246,1.79,82151491680,-18551445.0,,20260204
008470,4020,4020,3960,3980,4064,16192965,-0.5,33451104000,-701265.0,-2854955.0,20260204
338220,20150,20550,20000,20450,100669,2035848050,-0.24,286337280350,20115800.0,-55172125.0,20260204
100120,27500,27800,25950,26100,236041,6237147375,-5.09,244296000000,-860562550.0,16420700.0,20260204
406820,2850,2995,2785,2890,262681,757463865,0.7,40853493730,119787425.0,,20260204
099390,4825,4845,4740,4750,18822,89789970,-1.55,38989344250,8683270.0,135500.0,20260204
064480,5310,5510,5310,5500,106047,572279410,3.58,65738750000,139016760.0,41419010.0,20260204
365900,2850,2915,2835,2835,18086,51766234,-1.05,20724700500,2716031.0,30.0,20260204
089970,29900,30700,29100,29500,407961,12066790375,-2.16,720145002500,-13968425.0,-2639996950.0,20260204
251630,8000,8050,7740,7830,111340,872787565,-1.76,124832797380,-9941030.0,-71500.0,20260204
018290,20200,20750,19830,20100,315566,6357981200,0.9,702330943800,-892800830.0,-252591315.0,20260204
478560,3390,3445,3380,3435,9632,32953360,1.33,88727073630,-894365.0,-6138925.0,20260204
439580,4560,4585,4490,4545,233427,1062205396,-0.22,153832556115,99726004.0,-9964977.0,20260204
033560,3020,3085,2965,3015,31629,95261850,-0.17,51556500000,-3957960.0,0.0,20260204
369370,1402,1404,1380,1384,21047,29275094,-1.28,69022724824,-2294945.0,-730.0,20260204
126340,114500,118000,112000,115600,79941,9148929450,1.49,778416644800,-1234464950.0,840739150.0,20260204
121800,0,0,0,3320,0,0,0.0,256309348520,,,20260204
082800,4715,4845,4565,4780,435839,2052468045,3.91,239500303480,-29588030.0,9008480.0,20260204
318410,7180,7180,7010,7150,48076,340623975,-0.97,39719987450,-6691250.0,-23100.0,20260204
419540,1150,1165,1125,1148,137294,157227734,-0.43,26395402628,10542617.0,,20260204
146320,15080,15400,14820,15400,34690,524114190,1.99,197088014200,175798710.0,90.0,20260204
200780,4895,5300,4895,5260,44049,227401340,7.68,51212622400,19646920.0,-3379470.0,20260204
413640,8690,8950,8340,8860,21127,185552170,1.96,63853488400,17914030.0,,20260204
141000,8310,10740,8300,9530,2741316,27299500330,14.41,115453186300,-313946600.0,0.0,20260204
083650,77700,78800,74300,78700,759165,58815646350,7.37,2435322312500,5283962200.0,3021187800.0,20260204
473370,2740,2835,2740,2835,54604,150945310,3.47,11935350000,15360980.0,4140000.0,20260204
0068Y0,2005,2010,2000,2000,14964,29985573,-0.25,8620000000,-1005570.0,11386145.0,20260204
065170,4665,4665,4665,4665,710974,3316693710,29.94,124476311625,,,20260204
086670,12550,12720,12400,12580,35975,454015305,0.24,124867633300,172833605.0,-184824910.0,20260204
230980,0,0,0,229,0,0,0.0,21370407553,,,20260204
488900,28000,28350,25850,26200,550430,14615979325,-5.59,759182806600,-964893700.0,-637210125.0,20260204
082920,20650,21200,20450,20650,340078,7044256950,-1.43,936260200050,1954575525.0,-2225476175.0,20260204
054220,431,437,426,434,634798,273121605,0.46,26019637154,23210994.0,,20260204
042370,10900,10970,10700,10800,488710,5285685445,-0.37,282960270000,-15985000.0,18131000.0,20260204
050090,794,816,780,811,74059,59074133,2.14,16045420085,5585612.0,,20260204
148780,1571,1615,1561,1574,294585,466303181,0.19,49495571150,-59202024.0,,20260204
307870,1267,1393,1218,1253,1439430,1855111850,-0.56,74634332283,-72663493.0,-6200010.0,20260204
377030,1621,1621,1533,1575,828772,1292564955,-3.02,66050938800,50906290.0,-614250.0,20260204
032850,5210,5920,5150,5450,1925118,10719752830,5.01,90596946850,150651850.0,-3212455.0,20260204
049470,865,877,817,877,341150,295300775,0.0,103244384746,-352287.0,,20260204
238200,2920,3030,2907,2940,14598,42816728,-0.17,24049200000,2530520.0,,20260204
093190,6110,7240,6050,7220,687625,4806190015,18.17,138904894100,-4282950.0,1420123680.0,20260204
065450,3920,3980,3915,3975,851853,3373698215,1.79,113894880000,509097599.0,3992.0,20260204
044480,266,300,266,289,5199058,1502400095,7.43,23311817392,160822998.0,,20260204
069540,1530,1532,1416,1440,4136002,5995384557,-4.57,87825820320,-9687465.0,,20260204
072950,5700,5930,5660,5870,80671,468755975,2.62,47268820700,33955910.0,32404150.0,20260204
451250,9140,9390,9050,9250,57485,531912440,1.2,94589362250,102838830.0,,20260204
143240,12930,14220,12840,13480,144697,1937568475,3.37,157840865240,51939520.0,46146445.0,20260204
466410,12270,13440,12160,12570,77420,972831705,2.2,63315379110,92641760.0,-75400.0,20260204
223310,2035,2050,1992,2015,50918,102213477,-1.71,52436776210,7290779.0,,20260204
452430,39000,39950,38700,39700,55902,2185590050,-0.63,326256426200,338679200.0,-538487775.0,20260204
419120,4130,4170,4060,4150,56681,232282500,0.36,61081202300,3153985.0,,20260204
122350,1814,1838,1782,1814,476405,862534229,0.0,69547722392,55655375.0,,20260204
419050,1757,1775,1733,1753,276550,483165282,-0.68,100265008720,98663629.0,,20260204
014970,7050,7230,6890,7150,70432,501699100,2.14,108143750000,254931745.0,,20260204
018310,19410,19800,19390,19780,13616,267257370,1.91,290766000000,91810550.0,7484870.0,20260204
012210,18350,20150,17490,17920,5985926,113788115685,0.11,397680855040,-721882855.0,-26102770.0,20260204
053700,8350,8470,7950,8030,970045,7851712495,-3.25,199795289210,155653570.0,198521315.0,20260204
009620,1705,1747,1665,1700,204849,347713619,-0.29,27856354700,53206975.0,-827599.0,20260204
023600,9620,9900,9520,9850,25648,250320305,2.39,157681755000,56757340.0,-100120.0,20260204
0044K0,2020,2020,2015,2020,9206,18569865,0.0,15190400000,-130975.0,0.0,20260204
0071M0,2025,2030,2020,2030,24868,50321450,0.25,11692800000,0.0,42455450.0,20260204
0096B0,2020,2030,2015,2025,108965,220285251,0.0,13324500000,-3270380.0,58650000.0,20260204
0115H0,3400,3830,3400,3475,1261705,4503546524,2.21,25541250000,-58896215.0,,20260204
009300,15810,15940,15690,15910,9885,156239660,0.25,101346700000,7038270.0,46462080.0,20260204
482630,30400,38250,29800,35200,2372426,83375369450,14.85,385233728000,-1721016550.0,544374000.0,20260204
484590,12440,12570,12370,12420,233130,2897241105,-1.27,511833789000,-62614220.0,-66697530.0,20260204
036670,6300,6410,6250,6410,26986,171453220,1.58,72240700000,5210550.0,,20260204
361670,3485,3550,3450,3490,7220,25182140,0.14,19780126420,-6258920.0,,20260204
054540,14690,14880,14350,14580,307309,4468516395,0.55,189540000000,427092190.0,14528850.0,20260204
065570,0,0,0,764,0,0,0.0,12295692232,,,20260204
014950,15950,16170,15530,15620,187619,2958568550,-1.7,143647971060,-221467980.0,30400.0,20260204
032280,1393,1421,1391,1421,79692,112823830,1.0,23039511390,-7192930.0,,20260204
002290,3770,3785,3690,3755,44317,165454876,0.0,46562000000,-17714760.0,22058640.0,20260204
037460,22100,22250,21600,22000,117426,2576690800,-0.9,359007484000,-499710175.0,561676800.0,20260204
032750,3550,3590,3530,3570,22996,81981660,0.56,32241105540,11028350.0,6699975.0,20260204
0013V0,8900,10600,8740,10080,4797952,47843106295,13.77,99980052480,-868142785.0,-32936840.0,20260204
054090,776,804,772,801,88163,70044610,3.89,19992344832,-1728971.0,,20260204
000250,529000,588500,519000,539000,417484,229676373500,1.89,12643577408000,6340887000.0,-8501294000.0,20260204
024950,0,0,0,4120,0,0,0.0,54687137240,,,20260204
038500,18440,18440,18440,18440,922438,17009748220,29.95,1989976682640,7502369320.0,-93140440.0,20260204
437730,63500,64400,61100,61900,216801,13493111650,-2.21,1962698397300,-1023958900.0,-56157700.0,20260204
017480,4330,4340,4300,4335,16455,71190863,0.0,68072028150,-211000.0,3139980.0,20260204
046390,1035,1053,1030,1047,87583,91301928,1.16,45202060851,11112691.0,,20260204
027580,804,815,798,808,232034,188000112,0.5,47818473432,43185084.0,,20260204
038540,1918,2000,1891,1945,148014,287789615,2.21,107613568785,41124117.0,28314739.0,20260204
452670,2095,2100,2095,2095,91600,191912968,0.0,10935900000,-6285.0,-123764133.0,20260204
091580,15660,16240,15550,15980,278531,4424447895,1.52,212984939620,-227208780.0,-3671050.0,20260204
263810,3130,3170,3120,3170,57166,180295827,0.32,50481695250,64450475.0,3450.0,20260204
089980,17250,18090,16970,18070,82395,1471478335,3.67,288921898590,413966660.0,-1154620.0,20260204
042940,11010,11950,10560,11450,991581,11323165470,5.92,78188752400,1213050280.0,242684795.0,20260204
042600,13890,14120,13520,13950,38847,535557665,2.5,173308857300,150471645.0,-620.0,20260204
107600,35000,37700,34650,36100,88669,3215250125,2.27,203244949400,-20797250.0,-33151900.0,20260204
411080,7470,7480,7230,7420,50701,373156220,0.13,113285873960,-11013095.0,,20260204
252990,11140,11550,10650,10910,1876626,20614850150,-2.06,637013767330,1065229120.0,-866259120.0,20260204
378800,1825,1990,1810,1959,2380047,4575499786,7.34,90590097729,1023721729.0,,20260204
294630,2900,3025,2900,3015,711984,2130019038,2.38,79494451785,-472125224.0,,20260204
038070,6250,6440,6250,6440,30283,191758990,2.38,58608353440,10795940.0,30.0,20260204
006730,18050,20450,18050,18580,3431880,65961438145,2.26,1206342229340,-4167679650.0,-5992412055.0,20260204
079650,1381,1389,1370,1389,16434,22674784,1.54,27780000000,-117096.0,,20260204
100660,5050,5180,4985,5050,179372,908564800,0.0,63630000000,285696435.0,50.0,20260204
019770,3920,3950,3865,3940,50548,197717280,-0.25,45901000000,-10060713.0,-15.0,20260204
043710,862,866,840,850,92591,78815365,-1.39,73578133500,-1251281.0,,20260204
092190,2780,2810,2765,2805,38130,106742770,0.0,128660814315,7581580.0,2740.0,20260204
046890,7250,7570,7200,7330,277045,2042473060,0.14,427378582000,349602375.0,-122599005.0,20260204
063170,8050,8110,7850,8000,162763,1304917830,-0.62,142194136000,170591205.0,-303570.0,20260204
027040,204,212,204,205,114872,23540996,0.49,14265713635,-682503.0,,20260204
018680,2905,2945,2865,2925,11779,33905425,0.69,34103508075,94730.0,,20260204
036120,1933,1938,1920,1936,42147,81244615,0.16,68728000000,21661529.0,-8593786.0,20260204
093920,5140,5170,5100,5150,114906,589092345,0.19,95790000000,224792970.0,3520210.0,20260204
189860,4395,4440,4210,4310,245100,1059727955,1.89,41801741800,-85209494.0,70.0,20260204
178320,42350,42800,35950,36600,3266310,126038490000,0.41,2044962011400,-16594888425.0,-24018999600.0,20260204
122690,2930,2960,2745,2810,446873,1256695750,-4.1,64506966960,325143211.0,-273629567.0,20260204
140070,2085,2100,2060,2085,47400,98271102,-0.24,77119980000,2884630.0,-1960700.0,20260204
011370,893,912,892,911,450199,407933772,2.02,91915222015,164422089.0,-883520.0,20260204
065710,53300,54500,51600,53100,21249,1120657150,-0.19,273465000000,-247453350.0,-36551100.0,20260204
035890,0,0,0,1623,0,0,0.0,372979125711,,,20260204
357550,56100,63400,56100,63100,37631,2274798650,11.29,344210500000,337595900.0,-10577300.0,20260204
003100,20600,22000,20500,21800,55583,1197602450,5.83,143880000000,89632850.0,-6096550.0,20260204
067370,5360,5570,5350,5440,11702,63228945,0.74,66332939200,2801050.0,,20260204
217620,0,0,0,3810,0,0,0.0,26803681470,,,20260204
171090,64400,76700,61700,76700,1373905,99992023300,30.0,735897076200,10317550850.0,4121343600.0,20260204
086710,9800,10000,9610,9820,40868,402816950,0.31,119836209600,-7466565.0,0.0,20260204
014620,32400,32900,31800,32500,193257,6269176925,2.36,863114330000,1718481525.0,-669584175.0,20260204
037350,7180,7330,7150,7320,124354,896615820,1.24,113240400000,250627740.0,-57986760.0,20260204
458650,13950,14220,13600,13730,282095,3920564325,-0.51,206577049100,-55430735.0,-31027310.0,20260204
081580,2865,2955,2805,2830,659772,1886087784,-1.57,43888044690,-68878352.0,-2180005.0,20260204
045300,3125,3125,3040,3100,58401,179148408,-0.8,32076831500,19368085.0,-4025.0,20260204
015750,7890,8090,7870,7960,815371,6491134675,1.53,636800000000,1302712990.0,-94928650.0,20260204
365340,64600,68200,64400,65500,71101,4681771700,-0.46,801421713000,-339100.0,-35377850.0,20260204
080470,4395,4510,4355,4510,28132,124710195,3.09,32923000000,16313735.0,-956180.0,20260204
043260,19700,22750,18810,21950,2250015,47623796440,12.05,1556755964850,-3209620.0,80838110.0,20260204
148150,5050,5090,4995,5060,154978,781718575,0.0,179846659080,379153925.0,20240.0,20260204
061090,45300,46400,45000,46250,24674,1126158600,-0.32,258335110000,244057925.0,-62997600.0,20260204
188260,1882,1889,1838,1840,57435,107316757,-2.28,13300384800,1090619.0,,20260204
053060,1358,1374,1323,1358,103988,140986521,0.52,23978775002,-444598.0,265000.0,20260204
340440,1388,1405,1363,1399,71701,99341705,0.65,39701331236,10233747.0,0.0,20260204
017510,10030,10590,9940,10410,1028769,10591348355,3.79,158710860000,-404697460.0,,20260204
490470,28800,29650,28300,29250,774091,22631041600,0.69,986031130500,-4545178450.0,-362095000.0,20260204
011560,15230,15230,14860,15040,23139,347226600,-0.46,158371200000,-66678260.0,102696680.0,20260204
396300,4680,4820,4555,4740,2182613,10216461264,4.06,125560230000,-280681878.0,14198.0,20260204
100700,2340,2365,2330,2360,54053,126992420,0.64,103368000000,3772305.0,-800675.0,20260204
024830,11260,11700,11160,11690,13236,151747795,3.54,97611500000,1901340.0,-11160.0,20260204
258830,0,0,0,412,0,0,0.0,27103976612,,,20260204
036630,8620,8980,8560,8870,19046,168370680,0.8,88700000000,46903690.0,,20260204
039310,1301,1301,1274,1299,38399,49276591,-0.15,23540045433,-1235437.0,,20260204
067770,2190,2205,2170,2205,11921,26044980,1.15,18514487565,-88415.0,,20260204
053450,6260,6270,6130,6220,172600,1067573930,-0.8,92011234660,-40580590.0,,20260204
222810,0,0,0,5400,0,0,0.0,81712098000,,,20260204
252500,792,792,777,784,179232,140228638,-1.01,32525329760,5567056.0,,20260204
321370,3895,3990,3535,3650,5480414,20235382834,-7.83,169498838700,-1645572064.0,-1197284889.0,20260204
347000,2140,2150,2100,2145,147758,314542860,0.47,81104264670,59986665.0,0.0,20260204
331920,3975,4160,3535,3580,1489980,5703686488,-7.49,29227649840,-54970263.0,,20260204
352770,0,0,0,5250,0,0,0.0,13610136750,,,20260204
471820,5180,5340,5100,5330,58126,305638260,2.9,61727811990,9646885.0,,20260204
049180,1571,1699,1490,1600,2264071,3615633784,2.04,87931300800,-62549495.0,1627.0,20260204
299660,3210,3495,3180,3305,1370251,4575662188,3.12,97507338985,-197931497.0,,20260204
108860,12750,12890,12610,12750,225559,2867050885,-0.78,343163572500,-379762515.0,88229440.0,20260204
208370,5460,5610,5430,5490,549022,3033311795,0.55,141315696360,-367114635.0,,20260204
318160,8450,8860,8260,8710,59131,512720250,2.35,81361860710,57930805.0,-736180.0,20260204
308430,24900,26400,24650,25900,100279,2564687050,3.39,332336109000,579926625.0,242381025.0,20260204
068760,70000,72600,69400,70000,186625,13219085800,0.0,3057734400000,-1020957050.0,-607454500.0,20260204
068940,0,0,0,778,0,0,0.0,35720093048,,,20260204
007720,602,607,598,601,128256,77017605,-0.17,60581070450,-5148907.0,,20260204
290690,4080,4180,4050,4100,353303,1452571540,-0.61,199892039600,154116915.0,,20260204
950200,3780,3865,3750,3755,90946,343570645,-2.97,72231379015,-20268275.0,-3235.0,20260204
032680,263,263,256,259,511823,132779680,-2.63,27348007876,10396015.0,,20260204
032685,7110,7110,6710,6930,228,1542710,0.58,2474994060,,,20260204
258790,1361,1653,1309,1416,3852673,5815028422,4.5,35387658144,-597919892.0,,20260204
066910,619,632,609,621,340997,211244961,0.32,41565494844,10879456.0,-1649331.0,20260204
215090,3130,3150,2990,3020,284827,867291426,-0.98,69930096220,-202451671.0,-24544800.0,20260204
035610,3770,3820,3760,3815,29260,111015580,0.93,104324978555,7929945.0,-1215.0,20260204
357780,432500,437500,420000,421500,77608,33049691750,-4.42,3278665569000,-7546631750.0,5667462500.0,20260204
036830,51500,54000,50500,53200,81998,4323706400,2.7,1115287779200,339280450.0,225476250.0,20260204
304100,29300,29350,28750,29000,97190,2821077475,-1.69,365221795000,-245619850.0,134157700.0,20260204
328380,943,1092,890,1005,10075802,10422465912,19.64,34434091890,-285002294.0,3400.0,20260204
086980,2475,2620,2475,2620,325629,834026576,4.59,164111560000,205980942.0,13095915.0,20260204
050960,9200,9210,9080,9160,6824,62484960,-0.11,61839160000,4189420.0,,20260204
084180,1738,1746,1649,1734,1631333,2768011890,0.29,31340806722,69893671.0,,20260204
253840,6260,6400,6210,6350,256260,1612101155,1.44,106319320000,37738205.0,-226930.0,20260204
298830,8660,8840,8200,8250,2208746,18664609155,-3.4,441032616750,-1472052130.0,-199737025.0,20260204
236200,43000,46500,42550,46500,140576,6269016350,6.65,337463194500,-1245693200.0,1839522925.0,20260204
094840,6990,7010,6890,7000,103884,725319280,0.14,73302880000,-239682200.0,,20260204
192440,22100,22950,22000,22950,16803,375649500,3.85,142665530850,145159750.0,22950.0,20260204
424960,8180,8240,7950,8040,249361,1999138590,-2.31,132540284400,-54476320.0,48090.0,20260204
099440,6310,6390,6210,6390,795105,5012138115,1.27,436075287660,-47810895.0,-48477840.0,20260204
276040,1110,1120,1080,1091,199214,218274239,-1.71,23598695485,62335414.0,,20260204
060240,0,0,0,1976,0,0,0.0,11502414560,,,20260204
115570,3120,3200,3055,3055,17196,53210420,-1.77,24392671940,-532030.0,7880.0,20260204
078860,997,997,950,988,171310,166219071,-1.2,58649909916,8807184.0,,20260204
330730,5780,6260,5730,6050,190645,1148651180,4.13,110217871500,-34285770.0,6030.0,20260204
352090,3460,3505,3400,3465,45654,157963941,0.73,93114938070,68204529.0,,20260204
253450,45950,46000,44900,45500,70561,3210924450,-0.98,1367661659000,24104050.0,-190042675.0,20260204
408900,2790,2825,2760,2825,69070,193089300,0.89,92527024425,18893595.0,-197750.0,20260204
204630,0,0,0,4650,0,0,0.0,23668225650,,,20260204
415380,2255,2275,2210,2255,42125,94108752,0.0,25803908625,-1960513.0,,20260204
013810,2585,2600,2525,2590,72009,184884615,0.39,37957667300,-6699925.0,5.0,20260204
347700,28900,29900,28150,28550,1653898,47254300000,0.0,1338206677400,-8001890675.0,2199502375.0,20260204
049830,7780,7850,7770,7780,1889,14735430,-0.38,47707831360,-162930.0,40.0,20260204
020710,4050,4140,4005,4130,139065,569262359,2.86,82798116100,180718745.0,-612270.0,20260204
033170,920,929,890,910,908555,824676644,-1.09,78012770290,-116881650.0,,20260204
048870,2310,2355,2305,2330,232223,542782569,0.0,205289223790,151746385.0,26869305.0,20260204
025320,7830,8000,7720,7990,1188574,9351715300,2.83,736034828970,1142257850.0,-23829490.0,20260204
340810,3605,3915,3545,3570,639518,2364600677,-2.06,46253212740,-229599076.0,,20260204
269620,0,0,0,889,0,0,0.0,132090012299,,,20260204
056090,1669,2100,1652,1875,20082621,38024162191,14.75,193610692500,1261621311.0,7289560.0,20260204
429270,4435,4755,4400,4690,162877,752169262,5.75,30246893390,63731360.0,,20260204
418250,0,0,0,6550,0,0,0.0,47629012750,,,20260204
131090,3860,3960,3860,3935,20077,78319770,3.69,31480000000,2467055.0,2444120.0,20260204
290520,1826,1854,1814,1841,9768,17878681,1.71,29325955442,-1138976.0,,20260204
001000,2250,2380,2250,2355,172776,401087195,4.67,57173606700,20966850.0,,20260204
025870,5350,5420,5330,5420,20271,108726840,0.37,21680000000,12125470.0,,20260204
215600,3925,4035,3825,3905,3011093,11727153104,-1.76,539397009580,-623805069.0,40281045.0,20260204
065350,75800,76800,72300,74300,291401,21617640300,-5.35,2042057336400,-1030492050.0,-642501850.0,20260204
416180,38250,39950,38050,39800,186118,7245634950,3.78,359783164400,365137125.0,54014600.0,20260204
162300,1723,1746,1715,1735,44905,77860283,0.87,71952847770,32840447.0,,20260204
290560,0,0,0,8400,0,0,0.0,31307824800,,,20260204
002800,5700,5860,5700,5850,117152,681166070,1.92,88747425000,350775910.0,1617680.0,20260204
472220,2180,2210,2180,2195,2627,5753305,-0.23,10294550000,-13170.0,-94600.0,20260204
0091W0,2050,2065,2045,2065,9211,18960255,0.73,12530420000,-617590.0,4094780.0,20260204
017000,3280,3600,3245,3515,610264,2093393146,7.16,41013114905,149979453.0,35.0,20260204
012790,5790,5910,5790,5870,39277,230092035,1.21,70360256050,66454715.0,-7874820.0,20260204
138070,1913,1950,1886,1900,42297,80652229,-0.68,33256087600,5680669.0,10.0,20260204
226330,3620,3745,3540,3700,262207,954609767,2.21,89756357500,78601733.0,50575165.0,20260204
452980,2095,2100,2095,2100,6758,14168363,0.24,39700500000,0.0,0.0,20260204
474660,0,0,0,2100,0,0,0.0,11592000000,,,20260204
474930,2110,2125,2105,2120,9330,19770270,0.0,7674400000,-218360.0,-2951500.0,20260204
487360,2060,2075,2055,2075,3571,7373665,0.73,11703000000,382230.0,-485230.0,20260204
487830,2070,2070,2065,2065,230,475315,-0.48,8982750000,-212695.0,,20260204
496070,2040,2040,2035,2035,164,333765,0.0,11436700000,0.0,0.0,20260204
056700,1766,1800,1759,1797,55608,98918758,2.04,52355758527,28299354.0,-137.0,20260204
187270,3810,3875,3670,3700,247367,928617906,-2.89,37532226500,127930480.0,10.0,20260204
243840,6200,6500,6120,6290,365004,2293409830,0.32,242531298150,71828145.0,-11487780.0,20260204
257720,46400,46500,44550,44900,1515098,68779838375,-2.07,2746618669200,-1237588625.0,-15686219350.0,20260204
222800,61000,61900,57800,58600,1063532,63250673050,-6.24,2188253974800,-5395968150.0,-11287391250.0,20260204
036710,2600,2735,2590,2675,311876,828516547,0.19,141314241950,100416105.0,,20260204
444530,7170,7360,7100,7360,18473,133385310,1.8,47083561280,31730630.0,,20260204
234030,10050,10130,9760,9830,663597,6558352710,-3.44,232037150000,-953791970.0,196880.0,20260204
160980,18380,18740,18000,18400,153675,2822530525,-0.05,201006071200,187023580.0,-153425705.0,20260204
356890,3860,3915,3830,3885,88590,342945977,0.13,46440610125,47500617.0,,20260204
217330,7550,7560,7190,7400,380412,2793021025,-1.99,171158647800,225973805.0,-22892050.0,20260204
208640,267,268,261,263,751171,197715175,-1.87,36620186802,-26982120.0,,20260204
222420,1998,2095,1658,1670,4285944,7706956302,-16.42,75918585770,154661200.0,-820315497.0,20260204
037760,1758,1790,1718,1772,27198,47331634,0.74,59951936012,7509064.0,,20260204
081180,18570,19260,16780,17010,1049283,18201203540,-7.05,150122350350,-2549093450.0,-297471760.0,20260204
099320,216000,222000,203000,214000,294672,61929685000,0.47,2343573492000,-13111624250.0,6811630750.0,20260204
049960,13630,13950,13570,13780,21107,291414225,1.17,129532000000,-75640735.0,0.0,20260204
088280,1814,2290,1800,2290,1193050,2651335924,29.89,39631862100,-21848217.0,,20260204
050890,8690,8780,8530,8740,905272,7843886450,1.27,531012107160,1062099835.0,-133997710.0,20260204
394800,15550,16080,14830,15060,488808,7443329700,-3.46,478327828560,-44933905.0,-533916335.0,20260204
177900,6200,6260,6100,6200,55479,343092130,0.32,59425760000,49745600.0,,20260204
475400,42900,44000,41750,42700,336011,14456674900,1.79,499660967400,-557764500.0,336318450.0,20260204
109670,6120,6370,6120,6350,18350,115197450,2.58,37062422700,30953720.0,,20260204
066790,0,0,0,1493,0,0,0.0,97271994227,,,20260204
222080,11850,13960,11760,13350,5756065,75810860495,11.25,1032914050650,3719108865.0,572842245.0,20260204
352480,36500,37200,33750,34100,98020,3428857900,-6.7,464779624100,-22145350.0,-553289800.0,20260204
264660,18150,18420,17750,18130,131352,2381246535,-0.66,176244848360,169448415.0,220.0,20260204
352700,2190,2225,2190,2220,38503,84982104,1.37,58334715780,37368500.0,-25564750.0,20260204
458870,172200,178000,155000,160900,260766,42846883750,-6.56,2037940092000,-4467936100.0,4995257950.0,20260204
297090,5970,6350,5910,6280,748349,4631686210,5.02,171255600000,331818025.0,-44728510.0,20260204
900120,492,535,491,510,409869,208630327,4.08,15329469840,-20121613.0,,20260204
359090,888,902,865,888,124095,109573949,0.79,51033996696,-21636338.0,,20260204
115530,299,340,299,305,1310180,411722448,2.01,20728715000,-5703838.0,,20260204
388210,138500,144000,133900,135400,110007,15087723700,-2.45,1255521955200,-2266313500.0,1045234350.0,20260204
115480,630,634,614,631,114199,71272818,0.16,38254096098,-1473861.0,,20260204
376290,2865,2895,2860,2865,12263,35346855,0.0,50588737500,-9670410.0,0.0,20260204
189330,4480,4530,4425,4525,61832,277880055,1.0,42454835100,64032215.0,,20260204
096530,27600,27950,27000,27100,295891,8087622800,-2.52,1415324437400,-1011387750.0,96525000.0,20260204
101240,3910,3925,3880,3900,21252,82795950,-0.13,42359421000,3151010.0,,20260204
060590,4200,4260,4150,4245,69050,291038749,1.31,102648429900,69657588.0,2455230.0,20260204
260930,4320,4505,4295,4460,76902,341264601,2.88,86263495860,54770837.0,,20260204
413630,4770,4835,4545,4670,843561,3922065027,-1.06,170159043420,-29819604.0,,20260204
013990,4600,4720,4570,4720,264912,1238417638,2.39,155229169920,347188959.0,-3190825.0,20260204
123860,17050,17340,16920,17300,51475,882667025,0.58,209735079500,125314540.0,-1058640.0,20260204
025980,8200,8280,8150,8240,495366,4070236645,-0.12,780324176640,88791210.0,-69261550.0,20260204
0015N0,10030,12280,9850,11600,8384056,95263070685,15.31,147494580000,35531065.0,33935145.0,20260204
125210,7480,7580,7320,7520,134002,999513855,0.27,124055860800,129263445.0,60.0,20260204
357580,16500,17000,15870,16190,262505,4325940645,0.62,182660145580,-86260575.0,80278165.0,20260204
052710,10180,10180,9780,10060,211242,2102011135,-1.18,147027996540,-710430045.0,408870340.0,20260204
074430,1652,1654,1521,1530,657289,1027269116,-7.38,134375071320,-219551082.0,,20260204
092040,1635,1720,1486,1503,3268541,5022123950,-9.84,83762209539,159497344.0,-1264940634.0,20260204
083930,15450,16430,15300,16100,304889,4889984010,4.21,236303708900,743923180.0,251184210.0,20260204
149950,9260,9700,9220,9620,28533,270064180,3.89,131483302860,35021945.0,831600.0,20260204
036010,8740,9200,8610,8970,356736,3146439340,2.51,119237617980,-11479340.0,8800.0,20260204
050860,1882,1908,1878,1885,25349,48076437,0.11,42412500000,-1462092.0,,20260204
136410,8970,9070,8880,8950,26485,237585290,0.0,98620998700,42306940.0,565350.0,20260204
246720,8110,8210,8010,8010,33733,273356730,-0.12,121602213000,100638460.0,30126370.0,20260204
450950,14800,14900,14430,14540,141061,2061267315,-1.96,545353117680,114827035.0,-37874495.0,20260204
067390,615,685,609,659,6690357,4406588275,7.15,265680844561,30226748.0,65893348.0,20260204
159010,5110,5190,4980,4990,138719,698330310,-4.22,66540347610,-21270030.0,2775.0,20260204
127710,1065,1128,1065,1091,43882,47916987,2.44,38080353462,-568499.0,0.0,20260204
154030,2045,2090,2020,2040,48093,98343100,-0.24,24606208680,-3895720.0,,20260204
227610,773,773,758,770,103723,79576612,-0.39,29169212380,-330616.0,-1128526.0,20260204
331740,15630,15940,15250,15450,88724,1370173235,-1.02,150150685950,-107266820.0,-201470810.0,20260204
143160,17970,18170,17740,18150,25744,463406140,1.62,194502478500,27246120.0,53830.0,20260204
054800,11930,13130,11890,12900,48907,620111290,7.41,133486052400,98602340.0,-12670.0,20260204
332370,5110,5350,5110,5310,19359,101641910,3.91,70483485060,-5358610.0,,20260204
066430,2700,3435,2500,2905,11438063,35591079647,9.83,113740847780,-30237315.0,800876124.0,20260204
339950,2125,2140,2100,2130,53097,112660918,0.47,95736375150,22572454.0,,20260204
469750,1401,1550,1381,1485,2632320,3898346532,6.07,51167874285,257243137.0,32058615.0,20260204
460470,3155,3290,3020,3135,278004,875661000,-1.1,47399224950,166108821.0,,20260204
099190,17200,18420,17020,18200,241730,4365301240,6.43,502464253200,941635125.0,3397390.0,20260204
461300,16450,16980,16450,16670,25338,421627630,0.0,221693213110,-102717815.0,-2638180.0,20260204
289010,1540,1564,1540,1563,33766,52444319,1.23,21796435128,-6840667.0,,20260204
214430,127900,128500,120500,123600,98619,12398233750,-4.85,903171774000,506083700.0,-603312700.0,20260204
040910,4045,4140,3950,4125,64558,261038025,1.85,76618884375,105215630.0,,20260204
368600,1030,1155,1015,1132,327790,360711467,10.12,19853407672,36032165.0,,20260204
456010,18020,19420,17670,18320,1540928,28862523855,0.77,254681965280,2465175050.0,-14317130.0,20260204
052860,3050,3370,3040,3365,738559,2403324828,10.33,60108503710,511761503.0,-18745.0,20260204
464500,3545,3735,3530,3625,387861,1406616892,-0.28,50616828375,63824455.0,,20260204
212710,10800,10840,10500,10550,335429,3558804485,-2.76,101522417900,-1180805220.0,-2142300.0,20260204
038880,148,148,145,147,1473490,216238415,-0.68,55231012725,-23125749.0,,20260204
307180,4200,4375,4120,4150,1167279,4942782078,-0.72,136878163500,-183241962.0,-107498865.0,20260204
101390,0,0,0,396,0,0,0.0,5510084184,,,20260204
461030,9280,9430,9200,9320,65104,605395580,0.54,130645430000,-13562390.0,-1349950.0,20260204
451220,10430,10430,10170,10390,76156,783028660,-0.57,81817208290,-83773740.0,170.0,20260204
090150,724,724,705,713,59237,42210672,-0.97,29857083909,-512735.0,,20260204
123010,1200,1310,1174,1280,1021199,1269195365,6.67,41802933760,266640176.0,32754107.0,20260204
031310,1458,1494,1439,1489,161286,237886367,2.2,39242659027,24550217.0,,20260204
462980,1897,1983,1889,1954,56476,108885113,2.95,35630089898,50104582.0,-1226312.0,20260204
185490,1460,1585,1453,1547,374766,579010833,5.96,66876475848,131265332.0,-15800000.0,20260204
059100,4890,5480,4865,5100,172063,887452985,4.29,36061386000,40070855.0,53630310.0,20260204
262840,1747,1747,1713,1743,34258,59261506,-0.23,36836396415,4068444.0,-8630177.0,20260204
175250,0,0,0,2170,0,0,0.0,81501658560,,,20260204
052460,3585,3675,3515,3640,70385,253623988,1.82,53172887040,35960722.0,,20260204
119830,8470,9730,8300,9600,1513923,13928601760,13.74,227465299200,1454200560.0,-313335105.0,20260204
052770,979,979,854,945,890737,812594050,1.29,13767491430,-13394886.0,,20260204
124500,51800,53700,50000,51200,239858,12441371850,0.79,1188071782400,-709628850.0,12508900.0,20260204
010280,1125,1140,1110,1136,366853,414894593,0.98,73980620896,63798776.0,,20260204
232830,2205,2230,2130,2205,19719,43377767,0.0,36456865830,-4554655.0,,20260204
372800,5620,5920,5410,5890,111690,644012200,4.8,35616771100,112916080.0,,20260204
084850,10100,10140,9940,10120,49143,492163025,-1.08,229551292080,-29430250.0,13032870.0,20260204
309710,35300,35700,33300,33750,184432,6319223850,-7.53,431426283750,-834166350.0,-477434775.0,20260204
114840,15850,15920,15340,15770,159993,2498006940,-0.32,273134823000,-176159875.0,-159656560.0,20260204
027360,5280,5430,4900,5040,9520530,48811334372,-1.37,610572846240,-333321644.0,23715810.0,20260204
032080,1232,1240,1217,1224,30895,37953041,-0.73,26305019496,833851.0,,20260204
013310,3465,3525,3445,3470,415874,1446819155,0.0,134658839540,48353664.0,31230.0,20260204
059120,10610,10700,10000,10110,457100,4715487750,-4.71,92557383630,-405411630.0,41350.0,20260204
0007C0,46300,46700,45600,45950,265546,12218616650,-3.87,368993387800,-1261700725.0,46019450.0,20260204
203690,0,0,0,4425,0,0,0.0,89196141000,,,20260204
158430,7630,8050,7450,7860,2344007,18330094275,2.88,192429243120,-3034008515.0,18349310.0,20260204
200350,5110,5310,5030,5290,46271,243026485,2.92,52878972250,75444235.0,-90.0,20260204
321820,3675,3815,3660,3800,30861,115726975,2.43,59247228800,49350465.0,,20260204
001540,8520,8590,8460,8540,23264,198074310,0.23,111382266800,55009860.0,-7416790.0,20260204
053800,64200,64500,63200,64000,33863,2162220350,0.16,712096384000,18646500.0,-186479550.0,20260204
065660,41100,41650,40500,41350,12295,504781625,-0.36,413752235000,-11663550.0,-46470400.0,20260204
297570,1302,1631,1269,1396,4064678,6066101042,6.48,48331220328,74387376.0,-72350.0,20260204
260660,4005,4100,3965,4070,78326,316453732,0.87,62380975470,110364450.0,,20260204
354320,68100,72000,64400,65600,155541,10452762000,-3.67,419274593600,-269861800.0,-451699200.0,20260204
361570,1974,1998,1930,1974,97169,191170760,0.2,56739256434,-13610958.0,10617150.0,20260204
131370,2325,2350,2320,2340,97394,227141622,0.0,124644974220,5751340.0,757915.0,20260204
140670,23250,25200,22850,23850,499078,11896258900,3.47,306230184000,1052317200.0,193345225.0,20260204
096610,0,0,0,2965,0,0,0.0,51550708615,,,20260204
061040,1652,1709,1644,1708,269241,450859809,2.95,54808454372,73593565.0,-1881497.0,20260204
148250,3285,3285,3105,3160,61211,193015765,-3.51,29851483520,-17345509.0,,20260204
476830,145200,152200,144700,147600,158100,23415667900,0.2,2056635079200,-1641126500.0,435134950.0,20260204
347860,1864,1864,1810,1855,459405,845023554,-0.7,71808832655,69309495.0,,20260204
196170,398500,403500,391000,395000,460081,182352273000,-1.99,21134786260000,-11353277750.0,-6461426250.0,20260204
123750,2150,2675,2100,2675,3940200,10215584868,29.85,34096344475,-462353583.0,13402250.0,20260204
459550,4170,4285,4035,4080,1486441,6121410955,-3.77,102276497520,-242699309.0,10223765.0,20260204
085810,555,568,540,566,171231,95957511,2.91,35254313518,-28244253.0,,20260204
043100,2525,2575,2330,2335,689785,1686880113,-7.52,46957036800,-73666271.0,,20260204
117670,16900,17720,16800,17710,36202,633724470,4.79,117979450820,226498630.0,,20260204
314140,6760,6820,6680,6800,24265,164155535,0.59,58931254800,7016250.0,30578550.0,20260204
291650,1070,1099,1035,1070,229695,243040865,0.0,43075088440,-67777029.0,,20260204
293780,8270,8380,8110,8200,115590,944605085,-0.85,230365921000,-46848965.0,32060.0,20260204
310200,2985,3000,2945,2995,138067,411316466,0.34,156227693820,1979140.0,1718935.0,20260204
179530,1690,1805,1690,1770,140732,246546436,4.8,34832945100,-7693635.0,,20260204
397810,7440,7680,7290,7590,26850,199450390,1.88,39170244300,29792220.0,-1975810.0,20260204
900100,523,528,512,522,207409,107712955,-0.19,24031466424,-580843.0,,20260204
052790,5950,6050,5950,6030,16148,96722535,0.67,68323747140,24357105.0,-520.0,20260204
290740,27900,32700,27900,30750,673158,20750143950,10.61,309499088250,1903397650.0,92869200.0,20260204
238090,1611,1658,1594,1616,152843,245634871,0.37,38042745648,36425229.0,,20260204
092600,602,645,585,635,235341,145917296,5.83,15928033295,9199279.0,,20260204
129890,903,944,901,932,352544,325098231,2.64,42448501064,71310110.0,921.0,20260204
174900,65700,68100,63100,64300,176286,11442231300,-2.13,1280109734200,-1916741500.0,1008172200.0,20260204
109960,245,246,240,245,391645,95083515,0.0,54093370905,11944755.0,,20260204
270520,368,370,335,342,4166842,1438352852,-7.07,67233488274,-70215295.0,,20260204
255440,10350,11100,10110,10900,80798,867570160,5.31,142332200000,258474210.0,,20260204
030960,7850,7960,7720,7800,128056,1003080975,-1.27,124644000000,109035020.0,,20260204
102120,12500,13000,12360,12800,487855,6177161400,-0.16,227593638400,646903260.0,75100.0,20260204
238120,3805,4425,3805,4305,551708,2306860839,11.1,61901147280,-91296224.0,17555390.0,20260204
019990,8880,8980,8520,8720,422080,3695501285,3.56,85073087360,-375248775.0,8740.0,20260204
435570,12980,14200,12970,13660,167902,2289962135,4.35,104047987780,-111056145.0,,20260204
270660,27600,27750,26350,27650,452395,12268442025,5.53,350894619950,-891483575.0,-487077325.0,20260204
038680,3330,3335,3270,3325,30044,99500770,-0.3,66209534650,13802655.0,10.0,20260204
217480,0,0,0,499,0,0,0.0,54756837359,,,20260204
121890,1520,1523,1494,1509,16345,24635827,-1.18,20056792014,2293245.0,,20260204
304360,33000,34250,32650,33250,52967,1772776575,-0.15,411805506000,-214429500.0,-70654200.0,20260204
389500,72500,72900,69200,70600,202811,14307777450,-1.81,447173622400,-1674135900.0,663074700.0,20260204
042110,1305,1321,1290,1312,264872,345247762,0.54,63408387968,64767557.0,-210.0,20260204
298060,787,793,777,785,103543,81350993,-1.75,34699493160,10895379.0,,20260204
065420,222,222,214,215,380325,82443737,-3.15,15389119285,-6393717.0,,20260204
103230,3990,4000,3940,3985,28051,111068555,-0.38,28692000000,2611755.0,,20260204
260970,65800,68000,65000,67700,23371,1554806200,2.89,195839445800,-176969200.0,327599950.0,20260204
101490,87300,91500,86000,88600,273829,24248225000,-1.01,1890270279400,-1176546500.0,-596945150.0,20260204
095910,1285,1560,1285,1515,3775189,5499492908,17.99,34697773815,256034167.0,,20260204
275630,2785,2805,2705,2755,10717,29615835,-1.96,16579559695,521320.0,1028430.0,20260204
031330,4890,4895,4740,4850,718593,3446819010,-0.72,484976074950,-321677981.0,-460890982.0,20260204
060540,1355,1362,1337,1354,46907,63322126,0.3,35384496324,11268566.0,,20260204
056190,31500,32250,31300,32050,124579,3971905600,-0.47,1150875758000,881395350.0,-227386850.0,20260204
0008Z0,33600,34450,33050,34050,56757,1907755650,1.34,321315004200,-81437150.0,33965675.0,20260204
246250,0,0,0,1969,0,0,0.0,30220617614,,,20260204
041510,108000,109900,107900,108400,127082,13810960400,-0.28,2481784396000,2323121800.0,-3835166150.0,20260204
460870,3485,3570,3450,3505,138729,486314430,0.14,69918805520,189273815.0,-129925825.0,20260204
007820,7130,7200,6510,6610,1422567,9646320445,-5.03,132424383060,-1060809935.0,-100078990.0,20260204
464080,21750,23900,20850,21500,2309484,51262260675,-1.15,382636252500,-2905166550.0,-55699200.0,20260204
109610,2950,3100,2895,3090,913793,2761821850,2.83,151123866000,315429157.0,,20260204
365330,3895,4145,3875,4035,5573581,22292073687,-1.59,202439985000,1426590330.0,,20260204
306040,14140,14620,12530,12890,536742,7117580540,-5.57,127170522920,-940689310.0,-1332180.0,20260204
398120,3305,3730,3305,3510,562949,2003389268,6.2,41482973610,151765051.0,-94352210.0,20260204
457940,2110,2110,2110,2110,23770,50154700,-0.24,6984100000,-177240.0,-33137550.0,20260204
472230,2050,2055,2050,2050,24966,51185795,0.0,8517750000,0.0,34587600.0,20260204
473000,2045,2055,2045,2055,1099,2248445,0.0,6802050000,0.0,-2045000.0,20260204
473950,2045,2050,2040,2045,3250,6637125,0.0,9038900000,-2045.0,,20260204
455910,2115,2120,2115,2120,45961,97207520,0.24,10642400000,2120.0,11059335.0,20260204
475660,5010,5970,4995,5730,184670,1029483420,15.18,45437954550,144356945.0,11000000.0,20260204
096630,700,700,675,689,439446,302041183,-1.57,54693933424,-15453457.0,,20260204
069510,14680,15290,14680,15160,15853,238533795,3.27,165395600000,18365640.0,-23341660.0,20260204
488280,22950,23400,21800,22350,311834,6940811750,-4.89,238234528050,-385766625.0,-2666817650.0,20260204
234300,3580,3595,3550,3590,96114,343512600,0.0,97675930200,37815930.0,,20260204
039440,34800,36150,34500,35750,296620,10517736950,0.7,554376930250,1254343850.0,-1785949550.0,20260204
098660,1577,1591,1525,1539,62395,97013342,-2.41,19239002064,3814174.0,,20260204
052020,7870,8900,7790,8430,693887,5821604545,4.72,573099143130,1170310180.0,,20260204
237690,160100,161300,155000,155900,140448,22083418200,-2.93,3227735047900,1823373900.0,-2409028850.0,20260204
050760,1249,1249,1244,1245,30066,37434437,0.0,20336674110,39924.0,-3611940.0,20260204
288620,10190,10510,10100,10410,63887,661870755,2.36,72654679560,234328090.0,301960.0,20260204
443670,5500,5620,5430,5580,103052,567954140,1.27,138056967360,-131200770.0,548000.0,20260204
317830,13570,13700,13130,13340,216377,2884127250,-1.33,143722732120,-174515510.0,26550.0,20260204
058610,156700,159500,152300,155600,408332,63605192950,-0.45,3450797216000,-2119593550.0,-4284237000.0,20260204
043340,448,456,440,456,175039,78609269,1.79,43320000000,9475095.0,-173.0,20260204
163280,12730,13900,12550,13300,372023,4994161545,4.31,90460468700,-1621742965.0,-96354915.0,20260204
200710,36900,37550,36350,37000,172222,6339432350,-2.5,497310414000,-950774225.0,-163308925.0,20260204
475580,10070,10290,9770,9950,95684,949197390,1.02,135567755000,-197839890.0,-5048080.0,20260204
096690,1803,1958,1790,1900,623128,1163762251,5.5,45860400700,71636623.0,363000.0,20260204
298380,199900,202500,190500,192600,1230841,239531369050,-4.42,10650340486800,-26053010200.0,-38845367600.0,20260204
203400,3690,3845,3645,3750,1592229,5983803335,1.35,337879890000,692349671.0,,20260204
195990,182,191,181,189,1848034,346653056,3.28,53806357269,52005305.0,,20260204
003800,34600,36100,34000,36050,22791,807369250,4.19,399794500000,176136600.0,-34000.0,20260204
088800,3015,3030,2905,2950,355505,1049594722,-1.99,222743980300,-121823585.0,184585.0,20260204
241840,6900,6970,6870,6960,35456,245545190,0.87,66398358240,-6477900.0,27730.0,20260204
364950,7710,7980,7640,7780,105420,822606435,0.91,64546342100,39104485.0,,20260204
453860,15550,15750,15350,15530,15648,241513460,-0.13,100081889190,-18167800.0,-415820.0,20260204
312610,1367,1400,1366,1390,13286,18363156,1.61,28157074320,610810.0,,20260204
172670,15340,15800,14760,15450,131638,2001690210,0.72,138436001550,-373481290.0,550.0,20260204
481070,26700,26700,25100,25650,15644,404865400,-3.93,363204000000,-33141500.0,-49364600.0,20260204
060900,549,550,538,540,268133,145534508,-2.53,43103592720,9543548.0,,20260204
445090,32000,33450,31500,33250,159103,5185655875,3.1,363278128500,486544775.0,-322150.0,20260204
295310,94600,94900,90400,92000,262530,24260909600,0.33,1094977652000,-1975202500.0,2094663150.0,20260204
072990,5990,6060,5850,6060,112779,673816280,1.0,87301608360,265528690.0,,20260204
044990,16690,16740,16350,16460,42307,697845040,0.73,126502095500,5995990.0,-27479620.0,20260204
239610,8190,8190,8020,8180,11203,90646360,2.0,44107500700,3977670.0,-10.0,20260204
036170,1557,1585,1536,1579,563538,881870657,1.41,96896323454,-8847438.0,,20260204
462020,2095,2105,2085,2095,13450,28172725,0.0,9102775000,6265.0,-10454310.0,20260204
477340,2020,2025,2020,2025,48641,98411435,0.25,15207750000,10586700.0,-20250000.0,20260204
148930,3045,3125,3030,3125,14501,44431595,2.63,31797540625,-87675.0,,20260204
044780,1238,1241,1230,1239,34305,42426417,0.08,22928670093,718385.0,,20260204
357230,2430,2495,2400,2460,81710,200634573,1.23,101581950960,-15450300.0,5051185.0,20260204
355690,5120,5150,4880,4980,49293,246407113,-2.73,26916800400,-83635925.0,,20260204
071670,11400,11820,10950,11360,230926,2610864350,0.0,113600000000,-318238490.0,-180.0,20260204
045660,9970,10150,9810,10130,41834,419959495,0.8,83673800000,227468905.0,20170.0,20260204
224110,9670,9770,9550,9770,18982,183724670,1.66,52171800000,71264260.0,30826910.0,20260204
021080,3355,3445,3300,3350,638998,2147498768,-1.03,160800000000,59467900.0,-21293435.0,20260204
200470,7570,7680,7320,7540,1276974,9540992105,-2.96,319410181220,44186285.0,147683260.0,20260204
262260,5610,5790,5600,5780,64981,371701445,3.03,83625918560,46440810.0,179250.0,20260204
397030,64200,64800,60800,61700,292263,18294919900,-1.59,1440240024200,-456273350.0,420624800.0,20260204
0009K0,52700,56700,52200,55600,1285155,67577567650,4.12,3595716551600,52541805050.0,701494250.0,20260204
230240,13900,15350,13550,14980,376612,5505989430,8.55,199368820000,177359090.0,118594360.0,20260204
159910,610,629,603,604,86765,53041048,-0.98,31610632940,6158198.0,,20260204
230360,15900,15910,15890,15900,20325,323205135,-0.06,492880252200,45310035.0,48128260.0,20260204
038870,2980,3115,2960,3030,56474,172412014,1.0,42465295470,45624216.0,31029920.0,20260204
097780,782,795,729,769,392558,299101282,3.22,52084629922,-1388230.0,1097578.0,20260204
448280,10570,10730,10460,10630,29124,308467785,0.28,314978901270,56563185.0,70.0,20260204
101360,21150,21800,20800,21350,140457,2982356425,0.47,379733533900,-264007175.0,-87434000.0,20260204
128540,2445,2525,2400,2480,457353,1126220199,2.27,66192340800,-123782208.0,31807045.0,20260204
086520,168400,184500,168000,175800,5710647,1011754318200,3.53,23869447521600,40743211700.0,13540594050.0,20260204
247540,217500,231000,216000,222500,1082553,241134240750,1.6,21760799040000,29997706250.0,-6049859250.0,20260204
383310,38400,40600,37250,38400,529916,20493306700,-1.79,805437388800,-2204732175.0,-242693850.0,20260204
038110,3195,3355,3170,3355,928379,3075986148,4.84,138123236350,805312225.0,0.0,20260204
073540,2020,2040,1999,2030,15006,30280017,1.25,23142000000,-4412465.0,-2000.0,20260204
064850,12140,13530,12140,13500,274296,3581504340,10.66,154039482000,-11388090.0,106576670.0,20260204
036810,43400,45050,42750,43500,242559,10615959450,-2.14,955101138000,-252447700.0,68970300.0,20260204
173940,3875,3890,3775,3890,12461,47757275,0.0,59878023120,96565.0,,20260204
083500,16920,17370,16480,16570,226719,3807934050,-3.83,142099713540,-64375945.0,-33012040.0,20260204
054940,653,665,645,664,108290,70842844,1.68,22027235872,4389284.0,,20260204
950130,3755,3800,3665,3695,100606,373751721,-2.25,139404339240,-41390537.0,,20260204
373110,1510,1510,1463,1471,168899,248659938,-1.8,25440053574,-32199171.0,,20260204
205100,2135,2165,2105,2160,496965,1061720486,0.47,154358585280,210468814.0,185350225.0,20260204
356680,7750,7920,7710,7800,124389,967945155,-1.39,222639237600,-57610130.0,,20260204
070300,1897,1940,1805,1859,161238,303760671,-2.0,43327858002,9269213.0,,20260204
317770,2835,2895,2780,2840,257101,731142166,0.18,94501514040,318748940.0,,20260204
373200,618,618,540,560,3378623,1884749532,-6.67,61602988160,76190092.0,-2188563.0,20260204
069920,661,688,649,677,204098,137451379,2.42,31468726293,53003295.0,,20260204
092870,28100,28500,26300,26750,402493,10938986600,-5.64,349108819750,-2527231900.0,-171163450.0,20260204
317870,10070,10460,10020,10400,20226,207761160,2.77,88883797600,102492680.0,-30780.0,20260204
067570,2270,2305,2265,2305,240786,550342702,1.54,97201850000,198629165.0,31944250.0,20260204
0004V0,22250,23500,20800,21000,1240212,27491240575,-5.62,218493828000,-1234034400.0,62786725.0,20260204
236810,2015,2095,2000,2065,36688,75530245,1.72,35054254690,8916395.0,2090.0,20260204
333620,6560,6690,6520,6670,20911,138393020,1.68,70410814480,57665630.0,33040.0,20260204
101400,486,492,456,461,2740064,1278316819,-4.75,32477786530,56445801.0,27284276.0,20260204
475230,20200,21700,20200,21350,399037,8431549300,1.67,224385062650,-627525750.0,-375137925.0,20260204
451700,0,0,0,2105,0,0,0.0,30206750000,,,20260204
466910,3900,3995,3565,3690,741388,2767328093,-4.28,33579000000,-519240320.0,-14504324.0,20260204
481890,2155,2170,2135,2145,3987,8566255,0.23,13610025000,294410.0,0.0,20260204
0054V0,2055,2070,2045,2060,39262,80884330,0.49,12805990000,-946930.0,28147450.0,20260204
265740,5360,5670,5330,5530,327935,1808848295,3.17,98785708000,-245163800.0,115909090.0,20260204
354200,2540,2615,2420,2525,1321822,3313352374,-0.59,63851394525,133238523.0,,20260204
455900,37000,37300,36400,37200,176150,6478017850,1.22,566111571600,-996560025.0,380307975.0,20260204
419080,8380,8390,8030,8050,144721,1174580650,-4.17,86015352850,-132799060.0,7030.0,20260204
183490,1236,1250,1210,1239,187042,230175356,-0.16,105396231318,-13482136.0,-12693335.0,20260204
182400,0,0,0,3685,0,0,0.0,263029901475,,,20260204
348370,81800,87700,81700,84400,350083,29455471950,0.0,1844151478400,-252460100.0,1215037300.0,20260204
069410,5440,5730,5200,5200,138816,758198495,-4.94,53273084800,64584360.0,,20260204
227950,339,350,336,345,516471,177761279,0.88,59526661215,34544791.0,172500.0,20260204
291230,823,829,800,829,293152,237257551,0.73,36555397475,25097186.0,,20260204
048830,909,914,898,913,35044,31860704,0.44,17094941699,-6667414.0,,20260204
096870,2350,2400,2330,2360,32561,76557460,0.21,19701277640,4077295.0,,20260204
290650,89000,97000,88500,94300,661733,62157125600,5.36,2342606540900,14197437500.0,-2271325000.0,20260204
156100,14860,15370,14710,14940,223566,3351818220,0.61,331271089020,195495435.0,-33259610.0,20260204
0041J0,2015,2020,2010,2015,6411,12930190,0.0,8281650000,1180.0,2399865.0,20260204
073110,5140,5280,5020,5240,19312,100104105,1.95,46613756200,4686820.0,,20260204
083310,13820,14390,13500,14190,247136,3465401600,2.98,252724368270,212991915.0,-940.0,20260204
037950,813,830,807,826,406648,332357392,1.6,69753650694,82145169.0,,20260204
489500,30050,39550,29800,39550,1123147,41222099500,29.89,248297114800,1974144600.0,90781925.0,20260204
170920,27000,27400,26300,26950,112363,3016337600,-1.28,284703195700,-909078500.0,-48749500.0,20260204
058630,5600,5690,5560,5680,40047,225178965,1.43,109070620320,19526490.0,-45620.0,20260204
226590,19990,20350,19400,19700,491855,9671891450,-2.48,209426444800,-820670320.0,-170.0,20260204
058970,40650,41300,40000,40300,64267,2599875500,-1.95,498144431200,561662150.0,120744225.0,20260204
169330,1961,1978,1912,1977,19123,37463241,0.82,36212546886,2903981.0,,20260204
373170,12650,13250,12300,13060,118130,1529553340,2.92,65795365800,269854250.0,-247526505.0,20260204
179290,7250,7390,7190,7290,98242,716605730,0.55,235945792620,132752280.0,-209800.0,20260204
009780,7890,8070,7890,8000,23916,190930655,0.13,140800000000,25492045.0,,20260204
123040,2210,2270,2190,2260,194887,434736110,2.03,141539955740,35537355.0,77153675.0,20260204
432980,3510,3760,3465,3520,26855,94569925,1.73,30242931840,-12532605.0,-11245850.0,20260204
413390,9930,10330,9650,10060,368411,3681048720,1.31,116496610800,-259182525.0,,20260204
032790,1050,1060,1020,1031,206410,212370631,-1.81,52952378572,-27857786.0,,20260204
033160,10250,10510,10150,10420,349570,3622759510,1.66,235455321600,388422415.0,10300.0,20260204
347890,6720,6760,6640,6700,32732,218685240,0.0,113318466800,-12630930.0,14960140.0,20260204
033310,1952,1981,1947,1972,269465,529016861,1.02,79554879532,75674780.0,,20260204
259630,13580,13960,13310,13430,288700,3897776895,-1.25,163720510080,-277477725.0,-538059170.0,20260204
105550,1551,1620,1510,1610,693012,1087827602,4.75,126074352110,225037035.0,,20260204
060850,6280,6300,6120,6290,33730,209178710,0.16,51143990000,36676870.0,4991710.0,20260204
143540,1078,1105,1050,1075,258721,279556260,-0.28,47944887125,-13476995.0,32517904.0,20260204
265560,9300,9400,8410,8560,580209,5160630990,4.01,91507940800,-249190645.0,40.0,20260204
036000,3355,3480,3315,3370,223489,757384610,0.6,77625513490,31869215.0,,20260204
250930,420,428,417,428,215766,91142410,1.9,14124188320,15197918.0,,20260204
053280,3530,3585,3500,3585,44021,156817839,1.56,89625000000,58843429.0,10690.0,20260204
122640,21950,22600,21600,22100,322848,7127475225,-2.43,471831044100,-271257250.0,1413568000.0,20260204
476040,32500,33500,32000,32700,106373,3474631250,-0.76,215341272000,-646686075.0,-15242200.0,20260204
900300,137,137,130,132,3928193,518059939,-3.65,33132643632,-112317989.0,,20260204
045060,2365,2375,2325,2350,66950,156598815,-0.84,39813638900,991985.0,12938015.0,20260204
192410,790,810,774,801,164844,130308476,1.39,37375919973,32231620.0,-11794031.0,20260204
080520,3130,3130,3000,3115,24524,75818810,2.3,35269328955,-16094795.0,13935.0,20260204
039830,14560,15640,14560,15170,84681,1282497955,4.19,163273041300,314202690.0,169039135.0,20260204
322310,27000,27450,26500,27050,107581,2885639025,-1.1,253364961100,78393200.0,-77187375.0,20260204
046120,4665,4690,4505,4550,935838,4309196833,0.44,126051762200,89381453.0,-20461970.0,20260204
475830,115900,121000,115600,119300,223525,26472183800,0.51,2533021502400,-3355435650.0,271618150.0,20260204
014940,8360,8410,8200,8330,169370,1403015660,0.6,379628596130,195299330.0,4000560.0,20260204
065500,2330,2390,2295,2385,277652,651759071,2.36,75706845120,262064583.0,,20260204
010470,5790,5870,5750,5870,19905,115834620,1.38,70293543500,-4009360.0,-8550.0,20260204
417860,10170,10190,9950,10170,13268,133002340,0.0,47767534020,27310880.0,9950.0,20260204
352910,5320,5350,5110,5250,36718,191916820,-1.32,66348460500,21407220.0,-12597930.0,20260204
053980,3230,3285,3230,3275,65102,212051730,1.08,62168614325,58766920.0,,20260204
036220,11000,11060,10860,11060,33521,366060315,-0.09,160474140960,68882280.0,-51615700.0,20260204
052420,1490,1550,1480,1534,890633,1355495983,2.47,144848996188,70719169.0,0.0,20260204
052300,2170,2200,2155,2200,37723,82160555,0.92,37103314600,14085560.0,-5085015.0,20260204
039200,51700,52500,49900,50500,280807,14294318200,-2.88,1932037888000,3546615000.0,-840639300.0,20260204
226400,6500,6570,6270,6320,214881,1370199475,-1.25,130581318320,-259407285.0,-47842120.0,20260204
031510,1018,1022,1002,1019,85864,86667525,0.2,28532000000,12513037.0,,20260204
342870,6920,7580,6850,7440,37130,271322940,6.74,46485968160,41686810.0,80340120.0,20260204
368970,1849,1867,1820,1850,12206,22493998,0.0,17290396000,-3407407.0,0.0,20260204
138080,17000,17220,16720,16980,162844,2765604020,0.12,201975147300,317295570.0,-680.0,20260204
080580,14150,17180,13850,16270,2456970,39780185935,13.06,334855733520,2045179595.0,5556503520.0,20260204
067170,1840,1877,1838,1864,45685,84945729,0.22,44533951720,26502804.0,-2121279.0,20260204
353590,3440,3500,3300,3410,64562,218682909,-0.87,43905693700,37567115.0,101685.0,20260204
173130,6650,6730,6580,6660,71471,474323855,0.45,86889510180,83889415.0,33250000.0,20260204
440320,3640,3650,3595,3645,24856,90135820,0.69,35830350000,-712090.0,,20260204
049480,2350,2355,2325,2350,123434,288629117,0.43,73842600050,27909507.0,,20260204
394280,15000,15920,14550,15410,332942,5121813650,2.73,339938112390,355302980.0,11521980.0,20260204
476060,17950,18130,17100,17240,848359,14838274635,-5.07,773866361600,-1379290295.0,-135851460.0,20260204
382150,8720,8810,8400,8620,138228,1184376330,-2.71,104405069340,-283299320.0,-1162790.0,20260204
244460,0,0,0,1651,0,0,0.0,13402000755,,,20260204
226950,141800,147200,136100,138900,308594,43533446100,0.87,2804374748700,-1580602650.0,-202184150.0,20260204
057540,836,867,826,861,900545,768801758,2.87,51185894655,83094111.0,,20260204
131030,7900,8120,7710,7830,134415,1065520195,-1.76,138172799700,399873995.0,,20260204
082210,1921,2070,1902,2020,216331,429527368,4.12,67048595480,54041391.0,,20260204
109080,8780,8960,8730,8910,32029,283844330,1.71,50216760000,73677000.0,,20260204
380540,3750,3925,3450,3800,2133581,7845413251,4.11,185414034600,554793556.0,121374400.0,20260204
153710,5390,5440,5330,5410,25290,136326300,0.37,79364472780,45089340.0,,20260204
432430,3860,3860,3725,3730,122864,462289688,-3.37,61576033600,-67874388.0,,20260204
338840,24150,25400,23500,24500,159253,3870195275,0.41,371862984500,50690175.0,525760600.0,20260204
122990,6170,6310,6130,6280,153406,957136360,1.78,167293428680,108386190.0,-18477030.0,20260204
232140,19280,19860,18900,19290,931942,18074759710,-3.55,1582654801500,-3593544615.0,915011860.0,20260204
112290,23800,24100,23350,24100,172415,4106423400,1.26,243664134500,410229525.0,-169850.0,20260204
065530,1297,1314,1281,1314,107608,139742162,1.31,62860129326,7247322.0,0.0,20260204
067900,6600,6830,6570,6760,140466,946369650,3.05,123029694840,103049150.0,-10629750.0,20260204
007530,2495,2545,2495,2500,11015,27681960,0.2,55635577500,-3060575.0,-35490.0,20260204
155650,3835,3915,3770,3905,68322,263083780,1.83,76047367990,60084645.0,,20260204
273640,8160,8230,8050,8220,19222,156685480,1.36,90140520000,78327910.0,8170.0,20260204
251370,12350,13790,12000,13390,951543,12532651600,8.6,235985493900,-1651540540.0,649428495.0,20260204
209640,4580,4625,4340,4445,1282420,5722090410,-1.44,126429783970,-589069676.0,-141042605.0,20260204
096250,13350,13350,12380,12490,189861,2397062645,-7.41,163575734640,-1020458480.0,235262360.0,20260204
273060,1321,1352,1262,1340,475174,620963820,2.45,67615839880,-24205902.0,,20260204
019210,8930,9010,8480,8680,701429,6100674870,-3.34,291420748920,-741717400.0,119039085.0,20260204
122870,71600,72900,70600,70800,182166,12993949700,-1.53,1323326269200,-45229550.0,-1711438650.0,20260204
079000,7400,7770,7140,7770,59811,452628195,7.77,55944000000,31828895.0,-20161960.0,20260204
403490,1500,1535,1482,1505,215285,324302259,0.33,69128358320,94349683.0,0.0,20260204
032820,9560,10010,9200,9480,27954017,267712600895,3.38,1580854369200,-7475619080.0,-1196184825.0,20260204
041190,8250,8420,8170,8310,828729,6877594580,-0.95,698040000000,-588026530.0,-112670290.0,20260204
115440,7850,7900,7730,7810,143337,1118828055,-0.89,84303420520,83889810.0,913890.0,20260204
046970,1590,1590,1505,1536,854689,1313142473,-2.85,67315198464,-173492373.0,32762913.0,20260204
082850,1984,2020,1970,2010,326566,650352321,1.31,97397721780,77378267.0,,20260204
215360,8460,8790,8400,8700,44018,381951450,2.11,79449818100,151508970.0,,20260204
072470,3180,3385,3180,3360,55786,185026598,5.33,63461465760,1117881.0,31451425.0,20260204
073560,1686,1798,1675,1756,1074661,1886314183,5.09,121581301108,48025431.0,,20260204
037400,923,935,913,930,66457,61483078,0.76,24387711780,-983119.0,-865038.0,20260204
153490,647,658,639,647,85670,55344718,0.31,33307560000,1516211.0,,20260204
101170,18490,18490,16800,17310,905631,15862616530,-6.43,233685000000,-1038783130.0,-1530188840.0,20260204
066590,3325,3345,3205,3270,373495,1223182358,-1.65,126476853990,11537346.0,32240295.0,20260204
103840,2980,3080,2965,3070,128147,390304473,2.5,50244933960,151324297.0,,20260204
101970,12480,12540,12200,12380,20213,249635450,-0.8,183100311420,-18115930.0,-7215970.0,20260204
046940,4255,4480,4190,4390,577303,2517336357,3.42,79346396500,191589630.0,,20260204
215380,2415,2490,2350,2445,137489,332996505,0.2,41148313320,-30537575.0,,20260204
065680,33350,33700,32600,32650,40561,1329833175,-3.4,301701378150,-96582575.0,-20450.0,20260204
018620,799,820,790,803,78238,62631648,0.63,23198102279,2078909.0,,20260204
457550,27600,27650,26600,27000,347019,9391951750,3.65,251611866000,-1003596725.0,-67299575.0,20260204
396470,7560,7690,7490,7580,118438,898011160,-0.79,122189600000,-72109030.0,,20260204
307280,7410,7960,7300,7770,131869,1018277775,5.0,55125251790,19841670.0,11930315.0,20260204
032940,14010,14450,13800,14400,432128,6138711175,0.42,261982512000,693070225.0,-100.0,20260204
240810,113300,116900,108000,110200,714665,79864241500,-3.92,5409045890200,-10546110250.0,4942766650.0,20260204
074600,28150,29000,27900,28350,309521,8757410300,-1.05,745264800000,-1817554175.0,-738783500.0,20260204
104830,43650,47250,41000,42700,240275,10432787075,-3.39,538361600000,-1262443150.0,887159125.0,20260204
014190,1993,2000,1956,1995,292988,581455498,0.1,70622812470,118834002.0,,20260204
217820,4350,4485,4270,4385,491780,2145980495,0.57,208088241215,181316835.0,-43229485.0,20260204
030530,41300,43000,40800,41500,774613,32211421850,-0.84,3205376211500,354738200.0,-352773300.0,20260204
012620,8340,8340,8070,8180,16048,131714590,-2.04,35992000000,-7548320.0,-4100080.0,20260204
136150,19300,19950,19300,19640,52805,1037152280,1.76,164603429200,155287360.0,5832000.0,20260204
382840,10000,10400,9950,10220,197201,2009025040,2.2,156075557820,-90305890.0,-17438640.0,20260204
336570,9180,9720,9110,9300,838673,7872547085,0.32,836710742100,-291603610.0,-22070065.0,20260204
376980,3340,3440,3310,3420,65428,221338330,1.63,33401067480,10781940.0,3390.0,20260204
008370,4775,4870,4750,4825,4893,23410855,1.37,57900000000,-1592685.0,,20260204
008290,425,435,425,429,121754,52179759,1.42,17457588291,5127133.0,,20260204
101160,25700,26050,25350,25750,136848,3512196975,-2.28,425158069750,-650372500.0,687298125.0,20260204
336060,1034,1047,1016,1039,430874,445396838,1.46,50033252800,90421498.0,-222354.0,20260204
095270,4580,4610,4440,4515,92871,417383022,-0.99,64891413090,56356455.0,-11440625.0,20260204
289930,13970,15690,13910,15400,458325,6967199960,10.24,192801732200,1372951615.0,-167141285.0,20260204
065950,1615,1649,1600,1630,73186,118329894,0.93,46017022260,11171916.0,,20260204
076080,1328,1355,1299,1344,220465,292456129,1.2,30366545664,35438753.0,0.0,20260204
043590,648,648,616,646,43320,27659294,-0.31,17530348252,2185333.0,,20260204
196700,2290,2455,2200,2385,423564,981385506,1.27,34258483440,30585267.0,32794460.0,20260204
069080,15300,15300,14740,14810,164043,2442810570,-3.2,512439092040,-28106085.0,-312139145.0,20260204
053580,10070,10300,9880,10290,56140,568526830,2.18,140316991920,78714670.0,,20260204
479960,9920,10330,9920,10290,17961,182197190,2.18,70496790000,44063810.0,140.0,20260204
377460,0,0,0,4080,0,0,0.0,253187202960,,,20260204
044340,5100,5140,5030,5140,18931,96446430,0.78,91869404500,15746340.0,5120.0,20260204
330350,8820,8990,8730,8760,252828,2235481940,-0.68,115650737640,16681280.0,17760.0,20260204
348350,8920,9100,8880,9060,33532,301048310,0.55,90406116000,96295620.0,,20260204
112040,29350,30300,28950,29700,145755,4325655450,0.68,1008269945100,55763325.0,-122378375.0,20260204
101730,6960,7100,6560,6930,130058,898998860,-1.7,580756771980,18858910.0,-38958830.0,20260204
123420,7780,7870,7660,7860,39082,303117895,0.9,82941345240,16800535.0,40.0,20260204
065370,6230,6300,6100,6250,39208,243341855,-0.32,46149712500,42942200.0,,20260204
038620,547,556,542,554,172302,94653913,1.28,41954123610,-9199065.0,,20260204
299900,618,649,604,635,827160,518647431,2.09,108616041340,16762834.0,32048147.0,20260204
036090,684,703,680,701,588300,408393338,2.64,82992991084,100322265.0,,20260204
459100,6970,7050,6920,6960,61143,426356980,-0.29,93020400000,82495120.0,,20260204
136540,11090,11200,11030,11200,15872,176096300,0.99,137533155200,-15473480.0,-5595090.0,20260204
097800,569,574,542,566,864388,484470240,-0.53,77230829614,117515471.0,,20260204
192390,2100,2110,2065,2075,39682,82746285,-1.66,22891875175,3096745.0,-108308.0,20260204
335870,1996,2120,1981,1986,32183,65510113,0.51,33266439378,-9913.0,,20260204
900340,728,731,706,721,265433,189412933,-0.96,36288599088,-8928424.0,,20260204
036200,10740,10880,10580,10760,458155,4903498455,-2.0,329947039480,-41007915.0,-629849845.0,20260204
018000,983,1189,982,1153,17239303,19522453500,17.17,282666876526,971856625.0,-35504541.0,20260204
203450,3350,3470,3300,3460,74809,252656605,4.06,48713364220,-38370620.0,-6925.0,20260204
011320,4115,4170,4095,4170,95678,394226020,1.34,80567298150,199015890.0,0.0,20260204
086390,14100,18530,13910,18400,3685759,64641875095,29.03,388867918400,-5456542130.0,9845834990.0,20260204
241690,3870,4015,3860,4000,534144,2105197395,3.36,97882824000,-109955391.0,-38858390.0,20260204
142210,6730,6820,6560,6810,331761,2227115220,1.04,143078583510,-38982255.0,27240.0,20260204
389680,1232,1402,1232,1402,6782558,9057127530,29.94,58312635930,-70031095.0,0.0,20260204
088340,14390,14490,13810,14100,65486,920820720,-3.56,61537588800,-210407680.0,14070.0,20260204
048430,7990,8200,7940,8180,30292,245791625,2.25,94233600000,121409150.0,,20260204
206650,13410,14310,13300,13590,871772,11977054630,-1.66,498376652130,1604017120.0,-8757090.0,20260204
089850,5490,5590,5450,5570,66128,365592730,1.64,82047208430,50271430.0,,20260204
084440,1072,1117,1043,1065,36150,38799794,-0.65,20994132000,1779788.0,10782817.0,20260204
032620,4010,4150,3980,4140,554578,2268709991,2.86,216096155460,-150231309.0,15961880.0,20260204
264450,12830,13630,12600,12690,262631,3425907805,2.01,186105106170,56728890.0,47622715.0,20260204
078070,10920,11200,10860,10980,27837,305903895,1.29,193300396560,69666180.0,-15750.0,20260204
024800,3250,3420,3200,3285,272340,910760069,1.08,121715202420,107852948.0,0.0,20260204
054930,25500,25550,24700,25100,86055,2148268175,-3.83,75300000000,53882275.0,10560700.0,20260204
069330,1072,1072,1051,1058,22260,23619001,-1.31,15014174278,-739371.0,,20260204
049520,3750,3970,3715,3960,381070,1480437536,5.46,127699719840,132739446.0,8940660.0,20260204
444920,2105,2110,2100,2100,8840,18605675,0.24,11004000000,103500.0,1094105.0,20260204
450940,2115,2117,2110,2115,79227,167209700,0.24,9602100000,0.0,-92419515.0,20260204
473050,2050,2052,2045,2045,38248,78408335,0.0,14335450000,-2050.0,2050.0,20260204
474490,2030,2037,2030,2030,8371,17034445,-0.25,11185300000,241565.0,0.0,20260204
493790,2005,2010,2000,2005,5518,11077835,0.0,10646550000,0.0,-3468475.0,20260204
263770,2180,2265,2105,2220,208320,456284750,1.14,52614381840,1322535.0,,20260204
388720,133800,141800,130400,132300,158456,21243872150,-0.45,1547485978500,-2890476950.0,606773300.0,20260204
340930,1425,1619,1380,1471,10388675,15744473897,3.23,101316279735,1011988677.0,-259812770.0,20260204
023410,4085,4360,4085,4320,853138,3630025393,5.75,333982928160,207676485.0,-919323.0,20260204
056080,32750,32800,30600,31300,1007351,31491083400,-4.43,1174130357600,-1538041050.0,113840700.0,20260204
468760,2105,2105,2095,2100,16978,35696140,-0.47,8904000000,0.0,0.0,20260204
488060,2045,2055,2045,2045,2336,4780360,-0.24,9652400000,-2045.0,,20260204
0105P0,1999,2000,1996,1999,31733,63430653,0.0,11314340000,1093875.0,33982725.0,20260204
084370,103000,108100,100100,105100,257910,26968977550,0.86,2408476014200,-6598709450.0,7380050050.0,20260204
240600,3840,3985,3805,3975,33644,131627020,3.38,27539400225,15218995.0,0.0,20260204
221800,4715,4885,4665,4810,104009,500010548,2.01,76635199940,136238959.0,-1506480.0,20260204
179900,24250,24250,22650,23050,92774,2156326600,-3.15,456168996600,108651725.0,22079900.0,20260204
263050,705,717,679,683,267508,184385728,-2.43,25158206648,-47034486.0,-1965561.0,20260204
191410,4300,4355,3875,4100,909482,3680005696,-1.2,45937445500,-244144863.0,861395.0,20260204
372170,34700,36250,34600,35150,31616,1111815650,-0.57,280463537200,102199600.0,55463950.0,20260204
146060,1998,2050,1860,1880,1396724,2676725891,-6.7,45149318600,-128793220.0,,20260204
039020,3935,4190,3890,4080,1042343,4266488722,3.68,92145612720,550855036.0,62613950.0,20260204
067920,5200,5240,5160,5240,16045,83383445,0.96,57619663560,639440.0,5293870.0,20260204
044960,4375,4425,4310,4325,397145,1731311332,0.46,54676143975,241515735.0,-23665735.0,20260204
303530,4970,4970,4880,4905,28147,138289869,-1.31,35999261595,-30646202.0,45.0,20260204
296640,5230,5300,5170,5230,13418,70003980,-0.57,27082257960,-8850760.0,,20260204
302430,7940,8150,7820,7970,154726,1241119015,0.38,78370667760,89604480.0,,20260204
462350,24200,24250,22850,23950,1168086,27389061000,-1.64,494568218500,-1764443825.0,784938625.0,20260204
274400,4000,4000,3890,3990,13265,52387070,1.4,36255107070,-6294990.0,,20260204
073490,30900,31300,30400,31100,134751,4171232300,0.81,236479610600,-280432875.0,-171855375.0,20260204
215790,551,551,526,530,242586,129877738,-3.28,21350068970,10728560.0,,20260204
344860,1697,1728,1665,1682,47153,79096777,0.06,20234460000,11691804.0,,20260204
469610,23950,24700,23900,24700,63486,1536270250,0.61,219259430000,142234550.0,-16112500.0,20260204
088390,14720,17300,14700,15150,2118964,33708457510,11.15,142195536600,-363841645.0,-297097550.0,20260204
272290,39750,40450,37400,38150,1029341,39556883400,-0.13,760240152700,-994892725.0,-5255393825.0,20260204
053350,4110,4215,4030,4165,112162,461113920,1.34,95882735725,47162978.0,-530585.0,20260204
452400,11060,11280,10780,11110,42700,470672885,1.28,100783565080,19628310.0,-27155010.0,20260204
264850,8500,8500,8120,8140,1211365,9959922220,-4.57,246598141680,-623416365.0,340.0,20260204
054210,10560,11380,10530,10900,356432,3899795945,3.12,275674189000,703716285.0,21393705.0,20260204
009730,588,707,545,651,5952255,3977573768,9.78,40282038972,118090446.0,1350290.0,20260204
065440,1433,1480,1421,1447,173017,250203291,1.4,39466953940,27380945.0,0.0,20260204
424870,10410,10670,10070,10230,564898,5808471705,-2.94,758708655870,-218542210.0,34178000.0,20260204
115610,2450,2450,2180,2235,4331116,9877610012,-8.02,52829897430,132220722.0,,20260204
478110,2025,2030,2025,2025,4199,8520793,0.0,10165500000,-2025.0,,20260204
131400,1939,2060,1921,1980,1407210,2808983987,1.85,117991926360,-174977449.0,,20260204
351330,9450,9510,9200,9370,61022,568157900,-1.47,77663432400,-115854630.0,,20260204
080010,6880,6880,6750,6800,7926,53861660,-1.31,66878482800,2758830.0,,20260204
086890,5670,5795,5650,5710,137227,781459290,-0.17,231662516990,23266210.0,-69567350.0,20260204
047560,18020,18180,17500,17630,141888,2508317905,-3.4,206842776160,-535061315.0,81321650.0,20260204
900110,960,965,951,955,53031,50778977,-0.52,25103839565,6630954.0,,20260204
239340,1675,1675,1616,1638,114403,186562709,-2.21,44192640492,-7851738.0,,20260204
067010,2385,2390,2360,2360,9520,22631670,-0.63,29013840000,-1920720.0,,20260204
456070,17680,18380,17300,17340,242936,4307355445,-1.98,189332945700,12554785.0,87146670.0,20260204
102710,56200,57200,55100,56200,123021,6863358900,-1.58,802976383200,1359444400.0,-1755194100.0,20260204
041520,6670,6730,6600,6700,9212,61411860,0.6,81664491000,20915470.0,,20260204
063760,2500,2500,2450,2485,43505,108083110,-0.2,23172948050,23613230.0,,20260204
123570,1883,1907,1880,1905,21940,41578993,1.17,42435928590,-77373.0,5965325.0,20260204
083470,893,1160,885,1160,4756170,5087314002,29.9,24754781640,-119398709.0,2510281.0,20260204
095190,2440,2475,2415,2440,200224,487359519,-0.41,159235527280,36540133.0,255705.0,20260204
091120,8030,8280,7900,7990,49471,396581380,-0.5,136892158640,-2498780.0,16430.0,20260204
039030,396000,400000,381000,391000,136092,53016277750,-1.26,4816944050000,-9807178000.0,11244203500.0,20260204
294090,0,0,0,1490,0,0,0.0,61207866450,,,20260204
088290,720,920,720,781,7570722,6642336447,10.31,31146564284,-79052640.0,,20260204
353810,7350,7550,7260,7530,275327,2051456190,2.59,249106857600,215837950.0,-23699235.0,20260204
261520,10050,11870,9890,11340,1430256,15923995060,11.83,110782285740,60990435.0,-23227880.0,20260204
099750,9450,9500,9180,9500,27938,261322680,1.39,129762143500,63866420.0,4897420.0,20260204
377330,3540,3580,3485,3515,42309,148337850,-0.71,28611938310,16959980.0,3515.0,20260204
035810,5190,5480,5120,5480,377935,2033866865,4.58,353548693800,699801675.0,-12839180.0,20260204
092130,15340,15520,15250,15340,10746,165052965,0.0,184748824000,13479325.0,-280.0,20260204
134060,4135,4235,4080,4205,2631,10880720,2.19,20054696250,-959000.0,,20260204
001840,0,0,0,2215,0,0,0.0,36027920805,,,20260204
041830,31950,33250,31900,33250,43957,1446171275,1.99,448239326500,647050850.0,-2410600.0,20260204
352940,2085,2175,2075,2175,24989,52811585,3.57,23637312750,3877365.0,,20260204
079950,2930,2985,2800,2900,204391,583259330,0.0,16820000000,-88394270.0,,20260204
389470,75200,79700,73900,76600,108005,8379394700,-0.13,975826167000,996599200.0,1395273850.0,20260204
277410,1148,1155,1134,1147,157430,180053112,0.09,44057996235,23474833.0,,20260204
060150,4200,4300,4180,4285,127620,543039368,2.02,199525077420,199268414.0,2874805.0,20260204
033230,1690,1731,1670,1715,508731,863919027,1.48,86633876700,148180534.0,,20260204
450520,3480,3480,3410,3450,24004,82633211,-0.86,50730794100,-2957105.0,0.0,20260204
465480,5070,5070,4965,5050,5073,25504550,0.0,51195748600,5820665.0,,20260204
037330,1499,1515,1482,1501,79235,119146805,0.13,65871721224,-14277473.0,0.0,20260204
100030,21700,22550,21350,22500,19883,434833150,2.97,73883565000,94983050.0,22300.0,20260204
211050,14140,14140,13630,13670,201096,2770650150,-1.73,673434191190,-271563485.0,37095035.0,20260204
083640,590,642,590,642,9015872,5638181023,29.96,49896465342,-62780036.0,343795097.0,20260204
064090,930,957,885,895,434936,392305528,-3.97,44519756775,55747003.0,-587981.0,20260204
216050,6900,6980,6870,6910,49964,345644360,0.44,88746664020,54910420.0,45499360.0,20260204
049070,21350,21600,20950,21300,100647,2132947050,-0.23,366360000000,-54303400.0,123550.0,20260204
119610,18590,18780,18310,18680,75929,1409670690,0.38,213208793960,-175103755.0,-222370055.0,20260204
017250,1017,1020,1000,1013,20607,20839238,0.2,21319058071,14327.0,-38320.0,20260204
051370,12240,13100,11980,12920,411525,5213705570,5.47,301390938240,306969855.0,36224380.0,20260204
064290,17300,18280,17150,17980,192176,3444218250,3.63,231294036760,352756710.0,502216275.0,20260204
189300,107800,109100,101700,104700,177964,18712000600,-2.24,1123780069800,-594921100.0,2729413250.0,20260204
287840,48550,50300,48300,49950,80977,3990691200,1.83,749847402000,-206365225.0,-203392325.0,20260204
048530,3865,3920,3730,3770,167190,640501245,-1.05,125132132190,-35465579.0,193277730.0,20260204
115310,83800,83800,78100,80300,17854,1430824300,-6.08,256388504900,-100150950.0,-80100.0,20260204
039290,5840,5950,5760,5890,59170,346513510,-0.17,51207530420,73891430.0,23360.0,20260204
071200,6850,6950,6780,6890,58686,401237535,0.58,168091595620,64238050.0,-254260.0,20260204
101930,42900,43050,41750,43050,7342,311728200,1.77,397475570100,76856600.0,,20260204
333430,6040,6150,5950,6060,162464,980692135,0.33,186204086820,235132725.0,5804480.0,20260204
068330,1546,1578,1546,1563,209079,326505071,0.19,69109826820,29301556.0,29748789.0,20260204
178780,2395,2520,2380,2440,19946,48266710,1.88,45479635800,8232995.0,,20260204
019540,4860,5020,4825,5020,285621,1406947183,3.72,67837770000,-155245617.0,45312620.0,20260204
094820,16320,16320,15740,16030,835335,13390066980,1.84,241711705270,-839983055.0,-31702680.0,20260204
950140,12390,12730,12300,12380,130546,1627695260,0.08,245964181080,167535170.0,-98838395.0,20260204
049550,3850,4140,3730,3805,123748,480492254,-0.91,74601883985,35352535.0,-1730135.0,20260204
389020,41300,42450,40150,41800,94826,3930718525,0.97,259065114000,18139650.0,86152775.0,20260204
254120,1376,1398,1363,1391,186363,257356634,0.43,42779189570,37902616.0,,20260204
043910,595,606,589,603,774436,462455905,0.5,68375048571,188950855.0,,20260204
234920,0,0,0,5310,0,0,0.0,71849132100,,,20260204
289220,4000,4235,3960,4220,111042,458257275,4.98,94157572620,194386261.0,7953555.0,20260204
049630,4930,4960,4655,4710,6996151,33167505723,-4.27,550587507600,-5685671093.0,,20260204
417840,7490,7490,7080,7110,1048623,7567527645,-5.2,160498160910,-898547205.0,0.0,20260204
110020,2390,2410,2355,2400,16775,40048090,0.42,21741028800,-5048365.0,,20260204
208140,2540,2590,2535,2585,152945,392884260,1.17,84488775910,49723102.0,3015920.0,20260204
040420,5790,5850,5790,5820,36518,212120915,0.52,91243352640,40721100.0,41683220.0,20260204
045510,857,870,855,869,13655,11830094,0.58,27989874748,15464.0,-4.0,20260204
217190,6290,6360,6100,6240,178244,1112167775,-0.79,82079468640,71070175.0,-112210.0,20260204
095700,4705,4790,4600,4730,220342,1029698923,-0.63,215406536620,68276874.0,-30725850.0,20260204
122310,4175,4185,4140,4170,28100,117101765,-0.12,60689529480,-14953075.0,,20260204
361390,29400,30200,27750,28800,445087,12704660525,0.0,253462723200,-2991715850.0,400610900.0,20260204
225220,1880,1892,1859,1870,81888,153618844,-0.53,35885339270,-49640384.0,993786.0,20260204
123330,22500,24350,21850,22000,599368,13864592650,-2.65,175310960000,-382597800.0,-582581575.0,20260204
381620,14500,14720,13900,14190,450108,6407453100,-2.14,186143284800,-1655410670.0,14100.0,20260204
159580,3750,3810,3700,3785,37351,140691215,0.93,75823527260,57503095.0,20.0,20260204
147830,7500,8140,7340,7750,4788843,37421584865,3.89,155000000000,-1952346240.0,0.0,20260204
033100,47600,61800,46750,60400,2511654,142574940550,26.76,970169503600,1545489725.0,4775787700.0,20260204
079370,19540,20250,19310,19950,660824,13078089175,1.06,618788950500,-606802360.0,-25270765.0,20260204
054950,24950,25100,24300,25000,128363,3159104050,-0.4,302247300000,101455825.0,167753200.0,20260204
023440,757,805,750,787,876610,684166199,2.88,69740826628,65551166.0,13438396.0,20260204
090470,5080,5590,5010,5540,239451,1300449950,7.78,96820330760,315187760.0,,20260204
137950,3175,3310,3175,3305,81182,264442683,1.85,73595125270,101696728.0,-10.0,20260204
033320,4240,4370,4240,4315,91084,392212100,1.89,82478774080,92848761.0,4325.0,20260204
417500,3470,3510,3420,3480,157209,543979719,0.0,114090909120,154708290.0,,20260204
204270,23000,23650,22750,23250,207815,4799081625,-0.21,1344976834500,193249625.0,-116563275.0,20260204
127120,30000,32100,28550,30900,775998,24136500425,8.23,1009873614600,1729118950.0,5356420600.0,20260204
026040,2935,3000,2865,2955,53233,154980267,0.68,48768699450,34100745.0,-7570212.0,20260204
452160,6880,6990,6810,6950,25933,178645255,0.29,66841812650,-5967590.0,,20260204
126880,3820,3880,3750,3870,76355,291736176,0.52,89802974610,61290220.0,430844.0,20260204
322510,7900,8670,7800,8600,1359966,11281683400,10.68,219548471200,819754400.0,359425805.0,20260204
033050,833,841,827,840,37817,31524137,0.36,27366647280,-1097775.0,,20260204
094970,2670,2745,2645,2740,168822,457213775,2.62,45890177600,93208040.0,21217119.0,20260204
418550,8940,9830,8700,9190,690892,6520105555,2.8,294242414870,420265215.0,629035.0,20260204
060230,3645,3720,3520,3540,72256,259660095,-3.8,28611058800,-8160530.0,,20260204
420570,8190,8270,8010,8260,7428,60707400,0.73,48300209580,17169780.0,0.0,20260204
089790,5980,6600,5720,6600,623118,3865120150,10.18,68082385800,184607740.0,32046020.0,20260204
0010V0,14030,14140,13800,14030,24420,340338055,-0.07,71628762000,21789720.0,7356520.0,20260204
052670,0,0,0,2080,0,0,0.0,60588453120,,,20260204
412540,0,0,0,3935,0,0,0.0,81063616775,,,20260204
199820,10450,10770,10300,10650,1058700,11194127000,2.5,236643000000,-62690520.0,-5096680.0,20260204
038010,5790,6000,5760,5980,49298,290410880,3.28,53820000000,56915440.0,-20757110.0,20260204
080220,40550,46250,40450,43850,8425935,366990000100,6.43,1510318227050,12797581375.0,1866718250.0,20260204
216080,10160,10430,9660,9770,320048,3175923010,-3.84,351793450860,-558256345.0,-291715050.0,20260204
337930,5610,5750,5570,5650,453952,2556807015,-0.7,167672083750,5907275.0,33910.0,20260204
229000,1653,1699,1620,1639,128765,211674332,-0.79,38398762435,7912765.0,,20260204
082270,42800,44500,41700,42200,286867,12257641550,-3.65,1801112415800,-2223417975.0,-1206526150.0,20260204
034940,902,910,889,902,99480,88962818,0.0,27943803954,-1074415.0,0.0,20260204
067000,2915,2935,2750,2840,1458259,4106099078,-3.57,198525786640,-732738837.0,-141599065.0,20260204
309930,1052,1052,1016,1033,112639,115397401,0.58,25295120584,5761970.0,-111280.0,20260204
033340,1688,1729,1679,1720,1010491,1724709230,0.88,166754959760,758264972.0,,20260204
036930,46300,48700,45050,48000,1517665,71210937650,6.9,2268879408000,-1410014600.0,2552591525.0,20260204
072020,9590,9730,9560,9680,44761,432443720,1.04,91560090160,8956190.0,,20260204
000440,15880,16200,15780,16000,65639,1049631670,2.89,99634080000,331286165.0,15910.0,20260204
051980,2465,2540,2380,2445,2130624,5204978624,-0.81,271619228505,-597197421.0,-220130.0,20260204
228760,23050,24400,23050,24400,195239,4626831300,3.83,600880207200,566601250.0,22943750.0,20260204
314130,8670,8700,8170,8600,469944,3944135385,-0.69,297979568200,-590602740.0,-4341620.0,20260204
389030,3615,3640,3255,3425,1027575,3492666168,-5.26,114230069125,-11249308.0,13366380.0,20260204
263860,18890,18890,18380,18530,19963,369480795,-0.54,168244988000,22710945.0,-1533970.0,20260204
303030,693,795,664,718,785276,575123774,3.46,26618908702,46216605.0,,20260204
036180,0,0,0,577,0,0,0.0,53929030348,,,20260204
208350,2980,3020,2960,3015,34356,102800911,1.17,25632233550,2883485.0,-2090.0,20260204
446840,1605,1605,1575,1596,97040,154217512,-0.62,87497640468,-930930.0,589620.0,20260204
144510,25700,26850,25700,26200,57381,1502854825,0.0,413969012800,64631500.0,4943500.0,20260204
340450,8920,9520,8750,9230,1682576,15464466790,5.13,218296819390,1044741780.0,-2124339640.0,20260204
306620,2605,2675,2585,2645,576337,1516496854,0.19,119062717700,164486508.0,-14078025.0,20260204
358570,14700,14870,14200,14580,550351,8004049180,-2.54,931268208780,218146700.0,-306778920.0,20260204
382480,2420,2470,2395,2465,461143,1124396081,1.44,97015350100,129469948.0,,20260204
382800,3285,3995,3235,3745,4252772,15893745963,14.0,119207248545,-338196345.0,456495.0,20260204
051160,7740,7770,7620,7770,88770,683070610,0.13,120236321100,230149980.0,40.0,20260204
053050,2330,2370,2325,2360,152398,358637925,1.51,70770728920,174031300.0,2350.0,20260204
388610,12240,12600,12210,12500,37341,461773990,2.04,65796362500,42690490.0,-37174970.0,20260204
493330,19280,20450,19050,19800,177202,3516916480,3.13,152106490800,101743230.0,148069860.0,20260204
119850,36300,40450,35950,39850,965409,37393978500,9.78,655489023650,3861887800.0,1962316850.0,20260204
065060,735,740,727,740,43063,31643496,0.68,17612594960,-5148002.0,,20260204
204840,1073,1109,1063,1078,285370,308982582,1.41,83597828468,30614580.0,0.0,20260204
311320,7850,8070,7840,8050,55317,439209500,0.88,101547208000,56616510.0,15780.0,20260204
456160,83200,93900,82300,87800,1197454,105939858700,4.9,1441725168000,10701313100.0,4865139550.0,20260204
388050,9340,10180,9010,9500,6410456,61759953340,6.26,177739651500,415360960.0,-860192560.0,20260204
018120,17280,17370,17240,17370,2458,42534540,0.35,115008854400,-3403120.0,-726615.0,20260204
109820,2470,2555,2410,2440,110489,271605720,0.21,49760481600,3630377.0,-1567125.0,20260204
086060,4535,4660,4535,4645,89603,412445523,2.43,39996176615,12723688.0,32110025.0,20260204
036890,15910,16100,15290,15410,304656,4735249815,-5.81,339522720430,-884535760.0,-327579970.0,20260204
363250,5210,5340,4900,5340,82404,421792565,-2.91,37608541320,118224850.0,4055000.0,20260204
007370,5010,5100,5000,5080,28707,145487300,1.4,71803701960,13400770.0,,20260204
285800,1489,1497,1450,1476,49863,73107816,-0.87,25796450520,11159164.0,,20260204
085660,21400,22750,21100,22100,1138573,25303914825,4.74,1770422358900,1100819300.0,1832652400.0,20260204
261780,2760,2790,2730,2770,45737,126361515,0.36,74416731420,-1614285.0,2009225.0,20260204
351870,4575,4735,4535,4665,15832,73345360,2.41,52064394930,13988530.0,,20260204
094850,5750,5900,5750,5860,122662,714733815,1.56,82040000000,184442065.0,0.0,20260204
004650,9680,9780,9680,9750,18532,180544070,0.31,89611128750,46527080.0,7548960.0,20260204
278280,55300,58200,55200,56200,197087,11083686750,0.0,661521489000,3764243400.0,-5936386800.0,20260204
362320,5780,5900,5710,5850,122822,715606960,1.04,123735046500,127154410.0,-117000.0,20260204
066360,783,810,777,793,118331,94017583,1.28,38025947895,-5860048.0,,20260204
047820,4520,4600,4495,4580,56871,259535945,1.33,111998999400,62660365.0,,20260204
094360,18840,19290,18510,19090,337309,6404087095,1.01,406221340660,1144642415.0,4159225.0,20260204
016920,1009,1009,996,1001,108397,108404133,-0.2,26520031538,-14619588.0,,20260204
284620,0,0,0,1087,0,0,0.0,35965517911,,,20260204
293490,16100,16150,15800,16000,308141,4922688160,-1.05,1436590576000,-451790775.0,-47948970.0,20260204
140430,777,780,736,757,717829,541795520,-2.95,40459787023,68453157.0,,20260204
042000,39900,39900,38400,39300,157127,6140609500,-2.0,953145022200,-1703579525.0,-336194550.0,20260204
313760,1382,1394,1318,1338,132614,177561512,-3.18,14995214868,6347163.0,,20260204
317530,4400,4430,4315,4375,12880,56157150,-0.57,69306772500,1367230.0,-174380.0,20260204
071850,1529,1529,1468,1500,10788,16094154,0.07,36391407000,-1457171.0,,20260204
198080,2520,2520,2440,2480,157795,389520746,-1.2,53407258800,105387855.0,1250750.0,20260204
210120,1895,1924,1810,1880,394857,735013985,-0.79,45566458640,7399748.0,,20260204
050110,0,0,0,541,0,0,0.0,39938847838,,,20260204
452300,3020,3690,2985,3265,5447897,18814468971,8.29,46263433825,-8705072.0,0.0,20260204
451760,22600,22900,21000,21350,719791,15526870250,-4.47,325689467600,-3507436050.0,-933734775.0,20260204
900310,556,611,550,572,406395,233391197,3.25,36631838100,-4064717.0,37240.0,20260204
078340,35050,35550,34750,35050,64213,2251522325,-1.41,423800520650,111953225.0,-508007225.0,20260204
063080,22450,23600,21100,22400,85621,1924637150,-0.67,147732300800,260562100.0,-375817550.0,20260204
307930,6950,7400,6830,7220,288748,2082397220,3.88,112704200000,375866330.0,140.0,20260204
079190,463,476,458,472,84902,39540977,1.94,18103802608,-5313230.0,,20260204
263700,2965,3005,2880,3000,123658,365802340,1.18,58242600000,-10486080.0,3075.0,20260204
214370,120000,130800,118200,126000,186610,23591586300,4.91,6768090000000,338073950.0,-601765700.0,20260204
221980,10460,10570,10370,10470,3106,32430620,0.1,42244356000,438770.0,,20260204
038530,292,375,289,375,37195697,13024325636,29.76,43392880125,-93656366.0,19893434.0,20260204
192250,10060,10160,9930,10100,32069,322188645,0.2,71377962500,51743695.0,1992000.0,20260204
431190,5280,5390,5220,5270,75683,399357675,-2.04,39453549340,-14318680.0,,20260204
115500,9580,9680,9400,9610,94182,901347865,0.31,115320000000,214242265.0,60.0,20260204
089150,2860,2900,2825,2900,58693,168735459,1.05,49735000000,7267715.0,15.0,20260204
025880,2660,2715,2635,2715,79768,213611634,2.07,45383554470,39782705.0,,20260204
093320,132500,137550,132500,135000,6505,882269750,0.75,658800000000,380902900.0,-10514400.0,20260204
093640,3550,3645,3540,3620,69982,251095309,1.97,118098340620,-64782172.0,,20260204
073010,4470,4555,4055,4120,1044443,4415896292,-8.04,165587950000,-464122938.0,,20260204
105330,5650,5740,5460,5650,51887,291036840,0.36,90739158200,-32985620.0,47407860.0,20260204
053080,12780,13320,12660,13200,249347,3260857675,3.29,171597452400,421110545.0,-26309430.0,20260204
199430,35700,37200,34600,35450,192185,6835366325,0.0,389880624350,-793363375.0,250.0,20260204
432470,14500,14770,14140,14390,198046,2842067540,-1.44,126222690840,252878600.0,41088900.0,20260204
272110,29050,31100,28300,30200,252852,7577958075,3.96,242366929000,-1279129675.0,1383334150.0,20260204
039420,2735,2760,2700,2750,93688,255111150,0.36,66425507500,-18774785.0,76952700.0,20260204
083550,3540,3560,3485,3560,33210,117166537,0.56,46105157720,-34112210.0,,20260204
032500,19180,19240,18530,18860,199862,3764345765,-0.84,771941855740,-469168210.0,-118245455.0,20260204
225430,499,532,494,501,291569,146967193,0.4,13971412050,19224726.0,,20260204
102370,3760,3850,3690,3815,94325,357390850,1.46,103879436150,-6123370.0,15.0,20260204
068100,3230,3790,3100,3195,919036,3151367597,-3.62,31757066730,-21810706.0,,20260204
106080,615,620,555,606,372483,222708895,-1.3,17458307328,44179732.0,-140243.0,20260204
455180,3590,3610,3475,3540,206755,728346137,-1.67,49412438640,123936744.0,,20260204
036030,4695,4850,4680,4825,71003,339184308,2.77,236518040475,26835786.0,-8130070.0,20260204
064820,11870,11890,11580,11760,84596,989287775,-0.34,363404321280,-144065905.0,2591050.0,20260204
024880,6200,6330,6130,6240,255249,1592457275,0.65,124903534080,152829625.0,-3425630.0,20260204
042040,210,225,210,213,902974,194165138,1.43,41566007262,-2701500.0,-7679465.0,20260204
054410,3595,3800,3590,3670,12115,44170450,3.09,21016049480,-736240.0,1040.0,20260204
258610,1328,1353,1301,1352,45497,60263127,0.97,49327805176,-40910.0,,20260204
274090,28550,28800,26400,26950,890113,24074620325,-4.43,358156013600,-689907625.0,-161395475.0,20260204
089010,35000,36350,34950,35750,312721,11133447775,-0.56,584130797250,735326675.0,10218800.0,20260204
220260,6390,6580,6320,6360,546616,3504317855,-2.0,168910832520,-38658160.0,25620.0,20260204
052400,59500,62300,58300,60400,174386,10483390750,0.17,879622776400,2873067150.0,-1564339750.0,20260204
402030,23450,23700,23050,23550,39961,931983925,2.39,294786842400,-68793525.0,251007050.0,20260204
391710,2600,2615,2515,2570,412987,1056670982,0.39,109534607900,-47634158.0,,20260204
046070,0,0,0,10280,0,0,0.0,159196994920,,,20260204
047770,3010,3065,2950,3045,488035,1470380959,-0.33,115230723090,58449802.0,,20260204
080530,967,968,924,930,203058,190011139,-3.83,51625113750,13612473.0,3803.0,20260204
104540,7010,7280,6900,7160,250419,1785296070,2.14,91545898400,-103871445.0,,20260204
027050,2205,2230,2185,2210,316479,697356658,0.68,88400000000,76006829.0,,20260204
190650,7770,7850,7670,7840,24920,194281640,0.77,50081920000,-16553760.0,,20260204
123410,7670,7850,7590,7730,244887,1882293600,0.78,215211424720,35036180.0,15021370.0,20260204
036690,0,0,0,2885,0,0,0.0,45885746130,,,20260204
049430,15290,15890,15170,15890,71846,1122100030,4.27,143772720000,152466280.0,13408145.0,20260204
183300,114000,119300,112900,115600,145149,16956962200,-0.6,1209255070400,815962250.0,-168520200.0,20260204
041960,7280,8900,7270,8450,2242665,19059693875,15.44,624340882750,1881731360.0,-189037215.0,20260204
089890,28000,28950,27100,27250,256452,7156657600,-0.55,451940214500,959538275.0,-457708550.0,20260204
360350,6800,6810,6520,6730,38236,256591655,0.75,38549238100,16551860.0,-6733635.0,20260204
082660,0,0,0,480,0,0,0.0,47827617120,,,20260204
222040,3465,3600,3430,3500,50592,177442985,0.72,72198000000,-49397620.0,,20260204
241710,102000,105100,97300,98100,165040,16505926100,-4.76,1047708000000,5958812600.0,-2650317200.0,20260204
355150,14530,15670,13900,15660,202310,3042150000,8.52,122106501000,546084110.0,163234920.0,20260204
166480,2985,3100,2930,3055,609686,1828353833,2.35,161518998680,66445754.0,,20260204
045970,6170,6170,5870,5950,233547,1386785095,-3.72,156573512200,-594775810.0,-710.0,20260204
196450,1049,1049,980,984,1008348,1020629922,-6.82,44594468688,23097759.0,,20260204
384470,4335,4460,4245,4415,150553,656829746,1.85,79234645180,97109605.0,,20260204
102940,70300,71900,68000,70000,69145,4770163450,-1.13,906612000000,441061900.0,-1089338500.0,20260204
950160,104000,107800,98500,100400,542411,54633659900,-4.38,8355415006000,-7919413850.0,-2469852650.0,20260204
056360,5220,5220,5110,5180,16819,86903735,-0.19,50747424000,2668170.0,10.0,20260204
282880,18250,18590,18020,18400,136727,2510104015,0.55,211036408000,63939955.0,-90.0,20260204
121850,4555,5590,4555,5590,601939,3220086280,30.0,17113321030,-11246785.0,0.0,20260204
448710,18930,19100,18600,19100,117964,2224059755,1.92,100949077200,29018885.0,-310.0,20260204
126730,17500,18130,17230,17740,184440,3258012920,1.37,150851380400,17007200.0,,20260204
015710,3470,3470,3430,3435,26356,90727546,-1.01,60217267500,-22285450.0,,20260204
052330,9590,9760,9530,9720,24362,234912400,1.36,172642645080,44840340.0,5746070.0,20260204
322780,643,656,616,629,645565,406335351,-3.08,27002113931,36677415.0,-623.0,20260204
200130,14700,14740,14220,14320,77400,1118268615,-2.59,421230790560,-734570.0,-17684710.0,20260204
294570,34200,35500,33900,34400,72910,2530607850,-1.29,347155580800,268545000.0,-2520300.0,20260204
464490,17570,17790,16630,17150,1104407,18966314240,-3.11,194505747450,-371617355.0,-98274240.0,20260204
317690,4270,4400,4160,4335,141053,602169070,3.21,86903584605,26385810.0,-1661070.0,20260204
432720,13900,14650,13820,14280,173158,2458418265,0.07,201962211360,157820325.0,,20260204
365270,12630,12880,12100,12300,509413,6322110895,-3.76,258412606500,-1713277910.0,-585855740.0,20260204
348080,1120,1157,1082,1149,345202,386893695,5.8,93973026306,77240392.0,-2619698.0,20260204
060280,20200,20750,19880,20350,1146483,23171121575,2.83,836181296500,2443631695.0,233907030.0,20260204
372320,51400,51900,50500,51700,51603,2644697200,0.0,747521407600,-461767550.0,255148900.0,20260204
051780,1012,1030,1006,1006,61225,61933070,-1.66,25966112470,1249417.0,,20260204
115180,33500,34750,33200,34600,136742,4644998050,2.22,1286838598200,846485650.0,-353418900.0,20260204
494120,63000,65300,61500,62100,141668,8898623150,-4.02,472983532200,974174300.0,-1063054700.0,20260204
445680,123200,133000,123200,127800,67784,8630063450,2.4,2187914657400,229207450.0,58842700.0,20260204
182360,12400,12710,12400,12530,53297,669129270,0.08,194839607970,62963285.0,-55306830.0,20260204
405100,17860,19140,17270,18700,325680,5982993540,4.64,229809928700,879690315.0,640935595.0,20260204
066310,8640,8700,8510,8580,81635,700815770,-1.04,79550508180,68242780.0,80.0,20260204
016600,246,250,243,248,1295524,320281385,1.22,44205283776,6834314.0,-30728383.0,20260204
355390,3450,3495,3400,3450,93281,322094977,0.0,46930957200,46998960.0,-3470.0,20260204
096240,12190,12210,12070,12180,23971,290920975,-0.16,133227032400,13375475.0,3504820.0,20260204
040350,1031,1032,971,984,625919,619323794,-5.48,96041018424,-94792558.0,-150978.0,20260204
110790,4005,4120,3965,4100,18214,73224790,1.61,96066936000,-6260740.0,-12415100.0,20260204
900250,675,692,667,691,646021,440220196,2.37,90272242764,68811812.0,,20260204
045520,3260,3350,3255,3345,20509,68044600,2.61,21742500000,6471500.0,,20260204
214150,74200,76700,72800,74600,436715,32364198550,0.0,4886722161400,8848081900.0,1760317900.0,20260204
466100,72900,73400,70700,71000,448714,32136720000,-1.39,1774441869000,-6629901900.0,360625050.0,20260204
237880,13290,13690,13250,13450,79867,1079818170,0.52,243059697850,174210000.0,-46293740.0,20260204
139670,2330,2385,2280,2315,48889,113570315,-0.22,32685045150,-6443790.0,,20260204
475430,4700,4870,4645,4830,111898,538805283,1.36,86206371300,131478272.0,,20260204
487720,2095,2100,2095,2095,742,1554540,-0.24,8861850000,0.0,0.0,20260204
489480,2065,2070,2060,2065,2386,4934250,0.0,13629000000,-1047040.0,,20260204
466690,2025,2030,2020,2020,33713,68327817,-0.49,10291900000,3633620.0,48099210.0,20260204
054780,2850,3000,2850,2940,70822,206364138,3.16,57793911420,28650318.0,-882775.0,20260204
256940,9270,9530,9170,9200,137633,1281645020,-0.76,184718952400,129998580.0,-618730.0,20260204
219130,39250,41700,35100,37900,391690,14846073350,-3.32,239311591000,-2705569775.0,314432250.0,20260204
336680,4495,4550,4370,4540,151871,684183709,1.45,177720833320,200415238.0,-5018875.0,20260204
360070,21900,22700,21900,22700,37964,847502725,0.0,184892476100,49989600.0,-15157150.0,20260204
065130,3790,3950,3770,3865,205186,793754890,1.98,61855460000,-77897390.0,,20260204
134580,1839,1886,1763,1855,62863,115734341,1.09,91440646395,13416720.0,,20260204
023160,27000,27900,26500,27850,253964,6965380350,5.09,738025000000,362330600.0,292806000.0,20260204
323280,72200,77400,71800,75900,590982,44236675000,1.74,2317832682000,3211100550.0,27159200.0,20260204
053620,6430,6480,6300,6440,5298,33965650,0.16,55384000000,554310.0,-200.0,20260204
044490,31950,32550,31100,32150,368236,11748208925,5.76,643237299150,920726575.0,1207558250.0,20260204
124560,2660,2750,2655,2740,245193,665522007,3.2,106095022140,41607207.0,2725.0,20260204
191420,14660,14660,14090,14300,8725,124148440,0.35,115956326200,16561680.0,7114090.0,20260204
950250,9690,11010,9560,10100,17206427,179906208405,6.88,358729083100,-5970741335.0,-626305205.0,20260204
073640,0,0,0,654,0,0,0.0,69571715580,,,20260204
066700,2895,2950,2870,2910,168108,486795135,0.17,108113414160,69116510.0,46204875.0,20260204
095610,68300,70900,67700,68200,327713,22449389250,-2.99,1348193013200,-340713950.0,-3581702600.0,20260204
064520,1687,1838,1687,1710,42665,74287815,1.36,38220316020,-2036140.0,,20260204
089030,45700,50400,45350,48250,1401898,67095247375,2.66,1787838371250,-6322570700.0,-2148948375.0,20260204
054450,15330,15590,14990,15540,151287,2327946035,1.37,235341380820,299367020.0,15725.0,20260204
200230,946,970,946,951,467866,446446966,-1.04,65165879883,-28865439.0,,20260204
393210,4710,4775,4610,4770,132558,623407939,1.06,74481374880,157836765.0,-4730.0,20260204
475960,51500,53800,50100,51100,277201,14411607000,1.19,683885301400,-1601276350.0,956944100.0,20260204
215480,2050,2065,2000,2015,27519,55955120,-2.42,18497700000,-1819266.0,,20260204
051360,15600,15910,15590,15860,43742,688287125,0.7,238649559460,284659695.0,-39190610.0,20260204
045340,6980,7140,6950,7070,33069,232997655,0.28,60505342800,32588190.0,,20260204
108230,4905,4955,4855,4950,82985,407113960,-0.2,188215062750,61484995.0,1141095.0,20260204
079970,0,0,0,596,0,0,0.0,7646223464,,,20260204
199800,58200,59400,57500,58100,26629,1544500350,-1.02,521449649700,132369700.0,-122465000.0,20260204
417790,7780,7950,7690,7940,24460,191951390,1.79,83119024540,33631770.0,,20260204
290090,7000,7080,6910,7020,8026,55835935,0.29,52230681360,-2343870.0,10.0,20260204
026150,7350,7400,7170,7360,384503,2811736725,2.08,129140996160,-283136090.0,58460.0,20260204
464280,9550,9780,9440,9760,19693,190005925,2.2,53972800000,45920950.0,30831235.0,20260204
117730,26200,26250,25400,25450,480800,12334159225,-0.59,563862819500,-2997350125.0,252709675.0,20260204
033830,579,583,575,583,183472,106422879,0.69,58300000000,,-358932.0,20260204
057680,822,839,798,804,250669,202092199,-3.25,57283794804,8027061.0,,20260204
204610,1943,1943,1883,1888,374994,710122174,-1.97,110809967360,-208322600.0,-73703566.0,20260204
125020,4185,4445,4140,4400,2594286,11260830942,6.15,154169620000,-121494474.0,244306762.0,20260204
064760,216500,220500,204500,209000,112542,23690214500,-5.64,2336497944000,-4157135500.0,895356250.0,20260204
246710,3400,3455,3245,3275,416819,1398240676,-4.1,155788632200,-137031341.0,-62081680.0,20260204
340570,52900,54000,52300,53900,38064,2027063600,1.51,438099200000,271216650.0,133783500.0,20260204
043220,0,0,0,1710,0,0,0.0,27227331360,,,20260204
277880,6000,6160,5950,5980,116552,704150225,-1.16,120833363040,15947935.0,-643880.0,20260204
131290,86200,90500,83900,84800,124184,10775826000,-3.2,938009179200,380883700.0,-1066769900.0,20260204
425420,37350,41200,36950,41100,466592,18892103600,10.34,491585181000,1160412750.0,841675725.0,20260204
484810,21550,21600,20800,21250,193286,4073820275,0.47,328331943750,-411402400.0,161012050.0,20260204
131100,1381,1391,1367,1391,21154,29092407,0.8,44855193084,-479056.0,-651748.0,20260204
356860,61700,63400,60800,62100,253921,15760738500,-0.8,610606323000,-2831671550.0,-790070900.0,20260204
321550,5660,6020,5650,5850,158729,915440785,0.0,169953486300,118690260.0,83408570.0,20260204
425040,9980,10270,9800,9850,358027,3564120340,-3.15,210091457700,-330393595.0,,20260204
241790,7630,7660,7470,7590,40690,307192660,-1.04,75919992060,26825600.0,-1297890.0,20260204
022220,663,671,650,653,319932,210502959,-3.69,33821860087,16411483.0,,20260204
104480,1887,1908,1869,1905,687426,1301111955,0.95,173155801770,310004479.0,-4762474.0,20260204
081150,3135,3205,3040,3165,506348,1592724172,3.94,76809492330,88736949.0,113288250.0,20260204
130740,2325,2365,2250,2320,375921,869592156,-1.07,26161895280,-31272125.0,,20260204
084730,9650,9770,9540,9750,51681,498873150,1.25,108316884000,62427850.0,0.0,20260204
440110,35850,35850,35850,35850,1168568,41893154550,29.89,1774334554050,3444611400.0,-12361797000.0,20260204
288330,964,965,919,935,624505,584951578,-3.71,99183650885,7438002.0,,20260204
033540,1577,1577,1460,1487,711842,1071200478,-3.32,56135830681,-204283421.0,-49280.0,20260204
388870,9600,9740,9060,9120,292071,2723432015,-5.0,118066899840,154836540.0,-953980.0,20260204
043200,778,1011,775,1011,10426291,9782511150,29.95,42264162465,-26087766.0,3302558.0,20260204
214450,450500,457000,432000,439500,146710,65056015500,-2.33,4566250296000,-9221533000.0,-6134290750.0,20260204
177830,2920,2950,2865,2870,56140,161871885,-1.71,38727639370,12653575.0,,20260204
037070,7780,8000,7770,7980,123517,979461710,2.57,159600000000,239629600.0,0.0,20260204
150900,3775,3895,3755,3875,69725,266955630,1.44,45352697750,15245380.0,0.0,20260204
037030,3040,3095,3025,3075,317238,968527846,-0.49,77489747850,40865451.0,,20260204
047310,6060,6500,5940,6400,2309233,14560242940,4.4,234308832000,-7954615.0,-7329310.0,20260204
368770,18140,18200,16590,17000,1308415,22400054465,-5.03,558521825000,-6082974460.0,596800840.0,20260204
170790,8440,8490,8030,8460,13941,116455910,1.08,54121454100,-5550910.0,-580.0,20260204
049120,647,647,630,635,56195,35635139,-1.85,33660282565,453183.0,,20260204
038950,2895,2915,2855,2900,12571,36297530,0.0,29611218500,340000.0,143405.0,20260204
387570,7290,7300,7210,7270,10675,77234100,-0.41,40900293000,-10630070.0,,20260204
441270,10100,10200,9660,10050,924413,9152848990,-3.55,396653701500,-2355076035.0,922982910.0,20260204
106240,2020,2180,1940,2085,195606,404818233,1.71,44065693125,140352877.0,20.0,20260204
131760,786,786,760,777,146238,113320106,-0.26,33746339991,-1091014.0,,20260204
065690,1367,1371,1268,1315,128377,169787549,-4.64,18474870265,15287941.0,12575462.0,20260204
140860,282500,282500,271000,276000,43771,12051946500,-3.16,1931027652000,1295056500.0,-3637771750.0,20260204
091700,7140,7260,7080,7260,272046,1956991100,1.54,399300000000,736173795.0,544680.0,20260204
032800,403,413,401,411,444678,180665488,1.99,18888350838,-21200167.0,,20260204
318010,3650,3685,3620,3660,22791,83139285,0.55,29021377080,-7875925.0,349275.0,20260204
027710,1140,1192,1136,1175,1520321,1779705853,3.07,130914505000,224935802.0,,20260204
225590,848,855,828,852,41127,34641725,-0.35,22694479476,-4502311.0,,20260204
054300,670,677,660,675,526555,353112034,0.45,78125775750,34629808.0,,20260204
068050,1780,1782,1762,1778,66442,117558111,-0.78,49240067128,4358671.0,-1148588.0,20260204
222110,5160,5400,5100,5250,30626,159950420,2.14,70844534250,32850810.0,,20260204
271830,1685,1685,1643,1653,188295,311092342,-2.19,48747303906,20751259.0,92357.0,20260204
263750,52100,55500,52100,52900,450897,24170670500,0.76,3398711529500,-1336677400.0,-872953350.0,20260204
251970,61900,62900,59100,59700,86931,5249665450,-3.55,740280000000,379962500.0,-917548800.0,20260204
0015S0,22650,23650,21650,22450,703306,15736139100,-3.65,216928288500,-57308075.0,-173538975.0,20260204
168360,17650,18550,17400,18480,98814,1781240100,3.41,393407488320,237187205.0,-43450180.0,20260204
087010,289000,297500,284500,288000,178676,51796765750,-0.69,6715396800000,4350612250.0,-3336928500.0,20260204
064800,795,815,789,807,263887,212186759,1.51,103140489486,100962030.0,3228.0,20260204
119500,5030,5100,4815,4900,337971,1663518770,-2.58,58051436800,59126936.0,40.0,20260204
389140,7900,7970,7520,7560,442843,3385399415,-3.45,107879196600,-140848600.0,18153720.0,20260204
105760,5170,5330,5150,5320,67460,353760245,2.7,54117098840,10166360.0,,20260204
009520,20050,20750,20050,20600,458429,9354322600,0.98,857839681800,1054596550.0,-104446450.0,20260204
189690,2030,2030,2005,2025,54902,110586750,0.0,55326987225,-3909625.0,,20260204
318020,3370,3670,3335,3595,59754,210921794,6.68,44223072840,-38520035.0,8165.0,20260204
256630,987,1009,971,989,39180,38791285,-0.1,57359104208,-1386540.0,,20260204
331380,3185,3330,3085,3185,299559,943867999,-0.31,94067401610,-46116024.0,0.0,20260204
208710,2450,2490,2400,2470,85337,207947282,0.41,32554926040,29785420.0,,20260204
472850,5740,5980,5630,5890,67591,396427610,3.15,339097030280,117221200.0,63388480.0,20260204
039980,1793,1810,1771,1800,489785,877393852,-0.55,131001796800,2907102.0,,20260204
041910,6530,6670,6500,6660,72788,479911840,1.68,89920702620,75234590.0,,20260204
234100,1235,1243,1221,1239,303314,374019822,0.32,87716495517,52025683.0,,20260204
041020,4740,4765,4635,4765,401131,1887630614,0.0,236941997970,-31621137.0,92539213.0,20260204
114630,491,498,489,494,112127,55180085,0.61,43446088712,-797605.0,-600929.0,20260204
290720,2050,2210,2050,2150,85081,181609710,4.12,73888738250,-9585950.0,9009900.0,20260204
005670,6100,6300,6100,6280,35622,221947650,2.11,62800000000,70021610.0,31258400.0,20260204
094940,11130,11390,10680,11230,314225,3487648160,1.26,93898364780,-160822670.0,11320.0,20260204
007330,10500,10750,10410,10700,90351,958996855,1.9,161385960000,262782995.0,28550.0,20260204
093380,2765,2790,2765,2775,4853,13474235,0.36,27415093575,630095.0,385030.0,20260204
023900,8980,9050,8930,9020,13110,117914060,0.45,113652000000,20670610.0,5333930.0,20260204
371950,12900,12900,12050,12700,103209,1286341040,-1.93,287814359600,-322975540.0,651110.0,20260204
370090,15190,15190,14590,14860,147774,2190616685,-0.54,127154493800,-581957310.0,28980.0,20260204
445180,9470,9640,9290,9510,99819,942023650,-0.52,163469177880,11296800.0,-2681640.0,20260204
220100,24650,25000,23550,23800,253784,6098652425,-4.8,533772596000,-549558375.0,-237769975.0,20260204
035200,3530,3575,3480,3560,29491,104863075,0.71,34640900400,39093040.0,,20260204
334970,2910,2930,2865,2910,86160,248897922,-0.17,226260173670,10538900.0,-322280.0,20260204
227100,0,0,0,612,0,0,0.0,14770119384,,,20260204
321260,1767,1785,1758,1785,79509,140689205,1.02,50322869940,21221566.0,,20260204
053610,51700,54400,51500,53200,135787,7181046600,-0.56,585200000000,-162045300.0,107177700.0,20260204
468530,80800,82200,78400,80500,152648,12210205000,-1.23,880628140000,1241998300.0,-4144217600.0,20260204
303360,5180,5340,5010,5120,56892,294513675,0.99,65931340800,-27912310.0,-963050.0,20260204
377220,1555,1587,1490,1518,659466,1013631512,-0.26,42974580000,-70475225.0,-1893244.0,20260204
335810,2615,2680,2605,2640,22148,58446340,0.76,47408618400,7053465.0,1080.0,20260204
053160,6800,6870,6640,6840,17759,120600300,0.59,41040000000,26561120.0,13680.0,20260204
405000,5410,5600,5400,5420,3008,16357550,-1.63,20804366480,-2990.0,,20260204
041590,0,0,0,2370,0,0,0.0,116064014460,,,20260204
367000,4100,4100,4040,4095,5250,21406960,0.86,34349707665,-7646985.0,,20260204
075130,2365,2375,2345,2375,49299,116219613,0.0,39478010000,-13337410.0,,20260204
237820,4250,4380,4250,4315,24170,103913345,1.53,55349109100,2680080.0,,20260204
023770,2860,2945,2820,2880,20210,57963288,1.59,25765905600,-1631968.0,,20260204
019570,258,265,252,262,307091,79296451,1.55,17582831004,4392333.0,,20260204
300080,15910,16180,15550,16000,188512,2991554845,-0.81,264087216000,154222560.0,-789746970.0,20260204
033790,5800,6460,5740,6030,1268090,7678337190,2.55,410265045630,-1248589855.0,2721340.0,20260204
032580,1122,1135,1104,1134,206551,231150192,1.07,37571760576,39291178.0,0.0,20260204
051380,1909,1909,1851,1906,61926,117276646,-0.21,29238177232,-13810958.0,4.0,20260204
241820,0,0,0,6040,0,0,0.0,16803871920,,,20260204
452450,6950,7040,6830,6900,398951,2750147485,-1.15,247561650000,74863515.0,,20260204
237750,5940,6220,5810,6150,146509,886057855,3.36,39954090000,-54699150.0,20.0,20260204
460940,11610,11730,11280,11390,250801,2859207645,-2.06,150979917200,-350528970.0,1990810.0,20260204
319660,58800,60500,56900,57600,382782,22323774750,-4.48,1668482726400,-1344644500.0,-4148331050.0,20260204
031980,76500,77600,72300,73100,385868,28467923150,-6.16,1576211074500,4234056650.0,-8914729950.0,20260204
002230,16190,16760,14910,15070,781966,12023414300,-6.92,290456467400,-1694664530.0,-271883630.0,20260204
043370,12080,12420,12010,12420,95455,1166211230,3.5,260820000000,308869845.0,-12893470.0,20260204
239890,4915,5050,4725,5040,43227,214729017,0.9,50076205200,44521585.0,,20260204
347740,2390,2440,2380,2415,23500,56681321,1.26,72475541040,8596834.0,-1731080.0,20260204
137400,52700,55400,52000,54100,415030,22466273200,0.93,1281668384800,3930685650.0,-25664250.0,20260204
257370,3635,3760,3530,3715,65210,236709088,2.34,46455558615,52562752.0,-3560.0,20260204
147760,3735,4360,3735,4360,199989,829688301,16.27,47174615760,123366604.0,,20260204
128660,3025,3170,2995,3085,367996,1127842687,3.18,76518393365,20097205.0,24337390.0,20260204
006140,8140,8290,7910,8100,115805,930905335,-0.49,121500000000,-166128165.0,-46463730.0,20260204
376180,2590,2645,2515,2535,275184,708003781,1.2,47052231330,33363750.0,,20260204
304840,1060,1230,1059,1141,318639,365030271,4.68,24221502851,49900538.0,,20260204
087600,7310,7680,7310,7420,16376,121578450,0.54,60595860360,6540540.0,,20260204
291810,2210,2285,2180,2240,43295,95908215,0.0,25465914880,20125525.0,-3191205.0,20260204
378340,16440,17460,16280,17000,285546,4873075645,2.35,364868994000,719055870.0,173625440.0,20260204
161580,53900,56000,53600,54500,443724,24169333050,-1.45,1275449711500,-384938200.0,457536850.0,20260204
347770,1035,1088,1030,1047,57760,60055334,0.0,23931322974,-6162804.0,1036.0,20260204
163730,12670,13430,12330,12810,562708,7268715855,3.14,120498136080,1152327765.0,-665620.0,20260204
417180,1769,1810,1755,1810,46234,82449457,2.55,31763007630,4657751.0,,20260204
469880,2075,2080,2070,2075,4836,10033775,-0.24,15157875000,232410.0,-6225000.0,20260204
469900,2065,2075,2065,2065,7271,15026815,0.0,11574325000,-2070.0,0.0,20260204
475240,2110,2115,2110,2115,1135,2394855,0.0,6768000000,141370.0,,20260204
475250,2095,2100,2090,2100,8514,17874355,0.0,7770000000,0.0,838000.0,20260204
484130,2060,2065,2055,2060,796,1642240,-0.24,9311200000,0.0,-1030435.0,20260204
0041L0,2005,2005,2000,2005,4748,9512649,0.0,12090150000,0.0,,20260204
0101C0,1984,1987,1978,1987,89286,177207530,0.15,15379380000,-1820836.0,40646566.0,20260204
299030,30300,31400,30050,31400,43810,1357372825,3.29,251040174000,300043325.0,17991850.0,20260204
067310,36000,37450,35550,36050,1481769,53698341000,-2.44,2393292843550,8439595150.0,-9709293925.0,20260204
166090,63500,67100,62700,63300,245845,15846925150,-2.31,1251926764200,-736139100.0,-1600389900.0,20260204
136480,3100,3495,3100,3220,11877948,39074470158,4.04,341995240440,301530469.0,9125670.0,20260204
003380,14830,19610,14790,19610,7878231,145260047320,29.95,2196430227810,-4302128380.0,-13009816070.0,20260204
450330,5850,5990,5770,5890,15326,89332015,1.03,48220505270,19646645.0,-27497930.0,20260204
101670,2500,2630,2420,2450,1486310,3726712745,-2.0,138420795800,-48929647.0,-57805805.0,20260204
365590,2350,2605,2350,2470,304885,761410529,2.92,76462856340,24047025.0,32639875.0,20260204
149980,0,0,0,5090,0,0,0.0,94645307670,,,20260204
013030,33250,33700,32950,33600,41538,1388043950,1.66,395409638400,-17726250.0,-49415225.0,20260204
126700,17860,18500,17420,18290,387664,6927088355,1.61,273291228480,179763250.0,-1113218855.0,20260204
160190,75500,75800,73400,74200,153506,11396915600,-1.2,2291889600000,-498877200.0,-711419500.0,20260204
221840,3080,3500,2820,2920,2661700,8296676273,-0.34,54605638120,-167150669.0,67191590.0,20260204
106190,12740,12940,12600,12790,18466,235194475,0.39,135998282670,-45861705.0,20682170.0,20260204
065650,1762,1779,1750,1750,42549,75082582,-0.68,23336628000,19815717.0,,20260204
066130,4205,4300,4205,4300,36733,156327302,1.42,55040000000,13422805.0,-14392870.0,20260204
004590,5000,5390,4945,5230,349110,1825250170,5.02,78450000000,140172665.0,86184275.0,20260204
039340,5420,5500,5380,5500,13828,75351830,1.29,123750000000,-5410.0,-26980610.0,20260204
034950,96100,97500,95900,97200,4700,453549350,0.93,441337960800,130746150.0,-71510900.0,20260204
222980,2915,2940,2875,2930,12935,37449627,0.51,32322245190,-406365.0,15.0,20260204
256840,4855,4930,4790,4820,621759,3005324721,-0.72,329663350520,-264038071.0,1272075.0,20260204
219750,716,720,679,683,157402,109280299,-4.61,44686562455,1571305.0,,20260204
025550,3315,3375,3300,3365,168029,562289584,1.36,85854623460,247471067.0,,20260204
017890,10990,11395,10890,11370,110203,1237551260,3.36,241879763220,544015470.0,-221918515.0,20260204
080720,0,0,0,2725,0,0,0.0,21562456300,,,20260204
041460,3960,4025,3920,4020,131015,523470602,1.39,76380000000,88121743.0,72260.0,20260204
101680,3120,3130,2960,3000,174420,526313295,-3.85,25212000000,25268715.0,,20260204
039740,3120,3265,3060,3170,71583,223857681,2.42,25418318490,12246865.0,,20260204
053300,6690,6880,6630,6850,503063,3422790425,1.48,290723322850,-529369335.0,75350.0,20260204
025770,7980,8130,7920,8130,34804,280681510,2.14,304421923230,91632040.0,-5050.0,20260204
458610,2095,2115,2090,2115,29037,61097740,0.71,8946450000,420080.0,21802200.0,20260204
464440,2100,2100,2100,2100,7300,15330000,0.0,9072000000,0.0,-4830000.0,20260204
479880,2050,2065,2050,2050,21848,45041785,0.0,14083500000,-574060.0,44706665.0,20260204
062970,2695,2710,2600,2630,489440,1291826862,-2.41,60645369880,-77311823.0,,20260204
023760,808,835,802,835,518760,422940047,3.34,263533995960,58271629.0,-20419765.0,20260204
054040,4800,4855,4775,4845,54346,262286785,0.94,77865400050,83223445.0,-19731105.0,20260204
021650,2320,2370,2305,2370,31420,72711565,2.38,38750834310,936265.0,,20260204
032300,12130,12230,12100,12190,16547,201212860,0.41,132952685190,41270480.0,12320.0,20260204
037230,1840,1840,1833,1837,4919,9027521,0.16,54743200699,-317217.0,-1502607.0,20260204
448900,68100,69700,62200,64000,141683,9173642450,-6.57,384285248000,-426835450.0,-2711159450.0,20260204
030520,25000,25250,24700,24850,207695,5174190625,-2.36,600866638400,421406650.0,-258821850.0,20260204
052600,3605,3695,3600,3675,41092,149975445,1.8,42496597500,20148280.0,20.0,20260204
256150,5170,5300,5130,5190,17242,89132610,0.39,43570050000,2068250.0,1790930.0,20260204
092460,15860,15980,15580,15820,74654,1172808565,1.02,270675137600,61125050.0,-244190980.0,20260204
125490,23500,24100,21850,22800,2333763,53291886150,1.56,832253625600,-3717952725.0,21299600.0,20260204
452190,4840,4925,4785,4895,196513,953793705,0.72,114379296515,232671233.0,,20260204
047080,1235,1236,1200,1230,47008,57154573,-0.49,30531505260,635939.0,8743015.0,20260204
452280,11000,11200,10780,10910,288141,3169501840,0.28,188477341500,6238595.0,17026020.0,20260204
066980,1313,1377,1263,1315,897633,1177013426,3.95,68294689375,-50694127.0,,20260204
114810,13890,14080,13330,13530,520138,7087723980,-5.71,386865644220,-1222097845.0,-414516275.0,20260204
070590,1778,1778,1740,1750,37467,65895099,-1.41,24289161750,-26136622.0,,20260204
042520,43000,47750,42950,45600,298377,13557913675,2.93,649406335200,251241425.0,794713625.0,20260204
430690,4570,4645,4490,4605,28161,129136554,0.77,50172980835,15636716.0,,20260204
078350,29800,30450,29200,29900,334669,9982330950,0.67,455807021800,-2137178825.0,393449100.0,20260204
045100,30750,30750,29500,29950,141002,4224902550,-4.31,539100000000,-293814300.0,-92896450.0,20260204
320000,1874,1889,1780,1878,326984,603805712,0.16,61780986672,141061375.0,,20260204
091440,2735,2835,2670,2765,136915,376831730,1.1,85282125425,82245830.0,-22200.0,20260204
276730,1112,1182,1112,1143,64397,73191819,0.53,25317275121,17094918.0,,20260204
024740,2350,2400,2325,2390,650195,1539491557,1.49,78623947110,-32708811.0,,20260204
005860,3005,3105,3005,3100,311731,959004302,3.16,122151423500,234139875.0,,20260204
007770,8280,8790,8100,8600,19707,168381460,3.74,30186000000,1205035.0,,20260204
198940,739,739,705,715,278822,199766019,-3.25,27829929270,-668912.0,,20260204
058450,946,946,933,940,31097,29195719,-0.63,13906003740,-7312711.0,,20260204
107640,50400,53900,49950,52800,476557,24951074700,6.24,478629148800,3256964650.0,2766791700.0,20260204
079170,6360,6360,6210,6350,33335,208292980,0.16,33020000000,22537970.0,-1762680.0,20260204
054920,5810,6050,5630,5680,1167604,6731688665,-4.22,160273020080,176383705.0,-171954310.0,20260204
457370,9840,9980,9650,9790,115623,1129478680,-0.81,78585641860,59128070.0,-11711325.0,20260204
002680,659,669,655,657,105672,69830223,-0.3,21232136943,-3885689.0,,20260204
098070,37950,38500,37150,38050,145160,5494261375,2.98,423159415050,322550825.0,54062425.0,20260204
455310,2100,2105,2092,2102,15626,32748191,0.1,10636120000,-272350.0,5698400.0,20260204
498390,2025,2025,2015,2025,6347,12841172,0.0,10044000000,0.0,-60450.0,20260204
034810,8360,8700,8260,8650,108587,932772600,3.47,281616813050,192075570.0,-25050.0,20260204
03481K,8350,8930,8300,8620,40688,352455890,2.99,11972507640,-3707290.0,,20260204
059270,14960,16450,14390,15250,1474861,22739004610,2.69,170270809750,-397953615.0,755530.0,20260204
076610,1326,1327,1247,1321,2245126,2888027703,-0.53,63893795108,301918577.0,,20260204
220180,1899,1899,1837,1877,55803,103415384,1.46,44918190434,-2229362.0,,20260204
900270,172,177,171,175,1959080,340625685,1.16,42708232000,103120850.0,,20260204
214180,19830,21500,19460,20800,758793,15814983525,4.63,270262033600,60497200.0,-73658105.0,20260204
234340,24450,28000,24150,26250,3360320,88898875650,7.8,366729720000,-1472983775.0,1766607775.0,20260204
084990,6170,6300,5980,6170,382634,2335769605,0.0,284392557490,318078300.0,-29084890.0,20260204
187660,3350,3350,3105,3155,2502735,7954454953,-4.97,174996028215,-770091428.0,,20260204
170030,6170,6300,6150,6290,101074,632341905,1.94,96488600000,203267430.0,20.0,20260204
319400,35000,35100,33650,34700,2282483,78440917775,0.58,3864748553300,-870473275.0,112792350.0,20260204
048410,11220,11230,9840,9990,4392289,44658645205,-10.16,959449190400,-5979648680.0,-419580865.0,20260204
052260,4260,4335,4220,4330,90147,386621595,1.64,129900000000,159286940.0,-24401925.0,20260204
016790,0,0,0,994,0,0,0.0,187340898626,,,20260204
041440,8800,9170,8730,8930,987480,8799054330,-2.08,159989379920,862223535.0,-40.0,20260204
039010,8320,8570,8250,8570,54917,465357905,2.39,73916250000,77634935.0,-8464040.0,20260204
090850,5110,5190,5100,5190,77239,398816280,1.37,123243613590,168144465.0,5436250.0,20260204
460930,17570,17700,17350,17560,197084,3457228355,1.21,623567382760,-887730560.0,22563150.0,20260204
092300,3740,3860,3700,3850,188551,711733913,2.94,73100269550,121947215.0,80362843.0,20260204
138360,3200,3200,2985,3055,1398188,4264413376,-2.71,235209710710,141030032.0,,20260204
011080,688,701,680,696,384813,264991086,0.87,29901984912,38808542.0,,20260204
308100,1278,1295,1255,1292,181314,230312358,0.94,31037726336,15151128.0,1.0,20260204
064240,2040,2090,1990,2045,143658,292059350,0.74,70949743295,29202438.0,-9664240.0,20260204
039610,8780,8780,8600,8700,58533,508456600,1.4,90570480000,66641050.0,95850.0,20260204
126640,1540,1548,1505,1518,1805802,2756567688,-1.94,53214871380,42978834.0,26726152.0,20260204
127980,5470,5500,5400,5440,11192,60761705,-0.55,64413320960,4078015.0,,20260204
061250,1049,1060,1043,1056,263469,277410232,0.28,91360734432,17597155.0,,20260204
097870,5880,5900,5830,5880,25720,150484340,0.0,49921200000,33069710.0,5860.0,20260204
290270,3810,3850,3700,3830,19246,72874920,0.52,36797383760,4964635.0,,20260204
353190,647,657,638,657,189764,122955769,2.18,25871621940,-19842477.0,,20260204
090710,14650,14660,13980,14340,9921342,139624369845,-2.12,1713016204980,-543930595.0,537764235.0,20260204
078590,822,825,783,798,3373042,2674563833,-2.8,66285285066,254141991.0,-3946000.0,20260204
205470,1001,1016,989,998,810066,811280807,-0.3,129116258982,156516162.0,-263334.0,20260204
115160,866,1078,864,935,2563025,2508638026,7.97,41112065940,3620342.0,-36038463.0,20260204
028080,1681,2185,1681,1845,1028772,2012162551,9.37,23205498570,12164737.0,0.0,20260204
175140,4380,4615,4330,4420,139372,622740511,1.03,110253598260,67477110.0,,20260204
200670,42300,43150,42050,42950,61425,2619382175,1.06,482325493500,772601425.0,-588596500.0,20260204
065510,8900,9060,8850,9000,76931,690795940,1.24,103372767000,25443680.0,-35255920.0,20260204
263920,3730,3755,3705,3750,6465,24115595,0.81,36783847500,1241355.0,,20260204
243070,27400,27950,27400,27700,14642,403809500,0.0,331836720500,102466400.0,8856750.0,20260204
084110,51100,52600,50400,51100,30339,1543815200,-1.35,646916393200,-281990750.0,-17587450.0,20260204
145020,264500,267500,256000,257000,78749,20479756000,-1.15,3162136481000,-2479671500.0,-5090456750.0,20260204
024060,13680,13940,13440,13730,2035824,27924927580,4.49,205950000000,648961930.0,137800.0,20260204
010240,5130,5220,5100,5160,44001,226626670,0.19,60402960000,14473310.0,2428020.0,20260204
189980,2210,2310,2130,2265,3982872,8918110849,4.86,90912178155,173707328.0,,20260204
037440,4360,4400,4255,4365,72635,314868316,-1.24,60771603375,63944234.0,,20260204
238490,3240,3270,3165,3230,16649,53216420,-0.31,36538522280,2955200.0,,20260204
