code,open,high,low,close,volume,거래대금,등락률,시가총액,foreign_net,inst_net,date
060310,1540,1548,1506,1525,211640,321533524,-1.55,80915036000,-34614545.0,,20260115
054620,3715,3945,3640,3700,78320,295396709,-0.8,68058617700,-31433956.0,,20260115
265520,18850,18940,18650,18940,63806,1195260785,-0.05,285062549740,53116585.0,-8058125.0,20260115
211270,14600,15390,14270,14990,823939,12244552670,3.17,226083736960,777631720.0,198081890.0,20260115
139050,0,0,0,2805,0,0,0.0,24247965555,,,20260115
126600,4000,4000,3855,3950,111249,434866418,-1.0,247929251050,-124849685.0,-214740.0,20260115
083790,1307,1307,1250,1300,133899,170227852,0.0,99962436600,-3437631.0,,20260115
035760,63000,63900,62600,63300,62028,3914527500,0.32,1388115448200,100407850.0,166223350.0,20260115
311690,8580,8730,8420,8540,9038,76689945,0.12,111579045480,-26956500.0,,20260115
051500,24200,24300,23300,23850,62349,1477835650,-1.45,283137326100,208636150.0,-497234650.0,20260115
058820,1709,1730,1688,1725,878280,1492032951,0.52,255027765675,-203916505.0,13994612.0,20260115
056730,569,589,567,577,17662,10225662,1.41,42762154322,-170703.0,7129.0,20260115
065770,745,756,741,751,43101,32217563,0.27,14577758630,-12822528.0,,20260115
083660,476,476,453,455,378709,173556044,-2.36,28587403845,1776753.0,,20260115
477760,2195,2200,2195,2200,805,1770585,0.0,12848000000,-10985.0,0.0,20260115
099520,0,0,0,1284,0,0,0.0,58141862016,,,20260115
290120,3540,3540,3160,3170,761849,2523888126,-5.09,50162869330,-71959610.0,,20260115
025440,1340,1340,1259,1284,1455190,1860395144,-5.38,62635091616,-2535299.0,,20260115
068790,0,0,0,6330,0,0,0.0,142869517920,,,20260115
241520,7150,7220,7050,7170,394286,2804623535,-0.42,193590000000,-168575130.0,3585000.0,20260115
180400,3605,3680,3510,3580,137970,490633450,-0.69,176205566560,-80524635.0,,20260115
418620,1246,1359,1235,1255,907815,1169326543,2.03,24912348635,185168742.0,-369326269.0,20260115
245620,0,0,0,415,0,0,0.0,57474989665,,,20260115
037370,5720,5780,5610,5630,33134,187376100,-1.05,48558592360,36298510.0,,20260115
050120,3045,3045,2860,2865,73340,214392875,-4.66,38861106390,-12981875.0,,20260115
214270,1793,1879,1751,1812,273271,486611255,1.06,79168017708,-161654779.0,-1231486.0,20260115
130500,2525,2630,2505,2585,30977,79600753,2.38,37598959420,-3008840.0,-25.0,20260115
900290,3205,3240,3160,3215,124447,397360352,0.31,259932750000,-30336731.0,-9430.0,20260115
083450,27500,27650,27050,27500,218383,5955522875,-0.36,506825000000,-342397000.0,-184222850.0,20260115
297890,2115,2145,2070,2145,462002,971612330,0.94,156887260530,5273740.0,27839830.0,20260115
440290,1987,1990,1962,1990,102609,203312575,0.66,54737795700,-67002510.0,-7564806.0,20260115
078150,1877,1890,1850,1889,793049,1476319371,0.43,175140365324,-253884391.0,-3778.0,20260115
225530,2780,2785,2665,2770,24125,66525940,-0.36,100658273790,-1210480.0,-1000390.0,20260115
060560,728,728,685,711,135444,95687292,-1.39,90254345688,-285061.0,5208.0,20260115
376270,55000,55300,51500,52400,69276,3649933550,-1.32,375064894800,-758037150.0,187764100.0,20260115
195940,46450,46600,44900,45650,296716,13492226225,-1.19,1293259524150,-1945277525.0,-75403125.0,20260115
028300,51900,54100,51600,53300,548104,28892826400,1.52,7027770763000,-624131000.0,-157128000.0,20260115
278650,1440,1450,1406,1445,236861,338213702,1.76,125723003855,-7851440.0,145996.0,20260115
067630,4250,4345,4190,4300,282821,1201352624,0.7,524243349400,-198944578.0,102325.0,20260115
024850,2140,2430,2080,2430,3361014,7687974035,16.83,351222752160,834304394.0,726111921.0,20260115
187420,2665,2740,2630,2700,41793,111357796,1.5,78733266300,-4316999.0,-10288385.0,20260115
047920,17330,17800,17160,17480,117164,2040717040,0.75,573332742880,-40615580.0,12425470.0,20260115
115450,3205,3300,3170,3300,265198,858403669,2.48,278461467900,32233474.0,34743365.0,20260115
046210,1791,1799,1750,1750,94982,167956067,-2.29,79573644500,-22822707.0,,20260115
196300,8430,8890,8210,8430,21348,179164160,0.0,78343345140,13919300.0,,20260115
403870,33700,35400,33400,34500,1545108,53258503325,1.17,2884564596000,-2986347100.0,1668545450.0,20260115
036640,5120,5130,5070,5110,57352,292077025,-0.2,83573028000,-24108785.0,-48211110.0,20260115
467930,2315,2315,2265,2270,1531,3476340,-0.22,9602100000,22855.0,2315.0,20260115
469480,2230,2245,2230,2240,11462,25674860,0.0,9475200000,20070.0,25282880.0,20260115
0099X0,2095,2105,2085,2095,38383,80444244,0.0,12528100000,-9151800.0,0.0,20260115
095340,105700,106100,103200,105500,199779,20857205850,-1.59,2236289619000,6594675650.0,-7465431700.0,20260115
950170,4805,5320,4805,5220,341279,1724953559,7.74,270115936560,-62125275.0,-78683334.0,20260115
067290,1774,2160,1741,1950,15574151,31304897622,11.56,104083445700,-508522540.0,60130452.0,20260115
035900,69200,69900,69100,69200,240372,16681007400,0.14,2458848446400,-1687810950.0,-1885679900.0,20260115
318000,4365,4415,4315,4365,25189,109674744,-0.8,38151073395,-10407558.0,,20260115
024840,1773,1786,1737,1781,365836,644429309,-0.34,62173283419,17920478.0,,20260115
024120,3745,3840,3650,3750,179198,670881465,0.13,43125000000,34395895.0,-37652855.0,20260115
455250,2100,2105,2100,2105,2717,5709510,0.0,9062025000,4210.0,0.0,20260115
464680,2065,2065,2060,2065,20137,41581119,0.0,26648825000,483210.0,0.0,20260115
478390,2080,2095,2075,2095,1419,2951680,0.72,13030900000,24960.0,532775.0,20260115
486630,2050,2085,2050,2080,9052,18771390,0.97,11044800000,-815880.0,12474955.0,20260115
492220,2020,2025,2015,2025,9282,18749650,-0.25,12575250000,446415.0,2025.0,20260115
0037T0,1999,2005,1999,2005,607,1213638,0.4,12691650000,0.0,923538.0,20260115
0072Z0,1995,1995,1988,1990,5606,11159940,-0.05,15691150000,892193.0,2634951.0,20260115
021320,5410,5520,5320,5510,11640,63032130,1.1,117914000000,-16056690.0,-2230140.0,20260115
044180,596,607,586,594,219574,129777967,-0.34,15870372606,-9322298.0,,20260115
046440,4550,4560,4475,4530,46897,211194804,-0.44,172188933060,-48558124.0,-26310235.0,20260115
151860,5490,5500,5370,5470,82545,447674460,-0.36,260388420940,-90322300.0,10663110.0,20260115
035600,9900,9930,9740,9810,90782,888654590,-0.81,270308997540,-281319185.0,-22611050.0,20260115
060720,14570,14570,13700,14280,1159267,16454523775,0.99,338113871760,-2008297040.0,85933400.0,20260115
058400,705,707,700,701,139150,97653836,-0.57,92833233720,,3867900.0,20260115
101000,741,790,741,754,601671,456959862,1.75,25218888708,-82834489.0,,20260115
089600,12160,12190,12000,12150,30850,371993585,-0.41,140553180450,-38255630.0,-16730955.0,20260115
418470,13180,13180,12990,13060,16216,211689980,-0.91,111869204340,-27836890.0,-8816200.0,20260115
043610,1885,1896,1857,1869,85861,160219390,-0.9,108617753622,-39181675.0,21970441.0,20260115
122450,3500,3500,3405,3480,125715,431893463,-0.29,155973022320,49401120.0,32897950.0,20260115
052900,954,958,933,948,121108,114292687,-1.04,61974984288,-15430653.0,9785016.0,20260115
036560,14060,14140,13910,14110,16329,228703730,0.79,222232500000,-1744070.0,14080.0,20260115
061970,3965,4010,3915,3990,163078,644568028,-0.62,231751193940,6402486.0,-110330224.0,20260115
309960,5160,5220,5100,5170,32162,165706770,0.19,120033125630,-50999670.0,,20260115
225190,1399,1399,1356,1384,1190943,1637795211,0.29,97528320960,113758562.0,-156973279.0,20260115
060370,29350,29400,28700,29100,182169,5266362675,-0.85,1520150651400,-48494675.0,-324067275.0,20260115
417200,12690,12790,12570,12790,408675,5179333310,0.0,865277508610,454910735.0,66795530.0,20260115
078020,4800,5000,4800,4920,129508,635705961,1.76,272967454800,103672558.0,38702350.0,20260115
322180,9750,10390,9560,10080,1753345,17026188150,3.38,210893598720,82257680.0,-99515760.0,20260115
476080,9050,9250,8930,9010,33696,303652860,-0.77,72413370000,-48384350.0,-1882210.0,20260115
086960,1425,1567,1370,1403,13568389,19766634221,-1.54,137153216912,-1964795606.0,-16.0,20260115
160550,2225,2240,2180,2205,77449,170351685,-0.9,61532963730,-48884245.0,11563260.0,20260115
053290,1840,1955,1840,1926,71573,136659439,5.02,31829667282,10934747.0,1938.0,20260115
060250,15000,15080,14940,15020,176605,2648988775,-0.4,603212377220,391380165.0,-31027855.0,20260115
104200,5100,5700,5100,5580,578779,3140867725,9.84,82737729000,158319795.0,230.0,20260115
063570,4075,4085,4025,4075,54659,221359749,0.0,139151991600,-14451907.0,-7756895.0,20260115
222160,0,0,0,8040,0,0,0.0,79551289560,,,20260115
024940,4930,4970,4795,4920,85510,415115434,-1.01,49200000000,26490998.0,,20260115
332570,7810,8000,7720,7960,1902566,14987770315,1.92,348566218960,-590734585.0,,20260115
218410,36950,37000,35350,36600,307522,11073066875,-2.14,970025977200,829407350.0,-3286431225.0,20260115
327260,23950,24750,23400,24350,164127,3979777775,-1.42,205349174850,-788521425.0,191591800.0,20260115
474610,5670,5950,5540,5600,196616,1114244920,-0.36,75195803200,-44389085.0,-59705440.0,20260115
091340,2235,2280,2235,2260,52392,117785200,-1.09,26450409460,1112410.0,-9723935.0,20260115
419530,39300,39300,37300,37950,105576,3994121150,-2.69,372840344250,-1341130400.0,103007225.0,20260115
019550,709,717,703,709,220513,156064698,0.0,114905201675,-13393163.0,2420143.0,20260115
246960,2300,2305,2225,2235,45076,101568659,-1.97,76028100045,-51073880.0,74099155.0,20260115
099220,1070,1077,1050,1073,218775,232069208,-0.46,69685287550,51087695.0,,20260115
036540,5290,5540,5210,5470,2389890,12815359845,0.55,899597857410,-825916265.0,1151551175.0,20260115
255220,2350,2375,2320,2360,1090777,2558979630,0.43,245149564240,57745842.0,,20260115
040610,1761,1763,1731,1756,43586,76048839,-0.28,59857116176,-1792912.0,-1497828.0,20260115
184230,630,641,617,617,245040,152603659,-2.06,54775404681,-42974374.0,,20260115
016250,14990,15000,14720,14990,2712,40178220,0.0,75504420140,168190.0,-2666780.0,20260115
357880,1800,1899,1701,1867,878489,1605092751,4.01,87560466606,202940225.0,,20260115
048550,1276,1295,1270,1277,116378,148569290,0.08,123504569740,-14339900.0,7124077.0,20260115
063440,1764,1764,1700,1760,147325,256508025,0.63,81011311040,-46413484.0,-11271135.0,20260115
067160,65900,67000,65300,66500,65968,4374339150,1.22,764402005500,812243900.0,-612680150.0,20260115
289080,1997,2000,1917,1980,685081,1338208647,-0.85,107486893800,-142384042.0,,20260115
013720,869,869,815,835,1323034,1104068959,-5.86,50791499405,67836560.0,,20260115
089230,1134,1235,1087,1230,306415,356524468,8.47,37407932190,-12403248.0,,20260115
032540,5490,5590,5400,5590,11508,63179750,1.64,77877694310,-66340.0,-6021120.0,20260115
048770,3290,3565,3230,3485,848437,2927331393,6.25,54707498635,244901265.0,15930.0,20260115
246690,1281,1295,1251,1258,235916,297013100,-1.8,52179150396,-106469749.0,,20260115
317240,442,498,441,480,15583602,7454572981,8.84,67770586560,344093532.0,,20260115
057030,2905,2920,2870,2900,42604,123129955,-0.17,47306821300,-39209385.0,,20260115
040300,3660,3695,3625,3685,165851,606485120,0.68,175689671300,18506517.0,,20260115
051390,3840,3865,3800,3825,6990,26707320,-1.16,43434282600,33950.0,,20260115
052220,3215,3235,3170,3230,154983,496369164,0.78,74290000000,291760.0,,20260115
079940,31000,31050,30350,31000,11874,364367350,0.81,419606204000,21528800.0,22833100.0,20260115
078890,5670,5880,5600,5830,140341,807281250,1.39,105213263760,26198350.0,10.0,20260115
399720,58200,60100,57200,60100,171280,10103248500,1.18,697185242000,-385167650.0,-25302350.0,20260115
036620,5190,5240,5060,5160,1022132,5231800425,-1.15,466999458360,439754220.0,-2650153515.0,20260115
198440,1062,1069,1057,1068,28490,30198466,0.56,65075264928,-700269.0,,20260115
217730,2115,2200,2060,2145,688036,1451159134,-1.15,201746149605,53733612.0,,20260115
114190,14050,14060,13600,13980,142790,1974774325,0.65,365200071240,112468975.0,-1241570.0,20260115
094480,9230,9850,9080,9850,379876,3593960915,5.46,386413904300,-679730555.0,-4796950.0,20260115
039240,2645,2690,2625,2680,72255,191670445,0.56,72305338720,-60072055.0,1215340.0,20260115
053950,619,622,610,620,416417,255638868,-0.16,48451361960,1890923.0,,20260115
011040,5730,5730,5680,5720,22652,129052800,-0.17,175997341520,-23894090.0,3380100.0,20260115
024910,2530,3035,2470,2650,12265697,34241785138,8.16,94920363250,231660212.0,-44747075.0,20260115
049720,10010,10020,9910,10000,83510,831500645,-0.1,143000000000,-439083405.0,-28471925.0,20260115
014570,4135,4145,4105,4145,20479,84401785,0.24,45595000000,-268640.0,-8223290.0,20260115
348150,5720,5720,5500,5590,88150,491785815,-0.36,108551589510,70873250.0,0.0,20260115
950190,8100,8130,7950,8060,23320,186434070,-0.25,104917495540,-37155220.0,370.0,20260115
098460,28650,28750,27750,28300,3211518,90762942700,0.71,1942929566500,-7182405525.0,-3235596575.0,20260115
035290,658,665,646,650,143174,93680835,-1.22,15494856000,11969227.0,,20260115
215000,54300,55000,53900,54300,15366,832100250,-0.18,340755034500,-152856100.0,-102289000.0,20260115
121440,4575,4575,4450,4520,31054,140035212,-1.2,193622417360,-12240573.0,-16204115.0,20260115
366030,5920,5980,5630,5820,365882,2095820865,-2.68,131845407000,-259847040.0,,20260115
029480,2230,2290,2210,2280,352930,799151135,2.24,141086089920,-9342730.0,,20260115
026910,2705,2725,2700,2715,5747,15578660,-0.55,17390674575,-3031990.0,,20260115
456490,2100,2110,2100,2105,27429,57685144,0.0,8841000000,271545.0,0.0,20260115
465320,0,0,0,2335,0,0,0.0,8896350000,,,20260115
482520,0,0,0,2095,0,0,0.0,12779500000,,,20260115
489210,2125,2125,2105,2125,388,820650,0.0,11007500000,0.0,,20260115
0041B0,2065,2070,2065,2065,3198,6603935,0.0,10407600000,0.0,,20260115
0098T0,2025,2025,2020,2020,13289,26856265,-0.25,10908000000,0.0,0.0,20260115
053270,2835,2835,2650,2710,4081030,11106759429,-5.41,74282197550,402096970.0,-113907045.0,20260115
066620,22050,22350,21500,21550,4220,92183850,-2.27,161625000000,-45007400.0,-8065200.0,20260115
043650,4000,4005,3960,3970,36320,144499140,-0.75,70897466880,-8001100.0,-9571010.0,20260115
006050,1261,1275,1254,1259,167935,211588041,-0.87,43933110937,-37407651.0,,20260115
060480,1643,1672,1610,1622,61193,100182909,-1.4,17987980000,-5346795.0,,20260115
078130,353,353,343,351,516766,179251069,0.29,395719460721,32264696.0,3511044.0,20260115
307750,3260,3265,3165,3240,230431,738743344,-1.07,162571471200,-143967539.0,-10.0,20260115
035080,10740,10830,10500,10660,18784,199713320,-1.3,145792534680,-11210220.0,-13386180.0,20260115
318060,35000,35900,33100,33750,270649,9156956025,-3.57,375224973750,-725812275.0,-423555075.0,20260115
453450,15160,15430,14860,15300,40014,602665905,-0.13,121524075000,74443385.0,-9041720.0,20260115
204020,2080,2100,2065,2070,22232,46229632,-0.48,40263222240,-17701070.0,-262480.0,20260115
0015G0,25650,27600,24550,26150,2034459,53294980975,1.95,306021447150,2970162100.0,-56706750.0,20260115
402490,8420,8650,8310,8650,145230,1229938865,1.76,143234381200,113737580.0,,20260115
114450,3005,3045,2985,3010,214718,645997320,0.33,60200000000,-34854375.0,-10.0,20260115
186230,5270,5370,5260,5340,35858,190049355,0.38,58313803920,-7303760.0,4149250.0,20260115
900070,413,419,409,412,126008,52014833,-0.24,22142514816,1410617.0,0.0,20260115
204620,4170,4185,4045,4130,1640724,6699641216,-0.96,290270152900,1935139558.0,-2116268435.0,20260115
019660,2640,2765,2635,2705,21676,58794235,2.46,37719420765,-1358468.0,,20260115
053260,3880,3930,3810,3905,19266,74462195,0.64,73101600000,12404980.0,0.0,20260115
282720,9950,10060,9750,9980,54570,540056960,-0.2,120952610000,18212060.0,-8327740.0,20260115
036190,30500,30650,30100,30550,6263,190140650,0.16,183300000000,-63412750.0,4872900.0,20260115
049080,560,567,532,550,286659,156055943,-1.79,46685840850,-9165477.0,,20260115
420770,41000,43600,40600,43250,117442,4956366225,3.47,548226533500,376127375.0,965434575.0,20260115
035460,1882,1904,1882,1903,36884,69999662,1.12,27740678020,125753.0,20511517.0,20260115
407400,4765,4840,4725,4775,72951,347442667,0.32,69879899850,-65993093.0,,20260115
187790,3270,3370,3100,3275,539043,1737735859,2.66,101003718250,-18461972.0,171573344.0,20260115
121600,49100,50000,48550,49900,56858,2793520400,1.84,609338430900,-198787850.0,82707475.0,20260115
286750,1657,1657,1602,1656,68562,111911780,0.42,53039787192,-8814227.0,,20260115
247660,4790,4900,4735,4795,2983,14283810,0.1,20829096400,450445.0,,20260115
039860,5120,5530,4945,5240,1304210,6689579764,2.34,199607597720,-864808874.0,88618210.0,20260115
091970,599,609,588,598,67203,40371649,-0.17,22528993994,9440959.0,,20260115
417010,6810,6900,6400,6820,283251,1898488735,0.29,137578004960,42070920.0,,20260115
405920,2650,2690,2530,2650,32915,85685685,-0.38,34126901400,-167450.0,,20260115
478340,31300,32750,30900,31650,498567,15889751475,2.76,365038155150,774047525.0,-93081800.0,20260115
051490,4075,4075,4010,4045,39277,158244156,-0.74,57439000000,-23629941.0,20.0,20260115
137080,3775,3840,3725,3770,16488,61952095,-0.13,41694020940,3956570.0,3750.0,20260115
190510,25850,28600,25500,26900,921888,24973140925,2.28,377819027300,-102467425.0,64420950.0,20260115
242040,1532,1532,1420,1527,525561,791891173,0.53,52843765128,32559649.0,,20260115
293580,1470,1495,1450,1490,612445,901442817,1.15,141445625500,112108820.0,4374000.0,20260115
459510,25500,31300,25350,31300,4552158,134551712975,29.88,405503456600,4788453975.0,-186843725.0,20260115
138610,34900,35250,33950,35000,129671,4475460475,-0.14,397773950000,743229950.0,-385894350.0,20260115
130580,5800,5800,5580,5740,18816,106650170,-0.69,88396000000,-6678240.0,35936150.0,20260115
036800,23250,23600,22600,22650,11233,257139125,-3.41,226500000000,-12877275.0,-52153950.0,20260115
267320,2910,2915,2855,2900,592687,1704680843,-0.17,166504355500,-76814057.0,-1850200.0,20260115
111710,4140,4170,4110,4120,5991,24852420,-1.32,84822560000,-1428300.0,,20260115
091590,3795,3825,3780,3795,4567,17322565,0.0,44553300000,-1144645.0,-573235.0,20260115
168330,2875,2925,2780,2880,77709,220140505,0.7,91454112000,57396735.0,16417315.0,20260115
094860,1080,1080,1010,1023,70718,72378219,0.69,24602709087,-23228187.0,,20260115
253590,10750,11220,10590,11200,393811,4321294630,2.85,491334636800,-339109630.0,53289880.0,20260115
212560,10220,10820,10100,10500,386342,4028246780,3.14,124028530500,295960225.0,-5369050.0,20260115
095660,26200,26200,25550,25600,48715,1258577925,-2.48,559534489600,-75198400.0,48310425.0,20260115
042420,25350,25350,24150,24600,13657,336702600,-2.96,205810561800,-66639100.0,-14764650.0,20260115
950220,730,742,704,721,1793910,1289404830,-1.1,118526383255,119139388.0,,20260115
311390,5250,5250,5030,5070,82983,422383915,-2.12,64154710230,-28358530.0,20.0,20260115
085910,10790,10810,10000,10400,309036,3215210755,-3.61,144922107200,-870532340.0,406571895.0,20260115
092730,17400,17410,17020,17350,45641,783259650,-0.29,278085609150,86741180.0,-113788770.0,20260115
290660,700,715,672,683,106150,73177096,-2.43,49239980025,-8219798.0,,20260115
306620,2495,2530,2430,2520,517734,1281974736,0.4,113435935200,342134161.0,,20260115
153460,6970,7300,6890,7200,1760,12530880,3.15,47016100800,-1728780.0,,20260115
007390,19890,20500,19810,20250,207651,4189049630,1.5,1304809884000,502113445.0,44766750.0,20260115
033640,15550,15610,15160,15610,86859,1335119475,0.52,359954143220,93136970.0,-169310790.0,20260115
330860,16200,16200,15680,16140,38477,611047645,-0.12,196650486300,30467830.0,18970.0,20260115
351320,1128,1178,1086,1134,120087,133121926,0.53,32686134768,6045356.0,,20260115
089140,2370,2445,2350,2410,55083,132308495,1.69,35948123940,-11504190.0,-20209215.0,20260115
389650,82900,83100,80500,82000,114150,9316435300,-1.2,672718652000,472352100.0,572022350.0,20260115
137940,305,308,301,304,93376,28239348,0.66,25952173568,-5472827.0,,20260115
396270,3415,3600,3255,3550,1012319,3453610440,3.95,116683285050,-6689873.0,-97514286.0,20260115
348210,70500,73400,70500,72800,50516,3654428450,0.97,762725964000,57272200.0,740530750.0,20260115
225570,12600,12610,12470,12530,117238,1469115980,-0.56,825227980220,-67388375.0,-46617125.0,20260115
205500,2440,2440,2150,2235,497065,1119667053,-8.02,133483571355,-308187405.0,1866500.0,20260115
217270,5220,5350,5210,5310,79478,421712830,1.72,248166264330,66378360.0,6402680.0,20260115
104620,5050,5070,5000,5040,94124,473031165,-0.2,84725182080,-56301345.0,,20260115
473980,23650,25500,23300,24900,395796,9740582225,10.42,273932917800,882837650.0,708537000.0,20260115
194700,13920,14150,13710,14000,61702,853796335,1.23,262567872000,236500455.0,-410099340.0,20260115
285490,21300,21750,21100,21500,87341,1867333775,1.9,227380366500,-128207475.0,236275.0,20260115
145170,3935,3960,3890,3935,40440,158164440,-1.13,66534573675,-29958662.0,,20260115
106520,0,0,0,411,0,0,0.0,15904036272,,,20260115
376930,1914,1988,1860,1975,625643,1217803641,3.24,101300362925,445357727.0,-38488.0,20260115
486990,48900,49400,48150,48850,503832,24483534225,1.35,1041678865500,-736421475.0,-483447300.0,20260115
142280,3805,3810,3735,3785,72057,270797267,-0.13,82293189910,5366628.0,,20260115
234690,9720,9720,9360,9550,93813,890316570,-0.21,169534235800,-152091300.0,-6900.0,20260115
054050,8000,8000,7800,7930,33154,261584540,-0.75,127122348730,-41025910.0,-39282270.0,20260115
069140,2590,2685,2545,2675,91893,239130335,2.49,38526858700,28151555.0,-13817315.0,20260115
040160,3450,3480,3355,3475,10368,35623555,2.21,41892984125,-490985.0,,20260115
332290,1158,1160,1123,1134,373958,424439261,-2.07,45251594136,15588014.0,,20260115
348340,52000,57300,51200,56300,1837222,101413598950,3.68,640745908600,2730821900.0,3540968250.0,20260115
380550,25300,26100,24550,24900,516805,13004537100,2.47,289751414700,-94091250.0,235204650.0,20260115
060260,1110,1120,1105,1114,45451,50423161,0.09,15052378026,2316997.0,,20260115
463020,15330,15550,15050,15540,75355,1146187965,1.37,137982768000,305396545.0,8846790.0,20260115
123840,1015,1038,980,1009,31769,31633864,-1.08,52119195763,-814386.0,,20260115
012340,483,483,472,482,173141,82487711,0.63,25801236834,5032536.0,-2680830.0,20260115
462310,4950,4975,4820,4885,44879,218407630,-1.91,39984316085,-45530310.0,-34421955.0,20260115
270870,4840,4855,4780,4830,16703,80298548,-0.41,44437081920,-2739815.0,,20260115
144960,5950,6250,5910,6030,554784,3361338930,0.67,263466522720,260441830.0,57080780.0,20260115
085670,5500,5500,5310,5440,393570,2127262990,0.74,133012139840,-396772820.0,-2458880.0,20260115
064260,6910,7030,6880,6990,1470582,10200306405,0.29,524749638210,153846570.0,-84648405.0,20260115
340360,1446,1486,1400,1402,333459,480732547,-2.98,71520098418,67558424.0,,20260115
039560,3170,3195,3120,3195,157319,496151411,0.47,126566669295,29296325.0,15244065.0,20260115
208860,1339,1339,1300,1306,67215,88056172,-2.39,44338664738,10583440.0,,20260115
154040,1180,1199,1169,1190,42790,50372374,0.17,21360611860,-749661.0,,20260115
032190,17650,18120,17550,17970,165251,2940941050,2.45,688251000000,-206479300.0,-75453390.0,20260115
323350,5720,5830,5480,5540,153294,856411180,-2.81,44379676880,23577270.0,,20260115
068240,2100,2220,2050,2210,708943,1499847893,0.45,84341195770,215270486.0,18540525.0,20260115
464580,2495,2525,2395,2470,145091,351740800,-1.0,45463039830,-86303105.0,,20260115
020400,5580,5650,5570,5650,2909,16326330,0.53,18018787900,903460.0,,20260115
008830,16750,17620,16600,17490,208430,3589985485,4.36,157191724800,620886725.0,16860.0,20260115
048470,2920,2920,2830,2875,22701,65335665,0.35,28750000000,-4962595.0,20.0,20260115
004780,3625,3625,3540,3545,5584,19862680,-1.25,56376840455,173710.0,-791440.0,20260115
017650,7760,7800,7650,7800,6365,48978100,0.13,68523000000,-16804610.0,-1250840.0,20260115
389260,17890,17890,17350,17640,31496,550597500,-0.9,316043973000,-16880900.0,-9598970.0,20260115
317850,7460,7510,7250,7490,87744,648425910,0.4,62349905800,62895220.0,2776750.0,20260115
290670,12200,12310,11870,12290,22682,272719890,0.74,96570641400,58966635.0,35750.0,20260115
078140,11090,11100,10770,11070,75186,820830765,-0.18,122728429530,46277930.0,-77490.0,20260115
065150,0,0,0,145,0,0,0.0,23110448725,,,20260115
036480,7170,7180,6980,7070,7096,49779990,-1.12,26866000000,2616030.0,,20260115
027830,1513,1525,1501,1511,136056,204869588,-0.72,81594000000,-70089091.0,,20260115
104040,732,763,720,749,744933,555438610,2.46,100416801674,32645416.0,0.0,20260115
129920,4025,4170,3985,4130,52200,212356920,2.61,56643168890,9963560.0,,20260115
457630,2082,2085,2082,2085,2601,5415375,0.24,15241350000,0.0,0.0,20260115
471050,2195,2195,2185,2185,679,1483740,-0.46,13241100000,32850.0,0.0,20260115
482690,2200,2200,2175,2190,84,183715,-0.23,12296850000,26170.0,24030.0,20260115
020180,983,987,975,980,151965,148637927,-0.31,37660336700,-39607161.0,,20260115
045390,4220,4330,4190,4230,406781,1718333971,-0.24,298102384710,176792492.0,0.0,20260115
108380,27600,27600,27000,27250,42629,1157679825,0.18,260709824250,-163176350.0,-81609225.0,20260115
007680,4285,4325,4140,4155,14094,59021390,-2.58,55870099470,-29150.0,-2337945.0,20260115
048910,7800,7800,7580,7650,35455,270784500,-1.29,96228936900,-41638800.0,80800.0,20260115
005710,13120,13120,12660,13000,44770,574719765,-0.91,260488800000,-141196685.0,-135157630.0,20260115
120240,12840,12850,12590,12790,5123,64876340,0.71,91965100890,-3327170.0,3376360.0,20260115
003310,3180,3360,3100,3305,2612161,8492048690,4.26,116971716750,121412638.0,,20260115
078600,60400,61400,59900,61100,97102,5869173550,0.99,945864232300,286495250.0,-746372250.0,20260115
393970,4210,4210,4105,4190,244293,1012975430,-0.48,62157895800,111798189.0,2097655.0,20260115
096350,2195,2225,2145,2205,247735,539697262,0.68,81264750210,2668155.0,,20260115
140520,2045,2080,2040,2060,14394,29609370,0.49,43485040580,100020.0,141470.0,20260115
131220,4715,4775,4665,4715,12789,59893250,0.11,35147920350,9745885.0,-17156750.0,20260115
010170,3025,3105,2930,3040,7556547,22735279811,0.66,401236406400,-680251250.0,183753887.0,20260115
054670,6500,6500,6400,6430,16052,103200220,-0.16,92302135600,-7796580.0,20.0,20260115
023910,27900,28200,27700,28000,11835,330077400,-0.18,168000000000,-723275.0,-42519125.0,20260115
021040,1248,1287,1230,1265,64526,80961560,1.36,27456539110,-11569173.0,0.0,20260115
021045,2830,2845,2800,2845,3779,10660130,0.71,2413959740,,,20260115
067080,16190,16450,16010,16330,93115,1504857735,1.18,304009894500,65635585.0,63881980.0,20260115
298540,8050,8050,7760,7860,102776,804725585,-2.36,113862993960,8786580.0,-434290500.0,20260115
032860,1371,1480,1370,1472,665159,950622853,8.47,59462710336,193663453.0,,20260115
393890,6360,6530,6300,6520,157839,1006785500,1.09,220657298880,-82873690.0,-1818715.0,20260115
299170,3650,3910,3545,3800,5088988,19073492325,1.6,155445441000,1361005350.0,-2065460568.0,20260115
462860,3820,3855,3785,3815,282227,1073263646,-1.04,274083757465,-93051171.0,,20260115
224060,3095,3350,3060,3075,31979,101489583,-1.44,15869220150,-455384.0,,20260115
043090,0,0,0,380,0,0,0.0,4718944500,,,20260115
403850,24750,25500,24550,24700,90145,2245134925,0.2,354469947000,-22188200.0,7387550.0,20260115
213420,35650,35700,35000,35400,165964,5858311275,-0.98,879023736600,1200338500.0,-2933394675.0,20260115
317330,15500,15570,15230,15570,101639,1562042010,0.13,318820412880,204277230.0,93685140.0,20260115
077360,5790,5900,5700,5890,322860,1865876425,0.68,267623941780,-166033835.0,-48288130.0,20260115
090410,1234,1252,1220,1244,105176,129300123,0.0,57328614180,4116690.0,,20260115
263600,4700,4815,4625,4775,76578,362271968,1.27,76067230250,16211643.0,28370.0,20260115
194480,33100,33100,31600,32200,114264,3686432675,-2.72,390558630000,-1368473025.0,855699900.0,20260115
373160,4655,4665,4560,4600,9775,45003083,-1.18,63504007400,-1616879.0,,20260115
263800,4780,4810,4650,4770,112202,528380687,-0.83,77380752600,-68001506.0,,20260115
206560,4080,4100,3980,4045,70396,283244405,-0.86,102790472120,14824842.0,10503410.0,20260115
261200,4160,4160,4035,4100,17771,72273235,0.74,64819770000,808000.0,,20260115
484120,23900,24000,23250,24000,28768,678732975,1.48,261336528000,91257750.0,1009650.0,20260115
067990,4225,4235,4170,4210,39267,164552788,-0.36,122854325500,6214196.0,576915.0,20260115
006620,5140,5190,5110,5190,102190,526116015,0.97,147733308480,85192765.0,14436430.0,20260115
100130,1954,1958,1917,1943,110215,212685461,-0.56,111028849000,-21649725.0,13723746.0,20260115
005160,2580,2610,2535,2560,109966,281790992,-1.73,138865873920,22462004.0,40.0,20260115
303810,3435,3435,3345,3390,153347,517074362,-1.17,108426234600,-3916662.0,-67079150.0,20260115
075970,2240,2265,2205,2230,110382,245572795,0.0,41032000000,-19548030.0,-18593335.0,20260115
086450,16590,16640,16390,16580,168348,2773225955,0.06,749920363600,64649555.0,-763700575.0,20260115
240550,7310,7460,7260,7440,129347,948233425,1.09,154828334400,92333045.0,-148230280.0,20260115
099410,5160,5300,5140,5220,152002,792859570,1.36,73080000000,-96888910.0,,20260115
033500,27450,28100,27350,27600,137839,3806982500,1.1,827710034400,-239990975.0,-244977125.0,20260115
025950,18470,18470,18010,18050,59041,1068447420,-2.33,151620000000,-281639160.0,40.0,20260115
088130,3665,3695,3580,3650,60841,219663235,-0.41,63821396100,-6071220.0,-17630630.0,20260115
041930,6730,6850,6620,6700,35728,239153300,0.75,105860000000,-44489770.0,-20760.0,20260115
060380,1428,1462,1419,1440,34185,49001202,-0.14,28368000000,6073116.0,,20260115
079960,26750,27050,26300,26650,38278,1020278575,-0.37,209469000000,-150510425.0,63014975.0,20260115
228340,1935,1935,1866,1889,9901,18749231,-0.26,37780000000,-138925.0,,20260115
088910,2025,2025,2005,2015,16214,32624385,-0.25,52051004460,-3731625.0,-5713065.0,20260115
094170,27000,27200,26000,26700,274844,7284559200,-2.2,558295291200,921345200.0,-78802775.0,20260115
013120,2810,2885,2775,2840,113845,320799945,0.35,257895004000,9179854.0,-65838936.0,20260115
109860,7720,7800,7720,7770,1090,8482150,0.65,70707000000,,1390340.0,20260115
032960,15850,15880,15450,15710,28102,442039570,-0.44,64703127450,-49036530.0,-7802260.0,20260115
023790,1364,1440,1351,1387,675019,940405312,2.06,36255648779,32740946.0,,20260115
005290,39800,41500,39300,40550,506735,20428124725,0.37,2084857731700,-870914275.0,1076941750.0,20260115
025900,7950,8050,7870,8010,44469,353863080,0.63,404963852850,-2947315.0,-7870695.0,20260115
131970,49700,51200,49350,51100,170292,8590250475,1.19,987621861800,-1823860500.0,1641960300.0,20260115
073190,1498,1627,1480,1495,44556,68179832,1.01,17892219800,4669638.0,,20260115
176750,9300,9310,9020,9200,43473,397711135,-2.02,261788024000,-69721710.0,8000.0,20260115
030350,0,0,0,973,0,0,0.0,15171092867,,,20260115
203650,1577,1580,1553,1577,365106,570497955,0.0,150812994988,-56231917.0,,20260115
223250,5820,6100,5600,6080,501042,2882623900,3.05,144699889920,-121761465.0,,20260115
060570,1518,1545,1499,1545,85109,129662889,2.39,114486930285,-456885.0,11841473.0,20260115
362990,1840,1859,1816,1830,17739,32511197,-0.54,30745050420,-4985562.0,,20260115
016670,4115,4195,4080,4105,12140,49958835,-0.24,31174330570,-5966290.0,,20260115
187870,14170,14740,14170,14480,17046,245976520,1.05,101890098320,31412820.0,-6850910.0,20260115
489730,2040,2040,2035,2035,4463,9088682,-0.49,12885620000,85985.0,0.0,20260115
0004Y0,2015,2015,2010,2015,3110,6251355,0.0,10709725000,0.0,0.0,20260115
110990,17750,18050,17200,18040,125997,2216818225,1.41,340956000000,83875285.0,160371900.0,20260115
263690,5290,5440,5270,5410,19281,103009800,1.5,61271550100,-29744530.0,23378480.0,20260115
214680,1956,1956,1881,1919,374924,712826361,-0.1,146726835950,-52034997.0,-56161.0,20260115
347850,93500,93500,88200,92400,937170,85376913900,0.76,4022673732000,-10571156950.0,-7069193800.0,20260115
263720,12200,12260,12050,12260,20870,253380320,0.49,152178365660,-40357025.0,61322090.0,20260115
376300,34150,34800,33900,34200,125187,4287811775,-0.29,811853485200,960279100.0,-1552788475.0,20260115
109740,7670,7770,7550,7610,29496,225092440,-1.55,195656067900,-80822630.0,,20260115
031860,642,694,619,683,432655,287488655,6.39,12967043909,38217711.0,,20260115
196490,0,0,0,203,0,0,0.0,36245520080,,,20260115
066900,1944,1984,1942,1960,23248,45592487,0.82,44579225880,-1316169.0,19686.0,20260115
092070,16100,17210,16000,17130,90661,1529205350,5.87,198225927540,249524120.0,85969230.0,20260115
039840,16120,16120,15700,15970,25582,405014515,-0.19,229570139390,-107667260.0,324880.0,20260115
219550,1299,1322,1197,1280,422155,530066814,1.99,40035392000,4311355.0,,20260115
310870,1287,1320,1279,1320,56146,72701874,2.64,27307197720,-8325885.0,,20260115
104460,13170,13300,13030,13300,18194,238480435,0.99,139890743300,23739235.0,-93772540.0,20260115
079810,4850,5000,4740,4945,88599,425702558,1.96,106456424830,-23052963.0,-15139780.0,20260115
113810,832,855,800,836,665587,547892260,-0.36,27277050636,99723274.0,21143088.0,20260115
043360,2435,2465,2415,2455,15398,37710545,0.0,22095000000,-431520.0,0.0,20260115
197140,2415,2415,2355,2390,8580,20501610,-1.24,31101438060,-3363900.0,,20260115
068930,7780,7860,7700,7810,49200,381625120,0.39,216144421020,29226590.0,57636840.0,20260115
033130,2115,2130,2030,2120,227843,469920693,-0.7,78684366040,-70460058.0,,20260115
105740,10120,10370,10060,10340,232034,2364768725,3.61,105142424420,-242109895.0,-1716740.0,20260115
263020,2995,3020,2975,3020,36989,110554745,0.83,41785160920,-4223045.0,20389645.0,20260115
290550,6910,6980,6830,6980,51734,356843660,1.01,139608585400,-56398090.0,34286185.0,20260115
066670,3140,3195,3040,3060,37499,115363055,-2.55,57197269080,-12879065.0,75.0,20260115
187220,2270,2285,2220,2285,20048,45004295,0.88,26729977985,-9743835.0,21142680.0,20260115
383930,2335,2380,2290,2370,50501,118333450,1.28,30298383360,27237285.0,,20260115
131180,993,1000,990,999,24069,23938323,0.6,29320650000,-77414.0,20394596.0,20260115
315640,3300,3320,3220,3310,283782,923340601,0.0,97222087920,77286494.0,-2061325.0,20260115
317120,2125,2175,2060,2150,178365,374548032,1.42,32809000000,-777740.0,,20260115
462510,6190,6390,6000,6380,92356,578849335,3.91,56162916700,212310970.0,,20260115
042510,9530,9530,9150,9280,51397,473998590,-0.54,103984014720,-116417000.0,21169170.0,20260115
232680,13600,15400,13230,15050,1561909,22755034520,11.56,188640221700,1005551805.0,-46470240.0,20260115
418420,4670,4890,4570,4875,192430,917297641,4.5,148586626500,217958774.0,-887250.0,20260115
300120,2145,2225,2010,2030,244129,508725278,-5.14,42345824360,-154888196.0,2055.0,20260115
171120,2095,2095,2065,2095,39261,81463065,0.0,75214187200,-624455.0,-1052545.0,20260115
388790,2645,2665,2575,2650,161814,424161216,0.19,81114902050,11535418.0,,20260115
214260,12800,13570,12800,13130,109270,1456245770,4.04,117151939190,268839130.0,-370.0,20260115
171010,3750,3855,3720,3805,74293,280047155,0.66,54406751360,-46944650.0,3740.0,20260115
084650,1670,1690,1628,1653,1016059,1674794297,-2.19,122718703470,458141809.0,-40851.0,20260115
217500,3100,3130,2895,3070,3372285,10104093176,-4.21,97662840000,172617101.0,-3246940.0,20260115
038390,11120,11290,11120,11280,33377,374344600,0.8,188610872160,43186260.0,-1331860.0,20260115
294140,7470,8050,7470,8020,314177,2459902240,7.36,179766840360,635379305.0,,20260115
443250,10470,10470,10230,10330,17270,178198040,-2.18,114932199800,-45160710.0,130.0,20260115
228670,4930,4950,4850,4925,56277,274877937,0.1,76840096250,-44372615.0,9790.0,20260115
228850,4895,4965,4845,4965,21906,107416790,1.43,82374384510,-7991770.0,125460.0,20260115
412350,1733,1746,1650,1729,159499,273361995,-0.23,22523634588,67862266.0,-13021800.0,20260115
199550,5620,5730,5500,5680,91782,515640335,1.07,69669692880,142929370.0,0.0,20260115
281740,14250,14500,13960,14500,343711,4881899910,2.4,953092946000,230074165.0,353419205.0,20260115
277810,453500,527000,452000,519000,1114805,561630055750,13.07,10068526302000,147656890750.0,32480030750.0,20260115
215100,8060,8650,7740,8360,3317891,27659167790,4.89,170113075440,1510031030.0,-58051230.0,20260115
090360,73600,80500,72700,78500,513883,40013002300,5.51,765375000000,8886694700.0,1503367100.0,20260115
108490,245000,272500,242000,271000,939485,247354831500,8.4,3948493848000,37398394250.0,25311298750.0,20260115
900260,1589,1600,1572,1580,245183,387434205,-1.25,72726935480,167265525.0,63807850.0,20260115
033290,2110,2160,2095,2110,37785,79630875,0.0,118489795110,28035505.0,6390.0,20260115
067730,2500,2605,2495,2550,23790,60426287,2.0,24668501100,3281451.0,,20260115
071280,8400,8470,8300,8470,95383,796132225,-0.35,129562227410,-21211425.0,-202658400.0,20260115
376900,67000,68900,63100,66200,516959,34101536900,-1.19,1036790571800,-1378303700.0,-2705893100.0,20260115
214610,3645,3690,3555,3600,15980,57760747,-1.37,30179959200,1850577.0,,20260115
328130,38250,38750,37850,38750,142698,5479763725,1.57,1133698907500,1306338950.0,221439575.0,20260115
038060,790,790,711,718,4078579,3029763580,-9.11,34538003542,45877898.0,0.0,20260115
474170,12500,13020,12040,12480,1395843,17495222685,0.4,222364846080,513007530.0,113268830.0,20260115
141080,165500,166600,161200,163000,210383,34369903550,0.12,5967485094000,-222712750.0,-7473096850.0,20260115
058470,63500,65400,63100,64800,362316,23371392700,0.31,4938527880000,-2326292150.0,3110268400.0,20260115
016100,1745,1768,1701,1709,19157,33050420,-2.23,32643427846,-4070622.0,-3633.0,20260115
012700,3500,3535,3480,3520,37612,131768653,0.0,93090395200,15951027.0,52435.0,20260115
302550,2920,2920,2845,2905,86857,249068063,0.69,91494508840,-29621152.0,,20260115
491000,57100,59500,55600,56900,1031615,59109733550,0.18,1404388217900,-5238400300.0,603696950.0,20260115
073570,901,907,883,902,201545,180255908,0.11,54288350182,-37433736.0,,20260115
377450,12400,12450,12060,12400,34034,414932150,-0.64,214892000000,-74861580.0,20691000.0,20260115
277070,4660,4660,4500,4520,38568,176086880,-3.11,61887840000,-71822130.0,,20260115
042500,3680,3740,3680,3735,34559,128473760,0.95,83257422840,-23245370.0,-19684935.0,20260115
193250,384,392,365,366,255547,95316662,-3.94,23640823158,8778885.0,,20260115
474650,68100,71900,64200,68300,664698,45077540850,0.29,384121385600,-1175406300.0,-876520400.0,20260115
219420,5350,5580,5270,5570,174220,958032345,4.11,63885153990,-81963960.0,,20260115
439090,14420,14460,14010,14240,59959,850297920,-1.11,233297622400,-34957270.0,17621990.0,20260115
195500,2765,2790,2755,2775,21378,59157410,-0.54,44338950000,20199835.0,,20260115
377480,19840,20350,19560,20250,150253,3022202555,2.07,143983068750,705561710.0,-1538950.0,20260115
305090,11200,11300,9710,10020,595993,6108140250,-3.47,186042572460,-927472805.0,-273386690.0,20260115
098120,15870,16210,15650,16170,65195,1033146735,1.63,134417426220,-37461510.0,-10.0,20260115
424980,12020,12030,10880,11660,199107,2275369195,-2.51,69014257400,409369895.0,,20260115
038290,16060,16240,15950,16200,32251,518538045,0.31,175630680000,63772290.0,-180.0,20260115
267980,34450,34500,33850,33950,4366,148302200,-1.02,260180510100,-3359700.0,-32579500.0,20260115
005990,10730,10770,10710,10770,1582,16967390,-0.09,143222734080,53920.0,-1840.0,20260115
093520,20950,21725,20850,21100,33978,718726925,0.72,298841241200,-92628325.0,-4908800.0,20260115
100590,3160,3230,3160,3210,82540,263491470,1.58,50814373830,32335801.0,926895.0,20260115
067280,30250,30500,30100,30400,1753,53092500,-0.16,180174081600,-12848800.0,1181150.0,20260115
072870,10800,10850,10740,10770,30040,324024690,-0.19,128388728430,-97945800.0,28395830.0,20260115
215200,39250,39250,38250,38550,39769,1534455150,-1.78,399579076800,-311190300.0,-194526425.0,20260115
133750,1744,1760,1740,1757,38667,67801584,0.46,41126234289,81462.0,8428312.0,20260115
446540,3700,3700,3525,3595,60411,215466085,-0.96,74671745000,-19313270.0,,20260115
235980,6650,6650,6350,6530,136716,883700260,-0.31,223816540130,58193695.0,43468990.0,20260115
041920,13150,15130,13010,14690,1989162,28524834705,11.71,273207895870,2732964945.0,-1023040605.0,20260115
014100,1710,1718,1702,1716,3011,5150193,0.06,20248800000,759130.0,,20260115
054180,0,0,0,2295,0,0,0.0,12686716395,,,20260115
086900,118500,119700,117300,119700,39618,4704784500,0.76,873630090900,666236050.0,57711350.0,20260115
078160,14860,15200,14430,14740,105167,1562056370,1.59,577875848220,-27512910.0,-79686440.0,20260115
0088D0,2010,2025,2000,2010,65863,131962810,-0.25,11647950000,-9525325.0,,20260115
408920,3055,3150,3025,3150,81615,251313087,4.13,136182233250,81141603.0,,20260115
021880,242,243,238,243,296119,71006975,1.25,51560811144,-3170887.0,,20260115
140410,91200,93100,88900,89600,115438,10453718000,-1.43,2720606694400,-189556850.0,-66490300.0,20260115
241770,23450,23850,22200,22200,36706,831105625,-5.53,226276608000,54156475.0,37702400.0,20260115
059210,4605,4655,4560,4630,128151,588665970,0.43,130076613630,-26770735.0,-102720.0,20260115
058110,1870,1888,1836,1871,53932,100490993,0.38,30030541630,9054820.0,10.0,20260115
072770,861,900,858,880,291856,256745645,2.21,70555956240,5780717.0,0.0,20260115
434480,3760,3810,3660,3795,47493,177167780,0.53,46717588500,18295185.0,,20260115
080420,2100,2130,1990,2100,41936,86888482,0.0,167415406200,-9790155.0,,20260115
417970,25700,27300,25100,26550,312864,8241249675,3.71,169832385000,1119636750.0,145173700.0,20260115
080160,10040,10380,10010,10370,172677,1774228845,3.29,195993000000,38163275.0,13473200.0,20260115
087260,1987,2095,1930,2040,1097203,2182453420,2.41,66407836440,383572062.0,,20260115
101330,7480,7480,7480,7480,843082,6305955800,29.86,173139776920,3834105880.0,-8370120.0,20260115
012860,0,0,0,4370,0,0,0.0,320030207090,,,20260115
363260,1534,1545,1512,1536,121467,185586859,-0.58,49403549184,-76583498.0,,20260115
348030,2940,2940,2705,2820,26571,74442214,-4.08,27082716000,2557335.0,-3635225.0,20260115
250060,4400,4405,4230,4305,1321873,5652254548,-2.16,138497506770,-314302381.0,,20260115
288980,922,922,896,905,80341,72359244,-0.33,31273688610,-10192888.0,,20260115
142760,1631,1662,1500,1618,745931,1209052483,-2.47,64555624144,68860028.0,,20260115
033200,3890,4275,3730,4275,153070,627333990,12.8,61265815875,34158940.0,-75.0,20260115
333050,1256,1270,1220,1236,56763,70487333,-1.75,30422070936,-3406011.0,,20260115
118990,9470,9900,9300,9900,460151,4454007880,4.54,246133701000,334775200.0,-40.0,20260115
463480,9170,9700,9130,9200,540361,5080042505,2.22,113991293600,-232544850.0,,20260115
006920,3120,3170,3090,3120,68850,215723725,-0.32,34070400000,801825.0,,20260115
001810,1463,1478,1455,1459,8815,12870886,-1.02,32298612500,-147992.0,,20260115
279600,6300,6320,6130,6160,7239,44789560,-2.69,28858250960,-3055235.0,,20260115
095500,10480,10800,10360,10710,194885,2056060300,2.39,332117089290,67417640.0,70338980.0,20260115
254490,16020,16300,15750,16300,51227,818358670,1.75,235339400000,39414735.0,,20260115
218150,2905,2935,2890,2925,66252,192592883,-0.68,59716220850,-16546930.0,2910.0,20260115
100790,12550,12710,11950,12340,893654,10939998705,-0.8,655557983560,766676805.0,-634950780.0,20260115
0097F0,1979,1988,1975,1986,146842,290872895,0.35,12909000000,742112.0,69882378.0,20260115
0099W0,1979,1985,1975,1984,130588,258591612,0.46,13888000000,-1628.0,22505304.0,20260115
477380,2100,2105,2095,2105,8704,18260800,0.24,17050500000,4200.0,-1138805.0,20260115
477470,2130,2135,2125,2135,1281,2731230,0.0,11699800000,-53240.0,0.0,20260115
478440,2060,2070,2060,2065,5443,11226573,-0.24,14310450000,-305620.0,4243586.0,20260115
482680,2020,2025,2020,2025,385,778100,0.0,16635375000,147825.0,,20260115
0093G0,1985,1987,1977,1987,59218,117330739,0.0,12716800000,-7050806.0,20481830.0,20260115
0096D0,1988,1991,1978,1980,77995,154689270,-0.05,10890000000,521010.0,33206676.0,20260115
049950,15110,15770,14970,15560,126962,1953392070,1.7,137206275040,-355797065.0,122920.0,20260115
207760,1296,1307,1277,1278,271374,347776173,-1.39,106175962674,-14082901.0,-2115313.0,20260115
059090,13160,13240,12970,13180,159851,2089675440,0.23,440433134040,-181411490.0,-47322900.0,20260115
201490,3505,3555,3455,3515,265579,928059293,0.43,114567242150,-4594174.0,-4673875.0,20260115
475460,8310,8370,8180,8230,21184,174988285,-0.96,46195195750,-44706235.0,,20260115
452200,2390,2445,2335,2430,78773,186625710,1.67,57657339000,3430420.0,-133740.0,20260115
206640,12950,13080,12900,13070,36033,467355270,1.0,306969339200,93066830.0,-129415920.0,20260115
018700,881,881,869,869,63016,55069073,-1.7,30519068833,-1613670.0,,20260115
035620,359,359,345,350,192274,67199810,-1.69,26053886250,-457615.0,-1533217.0,20260115
053030,14000,14080,13940,14050,132718,1856700890,0.43,459212841400,-282927300.0,-227231240.0,20260115
301300,3190,3430,2975,3160,93203,292292698,-0.63,41568889920,44758101.0,,20260115
064550,12010,12060,11750,12060,125339,1492805030,0.08,311272109460,-78246900.0,56177880.0,20260115
314930,12260,12580,12120,12530,73297,899868175,1.21,372944210590,58375710.0,-104780545.0,20260115
489460,10720,10720,10370,10600,116147,1217726970,-1.12,159470958000,-270558495.0,149654140.0,20260115
086820,8090,8090,7730,7750,93520,731392970,-1.52,188264953000,-96222060.0,,20260115
038460,4125,4125,3910,3995,748347,2980182549,-2.68,104526929810,-58265510.0,,20260115
251120,14990,15140,14700,15110,22409,332200110,1.68,131392027000,-24517090.0,-41533220.0,20260115
199730,4955,4955,4790,4835,7587,36604240,-3.2,23519214445,-4036965.0,,20260115
086040,2670,2705,2645,2670,19456,51936130,-0.19,42608519490,2924535.0,-733790.0,20260115
188040,7590,7810,7420,7450,17161,128222790,-1.84,34860844600,-742840.0,-14925660.0,20260115
099430,4980,5000,4910,5000,188214,931254113,0.2,308203610000,97572464.0,20847235.0,20260115
032980,0,0,0,604,0,0,0.0,18354952980,,,20260115
308080,8760,9220,8520,8990,922289,8163723550,2.74,184288347400,204199350.0,-23400.0,20260115
043150,19050,19090,18830,18990,22438,423255405,-0.31,282082321440,-142845515.0,-13677235.0,20260115
323990,8990,9100,8860,9100,159249,1426690380,1.22,211641839500,-201264905.0,-8800.0,20260115
267790,3580,3580,3440,3535,17932,63253966,-1.39,27181707315,-2792025.0,,20260115
046310,4460,4630,4230,4420,519703,2301610473,-2.1,72570393220,-316334000.0,62317174.0,20260115
331520,556,558,550,558,62626,34703445,0.18,28382329620,-420219.0,,20260115
199480,5330,5330,5050,5300,103802,534828835,0.57,54041916400,72079955.0,,20260115
438700,4275,4945,4125,4945,6624839,31161100626,29.96,55111481050,-357191722.0,,20260115
066410,0,0,0,1153,0,0,0.0,159637252154,,,20260115
382900,32500,32500,31050,31150,149171,4709744425,0.16,272905150000,-226734850.0,111918100.0,20260115
206400,1629,1688,1606,1655,109466,179473092,1.6,62079311490,17637626.0,13655004.0,20260115
019010,3200,3240,3090,3195,97084,307132930,1.11,153999000000,26456152.0,-4622960.0,20260115
177350,1206,1224,1177,1191,209842,249939914,-1.16,23407636497,-66715530.0,,20260115
457600,2335,2360,2320,2345,30035,70117625,-0.21,32144087500,-5146330.0,-496080.0,20260115
424760,1156,1234,1156,1204,113727,135923688,1.69,23813093668,-4011655.0,,20260115
250000,7790,7790,7620,7740,7757,59543220,-0.64,52250673420,9219850.0,30.0,20260115
310210,200000,201000,195700,197000,108352,21440952350,-1.99,3623523637000,2033614700.0,-4893064250.0,20260115
006910,5370,5400,5260,5380,1020418,5436383500,0.0,264318453120,157050520.0,5215.0,20260115
226340,643,652,601,621,337428,208826971,-3.42,26052452820,-1612148.0,,20260115
014470,1307,1321,1301,1321,60490,79161567,1.07,79329035460,-6380079.0,,20260115
008470,3925,3925,3890,3905,5850,22855790,-0.38,32820744000,7675.0,1319725.0,20260115
338220,20050,20375,19700,20250,152089,3034761245,1.66,283536915750,166665965.0,17873080.0,20260115
100120,19440,19610,18900,19460,36540,700893750,0.88,182145600000,-181858530.0,-38575260.0,20260115
406820,4740,5210,4720,4745,365846,1776708701,-3.75,16769019800,99014095.0,,20260115
099390,4825,4930,4800,4860,6729,32757085,0.21,39892255380,-2853085.0,647730.0,20260115
064480,4910,4970,4855,4970,41870,205632950,1.22,59403925000,16310700.0,4905.0,20260115
365900,2765,2915,2735,2740,5676,15845455,-1.08,20030222000,438935.0,10.0,20260115
089970,26600,27350,26350,27050,470406,12571896625,-0.55,660336349750,1876225825.0,-3824063250.0,20260115
251630,6060,6630,5950,6470,536131,3411249575,7.48,103150472420,86127530.0,1297550.0,20260115
018290,16650,16660,16260,16470,242350,3977499025,-1.08,575492071860,604999705.0,-464164325.0,20260115
478560,3320,3325,3285,3290,28868,95282492,-0.9,84981680420,-618430.0,-9251000.0,20260115
439580,4455,4470,4360,4410,307269,1350030105,-0.9,149263272270,-126017624.0,-40650.0,20260115
033560,2950,2970,2925,2925,7038,20679950,-2.66,50017500000,2571295.0,4180.0,20260115
369370,1411,1417,1396,1412,15941,22521651,0.07,70419138332,-1161850.0,277.0,20260115
126340,89800,90400,86300,87300,75135,6576230600,-2.13,587852708400,-1074525900.0,1065436300.0,20260115
121800,0,0,0,3320,0,0,0.0,256309348520,,,20260115
082800,4195,4230,4100,4130,103103,427777375,-1.55,206932270580,45025235.0,,20260115
318410,7340,7410,7240,7400,7227,53056710,0.54,41108798200,-11186380.0,21154300.0,20260115
419540,1053,1057,1032,1047,58899,61348466,-0.57,24073159017,-11222362.0,,20260115
146320,13740,13860,13350,13570,41817,563589935,-2.44,173667815110,-91557460.0,-15720810.0,20260115
200780,4835,4835,4655,4680,18203,85453251,-3.21,45565603200,-2845990.0,240670.0,20260115
413640,8760,8900,8510,8900,21786,189042640,1.71,64141766000,-4710760.0,,20260115
141000,7270,7300,7050,7130,18711,133503650,-1.79,86377882300,246170.0,,20260115
083650,56500,57500,55300,56900,705339,39814430350,1.79,1760734937500,-1469366000.0,3524813900.0,20260115
473370,2735,2785,2715,2765,63877,175325975,0.55,11640650000,-1062895.0,0.0,20260115
0068Y0,1992,1993,1986,1987,49998,99484565,-0.35,8563970000,-2816895.0,-38537306.0,20260115
065170,565,635,551,635,3601218,2239059862,29.86,16943720875,-42804910.0,,20260115
086670,12660,12660,12330,12500,23391,290187860,-0.95,124073562500,44645400.0,-158949880.0,20260115
230980,0,0,0,229,0,0,0.0,21370407553,,,20260115
488900,18550,19230,18000,19120,848943,15728867690,4.2,554029590160,124750865.0,-1437005185.0,20260115
082920,20900,20950,19860,19940,281479,5661552320,-4.36,904069171380,894447810.0,-327828855.0,20260115
054220,391,399,389,394,179389,70261537,0.77,23621513914,-918257.0,-11734912.0,20260115
042370,10120,10190,9860,10140,551834,5532201575,-0.1,265668253500,-343550765.0,30340130.0,20260115
050090,986,990,902,925,259834,241802749,-6.19,18300879875,-23331131.0,,20260115
148780,1293,1304,1176,1257,384852,474670153,-2.71,39527276325,41664410.0,,20260115
307870,1260,1296,1180,1233,414671,512779501,-4.42,73443042063,-89547836.0,,20260115
377030,2350,2475,2000,2085,3986727,8921626545,-6.08,87438861840,-1445027613.0,40280490.0,20260115
032850,4580,4630,4550,4625,45657,208765497,0.54,76882730125,10324530.0,15.0,20260115
049470,1076,1092,969,974,2653797,2696121775,-6.88,114663661052,-256121702.0,,20260115
238200,3230,3235,3170,3190,2977,9493915,-1.24,26094200000,-1820815.0,,20260115
093190,6090,6110,5980,6000,9366,56254950,-1.48,115433430000,151540.0,16383460.0,20260115
065450,3855,3890,3785,3890,700156,2691990649,2.77,111459392000,279484600.0,3825.0,20260115
044480,284,288,281,284,340793,96617758,0.0,22908498752,7165660.0,,20260115
069540,1503,1577,1346,1486,23364490,34197656599,2.48,90631367358,-1900320.0,,20260115
072950,5800,5800,5600,5730,55724,316636670,-0.35,46141455300,35044170.0,-1060.0,20260115
451250,9270,9270,9090,9130,69376,633232845,-0.98,93362257010,-148009645.0,,20260115
143240,12970,12970,12640,12800,57217,726199715,-0.39,149878566400,-36022640.0,-22203855.0,20260115
466410,12700,12730,12610,12690,14910,188684020,-0.24,63919821870,-29876800.0,-12600.0,20260115
223310,2235,2275,2050,2145,209162,449893190,-6.54,55819794030,-116201068.0,,20260115
452430,33200,34150,32500,33850,33389,1116426325,-0.15,278180857100,-21297475.0,-9148550.0,20260115
419120,3995,4020,3900,3970,71525,280722020,-0.63,60080022790,-10104867.0,,20260115
122350,1865,1875,1761,1809,3057627,5518716109,-2.69,69356025252,372121161.0,,20260115
419050,1788,1799,1744,1777,667405,1180514095,-0.45,101637718480,-103636748.0,,20260115
014970,7070,7120,6930,7010,66684,467693785,-1.82,106026250000,5568450.0,0.0,20260115
018310,19190,19190,19000,19160,4960,94512600,-0.21,281652000000,-13910170.0,-21633980.0,20260115
012210,8430,8490,8080,8220,350274,2867299355,-2.49,182418338640,-116234935.0,,20260115
053700,8070,8250,7720,8140,2462296,19644190365,0.62,186220326600,-245081020.0,-868025690.0,20260115
009620,1494,1496,1433,1480,122949,180708396,-0.94,24251414680,-14443679.0,,20260115
023600,9190,9280,9130,9240,23548,216112650,0.0,147916692000,-14511590.0,-136688010.0,20260115
0044K0,2010,2015,2010,2015,12605,25342195,0.0,15152800000,0.0,0.0,20260115
0071M0,2035,2040,2025,2040,16468,33451595,0.25,11750400000,-935910.0,0.0,20260115
0096B0,2180,2190,2155,2185,113009,245667153,0.23,14377300000,-2568935.0,0.0,20260115
009300,15360,15400,15200,15390,3480,53336900,0.2,98034300000,19846220.0,90.0,20260115
482630,26300,28100,25850,26900,221585,5960366200,0.94,294397366000,-195310775.0,147876925.0,20260115
484590,14340,14340,13770,14000,356382,4964531000,-0.85,576946300000,-1037764485.0,32373460.0,20260115
036670,6260,6260,6150,6200,17111,105995205,-0.96,69874000000,-31609315.0,,20260115
361670,3650,3800,3630,3680,2306,8465527,0.27,20856981440,676170.0,,20260115
054540,15600,16550,15430,15770,1472591,23520777790,3.89,205010000000,-489057170.0,-9536840.0,20260115
065570,0,0,0,764,0,0,0.0,12295692232,,,20260115
014950,17970,18190,16710,17120,747154,12867070250,-3.66,157014590560,-17201985.0,89750565.0,20260115
032280,1367,1379,1366,1369,13592,18636841,-0.73,22196404710,-2013303.0,-1370000.0,20260115
002290,3480,3560,3435,3485,35879,124111320,-0.29,43214000000,-47484395.0,-20459880.0,20260115
037460,17050,17360,16150,16430,162466,2673832650,-3.64,268113316460,-792922435.0,-97241210.0,20260115
032750,3550,3565,3515,3560,23951,84662325,0.28,32150794320,-109285.0,-12356395.0,20260115
0013V0,10830,10900,10310,10370,337159,3532451955,-3.08,102856462720,-34349860.0,-25543810.0,20260115
054090,824,825,808,812,36170,29520217,-1.46,20266896384,3561863.0,,20260115
000250,257500,268500,251500,253500,410807,107294916000,0.8,5946469152000,2773061000.0,517142000.0,20260115
024950,0,0,0,4120,0,0,0.0,54687137240,,,20260115
038500,4735,4835,4555,4725,2753988,12818616038,-1.36,509904545850,57311302.0,-449016567.0,20260115
437730,62000,65600,61100,64700,568652,36391391550,2.54,2051479584900,4658133700.0,2290090950.0,20260115
017480,4370,4375,4360,4365,4589,20045390,0.0,68543114850,34960.0,-685200.0,20260115
046390,1142,1143,1126,1130,111562,126348994,-1.05,48785414290,-32172251.0,,20260115
027580,782,786,760,781,947203,728602802,-0.13,46220578899,107689832.0,,20260115
038540,1700,1999,1692,1782,1145638,2116268689,3.97,98595053766,-107074753.0,39960347.0,20260115
452670,2085,2085,2075,2085,1660,3445175,0.0,10883700000,8340.0,45760.0,20260115
091580,12840,13050,12720,12900,105851,1361769630,0.55,171934025100,-308055070.0,423460.0,20260115
263810,3170,3210,3130,3170,102912,324965190,-0.63,50481695250,77203494.0,-10.0,20260115
089980,15280,15410,15080,15250,22874,347462840,-0.85,243832814250,-58389590.0,212350.0,20260115
042940,10830,10880,10640,10700,303242,3253200630,-3.17,73067218400,52406750.0,40.0,20260115
042600,12370,12760,12090,12750,37304,459647200,1.59,158400568500,163038970.0,-536465.0,20260115
107600,27950,29200,27450,28600,71348,2013831375,1.78,161019544400,54871500.0,-4106150.0,20260115
411080,6890,6900,6670,6870,60188,406313480,-0.29,104888673060,-95105020.0,-522120.0,20260115
252990,6400,6550,6310,6550,400971,2566933025,1.08,382441812650,227243205.0,-236806020.0,20260115
378800,1829,2035,1801,1838,4336069,8249968384,1.49,84994690978,-962042333.0,,20260115
294630,2640,2645,2520,2590,181953,468274162,-1.52,68288766210,9058735.0,,20260115
038070,6400,6600,6310,6570,26302,170311805,1.86,59791441320,3092700.0,-60.0,20260115
006730,13530,13770,13300,13660,1126078,15257600620,2.55,886901768180,-594471575.0,4874094580.0,20260115
079650,1362,1387,1358,1369,8902,12114535,-0.15,27380000000,958901.0,,20260115
100660,5020,5230,4900,5220,521388,2667208510,5.24,65772000000,368129455.0,-60.0,20260115
019770,3825,3855,3770,3855,44609,169760010,0.0,44910750000,27579310.0,0.0,20260115
043710,806,806,788,788,35597,28160276,-2.23,68211257880,3286508.0,,20260115
092190,2630,2780,2535,2655,113443,298514085,4.12,121780556865,-22701665.0,-25.0,20260115
046890,6020,6060,5920,5990,181829,1084625635,0.0,349249346000,-242303900.0,-46627565.0,20260115
063170,7300,7590,7120,7590,127644,941350360,2.99,134906686530,40429130.0,-1153610.0,20260115
027040,207,208,199,201,459530,92814190,-2.9,13987358247,7999121.0,,20260115
018680,2950,3005,2945,2960,6386,18889295,-0.34,34511584240,-79415.0,,20260115
036120,1936,1945,1930,1942,76984,149093128,-0.46,68941000000,-8393277.0,13344635.0,20260115
093920,5250,5260,5080,5130,102008,522289290,-2.1,95418000000,26144425.0,32307990.0,20260115
189860,4040,4190,3655,3920,460221,1765465366,-1.26,38019217600,-283748557.0,19979125.0,20260115
178320,27050,28600,26650,27450,862685,23912337700,0.55,1533721508550,-3349889225.0,-1775099100.0,20260115
122690,3540,3750,3380,3595,446733,1609718177,1.55,81348914655,174587639.0,45065845.0,20260115
140070,2070,2105,2060,2065,22875,47412465,-0.24,76380220000,3751240.0,8511670.0,20260115
011370,864,865,854,859,284943,244136792,-0.58,86668689035,33717167.0,-36894468.0,20260115
065710,53000,53500,52200,52900,9947,525196350,-0.19,272435000000,71597850.0,-45091200.0,20260115
035890,0,0,0,1623,0,0,0.0,372979125711,,,20260115
357550,59700,59800,58100,59000,10255,603019250,-1.17,321845000000,38387900.0,-12423900.0,20260115
003100,18980,18980,18720,18980,4106,77295330,0.05,125268000000,-12821020.0,-263680.0,20260115
067370,5670,5750,5330,5470,17271,94270520,-3.53,66698745850,-30297770.0,,20260115
217620,0,0,0,3810,0,0,0.0,26803681470,,,20260115
171090,46200,46450,45000,45500,50734,2303616200,1.56,435048432000,-849190550.0,-31363950.0,20260115
086710,9240,9300,9190,9300,26403,243893225,0.0,113490504000,-25850040.0,,20260115
014620,28950,29350,28500,28900,123213,3566330850,1.23,767507819600,255205125.0,240642225.0,20260115
037350,6200,6260,6130,6230,56959,352891310,0.48,96378100000,-54305840.0,-20551450.0,20260115
458650,10970,11080,10650,10800,229890,2485915020,-1.82,162493236000,52179285.0,10910810.0,20260115
081580,2435,2500,2390,2455,155276,381399741,0.82,38072491065,-46712585.0,-100780.0,20260115
045300,3035,3125,3015,3100,43412,133637940,1.64,32076831500,18306385.0,1665.0,20260115
015750,7060,7080,6950,7080,644479,4524995090,-0.7,566400000000,-419545450.0,96293770.0,20260115
365340,43000,45000,43000,44800,56277,2483534425,3.58,548147980800,567724575.0,754085600.0,20260115
080470,4435,4740,4435,4560,156549,720142158,3.4,33288000000,-644595.0,4649845.0,20260115
043260,14900,15170,13730,14880,1396034,20299110690,-0.67,1055331606240,-2080615345.0,-364713095.0,20260115
148150,4815,4815,4650,4745,263696,1235988108,-1.96,168650671410,38560960.0,-204631203.0,20260115
061090,48000,49200,46000,46750,72472,3432218200,3.09,261127922000,18326300.0,-66520800.0,20260115
188260,2075,2100,1905,1916,31170,62439747,-7.66,13849748520,-1218048.0,,20260115
053060,1346,1671,1320,1484,5041917,7664458106,10.25,26203609796,-73630022.0,955555.0,20260115
340440,1375,1385,1355,1376,70841,96620793,0.07,39048628864,11205573.0,,20260115
017510,9150,9170,8960,9150,173195,1567328450,0.22,139500900000,-56700645.0,,20260115
490470,26350,26700,25150,25250,754378,19300099125,-4.72,851189266500,-1232832575.0,13063650.0,20260115
011560,13960,14130,13600,13740,36512,502377615,-2.48,144682200000,-81398830.0,-169693765.0,20260115
396300,2500,2580,2440,2550,218430,545837616,1.59,67548225000,-61011490.0,0.0,20260115
100700,2360,2360,2320,2340,46276,107923745,-0.43,102492000000,-14636150.0,-1295475.0,20260115
024830,10530,11140,10510,10940,13755,148068940,3.89,91349000000,1142110.0,390.0,20260115
258830,0,0,0,412,0,0,0.0,27103976612,,,20260115
036630,9020,9210,8500,9100,17788,160264185,0.0,91000000000,7194930.0,0.0,20260115
039310,1329,1343,1315,1342,16662,22018703,1.36,24319277114,428147.0,,20260115
067770,2245,2290,2235,2275,22218,50387280,0.66,19102249075,6603850.0,,20260115
053450,6210,6250,5990,6180,543264,3297768405,-1.12,91419522540,587070235.0,,20260115
222810,0,0,0,5400,0,0,0.0,81712098000,,,20260115
252500,807,807,786,800,45841,36239229,0.88,33189112000,-1827216.0,,20260115
321370,2140,2515,2115,2405,11301466,26984750893,12.65,108569792825,1610587104.0,,20260115
347000,2150,2160,2105,2155,49669,105929455,0.47,81482373130,16963995.0,,20260115
331920,2675,2760,2585,2675,16684,44101840,-0.19,21839095900,-9116755.0,,20260115
352770,0,0,0,5250,0,0,0.0,13610136750,,,20260115
471820,6250,6260,6060,6260,22730,140440510,2.96,72498330780,20357770.0,,20260115
049180,1437,1580,1389,1482,4223855,6284281799,3.13,81446367366,101819263.0,1459.0,20260115
299660,2760,2760,2675,2725,188132,508123426,-1.27,80395612325,46143680.0,,20260115
108860,11830,11920,11710,11880,190037,2235107845,0.59,319747705200,-110756035.0,9177925.0,20260115
208370,6050,6090,5820,5960,1204960,7193633620,-0.33,153413761440,-318612415.0,,20260115
318160,8000,8000,7670,7670,25702,199408690,-2.42,71647011670,-10434630.0,-429000.0,20260115
308430,21500,22800,21500,22700,106643,2370561550,7.08,291275277000,601613025.0,16393350.0,20260115
068760,62100,62600,61400,62300,72709,4493159200,0.48,2721383616000,-228889600.0,79762100.0,20260115
068940,0,0,0,778,0,0,0.0,35720093048,,,20260115
007720,618,618,605,605,151455,92182554,-2.1,60984272250,10694358.0,,20260115
290690,4295,4395,4255,4370,405065,1748844631,0.46,213055661720,-2946437.0,,20260115
950200,3700,3700,3625,3645,10235,37251775,-0.27,70115413185,-1574775.0,0.0,20260115
032680,270,274,258,273,867504,229081509,1.11,28826278572,20653352.0,,20260115
032685,6720,6800,6610,6770,253,1685450,0.74,2417851340,,,20260115
258790,1415,1419,1370,1383,206848,287051557,-2.26,34562945772,24722162.0,,20260115
066910,608,613,597,600,108989,65635212,-1.32,40159898400,-3832021.0,,20260115
215090,3195,3305,3020,3105,533135,1672150884,-2.51,71898327405,183143575.0,56565165.0,20260115
035610,3615,3615,3550,3580,23391,83647190,-0.97,97898669260,-26945664.0,-8395.0,20260115
357780,284000,295000,279000,287500,36136,10362037000,1.59,2236337725000,-1144051500.0,2010037500.0,20260115
036830,38000,38250,37500,38150,20325,767858750,0.26,799778736400,-59198850.0,20457400.0,20260115
304100,26000,26700,25600,26700,126970,3300051350,1.71,336255928500,427309950.0,7787750.0,20260115
328380,807,807,792,803,37985,30200587,-0.12,27513010734,-2774877.0,,20260115
086980,2510,2510,2430,2495,120068,296676889,-0.2,156281810000,61421105.0,9208530.0,20260115
050960,9120,9290,9100,9190,6779,61967850,0.77,62041690000,-8844620.0,,20260115
084180,2755,2780,2675,2710,68155,185017774,-1.63,48981306930,-20167446.0,,20260115
253840,5770,5850,5700,5820,79643,459457465,0.17,97445424000,78219900.0,103520.0,20260115
298830,8330,8920,8110,8650,4644151,40112626140,3.22,462416016350,2891239250.0,-176442890.0,20260115
236200,36550,36950,35800,36850,20806,753521750,0.68,267430510050,-43399050.0,32988950.0,20260115
094840,6680,6730,6620,6730,7136,47493515,0.75,70475483200,23356010.0,,20260115
192440,21750,22500,21500,22250,13999,310540350,2.3,138314076750,-28890450.0,133086900.0,20260115
424960,8390,8670,8090,8650,333820,2835392085,4.22,142596201500,931519855.0,-101820.0,20260115
099440,5950,6240,5940,6190,1940308,11867001930,3.34,422426608860,693764550.0,-3129000.0,20260115
276040,1035,1149,1002,1028,3500086,3744032344,0.78,22235984380,-326624020.0,,20260115
060240,0,0,0,1976,0,0,0.0,11502414560,,,20260115
115570,2950,3040,2915,3005,18006,53536600,2.74,23993446540,-4286730.0,10390.0,20260115
330730,5140,5380,5030,5320,120068,630287905,3.5,96918855600,-39467265.0,10380.0,20260115
352090,3430,3435,3365,3430,56986,193689165,0.0,92174383140,-59705380.0,,20260115
253450,47000,47300,46350,46700,107670,5053439175,-0.85,1403731856600,-1299745775.0,1467080075.0,20260115
408900,2920,2960,2880,2915,154897,450159653,-0.51,95406585780,20662495.0,-565685.0,20260115
204630,0,0,0,4650,0,0,0.0,23668225650,,,20260115
415380,2175,2230,2150,2230,34975,76614459,3.24,25517834250,-15274645.0,22075764.0,20260115
013810,2485,2515,2455,2495,85156,210922979,0.6,36565397650,-29550733.0,15.0,20260115
347700,17270,18540,16710,17220,2687446,47136225165,-0.17,803536240080,-3009276020.0,-2433726040.0,20260115
049830,8000,8000,7860,7890,2994,23599780,-0.5,48382363680,2590900.0,200.0,20260115
020710,3940,3940,3860,3915,98072,381872770,-0.38,78487802550,-68210130.0,3890.0,20260115
033170,779,780,754,780,301538,230439475,1.3,66868088820,31504903.0,,20260115
048870,2270,2295,2255,2285,348712,791111191,0.22,201324410455,26714902.0,40892010.0,20260115
025320,5760,5760,5610,5720,371780,2110537150,-1.04,501835883120,-381837200.0,-78777355.0,20260115
340810,2430,2445,2385,2440,60887,146865637,-0.41,31612840080,47333327.0,,20260115
269620,0,0,0,889,0,0,0.0,132090012299,,,20260115
056090,1410,1410,1350,1381,946530,1311939159,-1.64,142600728716,-273448798.0,2055000.0,20260115
429270,3985,4095,3960,4070,63011,253044192,2.13,26248370170,62352690.0,-17947835.0,20260115
418250,0,0,0,6550,0,0,0.0,47629012750,,,20260115
131090,3700,3715,3690,3700,2180,8062435,0.0,29600000000,-37090.0,-1702800.0,20260115
290520,1813,1832,1813,1830,10736,19921474,1.1,29150732460,409841.0,,20260115
001000,2185,2250,2145,2145,40524,88252335,-2.05,52075323300,-15241245.0,,20260115
025870,5430,5610,5400,5600,11765,64190640,2.38,22400000000,-1417910.0,,20260115
215600,3290,3290,3200,3265,677638,2188861379,0.46,450993914540,73489462.0,9259495.0,20260115
065350,59100,60000,57600,59500,146973,8627081300,1.36,1635294906000,606189400.0,-85989800.0,20260115
416180,32500,32550,31750,32400,52566,1683012900,0.47,292888807200,-496997525.0,66259350.0,20260115
162300,1718,1725,1702,1716,14660,25162112,0.06,71164891512,-1571303.0,,20260115
290560,8500,9000,8150,8450,12724,107860640,-0.59,31494180900,-31740200.0,,20260115
002800,5610,5820,5580,5790,164905,944962070,3.21,87837195000,23872400.0,,20260115
472220,2205,2225,2205,2220,3620,8022600,0.91,10411800000,31370.0,-897435.0,20260115
0091W0,2025,2030,2020,2030,13361,27021065,0.25,12318040000,-4847855.0,0.0,20260115
017000,3140,3155,3060,3135,111710,345730553,-0.32,36579264645,9709517.0,5.0,20260115
012790,5910,5950,5840,5910,24691,145187180,0.0,70839712650,-42469750.0,748620.0,20260115
138070,2010,2015,1992,2010,7243,14508295,0.0,35181440040,-254590.0,-1.0,20260115
226330,3895,3920,3810,3875,322623,1241185829,-0.51,94001590625,127580230.0,11685.0,20260115
452980,2077,2080,2075,2075,15042,31247899,0.0,39227875000,-1016750.0,-3840373.0,20260115
474660,0,0,0,2100,0,0,0.0,11592000000,,,20260115
474930,2145,2160,2145,2160,486,1049715,0.0,7819200000,0.0,0.0,20260115
487360,2050,2065,2050,2060,755,1554800,0.24,11618400000,30840.0,-6150.0,20260115
487830,2100,2100,2080,2095,5046,10594310,0.0,9113250000,0.0,,20260115
496070,2030,2030,2000,2020,50973,102246350,-0.25,11352400000,2025.0,-100275350.0,20260115
056700,1752,1777,1726,1766,75512,132605697,0.68,51452570706,8989303.0,8133316.0,20260115
187270,3435,4320,3415,3695,4377015,16945481029,8.84,37481507275,-224366464.0,-24644700.0,20260115
243840,5150,5180,5010,5170,154764,788648605,1.37,199346074950,16414935.0,-12454040.0,20260115
257720,43200,43450,42300,43000,447400,19117347400,-1.04,2630392044000,585746900.0,-3473959300.0,20260115
222800,47600,52700,47100,52000,1831482,93748456525,8.33,1941795336000,17022983825.0,14104146725.0,20260115
036710,2385,2550,2345,2480,561689,1389993270,2.48,131012829920,-390164620.0,,20260115
444530,8600,8600,7840,7990,126996,1025509160,-7.09,51063155170,-181054930.0,,20260115
234030,11150,11470,10660,11350,2114648,23552686965,-0.53,267916750000,-103805560.0,-545282100.0,20260115
160980,13910,14230,13610,14210,141100,1951162340,1.43,155233493030,98836685.0,-397691920.0,20260115
356890,3860,3980,3850,3950,118337,464480172,2.33,47217608750,94999303.0,,20260115
217330,7140,8180,7000,7820,1686246,12878765895,9.52,180873057540,-225441390.0,82758540.0,20260115
208640,370,379,302,307,15941016,5119999723,-11.53,42746757978,-385534801.0,,20260115
222420,839,848,827,834,60398,50450617,-0.6,37913832654,-1084947.0,,20260115
037760,1783,1794,1759,1794,25590,45426096,-0.06,60696260274,-112356.0,,20260115
081180,16360,16480,16000,16000,410551,6626384235,-1.78,141208560000,-382711080.0,-75219625.0,20260115
099320,125500,130600,118300,125500,255303,32094814500,1.46,1374385389000,1413686350.0,2103919450.0,20260115
049960,13000,13270,12950,13140,18725,244977390,1.08,123516000000,-11481620.0,-31578000.0,20260115
088280,1734,1768,1717,1751,28409,49463598,0.98,30303663990,-12147557.0,,20260115
050890,7210,7250,7140,7250,354105,2546577455,0.14,440484871500,-12294085.0,-102426310.0,20260115
394800,15620,15830,15360,15700,180773,2821436460,0.13,498655173200,783196005.0,43269085.0,20260115
177900,6300,6300,6030,6200,109402,669615865,-1.59,59425760000,-70246280.0,,20260115
475400,33900,37150,33050,36350,500157,18080447700,6.13,425355413700,5298113475.0,195690250.0,20260115
109670,5740,5860,5640,5670,14704,83962645,-1.9,33093533340,-9490835.0,,20260115
066790,0,0,0,1493,0,0,0.0,97271994227,,,20260115
222080,6680,6690,6600,6690,319956,2124199820,0.15,517617602910,-243948710.0,136258630.0,20260115
352480,31050,31500,30700,31150,29323,905983975,-0.32,424571416150,6658625.0,-202557425.0,20260115
264660,15890,15910,15530,15820,114818,1798710320,-1.31,153788941040,-97716075.0,0.0,20260115
352700,2235,2250,2220,2240,42628,95097805,0.0,58860253760,-19499475.0,-17250205.0,20260115
458870,123400,133400,123400,131800,175196,22786797450,8.57,1669362984000,4327422150.0,-263439650.0,20260115
297090,5950,5980,5850,5950,162334,958429000,0.0,162256500000,-154739715.0,-282260135.0,20260115
900120,499,509,498,499,51480,25845846,-0.8,14998834216,-270966.0,,20260115
359090,896,896,870,882,122864,108418489,-1.67,50689172394,-19953857.0,,20260115
115530,332,336,326,334,69446,22904181,0.0,22699642000,-4280459.0,,20260115
388210,111000,111600,104700,110400,323402,34739823850,-3.33,1023704755200,-7580054050.0,-1345371300.0,20260115
115480,560,582,559,578,148983,84967166,2.66,35040994524,67496.0,6880862.0,20260115
376290,2925,2940,2890,2940,7140,20788770,0.17,51913050000,-52900.0,-1566250.0,20260115
189330,4290,4380,4160,4340,75251,317382172,1.17,40719112560,-74633045.0,,20260115
096530,24050,24200,23750,24150,121846,2919217100,1.26,1261257755100,597747925.0,64772600.0,20260115
101240,4040,4145,4000,4030,56484,227811994,-0.98,43771401700,7565820.0,,20260115
060590,4400,4435,4330,4370,56512,246060493,-0.79,105671057400,-67605240.0,-9387520.0,20260115
260930,4180,4215,4115,4200,57420,238243830,-0.47,81234682200,54113400.0,,20260115
413630,3880,4940,3880,4410,13170153,61316321186,11.79,160685520660,123767568.0,9304610.0,20260115
013990,4300,4345,4260,4340,98151,421558382,0.93,142731906240,8713335.0,,20260115
123860,16340,16480,16240,16470,25803,421238975,0.8,199672645050,-98583765.0,-290120.0,20260115
025980,7810,7880,7670,7790,2668501,20416388985,-2.87,737709385440,13956243490.0,-677200345.0,20260115
0015N0,9130,9300,9030,9220,150738,1380676735,0.99,117232761000,98392245.0,-10296140.0,20260115
125210,5920,6040,5850,6020,68669,405839170,0.5,99310675800,-20851370.0,11800.0,20260115
357580,7450,8110,7420,8060,70271,549420865,6.47,90935192920,29996200.0,16900160.0,20260115
052710,10420,10420,10050,10320,116202,1190134540,-0.86,150827924880,-199888440.0,297695460.0,20260115
074430,1563,1710,1550,1682,1278411,2104321784,7.68,147724751608,30801529.0,-3350000.0,20260115
092040,1650,1656,1455,1549,2152748,3269392676,-5.78,86325790137,293673553.0,-39033511.0,20260115
083930,12700,12700,12440,12610,41882,524136075,0.08,185080109890,-8787000.0,-6362895.0,20260115
149950,9120,9120,8810,9000,31616,282803660,-1.1,123009327000,27906420.0,1340.0,20260115
036010,7540,7940,7350,7810,128870,1003729115,3.58,103817814540,-99467455.0,30.0,20260115
050860,1881,1885,1877,1879,5658,10641219,-0.48,42277500000,-814709.0,,20260115
136410,9680,9680,9300,9440,37388,352897530,-1.56,104020360640,-111252650.0,85647500.0,20260115
246720,8160,8160,7860,8000,17361,137608895,-1.11,119319200000,-51382135.0,-4665290.0,20260115
450950,12370,12580,12230,12490,62386,773232810,1.05,468463579080,-365166210.0,292759260.0,20260115
067390,595,602,588,596,927739,551049432,0.34,240281917084,-146528559.0,-7105138.0,20260115
159010,4950,5180,4905,5110,66464,333921840,3.23,68140516290,-1426430.0,26765.0,20260115
127710,1130,1130,1100,1127,107626,120392208,-0.27,39336900414,2283009.0,0.0,20260115
154030,1990,2005,1989,2000,37274,74294736,0.05,24123734000,-12472615.0,,20260115
227610,783,783,767,779,44311,34318461,1.3,28137707468,3982226.0,687642.0,20260115
331740,17370,17990,16900,17740,290466,5049438775,2.07,172406030340,-87780775.0,-565110910.0,20260115
143160,18000,18100,17800,17880,26610,478422170,-0.67,191609053200,-35920200.0,-9178090.0,20260115
054800,11350,11540,11320,11420,4968,56622710,-0.17,118171373520,1930650.0,-23143430.0,20260115
332370,5100,5100,4975,5000,34736,174591315,-2.72,66368630000,12287320.0,-129622450.0,20260115
066430,2015,2140,1998,2070,775473,1608897812,2.73,81047695320,17300916.0,,20260115
339950,1894,1930,1881,1916,23821,45340604,1.16,86117790980,-24931.0,426150.0,20260115
469750,1351,1361,1330,1356,602102,807463558,0.15,46722988236,160427675.0,,20260115
460470,3000,3050,2890,3000,41576,122324955,0.0,45290610000,7139390.0,,20260115
099190,15320,15330,15000,15140,107239,1619395940,-1.17,417983999640,-57172020.0,-2552220.0,20260115
461300,14380,14650,14170,14500,31082,446678030,0.83,192834528500,-59251155.0,-3537050.0,20260115
289010,1687,1695,1635,1672,99239,163573075,-1.7,23316468032,-37728440.0,-55904008.0,20260115
214430,95800,95800,91800,92700,79554,7400743050,-1.59,677378830500,873466300.0,-308695500.0,20260115
040910,3900,3915,3775,3855,38627,147271661,-1.28,71603830125,-45235591.0,,20260115
368600,1040,1040,915,940,265776,253412868,-8.65,16486045240,13488419.0,,20260115
456010,15000,15590,14930,15310,265836,4040474630,2.07,212837384740,225931805.0,-30320.0,20260115
052860,2525,2575,2490,2575,43779,111052485,2.18,45996849050,-27564665.0,0.0,20260115
464500,3030,3210,2920,3160,284784,875796625,4.81,44123911080,-70338799.0,,20260115
212710,8480,8540,8250,8310,71175,592941080,-2.0,78201072180,-137100415.0,-66370.0,20260115
038880,158,159,154,155,892824,139099270,-2.52,58236782125,708770.0,,20260115
307180,3990,4165,3820,3995,1880579,7542254539,1.65,122455678825,15954289.0,12443860.0,20260115
101390,0,0,0,396,0,0,0.0,5140810224,,,20260115
461030,9610,9690,9160,9430,180417,1684067640,-1.77,132187382500,175667250.0,-55980.0,20260115
451220,9700,9700,9280,9540,35473,333694720,-0.73,75123788940,-144371540.0,,20260115
090150,730,733,709,727,54816,39654643,-0.41,30443338011,2428112.0,,20260115
123010,1046,1047,1021,1042,281442,290157464,-0.38,34030200764,11252427.0,,20260115
031310,1472,1472,1443,1461,34979,50886044,-0.81,38504717823,-13957534.0,,20260115
462980,1997,2035,1997,2020,58519,118057539,0.25,36833562740,10222543.0,-1555725.0,20260115
185490,1580,1604,1549,1600,197296,309020189,1.27,69167654400,11472672.0,,20260115
059100,4810,4825,4750,4795,12372,59262535,-0.52,33904773700,2172880.0,-62355.0,20260115
262840,1735,1742,1718,1739,36695,63460476,0.23,36751860795,-4836093.0,-6907199.0,20260115
175250,0,0,0,2170,0,0,0.0,81501658560,,,20260115
052460,2760,2760,2670,2745,67725,182287400,-0.72,40098784320,-22899950.0,,20260115
119830,6660,6860,6630,6790,258497,1738545975,1.65,158841586610,257893920.0,-109723600.0,20260115
052770,1372,1384,1012,1040,3657555,4131029194,-28.03,15151524960,-3952240.0,,20260115
124500,33000,34350,32550,33750,320430,10724389975,0.45,783152786250,-105325750.0,20915825.0,20260115
010280,995,1000,981,1000,178198,176057483,0.5,65123786000,-26411153.0,,20260115
232830,2200,2260,2145,2180,45976,100295771,-0.91,36043522680,21703319.0,,20260115
372800,4625,4625,4430,4465,13768,61879939,-0.67,26999810350,-8142364.0,,20260115
084850,9100,9160,8890,9160,44462,400764650,0.77,207775675440,79263080.0,-1808810.0,20260115
309710,30950,34950,30050,33900,198933,6614035125,11.15,433343733900,1282773675.0,778066325.0,20260115
114840,15210,15210,14620,14760,54022,797849140,-2.57,255641724000,-142055200.0,-233006720.0,20260115
027360,3120,3170,3035,3150,1039516,3211802999,2.27,381608028900,199609621.0,165035.0,20260115
032080,1326,1326,1240,1252,119822,151071477,-4.13,26906768308,4476099.0,,20260115
013310,3230,3265,3150,3225,938950,3001991382,-1.23,125151226950,632872424.0,9580.0,20260115
059120,15030,17970,14480,16120,9961365,160112520705,11.94,157147367520,-1827317330.0,-754719580.0,20260115
0007C0,26550,28450,26200,27600,307221,8520551800,5.95,220256942400,975402875.0,822483675.0,20260115
203690,0,0,0,4425,0,0,0.0,76921522875,,,20260115
158430,6170,6220,6060,6220,193540,1185757530,0.81,152278612240,-18099400.0,-2713210.0,20260115
200350,5370,5390,5290,5340,17816,94729000,-0.56,53378773500,17424690.0,20.0,20260115
321820,4040,4050,3820,3930,39784,156495630,-1.26,61274107680,-35225960.0,,20260115
001540,8000,8000,7830,7970,24844,196455380,0.5,103948087400,-37721570.0,-29412680.0,20260115
053800,60400,60400,59800,60000,26332,1580136000,-0.66,667590360000,-494273700.0,-293939900.0,20260115
065660,39000,39150,36450,37900,68831,2569950625,-1.56,379231190000,-242899750.0,-392654100.0,20260115
297570,939,947,916,922,39492,36575777,-2.43,31920762996,804296.0,,20260115
260660,4010,4370,4005,4195,732466,3083223060,3.58,64296853095,-221926161.0,,20260115
354320,38500,45000,37500,43200,470639,19776254550,10.77,276107659200,-16603375.0,305632200.0,20260115
361570,1850,1878,1811,1854,66664,122144810,0.22,53290061514,-7822184.0,12754556.0,20260115
131370,2365,2365,2325,2350,77616,181591185,-1.05,125177645050,-17479895.0,-3790970.0,20260115
140670,20550,22450,19830,21000,1538556,32321135135,1.2,269636640000,-2631913930.0,-104136905.0,20260115
096610,0,0,0,2965,0,0,0.0,51550708615,,,20260115
061040,1931,1960,1908,1945,83090,160168018,0.73,62413608755,-27562131.0,-10664.0,20260115
148250,3270,3270,3145,3150,61983,196718645,-3.67,29757016800,-12174795.0,,20260115
476830,159200,160600,152600,156000,280961,44447740050,-1.08,2170871352000,-3112966400.0,2794400000.0,20260115
347860,2080,2080,1967,2025,780012,1563328990,-2.64,78389696025,301207059.0,,20260115
196170,468500,479000,464000,470500,287350,135298463250,0.75,25174473254000,-3781559500.0,6388911750.0,20260115
123750,1543,1653,1522,1647,191624,306436425,6.74,20993151159,12800608.0,3844418.0,20260115
459550,3580,3650,3555,3620,450549,1623423514,1.26,90745323780,87135210.0,0.0,20260115
085810,604,604,583,583,305715,180518742,-3.48,35449485236,-16122716.0,23800000.0,20260115
043100,1900,1971,1800,1850,936292,1732753344,-2.63,37203648000,220751608.0,,20260115
117670,13500,14580,13500,14420,88552,1252357395,7.45,96062319640,-158223850.0,-8047200.0,20260115
314140,6630,6630,6270,6430,60097,382620295,-3.02,55724701230,-103249690.0,-11364080.0,20260115
291650,821,1034,820,950,5133821,4927375640,15.71,38244237400,-107756340.0,,20260115
293780,8460,8600,8400,8560,122897,1044283760,1.18,230104441600,-51093745.0,39470.0,20260115
310200,3180,3195,3100,3105,219836,687103812,-2.36,161965605780,-127961673.0,-48645997.0,20260115
179530,1908,1908,1838,1870,57985,107884993,0.21,30593908730,2504934.0,,20260115
397810,8260,8940,8000,8200,332821,2820879670,-0.49,42318314000,86694635.0,,20260115
900100,581,600,573,593,159308,93507443,4.04,27300114156,65579.0,,20260115
052790,6130,6130,6000,6050,23477,141558710,-0.66,68550359900,-45755690.0,1039700.0,20260115
290740,23650,23700,21450,22250,389697,8822219375,-1.33,223946494750,-1304708125.0,1479065075.0,20260115
238090,1802,1835,1753,1830,105850,189524024,1.55,43080584490,5017352.0,,20260115
092600,513,530,500,518,78738,40280728,1.37,12993261806,134503.0,,20260115
129890,990,998,970,984,376375,368772551,-0.81,44816872368,27866321.0,0.0,20260115
174900,51200,57600,49450,55800,598297,32302068350,9.41,1100906323200,-1010934850.0,-5517250500.0,20260115
109960,255,256,247,251,248724,62110558,-1.57,55418106519,-5412484.0,,20260115
270520,352,354,332,339,2069662,700134379,-4.51,66643720833,-144602549.0,-678.0,20260115
255440,10070,10070,9700,9830,38723,381716270,-2.38,128360140000,-126637260.0,,20260115
030960,7960,8010,7850,7880,42314,334147610,-0.88,125922400000,-19867140.0,,20260115
102120,11710,11990,11490,11980,276141,3234929665,1.78,213013420940,288946475.0,82680.0,20260115
238120,3560,3595,3510,3560,8764,31003755,0.0,51188869760,-12141290.0,,20260115
019990,7620,7620,7410,7560,80417,602212030,-0.92,73756025280,15303030.0,10.0,20260115
435570,12160,12430,11650,12000,107584,1281464485,-1.8,91403796000,6531250.0,,20260115
270660,22900,23750,22600,23450,1242528,28831627575,8.06,290102060500,2497052700.0,-401595475.0,20260115
038680,3485,3485,3400,3470,83246,285539555,0.43,69096867740,100019935.0,15.0,20260115
217480,0,0,0,499,0,0,0.0,54756837359,,,20260115
121890,1650,1728,1640,1662,33629,55491250,0.0,22090383252,-9737708.0,,20260115
304360,35200,36350,34100,35150,114760,4018188150,0.57,429646323600,-498012175.0,-357563175.0,20260115
389500,56400,59300,53500,56700,941395,52764465800,2.16,359132356800,-1847932300.0,386400350.0,20260115
042110,1243,1243,1232,1239,65887,81337467,-0.32,59880329796,-4598548.0,8.0,20260115
298060,825,848,793,793,292599,237988042,0.13,35053118568,20952027.0,,20260115
065420,241,241,230,233,669470,156530763,-3.32,16677510667,-6760801.0,-6752298.0,20260115
103230,4215,4215,4115,4165,26195,108551395,-1.19,29988000000,-8284490.0,,20260115
260970,72600,72600,68700,69200,26635,1856487550,-2.81,200178576800,-840673850.0,278731700.0,20260115
101490,61100,61400,58000,59800,834346,49268497400,-5.83,1275825764200,-4468067700.0,-4529072850.0,20260115
095910,1110,1155,1100,1149,406854,464400018,4.45,26315341329,71486515.0,,20260115
275630,2765,3065,2765,2845,84564,246690715,2.89,17121178705,-7621495.0,41210.0,20260115
031330,4190,4190,3975,4025,1176442,4749083922,-4.05,402480144675,-2202632198.0,-100042284.0,20260115
060540,1420,1420,1373,1395,71854,99682801,-1.69,36455961870,6240891.0,,20260115
056190,23050,23550,22850,23350,80078,1860395100,0.86,838469546000,444398250.0,-142355175.0,20260115
0008Z0,32450,34450,32300,33650,83951,2804682375,3.86,317540378600,132798375.0,-146648175.0,20260115
246250,0,0,0,1969,0,0,0.0,30220617614,,,20260115
041510,112600,114400,112500,112900,138836,15732574550,0.18,2584810501000,1300027500.0,-2973299000.0,20260115
460870,3555,3590,3485,3500,137931,484915775,-1.69,69819064000,-24958500.0,-78626945.0,20260115
007820,4620,5420,4595,5090,4730603,24090474230,12.61,101972785140,42253192.0,-708633222.0,20260115
464080,19170,23550,18800,22150,7114777,152897311095,15.67,394204325250,11436034915.0,87352550.0,20260115
109610,2710,2775,2695,2765,214567,587207597,1.1,135228961000,232263805.0,,20260115
365330,3170,3335,3145,3300,893710,2896598877,4.43,165564300000,855451211.0,,20260115
306040,8210,8350,7880,8200,179603,1456214415,-0.12,80899789600,32454355.0,229690.0,20260115
398120,3145,3380,3120,3200,120022,387852853,1.43,36191040000,16635743.0,,20260115
457940,2090,2090,2090,2090,1093,2284370,0.0,6917900000,0.0,2075370.0,20260115
472230,2050,2050,2050,2050,3783,7755150,-0.24,8517750000,0.0,0.0,20260115
473000,2035,2050,2030,2050,6988,14217040,0.0,6785500000,0.0,2009400.0,20260115
473950,2025,2025,2025,2025,5703,11548575,0.0,8950500000,0.0,-6506325.0,20260115
455910,2090,2095,2090,2095,16570,34640323,0.24,10516900000,0.0,10450000.0,20260115
475660,5220,5240,5140,5240,22340,115712170,0.58,41552335400,-6862800.0,32538930.0,20260115
096630,719,720,686,719,754686,532613760,0.14,57075381904,43196011.0,22042470.0,20260115
069510,13840,13990,13660,13910,14803,204229950,-0.64,151758100000,-48437415.0,-11884140.0,20260115
488280,28350,28350,26700,27450,187228,5087523525,-3.17,292596769350,167411050.0,-568069125.0,20260115
234300,3570,3600,3520,3550,53033,187585494,-1.39,96587619000,-39394470.0,,20260115
039440,30400,30500,29500,30000,404174,12089548775,0.67,474900000000,-627671525.0,-5218877475.0,20260115
098660,1848,1888,1846,1874,5283,9869479,0.59,23426829024,-194419.0,,20260115
052020,8200,8580,8040,8060,340638,2808613185,-1.59,547945325460,-24292805.0,,20260115
237690,125900,129700,124400,124900,96172,12119668350,-0.48,2585640331600,-188396800.0,-707514050.0,20260115
050760,1341,1341,1326,1330,21731,28920171,-0.82,21725121740,-5274.0,-7118560.0,20260115
288620,10420,10540,10020,10100,39020,393798290,-3.07,70491091600,-42796785.0,39950.0,20260115
443670,5170,5240,5040,5170,80807,413999530,0.19,127912996640,-39928305.0,,20260115
317830,14590,15190,14320,15030,2043637,30367911055,1.83,161930484540,1202247250.0,-23767770.0,20260115
058610,86100,99900,85800,96900,3144418,296422464250,11.25,2148986184000,33714911650.0,13116653400.0,20260115
043340,395,400,395,400,25646,10174469,1.27,38000000000,-127498.0,0.0,20260115
163280,12300,12390,11950,12200,48635,589838910,-0.89,82978775800,-2929135.0,-1781290.0,20260115
200710,31150,31600,30450,31350,192348,5959381125,-0.79,421369769700,-1083164000.0,-822182275.0,20260115
475580,10350,10500,10200,10400,76278,790252775,0.48,141698960000,-61370525.0,10340.0,20260115
096690,1730,1730,1598,1687,116404,192015291,-2.49,40719208411,40633639.0,,20260115
298380,193100,196300,190800,192600,503033,96970612500,0.21,10617106779000,5436223300.0,-18058782100.0,20260115
203400,3425,3680,3380,3495,1594441,5568416937,2.64,314904057480,-1095063876.0,,20260115
195990,196,200,186,189,5069284,963261824,-3.57,53806357269,49793495.0,-189.0,20260115
003800,30650,31100,30600,31050,4325,133233550,0.65,344344500000,-1324100.0,400.0,20260115
088800,2845,2845,2720,2790,233178,641698037,-1.93,210662950860,-13296539.0,-6874870.0,20260115
241840,7340,7460,7250,7440,46733,343110040,1.36,70977555360,-41902240.0,80.0,20260115
364950,7270,7390,7070,7230,161705,1160928390,-0.82,59983297350,80154500.0,,20260115
453860,16120,16230,15850,15950,9291,148753590,-0.68,90232579250,-38030380.0,-50.0,20260115
312610,1426,1540,1417,1471,74477,110862275,3.16,29797882248,-6833194.0,,20260115
172670,11680,12000,11600,11950,39304,461062690,-0.33,107075095050,-136593040.0,,20260115
481070,20750,21150,19950,20900,34996,715646150,0.48,295944000000,-75394580.0,164379230.0,20260115
060900,574,590,531,554,522977,289716315,-6.73,44221093272,16781845.0,,20260115
445090,27900,28900,27550,28700,172659,4755434425,3.24,312016642000,184319600.0,2948612450.0,20260115
295310,82100,93900,73800,75300,1319234,106029710550,-5.28,896215404300,-4106232900.0,-5338036600.0,20260115
072990,5560,5590,5440,5500,41969,230344335,-0.72,79234133000,-28353630.0,,20260115
044990,18350,18830,17900,18400,169931,3119565770,-1.34,141411820000,-203308215.0,-174859710.0,20260115
239610,8000,8000,7700,7770,2509,19644690,-2.26,41896733550,2741320.0,150.0,20260115
036170,1706,1706,1446,1508,4108222,6219008685,-11.97,92539364008,-62063058.0,,20260115
462020,2080,2080,2075,2080,1448,3007300,0.24,9037600000,0.0,722100.0,20260115
477340,2020,2027,2020,2027,50836,102942025,0.1,15222770000,397940.0,99252585.0,20260115
148930,2995,2995,2930,2960,7256,21376979,-1.17,30118630480,433539.0,,20260115
044780,1336,1336,1305,1312,31994,41959434,-1.8,24279592544,963726.0,,20260115
357230,2445,2455,2390,2430,30548,73789261,0.83,100343146680,-2404723.0,5861085.0,20260115
355690,4010,4150,3955,4060,23471,94718840,1.5,21944218800,-17550100.0,,20260115
071670,11000,11150,10520,11050,292497,3187599755,0.45,110500000000,52395480.0,21880.0,20260115
045660,9840,9910,9650,9910,74666,728915750,0.71,81856600000,-224884500.0,9640.0,20260115
224110,9620,9820,9410,9790,32620,313851710,2.09,52278600000,47163335.0,21269610.0,20260115
021080,2670,2735,2670,2720,163493,441604375,0.74,130560000000,-135722920.0,32511114.0,20260115
200470,8070,8540,7840,8500,1817204,14977473045,4.81,360077790500,950381020.0,,20260115
262260,4950,5010,4820,5000,50080,244724277,1.01,72340760000,18015135.0,-44205.0,20260115
397030,51600,51700,49450,50500,346302,17425509725,0.4,1172020463000,2149558175.0,-4111459150.0,20260115
0009K0,55600,56100,54000,55700,266196,14653183050,0.36,3573498167700,442687500.0,-40034250.0,20260115
230240,12610,12610,12200,12590,73978,913470905,-0.32,167560310000,91879890.0,-254013620.0,20260115
159910,743,766,705,706,282036,204914066,-4.98,36948852410,34005929.0,,20260115
230360,15920,15930,15910,15930,270278,4303417460,0.13,493810214940,148387295.0,1491760145.0,20260115
038870,2965,3030,2950,2965,66629,197815990,-0.84,41554323785,-22545724.0,2965.0,20260115
097780,805,810,800,800,25517,20483538,-0.25,54184270400,2324140.0,1244.0,20260115
448280,10150,10150,9880,10110,30424,302900205,1.1,299570714190,-12737605.0,,20260115
101360,17200,17590,17010,17590,85395,1478179290,2.45,312857745260,-107377090.0,-12098690.0,20260115
128540,3025,3325,2790,2845,10076134,30596310077,0.0,75934358700,-46221946.0,,20260115
086520,93600,95500,92600,94700,1164784,109540084950,0.53,12858001594400,-2047252200.0,3741354800.0,20260115
247540,149900,151600,147300,150600,345964,51690771350,0.47,14728882406400,-8615534500.0,1688644850.0,20260115
383310,23400,23800,23000,23700,80405,1879052350,1.28,497105888400,146041750.0,-5130750.0,20260115
038110,3230,3235,3150,3200,385180,1225995702,-0.62,131741984000,20032335.0,0.0,20260115
073540,2060,2080,2040,2045,14969,30731675,-0.73,23313000000,-229745.0,0.0,20260115
064850,8680,8700,8530,8700,15059,129369090,0.0,99269888400,-31390480.0,-255150.0,20260115
036810,29650,30600,29600,30600,102940,3102082975,0.66,671864248800,108142300.0,308197850.0,20260115
173940,3995,3995,3845,3955,2077,8140355,0.38,60878555640,-943325.0,,20260115
083500,13450,13480,13080,13360,98679,1301119980,-0.67,114571645920,-312684430.0,1900830.0,20260115
054940,646,652,636,638,131652,84266269,-2.15,21164723624,-5811544.0,,20260115
950130,3940,3940,3780,3875,88457,338527185,-1.65,146195349000,-53852450.0,-7630670.0,20260115
373110,1609,1698,1600,1620,68591,110812263,0.68,28016918280,-22341986.0,,20260115
205100,1905,1918,1877,1916,303740,574461186,0.58,136921782128,-20421699.0,30282701.0,20260115
356680,7390,7430,7140,7390,103838,753559775,2.07,210936405880,12488740.0,,20260115
070300,1618,1618,1451,1500,389529,585590099,-7.86,34960617000,-40247888.0,,20260115
317770,2580,2630,2510,2580,171264,434608322,-0.77,85849966980,-96535009.0,,20260115
373200,590,590,566,582,651115,375502803,-1.36,64023105552,-47575336.0,,20260115
069920,682,684,651,667,211184,139832193,-3.05,31003900203,-31262085.0,,20260115
092870,16380,16640,16200,16520,262717,4313748270,0.67,215599166440,-604602220.0,436200200.0,20260115
317870,9570,9570,9240,9490,20598,192691180,-0.21,81106465310,475220.0,,20260115
067570,2340,2355,2290,2355,130086,302173398,0.64,99310350000,-10569966.0,-25719330.0,20260115
0004V0,20100,22500,16540,19980,18929443,374788655260,12.82,207881270640,-2990669660.0,1828296670.0,20260115
236810,1964,1970,1912,1970,46654,90054098,0.0,33441589220,-8339413.0,8.0,20260115
333620,6320,6400,6200,6400,16324,101958145,1.27,67560601600,-3397700.0,20.0,20260115
101400,362,370,342,365,3809748,1335414563,-1.08,25714516450,-12250803.0,12054066.0,20260115
475230,17050,18000,16410,17210,404439,6983548870,2.87,180874329190,105640695.0,-702301445.0,20260115
078860,1030,1074,1000,1073,84912,88620093,3.97,63695701761,-3377045.0,,20260115
451700,0,0,0,2105,0,0,0.0,30206750000,,,20260115
466910,0,0,0,2135,0,0,0.0,19428500000,,,20260115
481890,2135,2135,2130,2130,15,31975,-0.23,13514850000,0.0,0.0,20260115
0054V0,2000,2005,1998,2000,36473,72941377,0.05,12433000000,447776.0,0.0,20260115
265740,4355,4370,4230,4260,70596,301362453,-2.96,76098936000,-68439842.0,,20260115
354200,1382,1396,1370,1391,62299,86416726,0.29,34828036048,485211.0,0.0,20260115
455900,31100,37700,30900,37500,3005549,106846041150,19.24,570676987500,18223063750.0,1364809725.0,20260115
419080,9440,10500,9100,9790,1498332,14684507485,6.76,104289316230,-223622950.0,-120120.0,20260115
183490,1345,1345,1270,1318,464845,603387344,2.65,112116410716,26160816.0,-72262528.0,20260115
182400,0,0,0,3685,0,0,0.0,263029901475,,,20260115
348370,63400,64800,63000,64700,113865,7265292800,1.09,1413703799200,-713402850.0,751847950.0,20260115
069410,4900,4970,4765,4950,23876,116436446,1.02,50711878800,8002249.0,-6003135.0,20260115
227950,329,332,326,332,290663,95710937,0.91,57283627604,-11616081.0,,20260115
291230,1250,1440,1138,1159,18114001,23705906287,-0.09,51107003225,-170026492.0,0.0,20260115
048830,936,940,927,939,14627,13670059,0.32,17581763697,887396.0,,20260115
096870,2375,2500,2355,2495,91035,221001007,4.61,20828257505,-21899478.0,,20260115
290650,55200,56700,54900,55400,220232,12218533800,1.09,1376250290200,3069590950.0,-282328500.0,20260115
156100,12900,13320,12500,12870,160785,2070523645,1.26,280392319350,107685295.0,28384670.0,20260115
0041J0,2000,2010,2000,2005,15509,31094185,0.0,8240550000,-2000.0,30512090.0,20260115
073110,4695,6010,4640,6010,519316,3036522355,29.95,53463487550,-35256120.0,,20260115
083310,12370,12520,12200,12510,70415,867619230,0.64,222803512830,78693915.0,62500.0,20260115
037950,860,860,834,834,371809,313269051,-0.83,70429230846,-13504141.0,,20260115
489500,29650,30600,29000,30600,159911,4789568525,3.2,192108513600,-800068125.0,-1246225.0,20260115
170920,22550,23750,21950,23600,217166,4996649550,4.42,249313373600,-686738375.0,1202777775.0,20260115
058630,5760,5790,5560,5630,91016,511186845,-2.09,110032027510,13285860.0,-11647180.0,20260115
226590,15230,16390,14810,15750,350678,5583249135,3.41,167434848000,-172589730.0,-244527130.0,20260115
058970,34450,34950,33700,34550,82032,2793041075,-0.58,427022037900,-259984600.0,-168596925.0,20260115
169330,1845,1845,1800,1823,2265,4088825,0.16,33391741514,521653.0,,20260115
373170,7110,7540,7040,7490,13868,101127670,5.34,37734095700,16791955.0,,20260115
179290,6820,7030,6740,7000,126764,867723660,2.64,226559746000,-56549760.0,-39840.0,20260115
009780,7330,7350,7120,7250,72297,518828720,-1.09,127600000000,18650810.0,,20260115
123040,2380,2380,2315,2370,282754,664247084,-0.63,148429068630,47617406.0,-21721925.0,20260115
432980,3315,3330,3250,3330,4908,16071308,-0.3,28610500860,3151.0,,20260115
413390,7990,8260,7500,7900,677272,5331533385,3.4,91483422000,227536640.0,-56000.0,20260115
032790,1109,1116,1050,1075,414630,444252551,-3.07,55212227900,47509198.0,,20260115
033160,8670,8800,8510,8720,191400,1656211000,-0.23,197041305600,406079645.0,16258105.0,20260115
347890,6510,7360,6430,7090,604133,4240652415,8.91,119914616360,452746345.0,-14702770.0,20260115
033310,1757,1780,1722,1732,62327,108375370,-1.42,69872744092,-44437556.0,,20260115
259630,11010,11450,11000,11450,78528,880692765,2.23,139205161200,-123526110.0,50268140.0,20260115
105550,1327,1450,1300,1412,1612197,2223479877,7.38,110569556012,64370193.0,,20260115
060850,6050,7340,5930,6520,602844,4115304360,8.85,53014120000,-40976110.0,-28352100.0,20260115
143540,890,897,862,865,91146,79398563,-2.81,38578909175,6244826.0,,20260115
265560,7400,9450,7330,8810,4026390,35802365025,18.73,94180485800,-585774215.0,-23001850.0,20260115
036000,3105,3185,3010,3040,86266,262477020,-2.09,70024202080,-19285315.0,,20260115
250930,470,476,462,467,54364,25436945,-1.48,15411205480,-8437695.0,,20260115
053280,3540,3565,3525,3525,50173,177407746,-0.7,88125000000,8079629.0,10650.0,20260115
122640,17910,17910,17280,17790,73404,1281959610,-0.06,379813315590,-461700540.0,683240.0,20260115
476040,32200,33200,32200,33100,97905,3199642225,1.85,217803461500,-315107050.0,-11674875.0,20260115
900300,181,182,168,169,8778148,1513923776,-7.14,42419824044,-647695258.0,,20260115
045060,2355,2375,2340,2355,24437,57542665,0.0,39898348770,271340.0,-9009445.0,20260115
192410,920,945,888,931,246884,226092693,2.31,43441924463,12919556.0,-34257336.0,20260115
080520,3045,3155,3040,3140,25106,77541550,3.12,35552389380,4401545.0,21133930.0,20260115
039830,14300,14790,14260,14650,91185,1320087120,1.88,157676338500,182176930.0,239679430.0,20260115
322310,24100,24200,23000,24200,63815,1512502825,0.41,226670316400,-133132875.0,-155916125.0,20260115
046120,4075,4075,3990,4060,404155,1622038032,-0.37,112476957040,-332914824.0,-3573415.0,20260115
475830,119500,120500,116500,119100,290520,34550673450,-0.33,2528775028800,-6228100400.0,3824423250.0,20260115
014940,8460,8660,8400,8590,311015,2657693280,3.0,391477747990,-49301035.0,31859440.0,20260115
065500,2475,2475,2385,2435,307723,742185828,-1.62,77293990720,-110323139.0,,20260115
010470,5720,5790,5700,5790,13468,77267850,1.4,69335539500,14245960.0,-230.0,20260115
417860,10770,10900,10460,10770,14212,151350545,0.0,50585677620,22569420.0,10630.0,20260115
352910,6320,6450,6100,6440,135249,855228595,3.21,81387444880,76750560.0,-5128890.0,20260115
053980,3345,3345,3260,3295,38877,127737255,-0.9,62548269985,-26348275.0,,20260115
036220,10970,11100,10850,10990,5629,61538240,0.18,159458481840,20794470.0,-612660.0,20260115
052420,1433,1438,1420,1438,442018,630500676,0.35,135784130716,-48663721.0,0.0,20260115
052300,2290,2290,2210,2235,22509,50243525,-2.61,37693594605,270490.0,4071875.0,20260115
039200,44200,44350,43100,43850,271751,11876673875,-0.45,1677621017600,4490674525.0,-4541680500.0,20260115
226400,6390,6420,6240,6260,106611,670383410,-2.03,129341622260,-134249920.0,145350.0,20260115
031510,1036,1036,1005,1019,36856,37592762,-1.64,28532000000,480543.0,,20260115
342870,7920,7920,7600,7650,36037,276936300,-3.65,44810785350,-54926970.0,972800.0,20260115
368970,1916,1941,1916,1916,17921,34370079,0.0,17907242560,-4271174.0,0.0,20260115
138080,15100,15100,14540,15020,123238,1820086970,-0.07,175412692160,-199310080.0,-268400125.0,20260115
080580,10650,10840,10120,10710,319937,3335614740,0.56,216140394960,67456415.0,-49374745.0,20260115
067170,1903,1924,1893,1918,85801,163647618,0.79,45824098390,21314113.0,0.0,20260115
353590,3605,3605,3455,3525,163095,570434721,-3.16,45386384250,-9651236.0,101340.0,20260115
173130,6400,6510,6360,6500,33104,213200470,1.56,84802074500,-20601600.0,0.0,20260115
440320,3655,3735,3605,3665,42269,153941500,0.27,36026950000,11210140.0,,20260115
049480,2345,2355,2300,2335,158744,368009950,-0.64,73371264305,-37583300.0,,20260115
394280,13400,13450,13000,13450,212967,2805629970,-1.18,296701337550,-88255895.0,32222170.0,20260115
476060,19700,19760,18700,19160,690552,13207635775,-1.59,852425832560,-1065895365.0,-331273665.0,20260115
382150,8850,9120,8850,9050,110366,992346640,1.46,108856449850,249617430.0,-45218700.0,20260115
244460,0,0,0,1651,0,0,0.0,13402000755,,,20260115
226950,135800,139800,132700,136300,324055,44396495100,1.64,2751881052900,-10210978650.0,7333150800.0,20260115
057540,784,797,777,783,108898,85113045,-0.25,46548844965,-2546083.0,,20260115
131030,6790,6990,6720,6870,58898,406249180,2.38,121232073300,-4056300.0,,20260115
082210,1900,1919,1728,1765,299998,538124188,-5.97,58584540110,-38523865.0,,20260115
109080,8020,9640,7990,8710,891897,7983873780,8.6,49089560000,-158895010.0,,20260115
380540,2600,2815,2485,2785,2762906,7474866386,9.0,135888970095,1126650798.0,,20260115
153710,5120,5240,5060,5150,23386,119160980,0.59,75550283700,-10026150.0,,20260115
432430,3950,4025,3950,4020,34309,136662227,0.88,66363446400,751178.0,,20260115
338840,24400,25000,23450,24600,108602,2611507925,1.86,373380792600,-240954650.0,385972425.0,20260115
122990,5800,6040,5740,5970,151150,898153750,3.11,159035313570,200946610.0,-62811880.0,20260115
232140,15000,15320,14850,15250,436502,6555394730,-0.2,1251191587500,-685538400.0,469344395.0,20260115
112290,19930,20200,19710,20150,70025,1397055360,1.1,203727481750,12334240.0,342600.0,20260115
065530,1258,1296,1254,1288,45604,58280184,2.38,61616321592,-6051499.0,1906.0,20260115
067900,6550,6620,6430,6430,39517,255893015,-1.68,117023807370,-33418725.0,-18474050.0,20260115
007530,2340,2440,2335,2400,38482,91824155,1.91,53410154400,-3494720.0,16630.0,20260115
155650,3675,3785,3605,3785,47544,175698715,2.99,73710445030,-4657260.0,,20260115
273640,7880,7990,7730,7900,23881,186421375,0.13,86631400000,-13504735.0,50.0,20260115
251370,11250,11300,10800,11140,193536,2132545710,-0.98,196331471400,767919600.0,-1394331330.0,20260115
209640,4100,4250,3950,4180,733093,3000386443,1.7,118892350280,143702554.0,0.0,20260115
096250,10220,10300,9900,10220,107047,1075707045,-0.87,133846597920,194239790.0,-43613085.0,20260115
273060,834,845,829,834,70041,58440488,-0.12,42083291388,3699046.0,-22159624.0,20260115
019210,5230,5360,5180,5350,134777,713006045,2.69,179619931650,53391805.0,-2860630.0,20260115
122870,67900,70900,67100,69400,423696,29303954400,3.58,1297158800600,2628284650.0,2502120100.0,20260115
079000,6800,6940,6620,6730,6922,46607160,-1.03,48456000000,-5850110.0,7308240.0,20260115
403490,1440,1440,1411,1420,205716,292205864,-1.59,65224098880,-42958310.0,0.0,20260115
032820,4045,4055,3980,4035,2026212,8112722497,1.38,672863647650,-56260004.0,68135278.0,20260115
041190,7570,7660,7450,7550,511565,3849164385,0.4,634200000000,-423358130.0,-30124720.0,20260115
115440,7330,7420,7140,7360,408664,2960520775,0.27,79445989120,176921895.0,2341420.0,20260115
046970,1325,1359,1313,1350,645998,863112242,1.89,59163748650,-2468469.0,,20260115
082850,1974,1980,1962,1965,174359,343201945,-0.35,95217175770,63527006.0,,20260115
215360,8660,8800,8470,8700,68897,597171275,1.28,79449818100,63109810.0,-10.0,20260115
072470,3260,3265,3165,3235,54432,175057653,-0.77,61100548135,53423660.0,-14398465.0,20260115
073560,1513,1529,1495,1517,73277,110641794,-0.52,105033504431,-35680231.0,-535727.0,20260115
037400,945,953,940,953,35197,33306020,0.53,24990848738,-198452.0,-8784120.0,20260115
153490,660,675,655,669,15497,10256118,1.36,34440120000,-639140.0,-1328006.0,20260115
101170,20950,24000,20350,22550,3986536,88761272675,8.67,304425000000,-2609974150.0,1636683450.0,20260115
066590,3880,4135,3550,3670,7178969,27234322340,-0.14,141948028790,-201131.0,4110237.0,20260115
103840,3125,3140,3000,3015,233605,708481674,-3.52,49344780420,36395450.0,,20260115
101970,11850,11850,11550,11620,14699,171275185,-1.27,171859904580,-47491740.0,-2730700.0,20260115
046940,3335,3385,3220,3265,78425,255468870,-1.95,59012752750,-40761330.0,,20260115
215380,2030,2030,1922,1962,160959,314105804,-2.39,33019628112,-9060324.0,,20260115
065680,32100,32400,30950,31600,28019,878786350,-1.4,291998883600,13700100.0,24800.0,20260115
018620,799,809,795,801,27602,22099114,-0.74,23140323693,283780.0,,20260115
457550,22100,22100,21650,21900,63670,1387238375,-0.45,204085180200,-12996425.0,-35565925.0,20260115
396470,6990,7040,6890,7000,78624,545767160,-0.57,112840000000,-66341550.0,,20260115
307280,6560,6560,6350,6540,22703,146399955,-0.3,46398860580,-13337805.0,23742250.0,20260115
032940,13450,14070,12900,13990,519545,7095338995,4.01,254523287700,1064911280.0,-13320.0,20260115
240810,76400,78200,75500,77800,558639,43106876650,-0.64,3818727497800,-10773184750.0,10349811450.0,20260115
074600,23200,24750,22900,24450,991740,24010259975,5.39,642741600000,911765800.0,4665292725.0,20260115
104830,32800,33300,32300,32900,69218,2264540150,1.54,414803200000,-14625800.0,-463359200.0,20260115
014190,2025,2035,1963,2030,1297328,2591662696,-1.22,71861809180,103583511.0,-32260215.0,20260115
217820,3810,3955,3665,3920,444254,1691405314,2.75,186021871280,-8504915.0,56290050.0,20260115
030530,40650,42950,40400,42400,2196532,92292389075,2.91,3274890394400,3237532350.0,1653060300.0,20260115
012620,7930,8010,7850,7990,5260,41585630,0.63,35156000000,-2326680.0,-22247550.0,20260115
136150,17510,17950,17350,17870,56366,986453325,2.11,149769006100,125388180.0,-440.0,20260115
382840,7430,7540,7340,7520,58786,434373875,0.8,114842289120,44570130.0,7390.0,20260115
336570,8330,8400,8170,8250,529826,4366482680,0.24,742243400250,-1761569395.0,230245805.0,20260115
376980,3355,3390,3325,3370,16529,55438470,-0.88,32912747780,1804330.0,3370.0,20260115
008370,4905,4985,4780,4870,6403,31132075,-1.52,58440000000,4238005.0,,20260115
008290,451,453,442,448,25912,11592337,0.22,18230768192,-4847020.0,,20260115
101160,21750,22200,21550,22000,75186,1638163925,0.23,363241846000,144426000.0,-423280600.0,20260115
336060,965,983,936,981,442249,421665771,1.66,47240251200,48431436.0,337221.0,20260115
095270,4795,4795,4555,4600,59663,273931462,-1.08,66113067600,15838878.0,20593620.0,20260115
289930,10220,10520,9980,10500,137267,1400400500,2.74,131455726500,-101656395.0,-62936190.0,20260115
065950,1606,1607,1596,1601,65508,104782332,-0.37,45198314502,-10321694.0,,20260115
076080,1074,1074,1027,1030,45778,47599181,-2.37,23271980680,-4772738.0,0.0,20260115
043590,680,680,610,632,156736,99167098,-5.53,17150433584,-906933.0,,20260115
196700,1905,1940,1855,1894,64021,120976117,-1.56,27205688736,37968524.0,,20260115
069080,12580,12580,12280,12390,58007,718349235,-1.59,428704952760,-263051990.0,-81532385.0,20260115
053580,9750,9750,9420,9610,57378,547934955,-1.44,131044343280,-52806585.0,-1028340.0,20260115
479960,10170,10180,10050,10100,7138,72107400,-0.69,69195100000,1003490.0,,20260115
377460,0,0,0,4080,0,0,0.0,253187202960,,,20260115
044340,5030,5030,4920,4985,24427,120659200,1.22,89099023625,-9442575.0,14800.0,20260115
330350,7690,8880,7550,8020,3986549,33162807980,4.97,105881154780,-1371202525.0,-1591240.0,20260115
348350,8400,8470,8320,8470,38364,320694730,0.24,86255092000,-23167630.0,58474100.0,20260115
112040,28300,28400,25850,26950,420967,11345297750,-6.59,914911616850,-3272317875.0,-1234352500.0,20260115
101730,6210,6290,6030,6110,88140,537009565,-2.86,512038077460,-236686740.0,-7942250.0,20260115
123420,7950,8000,7600,7710,41530,318075600,-3.02,81358495140,-66807360.0,10.0,20260115
065370,5320,5350,5200,5280,17122,90458210,0.19,38987277120,-5357640.0,,20260115
038620,576,588,576,588,172686,100342242,0.86,44528925420,7494840.0,,20260115
299900,672,688,641,646,960854,633975824,-4.3,110497579064,10512558.0,-23226852.0,20260115
036090,637,640,625,630,343238,216065038,0.0,74587138920,-24951941.0,,20260115
459100,6660,6690,6540,6650,55188,363867950,-0.75,88877250000,22821150.0,,20260115
136540,10850,11050,10760,11050,19013,207092100,1.47,135691193300,-25728050.0,51004500.0,20260115
097800,535,540,515,526,436685,228222071,-1.68,71772820454,-35217013.0,,20260115
192390,2150,2220,2115,2195,34760,75375560,2.09,24215742655,-8870740.0,21673085.0,20260115
335870,1661,2150,1636,2150,3005269,6214035410,29.91,36013516950,-39595892.0,,20260115
900340,803,805,785,797,108687,86362229,-0.87,40113749616,-1331575.0,,20260115
036200,9910,10070,9840,10010,180437,1794100410,0.0,306948872230,-305192565.0,-111606925.0,20260115
018000,1098,1100,1059,1073,1437348,1539394740,-2.28,263054257166,-32553830.0,-4067904.0,20260115
203450,2930,3180,2915,3160,271247,840605192,9.72,44489662120,100855016.0,858290.0,20260115
011320,4265,4290,4185,4260,41805,176306587,-0.12,82306160700,-14432160.0,0.0,20260115
086390,12170,12170,11650,11990,154050,1826786925,-1.72,253398170740,153520420.0,-435482350.0,20260115
241690,3545,3615,3465,3600,135425,478627053,3.0,88094541600,42218115.0,-15667205.0,20260115
142210,6880,7320,6660,7210,1519656,10821607520,4.19,151482611910,-114745990.0,133188910.0,20260115
389680,528,541,516,536,314281,166791010,2.1,22293561240,-3189079.0,,20260115
088340,13300,15260,12890,13950,344959,4926520365,5.12,60882933600,-331841785.0,-1560.0,20260115
048430,8160,8640,8040,8280,204609,1714332100,1.47,95385600000,46334980.0,0.0,20260115
206650,11360,11390,11100,11220,145839,1636275405,-1.23,411463284540,-192581755.0,-214208590.0,20260115
089850,5350,5360,5240,5320,44228,234011760,-0.56,78364658680,-55749220.0,-148960.0,20260115
084440,1075,1111,1075,1096,26126,28504341,1.95,21605228800,2035430.0,,20260115
032620,3850,3850,3760,3845,68943,262238022,1.05,200697999455,3796524.0,12690385.0,20260115
264450,9220,9260,9110,9220,14115,129452815,0.0,135215845460,771375.0,-995760.0,20260115
078070,10630,10630,10320,10430,12196,126806455,-1.88,183617771960,-65078115.0,420.0,20260115
024800,2815,2815,2610,2625,304325,812080530,-7.89,97261006500,-52783375.0,-748745.0,20260115
054930,21900,21950,21600,21950,12168,264763250,0.23,65850000000,17365800.0,-24152850.0,20260115
069330,1052,1084,1052,1077,35614,38018647,0.94,15283805007,-1919135.0,,20260115
049520,3360,3400,3325,3355,195851,655870377,0.15,108190040420,-123038650.0,285869555.0,20260115
444920,2080,2090,2080,2090,31506,65675290,0.24,10951600000,0.0,6265.0,20260115
446150,2130,2135,2130,2132,9245,19699449,0.09,10169640000,-300325.0,0.0,20260115
450940,2092,2095,2092,2095,22527,47186484,0.24,9511300000,0.0,5286484.0,20260115
473050,2050,2055,2050,2055,18304,37523205,0.24,14405550000,0.0,21385605.0,20260115
474490,2030,2035,2030,2035,7582,15428105,0.25,11212850000,0.0,14914515.0,20260115
493790,2005,2005,2000,2000,504,1009950,0.0,10620000000,0.0,-779870.0,20260115
263770,1854,1855,1821,1827,19044,34921771,-1.51,43300214244,-10366.0,,20260115
388720,85600,91400,84800,90700,397389,35375229350,4.73,1060899306500,3347324250.0,1608715650.0,20260115
340930,1039,1046,1000,1027,1690511,1725915981,-1.91,54435570150,153923727.0,-144619540.0,20260115
023410,3530,3555,3487,3540,311196,1095272599,0.28,273680455020,190720413.0,6749455.0,20260115
056080,22350,22800,20700,21500,4991284,106663807050,7.5,806511268000,4430334575.0,2593401375.0,20260115
468760,2105,2115,2105,2115,12417,26250130,0.24,8967600000,0.0,0.0,20260115
488060,2035,2050,2035,2040,281,572020,0.25,9628800000,-103785.0,,20260115
0105P0,1990,1995,1988,1989,15309,30474205,0.05,11257740000,914799.0,14936460.0,20260115
084370,83000,83900,81000,82300,208254,17019740800,-2.14,1885990256600,-2130484300.0,-3119616700.0,20260115
240600,3740,3820,3700,3740,26121,97875996,0.0,25911284740,18472042.0,0.0,20260115
221800,6070,6130,5460,5580,1453409,8292635830,-8.07,75576613680,290244265.0,85615150.0,20260115
179900,21150,21700,20850,21550,44362,942857400,0.23,426483378600,-136160000.0,34430000.0,20260115
263050,875,886,847,866,146706,126464234,-1.03,31898985296,1513179.0,,20260115
191410,2670,2675,2580,2640,184553,482913447,-1.86,29579233200,68049575.0,132735.0,20260115
372170,29650,30050,29000,30000,15158,446987675,1.35,239371440000,14296250.0,54152600.0,20260115
146060,1411,1472,1393,1461,383497,553543481,3.54,35086784295,-40287227.0,7533.0,20260115
039020,3885,3885,3830,3880,56560,218081610,-0.13,87628670920,-21515930.0,-5572685.0,20260115
067920,5100,5150,5030,5130,33714,171078430,-0.19,56410090470,-15878475.0,8242005.0,20260115
044960,4155,4175,4060,4120,119928,490603923,-0.84,52084557960,-9718270.0,-19579885.0,20260115
303530,5450,5540,5300,5450,14661,79573885,0.0,39999179550,-2215880.0,30.0,20260115
296640,5190,5340,5120,5240,17872,92603020,0.96,27134040480,-21488260.0,,20260115
302430,6740,6830,6670,6810,30898,207649430,1.04,66964146480,-29864515.0,,20260115
462350,24100,25400,22350,23000,3387388,79821324975,-1.08,474283667000,-2996990925.0,-2777521850.0,20260115
274400,4000,4095,3970,4060,17179,69069061,0.74,36891161580,2711875.0,,20260115
073490,23500,23500,22850,23150,57542,1326369825,-1.49,176029034900,11925350.0,28881150.0,20260115
215790,605,629,605,623,172731,106538213,2.13,25096401827,-1417007.0,,20260115
344860,1741,1952,1701,1826,937723,1746840625,4.88,21966780000,-76993871.0,,20260115
469610,23800,25300,23500,25200,247948,6090473975,6.78,223697880000,688595600.0,106282450.0,20260115
088390,8950,8960,8750,8960,38208,337189260,0.79,84097162240,26279740.0,,20260115
272290,25600,25700,24550,24900,361951,9051757425,-1.19,496198684200,-917779600.0,245723125.0,20260115
053350,4770,4825,4365,4430,214617,968046037,-1.23,101983317950,-432536460.0,-1259780.0,20260115
452400,10530,10650,10300,10550,30997,323155715,0.29,95703565400,48942870.0,10390.0,20260115
264850,6700,7670,6590,7320,8479948,62182010840,10.91,221756559840,1445678180.0,,20260115
054210,8690,8840,8500,8740,123407,1067302255,0.58,221045175400,131495720.0,5339710.0,20260115
009730,585,596,566,574,389994,224275306,-1.37,35517496728,4128088.0,,20260115
065440,1395,1395,1361,1393,176665,242624300,-0.07,37994102860,1062477.0,0.0,20260115
424870,11400,11590,11320,11500,620221,7093722685,-1.12,852898293500,700219695.0,258463080.0,20260115
115610,1204,1221,1151,1219,371796,440001160,0.0,28814158822,-55182657.0,,20260115
478110,2020,2030,2020,2025,26357,53372530,0.0,10165500000,2612275.0,50718150.0,20260115
131400,1448,1452,1425,1445,527223,758771076,0.35,86110269490,131521.0,,20260115
351330,8590,10090,8450,9420,1867163,17762129215,9.53,78077858400,88117275.0,,20260115
080010,6900,6910,6830,6840,4930,33860915,-0.87,67271885640,13300.0,,20260115
086890,5410,5520,5300,5480,155884,843418955,1.11,222201127480,-130201220.0,103780.0,20260115
047560,16600,19170,16250,17690,484142,8629654610,6.57,207546722080,-705592605.0,87409390.0,20260115
900110,1031,1078,1019,1026,138319,143902457,0.1,26970198318,-12329516.0,,20260115
239340,1501,1701,1501,1680,402563,648154044,10.53,45325785120,-32784939.0,,20260115
067010,2315,2335,2315,2330,11632,27076555,0.65,28645020000,394815.0,,20260115
456070,15110,16030,15110,15760,202653,3176489925,4.37,172081154800,495308840.0,-15916370.0,20260115
102710,45700,47300,45100,46300,94664,4323427050,-0.22,661526806800,181613700.0,-1149384250.0,20260115
041520,7150,7150,6850,7040,25842,179033990,0.28,85808659200,2799340.0,,20260115
063760,2505,2515,2465,2515,23594,58876190,0.4,23452701950,-9963530.0,,20260115
123570,1889,1925,1881,1924,16084,30528592,1.91,42859174072,249949.0,,20260115
083470,847,854,763,771,1215079,965965178,-9.08,16453393659,46798926.0,,20260115
095190,2105,2105,2075,2105,176644,368401530,0.0,137373272510,-13009150.0,-3734835.0,20260115
091120,7450,7540,7200,7290,102618,749629480,-1.88,124899103440,-24599805.0,110335.0,20260115
039030,309000,312500,295000,301500,139393,41798623750,-3.98,3714344325000,-3365778000.0,-4070441000.0,20260115
294090,0,0,0,1490,0,0,0.0,61207866450,,,20260115
088290,874,874,794,817,592541,485740699,-6.52,32582257388,10033451.0,,20260115
353810,6010,6370,5970,6080,333682,2041574375,0.66,201138073600,-263019680.0,-129430910.0,20260115
261520,10760,11020,10570,10590,161204,1721751115,-1.12,103455414990,-76193730.0,-23400660.0,20260115
099750,9510,10250,9200,9950,160395,1578096820,4.63,135908771350,-112861850.0,-22652365.0,20260115
377330,3705,3950,3705,3830,16589,63455525,2.82,31176023820,-21845155.0,20.0,20260115
035810,4835,4845,4750,4755,99631,475607133,-1.65,306774459675,-196342822.0,15255400.0,20260115
092130,15690,15690,15310,15340,14480,223976810,-1.6,184748824000,-66294360.0,572730.0,20260115
134060,4050,4065,4000,4005,866,3482940,-0.12,19100846250,-21410.0,,20260115
001840,0,0,0,1616,0,0,0.0,36010355776,,,20260115
041830,29800,30150,29550,29600,20420,608023675,-1.82,399034107200,-222225325.0,-11825400.0,20260115
352940,2155,2200,2125,2135,26239,56256770,-1.16,23202603550,2353395.0,,20260115
079950,5740,5900,4350,4500,4583853,22407701400,-21.6,26100000000,-42931425.0,,20260115
389470,82000,83200,78800,81300,76310,6177624400,1.37,1015144401300,402364300.0,-173080850.0,20260115
277410,1180,1180,1160,1162,130839,152525062,-1.53,44634168810,-13042315.0,,20260115
060150,4325,4325,4275,4320,60113,258487299,-0.12,201154803840,94699000.0,-21059890.0,20260115
033230,1765,1770,1731,1762,448055,783397806,-0.34,89008099560,34044151.0,,20260115
450520,3315,3335,3265,3270,109000,359183307,-2.24,48083970060,18147955.0,,20260115
465480,5000,5010,4840,4890,40011,196229380,-2.4,49573705080,-18983725.0,-52110210.0,20260115
037330,1462,1474,1434,1464,78340,114348579,0.27,64247967936,2966025.0,-13849550.0,20260115
100030,19920,20150,19920,20100,3549,71131270,0.0,66002651400,27683750.0,20170.0,20260115
211050,12270,12410,11950,12080,92690,1119652795,-1.55,595104976560,-483594695.0,263256850.0,20260115
083640,246,247,243,244,240984,58945136,-0.81,18963765644,-6375418.0,2564528.0,20260115
064090,1370,1407,1326,1370,107711,147614985,-0.87,68147560650,-21544773.0,,20260115
216050,6470,6530,6340,6530,56440,362134895,1.08,83866239660,13287570.0,21062400.0,20260115
049070,21200,21700,20550,21100,764023,16162312550,2.93,362920000000,-986824050.0,-547116300.0,20260115
119610,15200,15930,15200,15660,86473,1353172190,3.03,178739278020,168735010.0,-30855080.0,20260115
017250,995,1024,994,1004,32659,32835836,0.0,21129648868,859591.0,3077.0,20260115
051370,9820,10710,9750,10620,323785,3326319250,8.04,247737752640,575921890.0,105183460.0,20260115
064290,13610,13960,13000,13810,124390,1684007960,1.4,177651315220,224442780.0,-6943270.0,20260115
189300,69500,69600,66900,68400,201713,13716125850,-0.58,734160045600,2069232500.0,423748350.0,20260115
287840,54600,56300,52600,54200,345756,18598061350,-2.69,813048780000,3691905800.0,-6794326650.0,20260115
150840,116,116,78,93,18073795,1710211279,-98.41,3998804793,32867602.0,,20260115
048530,3060,3095,2985,3010,197956,599564877,-1.63,102793793620,27578265.0,85.0,20260115
115310,63900,70000,63500,65000,10167,665406050,4.0,207537395000,-120335000.0,-64400.0,20260115
039290,5980,6080,5930,6020,17483,104682345,0.0,52337747560,-7354030.0,18030.0,20260115
071200,0,0,0,5860,0,0,0.0,142963243880,,,20260115
101930,49000,50500,47850,48800,14569,711527500,-0.41,450564641600,-141906900.0,49550.0,20260115
333430,6140,6430,6120,6300,327412,2062130805,3.96,193578506100,107257320.0,125987200.0,20260115
068330,1580,1610,1570,1610,183116,291044256,1.9,71187985400,60515196.0,,20260115
178780,2705,2795,2580,2780,48665,131215755,2.96,51816962100,-21881230.0,,20260115
019540,5240,5410,5000,5130,1181897,6113461710,-2.66,69324255000,-42421840.0,-9097290.0,20260115
094820,13250,13350,13050,13290,237864,3129460915,-0.08,200396042610,89366175.0,10270700.0,20260115
950140,10950,10950,10600,10700,82026,878253630,-2.28,212586166200,-218274780.0,-25059910.0,20260115
049550,3030,3030,2935,2970,6841,20215290,-1.0,58230642690,-571145.0,,20260115
389020,37700,37700,36400,37550,58477,2161785075,-0.4,232724761500,320359850.0,-277112100.0,20260115
254120,1405,1420,1370,1414,195529,271201449,0.28,43486537780,-37546403.0,,20260115
043910,612,614,600,614,330146,200542134,0.33,69622354598,29468883.0,,20260115
234920,0,0,0,5310,0,0,0.0,71849132100,,,20260115
289220,4155,4195,4055,4150,50204,206921269,-0.12,92595717150,-11154208.0,8966850.0,20260115
049630,4800,5430,4705,5370,15664558,80908888643,12.11,627739897200,7627691210.0,-8550.0,20260115
417840,6500,6500,5950,6000,630585,3876742460,-9.64,43576500000,-198038745.0,-14076000.0,20260115
110020,2340,2380,2185,2185,69489,156162373,-5.82,19793394970,1128972.0,,20260115
208140,2540,2540,2520,2530,52439,132698929,0.0,82691142380,-35363650.0,-2528065.0,20260115
040420,5720,5750,5670,5740,24406,139422915,0.35,89989148480,-11453920.0,-19157050.0,20260115
045510,919,922,904,904,23102,21027249,-1.09,29117199968,-2345057.0,701932.0,20260115
217190,5160,5180,4995,5100,70166,353922320,-1.16,67084181100,8853120.0,-66310.0,20260115
095700,4450,4470,4340,4415,197557,866606816,-0.67,201061281010,27986753.0,-1734470.0,20260115
122310,4065,4305,4035,4070,20618,85609045,0.12,59234145080,5282600.0,,20260115
361390,23300,24900,23100,24150,496576,11926057950,4.55,212539054350,353459275.0,-53118225.0,20260115
225220,1978,1978,1882,1908,77601,147682774,-0.88,36614560068,-12908815.0,793023.0,20260115
123330,16270,16380,15570,15920,67960,1075439520,-2.03,126861385600,11350950.0,-93715870.0,20260115
381620,13350,14860,13350,14140,2522869,35643152640,7.28,185487388800,-2000241375.0,28150.0,20260115
159580,3825,3850,3800,3840,19966,76230701,-0.26,76925322240,-2488823.0,0.0,20260115
147830,6270,6270,6170,6240,98270,610057120,-0.32,124800000000,-119177900.0,,20260115
033100,37800,38200,37500,37800,132472,5005011350,-0.92,607159060200,-149018000.0,686818225.0,20260115
079370,13930,15290,13750,15180,316576,4601582145,7.2,470837908200,-16993560.0,130533450.0,20260115
054950,25450,25450,24900,25200,30449,765908900,-0.59,304665278400,-169114400.0,158218500.0,20260115
023440,697,700,666,680,649009,437738295,-2.44,60258909920,-19788770.0,-19799331.0,20260115
090470,4800,4800,4610,4680,30251,140747463,-1.47,81790459920,-7681197.0,,20260115
137950,3260,3295,3220,3280,50785,165188778,0.0,73038429920,13907345.0,3280.0,20260115
033320,4070,4075,3945,4035,186057,743179338,-0.86,77126733120,-154149015.0,7980.0,20260115
417500,3250,3250,3105,3180,100723,318509172,-2.15,104255485920,-4673380.0,,20260115
204270,18040,18130,17510,18120,218217,3884403980,0.39,1048214203920,439924655.0,-156147355.0,20260115
127120,17910,18330,17250,18250,107593,1912174790,6.29,582356843000,261693485.0,-35892590.0,20260115
026040,2925,2940,2815,2875,111032,316504676,-1.71,47448396250,26608153.0,-113612990.0,20260115
452160,6900,7180,6880,7040,68267,476864865,1.44,67707390080,67659160.0,,20260115
126880,3605,3620,3485,3560,184923,651357985,-1.39,82609454680,99934690.0,-15990.0,20260115
322510,6280,6280,5900,6110,419905,2528993310,-2.55,155981530120,-404900080.0,14243590.0,20260115
033050,803,813,793,812,56711,45312668,0.25,26454425704,4107368.0,-2525600.0,20260115
094970,2590,2600,2545,2585,169472,434661765,-0.19,43294200400,-44714535.0,5362240.0,20260115
418550,7390,7390,7070,7330,112519,809623550,-0.81,234689543090,40568345.0,3331410.0,20260115
060230,2755,2755,2650,2710,30625,82461911,-1.63,21458555060,-794570.0,,20260115
420570,8210,8210,8010,8120,36842,297028525,-0.12,47481561960,-91396665.0,,20260115
089790,4580,4620,4455,4560,42402,191463215,-0.87,47038739280,-10118080.0,,20260115
0010V0,13600,13970,13440,13840,34222,467050040,1.24,70658736000,-83240.0,-180.0,20260115
052670,0,0,0,2080,0,0,0.0,60588453120,,,20260115
412540,0,0,0,3935,0,0,0.0,81063616775,,,20260115
199820,9780,10100,9780,9910,462738,4605345290,1.85,220200200000,186450095.0,-901810.0,20260115
038010,5960,6010,5870,5980,23147,137599735,0.67,53820000000,-4368030.0,7569050.0,20260115
080220,28350,31350,28250,30850,2839035,84885196900,6.2,1062561398050,-625764975.0,474826550.0,20260115
216080,6810,7380,6760,7240,502409,3606987690,5.69,260694430320,816957785.0,87569970.0,20260115
337930,5030,5060,4945,5060,161411,803487098,0.6,150162963500,-26220906.0,955525.0,20260115
229000,2020,2035,1914,2010,452923,893400994,-0.99,32396830260,59303913.0,,20260115
082270,23250,23700,22950,23400,166426,3860235675,1.08,998721102600,-128986075.0,-213294325.0,20260115
034940,1000,1000,965,975,62592,60924973,-0.1,30205331325,-5985520.0,0.0,20260115
067000,2180,2195,2130,2165,682883,1473975846,-1.81,151340960590,-40088669.0,4614230.0,20260115
309930,1149,1172,1041,1082,488986,531233023,-5.83,26494985936,77944658.0,,20260115
033340,1677,1702,1634,1670,871213,1447330086,-1.07,161907431860,-21801505.0,,20260115
036930,32450,32700,31900,32450,514513,16569032875,-1.96,1533857016450,-388631350.0,-1483611000.0,20260115
072020,9480,9550,9390,9430,21626,203685525,-0.42,89195418410,-49423910.0,,20260115
000440,16190,16800,16010,16380,211826,3466877265,-0.18,102000389400,-198122425.0,230.0,20260115
051980,2220,2255,2200,2250,1068943,2384347851,1.35,249956345250,477382697.0,-448170.0,20260115
228760,26050,26900,25650,26250,209802,5527814375,0.77,640029363750,-79003125.0,1475183550.0,20260115
314130,6080,6500,6050,6490,776020,4903784830,9.26,224870627630,-443063950.0,-61132230.0,20260115
389030,3225,3285,3095,3260,989417,3146271026,1.09,108727014700,-412437880.0,-55597585.0,20260115
263860,18180,18260,17960,18200,12722,229735475,0.44,165248720000,2713605.0,-2649475.0,20260115
303030,666,667,643,643,91110,59415357,-2.58,23838382027,1066801.0,,20260115
036180,0,0,0,577,0,0,0.0,53929030348,,,20260115
208350,2915,2940,2885,2895,14664,42521950,-0.52,24612045150,-1874740.0,-11663800.0,20260115
446840,1700,1700,1646,1646,112262,186619270,-3.18,90238794618,-62689042.0,7384308.0,20260115
144510,22900,23550,22900,23150,40967,949954800,1.31,365777963600,-44402350.0,-5678525.0,20260115
340450,6480,6500,6360,6500,142571,912845755,0.15,153730154500,-11698040.0,121540.0,20260115
358570,13970,13990,13300,13820,802435,10930351530,-0.93,882724735620,1271482385.0,-1271391205.0,20260115
382480,2215,2370,2180,2275,3016700,6903529850,2.71,89537493500,-323997241.0,,20260115
382800,2960,3005,2865,2915,150539,437820855,-3.32,92787484515,-143295645.0,,20260115
051160,7700,7850,7560,7680,59656,455511590,-0.39,118843622400,12712355.0,45.0,20260115
053050,2305,2325,2245,2295,142651,326418799,-0.65,68821535115,-27599380.0,-12.0,20260115
388610,12600,13040,12470,12810,33844,431751750,0.87,67294888290,-48104990.0,132239635.0,20260115
493330,18570,20150,17500,18000,1656772,31079601205,0.06,138278628000,-244817435.0,-100942330.0,20260115
119850,34550,35450,33850,34850,238969,8307827175,-0.29,573244478650,-1262251300.0,2417307850.0,20260115
065060,761,780,754,771,34071,25964143,1.31,18350419884,43352.0,,20260115
204840,1049,1074,1037,1074,174545,184284780,2.48,83287632444,-7269927.0,,20260115
311320,7000,7240,6920,7150,28322,200126300,2.0,90194104000,-24820740.0,-10.0,20260115
456160,76100,78500,73500,77800,909433,69000485900,8.36,1277519568000,4820587200.0,4057329900.0,20260115
388050,8010,8060,7910,8050,136490,1085712155,-0.12,150610967850,-15704595.0,4278750.0,20260115
018120,17350,17350,17090,17200,12365,212382665,-0.86,113883264000,-7377960.0,-62171555.0,20260115
109820,2390,2390,2345,2370,70631,166556914,-0.84,48332926800,-36996700.0,,20260115
086060,4150,4195,4115,4170,31480,130704280,-0.71,35906147790,-11028460.0,,20260115
036890,14490,14500,13880,14120,146436,2061803115,-1.6,311100636760,-200816330.0,-33004410.0,20260115
363250,4255,5480,4160,4965,652637,3269474366,15.73,34967492070,-5969020.0,,20260115
007370,4850,4945,4830,4895,21224,103784500,0.93,69188803365,-28810695.0,,20260115
285800,1570,1575,1525,1563,31059,48143723,-0.76,27316973010,-4299.0,-10336950.0,20260115
085660,14100,14500,13820,14150,461608,6495156005,2.09,1122128606250,-287186530.0,-439138260.0,20260115
261780,2695,2725,2650,2690,34102,90928575,-0.19,72267511740,-9553625.0,-412000.0,20260115
351870,4505,4570,4435,4570,10826,48963665,1.22,51004133940,-22779850.0,,20260115
094850,5800,5860,5700,5780,111397,640736300,-0.86,80920000000,-43990590.0,0.0,20260115
004650,9590,9590,9400,9460,15523,146625460,-0.73,86945772100,-18633365.0,-9160265.0,20260115
278280,49000,49750,48450,49600,46338,2263979375,0.61,578935614400,559354825.0,-511465725.0,20260115
362320,5820,5870,5560,5650,285373,1623445455,-2.92,118939788500,-134396055.0,-39550.0,20260115
066360,776,797,776,792,103523,81026004,1.28,37977995880,10980420.0,-22321970.0,20260115
047820,4765,4875,4740,4815,120906,583286048,0.42,117745672950,17250403.0,,20260115
094360,17270,17400,16950,17400,146500,2526055360,2.47,370259367600,-8698750.0,1060340.0,20260115
016920,1018,1018,1005,1010,75500,76222453,-0.79,26758473380,670816.0,,20260115
284620,0,0,0,1087,0,0,0.0,35965517911,,,20260115
293490,14550,14650,14410,14510,151892,2202891960,-1.02,1302808078610,-122047170.0,-158065770.0,20260115
140430,808,808,790,805,465310,371371678,-0.37,43025268895,-41128669.0,,20260115
042000,32550,32950,31450,32150,122136,3906905750,-1.68,779735686100,-1627739600.0,-96860525.0,20260115
313760,1651,1900,1609,1812,820208,1488746913,5.84,20307421032,81850360.0,-597821.0,20260115
317530,4860,4885,4655,4725,46783,221847539,-2.68,58146417000,44662275.0,0.0,20260115
071850,1517,1517,1490,1502,2372,3544003,-0.53,36439928876,-1512.0,,20260115
198080,2340,2370,2315,2365,127343,298886076,1.07,50930712525,-11598470.0,-29748935.0,20260115
210120,1370,1487,1370,1478,702645,1013880247,5.65,35822992484,-72206435.0,,20260115
050110,393,440,390,398,2420315,992491199,1.79,29381998964,-3447960.0,16011.0,20260115
452300,3000,3030,2910,3030,96415,286518105,1.51,42782100150,52981735.0,,20260115
451760,13980,15190,13600,14820,1324510,19175032310,8.02,226037544720,2137414505.0,1562375840.0,20260115
900310,583,600,577,586,83959,49418670,0.51,37528421550,2711272.0,,20260115
078340,30950,31700,30650,31150,41018,1270653000,0.0,396781068250,174412950.0,2592650.0,20260115
063080,17790,17790,17330,17700,32453,568909935,0.63,116734898400,-57200335.0,2988150.0,20260115
307930,6240,7220,6150,6890,1498773,10272113205,10.77,107552900000,-232957705.0,20.0,20260115
079190,496,509,494,503,101053,50795837,0.4,19292823542,-3984912.0,,20260115
263700,2730,2740,2615,2640,76250,201707552,-3.3,51253488000,-56672085.0,-36462335.0,20260115
214370,72500,73400,70700,71500,153416,11006423150,-2.59,3840622500000,-1309291550.0,7357100.0,20260115
221980,10360,10430,10300,10300,2876,29758650,-0.87,41558440000,-101360.0,,20260115
038530,227,228,225,225,445020,100512885,-1.32,26035728075,3798949.0,,20260115
192250,9610,9610,9340,9440,32976,311113620,-1.77,66713660000,31972680.0,,20260115
431190,5230,5920,5150,5550,1030950,5759652555,6.12,41549753100,79127445.0,,20260115
115500,9390,9450,9150,9400,81399,756322690,0.21,112800000000,29189495.0,0.0,20260115
089150,2640,2665,2560,2640,69575,180689563,-0.94,45276000000,-2509012.0,30.0,20260115
025880,2670,2670,2640,2650,19023,50417216,-0.75,44297023700,-5360470.0,2657690.0,20260115
093320,115900,117800,115700,117500,7871,922913900,1.64,573400000000,313984000.0,-18473900.0,20260115
093640,3750,3810,3600,3750,51588,190331642,0.0,122339441250,-76213.0,,20260115
073010,4370,4535,4370,4450,238565,1061158570,1.83,178851062500,-79364485.0,,20260115
105330,5450,5450,5290,5380,32222,172462410,0.0,86402950640,-397400.0,-2249000.0,20260115
053080,11740,12000,11500,11990,89167,1045707995,2.13,155867685930,23367415.0,11920.0,20260115
199430,29600,31600,29250,31000,630688,19091151275,0.81,340939333000,-654312650.0,91250.0,20260115
432470,9070,11790,8890,11790,3952483,43505764185,29.99,103416645240,-2079764320.0,-2048297640.0,20260115
272110,20850,21300,20300,20700,125160,2588934800,-0.72,166125676500,-80201925.0,86200500.0,20260115
039420,2800,2820,2780,2795,42387,118229635,-0.71,67512470350,-15047715.0,25090000.0,20260115
083550,3580,3580,3440,3530,22100,77042737,-1.4,45716631110,-23589870.0,,20260115
032500,14460,14690,14320,14610,111745,1621267935,0.34,597988892490,-165787900.0,208895230.0,20260115
225430,497,530,495,523,265705,136479808,5.87,14584927150,14454977.0,,20260115
102370,3450,3665,3350,3650,256435,889625017,4.43,99386616500,45099020.0,0.0,20260115
068100,3130,3280,3105,3200,45164,143172355,1.59,31806764800,28903775.0,,20260115
106080,765,783,710,734,867470,637060806,-4.05,21145870592,147601075.0,,20260115
455180,2935,3400,2935,3155,782126,2467213442,6.59,44038486980,209422591.0,-449552793.0,20260115
036030,4955,4967,4860,4895,60301,296639839,-1.21,239949390285,-84895872.0,-12215150.0,20260115
064820,11620,12490,11400,11610,703800,8296598350,6.81,358769062080,-792734020.0,-1096390.0,20260115
024880,5640,5770,5490,5580,237409,1326395385,-0.18,111692583360,-226181385.0,-165680.0,20260115
042040,205,206,204,205,219832,44918749,0.0,40004842670,-4450149.0,760040.0,20260115
054410,3615,3920,3520,3690,12472,46571555,2.07,21130578360,-1197325.0,36295.0,20260115
258610,1385,1385,1362,1362,35718,48982823,-1.66,49692655806,-1609812.0,,20260115
274090,20100,20450,19150,20250,917751,18084421950,1.81,266662307250,1488408400.0,-1216920985.0,20260115
089010,30050,30200,29650,30200,194923,5822523300,0.0,493447554600,830879275.0,-87361175.0,20260115
220260,7080,7080,6730,6920,1356111,9308245685,-2.4,183783484440,437746035.0,13700.0,20260115
052400,44100,45500,42800,45000,178425,7891472325,2.74,655348095000,-1589549525.0,1069424850.0,20260115
402030,20550,21750,20200,21700,47804,1000394450,4.83,271629489600,-58002700.0,90739800.0,20260115
391710,2405,2590,2350,2555,1825767,4594664542,8.96,108895300850,348022011.0,,20260115
046070,0,0,0,10280,0,0,0.0,159196994920,,,20260115
047770,2930,2985,2920,2970,359859,1061505266,0.68,112392527940,113015071.0,,20260115
080530,1020,1028,1020,1021,16378,16754384,0.1,56676603375,-560767.0,0.0,20260115
104540,6500,6580,6390,6540,45164,291328540,0.62,83618739600,24908795.0,,20260115
027050,2200,2220,2155,2185,207164,451157370,-0.46,87400000000,-75202880.0,,20260115
190650,7220,7270,7070,7160,12964,92896505,-1.65,45738080000,70650.0,0.0,20260115
123410,8340,8530,8170,8240,500980,4156910545,-1.08,229410367360,-42340250.0,-444391235.0,20260115
036690,0,0,0,2885,0,0,0.0,45885746130,,,20260115
049430,13340,13500,13080,13500,32384,431269380,2.27,122148000000,-143685160.0,79434310.0,20260115
183300,94600,98100,92000,96100,92561,8785394900,1.59,1005271732400,-840723150.0,479398350.0,20260115
041960,7480,7610,7330,7470,273466,2030634675,-1.06,550977436710,-206074790.0,-187757310.0,20260115
089890,24300,24950,23200,24700,205496,4997022350,1.86,409648561400,-1372131525.0,2083833025.0,20260115
360350,6360,6370,6250,6360,13312,83914785,0.0,36429889200,-26419795.0,-3137550.0,20260115
082660,0,0,0,480,0,0,0.0,47827617120,,,20260115
222040,3330,3330,3190,3210,30621,98285228,-3.6,66215880000,-30134905.0,-13558745.0,20260115
241710,67800,68400,65900,67000,82456,5509574550,-1.9,715560000000,-1544297100.0,-418655800.0,20260115
355150,13340,13340,12690,12950,54378,700727690,-2.92,100975682500,-174567310.0,-21710530.0,20260115
166480,2030,2130,1994,2075,399219,830840429,2.72,109706030200,22126852.0,-88381475.0,20260115
045970,5320,5490,5210,5490,154052,823278955,2.62,144468669240,15391230.0,-516770.0,20260115
196450,793,800,775,790,28744,22622142,-0.38,35802469780,-2190922.0,0.0,20260115
384470,4030,4130,3930,4125,117027,469946741,2.36,74030104500,111835819.0,,20260115
102940,45650,46850,45300,45800,30219,1386031325,1.66,591146050200,-316915650.0,7633650.0,20260115
950160,71900,73800,71600,72200,161250,11685233400,0.7,6008575333000,2449101700.0,-432394000.0,20260115
056360,5130,5170,5020,5100,34504,174789110,-0.58,49963680000,-29877250.0,90.0,20260115
282880,14850,19180,14850,17820,3087299,55259625790,18.64,204384173400,-658953660.0,10910.0,20260115
121850,4230,4230,4015,4150,48496,199642934,-1.54,12704880550,-7814475.0,,20260115
448710,18340,19240,18000,19100,127409,2395845720,4.09,100477249900,487421845.0,-84026250.0,20260115
126730,15030,15260,14800,15260,81296,1217692270,0.93,129762799600,90064535.0,,20260115
015710,3450,3450,3410,3410,10782,36890425,-0.58,59779005000,-9563620.0,,20260115
052330,9230,9300,9110,9290,27195,251213510,1.64,165005161810,28006830.0,-82484130.0,20260115
322780,1010,1012,941,979,430035,414101737,-3.26,42027137581,-53544539.0,,20260115
200130,12200,12270,12110,12250,30758,374679650,0.08,360340585500,10398810.0,-11265005.0,20260115
294570,29100,29150,28600,28900,25959,748724200,-0.69,291651054800,17374375.0,202500.0,20260115
464490,13150,13570,13010,13210,239213,3175752560,0.99,149820462030,272624605.0,12919050.0,20260115
317690,4505,4715,4420,4495,101413,456455236,-1.43,88028398870,-3779819.0,,20260115
432720,13430,13640,13150,13630,136098,1827746395,0.59,192769253560,-7358215.0,,20260115
365270,8250,8490,7950,8360,220726,1817076780,0.48,175636535800,-29102255.0,,20260115
348080,1093,1130,1060,1097,114756,124413626,1.86,89720113018,-4676266.0,,20260115
060280,13360,14420,13190,14190,2569107,35790725110,7.91,583066958100,5967682235.0,514287475.0,20260115
372320,47300,49000,45600,47700,130818,6172470400,2.03,688435687800,-2071272875.0,-158149200.0,20260115
051780,1035,1250,1005,1110,1814445,2077253936,9.04,28650481950,-45196282.0,-2268420.0,20260115
115180,27300,28500,26600,28500,200931,5557645050,4.97,1028591989500,840886725.0,-731518150.0,20260115
494120,42300,44750,42300,44750,134337,5864641300,4.07,340837569500,362684925.0,255045300.0,20260115
445680,99100,99800,94100,98500,96695,9433867750,1.86,1686303550500,-2288200100.0,-418712900.0,20260115
182360,13230,13350,13040,13260,49162,646179180,0.38,206190997740,36350105.0,15522070.0,20260115
405100,15720,15830,15380,15710,82318,1279089545,-0.06,193064918710,270299655.0,-47100.0,20260115
066310,7610,7670,7400,7620,58685,440208710,0.13,70649752020,6020810.0,20.0,20260115
016600,243,244,240,241,422376,101776771,-0.82,42957553992,-991791.0,1236056.0,20260115
355390,3560,3735,3475,3715,200320,721576756,2.34,50535798840,-69450726.0,-3505.0,20260115
096240,11300,11760,11230,11600,47393,545101065,2.65,129202888000,47589335.0,25995370.0,20260115
040350,1000,1090,960,1052,749246,784221288,4.16,102677999372,135654681.0,,20260115
110790,3985,4050,3935,4020,6674,26505975,0.12,94192459200,4055310.0,4005.0,20260115
900250,700,704,691,699,523755,363966696,-0.14,91317362796,-69860069.0,,20260115
045520,3285,3290,3225,3260,18617,60466420,-0.91,21190000000,-125910.0,,20260115
214150,58300,58700,57100,58400,111895,6498455450,0.52,3825530485600,372590800.0,600815950.0,20260115
466100,60500,63400,59100,62600,1260401,77985171300,3.3,1564507901400,3135702500.0,1448555050.0,20260115
237880,12970,13090,12920,12940,25658,332818025,-0.46,233843307820,-62067255.0,14829390.0,20260115
139670,2360,2390,2305,2390,54190,127606630,1.06,33743955900,24830960.0,,20260115
475430,4545,4605,4460,4535,45078,203553834,0.33,80941178850,-13176245.0,,20260115
487720,2085,2090,2080,2085,1615,3367240,0.24,8819550000,-2085.0,0.0,20260115
489480,2050,2065,2050,2055,168,345835,0.49,13563000000,63750.0,,20260115
466690,1993,1994,1988,1990,45036,89654581,-0.15,10139050000,-2915178.0,28884766.0,20260115
054780,3305,3335,3225,3265,57492,187087656,-1.21,64182694145,21520629.0,273720.0,20260115
256940,10500,10570,10200,10440,92949,964335305,0.87,209615854680,38225795.0,-3388280.0,20260115
219130,24250,25700,24100,25700,63085,1583731700,5.76,162277253000,40042750.0,35567100.0,20260115
336680,4345,4470,4300,4470,193472,846390689,2.29,174980644260,-39478744.0,,20260115
360070,19500,21050,19240,20000,29676,592519530,2.56,162900860000,125725425.0,42547310.0,20260115
065130,3500,3585,3360,3530,317894,1092391037,-2.75,56494120000,144715592.0,7430500.0,20260115
134580,1910,1981,1875,1881,25302,48440478,-1.52,92722294269,-25972121.0,,20260115
023160,27700,28050,26450,27150,425016,11481560125,-2.34,719475000000,2630940300.0,-1330240925.0,20260115
323280,36550,39450,36350,39350,475239,18021901700,5.5,1200203725500,-401863675.0,288498900.0,20260115
053620,6250,6330,6250,6300,3781,23775970,0.96,54180000000,-51760.0,0.0,20260115
044490,28350,28400,27700,28050,125169,3501278775,0.54,561207037050,-164032200.0,543360275.0,20260115
124560,2580,2580,2505,2520,107632,273053475,-2.33,97576443720,-45649900.0,15.0,20260115
191420,14180,14850,14180,14400,8443,120734770,1.55,116767209600,21478980.0,-11022260.0,20260115
950250,11850,11850,10950,11000,3836588,43040701425,-7.17,390695041000,-1990130055.0,-342330140.0,20260115
073640,0,0,0,654,0,0,0.0,69571715580,,,20260115
066700,2920,2950,2875,2935,207016,601826599,0.51,109042223560,36520060.0,8641665.0,20260115
095610,50800,51000,48900,50200,362478,17971704675,-3.09,992364945200,2488901950.0,-7576506150.0,20260115
064520,1676,1676,1650,1659,29787,49404731,-1.48,37080411858,-487966.0,,20260115
089030,47850,48600,47050,48600,532058,25347282275,-0.21,1800807147000,-2028444850.0,-3694654350.0,20260115
054450,15040,15170,14750,15140,230170,3433178065,0.66,229283687620,-199529960.0,29340.0,20260115
200230,997,1011,986,1005,480607,477915442,0.8,68866150665,-62687552.0,,20260115
393210,5170,5200,5080,5180,99780,511090560,0.19,80883337920,56354410.0,-36190.0,20260115
475960,48100,48450,44550,46200,313786,14393166575,-3.45,615465958800,372320600.0,-1843754750.0,20260115
215480,2065,2105,2060,2095,68348,142017802,1.45,19232100000,5297530.0,,20260115
051360,15380,15490,14920,15110,101667,1534733085,-1.88,239146846380,-92083390.0,-324933225.0,20260115
045340,7170,7210,6900,7020,93970,656645680,-2.9,60077440800,29529800.0,,20260115
108230,4400,4420,4265,4410,110107,478042610,0.92,167682510450,-23818865.0,1673035.0,20260115
079970,0,0,0,596,0,0,0.0,7646223464,,,20260115
199800,59500,60200,58400,59500,21016,1246948100,-0.67,533612957500,-21259300.0,6540000.0,20260115
417790,7790,7800,7650,7730,25346,194903785,-0.77,80920662430,-30084280.0,-26733415.0,20260115
290090,7190,7200,7070,7180,7938,56653255,-0.14,53421124240,-99560.0,0.0,20260115
026150,6320,6320,6110,6170,67289,416102240,-2.37,108260862270,-89461200.0,20.0,20260115
464280,9310,9390,9180,9390,12482,115540095,0.86,51926700000,-20519100.0,,20260115
117730,21000,22600,20800,22150,2079760,45406747325,7.79,482517239100,4894362900.0,434874450.0,20260115
033830,602,608,595,607,280569,169674777,0.66,60700000000,,-11679259.0,20260115
057680,827,852,810,813,137923,113500693,-1.69,57925031313,-36925118.0,17127414.0,20260115
204610,1906,1992,1888,1940,476324,929165790,1.78,113861936800,2236023.0,38706679.0,20260115
125020,4000,4010,3895,3965,510312,2002780746,-1.61,138927850750,295398444.0,,20260115
064760,162000,174500,159700,165200,97076,16144595250,-0.42,1846839523200,-4857870800.0,2479955800.0,20260115
246710,3560,3760,3400,3550,667973,2334591629,-0.28,168870120400,70061390.0,66285452.0,20260115
340570,44500,44700,43800,44000,30383,1341971750,-1.79,357632000000,-136904375.0,-269168075.0,20260115
043220,0,0,0,1710,0,0,0.0,27227331360,,,20260115
277880,4885,5360,4845,5270,321305,1644611932,7.88,106486926960,435472168.0,25526200.0,20260115
131290,60700,61300,57700,59400,101349,5975765550,-2.14,657048882600,280371900.0,-1354478000.0,20260115
425420,36900,37250,35150,35550,184986,6612187175,-4.95,425203240500,273443400.0,-2144394475.0,20260115
484810,19680,21350,19270,19750,2933354,59008610190,6.76,305155571250,-620236735.0,28479875.0,20260115
131100,1301,1301,1278,1286,12891,16535353,-1.0,41469287064,-83896.0,2330840.0,20260115
356860,56600,60100,56100,59400,229821,13570494900,3.85,584058222000,1862241500.0,573096400.0,20260115
321550,5950,6180,5870,6110,120468,724108815,2.69,176329644790,225648415.0,20783770.0,20260115
425040,8080,8240,7940,8200,146314,1186238255,1.49,174898472400,104905705.0,,20260115
241790,6690,6890,6560,6880,29250,195920790,2.84,68818121920,48662710.0,21748970.0,20260115
022220,692,696,686,696,21775,15020304,0.14,36049026984,-1161698.0,,20260115
104480,1510,1538,1505,1538,154493,235288693,1.25,139797177492,14470532.0,-3247224.0,20260115
081150,3020,3055,3000,3035,136223,412315771,0.5,73654600070,-39650171.0,91693845.0,20260115
130740,1907,2150,1871,2095,674143,1397375481,9.4,23624642505,21170023.0,,20260115
084730,9600,9600,9120,9260,175308,1628853720,-2.63,102873266240,-178200100.0,46491290.0,20260115
440110,0,0,0,21250,0,0,0.0,1051732476250,,,20260115
288330,1114,1114,1056,1080,560486,608834563,1.89,114565072680,-44506643.0,,20260115
033540,1070,1075,1059,1067,84541,89985266,-0.09,40280384221,-3182103.0,,20260115
388870,11450,11830,10880,11310,479957,5393673855,-2.5,146418490920,-5756175.0,-213153150.0,20260115
043200,797,797,766,791,131666,102697462,-0.75,33067213165,-5243353.0,,20260115
214450,446000,447000,421500,425500,143393,61606912250,-3.51,4420795224000,-4007799250.0,-12776805250.0,20260115
208340,0,0,0,2915,0,0,0.0,233786229820,,,20260115
177830,2885,3075,2855,2985,184834,553187870,0.84,40279443735,2004390.0,21710590.0,20260115
037070,7400,7490,7310,7400,16927,124857805,-1.2,148000000000,-35927255.0,150.0,20260115
150900,4005,4050,3885,3900,88261,345455586,-2.62,45645295800,24962810.0,-133448391.0,20260115
037030,2670,2670,2625,2665,142121,375323445,-0.19,67157781470,-52080765.0,,20260115
047310,6010,6020,5180,5300,6699023,36649249215,-7.02,194037001500,-1721951865.0,-97230.0,20260115
368770,12830,13230,12400,13070,844136,10892388950,2.35,429404720750,-240073525.0,-435800680.0,20260115
170790,8500,8500,8200,8460,29186,242130025,-1.17,54121454100,7162360.0,102090.0,20260115
049120,671,675,663,672,56746,37898810,1.2,35621590368,-6167975.0,,20260115
038950,3040,3155,3040,3110,3257,10046492,1.47,31755479150,1349875.0,-15525.0,20260115
387570,7400,7470,7260,7450,20928,153509840,0.68,41912955000,-8713790.0,-36924540.0,20260115
441270,9840,9840,9250,9450,919819,8706357130,-3.57,372972883500,1358955975.0,-1065774135.0,20260115
106240,1861,1988,1843,1959,233485,451606780,4.54,33301707060,89073320.0,14.0,20260115
131760,740,759,734,739,156734,115927786,-0.67,32095939837,-785219.0,,20260115
065690,1408,1430,1397,1415,87871,124480311,-0.35,19879803365,-13350189.0,34183719.0,20260115
140860,234000,234500,225000,227000,36425,8297545000,-4.02,1588200279000,-4237974000.0,1218832000.0,20260115
091700,6860,6870,6760,6870,132454,902819830,0.15,377850000000,-44897225.0,20464350.0,20260115
032800,487,489,483,488,153908,74729696,0.21,22427044304,-4144042.0,,20260115
318010,3480,3530,3430,3480,8787,30562975,0.0,27594096240,2014830.0,-1870.0,20260115
027710,1126,1131,1114,1117,185105,207606370,-0.89,124452342200,-48095500.0,22015980.0,20260115
225590,827,834,817,834,39537,32594349,0.85,22215018642,-173293.0,,20260115
054300,687,694,663,683,614830,413640421,-0.58,79051710870,-41308816.0,,20260115
068050,1847,1882,1827,1830,94291,172604146,-0.92,50680159080,-41017294.0,-601124.0,20260115
222110,5330,5400,5160,5270,9197,48176520,-1.13,71114418190,-7020470.0,,20260115
271830,1748,1758,1712,1752,156346,269470259,0.29,51666833904,38697682.0,-615348.0,20260115
263750,40000,40250,39700,39900,108100,4317258725,-0.87,2563489414500,-199351675.0,-151229350.0,20260115
251970,56200,56900,55000,55600,27951,1556366100,-1.07,689440000000,-357183800.0,189266800.0,20260115
0015S0,18320,19390,17100,18420,625036,11627063380,0.11,177987486600,157359265.0,-4289860.0,20260115
168360,16000,16010,15310,15990,165031,2572766735,-1.72,340399661160,-161121545.0,-694354225.0,20260115
087010,229500,232500,224000,231500,171296,39146127500,1.09,5397966525000,-50679500.0,1296471000.0,20260115
064800,807,811,799,807,237622,190547478,-0.86,103140489486,-45146955.0,82314.0,20260115
119500,5380,5570,5210,5450,1306292,7009054510,0.74,64567414400,170031045.0,-5405220.0,20260115
389140,6720,6720,6550,6670,130319,865635950,-0.74,95179132450,177470960.0,-219532360.0,20260115
105760,5280,5300,5240,5290,26121,137438020,0.19,53811927230,-32568440.0,,20260115
009520,16750,20600,16480,19780,10801468,205340610485,21.28,823692665340,-318178470.0,-919514545.0,20260115
189690,2070,2070,2050,2065,28419,58430115,-0.48,56419865985,-11894350.0,,20260115
318020,3625,3800,3480,3615,31218,111218650,-0.28,44469098280,18857130.0,29385.0,20260115
256630,1009,1012,1000,1009,11825,11889395,0.0,58519045648,-519148.0,,20260115
331380,2790,2790,2500,2525,107479,273220280,-2.13,69532695025,-42702015.0,-4757845.0,20260115
208710,2090,2715,2080,2715,1018779,2659669861,29.9,35784058380,-117199693.0,,20260115
472850,4950,5080,4920,4995,63743,318605005,0.0,161557945335,-27296795.0,88772625.0,20260115
039980,1702,1780,1616,1714,1546918,2604774110,0.71,124742822064,78480755.0,0.0,20260115
041910,6460,7400,6210,6590,3577781,24740846945,6.98,88975590130,-320801180.0,,20260115
234100,1257,1350,1236,1282,4999190,6437631072,0.94,89995098770,88634697.0,21822551.0,20260115
041020,4290,4340,4205,4310,567768,2412999151,-0.81,214316896380,-44981234.0,15848720.0,20260115
114630,500,500,495,499,73549,36553390,-0.2,43885826452,-2931670.0,-997510.0,20260115
290720,1959,1999,1925,1965,26431,51241605,0.31,67530870075,1972151.0,,20260115
005670,6210,6230,6130,6160,33803,208868390,-1.12,61600000000,-51036990.0,,20260115
094940,9070,9640,8970,9540,623756,5873990430,6.12,79767622440,73375325.0,9449960.0,20260115
057880,85,100,65,67,9173218,671105407,-33.66,1646884656,0.0,-112394.0,20260115
007330,9930,10010,9880,9980,8852,88021770,0.5,150526344000,2949710.0,52321880.0,20260115
093380,2770,2770,2720,2760,9534,26059318,-0.54,27266903880,-271285.0,-10201725.0,20260115
023900,9070,9070,8950,9000,11283,101484455,-0.88,113400000000,-18669560.0,1333500.0,20260115
371950,12900,13140,11980,12130,91779,1150034125,-5.9,274896707240,-388156760.0,3215710.0,20260115
370090,15000,16050,14620,16050,313699,4826819680,6.72,137337121500,785774660.0,12665.0,20260115
445180,8820,8890,8580,8850,61258,534974385,0.34,152124313800,91228955.0,273120.0,20260115
220100,24950,25000,24000,24700,370485,9067303575,-2.56,553957274000,983963925.0,284918450.0,20260115
035200,3605,3665,3455,3545,83785,297221206,-1.94,34494941550,-29449686.0,,20260115
334970,3175,3175,3020,3070,140366,429977869,-0.97,238700595590,-27793445.0,9490755.0,20260115
227100,0,0,0,612,0,0,0.0,14770119384,,,20260115
321260,1722,1723,1701,1714,35585,60902241,-0.46,48321231976,6824761.0,,20260115
053610,35500,35950,34700,35750,21426,756956575,-0.14,393250000000,39389225.0,16243900.0,20260115
468530,87500,91000,85400,87600,374837,32769794300,-2.01,958298448000,5083142600.0,-4381567250.0,20260115
303360,5570,5640,5500,5630,25177,139566645,0.36,72498720450,-20828840.0,,20260115
377220,1166,1228,1145,1188,203137,240956537,1.02,33632280000,14999776.0,2341.0,20260115
335810,2770,2770,2650,2670,16411,44037140,-1.11,47947352700,794000.0,-279780.0,20260115
053160,6680,6700,6590,6700,14128,93649800,-0.45,40200000000,5714720.0,6730.0,20260115
405000,5840,5890,5750,5750,2776,16149460,-1.88,22071053000,186220.0,,20260115
041590,0,0,0,2370,0,0,0.0,116064014460,,,20260115
367000,4015,4065,3960,3985,5349,21281495,-0.75,33427004895,-75055.0,,20260115
075130,2365,2365,2320,2350,50950,119024085,-0.63,39062452000,-24705770.0,,20260115
237820,4550,4590,4505,4505,18932,85712372,-0.55,57786265700,-15399835.0,,20260115
023770,3005,3220,2965,3140,65314,200625095,3.63,28091994300,30500950.0,,20260115
019570,265,268,262,268,100855,26696739,0.0,17985491256,528645.0,,20260115
300080,15980,16550,15200,16210,243308,3955495800,2.27,267553360710,1043441080.0,-384021140.0,20260115
033790,5100,5190,4690,5150,310640,1554096366,-0.19,350392203150,-376537120.0,,20260115
032580,1079,1090,1062,1073,108375,115762831,-0.56,35550704672,-18771610.0,,20260115
051380,1957,2020,1950,2020,50948,100091839,3.22,30986945440,-6257998.0,0.0,20260115
241820,0,0,0,6040,0,0,0.0,16803871920,,,20260115
452450,6490,6490,6300,6470,312186,1992730935,-0.77,232133895000,275673785.0,,20260115
237750,4035,4085,3960,4025,15336,61783800,-0.25,26148815000,-16688750.0,-10.0,20260115
460940,10790,12170,10770,11730,1506307,17409562655,9.12,155486780400,2475781765.0,16742050.0,20260115
319660,41850,42600,40600,41250,519639,21391425025,-3.4,1194876952500,3343976200.0,-7274643325.0,20260115
031980,51600,53800,51100,53000,190976,10022217150,0.57,1142806935000,-610201250.0,1640630200.0,20260115
002230,10760,11350,10280,11260,724134,7856047165,4.45,217023213200,172983350.0,94824400.0,20260115
043370,11540,11620,11310,11550,30301,346592370,-0.43,242550000000,102048260.0,-189802650.0,20260115
239890,4925,5080,4920,5040,116868,585003260,2.54,50076205200,-22679235.0,,20260115
347740,2490,2490,2445,2485,31662,78117373,-0.4,74576281360,-5828076.0,29339415.0,20260115
137400,37000,37850,36500,37550,150345,5575320675,1.62,891552879300,-852350450.0,-69133250.0,20260115
257370,3165,3245,3010,3215,81328,253398472,1.74,40203128115,20288720.0,,20260115
147760,3080,3135,3005,3110,36674,111660680,0.16,33649783260,-9084670.0,,20260115
128660,2930,2987,2910,2985,252120,745185421,2.23,74038056465,-46587846.0,-47742705.0,20260115
006140,9670,10040,9670,9970,567175,5609581630,3.64,149550000000,-41709800.0,-487500.0,20260115
376180,2280,2280,2200,2225,31714,70734937,-2.41,41298309550,-11112695.0,,20260115
304840,1191,1205,1140,1175,142840,167642550,-2.49,24943265425,-29177690.0,,20260115
087600,5910,6670,5810,6080,193968,1232379160,2.18,49652672640,-42371925.0,,20260115
291810,2430,2475,2365,2450,25967,63078030,0.82,27853344400,-6208945.0,-1857775.0,20260115
378340,12150,12200,12010,12140,68958,834478250,0.41,260559387480,148509230.0,,20260115
161580,41350,42000,40850,42000,248531,10274175150,0.96,982915374000,955452650.0,-293624850.0,20260115
347770,1065,1081,1061,1074,43792,46779976,0.09,24548463108,-15969983.0,1066.0,20260115
163730,10390,11000,9600,10840,262592,2741434100,3.83,101967197120,-122708715.0,636500.0,20260115
417180,1819,1900,1787,1824,79718,144730980,0.05,32008688352,-20918619.0,,20260115
454640,2100,2105,2097,2102,105156,221076750,0.1,11352902000,264600.0,-65891700.0,20260115
469880,2070,2080,2070,2080,2193,4560440,0.24,15194400000,0.0,4160.0,20260115
469900,2060,2065,2060,2065,734,1513540,0.24,11574325000,0.0,0.0,20260115
475240,2105,2125,2105,2120,1367,2877570,0.24,6784000000,0.0,,20260115
475250,2085,2100,2085,2090,2409,5024840,0.0,7733000000,-848540.0,,20260115
484130,2055,2065,2055,2065,2448,5044915,0.49,9333800000,0.0,2184355.0,20260115
0041L0,2005,2005,2000,2005,2995,5991250,0.0,12090150000,0.0,,20260115
0101C0,1978,1979,1974,1974,111770,220849326,-0.15,15278760000,0.0,-132994801.0,20260115
299030,27200,30000,26550,28000,53399,1504009400,3.7,223857480000,22061350.0,50523450.0,20260115
067310,28250,29300,27850,28500,1322963,37543054925,-1.21,1891777303500,-3165041800.0,-2394968700.0,20260115
166090,50000,55800,49550,53500,520760,27838526825,3.08,1058105559000,1148259050.0,3248704600.0,20260115
136480,3000,3020,2980,2995,269850,807005514,-0.17,318098057490,-80837677.0,2312120.0,20260115
003380,11200,11540,10890,11100,1250806,13925072285,0.27,1243262393100,842876755.0,61154460.0,20260115
450330,5860,5860,5700,5810,40726,234127405,-0.68,47565557830,12313900.0,-31341870.0,20260115
101670,1910,1913,1838,1884,681172,1276191242,-1.26,102056223480,-222331767.0,,20260115
365590,2835,3685,2830,3685,1373053,4941388028,29.98,114075152070,9633750.0,2416890.0,20260115
149980,0,0,0,5090,0,0,0.0,94645307670,,,20260115
013030,31700,32000,31350,31800,39004,1232431325,-0.47,374226979200,239296650.0,-454019000.0,20260115
126700,15490,16180,15310,16100,81167,1291146490,3.21,240568003200,446150650.0,21771925.0,20260115
450050,2110,2115,2110,2115,6877,14511012,0.24,10604610000,88704.0,4230.0,20260115
160190,56800,59800,56200,59400,462423,27085546700,6.07,1834747200000,3884182050.0,2826635200.0,20260115
221840,2155,2185,2125,2160,13276,28482665,-0.69,40393211760,-126260.0,,20260115
106190,11200,11370,11010,11230,22758,252838180,-0.53,119410532790,-50871980.0,,20260115
065650,1991,2090,1926,1926,40892,80625445,-3.26,25683626016,-23255642.0,,20260115
066130,4330,4355,4260,4280,27544,118156994,-0.23,54784000000,11085130.0,10014720.0,20260115
004590,5190,5430,4970,5260,216294,1121180630,2.53,78900000000,-238832290.0,802485.0,20260115
039340,5480,5530,5430,5440,6807,37048060,-1.81,122400000000,0.0,17563010.0,20260115
034950,97100,97200,96000,97200,1879,181183750,0.93,441337960800,-33897950.0,-68219900.0,20260115
222980,3065,3085,3020,3040,16073,48966020,-0.82,33535708320,-932500.0,10.0,20260115
256840,4825,4850,4735,4795,676957,3230413183,-0.62,327953478370,208055067.0,16275945.0,20260115
219750,854,854,820,820,43021,35654397,-4.76,53650045700,-822783.0,,20260115
025550,3285,3300,3235,3300,104220,340653735,0.46,84196213200,21244730.0,,20260115
017890,10280,10280,10090,10230,12442,126492950,0.2,217627966380,-17086790.0,286310.0,20260115
080720,0,0,0,2725,0,0,0.0,21562456300,,,20260115
041460,3770,3835,3740,3830,86259,327443435,1.59,72770000000,56544315.0,18870.0,20260115
101680,3975,3975,3790,3975,858486,3409070125,29.9,33405900000,-13232270.0,0.0,20260115
039740,3060,3095,3005,3085,32058,97982735,0.65,24736754745,-4994870.0,,20260115
053300,5880,5940,5820,5930,233934,1374387510,0.17,251677270730,21516720.0,22179900.0,20260115
025770,7620,7640,7570,7610,10634,80873065,-0.13,284950902310,-10643450.0,-3170.0,20260115
458610,2080,2090,2080,2090,20326,42294650,0.0,8840700000,0.0,35944920.0,20260115
464440,2090,2105,2090,2100,6215,13010650,0.0,9072000000,-131670.0,6289205.0,20260115
479880,2060,2065,2055,2060,5448,11231810,0.0,14152200000,3696350.0,,20260115
062970,2430,2460,2275,2355,974317,2267297808,-3.09,54304123980,166361820.0,,20260115
023760,790,793,775,779,284373,222030461,-1.39,245859859704,96299.0,-17449440.0,20260115
054040,4820,4845,4745,4800,33036,157787460,-0.41,77142192000,-22673190.0,668930.0,20260115
021650,2455,2455,2385,2405,23233,55910720,-2.63,39323104015,-432075.0,,20260115
032300,12410,12460,12240,12350,23858,293451375,-0.48,134697757350,22657350.0,-180.0,20260115
037230,1844,1860,1820,1831,20851,38157560,-0.22,54564398737,-423961.0,467727.0,20260115
448900,62700,85500,62300,85500,1692759,130810903000,29.94,513381073500,3476603950.0,371471650.0,20260115
030520,22450,23300,22100,23050,193317,4366229150,1.77,557343099200,-88976200.0,-102451925.0,20260115
052600,3640,3640,3595,3620,25329,91417596,-0.41,41860594000,-26627795.0,15.0,20260115
256150,5190,5220,5100,5180,24007,123733910,-0.19,43486100000,361740.0,2861780.0,20260115
092460,17510,18140,17260,17610,104564,1834944650,1.73,301301464800,-146382435.0,133137650.0,20260115
125490,18150,19990,18000,19660,5534432,107590064940,6.91,717636240320,7373682650.0,966826440.0,20260115
452190,4450,4450,4355,4430,272503,1197383805,-0.56,103513847510,-39798595.0,,20260115
047080,1210,1210,1190,1199,65417,78218735,0.25,29762012038,-953613.0,,20260115
452280,10400,10540,10080,10210,141520,1459075840,-2.67,176369071500,-15786320.0,54500565.0,20260115
066980,1209,1240,1193,1222,210884,255206906,1.41,63464722750,11814064.0,,20260115
114810,11250,11430,11020,11170,224926,2500057500,-0.71,319385753580,410395520.0,-648481230.0,20260115
070590,1980,2010,1963,2010,26215,51972791,1.46,27897837210,-7810921.0,-18267968.0,20260115
042520,23700,23800,22850,23250,94882,2212925525,0.87,330763032750,-151999175.0,-225695950.0,20260115
430690,4465,4520,4380,4520,52722,233322193,0.89,49246878040,-15008394.0,,20260115
078350,24850,25750,24300,25150,273561,6857423100,0.2,383396207300,-158531325.0,-671542275.0,20260115
045100,24050,24050,23000,23200,71110,1657206150,-3.53,417600000000,-363398025.0,-64717000.0,20260115
320000,2005,2065,1986,2030,254662,514870004,1.25,66781364720,120225508.0,,20260115
091440,2830,2850,2720,2760,71432,195994650,-2.47,85127908200,-45675185.0,,20260115
276730,1320,1320,1268,1282,39553,51171416,0.0,28396103854,1404658.0,,20260115
024740,2365,2425,2345,2365,1656799,3943819205,-0.42,77801520885,-96073606.0,,20260115
005860,2985,3010,2965,2990,110751,329659584,0.5,117817018150,22600785.0,,20260115
007770,7920,8030,7810,7980,1734,13677740,0.76,28009800000,801770.0,,20260115
198940,873,874,804,812,1618936,1342519792,-7.09,31605458136,-17808050.0,,20260115
058450,907,960,907,935,108193,101119153,3.09,13832035635,-10522925.0,,20260115
107640,45000,45450,43850,45050,147006,6542494500,0.33,408375817300,838696275.0,-1907917400.0,20260115
079170,6240,6400,6200,6400,9827,61695630,2.4,33280000000,-6595170.0,969820.0,20260115
054920,4340,4450,4280,4400,339807,1473221522,1.5,124155156400,174062578.0,4300.0,20260115
457370,8860,9770,8560,9200,1831473,16977985200,4.43,73849632800,-198738845.0,-7975580.0,20260115
002680,709,709,698,704,66330,46509009,-0.71,22751026496,-901801.0,,20260115
098070,35250,35900,34650,35200,75109,2638564100,0.28,391464163200,-656276775.0,37280975.0,20260115
455310,2080,2085,2080,2080,7860,16361140,0.0,10524800000,5715.0,0.0,20260115
498390,2005,2015,2005,2015,6626,13293570,0.25,9994400000,-62155.0,-4071320.0,20260115
034810,8220,8460,8130,8460,58131,480879940,2.92,275431010220,-12978020.0,,20260115
03481K,8730,9090,8480,8720,30124,262358140,0.46,12111399840,14865210.0,,20260115
059270,10670,12500,10650,11910,3284556,38606671665,11.62,132978711090,1362670080.0,-4528900.0,20260115
076610,626,747,626,716,5020309,3541452418,14.38,34631307568,175095619.0,,20260115
220180,1885,1916,1800,1886,36560,68239657,-0.63,45133568012,-7774.0,,20260115
900270,186,190,185,185,1245596,231672062,-1.6,45148702400,4774471.0,,20260115
214180,16000,16100,15590,15870,43180,680257445,-0.19,206204734290,-22197255.0,18737100.0,20260115
234340,16050,16270,15650,15900,185367,2946994275,-0.38,222133430400,-584481390.0,-79370.0,20260115
084990,5850,5930,5650,5850,233611,1344148910,0.0,269642862450,359444090.0,24713960.0,20260115
187660,2360,2410,2330,2370,448122,1063837795,0.42,131455019610,100354010.0,,20260115
170030,6450,6490,6300,6430,199676,1274192025,0.0,98636200000,159228475.0,-20.0,20260115
319400,24500,29650,24000,27950,10909690,297150276400,13.85,3112960290050,9653940225.0,1462971600.0,20260115
048410,5170,5390,5080,5330,761487,4004011875,2.9,511898316800,176033820.0,27445840.0,20260115
052260,4175,4230,4145,4185,69132,288499140,0.24,125550000000,-21577405.0,1100210.0,20260115
016790,0,0,0,994,0,0,0.0,187340898626,,,20260115
041440,7990,8180,7950,8180,160008,1291422920,2.38,146552421920,173524460.0,-90.0,20260115
039010,8390,8390,8210,8380,13961,115736015,1.21,72277500000,-21409195.0,3117740.0,20260115
090850,4950,4975,4925,4965,30367,150287440,0.1,117900682365,-15596025.0,-6639725.0,20260115
460930,19360,19760,19260,19500,2810976,50872201775,0.98,692458084500,30789993700.0,-31471049035.0,20260115
092300,3100,3100,2965,3090,156608,472463982,-0.32,58670086470,5669918.0,-21745890.0,20260115
138360,1645,1810,1560,1623,5409389,9107819073,0.12,92058916596,-54967852.0,776604.0,20260115
011080,728,743,720,729,542418,394810707,-0.68,31319751438,-17361074.0,,20260115
308100,1371,1410,1333,1343,516141,696795865,-1.32,32262899744,63962860.0,1.0,20260115
064240,1840,1896,1751,1771,64147,115882436,-1.61,62052319252,2851575.0,,20260115
039610,8430,8670,8150,8300,111585,930823540,1.34,86406320000,-43097260.0,8200.0,20260115
126640,1400,1400,1359,1372,261143,359376939,-2.0,48096708520,-33638572.0,,20260115
127980,5650,5660,5600,5630,7022,39479950,-0.35,66663050920,1674650.0,,20260115
061250,1070,1070,1040,1064,437654,461065587,-0.56,92052861208,-55848017.0,,20260115
097870,5790,5940,5760,5800,19271,111483680,0.0,49242000000,-30773110.0,5830.0,20260115
290270,3965,3970,3855,3940,63633,247876535,-1.13,37854227680,-21434220.0,21436070.0,20260115
353190,676,676,665,673,15393,10331564,-0.3,26501676660,-258019.0,,20260115
090710,9540,11770,9520,11170,56550602,617619101180,17.33,1334336890490,15346479165.0,74568300.0,20260115
078590,726,770,706,719,3483651,2592185883,-0.96,48278453573,213861949.0,,20260115
205470,995,995,970,982,440557,430605331,-0.71,127046258838,68481218.0,-37191.0,20260115
115160,971,1011,883,905,752482,685939363,-6.8,39792962220,-8325587.0,29800003.0,20260115
028080,1778,1817,1697,1804,65069,115410126,2.09,22689820824,7798798.0,,20260115
175140,4675,5140,4605,4910,285856,1407434845,5.03,122476282230,-127980836.0,,20260115
200670,42200,43150,40800,41300,79834,3301850625,-2.13,463796109000,-549566150.0,-943514900.0,20260115
065510,8500,8500,8210,8480,67739,562074760,-0.24,97400118240,1404810.0,-87237370.0,20260115
263920,3680,3740,3670,3740,4943,18232280,1.36,36685757240,723385.0,,20260115
243070,26600,26600,25900,26250,12210,319215650,0.0,314466206250,-162274650.0,78497000.0,20260115
084110,48100,48600,47150,47250,34660,1648023375,-2.07,598176117000,-293493375.0,167388050.0,20260115
145020,234500,236000,225000,227500,79501,18128821000,-2.57,2799167507500,-4366885500.0,724019500.0,20260115
024060,14000,15390,14000,14750,5616910,82442422445,2.22,221250000000,1185499640.0,343973560.0,20260115
010240,4985,5020,4980,4990,54382,271672245,-0.2,61490253040,57866435.0,-252000.0,20260115
189980,1570,1571,1551,1557,42591,66455263,-0.76,62494596639,-62114.0,,20260115
037440,4355,4390,4320,4390,25910,112824590,0.0,61119665250,28199660.0,,20260115
238490,3450,3465,3360,3375,18007,61093580,-2.88,38178796500,-22140169.0,,20260115
